[2026-01-23 16:09:06] INFO: [PIPELINE] args: office=H state=NJ district=08
[2026-01-23 16:09:06] INFO: [PIPELINE] WINPROB_DIR resolved to: /home/ubuntu/apps/election-app/win_prob/H/NJ/08
[2026-01-23 16:09:06] INFO: [PIPELINE] OUTDIR set to: /home/ubuntu/apps/election-app/win_prob/H/NJ/08

$ /home/ubuntu/.venv/bin/python3 /home/ubuntu/apps/election-app/stats/1-statewide.py --input /home/ubuntu/apps/election-app/win_prob/H/NJ/08/stats.csv --output /home/ubuntu/apps/election-app/win_prob/H/NJ/08/_work/stats_with_statewide.csv
Wrote /home/ubuntu/apps/election-app/win_prob/H/NJ/08/_work/stats_with_statewide.csv (rows=3)

$ /home/ubuntu/.venv/bin/python3 /home/ubuntu/apps/election-app/stats/1-stats-2.py --input /home/ubuntu/apps/election-app/win_prob/H/NJ/08/stats2.csv --output /home/ubuntu/apps/election-app/win_prob/H/NJ/08/_work/stats2_final_headers.csv
Wrote /home/ubuntu/apps/election-app/win_prob/H/NJ/08/_work/stats2_final_headers.csv (rows=3)

$ /home/ubuntu/.venv/bin/python3 /home/ubuntu/apps/election-app/stats/1-append-new.py
Wrote 2024_county_results_with_final-old.csv (rows=3, missing_final_matches=0)

$ /home/ubuntu/.venv/bin/python3 /home/ubuntu/apps/election-app/stats/1-change_header.py
Wrote: 2024_county_results_with_final.csv

$ /home/ubuntu/.venv/bin/python3 /home/ubuntu/apps/election-app/stats/1-cut-zero-fips.py
Wrote: 2024_county_results_with_final_1.csv
Rows before: 3
Rows after:  3
Dropped (fips == 0): 0

$ /home/ubuntu/.venv/bin/python3 /home/ubuntu/apps/election-app/stats/2-calc.py
Wrote 3 rows with calculations to /home/ubuntu/apps/election-app/win_prob/H/NJ/08/_work/2024_county_results_with_calcs-old.csv

$ /home/ubuntu/.venv/bin/python3 /home/ubuntu/apps/election-app/stats/2-eevp.py
Wrote (no-op copy): 2024_county_results_with_calcs.csv
Columns:
 - timestamp
 - state
 - county
 - fips
 - trump_votes
 - harris_votes
 - other_votes
 - eevp
 - state_eevp
 - harris_votes_statewide
 - trump_votes_statewide
 - other_votes_statewide
 - final_state
 - final_county
 - final_fips
 - final_trump_votes
 - final_harris_votes
 - final_other_votes
 - harris_percent_snapshot
 - trump_percent_snapshot
 - margin_snapshot
 - harris_percent_final
 - trump_percent_final
 - margin_final
 - margin_difference
 - margin_difference_abs

$ /home/ubuntu/.venv/bin/python3 /home/ubuntu/apps/election-app/stats/3-calc-new.py
Wrote 3 rows with new columns to /home/ubuntu/apps/election-app/win_prob/H/NJ/08/_work/2024_county_results_with_calcs_new.csv

$ /home/ubuntu/.venv/bin/python3 /home/ubuntu/apps/election-app/stats/4-stats.py
Reading 2024_county_results_with_calcs_new.csv...
Aggregating statewide totals...
Calculating percentages and margins...
Writing to output_statewide_stats.csv...
Done!
[2026-01-23 16:09:16] INFO: [PIPELINE] ENTER win-prob generation | states=['NJ'] ts_list=['2024-11-05T15-30-22']

============================================================================
[01/1] STATE = NJ
============================================================================

$ /home/ubuntu/.venv/bin/python3 /home/ubuntu/apps/election-app/stats/5-snapshots.py --state NJ --input /home/ubuntu/apps/election-app/win_prob/H/NJ/08/_work/output_statewide_stats.csv --output /home/ubuntu/apps/election-app/win_prob/H/NJ/08/snapshots_NJ.csv --start 2024-11-05T15-30-22 --end 2024-11-05T15-30-22 --use-window 1 --interval 30
Mode: windowed-one-state
Rows written: 3
Distinct states in output: NJ
Rows per normalized timestamp (empty = unparseable):
  2024-11-05T15-30-22: 3
Wrote /home/ubuntu/apps/election-app/win_prob/H/NJ/08/snapshots_NJ.csv

$ /home/ubuntu/.venv/bin/python3 /home/ubuntu/apps/election-app/stats/6-pval.py /home/ubuntu/apps/election-app/win_prob/H/NJ/08/snapshots_NJ.csv -t /home/ubuntu/apps/election-app/stats/parameters.csv -o /home/ubuntu/apps/election-app/win_prob/H/NJ/08/data_output_NJ.csv -c 50
Done. Wrote: /home/ubuntu/apps/election-app/win_prob/H/NJ/08/data_output_NJ.csv
Total rows: 3 (chunked, resumable).
Computed columns for PVALS = [0.01, 0.1, 1, 2, 3, 5, 10, 15, 20, 25, 30, 35, 40, 45, 50, 55, 60, 65, 70, 75, 80, 85, 90, 95, 97, 98, 99, 99.9, 99.99]
Per p (leader): shift_{p}, margin_new_{p}, harris_percent_new_{p}, trump_percent_new_{p}, total_snapshot_{p}, total_expected_{p}, harris_votes_new_{p}, trump_votes_new_{p}
Per p (trailing): shift_trailing_{p}, margin_new_{p}_trailing, harris_percent_new_{p}_trailing, trump_percent_new_{p}_trailing, total_snapshot_{p}_trailing, total_expected_{p}_trailing, harris_votes_new_{p}_trailing, trump_votes_new_{p}_trailing
Checkpoint saved at: /home/ubuntu/apps/election-app/win_prob/H/NJ/08/data_output_NJ.csv.checkpoint.json

$ /home/ubuntu/.venv/bin/python3 /home/ubuntu/apps/election-app/stats/7-margin-new.py
Wrote data_output_with_margins_old.csv

$ /home/ubuntu/.venv/bin/python3 /home/ubuntu/apps/election-app/stats/7-eevp-statewide.py
Wrote data_output_with_margins.csv (copied from data_output_with_margins_old.csv)

$ /home/ubuntu/.venv/bin/python3 /home/ubuntu/apps/election-app/stats/7.py --input /home/ubuntu/apps/election-app/win_prob/H/NJ/08/data_output_NJ_with_margins_statewide_eevp.csv --output /home/ubuntu/apps/election-app/win_prob/H/NJ/08/statewide_margin_pct_vs_percent_NJ_2026.png --state NJ --start 2024-11-05T15-30-22 --end 2024-11-05T15-30-22 --stats /home/ubuntu/apps/election-app/win_prob/H/NJ/08/stats.csv --stats2 /home/ubuntu/apps/election-app/win_prob/H/NJ/08/stats2.csv --interval 30 --year 2026 --jsonl /home/ubuntu/apps/election-app/win_prob/H/NJ/08/plotdata_NJ_2026_2026-01-23T16-09-06.jsonl
[info] evaluating 1 timestamps from 2024-11-05T15-30-22 to 2024-11-05T15-30-22 every 30 minutes
[saved] probs_timeseries_NJ.csv  (1 points)
[saved] /home/ubuntu/apps/election-app/win_prob/H/NJ/08/plotdata_NJ_2026_2026-01-23T16-09-06.jsonl  (0 points)
[saved] /home/ubuntu/apps/election-app/win_prob/H/NJ/08/statewide_margin_pct_vs_percent_NJ_2026_box.json
[saved] /home/ubuntu/apps/election-app/win_prob/H/NJ/08/statewide_margin_pct_vs_percent_NJ_2026_box.png
[saved] /home/ubuntu/apps/election-app/win_prob/H/NJ/08/statewide_margin_pct_vs_percent_NJ_2026.png

All 50 states complete. See: /home/ubuntu/apps/election-app/win_prob/H/NJ/08

$ /home/ubuntu/.venv/bin/python3 /home/ubuntu/apps/election-app/stats/8.py --root /home/ubuntu/apps/election-app/win_prob/H/NJ/08/_work --outdir /home/ubuntu/apps/election-app/win_prob/H/NJ/08
[info] root  = /home/ubuntu/apps/election-app/win_prob/H/NJ/08/_work
[info] outdir= /home/ubuntu/apps/election-app/win_prob/H/NJ/08
[deleted] /home/ubuntu/apps/election-app/win_prob/H/NJ/08/_work/stats_with_statewide.csv
[deleted] /home/ubuntu/apps/election-app/win_prob/H/NJ/08/_work/stats2_final_headers.csv
[deleted] /home/ubuntu/apps/election-app/win_prob/H/NJ/08/_work/2024_county_results_with_final-old.csv
[deleted] /home/ubuntu/apps/election-app/win_prob/H/NJ/08/_work/2024_county_results_with_final.csv
[deleted] /home/ubuntu/apps/election-app/win_prob/H/NJ/08/_work/2024_county_results_with_final_1.csv
[deleted] /home/ubuntu/apps/election-app/win_prob/H/NJ/08/_work/2024_county_results_with_calcs-old.csv
[deleted] /home/ubuntu/apps/election-app/win_prob/H/NJ/08/_work/2024_county_results_with_calcs_new.csv
[deleted] /home/ubuntu/apps/election-app/win_prob/H/NJ/08/_work/output_statewide_stats.csv
[skip]    /home/ubuntu/apps/election-app/win_prob/H/NJ/08/_work/probs_timeseries_PA.csv
[deleted] /home/ubuntu/apps/election-app/win_prob/H/NJ/08/_work/2024_county_results_with_calcs.csv
[skip]    /home/ubuntu/apps/election-app/win_prob/H/NJ/08/data_output.csv
[skip]    /home/ubuntu/apps/election-app/win_prob/H/NJ/08/data_output_with_margins_old.csv
[skip]    /home/ubuntu/apps/election-app/win_prob/H/NJ/08/data_output_with_margins.csv
[skip]    /home/ubuntu/apps/election-app/win_prob/H/NJ/08/data_output_with_margins-statewide.csv
[deleted] /home/ubuntu/apps/election-app/win_prob/H/NJ/08/snapshots_NJ.csv
[deleted] /home/ubuntu/apps/election-app/win_prob/H/NJ/08/data_output_NJ.csv
[deleted] /home/ubuntu/apps/election-app/win_prob/H/NJ/08/data_output_NJ_with_margins_statewide_eevp.csv
[deleted] /home/ubuntu/apps/election-app/win_prob/H/NJ/08/data_output_NJ_with_margins.csv
[deleted] /home/ubuntu/apps/election-app/win_prob/H/NJ/08/data_output_NJ.csv.checkpoint.json
[deleted] /home/ubuntu/apps/election-app/win_prob/H/NJ/08/stats.csv
[deleted] /home/ubuntu/apps/election-app/win_prob/H/NJ/08/stats2.csv
[done] removed 16 file(s)
[2026-01-23 16:23:10] INFO: [PIPELINE] args: office=H state=NJ district=08
[2026-01-23 16:23:10] INFO: [PIPELINE] WINPROB_DIR resolved to: /home/ubuntu/apps/election-app/win_prob/H/NJ/08
[2026-01-23 16:23:10] INFO: [PIPELINE] OUTDIR set to: /home/ubuntu/apps/election-app/win_prob/H/NJ/08

$ /home/ubuntu/.venv/bin/python3 /home/ubuntu/apps/election-app/stats/1-statewide.py --input /home/ubuntu/apps/election-app/win_prob/H/NJ/08/stats.csv --output /home/ubuntu/apps/election-app/win_prob/H/NJ/08/_work/stats_with_statewide.csv
Wrote /home/ubuntu/apps/election-app/win_prob/H/NJ/08/_work/stats_with_statewide.csv (rows=3)

$ /home/ubuntu/.venv/bin/python3 /home/ubuntu/apps/election-app/stats/1-stats-2.py --input /home/ubuntu/apps/election-app/win_prob/H/NJ/08/stats2.csv --output /home/ubuntu/apps/election-app/win_prob/H/NJ/08/_work/stats2_final_headers.csv
Wrote /home/ubuntu/apps/election-app/win_prob/H/NJ/08/_work/stats2_final_headers.csv (rows=3)

$ /home/ubuntu/.venv/bin/python3 /home/ubuntu/apps/election-app/stats/1-append-new.py
Wrote 2024_county_results_with_final-old.csv (rows=3, missing_final_matches=0)

$ /home/ubuntu/.venv/bin/python3 /home/ubuntu/apps/election-app/stats/1-change_header.py
Wrote: 2024_county_results_with_final.csv

$ /home/ubuntu/.venv/bin/python3 /home/ubuntu/apps/election-app/stats/1-cut-zero-fips.py
Wrote: 2024_county_results_with_final_1.csv
Rows before: 3
Rows after:  3
Dropped (fips == 0): 0

$ /home/ubuntu/.venv/bin/python3 /home/ubuntu/apps/election-app/stats/2-calc.py
Wrote 3 rows with calculations to /home/ubuntu/apps/election-app/win_prob/H/NJ/08/_work/2024_county_results_with_calcs-old.csv

$ /home/ubuntu/.venv/bin/python3 /home/ubuntu/apps/election-app/stats/2-eevp.py
Wrote (no-op copy): 2024_county_results_with_calcs.csv
Columns:
 - timestamp
 - state
 - county
 - fips
 - trump_votes
 - harris_votes
 - other_votes
 - eevp
 - state_eevp
 - harris_votes_statewide
 - trump_votes_statewide
 - other_votes_statewide
 - final_state
 - final_county
 - final_fips
 - final_trump_votes
 - final_harris_votes
 - final_other_votes
 - harris_percent_snapshot
 - trump_percent_snapshot
 - margin_snapshot
 - harris_percent_final
 - trump_percent_final
 - margin_final
 - margin_difference
 - margin_difference_abs

$ /home/ubuntu/.venv/bin/python3 /home/ubuntu/apps/election-app/stats/3-calc-new.py
Wrote 3 rows with new columns to /home/ubuntu/apps/election-app/win_prob/H/NJ/08/_work/2024_county_results_with_calcs_new.csv

$ /home/ubuntu/.venv/bin/python3 /home/ubuntu/apps/election-app/stats/4-stats.py
Reading 2024_county_results_with_calcs_new.csv...
Aggregating statewide totals...
Calculating percentages and margins...
Writing to output_statewide_stats.csv...
Done!
[2026-01-23 16:23:20] INFO: [PIPELINE] ENTER win-prob generation | states=['NJ'] ts_list=['2024-11-05T15-30-22']

============================================================================
[01/1] STATE = NJ
============================================================================

$ /home/ubuntu/.venv/bin/python3 /home/ubuntu/apps/election-app/stats/5-snapshots.py --state NJ --input /home/ubuntu/apps/election-app/win_prob/H/NJ/08/_work/output_statewide_stats.csv --output /home/ubuntu/apps/election-app/win_prob/H/NJ/08/snapshots_NJ.csv --start 2024-11-05T15-30-22 --end 2024-11-05T15-30-22 --use-window 1 --interval 30
Mode: windowed-one-state
Rows written: 3
Distinct states in output: NJ
Rows per normalized timestamp (empty = unparseable):
  2024-11-05T15-30-22: 3
Wrote /home/ubuntu/apps/election-app/win_prob/H/NJ/08/snapshots_NJ.csv

$ /home/ubuntu/.venv/bin/python3 /home/ubuntu/apps/election-app/stats/6-pval.py /home/ubuntu/apps/election-app/win_prob/H/NJ/08/snapshots_NJ.csv -t /home/ubuntu/apps/election-app/stats/parameters.csv -o /home/ubuntu/apps/election-app/win_prob/H/NJ/08/data_output_NJ.csv -c 50
Done. Wrote: /home/ubuntu/apps/election-app/win_prob/H/NJ/08/data_output_NJ.csv
Total rows: 3 (chunked, resumable).
Computed columns for PVALS = [0.01, 0.1, 1, 2, 3, 5, 10, 15, 20, 25, 30, 35, 40, 45, 50, 55, 60, 65, 70, 75, 80, 85, 90, 95, 97, 98, 99, 99.9, 99.99]
Per p (leader): shift_{p}, margin_new_{p}, harris_percent_new_{p}, trump_percent_new_{p}, total_snapshot_{p}, total_expected_{p}, harris_votes_new_{p}, trump_votes_new_{p}
Per p (trailing): shift_trailing_{p}, margin_new_{p}_trailing, harris_percent_new_{p}_trailing, trump_percent_new_{p}_trailing, total_snapshot_{p}_trailing, total_expected_{p}_trailing, harris_votes_new_{p}_trailing, trump_votes_new_{p}_trailing
Checkpoint saved at: /home/ubuntu/apps/election-app/win_prob/H/NJ/08/data_output_NJ.csv.checkpoint.json

$ /home/ubuntu/.venv/bin/python3 /home/ubuntu/apps/election-app/stats/7-margin-new.py
Wrote data_output_with_margins_old.csv

$ /home/ubuntu/.venv/bin/python3 /home/ubuntu/apps/election-app/stats/7-eevp-statewide.py
Wrote data_output_with_margins.csv (copied from data_output_with_margins_old.csv)

$ /home/ubuntu/.venv/bin/python3 /home/ubuntu/apps/election-app/stats/7.py --input /home/ubuntu/apps/election-app/win_prob/H/NJ/08/data_output_NJ_with_margins_statewide_eevp.csv --output /home/ubuntu/apps/election-app/win_prob/H/NJ/08/statewide_margin_pct_vs_percent_NJ_2026.png --state NJ --start 2024-11-05T15-30-22 --end 2024-11-05T15-30-22 --stats /home/ubuntu/apps/election-app/win_prob/H/NJ/08/stats.csv --stats2 /home/ubuntu/apps/election-app/win_prob/H/NJ/08/stats2.csv --interval 30 --year 2026 --jsonl /home/ubuntu/apps/election-app/win_prob/H/NJ/08/plotdata_NJ_2026_2026-01-23T16-23-10.jsonl
[info] evaluating 1 timestamps from 2024-11-05T15-30-22 to 2024-11-05T15-30-22 every 30 minutes
[saved] probs_timeseries_NJ.csv  (1 points)
[saved] /home/ubuntu/apps/election-app/win_prob/H/NJ/08/plotdata_NJ_2026_2026-01-23T16-23-10.jsonl  (4 points)
[saved] /home/ubuntu/apps/election-app/win_prob/H/NJ/08/statewide_margin_pct_vs_percent_NJ_2026_box.json
[saved] /home/ubuntu/apps/election-app/win_prob/H/NJ/08/statewide_margin_pct_vs_percent_NJ_2026_box.png
[saved] /home/ubuntu/apps/election-app/win_prob/H/NJ/08/statewide_margin_pct_vs_percent_NJ_2026.png

All 50 states complete. See: /home/ubuntu/apps/election-app/win_prob/H/NJ/08

$ /home/ubuntu/.venv/bin/python3 /home/ubuntu/apps/election-app/stats/8.py --root /home/ubuntu/apps/election-app/win_prob/H/NJ/08/_work --outdir /home/ubuntu/apps/election-app/win_prob/H/NJ/08
[info] root  = /home/ubuntu/apps/election-app/win_prob/H/NJ/08/_work
[info] outdir= /home/ubuntu/apps/election-app/win_prob/H/NJ/08
[deleted] /home/ubuntu/apps/election-app/win_prob/H/NJ/08/_work/stats_with_statewide.csv
[deleted] /home/ubuntu/apps/election-app/win_prob/H/NJ/08/_work/stats2_final_headers.csv
[deleted] /home/ubuntu/apps/election-app/win_prob/H/NJ/08/_work/2024_county_results_with_final-old.csv
[deleted] /home/ubuntu/apps/election-app/win_prob/H/NJ/08/_work/2024_county_results_with_final.csv
[deleted] /home/ubuntu/apps/election-app/win_prob/H/NJ/08/_work/2024_county_results_with_final_1.csv
[deleted] /home/ubuntu/apps/election-app/win_prob/H/NJ/08/_work/2024_county_results_with_calcs-old.csv
[deleted] /home/ubuntu/apps/election-app/win_prob/H/NJ/08/_work/2024_county_results_with_calcs_new.csv
[deleted] /home/ubuntu/apps/election-app/win_prob/H/NJ/08/_work/output_statewide_stats.csv
[skip]    /home/ubuntu/apps/election-app/win_prob/H/NJ/08/_work/probs_timeseries_PA.csv
[deleted] /home/ubuntu/apps/election-app/win_prob/H/NJ/08/_work/2024_county_results_with_calcs.csv
[skip]    /home/ubuntu/apps/election-app/win_prob/H/NJ/08/data_output.csv
[skip]    /home/ubuntu/apps/election-app/win_prob/H/NJ/08/data_output_with_margins_old.csv
[skip]    /home/ubuntu/apps/election-app/win_prob/H/NJ/08/data_output_with_margins.csv
[skip]    /home/ubuntu/apps/election-app/win_prob/H/NJ/08/data_output_with_margins-statewide.csv
[deleted] /home/ubuntu/apps/election-app/win_prob/H/NJ/08/snapshots_NJ.csv
[deleted] /home/ubuntu/apps/election-app/win_prob/H/NJ/08/data_output_NJ.csv
[deleted] /home/ubuntu/apps/election-app/win_prob/H/NJ/08/data_output_NJ_with_margins_statewide_eevp.csv
[deleted] /home/ubuntu/apps/election-app/win_prob/H/NJ/08/data_output_NJ_with_margins.csv
[deleted] /home/ubuntu/apps/election-app/win_prob/H/NJ/08/data_output_NJ.csv.checkpoint.json
[deleted] /home/ubuntu/apps/election-app/win_prob/H/NJ/08/stats.csv
[deleted] /home/ubuntu/apps/election-app/win_prob/H/NJ/08/stats2.csv
[done] removed 16 file(s)
[2026-01-23 16:30:13] INFO: [PIPELINE] args: office=H state=NJ district=08
[2026-01-23 16:30:13] INFO: [PIPELINE] WINPROB_DIR resolved to: /home/ubuntu/apps/election-app/win_prob/H/NJ/08
[2026-01-23 16:30:13] INFO: [PIPELINE] OUTDIR set to: /home/ubuntu/apps/election-app/win_prob/H/NJ/08

$ /home/ubuntu/.venv/bin/python3 /home/ubuntu/apps/election-app/stats/1-statewide.py --input /home/ubuntu/apps/election-app/win_prob/H/NJ/08/stats.csv --output /home/ubuntu/apps/election-app/win_prob/H/NJ/08/_work/stats_with_statewide.csv
Wrote /home/ubuntu/apps/election-app/win_prob/H/NJ/08/_work/stats_with_statewide.csv (rows=3)

$ /home/ubuntu/.venv/bin/python3 /home/ubuntu/apps/election-app/stats/1-stats-2.py --input /home/ubuntu/apps/election-app/win_prob/H/NJ/08/stats2.csv --output /home/ubuntu/apps/election-app/win_prob/H/NJ/08/_work/stats2_final_headers.csv
Wrote /home/ubuntu/apps/election-app/win_prob/H/NJ/08/_work/stats2_final_headers.csv (rows=3)

$ /home/ubuntu/.venv/bin/python3 /home/ubuntu/apps/election-app/stats/1-append-new.py
Wrote 2024_county_results_with_final-old.csv (rows=3, missing_final_matches=0)

$ /home/ubuntu/.venv/bin/python3 /home/ubuntu/apps/election-app/stats/1-change_header.py
Wrote: 2024_county_results_with_final.csv

$ /home/ubuntu/.venv/bin/python3 /home/ubuntu/apps/election-app/stats/1-cut-zero-fips.py
Wrote: 2024_county_results_with_final_1.csv
Rows before: 3
Rows after:  3
Dropped (fips == 0): 0

$ /home/ubuntu/.venv/bin/python3 /home/ubuntu/apps/election-app/stats/2-calc.py
Wrote 3 rows with calculations to /home/ubuntu/apps/election-app/win_prob/H/NJ/08/_work/2024_county_results_with_calcs-old.csv

$ /home/ubuntu/.venv/bin/python3 /home/ubuntu/apps/election-app/stats/2-eevp.py
Wrote (no-op copy): 2024_county_results_with_calcs.csv
Columns:
 - timestamp
 - state
 - county
 - fips
 - trump_votes
 - harris_votes
 - other_votes
 - eevp
 - state_eevp
 - harris_votes_statewide
 - trump_votes_statewide
 - other_votes_statewide
 - final_state
 - final_county
 - final_fips
 - final_trump_votes
 - final_harris_votes
 - final_other_votes
 - harris_percent_snapshot
 - trump_percent_snapshot
 - margin_snapshot
 - harris_percent_final
 - trump_percent_final
 - margin_final
 - margin_difference
 - margin_difference_abs

$ /home/ubuntu/.venv/bin/python3 /home/ubuntu/apps/election-app/stats/3-calc-new.py
Wrote 3 rows with new columns to /home/ubuntu/apps/election-app/win_prob/H/NJ/08/_work/2024_county_results_with_calcs_new.csv

$ /home/ubuntu/.venv/bin/python3 /home/ubuntu/apps/election-app/stats/4-stats.py
Reading 2024_county_results_with_calcs_new.csv...
Aggregating statewide totals...
Calculating percentages and margins...
Writing to output_statewide_stats.csv...
Done!
[2026-01-23 16:30:22] INFO: [PIPELINE] ENTER win-prob generation | states=['NJ'] ts_list=['2024-11-05T15-30-22']

============================================================================
[01/1] STATE = NJ
============================================================================

$ /home/ubuntu/.venv/bin/python3 /home/ubuntu/apps/election-app/stats/5-snapshots.py --state NJ --input /home/ubuntu/apps/election-app/win_prob/H/NJ/08/_work/output_statewide_stats.csv --output /home/ubuntu/apps/election-app/win_prob/H/NJ/08/snapshots_NJ.csv --start 2024-11-05T15-30-22 --end 2024-11-05T15-30-22 --use-window 1 --interval 30
Mode: windowed-one-state
Rows written: 3
Distinct states in output: NJ
Rows per normalized timestamp (empty = unparseable):
  2024-11-05T15-30-22: 3
Wrote /home/ubuntu/apps/election-app/win_prob/H/NJ/08/snapshots_NJ.csv

$ /home/ubuntu/.venv/bin/python3 /home/ubuntu/apps/election-app/stats/6-pval.py /home/ubuntu/apps/election-app/win_prob/H/NJ/08/snapshots_NJ.csv -t /home/ubuntu/apps/election-app/stats/parameters.csv -o /home/ubuntu/apps/election-app/win_prob/H/NJ/08/data_output_NJ.csv -c 50
Done. Wrote: /home/ubuntu/apps/election-app/win_prob/H/NJ/08/data_output_NJ.csv
Total rows: 3 (chunked, resumable).
Computed columns for PVALS = [0.01, 0.1, 1, 2, 3, 5, 10, 15, 20, 25, 30, 35, 40, 45, 50, 55, 60, 65, 70, 75, 80, 85, 90, 95, 97, 98, 99, 99.9, 99.99]
Per p (leader): shift_{p}, margin_new_{p}, harris_percent_new_{p}, trump_percent_new_{p}, total_snapshot_{p}, total_expected_{p}, harris_votes_new_{p}, trump_votes_new_{p}
Per p (trailing): shift_trailing_{p}, margin_new_{p}_trailing, harris_percent_new_{p}_trailing, trump_percent_new_{p}_trailing, total_snapshot_{p}_trailing, total_expected_{p}_trailing, harris_votes_new_{p}_trailing, trump_votes_new_{p}_trailing
Checkpoint saved at: /home/ubuntu/apps/election-app/win_prob/H/NJ/08/data_output_NJ.csv.checkpoint.json

$ /home/ubuntu/.venv/bin/python3 /home/ubuntu/apps/election-app/stats/7-margin-new.py
Wrote data_output_with_margins_old.csv

$ /home/ubuntu/.venv/bin/python3 /home/ubuntu/apps/election-app/stats/7-eevp-statewide.py
Wrote data_output_with_margins.csv (copied from data_output_with_margins_old.csv)

$ /home/ubuntu/.venv/bin/python3 /home/ubuntu/apps/election-app/stats/7.py --input /home/ubuntu/apps/election-app/win_prob/H/NJ/08/data_output_NJ_with_margins_statewide_eevp.csv --output /home/ubuntu/apps/election-app/win_prob/H/NJ/08/statewide_margin_pct_vs_percent_NJ_2026.png --state NJ --start 2024-11-05T15-30-22 --end 2024-11-05T15-30-22 --stats /home/ubuntu/apps/election-app/win_prob/H/NJ/08/stats.csv --stats2 /home/ubuntu/apps/election-app/win_prob/H/NJ/08/stats2.csv --interval 30 --year 2026 --jsonl /home/ubuntu/apps/election-app/win_prob/H/NJ/08/plotdata_NJ_2026_2026-01-23T16-30-13.jsonl
[info] evaluating 1 timestamps from 2024-11-05T15-30-22 to 2024-11-05T15-30-22 every 30 minutes
[saved] probs_timeseries_NJ.csv  (1 points)
[saved] /home/ubuntu/apps/election-app/win_prob/H/NJ/08/plotdata_NJ_2026_2026-01-23T16-30-13.jsonl  (4 points)
[saved] /home/ubuntu/apps/election-app/win_prob/H/NJ/08/statewide_margin_pct_vs_percent_NJ_2026_box.json
[saved] /home/ubuntu/apps/election-app/win_prob/H/NJ/08/statewide_margin_pct_vs_percent_NJ_2026_box.png
[saved] /home/ubuntu/apps/election-app/win_prob/H/NJ/08/statewide_margin_pct_vs_percent_NJ_2026.png

All 50 states complete. See: /home/ubuntu/apps/election-app/win_prob/H/NJ/08

$ /home/ubuntu/.venv/bin/python3 /home/ubuntu/apps/election-app/stats/8.py --root /home/ubuntu/apps/election-app/win_prob/H/NJ/08/_work --outdir /home/ubuntu/apps/election-app/win_prob/H/NJ/08
[info] root  = /home/ubuntu/apps/election-app/win_prob/H/NJ/08/_work
[info] outdir= /home/ubuntu/apps/election-app/win_prob/H/NJ/08
[deleted] /home/ubuntu/apps/election-app/win_prob/H/NJ/08/_work/stats_with_statewide.csv
[deleted] /home/ubuntu/apps/election-app/win_prob/H/NJ/08/_work/stats2_final_headers.csv
[deleted] /home/ubuntu/apps/election-app/win_prob/H/NJ/08/_work/2024_county_results_with_final-old.csv
[deleted] /home/ubuntu/apps/election-app/win_prob/H/NJ/08/_work/2024_county_results_with_final.csv
[deleted] /home/ubuntu/apps/election-app/win_prob/H/NJ/08/_work/2024_county_results_with_final_1.csv
[deleted] /home/ubuntu/apps/election-app/win_prob/H/NJ/08/_work/2024_county_results_with_calcs-old.csv
[deleted] /home/ubuntu/apps/election-app/win_prob/H/NJ/08/_work/2024_county_results_with_calcs_new.csv
[deleted] /home/ubuntu/apps/election-app/win_prob/H/NJ/08/_work/output_statewide_stats.csv
[skip]    /home/ubuntu/apps/election-app/win_prob/H/NJ/08/_work/probs_timeseries_PA.csv
[deleted] /home/ubuntu/apps/election-app/win_prob/H/NJ/08/_work/2024_county_results_with_calcs.csv
[skip]    /home/ubuntu/apps/election-app/win_prob/H/NJ/08/data_output.csv
[skip]    /home/ubuntu/apps/election-app/win_prob/H/NJ/08/data_output_with_margins_old.csv
[skip]    /home/ubuntu/apps/election-app/win_prob/H/NJ/08/data_output_with_margins.csv
[skip]    /home/ubuntu/apps/election-app/win_prob/H/NJ/08/data_output_with_margins-statewide.csv
[deleted] /home/ubuntu/apps/election-app/win_prob/H/NJ/08/snapshots_NJ.csv
[deleted] /home/ubuntu/apps/election-app/win_prob/H/NJ/08/data_output_NJ.csv
[deleted] /home/ubuntu/apps/election-app/win_prob/H/NJ/08/data_output_NJ_with_margins_statewide_eevp.csv
[deleted] /home/ubuntu/apps/election-app/win_prob/H/NJ/08/data_output_NJ_with_margins.csv
[deleted] /home/ubuntu/apps/election-app/win_prob/H/NJ/08/data_output_NJ.csv.checkpoint.json
[deleted] /home/ubuntu/apps/election-app/win_prob/H/NJ/08/stats.csv
[deleted] /home/ubuntu/apps/election-app/win_prob/H/NJ/08/stats2.csv
[done] removed 16 file(s)
[2026-01-23 16:37:13] INFO: [PIPELINE] args: office=H state=NJ district=08
[2026-01-23 16:37:13] INFO: [PIPELINE] WINPROB_DIR resolved to: /home/ubuntu/apps/election-app/win_prob/H/NJ/08
[2026-01-23 16:37:13] INFO: [PIPELINE] OUTDIR set to: /home/ubuntu/apps/election-app/win_prob/H/NJ/08

$ /home/ubuntu/.venv/bin/python3 /home/ubuntu/apps/election-app/stats/1-statewide.py --input /home/ubuntu/apps/election-app/win_prob/H/NJ/08/stats.csv --output /home/ubuntu/apps/election-app/win_prob/H/NJ/08/_work/stats_with_statewide.csv
Wrote /home/ubuntu/apps/election-app/win_prob/H/NJ/08/_work/stats_with_statewide.csv (rows=3)

$ /home/ubuntu/.venv/bin/python3 /home/ubuntu/apps/election-app/stats/1-stats-2.py --input /home/ubuntu/apps/election-app/win_prob/H/NJ/08/stats2.csv --output /home/ubuntu/apps/election-app/win_prob/H/NJ/08/_work/stats2_final_headers.csv
Wrote /home/ubuntu/apps/election-app/win_prob/H/NJ/08/_work/stats2_final_headers.csv (rows=3)

$ /home/ubuntu/.venv/bin/python3 /home/ubuntu/apps/election-app/stats/1-append-new.py
Wrote 2024_county_results_with_final-old.csv (rows=3, missing_final_matches=0)

$ /home/ubuntu/.venv/bin/python3 /home/ubuntu/apps/election-app/stats/1-change_header.py
Wrote: 2024_county_results_with_final.csv

$ /home/ubuntu/.venv/bin/python3 /home/ubuntu/apps/election-app/stats/1-cut-zero-fips.py
Wrote: 2024_county_results_with_final_1.csv
Rows before: 3
Rows after:  3
Dropped (fips == 0): 0

$ /home/ubuntu/.venv/bin/python3 /home/ubuntu/apps/election-app/stats/2-calc.py
Wrote 3 rows with calculations to /home/ubuntu/apps/election-app/win_prob/H/NJ/08/_work/2024_county_results_with_calcs-old.csv

$ /home/ubuntu/.venv/bin/python3 /home/ubuntu/apps/election-app/stats/2-eevp.py
Wrote (no-op copy): 2024_county_results_with_calcs.csv
Columns:
 - timestamp
 - state
 - county
 - fips
 - trump_votes
 - harris_votes
 - other_votes
 - eevp
 - state_eevp
 - harris_votes_statewide
 - trump_votes_statewide
 - other_votes_statewide
 - final_state
 - final_county
 - final_fips
 - final_trump_votes
 - final_harris_votes
 - final_other_votes
 - harris_percent_snapshot
 - trump_percent_snapshot
 - margin_snapshot
 - harris_percent_final
 - trump_percent_final
 - margin_final
 - margin_difference
 - margin_difference_abs

$ /home/ubuntu/.venv/bin/python3 /home/ubuntu/apps/election-app/stats/3-calc-new.py
Wrote 3 rows with new columns to /home/ubuntu/apps/election-app/win_prob/H/NJ/08/_work/2024_county_results_with_calcs_new.csv

$ /home/ubuntu/.venv/bin/python3 /home/ubuntu/apps/election-app/stats/4-stats.py
Reading 2024_county_results_with_calcs_new.csv...
Aggregating statewide totals...
Calculating percentages and margins...
Writing to output_statewide_stats.csv...
Done!
[2026-01-23 16:37:22] INFO: [PIPELINE] ENTER win-prob generation | states=['NJ'] ts_list=['2024-11-05T15-30-22']

============================================================================
[01/1] STATE = NJ
============================================================================

$ /home/ubuntu/.venv/bin/python3 /home/ubuntu/apps/election-app/stats/5-snapshots.py --state NJ --input /home/ubuntu/apps/election-app/win_prob/H/NJ/08/_work/output_statewide_stats.csv --output /home/ubuntu/apps/election-app/win_prob/H/NJ/08/snapshots_NJ.csv --start 2024-11-05T15-30-22 --end 2024-11-05T15-30-22 --use-window 1 --interval 30
Mode: windowed-one-state
Rows written: 3
Distinct states in output: NJ
Rows per normalized timestamp (empty = unparseable):
  2024-11-05T15-30-22: 3
Wrote /home/ubuntu/apps/election-app/win_prob/H/NJ/08/snapshots_NJ.csv

$ /home/ubuntu/.venv/bin/python3 /home/ubuntu/apps/election-app/stats/6-pval.py /home/ubuntu/apps/election-app/win_prob/H/NJ/08/snapshots_NJ.csv -t /home/ubuntu/apps/election-app/stats/parameters.csv -o /home/ubuntu/apps/election-app/win_prob/H/NJ/08/data_output_NJ.csv -c 50
Done. Wrote: /home/ubuntu/apps/election-app/win_prob/H/NJ/08/data_output_NJ.csv
Total rows: 3 (chunked, resumable).
Computed columns for PVALS = [0.01, 0.1, 1, 2, 3, 5, 10, 15, 20, 25, 30, 35, 40, 45, 50, 55, 60, 65, 70, 75, 80, 85, 90, 95, 97, 98, 99, 99.9, 99.99]
Per p (leader): shift_{p}, margin_new_{p}, harris_percent_new_{p}, trump_percent_new_{p}, total_snapshot_{p}, total_expected_{p}, harris_votes_new_{p}, trump_votes_new_{p}
Per p (trailing): shift_trailing_{p}, margin_new_{p}_trailing, harris_percent_new_{p}_trailing, trump_percent_new_{p}_trailing, total_snapshot_{p}_trailing, total_expected_{p}_trailing, harris_votes_new_{p}_trailing, trump_votes_new_{p}_trailing
Checkpoint saved at: /home/ubuntu/apps/election-app/win_prob/H/NJ/08/data_output_NJ.csv.checkpoint.json

$ /home/ubuntu/.venv/bin/python3 /home/ubuntu/apps/election-app/stats/7-margin-new.py
Wrote data_output_with_margins_old.csv

$ /home/ubuntu/.venv/bin/python3 /home/ubuntu/apps/election-app/stats/7-eevp-statewide.py
Wrote data_output_with_margins.csv (copied from data_output_with_margins_old.csv)

$ /home/ubuntu/.venv/bin/python3 /home/ubuntu/apps/election-app/stats/7.py --input /home/ubuntu/apps/election-app/win_prob/H/NJ/08/data_output_NJ_with_margins_statewide_eevp.csv --output /home/ubuntu/apps/election-app/win_prob/H/NJ/08/statewide_margin_pct_vs_percent_NJ_2026.png --state NJ --start 2024-11-05T15-30-22 --end 2024-11-05T15-30-22 --stats /home/ubuntu/apps/election-app/win_prob/H/NJ/08/stats.csv --stats2 /home/ubuntu/apps/election-app/win_prob/H/NJ/08/stats2.csv --interval 30 --year 2026 --jsonl /home/ubuntu/apps/election-app/win_prob/H/NJ/08/plotdata_NJ_2026_2026-01-23T16-37-13.jsonl
[info] evaluating 1 timestamps from 2024-11-05T15-30-22 to 2024-11-05T15-30-22 every 30 minutes
[saved] probs_timeseries_NJ.csv  (1 points)
[saved] /home/ubuntu/apps/election-app/win_prob/H/NJ/08/plotdata_NJ_2026_2026-01-23T16-37-13.jsonl  (4 points)
[saved] /home/ubuntu/apps/election-app/win_prob/H/NJ/08/statewide_margin_pct_vs_percent_NJ_2026_box.json
[saved] /home/ubuntu/apps/election-app/win_prob/H/NJ/08/statewide_margin_pct_vs_percent_NJ_2026_box.png
[saved] /home/ubuntu/apps/election-app/win_prob/H/NJ/08/statewide_margin_pct_vs_percent_NJ_2026.png

All 50 states complete. See: /home/ubuntu/apps/election-app/win_prob/H/NJ/08

$ /home/ubuntu/.venv/bin/python3 /home/ubuntu/apps/election-app/stats/8.py --root /home/ubuntu/apps/election-app/win_prob/H/NJ/08/_work --outdir /home/ubuntu/apps/election-app/win_prob/H/NJ/08
[info] root  = /home/ubuntu/apps/election-app/win_prob/H/NJ/08/_work
[info] outdir= /home/ubuntu/apps/election-app/win_prob/H/NJ/08
[deleted] /home/ubuntu/apps/election-app/win_prob/H/NJ/08/_work/stats_with_statewide.csv
[deleted] /home/ubuntu/apps/election-app/win_prob/H/NJ/08/_work/stats2_final_headers.csv
[deleted] /home/ubuntu/apps/election-app/win_prob/H/NJ/08/_work/2024_county_results_with_final-old.csv
[deleted] /home/ubuntu/apps/election-app/win_prob/H/NJ/08/_work/2024_county_results_with_final.csv
[deleted] /home/ubuntu/apps/election-app/win_prob/H/NJ/08/_work/2024_county_results_with_final_1.csv
[deleted] /home/ubuntu/apps/election-app/win_prob/H/NJ/08/_work/2024_county_results_with_calcs-old.csv
[deleted] /home/ubuntu/apps/election-app/win_prob/H/NJ/08/_work/2024_county_results_with_calcs_new.csv
[deleted] /home/ubuntu/apps/election-app/win_prob/H/NJ/08/_work/output_statewide_stats.csv
[skip]    /home/ubuntu/apps/election-app/win_prob/H/NJ/08/_work/probs_timeseries_PA.csv
[deleted] /home/ubuntu/apps/election-app/win_prob/H/NJ/08/_work/2024_county_results_with_calcs.csv
[skip]    /home/ubuntu/apps/election-app/win_prob/H/NJ/08/data_output.csv
[skip]    /home/ubuntu/apps/election-app/win_prob/H/NJ/08/data_output_with_margins_old.csv
[skip]    /home/ubuntu/apps/election-app/win_prob/H/NJ/08/data_output_with_margins.csv
[skip]    /home/ubuntu/apps/election-app/win_prob/H/NJ/08/data_output_with_margins-statewide.csv
[deleted] /home/ubuntu/apps/election-app/win_prob/H/NJ/08/snapshots_NJ.csv
[deleted] /home/ubuntu/apps/election-app/win_prob/H/NJ/08/data_output_NJ.csv
[deleted] /home/ubuntu/apps/election-app/win_prob/H/NJ/08/data_output_NJ_with_margins_statewide_eevp.csv
[deleted] /home/ubuntu/apps/election-app/win_prob/H/NJ/08/data_output_NJ_with_margins.csv
[deleted] /home/ubuntu/apps/election-app/win_prob/H/NJ/08/data_output_NJ.csv.checkpoint.json
[deleted] /home/ubuntu/apps/election-app/win_prob/H/NJ/08/stats.csv
[deleted] /home/ubuntu/apps/election-app/win_prob/H/NJ/08/stats2.csv
[done] removed 16 file(s)
[2026-01-23 16:44:18] INFO: [PIPELINE] args: office=H state=NJ district=08
[2026-01-23 16:44:18] INFO: [PIPELINE] WINPROB_DIR resolved to: /home/ubuntu/apps/election-app/win_prob/H/NJ/08
[2026-01-23 16:44:18] INFO: [PIPELINE] OUTDIR set to: /home/ubuntu/apps/election-app/win_prob/H/NJ/08

$ /home/ubuntu/.venv/bin/python3 /home/ubuntu/apps/election-app/stats/1-statewide.py --input /home/ubuntu/apps/election-app/win_prob/H/NJ/08/stats.csv --output /home/ubuntu/apps/election-app/win_prob/H/NJ/08/_work/stats_with_statewide.csv
Wrote /home/ubuntu/apps/election-app/win_prob/H/NJ/08/_work/stats_with_statewide.csv (rows=3)

$ /home/ubuntu/.venv/bin/python3 /home/ubuntu/apps/election-app/stats/1-stats-2.py --input /home/ubuntu/apps/election-app/win_prob/H/NJ/08/stats2.csv --output /home/ubuntu/apps/election-app/win_prob/H/NJ/08/_work/stats2_final_headers.csv
Wrote /home/ubuntu/apps/election-app/win_prob/H/NJ/08/_work/stats2_final_headers.csv (rows=3)

$ /home/ubuntu/.venv/bin/python3 /home/ubuntu/apps/election-app/stats/1-append-new.py
Wrote 2024_county_results_with_final-old.csv (rows=3, missing_final_matches=0)

$ /home/ubuntu/.venv/bin/python3 /home/ubuntu/apps/election-app/stats/1-change_header.py
Wrote: 2024_county_results_with_final.csv

$ /home/ubuntu/.venv/bin/python3 /home/ubuntu/apps/election-app/stats/1-cut-zero-fips.py
Wrote: 2024_county_results_with_final_1.csv
Rows before: 3
Rows after:  3
Dropped (fips == 0): 0

$ /home/ubuntu/.venv/bin/python3 /home/ubuntu/apps/election-app/stats/2-calc.py
Wrote 3 rows with calculations to /home/ubuntu/apps/election-app/win_prob/H/NJ/08/_work/2024_county_results_with_calcs-old.csv

$ /home/ubuntu/.venv/bin/python3 /home/ubuntu/apps/election-app/stats/2-eevp.py
Wrote (no-op copy): 2024_county_results_with_calcs.csv
Columns:
 - timestamp
 - state
 - county
 - fips
 - trump_votes
 - harris_votes
 - other_votes
 - eevp
 - state_eevp
 - harris_votes_statewide
 - trump_votes_statewide
 - other_votes_statewide
 - final_state
 - final_county
 - final_fips
 - final_trump_votes
 - final_harris_votes
 - final_other_votes
 - harris_percent_snapshot
 - trump_percent_snapshot
 - margin_snapshot
 - harris_percent_final
 - trump_percent_final
 - margin_final
 - margin_difference
 - margin_difference_abs

$ /home/ubuntu/.venv/bin/python3 /home/ubuntu/apps/election-app/stats/3-calc-new.py
Wrote 3 rows with new columns to /home/ubuntu/apps/election-app/win_prob/H/NJ/08/_work/2024_county_results_with_calcs_new.csv

$ /home/ubuntu/.venv/bin/python3 /home/ubuntu/apps/election-app/stats/4-stats.py
Reading 2024_county_results_with_calcs_new.csv...
Aggregating statewide totals...
Calculating percentages and margins...
Writing to output_statewide_stats.csv...
Done!
[2026-01-23 16:44:28] INFO: [PIPELINE] ENTER win-prob generation | states=['NJ'] ts_list=['2024-11-05T15-30-22']

============================================================================
[01/1] STATE = NJ
============================================================================

$ /home/ubuntu/.venv/bin/python3 /home/ubuntu/apps/election-app/stats/5-snapshots.py --state NJ --input /home/ubuntu/apps/election-app/win_prob/H/NJ/08/_work/output_statewide_stats.csv --output /home/ubuntu/apps/election-app/win_prob/H/NJ/08/snapshots_NJ.csv --start 2024-11-05T15-30-22 --end 2024-11-05T15-30-22 --use-window 1 --interval 30
Mode: windowed-one-state
Rows written: 3
Distinct states in output: NJ
Rows per normalized timestamp (empty = unparseable):
  2024-11-05T15-30-22: 3
Wrote /home/ubuntu/apps/election-app/win_prob/H/NJ/08/snapshots_NJ.csv

$ /home/ubuntu/.venv/bin/python3 /home/ubuntu/apps/election-app/stats/6-pval.py /home/ubuntu/apps/election-app/win_prob/H/NJ/08/snapshots_NJ.csv -t /home/ubuntu/apps/election-app/stats/parameters.csv -o /home/ubuntu/apps/election-app/win_prob/H/NJ/08/data_output_NJ.csv -c 50
Done. Wrote: /home/ubuntu/apps/election-app/win_prob/H/NJ/08/data_output_NJ.csv
Total rows: 3 (chunked, resumable).
Computed columns for PVALS = [0.01, 0.1, 1, 2, 3, 5, 10, 15, 20, 25, 30, 35, 40, 45, 50, 55, 60, 65, 70, 75, 80, 85, 90, 95, 97, 98, 99, 99.9, 99.99]
Per p (leader): shift_{p}, margin_new_{p}, harris_percent_new_{p}, trump_percent_new_{p}, total_snapshot_{p}, total_expected_{p}, harris_votes_new_{p}, trump_votes_new_{p}
Per p (trailing): shift_trailing_{p}, margin_new_{p}_trailing, harris_percent_new_{p}_trailing, trump_percent_new_{p}_trailing, total_snapshot_{p}_trailing, total_expected_{p}_trailing, harris_votes_new_{p}_trailing, trump_votes_new_{p}_trailing
Checkpoint saved at: /home/ubuntu/apps/election-app/win_prob/H/NJ/08/data_output_NJ.csv.checkpoint.json

$ /home/ubuntu/.venv/bin/python3 /home/ubuntu/apps/election-app/stats/7-margin-new.py
Wrote data_output_with_margins_old.csv

$ /home/ubuntu/.venv/bin/python3 /home/ubuntu/apps/election-app/stats/7-eevp-statewide.py
Wrote data_output_with_margins.csv (copied from data_output_with_margins_old.csv)

$ /home/ubuntu/.venv/bin/python3 /home/ubuntu/apps/election-app/stats/7.py --input /home/ubuntu/apps/election-app/win_prob/H/NJ/08/data_output_NJ_with_margins_statewide_eevp.csv --output /home/ubuntu/apps/election-app/win_prob/H/NJ/08/statewide_margin_pct_vs_percent_NJ_2026.png --state NJ --start 2024-11-05T15-30-22 --end 2024-11-05T15-30-22 --stats /home/ubuntu/apps/election-app/win_prob/H/NJ/08/stats.csv --stats2 /home/ubuntu/apps/election-app/win_prob/H/NJ/08/stats2.csv --interval 30 --year 2026 --jsonl /home/ubuntu/apps/election-app/win_prob/H/NJ/08/plotdata_NJ_2026_2026-01-23T16-44-18.jsonl
[info] evaluating 1 timestamps from 2024-11-05T15-30-22 to 2024-11-05T15-30-22 every 30 minutes
[saved] probs_timeseries_NJ.csv  (1 points)
[saved] /home/ubuntu/apps/election-app/win_prob/H/NJ/08/plotdata_NJ_2026_2026-01-23T16-44-18.jsonl  (4 points)
[saved] /home/ubuntu/apps/election-app/win_prob/H/NJ/08/statewide_margin_pct_vs_percent_NJ_2026_box.json
[saved] /home/ubuntu/apps/election-app/win_prob/H/NJ/08/statewide_margin_pct_vs_percent_NJ_2026_box.png
[saved] /home/ubuntu/apps/election-app/win_prob/H/NJ/08/statewide_margin_pct_vs_percent_NJ_2026.png

All 50 states complete. See: /home/ubuntu/apps/election-app/win_prob/H/NJ/08

$ /home/ubuntu/.venv/bin/python3 /home/ubuntu/apps/election-app/stats/8.py --root /home/ubuntu/apps/election-app/win_prob/H/NJ/08/_work --outdir /home/ubuntu/apps/election-app/win_prob/H/NJ/08
[info] root  = /home/ubuntu/apps/election-app/win_prob/H/NJ/08/_work
[info] outdir= /home/ubuntu/apps/election-app/win_prob/H/NJ/08
[deleted] /home/ubuntu/apps/election-app/win_prob/H/NJ/08/_work/stats_with_statewide.csv
[deleted] /home/ubuntu/apps/election-app/win_prob/H/NJ/08/_work/stats2_final_headers.csv
[deleted] /home/ubuntu/apps/election-app/win_prob/H/NJ/08/_work/2024_county_results_with_final-old.csv
[deleted] /home/ubuntu/apps/election-app/win_prob/H/NJ/08/_work/2024_county_results_with_final.csv
[deleted] /home/ubuntu/apps/election-app/win_prob/H/NJ/08/_work/2024_county_results_with_final_1.csv
[deleted] /home/ubuntu/apps/election-app/win_prob/H/NJ/08/_work/2024_county_results_with_calcs-old.csv
[deleted] /home/ubuntu/apps/election-app/win_prob/H/NJ/08/_work/2024_county_results_with_calcs_new.csv
[deleted] /home/ubuntu/apps/election-app/win_prob/H/NJ/08/_work/output_statewide_stats.csv
[skip]    /home/ubuntu/apps/election-app/win_prob/H/NJ/08/_work/probs_timeseries_PA.csv
[deleted] /home/ubuntu/apps/election-app/win_prob/H/NJ/08/_work/2024_county_results_with_calcs.csv
[skip]    /home/ubuntu/apps/election-app/win_prob/H/NJ/08/data_output.csv
[skip]    /home/ubuntu/apps/election-app/win_prob/H/NJ/08/data_output_with_margins_old.csv
[skip]    /home/ubuntu/apps/election-app/win_prob/H/NJ/08/data_output_with_margins.csv
[skip]    /home/ubuntu/apps/election-app/win_prob/H/NJ/08/data_output_with_margins-statewide.csv
[deleted] /home/ubuntu/apps/election-app/win_prob/H/NJ/08/snapshots_NJ.csv
[deleted] /home/ubuntu/apps/election-app/win_prob/H/NJ/08/data_output_NJ.csv
[deleted] /home/ubuntu/apps/election-app/win_prob/H/NJ/08/data_output_NJ_with_margins_statewide_eevp.csv
[deleted] /home/ubuntu/apps/election-app/win_prob/H/NJ/08/data_output_NJ_with_margins.csv
[deleted] /home/ubuntu/apps/election-app/win_prob/H/NJ/08/data_output_NJ.csv.checkpoint.json
[deleted] /home/ubuntu/apps/election-app/win_prob/H/NJ/08/stats.csv
[deleted] /home/ubuntu/apps/election-app/win_prob/H/NJ/08/stats2.csv
[done] removed 16 file(s)
[2026-01-23 16:58:23] INFO: [PIPELINE] args: office=H state=NJ district=08
[2026-01-23 16:58:23] INFO: [PIPELINE] WINPROB_DIR resolved to: /home/ubuntu/apps/election-app/win_prob/H/NJ/08
[2026-01-23 16:58:23] INFO: [PIPELINE] OUTDIR set to: /home/ubuntu/apps/election-app/win_prob/H/NJ/08

$ /home/ubuntu/.venv/bin/python3 /home/ubuntu/apps/election-app/stats/1-statewide.py --input /home/ubuntu/apps/election-app/win_prob/H/NJ/08/stats.csv --output /home/ubuntu/apps/election-app/win_prob/H/NJ/08/_work/stats_with_statewide.csv
Wrote /home/ubuntu/apps/election-app/win_prob/H/NJ/08/_work/stats_with_statewide.csv (rows=3)

$ /home/ubuntu/.venv/bin/python3 /home/ubuntu/apps/election-app/stats/1-stats-2.py --input /home/ubuntu/apps/election-app/win_prob/H/NJ/08/stats2.csv --output /home/ubuntu/apps/election-app/win_prob/H/NJ/08/_work/stats2_final_headers.csv
Wrote /home/ubuntu/apps/election-app/win_prob/H/NJ/08/_work/stats2_final_headers.csv (rows=3)

$ /home/ubuntu/.venv/bin/python3 /home/ubuntu/apps/election-app/stats/1-append-new.py
Wrote 2024_county_results_with_final-old.csv (rows=3, missing_final_matches=0)

$ /home/ubuntu/.venv/bin/python3 /home/ubuntu/apps/election-app/stats/1-change_header.py
Wrote: 2024_county_results_with_final.csv

$ /home/ubuntu/.venv/bin/python3 /home/ubuntu/apps/election-app/stats/1-cut-zero-fips.py
Wrote: 2024_county_results_with_final_1.csv
Rows before: 3
Rows after:  3
Dropped (fips == 0): 0

$ /home/ubuntu/.venv/bin/python3 /home/ubuntu/apps/election-app/stats/2-calc.py
Wrote 3 rows with calculations to /home/ubuntu/apps/election-app/win_prob/H/NJ/08/_work/2024_county_results_with_calcs-old.csv

$ /home/ubuntu/.venv/bin/python3 /home/ubuntu/apps/election-app/stats/2-eevp.py
Wrote (no-op copy): 2024_county_results_with_calcs.csv
Columns:
 - timestamp
 - state
 - county
 - fips
 - trump_votes
 - harris_votes
 - other_votes
 - eevp
 - state_eevp
 - harris_votes_statewide
 - trump_votes_statewide
 - other_votes_statewide
 - final_state
 - final_county
 - final_fips
 - final_trump_votes
 - final_harris_votes
 - final_other_votes
 - harris_percent_snapshot
 - trump_percent_snapshot
 - margin_snapshot
 - harris_percent_final
 - trump_percent_final
 - margin_final
 - margin_difference
 - margin_difference_abs

$ /home/ubuntu/.venv/bin/python3 /home/ubuntu/apps/election-app/stats/3-calc-new.py
Wrote 3 rows with new columns to /home/ubuntu/apps/election-app/win_prob/H/NJ/08/_work/2024_county_results_with_calcs_new.csv

$ /home/ubuntu/.venv/bin/python3 /home/ubuntu/apps/election-app/stats/4-stats.py
Reading 2024_county_results_with_calcs_new.csv...
Aggregating statewide totals...
Calculating percentages and margins...
Writing to output_statewide_stats.csv...
Done!
[2026-01-23 16:58:33] INFO: [PIPELINE] ENTER win-prob generation | states=['NJ'] ts_list=['2024-11-05T15-30-22']

============================================================================
[01/1] STATE = NJ
============================================================================

$ /home/ubuntu/.venv/bin/python3 /home/ubuntu/apps/election-app/stats/5-snapshots.py --state NJ --input /home/ubuntu/apps/election-app/win_prob/H/NJ/08/_work/output_statewide_stats.csv --output /home/ubuntu/apps/election-app/win_prob/H/NJ/08/snapshots_NJ.csv --start 2024-11-05T15-30-22 --end 2024-11-05T15-30-22 --use-window 1 --interval 30
Mode: windowed-one-state
Rows written: 3
Distinct states in output: NJ
Rows per normalized timestamp (empty = unparseable):
  2024-11-05T15-30-22: 3
Wrote /home/ubuntu/apps/election-app/win_prob/H/NJ/08/snapshots_NJ.csv

$ /home/ubuntu/.venv/bin/python3 /home/ubuntu/apps/election-app/stats/6-pval.py /home/ubuntu/apps/election-app/win_prob/H/NJ/08/snapshots_NJ.csv -t /home/ubuntu/apps/election-app/stats/parameters.csv -o /home/ubuntu/apps/election-app/win_prob/H/NJ/08/data_output_NJ.csv -c 50
Done. Wrote: /home/ubuntu/apps/election-app/win_prob/H/NJ/08/data_output_NJ.csv
Total rows: 3 (chunked, resumable).
Computed columns for PVALS = [0.01, 0.1, 1, 2, 3, 5, 10, 15, 20, 25, 30, 35, 40, 45, 50, 55, 60, 65, 70, 75, 80, 85, 90, 95, 97, 98, 99, 99.9, 99.99]
Per p (leader): shift_{p}, margin_new_{p}, harris_percent_new_{p}, trump_percent_new_{p}, total_snapshot_{p}, total_expected_{p}, harris_votes_new_{p}, trump_votes_new_{p}
Per p (trailing): shift_trailing_{p}, margin_new_{p}_trailing, harris_percent_new_{p}_trailing, trump_percent_new_{p}_trailing, total_snapshot_{p}_trailing, total_expected_{p}_trailing, harris_votes_new_{p}_trailing, trump_votes_new_{p}_trailing
Checkpoint saved at: /home/ubuntu/apps/election-app/win_prob/H/NJ/08/data_output_NJ.csv.checkpoint.json

$ /home/ubuntu/.venv/bin/python3 /home/ubuntu/apps/election-app/stats/7-margin-new.py
Wrote data_output_with_margins_old.csv

$ /home/ubuntu/.venv/bin/python3 /home/ubuntu/apps/election-app/stats/7-eevp-statewide.py
Wrote data_output_with_margins.csv (copied from data_output_with_margins_old.csv)

$ /home/ubuntu/.venv/bin/python3 /home/ubuntu/apps/election-app/stats/7.py --input /home/ubuntu/apps/election-app/win_prob/H/NJ/08/data_output_NJ_with_margins_statewide_eevp.csv --output /home/ubuntu/apps/election-app/win_prob/H/NJ/08/statewide_margin_pct_vs_percent_NJ_2026.png --state NJ --start 2024-11-05T15-30-22 --end 2024-11-05T15-30-22 --stats /home/ubuntu/apps/election-app/win_prob/H/NJ/08/stats.csv --stats2 /home/ubuntu/apps/election-app/win_prob/H/NJ/08/stats2.csv --interval 30 --year 2026 --jsonl /home/ubuntu/apps/election-app/win_prob/H/NJ/08/plotdata_NJ_2026_2026-01-23T16-58-23.jsonl
[info] evaluating 1 timestamps from 2024-11-05T15-30-22 to 2024-11-05T15-30-22 every 30 minutes
[saved] probs_timeseries_NJ.csv  (1 points)
[saved] /home/ubuntu/apps/election-app/win_prob/H/NJ/08/plotdata_NJ_2026_2026-01-23T16-58-23.jsonl  (4 points)
[saved] /home/ubuntu/apps/election-app/win_prob/H/NJ/08/statewide_margin_pct_vs_percent_NJ_2026_box.json
[saved] /home/ubuntu/apps/election-app/win_prob/H/NJ/08/statewide_margin_pct_vs_percent_NJ_2026_box.png
[saved] /home/ubuntu/apps/election-app/win_prob/H/NJ/08/statewide_margin_pct_vs_percent_NJ_2026.png

All 50 states complete. See: /home/ubuntu/apps/election-app/win_prob/H/NJ/08

$ /home/ubuntu/.venv/bin/python3 /home/ubuntu/apps/election-app/stats/8.py --root /home/ubuntu/apps/election-app/win_prob/H/NJ/08/_work --outdir /home/ubuntu/apps/election-app/win_prob/H/NJ/08
[info] root  = /home/ubuntu/apps/election-app/win_prob/H/NJ/08/_work
[info] outdir= /home/ubuntu/apps/election-app/win_prob/H/NJ/08
[deleted] /home/ubuntu/apps/election-app/win_prob/H/NJ/08/_work/stats_with_statewide.csv
[deleted] /home/ubuntu/apps/election-app/win_prob/H/NJ/08/_work/stats2_final_headers.csv
[deleted] /home/ubuntu/apps/election-app/win_prob/H/NJ/08/_work/2024_county_results_with_final-old.csv
[deleted] /home/ubuntu/apps/election-app/win_prob/H/NJ/08/_work/2024_county_results_with_final.csv
[deleted] /home/ubuntu/apps/election-app/win_prob/H/NJ/08/_work/2024_county_results_with_final_1.csv
[deleted] /home/ubuntu/apps/election-app/win_prob/H/NJ/08/_work/2024_county_results_with_calcs-old.csv
[deleted] /home/ubuntu/apps/election-app/win_prob/H/NJ/08/_work/2024_county_results_with_calcs_new.csv
[deleted] /home/ubuntu/apps/election-app/win_prob/H/NJ/08/_work/output_statewide_stats.csv
[skip]    /home/ubuntu/apps/election-app/win_prob/H/NJ/08/_work/probs_timeseries_PA.csv
[deleted] /home/ubuntu/apps/election-app/win_prob/H/NJ/08/_work/2024_county_results_with_calcs.csv
[skip]    /home/ubuntu/apps/election-app/win_prob/H/NJ/08/data_output.csv
[skip]    /home/ubuntu/apps/election-app/win_prob/H/NJ/08/data_output_with_margins_old.csv
[skip]    /home/ubuntu/apps/election-app/win_prob/H/NJ/08/data_output_with_margins.csv
[skip]    /home/ubuntu/apps/election-app/win_prob/H/NJ/08/data_output_with_margins-statewide.csv
[deleted] /home/ubuntu/apps/election-app/win_prob/H/NJ/08/snapshots_NJ.csv
[deleted] /home/ubuntu/apps/election-app/win_prob/H/NJ/08/data_output_NJ.csv
[deleted] /home/ubuntu/apps/election-app/win_prob/H/NJ/08/data_output_NJ_with_margins_statewide_eevp.csv
[deleted] /home/ubuntu/apps/election-app/win_prob/H/NJ/08/data_output_NJ_with_margins.csv
[deleted] /home/ubuntu/apps/election-app/win_prob/H/NJ/08/data_output_NJ.csv.checkpoint.json
[deleted] /home/ubuntu/apps/election-app/win_prob/H/NJ/08/stats.csv
[deleted] /home/ubuntu/apps/election-app/win_prob/H/NJ/08/stats2.csv
[done] removed 16 file(s)
[2026-01-23 17:05:25] INFO: [PIPELINE] args: office=H state=NJ district=08
[2026-01-23 17:05:25] INFO: [PIPELINE] WINPROB_DIR resolved to: /home/ubuntu/apps/election-app/win_prob/H/NJ/08
[2026-01-23 17:05:25] INFO: [PIPELINE] OUTDIR set to: /home/ubuntu/apps/election-app/win_prob/H/NJ/08

$ /home/ubuntu/.venv/bin/python3 /home/ubuntu/apps/election-app/stats/1-statewide.py --input /home/ubuntu/apps/election-app/win_prob/H/NJ/08/stats.csv --output /home/ubuntu/apps/election-app/win_prob/H/NJ/08/_work/stats_with_statewide.csv
Wrote /home/ubuntu/apps/election-app/win_prob/H/NJ/08/_work/stats_with_statewide.csv (rows=3)

$ /home/ubuntu/.venv/bin/python3 /home/ubuntu/apps/election-app/stats/1-stats-2.py --input /home/ubuntu/apps/election-app/win_prob/H/NJ/08/stats2.csv --output /home/ubuntu/apps/election-app/win_prob/H/NJ/08/_work/stats2_final_headers.csv
Wrote /home/ubuntu/apps/election-app/win_prob/H/NJ/08/_work/stats2_final_headers.csv (rows=3)

$ /home/ubuntu/.venv/bin/python3 /home/ubuntu/apps/election-app/stats/1-append-new.py
Wrote 2024_county_results_with_final-old.csv (rows=3, missing_final_matches=0)

$ /home/ubuntu/.venv/bin/python3 /home/ubuntu/apps/election-app/stats/1-change_header.py
Wrote: 2024_county_results_with_final.csv

$ /home/ubuntu/.venv/bin/python3 /home/ubuntu/apps/election-app/stats/1-cut-zero-fips.py
Wrote: 2024_county_results_with_final_1.csv
Rows before: 3
Rows after:  3
Dropped (fips == 0): 0

$ /home/ubuntu/.venv/bin/python3 /home/ubuntu/apps/election-app/stats/2-calc.py
Wrote 3 rows with calculations to /home/ubuntu/apps/election-app/win_prob/H/NJ/08/_work/2024_county_results_with_calcs-old.csv

$ /home/ubuntu/.venv/bin/python3 /home/ubuntu/apps/election-app/stats/2-eevp.py
Wrote (no-op copy): 2024_county_results_with_calcs.csv
Columns:
 - timestamp
 - state
 - county
 - fips
 - trump_votes
 - harris_votes
 - other_votes
 - eevp
 - state_eevp
 - harris_votes_statewide
 - trump_votes_statewide
 - other_votes_statewide
 - final_state
 - final_county
 - final_fips
 - final_trump_votes
 - final_harris_votes
 - final_other_votes
 - harris_percent_snapshot
 - trump_percent_snapshot
 - margin_snapshot
 - harris_percent_final
 - trump_percent_final
 - margin_final
 - margin_difference
 - margin_difference_abs

$ /home/ubuntu/.venv/bin/python3 /home/ubuntu/apps/election-app/stats/3-calc-new.py
Wrote 3 rows with new columns to /home/ubuntu/apps/election-app/win_prob/H/NJ/08/_work/2024_county_results_with_calcs_new.csv

$ /home/ubuntu/.venv/bin/python3 /home/ubuntu/apps/election-app/stats/4-stats.py
Reading 2024_county_results_with_calcs_new.csv...
Aggregating statewide totals...
Calculating percentages and margins...
Writing to output_statewide_stats.csv...
Done!
[2026-01-23 17:05:35] INFO: [PIPELINE] ENTER win-prob generation | states=['NJ'] ts_list=['2024-11-05T15-30-22']

============================================================================
[01/1] STATE = NJ
============================================================================

$ /home/ubuntu/.venv/bin/python3 /home/ubuntu/apps/election-app/stats/5-snapshots.py --state NJ --input /home/ubuntu/apps/election-app/win_prob/H/NJ/08/_work/output_statewide_stats.csv --output /home/ubuntu/apps/election-app/win_prob/H/NJ/08/snapshots_NJ.csv --start 2024-11-05T15-30-22 --end 2024-11-05T15-30-22 --use-window 1 --interval 30
Mode: windowed-one-state
Rows written: 3
Distinct states in output: NJ
Rows per normalized timestamp (empty = unparseable):
  2024-11-05T15-30-22: 3
Wrote /home/ubuntu/apps/election-app/win_prob/H/NJ/08/snapshots_NJ.csv

$ /home/ubuntu/.venv/bin/python3 /home/ubuntu/apps/election-app/stats/6-pval.py /home/ubuntu/apps/election-app/win_prob/H/NJ/08/snapshots_NJ.csv -t /home/ubuntu/apps/election-app/stats/parameters.csv -o /home/ubuntu/apps/election-app/win_prob/H/NJ/08/data_output_NJ.csv -c 50
Done. Wrote: /home/ubuntu/apps/election-app/win_prob/H/NJ/08/data_output_NJ.csv
Total rows: 3 (chunked, resumable).
Computed columns for PVALS = [0.01, 0.1, 1, 2, 3, 5, 10, 15, 20, 25, 30, 35, 40, 45, 50, 55, 60, 65, 70, 75, 80, 85, 90, 95, 97, 98, 99, 99.9, 99.99]
Per p (leader): shift_{p}, margin_new_{p}, harris_percent_new_{p}, trump_percent_new_{p}, total_snapshot_{p}, total_expected_{p}, harris_votes_new_{p}, trump_votes_new_{p}
Per p (trailing): shift_trailing_{p}, margin_new_{p}_trailing, harris_percent_new_{p}_trailing, trump_percent_new_{p}_trailing, total_snapshot_{p}_trailing, total_expected_{p}_trailing, harris_votes_new_{p}_trailing, trump_votes_new_{p}_trailing
Checkpoint saved at: /home/ubuntu/apps/election-app/win_prob/H/NJ/08/data_output_NJ.csv.checkpoint.json

$ /home/ubuntu/.venv/bin/python3 /home/ubuntu/apps/election-app/stats/7-margin-new.py
Wrote data_output_with_margins_old.csv

$ /home/ubuntu/.venv/bin/python3 /home/ubuntu/apps/election-app/stats/7-eevp-statewide.py
Wrote data_output_with_margins.csv (copied from data_output_with_margins_old.csv)

$ /home/ubuntu/.venv/bin/python3 /home/ubuntu/apps/election-app/stats/7.py --input /home/ubuntu/apps/election-app/win_prob/H/NJ/08/data_output_NJ_with_margins_statewide_eevp.csv --output /home/ubuntu/apps/election-app/win_prob/H/NJ/08/statewide_margin_pct_vs_percent_NJ_2026.png --state NJ --start 2024-11-05T15-30-22 --end 2024-11-05T15-30-22 --stats /home/ubuntu/apps/election-app/win_prob/H/NJ/08/stats.csv --stats2 /home/ubuntu/apps/election-app/win_prob/H/NJ/08/stats2.csv --interval 30 --year 2026 --jsonl /home/ubuntu/apps/election-app/win_prob/H/NJ/08/plotdata_NJ_2026_2026-01-23T17-05-25.jsonl
[info] evaluating 1 timestamps from 2024-11-05T15-30-22 to 2024-11-05T15-30-22 every 30 minutes
[saved] probs_timeseries_NJ.csv  (1 points)
[saved] /home/ubuntu/apps/election-app/win_prob/H/NJ/08/plotdata_NJ_2026_2026-01-23T17-05-25.jsonl  (4 points)
[saved] /home/ubuntu/apps/election-app/win_prob/H/NJ/08/statewide_margin_pct_vs_percent_NJ_2026_box.json
[saved] /home/ubuntu/apps/election-app/win_prob/H/NJ/08/statewide_margin_pct_vs_percent_NJ_2026_box.png
[saved] /home/ubuntu/apps/election-app/win_prob/H/NJ/08/statewide_margin_pct_vs_percent_NJ_2026.png

All 50 states complete. See: /home/ubuntu/apps/election-app/win_prob/H/NJ/08

$ /home/ubuntu/.venv/bin/python3 /home/ubuntu/apps/election-app/stats/8.py --root /home/ubuntu/apps/election-app/win_prob/H/NJ/08/_work --outdir /home/ubuntu/apps/election-app/win_prob/H/NJ/08
[info] root  = /home/ubuntu/apps/election-app/win_prob/H/NJ/08/_work
[info] outdir= /home/ubuntu/apps/election-app/win_prob/H/NJ/08
[deleted] /home/ubuntu/apps/election-app/win_prob/H/NJ/08/_work/stats_with_statewide.csv
[deleted] /home/ubuntu/apps/election-app/win_prob/H/NJ/08/_work/stats2_final_headers.csv
[deleted] /home/ubuntu/apps/election-app/win_prob/H/NJ/08/_work/2024_county_results_with_final-old.csv
[deleted] /home/ubuntu/apps/election-app/win_prob/H/NJ/08/_work/2024_county_results_with_final.csv
[deleted] /home/ubuntu/apps/election-app/win_prob/H/NJ/08/_work/2024_county_results_with_final_1.csv
[deleted] /home/ubuntu/apps/election-app/win_prob/H/NJ/08/_work/2024_county_results_with_calcs-old.csv
[deleted] /home/ubuntu/apps/election-app/win_prob/H/NJ/08/_work/2024_county_results_with_calcs_new.csv
[deleted] /home/ubuntu/apps/election-app/win_prob/H/NJ/08/_work/output_statewide_stats.csv
[skip]    /home/ubuntu/apps/election-app/win_prob/H/NJ/08/_work/probs_timeseries_PA.csv
[deleted] /home/ubuntu/apps/election-app/win_prob/H/NJ/08/_work/2024_county_results_with_calcs.csv
[skip]    /home/ubuntu/apps/election-app/win_prob/H/NJ/08/data_output.csv
[skip]    /home/ubuntu/apps/election-app/win_prob/H/NJ/08/data_output_with_margins_old.csv
[skip]    /home/ubuntu/apps/election-app/win_prob/H/NJ/08/data_output_with_margins.csv
[skip]    /home/ubuntu/apps/election-app/win_prob/H/NJ/08/data_output_with_margins-statewide.csv
[deleted] /home/ubuntu/apps/election-app/win_prob/H/NJ/08/snapshots_NJ.csv
[deleted] /home/ubuntu/apps/election-app/win_prob/H/NJ/08/data_output_NJ.csv
[deleted] /home/ubuntu/apps/election-app/win_prob/H/NJ/08/data_output_NJ_with_margins_statewide_eevp.csv
[deleted] /home/ubuntu/apps/election-app/win_prob/H/NJ/08/data_output_NJ_with_margins.csv
[deleted] /home/ubuntu/apps/election-app/win_prob/H/NJ/08/data_output_NJ.csv.checkpoint.json
[deleted] /home/ubuntu/apps/election-app/win_prob/H/NJ/08/stats.csv
[deleted] /home/ubuntu/apps/election-app/win_prob/H/NJ/08/stats2.csv
[done] removed 16 file(s)
[2026-01-25 14:38:49] INFO: [PIPELINE] args: office=H state=NJ district=08
[2026-01-25 14:38:49] INFO: [PIPELINE] WINPROB_DIR resolved to: /home/ubuntu/apps/election-app/win_prob/H/NJ/08
[2026-01-25 14:38:49] INFO: [PIPELINE] OUTDIR set to: /home/ubuntu/apps/election-app/win_prob/H/NJ/08

$ /home/ubuntu/.venv/bin/python3 /home/ubuntu/apps/election-app/stats/1-statewide.py --input /home/ubuntu/apps/election-app/win_prob/H/NJ/08/stats.csv --output /home/ubuntu/apps/election-app/win_prob/H/NJ/08/_work/stats_with_statewide.csv
Wrote /home/ubuntu/apps/election-app/win_prob/H/NJ/08/_work/stats_with_statewide.csv (rows=3)

$ /home/ubuntu/.venv/bin/python3 /home/ubuntu/apps/election-app/stats/1-stats-2.py --input /home/ubuntu/apps/election-app/win_prob/H/NJ/08/stats2.csv --output /home/ubuntu/apps/election-app/win_prob/H/NJ/08/_work/stats2_final_headers.csv
Wrote /home/ubuntu/apps/election-app/win_prob/H/NJ/08/_work/stats2_final_headers.csv (rows=3)

$ /home/ubuntu/.venv/bin/python3 /home/ubuntu/apps/election-app/stats/1-append-new.py
Wrote 2024_county_results_with_final-old.csv (rows=3, missing_final_matches=0)

$ /home/ubuntu/.venv/bin/python3 /home/ubuntu/apps/election-app/stats/1-change_header.py
Wrote: 2024_county_results_with_final.csv

$ /home/ubuntu/.venv/bin/python3 /home/ubuntu/apps/election-app/stats/1-cut-zero-fips.py
Wrote: 2024_county_results_with_final_1.csv
Rows before: 3
Rows after:  3
Dropped (fips == 0): 0

$ /home/ubuntu/.venv/bin/python3 /home/ubuntu/apps/election-app/stats/2-calc.py
Wrote 3 rows with calculations to /home/ubuntu/apps/election-app/win_prob/H/NJ/08/_work/2024_county_results_with_calcs-old.csv

$ /home/ubuntu/.venv/bin/python3 /home/ubuntu/apps/election-app/stats/2-eevp.py
Wrote (no-op copy): 2024_county_results_with_calcs.csv
Columns:
 - timestamp
 - state
 - county
 - fips
 - trump_votes
 - harris_votes
 - other_votes
 - eevp
 - state_eevp
 - harris_votes_statewide
 - trump_votes_statewide
 - other_votes_statewide
 - final_state
 - final_county
 - final_fips
 - final_trump_votes
 - final_harris_votes
 - final_other_votes
 - harris_percent_snapshot
 - trump_percent_snapshot
 - margin_snapshot
 - harris_percent_final
 - trump_percent_final
 - margin_final
 - margin_difference
 - margin_difference_abs

$ /home/ubuntu/.venv/bin/python3 /home/ubuntu/apps/election-app/stats/3-calc-new.py
Wrote 3 rows with new columns to /home/ubuntu/apps/election-app/win_prob/H/NJ/08/_work/2024_county_results_with_calcs_new.csv

$ /home/ubuntu/.venv/bin/python3 /home/ubuntu/apps/election-app/stats/4-stats.py
Reading 2024_county_results_with_calcs_new.csv...
Aggregating statewide totals...
Calculating percentages and margins...
Writing to output_statewide_stats.csv...
Done!
[2026-01-25 14:38:58] INFO: [PIPELINE] ENTER win-prob generation | states=['NJ'] ts_list=['2024-11-05T15-30-22']

============================================================================
[01/1] STATE = NJ
============================================================================

$ /home/ubuntu/.venv/bin/python3 /home/ubuntu/apps/election-app/stats/5-snapshots.py --state NJ --input /home/ubuntu/apps/election-app/win_prob/H/NJ/08/_work/output_statewide_stats.csv --output /home/ubuntu/apps/election-app/win_prob/H/NJ/08/snapshots_NJ.csv --start 2024-11-05T15-30-22 --end 2024-11-05T15-30-22 --use-window 1 --interval 30
Mode: windowed-one-state
Rows written: 3
Distinct states in output: NJ
Rows per normalized timestamp (empty = unparseable):
  2024-11-05T15-30-22: 3
Wrote /home/ubuntu/apps/election-app/win_prob/H/NJ/08/snapshots_NJ.csv

$ /home/ubuntu/.venv/bin/python3 /home/ubuntu/apps/election-app/stats/6-pval.py /home/ubuntu/apps/election-app/win_prob/H/NJ/08/snapshots_NJ.csv -t /home/ubuntu/apps/election-app/stats/parameters.csv -o /home/ubuntu/apps/election-app/win_prob/H/NJ/08/data_output_NJ.csv -c 50
Done. Wrote: /home/ubuntu/apps/election-app/win_prob/H/NJ/08/data_output_NJ.csv
Total rows: 3 (chunked, resumable).
Computed columns for PVALS = [0.01, 0.1, 1, 2, 3, 5, 10, 15, 20, 25, 30, 35, 40, 45, 50, 55, 60, 65, 70, 75, 80, 85, 90, 95, 97, 98, 99, 99.9, 99.99]
Per p (leader): shift_{p}, margin_new_{p}, harris_percent_new_{p}, trump_percent_new_{p}, total_snapshot_{p}, total_expected_{p}, harris_votes_new_{p}, trump_votes_new_{p}
Per p (trailing): shift_trailing_{p}, margin_new_{p}_trailing, harris_percent_new_{p}_trailing, trump_percent_new_{p}_trailing, total_snapshot_{p}_trailing, total_expected_{p}_trailing, harris_votes_new_{p}_trailing, trump_votes_new_{p}_trailing
Checkpoint saved at: /home/ubuntu/apps/election-app/win_prob/H/NJ/08/data_output_NJ.csv.checkpoint.json

$ /home/ubuntu/.venv/bin/python3 /home/ubuntu/apps/election-app/stats/7-margin-new.py
Wrote data_output_with_margins_old.csv

$ /home/ubuntu/.venv/bin/python3 /home/ubuntu/apps/election-app/stats/7-eevp-statewide.py
Wrote data_output_with_margins.csv (copied from data_output_with_margins_old.csv)

$ /home/ubuntu/.venv/bin/python3 /home/ubuntu/apps/election-app/stats/7.py --input /home/ubuntu/apps/election-app/win_prob/H/NJ/08/data_output_NJ_with_margins_statewide_eevp.csv --output /home/ubuntu/apps/election-app/win_prob/H/NJ/08/statewide_margin_pct_vs_percent_NJ_2026.png --state NJ --start 2024-11-05T15-30-22 --end 2024-11-05T15-30-22 --stats /home/ubuntu/apps/election-app/win_prob/H/NJ/08/stats.csv --stats2 /home/ubuntu/apps/election-app/win_prob/H/NJ/08/stats2.csv --interval 30 --year 2026 --jsonl /home/ubuntu/apps/election-app/win_prob/H/NJ/08/plotdata_NJ_2026_2026-01-25T14-38-49.jsonl
[info] evaluating 1 timestamps from 2024-11-05T15-30-22 to 2024-11-05T15-30-22 every 30 minutes
[saved] probs_timeseries_NJ.csv  (1 points)
[saved] /home/ubuntu/apps/election-app/win_prob/H/NJ/08/plotdata_NJ_2026_2026-01-25T14-38-49.jsonl  (0 points)
[saved] /home/ubuntu/apps/election-app/win_prob/H/NJ/08/statewide_margin_pct_vs_percent_NJ_2026_box.json
[saved] /home/ubuntu/apps/election-app/win_prob/H/NJ/08/statewide_margin_pct_vs_percent_NJ_2026_box.png
[saved] /home/ubuntu/apps/election-app/win_prob/H/NJ/08/statewide_margin_pct_vs_percent_NJ_2026.png

All 50 states complete. See: /home/ubuntu/apps/election-app/win_prob/H/NJ/08

$ /home/ubuntu/.venv/bin/python3 /home/ubuntu/apps/election-app/stats/8.py --root /home/ubuntu/apps/election-app/win_prob/H/NJ/08/_work --outdir /home/ubuntu/apps/election-app/win_prob/H/NJ/08
[info] root  = /home/ubuntu/apps/election-app/win_prob/H/NJ/08/_work
[info] outdir= /home/ubuntu/apps/election-app/win_prob/H/NJ/08
[deleted] /home/ubuntu/apps/election-app/win_prob/H/NJ/08/_work/stats_with_statewide.csv
[deleted] /home/ubuntu/apps/election-app/win_prob/H/NJ/08/_work/stats2_final_headers.csv
[deleted] /home/ubuntu/apps/election-app/win_prob/H/NJ/08/_work/2024_county_results_with_final-old.csv
[deleted] /home/ubuntu/apps/election-app/win_prob/H/NJ/08/_work/2024_county_results_with_final.csv
[deleted] /home/ubuntu/apps/election-app/win_prob/H/NJ/08/_work/2024_county_results_with_final_1.csv
[deleted] /home/ubuntu/apps/election-app/win_prob/H/NJ/08/_work/2024_county_results_with_calcs-old.csv
[deleted] /home/ubuntu/apps/election-app/win_prob/H/NJ/08/_work/2024_county_results_with_calcs_new.csv
[deleted] /home/ubuntu/apps/election-app/win_prob/H/NJ/08/_work/output_statewide_stats.csv
[skip]    /home/ubuntu/apps/election-app/win_prob/H/NJ/08/_work/probs_timeseries_PA.csv
[deleted] /home/ubuntu/apps/election-app/win_prob/H/NJ/08/_work/2024_county_results_with_calcs.csv
[skip]    /home/ubuntu/apps/election-app/win_prob/H/NJ/08/data_output.csv
[skip]    /home/ubuntu/apps/election-app/win_prob/H/NJ/08/data_output_with_margins_old.csv
[skip]    /home/ubuntu/apps/election-app/win_prob/H/NJ/08/data_output_with_margins.csv
[skip]    /home/ubuntu/apps/election-app/win_prob/H/NJ/08/data_output_with_margins-statewide.csv
[deleted] /home/ubuntu/apps/election-app/win_prob/H/NJ/08/snapshots_NJ.csv
[deleted] /home/ubuntu/apps/election-app/win_prob/H/NJ/08/data_output_NJ.csv
[deleted] /home/ubuntu/apps/election-app/win_prob/H/NJ/08/data_output_NJ_with_margins_statewide_eevp.csv
[deleted] /home/ubuntu/apps/election-app/win_prob/H/NJ/08/data_output_NJ_with_margins.csv
[deleted] /home/ubuntu/apps/election-app/win_prob/H/NJ/08/data_output_NJ.csv.checkpoint.json
[deleted] /home/ubuntu/apps/election-app/win_prob/H/NJ/08/stats.csv
[deleted] /home/ubuntu/apps/election-app/win_prob/H/NJ/08/stats2.csv
[done] removed 16 file(s)
[2026-01-25 14:52:56] INFO: [PIPELINE] args: office=H state=NJ district=08
[2026-01-25 14:52:56] INFO: [PIPELINE] WINPROB_DIR resolved to: /home/ubuntu/apps/election-app/win_prob/H/NJ/08
[2026-01-25 14:52:56] INFO: [PIPELINE] OUTDIR set to: /home/ubuntu/apps/election-app/win_prob/H/NJ/08

$ /home/ubuntu/.venv/bin/python3 /home/ubuntu/apps/election-app/stats/1-statewide.py --input /home/ubuntu/apps/election-app/win_prob/H/NJ/08/stats.csv --output /home/ubuntu/apps/election-app/win_prob/H/NJ/08/_work/stats_with_statewide.csv
Wrote /home/ubuntu/apps/election-app/win_prob/H/NJ/08/_work/stats_with_statewide.csv (rows=3)

$ /home/ubuntu/.venv/bin/python3 /home/ubuntu/apps/election-app/stats/1-stats-2.py --input /home/ubuntu/apps/election-app/win_prob/H/NJ/08/stats2.csv --output /home/ubuntu/apps/election-app/win_prob/H/NJ/08/_work/stats2_final_headers.csv
Wrote /home/ubuntu/apps/election-app/win_prob/H/NJ/08/_work/stats2_final_headers.csv (rows=3)

$ /home/ubuntu/.venv/bin/python3 /home/ubuntu/apps/election-app/stats/1-append-new.py
Wrote 2024_county_results_with_final-old.csv (rows=3, missing_final_matches=0)

$ /home/ubuntu/.venv/bin/python3 /home/ubuntu/apps/election-app/stats/1-change_header.py
Wrote: 2024_county_results_with_final.csv

$ /home/ubuntu/.venv/bin/python3 /home/ubuntu/apps/election-app/stats/1-cut-zero-fips.py
Wrote: 2024_county_results_with_final_1.csv
Rows before: 3
Rows after:  3
Dropped (fips == 0): 0

$ /home/ubuntu/.venv/bin/python3 /home/ubuntu/apps/election-app/stats/2-calc.py
Wrote 3 rows with calculations to /home/ubuntu/apps/election-app/win_prob/H/NJ/08/_work/2024_county_results_with_calcs-old.csv

$ /home/ubuntu/.venv/bin/python3 /home/ubuntu/apps/election-app/stats/2-eevp.py
Wrote (no-op copy): 2024_county_results_with_calcs.csv
Columns:
 - timestamp
 - state
 - county
 - fips
 - trump_votes
 - harris_votes
 - other_votes
 - eevp
 - state_eevp
 - harris_votes_statewide
 - trump_votes_statewide
 - other_votes_statewide
 - final_state
 - final_county
 - final_fips
 - final_trump_votes
 - final_harris_votes
 - final_other_votes
 - harris_percent_snapshot
 - trump_percent_snapshot
 - margin_snapshot
 - harris_percent_final
 - trump_percent_final
 - margin_final
 - margin_difference
 - margin_difference_abs

$ /home/ubuntu/.venv/bin/python3 /home/ubuntu/apps/election-app/stats/3-calc-new.py
Wrote 3 rows with new columns to /home/ubuntu/apps/election-app/win_prob/H/NJ/08/_work/2024_county_results_with_calcs_new.csv

$ /home/ubuntu/.venv/bin/python3 /home/ubuntu/apps/election-app/stats/4-stats.py
Reading 2024_county_results_with_calcs_new.csv...
Aggregating statewide totals...
Calculating percentages and margins...
Writing to output_statewide_stats.csv...
Done!
[2026-01-25 14:53:05] INFO: [PIPELINE] ENTER win-prob generation | states=['NJ'] ts_list=['2024-11-05T15-30-22']

============================================================================
[01/1] STATE = NJ
============================================================================

$ /home/ubuntu/.venv/bin/python3 /home/ubuntu/apps/election-app/stats/5-snapshots.py --state NJ --input /home/ubuntu/apps/election-app/win_prob/H/NJ/08/_work/output_statewide_stats.csv --output /home/ubuntu/apps/election-app/win_prob/H/NJ/08/snapshots_NJ.csv --start 2024-11-05T15-30-22 --end 2024-11-05T15-30-22 --use-window 1 --interval 30
Mode: windowed-one-state
Rows written: 3
Distinct states in output: NJ
Rows per normalized timestamp (empty = unparseable):
  2024-11-05T15-30-22: 3
Wrote /home/ubuntu/apps/election-app/win_prob/H/NJ/08/snapshots_NJ.csv

$ /home/ubuntu/.venv/bin/python3 /home/ubuntu/apps/election-app/stats/6-pval.py /home/ubuntu/apps/election-app/win_prob/H/NJ/08/snapshots_NJ.csv -t /home/ubuntu/apps/election-app/stats/parameters.csv -o /home/ubuntu/apps/election-app/win_prob/H/NJ/08/data_output_NJ.csv -c 50
Done. Wrote: /home/ubuntu/apps/election-app/win_prob/H/NJ/08/data_output_NJ.csv
Total rows: 3 (chunked, resumable).
Computed columns for PVALS = [0.01, 0.1, 1, 2, 3, 5, 10, 15, 20, 25, 30, 35, 40, 45, 50, 55, 60, 65, 70, 75, 80, 85, 90, 95, 97, 98, 99, 99.9, 99.99]
Per p (leader): shift_{p}, margin_new_{p}, harris_percent_new_{p}, trump_percent_new_{p}, total_snapshot_{p}, total_expected_{p}, harris_votes_new_{p}, trump_votes_new_{p}
Per p (trailing): shift_trailing_{p}, margin_new_{p}_trailing, harris_percent_new_{p}_trailing, trump_percent_new_{p}_trailing, total_snapshot_{p}_trailing, total_expected_{p}_trailing, harris_votes_new_{p}_trailing, trump_votes_new_{p}_trailing
Checkpoint saved at: /home/ubuntu/apps/election-app/win_prob/H/NJ/08/data_output_NJ.csv.checkpoint.json

$ /home/ubuntu/.venv/bin/python3 /home/ubuntu/apps/election-app/stats/7-margin-new.py
Wrote data_output_with_margins_old.csv

$ /home/ubuntu/.venv/bin/python3 /home/ubuntu/apps/election-app/stats/7-eevp-statewide.py
Wrote data_output_with_margins.csv (copied from data_output_with_margins_old.csv)

$ /home/ubuntu/.venv/bin/python3 /home/ubuntu/apps/election-app/stats/7.py --input /home/ubuntu/apps/election-app/win_prob/H/NJ/08/data_output_NJ_with_margins_statewide_eevp.csv --output /home/ubuntu/apps/election-app/win_prob/H/NJ/08/statewide_margin_pct_vs_percent_NJ_2026.png --state NJ --start 2024-11-05T15-30-22 --end 2024-11-05T15-30-22 --stats /home/ubuntu/apps/election-app/win_prob/H/NJ/08/stats.csv --stats2 /home/ubuntu/apps/election-app/win_prob/H/NJ/08/stats2.csv --interval 30 --year 2026 --jsonl /home/ubuntu/apps/election-app/win_prob/H/NJ/08/plotdata_NJ_2026_2026-01-25T14-52-56.jsonl
[info] evaluating 1 timestamps from 2024-11-05T15-30-22 to 2024-11-05T15-30-22 every 30 minutes
[saved] probs_timeseries_NJ.csv  (1 points)
[saved] /home/ubuntu/apps/election-app/win_prob/H/NJ/08/plotdata_NJ_2026_2026-01-25T14-52-56.jsonl  (4 points)
[saved] /home/ubuntu/apps/election-app/win_prob/H/NJ/08/statewide_margin_pct_vs_percent_NJ_2026_box.json
[saved] /home/ubuntu/apps/election-app/win_prob/H/NJ/08/statewide_margin_pct_vs_percent_NJ_2026_box.png
[saved] /home/ubuntu/apps/election-app/win_prob/H/NJ/08/statewide_margin_pct_vs_percent_NJ_2026.png

All 50 states complete. See: /home/ubuntu/apps/election-app/win_prob/H/NJ/08

$ /home/ubuntu/.venv/bin/python3 /home/ubuntu/apps/election-app/stats/8.py --root /home/ubuntu/apps/election-app/win_prob/H/NJ/08/_work --outdir /home/ubuntu/apps/election-app/win_prob/H/NJ/08
[info] root  = /home/ubuntu/apps/election-app/win_prob/H/NJ/08/_work
[info] outdir= /home/ubuntu/apps/election-app/win_prob/H/NJ/08
[deleted] /home/ubuntu/apps/election-app/win_prob/H/NJ/08/_work/stats_with_statewide.csv
[deleted] /home/ubuntu/apps/election-app/win_prob/H/NJ/08/_work/stats2_final_headers.csv
[deleted] /home/ubuntu/apps/election-app/win_prob/H/NJ/08/_work/2024_county_results_with_final-old.csv
[deleted] /home/ubuntu/apps/election-app/win_prob/H/NJ/08/_work/2024_county_results_with_final.csv
[deleted] /home/ubuntu/apps/election-app/win_prob/H/NJ/08/_work/2024_county_results_with_final_1.csv
[deleted] /home/ubuntu/apps/election-app/win_prob/H/NJ/08/_work/2024_county_results_with_calcs-old.csv
[deleted] /home/ubuntu/apps/election-app/win_prob/H/NJ/08/_work/2024_county_results_with_calcs_new.csv
[deleted] /home/ubuntu/apps/election-app/win_prob/H/NJ/08/_work/output_statewide_stats.csv
[skip]    /home/ubuntu/apps/election-app/win_prob/H/NJ/08/_work/probs_timeseries_PA.csv
[deleted] /home/ubuntu/apps/election-app/win_prob/H/NJ/08/_work/2024_county_results_with_calcs.csv
[skip]    /home/ubuntu/apps/election-app/win_prob/H/NJ/08/data_output.csv
[skip]    /home/ubuntu/apps/election-app/win_prob/H/NJ/08/data_output_with_margins_old.csv
[skip]    /home/ubuntu/apps/election-app/win_prob/H/NJ/08/data_output_with_margins.csv
[skip]    /home/ubuntu/apps/election-app/win_prob/H/NJ/08/data_output_with_margins-statewide.csv
[deleted] /home/ubuntu/apps/election-app/win_prob/H/NJ/08/snapshots_NJ.csv
[deleted] /home/ubuntu/apps/election-app/win_prob/H/NJ/08/data_output_NJ.csv
[deleted] /home/ubuntu/apps/election-app/win_prob/H/NJ/08/data_output_NJ_with_margins_statewide_eevp.csv
[deleted] /home/ubuntu/apps/election-app/win_prob/H/NJ/08/data_output_NJ_with_margins.csv
[deleted] /home/ubuntu/apps/election-app/win_prob/H/NJ/08/data_output_NJ.csv.checkpoint.json
[deleted] /home/ubuntu/apps/election-app/win_prob/H/NJ/08/stats.csv
[deleted] /home/ubuntu/apps/election-app/win_prob/H/NJ/08/stats2.csv
[done] removed 16 file(s)
[2026-01-25 14:59:58] INFO: [PIPELINE] args: office=H state=NJ district=08
[2026-01-25 14:59:58] INFO: [PIPELINE] WINPROB_DIR resolved to: /home/ubuntu/apps/election-app/win_prob/H/NJ/08
[2026-01-25 14:59:58] INFO: [PIPELINE] OUTDIR set to: /home/ubuntu/apps/election-app/win_prob/H/NJ/08

$ /home/ubuntu/.venv/bin/python3 /home/ubuntu/apps/election-app/stats/1-statewide.py --input /home/ubuntu/apps/election-app/win_prob/H/NJ/08/stats.csv --output /home/ubuntu/apps/election-app/win_prob/H/NJ/08/_work/stats_with_statewide.csv
Wrote /home/ubuntu/apps/election-app/win_prob/H/NJ/08/_work/stats_with_statewide.csv (rows=3)

$ /home/ubuntu/.venv/bin/python3 /home/ubuntu/apps/election-app/stats/1-stats-2.py --input /home/ubuntu/apps/election-app/win_prob/H/NJ/08/stats2.csv --output /home/ubuntu/apps/election-app/win_prob/H/NJ/08/_work/stats2_final_headers.csv
Wrote /home/ubuntu/apps/election-app/win_prob/H/NJ/08/_work/stats2_final_headers.csv (rows=3)

$ /home/ubuntu/.venv/bin/python3 /home/ubuntu/apps/election-app/stats/1-append-new.py
Wrote 2024_county_results_with_final-old.csv (rows=3, missing_final_matches=0)

$ /home/ubuntu/.venv/bin/python3 /home/ubuntu/apps/election-app/stats/1-change_header.py
Wrote: 2024_county_results_with_final.csv

$ /home/ubuntu/.venv/bin/python3 /home/ubuntu/apps/election-app/stats/1-cut-zero-fips.py
Wrote: 2024_county_results_with_final_1.csv
Rows before: 3
Rows after:  3
Dropped (fips == 0): 0

$ /home/ubuntu/.venv/bin/python3 /home/ubuntu/apps/election-app/stats/2-calc.py
Wrote 3 rows with calculations to /home/ubuntu/apps/election-app/win_prob/H/NJ/08/_work/2024_county_results_with_calcs-old.csv

$ /home/ubuntu/.venv/bin/python3 /home/ubuntu/apps/election-app/stats/2-eevp.py
Wrote (no-op copy): 2024_county_results_with_calcs.csv
Columns:
 - timestamp
 - state
 - county
 - fips
 - trump_votes
 - harris_votes
 - other_votes
 - eevp
 - state_eevp
 - harris_votes_statewide
 - trump_votes_statewide
 - other_votes_statewide
 - final_state
 - final_county
 - final_fips
 - final_trump_votes
 - final_harris_votes
 - final_other_votes
 - harris_percent_snapshot
 - trump_percent_snapshot
 - margin_snapshot
 - harris_percent_final
 - trump_percent_final
 - margin_final
 - margin_difference
 - margin_difference_abs

$ /home/ubuntu/.venv/bin/python3 /home/ubuntu/apps/election-app/stats/3-calc-new.py
Wrote 3 rows with new columns to /home/ubuntu/apps/election-app/win_prob/H/NJ/08/_work/2024_county_results_with_calcs_new.csv

$ /home/ubuntu/.venv/bin/python3 /home/ubuntu/apps/election-app/stats/4-stats.py
Reading 2024_county_results_with_calcs_new.csv...
Aggregating statewide totals...
Calculating percentages and margins...
Writing to output_statewide_stats.csv...
Done!
[2026-01-25 15:00:08] INFO: [PIPELINE] ENTER win-prob generation | states=['NJ'] ts_list=['2024-11-05T15-30-22']

============================================================================
[01/1] STATE = NJ
============================================================================

$ /home/ubuntu/.venv/bin/python3 /home/ubuntu/apps/election-app/stats/5-snapshots.py --state NJ --input /home/ubuntu/apps/election-app/win_prob/H/NJ/08/_work/output_statewide_stats.csv --output /home/ubuntu/apps/election-app/win_prob/H/NJ/08/snapshots_NJ.csv --start 2024-11-05T15-30-22 --end 2024-11-05T15-30-22 --use-window 1 --interval 30
Mode: windowed-one-state
Rows written: 3
Distinct states in output: NJ
Rows per normalized timestamp (empty = unparseable):
  2024-11-05T15-30-22: 3
Wrote /home/ubuntu/apps/election-app/win_prob/H/NJ/08/snapshots_NJ.csv

$ /home/ubuntu/.venv/bin/python3 /home/ubuntu/apps/election-app/stats/6-pval.py /home/ubuntu/apps/election-app/win_prob/H/NJ/08/snapshots_NJ.csv -t /home/ubuntu/apps/election-app/stats/parameters.csv -o /home/ubuntu/apps/election-app/win_prob/H/NJ/08/data_output_NJ.csv -c 50
Done. Wrote: /home/ubuntu/apps/election-app/win_prob/H/NJ/08/data_output_NJ.csv
Total rows: 3 (chunked, resumable).
Computed columns for PVALS = [0.01, 0.1, 1, 2, 3, 5, 10, 15, 20, 25, 30, 35, 40, 45, 50, 55, 60, 65, 70, 75, 80, 85, 90, 95, 97, 98, 99, 99.9, 99.99]
Per p (leader): shift_{p}, margin_new_{p}, harris_percent_new_{p}, trump_percent_new_{p}, total_snapshot_{p}, total_expected_{p}, harris_votes_new_{p}, trump_votes_new_{p}
Per p (trailing): shift_trailing_{p}, margin_new_{p}_trailing, harris_percent_new_{p}_trailing, trump_percent_new_{p}_trailing, total_snapshot_{p}_trailing, total_expected_{p}_trailing, harris_votes_new_{p}_trailing, trump_votes_new_{p}_trailing
Checkpoint saved at: /home/ubuntu/apps/election-app/win_prob/H/NJ/08/data_output_NJ.csv.checkpoint.json

$ /home/ubuntu/.venv/bin/python3 /home/ubuntu/apps/election-app/stats/7-margin-new.py
Wrote data_output_with_margins_old.csv

$ /home/ubuntu/.venv/bin/python3 /home/ubuntu/apps/election-app/stats/7-eevp-statewide.py
Wrote data_output_with_margins.csv (copied from data_output_with_margins_old.csv)

$ /home/ubuntu/.venv/bin/python3 /home/ubuntu/apps/election-app/stats/7.py --input /home/ubuntu/apps/election-app/win_prob/H/NJ/08/data_output_NJ_with_margins_statewide_eevp.csv --output /home/ubuntu/apps/election-app/win_prob/H/NJ/08/statewide_margin_pct_vs_percent_NJ_2026.png --state NJ --start 2024-11-05T15-30-22 --end 2024-11-05T15-30-22 --stats /home/ubuntu/apps/election-app/win_prob/H/NJ/08/stats.csv --stats2 /home/ubuntu/apps/election-app/win_prob/H/NJ/08/stats2.csv --interval 30 --year 2026 --jsonl /home/ubuntu/apps/election-app/win_prob/H/NJ/08/plotdata_NJ_2026_2026-01-25T14-59-58.jsonl
[info] evaluating 1 timestamps from 2024-11-05T15-30-22 to 2024-11-05T15-30-22 every 30 minutes
[saved] probs_timeseries_NJ.csv  (1 points)
[saved] /home/ubuntu/apps/election-app/win_prob/H/NJ/08/plotdata_NJ_2026_2026-01-25T14-59-58.jsonl  (4 points)
[saved] /home/ubuntu/apps/election-app/win_prob/H/NJ/08/statewide_margin_pct_vs_percent_NJ_2026_box.json
[saved] /home/ubuntu/apps/election-app/win_prob/H/NJ/08/statewide_margin_pct_vs_percent_NJ_2026_box.png
[saved] /home/ubuntu/apps/election-app/win_prob/H/NJ/08/statewide_margin_pct_vs_percent_NJ_2026.png

All 50 states complete. See: /home/ubuntu/apps/election-app/win_prob/H/NJ/08

$ /home/ubuntu/.venv/bin/python3 /home/ubuntu/apps/election-app/stats/8.py --root /home/ubuntu/apps/election-app/win_prob/H/NJ/08/_work --outdir /home/ubuntu/apps/election-app/win_prob/H/NJ/08
[info] root  = /home/ubuntu/apps/election-app/win_prob/H/NJ/08/_work
[info] outdir= /home/ubuntu/apps/election-app/win_prob/H/NJ/08
[deleted] /home/ubuntu/apps/election-app/win_prob/H/NJ/08/_work/stats_with_statewide.csv
[deleted] /home/ubuntu/apps/election-app/win_prob/H/NJ/08/_work/stats2_final_headers.csv
[deleted] /home/ubuntu/apps/election-app/win_prob/H/NJ/08/_work/2024_county_results_with_final-old.csv
[deleted] /home/ubuntu/apps/election-app/win_prob/H/NJ/08/_work/2024_county_results_with_final.csv
[deleted] /home/ubuntu/apps/election-app/win_prob/H/NJ/08/_work/2024_county_results_with_final_1.csv
[deleted] /home/ubuntu/apps/election-app/win_prob/H/NJ/08/_work/2024_county_results_with_calcs-old.csv
[deleted] /home/ubuntu/apps/election-app/win_prob/H/NJ/08/_work/2024_county_results_with_calcs_new.csv
[deleted] /home/ubuntu/apps/election-app/win_prob/H/NJ/08/_work/output_statewide_stats.csv
[skip]    /home/ubuntu/apps/election-app/win_prob/H/NJ/08/_work/probs_timeseries_PA.csv
[deleted] /home/ubuntu/apps/election-app/win_prob/H/NJ/08/_work/2024_county_results_with_calcs.csv
[skip]    /home/ubuntu/apps/election-app/win_prob/H/NJ/08/data_output.csv
[skip]    /home/ubuntu/apps/election-app/win_prob/H/NJ/08/data_output_with_margins_old.csv
[skip]    /home/ubuntu/apps/election-app/win_prob/H/NJ/08/data_output_with_margins.csv
[skip]    /home/ubuntu/apps/election-app/win_prob/H/NJ/08/data_output_with_margins-statewide.csv
[deleted] /home/ubuntu/apps/election-app/win_prob/H/NJ/08/snapshots_NJ.csv
[deleted] /home/ubuntu/apps/election-app/win_prob/H/NJ/08/data_output_NJ.csv
[deleted] /home/ubuntu/apps/election-app/win_prob/H/NJ/08/data_output_NJ_with_margins_statewide_eevp.csv
[deleted] /home/ubuntu/apps/election-app/win_prob/H/NJ/08/data_output_NJ_with_margins.csv
[deleted] /home/ubuntu/apps/election-app/win_prob/H/NJ/08/data_output_NJ.csv.checkpoint.json
[deleted] /home/ubuntu/apps/election-app/win_prob/H/NJ/08/stats.csv
[deleted] /home/ubuntu/apps/election-app/win_prob/H/NJ/08/stats2.csv
[done] removed 16 file(s)
[2026-01-25 15:06:59] INFO: [PIPELINE] args: office=H state=NJ district=08
[2026-01-25 15:06:59] INFO: [PIPELINE] WINPROB_DIR resolved to: /home/ubuntu/apps/election-app/win_prob/H/NJ/08
[2026-01-25 15:06:59] INFO: [PIPELINE] OUTDIR set to: /home/ubuntu/apps/election-app/win_prob/H/NJ/08

$ /home/ubuntu/.venv/bin/python3 /home/ubuntu/apps/election-app/stats/1-statewide.py --input /home/ubuntu/apps/election-app/win_prob/H/NJ/08/stats.csv --output /home/ubuntu/apps/election-app/win_prob/H/NJ/08/_work/stats_with_statewide.csv
Wrote /home/ubuntu/apps/election-app/win_prob/H/NJ/08/_work/stats_with_statewide.csv (rows=3)

$ /home/ubuntu/.venv/bin/python3 /home/ubuntu/apps/election-app/stats/1-stats-2.py --input /home/ubuntu/apps/election-app/win_prob/H/NJ/08/stats2.csv --output /home/ubuntu/apps/election-app/win_prob/H/NJ/08/_work/stats2_final_headers.csv
Wrote /home/ubuntu/apps/election-app/win_prob/H/NJ/08/_work/stats2_final_headers.csv (rows=3)

$ /home/ubuntu/.venv/bin/python3 /home/ubuntu/apps/election-app/stats/1-append-new.py
Wrote 2024_county_results_with_final-old.csv (rows=3, missing_final_matches=0)

$ /home/ubuntu/.venv/bin/python3 /home/ubuntu/apps/election-app/stats/1-change_header.py
Wrote: 2024_county_results_with_final.csv

$ /home/ubuntu/.venv/bin/python3 /home/ubuntu/apps/election-app/stats/1-cut-zero-fips.py
Wrote: 2024_county_results_with_final_1.csv
Rows before: 3
Rows after:  3
Dropped (fips == 0): 0

$ /home/ubuntu/.venv/bin/python3 /home/ubuntu/apps/election-app/stats/2-calc.py
Wrote 3 rows with calculations to /home/ubuntu/apps/election-app/win_prob/H/NJ/08/_work/2024_county_results_with_calcs-old.csv

$ /home/ubuntu/.venv/bin/python3 /home/ubuntu/apps/election-app/stats/2-eevp.py
Wrote (no-op copy): 2024_county_results_with_calcs.csv
Columns:
 - timestamp
 - state
 - county
 - fips
 - trump_votes
 - harris_votes
 - other_votes
 - eevp
 - state_eevp
 - harris_votes_statewide
 - trump_votes_statewide
 - other_votes_statewide
 - final_state
 - final_county
 - final_fips
 - final_trump_votes
 - final_harris_votes
 - final_other_votes
 - harris_percent_snapshot
 - trump_percent_snapshot
 - margin_snapshot
 - harris_percent_final
 - trump_percent_final
 - margin_final
 - margin_difference
 - margin_difference_abs

$ /home/ubuntu/.venv/bin/python3 /home/ubuntu/apps/election-app/stats/3-calc-new.py
Wrote 3 rows with new columns to /home/ubuntu/apps/election-app/win_prob/H/NJ/08/_work/2024_county_results_with_calcs_new.csv

$ /home/ubuntu/.venv/bin/python3 /home/ubuntu/apps/election-app/stats/4-stats.py
Reading 2024_county_results_with_calcs_new.csv...
Aggregating statewide totals...
Calculating percentages and margins...
Writing to output_statewide_stats.csv...
Done!
[2026-01-25 15:07:08] INFO: [PIPELINE] ENTER win-prob generation | states=['NJ'] ts_list=['2024-11-05T15-30-22']

============================================================================
[01/1] STATE = NJ
============================================================================

$ /home/ubuntu/.venv/bin/python3 /home/ubuntu/apps/election-app/stats/5-snapshots.py --state NJ --input /home/ubuntu/apps/election-app/win_prob/H/NJ/08/_work/output_statewide_stats.csv --output /home/ubuntu/apps/election-app/win_prob/H/NJ/08/snapshots_NJ.csv --start 2024-11-05T15-30-22 --end 2024-11-05T15-30-22 --use-window 1 --interval 30
Mode: windowed-one-state
Rows written: 3
Distinct states in output: NJ
Rows per normalized timestamp (empty = unparseable):
  2024-11-05T15-30-22: 3
Wrote /home/ubuntu/apps/election-app/win_prob/H/NJ/08/snapshots_NJ.csv

$ /home/ubuntu/.venv/bin/python3 /home/ubuntu/apps/election-app/stats/6-pval.py /home/ubuntu/apps/election-app/win_prob/H/NJ/08/snapshots_NJ.csv -t /home/ubuntu/apps/election-app/stats/parameters.csv -o /home/ubuntu/apps/election-app/win_prob/H/NJ/08/data_output_NJ.csv -c 50
Done. Wrote: /home/ubuntu/apps/election-app/win_prob/H/NJ/08/data_output_NJ.csv
Total rows: 3 (chunked, resumable).
Computed columns for PVALS = [0.01, 0.1, 1, 2, 3, 5, 10, 15, 20, 25, 30, 35, 40, 45, 50, 55, 60, 65, 70, 75, 80, 85, 90, 95, 97, 98, 99, 99.9, 99.99]
Per p (leader): shift_{p}, margin_new_{p}, harris_percent_new_{p}, trump_percent_new_{p}, total_snapshot_{p}, total_expected_{p}, harris_votes_new_{p}, trump_votes_new_{p}
Per p (trailing): shift_trailing_{p}, margin_new_{p}_trailing, harris_percent_new_{p}_trailing, trump_percent_new_{p}_trailing, total_snapshot_{p}_trailing, total_expected_{p}_trailing, harris_votes_new_{p}_trailing, trump_votes_new_{p}_trailing
Checkpoint saved at: /home/ubuntu/apps/election-app/win_prob/H/NJ/08/data_output_NJ.csv.checkpoint.json

$ /home/ubuntu/.venv/bin/python3 /home/ubuntu/apps/election-app/stats/7-margin-new.py
Wrote data_output_with_margins_old.csv

$ /home/ubuntu/.venv/bin/python3 /home/ubuntu/apps/election-app/stats/7-eevp-statewide.py
Wrote data_output_with_margins.csv (copied from data_output_with_margins_old.csv)

$ /home/ubuntu/.venv/bin/python3 /home/ubuntu/apps/election-app/stats/7.py --input /home/ubuntu/apps/election-app/win_prob/H/NJ/08/data_output_NJ_with_margins_statewide_eevp.csv --output /home/ubuntu/apps/election-app/win_prob/H/NJ/08/statewide_margin_pct_vs_percent_NJ_2026.png --state NJ --start 2024-11-05T15-30-22 --end 2024-11-05T15-30-22 --stats /home/ubuntu/apps/election-app/win_prob/H/NJ/08/stats.csv --stats2 /home/ubuntu/apps/election-app/win_prob/H/NJ/08/stats2.csv --interval 30 --year 2026 --jsonl /home/ubuntu/apps/election-app/win_prob/H/NJ/08/plotdata_NJ_2026_2026-01-25T15-06-59.jsonl
[info] evaluating 1 timestamps from 2024-11-05T15-30-22 to 2024-11-05T15-30-22 every 30 minutes
[saved] probs_timeseries_NJ.csv  (1 points)
[saved] /home/ubuntu/apps/election-app/win_prob/H/NJ/08/plotdata_NJ_2026_2026-01-25T15-06-59.jsonl  (4 points)
[saved] /home/ubuntu/apps/election-app/win_prob/H/NJ/08/statewide_margin_pct_vs_percent_NJ_2026_box.json
[saved] /home/ubuntu/apps/election-app/win_prob/H/NJ/08/statewide_margin_pct_vs_percent_NJ_2026_box.png
[saved] /home/ubuntu/apps/election-app/win_prob/H/NJ/08/statewide_margin_pct_vs_percent_NJ_2026.png

All 50 states complete. See: /home/ubuntu/apps/election-app/win_prob/H/NJ/08

$ /home/ubuntu/.venv/bin/python3 /home/ubuntu/apps/election-app/stats/8.py --root /home/ubuntu/apps/election-app/win_prob/H/NJ/08/_work --outdir /home/ubuntu/apps/election-app/win_prob/H/NJ/08
[info] root  = /home/ubuntu/apps/election-app/win_prob/H/NJ/08/_work
[info] outdir= /home/ubuntu/apps/election-app/win_prob/H/NJ/08
[deleted] /home/ubuntu/apps/election-app/win_prob/H/NJ/08/_work/stats_with_statewide.csv
[deleted] /home/ubuntu/apps/election-app/win_prob/H/NJ/08/_work/stats2_final_headers.csv
[deleted] /home/ubuntu/apps/election-app/win_prob/H/NJ/08/_work/2024_county_results_with_final-old.csv
[deleted] /home/ubuntu/apps/election-app/win_prob/H/NJ/08/_work/2024_county_results_with_final.csv
[deleted] /home/ubuntu/apps/election-app/win_prob/H/NJ/08/_work/2024_county_results_with_final_1.csv
[deleted] /home/ubuntu/apps/election-app/win_prob/H/NJ/08/_work/2024_county_results_with_calcs-old.csv
[deleted] /home/ubuntu/apps/election-app/win_prob/H/NJ/08/_work/2024_county_results_with_calcs_new.csv
[deleted] /home/ubuntu/apps/election-app/win_prob/H/NJ/08/_work/output_statewide_stats.csv
[skip]    /home/ubuntu/apps/election-app/win_prob/H/NJ/08/_work/probs_timeseries_PA.csv
[deleted] /home/ubuntu/apps/election-app/win_prob/H/NJ/08/_work/2024_county_results_with_calcs.csv
[skip]    /home/ubuntu/apps/election-app/win_prob/H/NJ/08/data_output.csv
[skip]    /home/ubuntu/apps/election-app/win_prob/H/NJ/08/data_output_with_margins_old.csv
[skip]    /home/ubuntu/apps/election-app/win_prob/H/NJ/08/data_output_with_margins.csv
[skip]    /home/ubuntu/apps/election-app/win_prob/H/NJ/08/data_output_with_margins-statewide.csv
[deleted] /home/ubuntu/apps/election-app/win_prob/H/NJ/08/snapshots_NJ.csv
[deleted] /home/ubuntu/apps/election-app/win_prob/H/NJ/08/data_output_NJ.csv
[deleted] /home/ubuntu/apps/election-app/win_prob/H/NJ/08/data_output_NJ_with_margins_statewide_eevp.csv
[deleted] /home/ubuntu/apps/election-app/win_prob/H/NJ/08/data_output_NJ_with_margins.csv
[deleted] /home/ubuntu/apps/election-app/win_prob/H/NJ/08/data_output_NJ.csv.checkpoint.json
[deleted] /home/ubuntu/apps/election-app/win_prob/H/NJ/08/stats.csv
[deleted] /home/ubuntu/apps/election-app/win_prob/H/NJ/08/stats2.csv
[done] removed 16 file(s)
[2026-01-25 15:14:03] INFO: [PIPELINE] args: office=H state=NJ district=08
[2026-01-25 15:14:03] INFO: [PIPELINE] WINPROB_DIR resolved to: /home/ubuntu/apps/election-app/win_prob/H/NJ/08
[2026-01-25 15:14:03] INFO: [PIPELINE] OUTDIR set to: /home/ubuntu/apps/election-app/win_prob/H/NJ/08

$ /home/ubuntu/.venv/bin/python3 /home/ubuntu/apps/election-app/stats/1-statewide.py --input /home/ubuntu/apps/election-app/win_prob/H/NJ/08/stats.csv --output /home/ubuntu/apps/election-app/win_prob/H/NJ/08/_work/stats_with_statewide.csv
Wrote /home/ubuntu/apps/election-app/win_prob/H/NJ/08/_work/stats_with_statewide.csv (rows=3)

$ /home/ubuntu/.venv/bin/python3 /home/ubuntu/apps/election-app/stats/1-stats-2.py --input /home/ubuntu/apps/election-app/win_prob/H/NJ/08/stats2.csv --output /home/ubuntu/apps/election-app/win_prob/H/NJ/08/_work/stats2_final_headers.csv
Wrote /home/ubuntu/apps/election-app/win_prob/H/NJ/08/_work/stats2_final_headers.csv (rows=3)

$ /home/ubuntu/.venv/bin/python3 /home/ubuntu/apps/election-app/stats/1-append-new.py
Wrote 2024_county_results_with_final-old.csv (rows=3, missing_final_matches=0)

$ /home/ubuntu/.venv/bin/python3 /home/ubuntu/apps/election-app/stats/1-change_header.py
Wrote: 2024_county_results_with_final.csv

$ /home/ubuntu/.venv/bin/python3 /home/ubuntu/apps/election-app/stats/1-cut-zero-fips.py
Wrote: 2024_county_results_with_final_1.csv
Rows before: 3
Rows after:  3
Dropped (fips == 0): 0

$ /home/ubuntu/.venv/bin/python3 /home/ubuntu/apps/election-app/stats/2-calc.py
Wrote 3 rows with calculations to /home/ubuntu/apps/election-app/win_prob/H/NJ/08/_work/2024_county_results_with_calcs-old.csv

$ /home/ubuntu/.venv/bin/python3 /home/ubuntu/apps/election-app/stats/2-eevp.py
Wrote (no-op copy): 2024_county_results_with_calcs.csv
Columns:
 - timestamp
 - state
 - county
 - fips
 - trump_votes
 - harris_votes
 - other_votes
 - eevp
 - state_eevp
 - harris_votes_statewide
 - trump_votes_statewide
 - other_votes_statewide
 - final_state
 - final_county
 - final_fips
 - final_trump_votes
 - final_harris_votes
 - final_other_votes
 - harris_percent_snapshot
 - trump_percent_snapshot
 - margin_snapshot
 - harris_percent_final
 - trump_percent_final
 - margin_final
 - margin_difference
 - margin_difference_abs

$ /home/ubuntu/.venv/bin/python3 /home/ubuntu/apps/election-app/stats/3-calc-new.py
Wrote 3 rows with new columns to /home/ubuntu/apps/election-app/win_prob/H/NJ/08/_work/2024_county_results_with_calcs_new.csv

$ /home/ubuntu/.venv/bin/python3 /home/ubuntu/apps/election-app/stats/4-stats.py
Reading 2024_county_results_with_calcs_new.csv...
Aggregating statewide totals...
Calculating percentages and margins...
Writing to output_statewide_stats.csv...
Done!
[2026-01-25 15:14:12] INFO: [PIPELINE] ENTER win-prob generation | states=['NJ'] ts_list=['2024-11-05T15-30-22']

============================================================================
[01/1] STATE = NJ
============================================================================

$ /home/ubuntu/.venv/bin/python3 /home/ubuntu/apps/election-app/stats/5-snapshots.py --state NJ --input /home/ubuntu/apps/election-app/win_prob/H/NJ/08/_work/output_statewide_stats.csv --output /home/ubuntu/apps/election-app/win_prob/H/NJ/08/snapshots_NJ.csv --start 2024-11-05T15-30-22 --end 2024-11-05T15-30-22 --use-window 1 --interval 30
Mode: windowed-one-state
Rows written: 3
Distinct states in output: NJ
Rows per normalized timestamp (empty = unparseable):
  2024-11-05T15-30-22: 3
Wrote /home/ubuntu/apps/election-app/win_prob/H/NJ/08/snapshots_NJ.csv

$ /home/ubuntu/.venv/bin/python3 /home/ubuntu/apps/election-app/stats/6-pval.py /home/ubuntu/apps/election-app/win_prob/H/NJ/08/snapshots_NJ.csv -t /home/ubuntu/apps/election-app/stats/parameters.csv -o /home/ubuntu/apps/election-app/win_prob/H/NJ/08/data_output_NJ.csv -c 50
Done. Wrote: /home/ubuntu/apps/election-app/win_prob/H/NJ/08/data_output_NJ.csv
Total rows: 3 (chunked, resumable).
Computed columns for PVALS = [0.01, 0.1, 1, 2, 3, 5, 10, 15, 20, 25, 30, 35, 40, 45, 50, 55, 60, 65, 70, 75, 80, 85, 90, 95, 97, 98, 99, 99.9, 99.99]
Per p (leader): shift_{p}, margin_new_{p}, harris_percent_new_{p}, trump_percent_new_{p}, total_snapshot_{p}, total_expected_{p}, harris_votes_new_{p}, trump_votes_new_{p}
Per p (trailing): shift_trailing_{p}, margin_new_{p}_trailing, harris_percent_new_{p}_trailing, trump_percent_new_{p}_trailing, total_snapshot_{p}_trailing, total_expected_{p}_trailing, harris_votes_new_{p}_trailing, trump_votes_new_{p}_trailing
Checkpoint saved at: /home/ubuntu/apps/election-app/win_prob/H/NJ/08/data_output_NJ.csv.checkpoint.json

$ /home/ubuntu/.venv/bin/python3 /home/ubuntu/apps/election-app/stats/7-margin-new.py
Wrote data_output_with_margins_old.csv

$ /home/ubuntu/.venv/bin/python3 /home/ubuntu/apps/election-app/stats/7-eevp-statewide.py
Wrote data_output_with_margins.csv (copied from data_output_with_margins_old.csv)

$ /home/ubuntu/.venv/bin/python3 /home/ubuntu/apps/election-app/stats/7.py --input /home/ubuntu/apps/election-app/win_prob/H/NJ/08/data_output_NJ_with_margins_statewide_eevp.csv --output /home/ubuntu/apps/election-app/win_prob/H/NJ/08/statewide_margin_pct_vs_percent_NJ_2026.png --state NJ --start 2024-11-05T15-30-22 --end 2024-11-05T15-30-22 --stats /home/ubuntu/apps/election-app/win_prob/H/NJ/08/stats.csv --stats2 /home/ubuntu/apps/election-app/win_prob/H/NJ/08/stats2.csv --interval 30 --year 2026 --jsonl /home/ubuntu/apps/election-app/win_prob/H/NJ/08/plotdata_NJ_2026_2026-01-25T15-14-03.jsonl
[info] evaluating 1 timestamps from 2024-11-05T15-30-22 to 2024-11-05T15-30-22 every 30 minutes
[saved] probs_timeseries_NJ.csv  (1 points)
[saved] /home/ubuntu/apps/election-app/win_prob/H/NJ/08/plotdata_NJ_2026_2026-01-25T15-14-03.jsonl  (4 points)
[saved] /home/ubuntu/apps/election-app/win_prob/H/NJ/08/statewide_margin_pct_vs_percent_NJ_2026_box.json
[saved] /home/ubuntu/apps/election-app/win_prob/H/NJ/08/statewide_margin_pct_vs_percent_NJ_2026_box.png
[saved] /home/ubuntu/apps/election-app/win_prob/H/NJ/08/statewide_margin_pct_vs_percent_NJ_2026.png

All 50 states complete. See: /home/ubuntu/apps/election-app/win_prob/H/NJ/08

$ /home/ubuntu/.venv/bin/python3 /home/ubuntu/apps/election-app/stats/8.py --root /home/ubuntu/apps/election-app/win_prob/H/NJ/08/_work --outdir /home/ubuntu/apps/election-app/win_prob/H/NJ/08
[info] root  = /home/ubuntu/apps/election-app/win_prob/H/NJ/08/_work
[info] outdir= /home/ubuntu/apps/election-app/win_prob/H/NJ/08
[deleted] /home/ubuntu/apps/election-app/win_prob/H/NJ/08/_work/stats_with_statewide.csv
[deleted] /home/ubuntu/apps/election-app/win_prob/H/NJ/08/_work/stats2_final_headers.csv
[deleted] /home/ubuntu/apps/election-app/win_prob/H/NJ/08/_work/2024_county_results_with_final-old.csv
[deleted] /home/ubuntu/apps/election-app/win_prob/H/NJ/08/_work/2024_county_results_with_final.csv
[deleted] /home/ubuntu/apps/election-app/win_prob/H/NJ/08/_work/2024_county_results_with_final_1.csv
[deleted] /home/ubuntu/apps/election-app/win_prob/H/NJ/08/_work/2024_county_results_with_calcs-old.csv
[deleted] /home/ubuntu/apps/election-app/win_prob/H/NJ/08/_work/2024_county_results_with_calcs_new.csv
[deleted] /home/ubuntu/apps/election-app/win_prob/H/NJ/08/_work/output_statewide_stats.csv
[skip]    /home/ubuntu/apps/election-app/win_prob/H/NJ/08/_work/probs_timeseries_PA.csv
[deleted] /home/ubuntu/apps/election-app/win_prob/H/NJ/08/_work/2024_county_results_with_calcs.csv
[skip]    /home/ubuntu/apps/election-app/win_prob/H/NJ/08/data_output.csv
[skip]    /home/ubuntu/apps/election-app/win_prob/H/NJ/08/data_output_with_margins_old.csv
[skip]    /home/ubuntu/apps/election-app/win_prob/H/NJ/08/data_output_with_margins.csv
[skip]    /home/ubuntu/apps/election-app/win_prob/H/NJ/08/data_output_with_margins-statewide.csv
[deleted] /home/ubuntu/apps/election-app/win_prob/H/NJ/08/snapshots_NJ.csv
[deleted] /home/ubuntu/apps/election-app/win_prob/H/NJ/08/data_output_NJ.csv
[deleted] /home/ubuntu/apps/election-app/win_prob/H/NJ/08/data_output_NJ_with_margins_statewide_eevp.csv
[deleted] /home/ubuntu/apps/election-app/win_prob/H/NJ/08/data_output_NJ_with_margins.csv
[deleted] /home/ubuntu/apps/election-app/win_prob/H/NJ/08/data_output_NJ.csv.checkpoint.json
[deleted] /home/ubuntu/apps/election-app/win_prob/H/NJ/08/stats.csv
[deleted] /home/ubuntu/apps/election-app/win_prob/H/NJ/08/stats2.csv
[done] removed 16 file(s)
[2026-01-25 15:28:09] INFO: [PIPELINE] args: office=H state=NJ district=08
[2026-01-25 15:28:09] INFO: [PIPELINE] WINPROB_DIR resolved to: /home/ubuntu/apps/election-app/win_prob/H/NJ/08
[2026-01-25 15:28:09] INFO: [PIPELINE] OUTDIR set to: /home/ubuntu/apps/election-app/win_prob/H/NJ/08

$ /home/ubuntu/.venv/bin/python3 /home/ubuntu/apps/election-app/stats/1-statewide.py --input /home/ubuntu/apps/election-app/win_prob/H/NJ/08/stats.csv --output /home/ubuntu/apps/election-app/win_prob/H/NJ/08/_work/stats_with_statewide.csv
Wrote /home/ubuntu/apps/election-app/win_prob/H/NJ/08/_work/stats_with_statewide.csv (rows=3)

$ /home/ubuntu/.venv/bin/python3 /home/ubuntu/apps/election-app/stats/1-stats-2.py --input /home/ubuntu/apps/election-app/win_prob/H/NJ/08/stats2.csv --output /home/ubuntu/apps/election-app/win_prob/H/NJ/08/_work/stats2_final_headers.csv
Wrote /home/ubuntu/apps/election-app/win_prob/H/NJ/08/_work/stats2_final_headers.csv (rows=3)

$ /home/ubuntu/.venv/bin/python3 /home/ubuntu/apps/election-app/stats/1-append-new.py
Wrote 2024_county_results_with_final-old.csv (rows=3, missing_final_matches=0)

$ /home/ubuntu/.venv/bin/python3 /home/ubuntu/apps/election-app/stats/1-change_header.py
Wrote: 2024_county_results_with_final.csv

$ /home/ubuntu/.venv/bin/python3 /home/ubuntu/apps/election-app/stats/1-cut-zero-fips.py
Wrote: 2024_county_results_with_final_1.csv
Rows before: 3
Rows after:  3
Dropped (fips == 0): 0

$ /home/ubuntu/.venv/bin/python3 /home/ubuntu/apps/election-app/stats/2-calc.py
Wrote 3 rows with calculations to /home/ubuntu/apps/election-app/win_prob/H/NJ/08/_work/2024_county_results_with_calcs-old.csv

$ /home/ubuntu/.venv/bin/python3 /home/ubuntu/apps/election-app/stats/2-eevp.py
Wrote (no-op copy): 2024_county_results_with_calcs.csv
Columns:
 - timestamp
 - state
 - county
 - fips
 - trump_votes
 - harris_votes
 - other_votes
 - eevp
 - state_eevp
 - harris_votes_statewide
 - trump_votes_statewide
 - other_votes_statewide
 - final_state
 - final_county
 - final_fips
 - final_trump_votes
 - final_harris_votes
 - final_other_votes
 - harris_percent_snapshot
 - trump_percent_snapshot
 - margin_snapshot
 - harris_percent_final
 - trump_percent_final
 - margin_final
 - margin_difference
 - margin_difference_abs

$ /home/ubuntu/.venv/bin/python3 /home/ubuntu/apps/election-app/stats/3-calc-new.py
Wrote 3 rows with new columns to /home/ubuntu/apps/election-app/win_prob/H/NJ/08/_work/2024_county_results_with_calcs_new.csv

$ /home/ubuntu/.venv/bin/python3 /home/ubuntu/apps/election-app/stats/4-stats.py
Reading 2024_county_results_with_calcs_new.csv...
Aggregating statewide totals...
Calculating percentages and margins...
Writing to output_statewide_stats.csv...
Done!
[2026-01-25 15:28:19] INFO: [PIPELINE] ENTER win-prob generation | states=['NJ'] ts_list=['2024-11-05T15-30-22']

============================================================================
[01/1] STATE = NJ
============================================================================

$ /home/ubuntu/.venv/bin/python3 /home/ubuntu/apps/election-app/stats/5-snapshots.py --state NJ --input /home/ubuntu/apps/election-app/win_prob/H/NJ/08/_work/output_statewide_stats.csv --output /home/ubuntu/apps/election-app/win_prob/H/NJ/08/snapshots_NJ.csv --start 2024-11-05T15-30-22 --end 2024-11-05T15-30-22 --use-window 1 --interval 30
Mode: windowed-one-state
Rows written: 3
Distinct states in output: NJ
Rows per normalized timestamp (empty = unparseable):
  2024-11-05T15-30-22: 3
Wrote /home/ubuntu/apps/election-app/win_prob/H/NJ/08/snapshots_NJ.csv

$ /home/ubuntu/.venv/bin/python3 /home/ubuntu/apps/election-app/stats/6-pval.py /home/ubuntu/apps/election-app/win_prob/H/NJ/08/snapshots_NJ.csv -t /home/ubuntu/apps/election-app/stats/parameters.csv -o /home/ubuntu/apps/election-app/win_prob/H/NJ/08/data_output_NJ.csv -c 50
Done. Wrote: /home/ubuntu/apps/election-app/win_prob/H/NJ/08/data_output_NJ.csv
Total rows: 3 (chunked, resumable).
Computed columns for PVALS = [0.01, 0.1, 1, 2, 3, 5, 10, 15, 20, 25, 30, 35, 40, 45, 50, 55, 60, 65, 70, 75, 80, 85, 90, 95, 97, 98, 99, 99.9, 99.99]
Per p (leader): shift_{p}, margin_new_{p}, harris_percent_new_{p}, trump_percent_new_{p}, total_snapshot_{p}, total_expected_{p}, harris_votes_new_{p}, trump_votes_new_{p}
Per p (trailing): shift_trailing_{p}, margin_new_{p}_trailing, harris_percent_new_{p}_trailing, trump_percent_new_{p}_trailing, total_snapshot_{p}_trailing, total_expected_{p}_trailing, harris_votes_new_{p}_trailing, trump_votes_new_{p}_trailing
Checkpoint saved at: /home/ubuntu/apps/election-app/win_prob/H/NJ/08/data_output_NJ.csv.checkpoint.json

$ /home/ubuntu/.venv/bin/python3 /home/ubuntu/apps/election-app/stats/7-margin-new.py
Wrote data_output_with_margins_old.csv

$ /home/ubuntu/.venv/bin/python3 /home/ubuntu/apps/election-app/stats/7-eevp-statewide.py
Wrote data_output_with_margins.csv (copied from data_output_with_margins_old.csv)

$ /home/ubuntu/.venv/bin/python3 /home/ubuntu/apps/election-app/stats/7.py --input /home/ubuntu/apps/election-app/win_prob/H/NJ/08/data_output_NJ_with_margins_statewide_eevp.csv --output /home/ubuntu/apps/election-app/win_prob/H/NJ/08/statewide_margin_pct_vs_percent_NJ_2026.png --state NJ --start 2024-11-05T15-30-22 --end 2024-11-05T15-30-22 --stats /home/ubuntu/apps/election-app/win_prob/H/NJ/08/stats.csv --stats2 /home/ubuntu/apps/election-app/win_prob/H/NJ/08/stats2.csv --interval 30 --year 2026 --jsonl /home/ubuntu/apps/election-app/win_prob/H/NJ/08/plotdata_NJ_2026_2026-01-25T15-28-09.jsonl
[info] evaluating 1 timestamps from 2024-11-05T15-30-22 to 2024-11-05T15-30-22 every 30 minutes
[saved] probs_timeseries_NJ.csv  (1 points)
[saved] /home/ubuntu/apps/election-app/win_prob/H/NJ/08/plotdata_NJ_2026_2026-01-25T15-28-09.jsonl  (4 points)
[saved] /home/ubuntu/apps/election-app/win_prob/H/NJ/08/statewide_margin_pct_vs_percent_NJ_2026_box.json
[saved] /home/ubuntu/apps/election-app/win_prob/H/NJ/08/statewide_margin_pct_vs_percent_NJ_2026_box.png
[saved] /home/ubuntu/apps/election-app/win_prob/H/NJ/08/statewide_margin_pct_vs_percent_NJ_2026.png

All 50 states complete. See: /home/ubuntu/apps/election-app/win_prob/H/NJ/08

$ /home/ubuntu/.venv/bin/python3 /home/ubuntu/apps/election-app/stats/8.py --root /home/ubuntu/apps/election-app/win_prob/H/NJ/08/_work --outdir /home/ubuntu/apps/election-app/win_prob/H/NJ/08
[info] root  = /home/ubuntu/apps/election-app/win_prob/H/NJ/08/_work
[info] outdir= /home/ubuntu/apps/election-app/win_prob/H/NJ/08
[deleted] /home/ubuntu/apps/election-app/win_prob/H/NJ/08/_work/stats_with_statewide.csv
[deleted] /home/ubuntu/apps/election-app/win_prob/H/NJ/08/_work/stats2_final_headers.csv
[deleted] /home/ubuntu/apps/election-app/win_prob/H/NJ/08/_work/2024_county_results_with_final-old.csv
[deleted] /home/ubuntu/apps/election-app/win_prob/H/NJ/08/_work/2024_county_results_with_final.csv
[deleted] /home/ubuntu/apps/election-app/win_prob/H/NJ/08/_work/2024_county_results_with_final_1.csv
[deleted] /home/ubuntu/apps/election-app/win_prob/H/NJ/08/_work/2024_county_results_with_calcs-old.csv
[deleted] /home/ubuntu/apps/election-app/win_prob/H/NJ/08/_work/2024_county_results_with_calcs_new.csv
[deleted] /home/ubuntu/apps/election-app/win_prob/H/NJ/08/_work/output_statewide_stats.csv
[skip]    /home/ubuntu/apps/election-app/win_prob/H/NJ/08/_work/probs_timeseries_PA.csv
[deleted] /home/ubuntu/apps/election-app/win_prob/H/NJ/08/_work/2024_county_results_with_calcs.csv
[skip]    /home/ubuntu/apps/election-app/win_prob/H/NJ/08/data_output.csv
[skip]    /home/ubuntu/apps/election-app/win_prob/H/NJ/08/data_output_with_margins_old.csv
[skip]    /home/ubuntu/apps/election-app/win_prob/H/NJ/08/data_output_with_margins.csv
[skip]    /home/ubuntu/apps/election-app/win_prob/H/NJ/08/data_output_with_margins-statewide.csv
[deleted] /home/ubuntu/apps/election-app/win_prob/H/NJ/08/snapshots_NJ.csv
[deleted] /home/ubuntu/apps/election-app/win_prob/H/NJ/08/data_output_NJ.csv
[deleted] /home/ubuntu/apps/election-app/win_prob/H/NJ/08/data_output_NJ_with_margins_statewide_eevp.csv
[deleted] /home/ubuntu/apps/election-app/win_prob/H/NJ/08/data_output_NJ_with_margins.csv
[deleted] /home/ubuntu/apps/election-app/win_prob/H/NJ/08/data_output_NJ.csv.checkpoint.json
[deleted] /home/ubuntu/apps/election-app/win_prob/H/NJ/08/stats.csv
[deleted] /home/ubuntu/apps/election-app/win_prob/H/NJ/08/stats2.csv
[done] removed 16 file(s)
[2026-01-25 15:35:12] INFO: [PIPELINE] args: office=H state=NJ district=08
[2026-01-25 15:35:12] INFO: [PIPELINE] WINPROB_DIR resolved to: /home/ubuntu/apps/election-app/win_prob/H/NJ/08
[2026-01-25 15:35:12] INFO: [PIPELINE] OUTDIR set to: /home/ubuntu/apps/election-app/win_prob/H/NJ/08

$ /home/ubuntu/.venv/bin/python3 /home/ubuntu/apps/election-app/stats/1-statewide.py --input /home/ubuntu/apps/election-app/win_prob/H/NJ/08/stats.csv --output /home/ubuntu/apps/election-app/win_prob/H/NJ/08/_work/stats_with_statewide.csv
Wrote /home/ubuntu/apps/election-app/win_prob/H/NJ/08/_work/stats_with_statewide.csv (rows=3)

$ /home/ubuntu/.venv/bin/python3 /home/ubuntu/apps/election-app/stats/1-stats-2.py --input /home/ubuntu/apps/election-app/win_prob/H/NJ/08/stats2.csv --output /home/ubuntu/apps/election-app/win_prob/H/NJ/08/_work/stats2_final_headers.csv
Wrote /home/ubuntu/apps/election-app/win_prob/H/NJ/08/_work/stats2_final_headers.csv (rows=3)

$ /home/ubuntu/.venv/bin/python3 /home/ubuntu/apps/election-app/stats/1-append-new.py
Wrote 2024_county_results_with_final-old.csv (rows=3, missing_final_matches=0)

$ /home/ubuntu/.venv/bin/python3 /home/ubuntu/apps/election-app/stats/1-change_header.py
Wrote: 2024_county_results_with_final.csv

$ /home/ubuntu/.venv/bin/python3 /home/ubuntu/apps/election-app/stats/1-cut-zero-fips.py
Wrote: 2024_county_results_with_final_1.csv
Rows before: 3
Rows after:  3
Dropped (fips == 0): 0

$ /home/ubuntu/.venv/bin/python3 /home/ubuntu/apps/election-app/stats/2-calc.py
Wrote 3 rows with calculations to /home/ubuntu/apps/election-app/win_prob/H/NJ/08/_work/2024_county_results_with_calcs-old.csv

$ /home/ubuntu/.venv/bin/python3 /home/ubuntu/apps/election-app/stats/2-eevp.py
Wrote (no-op copy): 2024_county_results_with_calcs.csv
Columns:
 - timestamp
 - state
 - county
 - fips
 - trump_votes
 - harris_votes
 - other_votes
 - eevp
 - state_eevp
 - harris_votes_statewide
 - trump_votes_statewide
 - other_votes_statewide
 - final_state
 - final_county
 - final_fips
 - final_trump_votes
 - final_harris_votes
 - final_other_votes
 - harris_percent_snapshot
 - trump_percent_snapshot
 - margin_snapshot
 - harris_percent_final
 - trump_percent_final
 - margin_final
 - margin_difference
 - margin_difference_abs

$ /home/ubuntu/.venv/bin/python3 /home/ubuntu/apps/election-app/stats/3-calc-new.py
Wrote 3 rows with new columns to /home/ubuntu/apps/election-app/win_prob/H/NJ/08/_work/2024_county_results_with_calcs_new.csv

$ /home/ubuntu/.venv/bin/python3 /home/ubuntu/apps/election-app/stats/4-stats.py
Reading 2024_county_results_with_calcs_new.csv...
Aggregating statewide totals...
Calculating percentages and margins...
Writing to output_statewide_stats.csv...
Done!
[2026-01-25 15:35:22] INFO: [PIPELINE] ENTER win-prob generation | states=['NJ'] ts_list=['2024-11-05T15-30-22']

============================================================================
[01/1] STATE = NJ
============================================================================

$ /home/ubuntu/.venv/bin/python3 /home/ubuntu/apps/election-app/stats/5-snapshots.py --state NJ --input /home/ubuntu/apps/election-app/win_prob/H/NJ/08/_work/output_statewide_stats.csv --output /home/ubuntu/apps/election-app/win_prob/H/NJ/08/snapshots_NJ.csv --start 2024-11-05T15-30-22 --end 2024-11-05T15-30-22 --use-window 1 --interval 30
Mode: windowed-one-state
Rows written: 3
Distinct states in output: NJ
Rows per normalized timestamp (empty = unparseable):
  2024-11-05T15-30-22: 3
Wrote /home/ubuntu/apps/election-app/win_prob/H/NJ/08/snapshots_NJ.csv

$ /home/ubuntu/.venv/bin/python3 /home/ubuntu/apps/election-app/stats/6-pval.py /home/ubuntu/apps/election-app/win_prob/H/NJ/08/snapshots_NJ.csv -t /home/ubuntu/apps/election-app/stats/parameters.csv -o /home/ubuntu/apps/election-app/win_prob/H/NJ/08/data_output_NJ.csv -c 50
Done. Wrote: /home/ubuntu/apps/election-app/win_prob/H/NJ/08/data_output_NJ.csv
Total rows: 3 (chunked, resumable).
Computed columns for PVALS = [0.01, 0.1, 1, 2, 3, 5, 10, 15, 20, 25, 30, 35, 40, 45, 50, 55, 60, 65, 70, 75, 80, 85, 90, 95, 97, 98, 99, 99.9, 99.99]
Per p (leader): shift_{p}, margin_new_{p}, harris_percent_new_{p}, trump_percent_new_{p}, total_snapshot_{p}, total_expected_{p}, harris_votes_new_{p}, trump_votes_new_{p}
Per p (trailing): shift_trailing_{p}, margin_new_{p}_trailing, harris_percent_new_{p}_trailing, trump_percent_new_{p}_trailing, total_snapshot_{p}_trailing, total_expected_{p}_trailing, harris_votes_new_{p}_trailing, trump_votes_new_{p}_trailing
Checkpoint saved at: /home/ubuntu/apps/election-app/win_prob/H/NJ/08/data_output_NJ.csv.checkpoint.json

$ /home/ubuntu/.venv/bin/python3 /home/ubuntu/apps/election-app/stats/7-margin-new.py
Wrote data_output_with_margins_old.csv

$ /home/ubuntu/.venv/bin/python3 /home/ubuntu/apps/election-app/stats/7-eevp-statewide.py
Wrote data_output_with_margins.csv (copied from data_output_with_margins_old.csv)

$ /home/ubuntu/.venv/bin/python3 /home/ubuntu/apps/election-app/stats/7.py --input /home/ubuntu/apps/election-app/win_prob/H/NJ/08/data_output_NJ_with_margins_statewide_eevp.csv --output /home/ubuntu/apps/election-app/win_prob/H/NJ/08/statewide_margin_pct_vs_percent_NJ_2026.png --state NJ --start 2024-11-05T15-30-22 --end 2024-11-05T15-30-22 --stats /home/ubuntu/apps/election-app/win_prob/H/NJ/08/stats.csv --stats2 /home/ubuntu/apps/election-app/win_prob/H/NJ/08/stats2.csv --interval 30 --year 2026 --jsonl /home/ubuntu/apps/election-app/win_prob/H/NJ/08/plotdata_NJ_2026_2026-01-25T15-35-12.jsonl
[info] evaluating 1 timestamps from 2024-11-05T15-30-22 to 2024-11-05T15-30-22 every 30 minutes
[saved] probs_timeseries_NJ.csv  (1 points)
[saved] /home/ubuntu/apps/election-app/win_prob/H/NJ/08/plotdata_NJ_2026_2026-01-25T15-35-12.jsonl  (4 points)
[saved] /home/ubuntu/apps/election-app/win_prob/H/NJ/08/statewide_margin_pct_vs_percent_NJ_2026_box.json
[saved] /home/ubuntu/apps/election-app/win_prob/H/NJ/08/statewide_margin_pct_vs_percent_NJ_2026_box.png
[saved] /home/ubuntu/apps/election-app/win_prob/H/NJ/08/statewide_margin_pct_vs_percent_NJ_2026.png

All 50 states complete. See: /home/ubuntu/apps/election-app/win_prob/H/NJ/08

$ /home/ubuntu/.venv/bin/python3 /home/ubuntu/apps/election-app/stats/8.py --root /home/ubuntu/apps/election-app/win_prob/H/NJ/08/_work --outdir /home/ubuntu/apps/election-app/win_prob/H/NJ/08
[info] root  = /home/ubuntu/apps/election-app/win_prob/H/NJ/08/_work
[info] outdir= /home/ubuntu/apps/election-app/win_prob/H/NJ/08
[deleted] /home/ubuntu/apps/election-app/win_prob/H/NJ/08/_work/stats_with_statewide.csv
[deleted] /home/ubuntu/apps/election-app/win_prob/H/NJ/08/_work/stats2_final_headers.csv
[deleted] /home/ubuntu/apps/election-app/win_prob/H/NJ/08/_work/2024_county_results_with_final-old.csv
[deleted] /home/ubuntu/apps/election-app/win_prob/H/NJ/08/_work/2024_county_results_with_final.csv
[deleted] /home/ubuntu/apps/election-app/win_prob/H/NJ/08/_work/2024_county_results_with_final_1.csv
[deleted] /home/ubuntu/apps/election-app/win_prob/H/NJ/08/_work/2024_county_results_with_calcs-old.csv
[deleted] /home/ubuntu/apps/election-app/win_prob/H/NJ/08/_work/2024_county_results_with_calcs_new.csv
[deleted] /home/ubuntu/apps/election-app/win_prob/H/NJ/08/_work/output_statewide_stats.csv
[skip]    /home/ubuntu/apps/election-app/win_prob/H/NJ/08/_work/probs_timeseries_PA.csv
[deleted] /home/ubuntu/apps/election-app/win_prob/H/NJ/08/_work/2024_county_results_with_calcs.csv
[skip]    /home/ubuntu/apps/election-app/win_prob/H/NJ/08/data_output.csv
[skip]    /home/ubuntu/apps/election-app/win_prob/H/NJ/08/data_output_with_margins_old.csv
[skip]    /home/ubuntu/apps/election-app/win_prob/H/NJ/08/data_output_with_margins.csv
[skip]    /home/ubuntu/apps/election-app/win_prob/H/NJ/08/data_output_with_margins-statewide.csv
[deleted] /home/ubuntu/apps/election-app/win_prob/H/NJ/08/snapshots_NJ.csv
[deleted] /home/ubuntu/apps/election-app/win_prob/H/NJ/08/data_output_NJ.csv
[deleted] /home/ubuntu/apps/election-app/win_prob/H/NJ/08/data_output_NJ_with_margins_statewide_eevp.csv
[deleted] /home/ubuntu/apps/election-app/win_prob/H/NJ/08/data_output_NJ_with_margins.csv
[deleted] /home/ubuntu/apps/election-app/win_prob/H/NJ/08/data_output_NJ.csv.checkpoint.json
[deleted] /home/ubuntu/apps/election-app/win_prob/H/NJ/08/stats.csv
[deleted] /home/ubuntu/apps/election-app/win_prob/H/NJ/08/stats2.csv
[done] removed 16 file(s)
[2026-02-04 17:38:02] INFO: [PIPELINE] args: office=H state=NJ district=08
[2026-02-04 17:38:02] INFO: [PIPELINE] WINPROB_DIR resolved to: /home/ubuntu/apps/election-app/win_prob/H/NJ/08
[2026-02-04 17:38:02] INFO: [PIPELINE] OUTDIR set to: /home/ubuntu/apps/election-app/win_prob/H/NJ/08

$ /home/ubuntu/.venv/bin/python3 /home/ubuntu/apps/election-app/stats/1-statewide.py --input /home/ubuntu/apps/election-app/win_prob/H/NJ/08/stats.csv --output /home/ubuntu/apps/election-app/win_prob/H/NJ/08/_work/stats_with_statewide.csv
Wrote /home/ubuntu/apps/election-app/win_prob/H/NJ/08/_work/stats_with_statewide.csv (rows=3)

$ /home/ubuntu/.venv/bin/python3 /home/ubuntu/apps/election-app/stats/1-stats-2.py --input /home/ubuntu/apps/election-app/win_prob/H/NJ/08/stats2.csv --output /home/ubuntu/apps/election-app/win_prob/H/NJ/08/_work/stats2_final_headers.csv
Wrote /home/ubuntu/apps/election-app/win_prob/H/NJ/08/_work/stats2_final_headers.csv (rows=3)

$ /home/ubuntu/.venv/bin/python3 /home/ubuntu/apps/election-app/stats/1-append-new.py
Wrote 2024_county_results_with_final-old.csv (rows=3, missing_final_matches=0)

$ /home/ubuntu/.venv/bin/python3 /home/ubuntu/apps/election-app/stats/1-change_header.py
Wrote: 2024_county_results_with_final.csv

$ /home/ubuntu/.venv/bin/python3 /home/ubuntu/apps/election-app/stats/1-cut-zero-fips.py
Wrote: 2024_county_results_with_final_1.csv
Rows before: 3
Rows after:  3
Dropped (fips == 0): 0

$ /home/ubuntu/.venv/bin/python3 /home/ubuntu/apps/election-app/stats/2-calc.py
Wrote 3 rows with calculations to /home/ubuntu/apps/election-app/win_prob/H/NJ/08/_work/2024_county_results_with_calcs-old.csv

$ /home/ubuntu/.venv/bin/python3 /home/ubuntu/apps/election-app/stats/2-eevp.py
Wrote (no-op copy): 2024_county_results_with_calcs.csv
Columns:
 - timestamp
 - state
 - county
 - fips
 - trump_votes
 - harris_votes
 - other_votes
 - eevp
 - state_eevp
 - harris_votes_statewide
 - trump_votes_statewide
 - other_votes_statewide
 - final_state
 - final_county
 - final_fips
 - final_trump_votes
 - final_harris_votes
 - final_other_votes
 - harris_percent_snapshot
 - trump_percent_snapshot
 - margin_snapshot
 - harris_percent_final
 - trump_percent_final
 - margin_final
 - margin_difference
 - margin_difference_abs

$ /home/ubuntu/.venv/bin/python3 /home/ubuntu/apps/election-app/stats/3-calc-new.py
Wrote 3 rows with new columns to /home/ubuntu/apps/election-app/win_prob/H/NJ/08/_work/2024_county_results_with_calcs_new.csv

$ /home/ubuntu/.venv/bin/python3 /home/ubuntu/apps/election-app/stats/4-stats.py
Reading 2024_county_results_with_calcs_new.csv...
Aggregating statewide totals...
Calculating percentages and margins...
Writing to output_statewide_stats.csv...
Done!
[2026-02-04 17:38:11] INFO: [PIPELINE] ENTER win-prob generation | states=['NJ'] ts_list=['2024-11-05T15-30-22']

============================================================================
[01/1] STATE = NJ
============================================================================

$ /home/ubuntu/.venv/bin/python3 /home/ubuntu/apps/election-app/stats/5-snapshots.py --state NJ --input /home/ubuntu/apps/election-app/win_prob/H/NJ/08/_work/output_statewide_stats.csv --output /home/ubuntu/apps/election-app/win_prob/H/NJ/08/snapshots_NJ.csv --start 2024-11-05T15-30-22 --end 2024-11-05T15-30-22 --use-window 1 --interval 30
Mode: windowed-one-state
Rows written: 3
Distinct states in output: NJ
Rows per normalized timestamp (empty = unparseable):
  2024-11-05T15-30-22: 3
Wrote /home/ubuntu/apps/election-app/win_prob/H/NJ/08/snapshots_NJ.csv

$ /home/ubuntu/.venv/bin/python3 /home/ubuntu/apps/election-app/stats/6-pval.py /home/ubuntu/apps/election-app/win_prob/H/NJ/08/snapshots_NJ.csv -t /home/ubuntu/apps/election-app/stats/parameters.csv -o /home/ubuntu/apps/election-app/win_prob/H/NJ/08/data_output_NJ.csv -c 50
Done. Wrote: /home/ubuntu/apps/election-app/win_prob/H/NJ/08/data_output_NJ.csv
Total rows: 3 (chunked, resumable).
Computed columns for PVALS = [0.01, 0.1, 1, 2, 3, 5, 10, 15, 20, 25, 30, 35, 40, 45, 50, 55, 60, 65, 70, 75, 80, 85, 90, 95, 97, 98, 99, 99.9, 99.99]
Per p (leader): shift_{p}, margin_new_{p}, harris_percent_new_{p}, trump_percent_new_{p}, total_snapshot_{p}, total_expected_{p}, harris_votes_new_{p}, trump_votes_new_{p}
Per p (trailing): shift_trailing_{p}, margin_new_{p}_trailing, harris_percent_new_{p}_trailing, trump_percent_new_{p}_trailing, total_snapshot_{p}_trailing, total_expected_{p}_trailing, harris_votes_new_{p}_trailing, trump_votes_new_{p}_trailing
Checkpoint saved at: /home/ubuntu/apps/election-app/win_prob/H/NJ/08/data_output_NJ.csv.checkpoint.json

$ /home/ubuntu/.venv/bin/python3 /home/ubuntu/apps/election-app/stats/7-margin-new.py
Wrote data_output_with_margins_old.csv

$ /home/ubuntu/.venv/bin/python3 /home/ubuntu/apps/election-app/stats/7-eevp-statewide.py
Wrote data_output_with_margins.csv (copied from data_output_with_margins_old.csv)

$ /home/ubuntu/.venv/bin/python3 /home/ubuntu/apps/election-app/stats/7.py --input /home/ubuntu/apps/election-app/win_prob/H/NJ/08/data_output_NJ_with_margins_statewide_eevp.csv --output /home/ubuntu/apps/election-app/win_prob/H/NJ/08/statewide_margin_pct_vs_percent_NJ_2026.png --state NJ --start 2024-11-05T15-30-22 --end 2024-11-05T15-30-22 --stats /home/ubuntu/apps/election-app/win_prob/H/NJ/08/stats.csv --stats2 /home/ubuntu/apps/election-app/win_prob/H/NJ/08/stats2.csv --interval 30 --year 2026 --jsonl /home/ubuntu/apps/election-app/win_prob/H/NJ/08/plotdata_NJ_2026_2026-02-04T17-38-02.jsonl
[info] evaluating 1 timestamps from 2024-11-05T15-30-22 to 2024-11-05T15-30-22 every 30 minutes
[saved] probs_timeseries_NJ.csv  (1 points)
[saved] /home/ubuntu/apps/election-app/win_prob/H/NJ/08/plotdata_NJ_2026_2026-02-04T17-38-02.jsonl  (4 points)
[saved] /home/ubuntu/apps/election-app/win_prob/H/NJ/08/statewide_margin_pct_vs_percent_NJ_2026_box.json
[saved] /home/ubuntu/apps/election-app/win_prob/H/NJ/08/statewide_margin_pct_vs_percent_NJ_2026_box.png
[saved] /home/ubuntu/apps/election-app/win_prob/H/NJ/08/statewide_margin_pct_vs_percent_NJ_2026.png

All 50 states complete. See: /home/ubuntu/apps/election-app/win_prob/H/NJ/08

$ /home/ubuntu/.venv/bin/python3 /home/ubuntu/apps/election-app/stats/8.py --root /home/ubuntu/apps/election-app/win_prob/H/NJ/08/_work --outdir /home/ubuntu/apps/election-app/win_prob/H/NJ/08
[info] root  = /home/ubuntu/apps/election-app/win_prob/H/NJ/08/_work
[info] outdir= /home/ubuntu/apps/election-app/win_prob/H/NJ/08
[deleted] /home/ubuntu/apps/election-app/win_prob/H/NJ/08/_work/stats_with_statewide.csv
[deleted] /home/ubuntu/apps/election-app/win_prob/H/NJ/08/_work/stats2_final_headers.csv
[deleted] /home/ubuntu/apps/election-app/win_prob/H/NJ/08/_work/2024_county_results_with_final-old.csv
[deleted] /home/ubuntu/apps/election-app/win_prob/H/NJ/08/_work/2024_county_results_with_final.csv
[deleted] /home/ubuntu/apps/election-app/win_prob/H/NJ/08/_work/2024_county_results_with_final_1.csv
[deleted] /home/ubuntu/apps/election-app/win_prob/H/NJ/08/_work/2024_county_results_with_calcs-old.csv
[deleted] /home/ubuntu/apps/election-app/win_prob/H/NJ/08/_work/2024_county_results_with_calcs_new.csv
[deleted] /home/ubuntu/apps/election-app/win_prob/H/NJ/08/_work/output_statewide_stats.csv
[skip]    /home/ubuntu/apps/election-app/win_prob/H/NJ/08/_work/probs_timeseries_PA.csv
[deleted] /home/ubuntu/apps/election-app/win_prob/H/NJ/08/_work/2024_county_results_with_calcs.csv
[skip]    /home/ubuntu/apps/election-app/win_prob/H/NJ/08/data_output.csv
[skip]    /home/ubuntu/apps/election-app/win_prob/H/NJ/08/data_output_with_margins_old.csv
[skip]    /home/ubuntu/apps/election-app/win_prob/H/NJ/08/data_output_with_margins.csv
[skip]    /home/ubuntu/apps/election-app/win_prob/H/NJ/08/data_output_with_margins-statewide.csv
[deleted] /home/ubuntu/apps/election-app/win_prob/H/NJ/08/snapshots_NJ.csv
[deleted] /home/ubuntu/apps/election-app/win_prob/H/NJ/08/data_output_NJ.csv
[deleted] /home/ubuntu/apps/election-app/win_prob/H/NJ/08/data_output_NJ_with_margins_statewide_eevp.csv
[deleted] /home/ubuntu/apps/election-app/win_prob/H/NJ/08/data_output_NJ_with_margins.csv
[deleted] /home/ubuntu/apps/election-app/win_prob/H/NJ/08/data_output_NJ.csv.checkpoint.json
[deleted] /home/ubuntu/apps/election-app/win_prob/H/NJ/08/stats.csv
[deleted] /home/ubuntu/apps/election-app/win_prob/H/NJ/08/stats2.csv
[done] removed 16 file(s)
