[2026-01-22 21:10:12] INFO: [PIPELINE] args: office=P state=FL district=None
[2026-01-22 21:10:12] INFO: [PIPELINE] WINPROB_DIR resolved to: /home/ubuntu/apps/election-app/win_prob/P/FL
[2026-01-22 21:10:12] INFO: [PIPELINE] OUTDIR set to: /home/ubuntu/apps/election-app/win_prob/P/FL

$ /home/ubuntu/.venv/bin/python3 /home/ubuntu/apps/election-app/stats/1-statewide.py --input /home/ubuntu/apps/election-app/win_prob/P/FL/stats.csv --output /home/ubuntu/apps/election-app/win_prob/P/FL/_work/stats_with_statewide.csv
Wrote /home/ubuntu/apps/election-app/win_prob/P/FL/_work/stats_with_statewide.csv (rows=67)

$ /home/ubuntu/.venv/bin/python3 /home/ubuntu/apps/election-app/stats/1-stats-2.py --input /home/ubuntu/apps/election-app/win_prob/P/FL/stats2.csv --output /home/ubuntu/apps/election-app/win_prob/P/FL/_work/stats2_final_headers.csv
Wrote /home/ubuntu/apps/election-app/win_prob/P/FL/_work/stats2_final_headers.csv (rows=67)

$ /home/ubuntu/.venv/bin/python3 /home/ubuntu/apps/election-app/stats/1-append-new.py
Wrote 2024_county_results_with_final-old.csv (rows=67, missing_final_matches=0)

$ /home/ubuntu/.venv/bin/python3 /home/ubuntu/apps/election-app/stats/1-change_header.py
Wrote: 2024_county_results_with_final.csv

$ /home/ubuntu/.venv/bin/python3 /home/ubuntu/apps/election-app/stats/1-cut-zero-fips.py
Wrote: 2024_county_results_with_final_1.csv
Rows before: 67
Rows after:  67
Dropped (fips == 0): 0

$ /home/ubuntu/.venv/bin/python3 /home/ubuntu/apps/election-app/stats/2-calc.py
Wrote 67 rows with calculations to /home/ubuntu/apps/election-app/win_prob/P/FL/_work/2024_county_results_with_calcs-old.csv

$ /home/ubuntu/.venv/bin/python3 /home/ubuntu/apps/election-app/stats/2-eevp.py
Wrote (no-op copy): 2024_county_results_with_calcs.csv
Columns:
 - timestamp
 - state
 - county
 - fips
 - trump_votes
 - harris_votes
 - other_votes
 - eevp
 - state_eevp
 - harris_votes_statewide
 - trump_votes_statewide
 - other_votes_statewide
 - final_state
 - final_county
 - final_fips
 - final_trump_votes
 - final_harris_votes
 - final_other_votes
 - harris_percent_snapshot
 - trump_percent_snapshot
 - margin_snapshot
 - harris_percent_final
 - trump_percent_final
 - margin_final
 - margin_difference
 - margin_difference_abs

$ /home/ubuntu/.venv/bin/python3 /home/ubuntu/apps/election-app/stats/3-calc-new.py
Wrote 67 rows with new columns to /home/ubuntu/apps/election-app/win_prob/P/FL/_work/2024_county_results_with_calcs_new.csv

$ /home/ubuntu/.venv/bin/python3 /home/ubuntu/apps/election-app/stats/4-stats.py
Reading 2024_county_results_with_calcs_new.csv...
Aggregating statewide totals...
Calculating percentages and margins...
Writing to output_statewide_stats.csv...
Done!
[2026-01-22 21:10:21] INFO: [PIPELINE] ENTER win-prob generation | states=['FL'] ts_list=['2024-11-05T15-30-22']

============================================================================
[01/1] STATE = FL
============================================================================

$ /home/ubuntu/.venv/bin/python3 /home/ubuntu/apps/election-app/stats/5-snapshots.py --state FL --input /home/ubuntu/apps/election-app/win_prob/P/FL/_work/output_statewide_stats.csv --output /home/ubuntu/apps/election-app/win_prob/P/FL/snapshots_FL.csv --start 2024-11-05T15-30-22 --end 2024-11-05T15-30-22 --use-window 1 --interval 30
Mode: windowed-one-state
Rows written: 67
Distinct states in output: FL
Rows per normalized timestamp (empty = unparseable):
  2024-11-05T15-30-22: 67
Wrote /home/ubuntu/apps/election-app/win_prob/P/FL/snapshots_FL.csv

$ /home/ubuntu/.venv/bin/python3 /home/ubuntu/apps/election-app/stats/6-pval.py /home/ubuntu/apps/election-app/win_prob/P/FL/snapshots_FL.csv -t /home/ubuntu/apps/election-app/stats/parameters.csv -o /home/ubuntu/apps/election-app/win_prob/P/FL/data_output_FL.csv -c 50
Done. Wrote: /home/ubuntu/apps/election-app/win_prob/P/FL/data_output_FL.csv
Total rows: 67 (chunked, resumable).
Computed columns for PVALS = [0.01, 0.1, 1, 2, 3, 5, 10, 15, 20, 25, 30, 35, 40, 45, 50, 55, 60, 65, 70, 75, 80, 85, 90, 95, 97, 98, 99, 99.9, 99.99]
Per p (leader): shift_{p}, margin_new_{p}, harris_percent_new_{p}, trump_percent_new_{p}, total_snapshot_{p}, total_expected_{p}, harris_votes_new_{p}, trump_votes_new_{p}
Per p (trailing): shift_trailing_{p}, margin_new_{p}_trailing, harris_percent_new_{p}_trailing, trump_percent_new_{p}_trailing, total_snapshot_{p}_trailing, total_expected_{p}_trailing, harris_votes_new_{p}_trailing, trump_votes_new_{p}_trailing
Checkpoint saved at: /home/ubuntu/apps/election-app/win_prob/P/FL/data_output_FL.csv.checkpoint.json

$ /home/ubuntu/.venv/bin/python3 /home/ubuntu/apps/election-app/stats/7-margin-new.py
Wrote data_output_with_margins_old.csv

$ /home/ubuntu/.venv/bin/python3 /home/ubuntu/apps/election-app/stats/7-eevp-statewide.py
Wrote data_output_with_margins.csv (copied from data_output_with_margins_old.csv)

$ /home/ubuntu/.venv/bin/python3 /home/ubuntu/apps/election-app/stats/7.py --input /home/ubuntu/apps/election-app/win_prob/P/FL/data_output_FL_with_margins_statewide_eevp.csv --output /home/ubuntu/apps/election-app/win_prob/P/FL/statewide_margin_pct_vs_percent_FL_2026.png --state FL --start 2024-11-05T15-30-22 --end 2024-11-05T15-30-22 --stats /home/ubuntu/apps/election-app/win_prob/P/FL/stats.csv --stats2 /home/ubuntu/apps/election-app/win_prob/P/FL/stats2.csv --interval 30 --year 2026 --jsonl /home/ubuntu/apps/election-app/win_prob/P/FL/plotdata_FL_2026_2026-01-22T21-10-12.jsonl
[info] evaluating 1 timestamps from 2024-11-05T15-30-22 to 2024-11-05T15-30-22 every 30 minutes
[saved] probs_timeseries_FL.csv  (1 points)
[saved] /home/ubuntu/apps/election-app/win_prob/P/FL/plotdata_FL_2026_2026-01-22T21-10-12.jsonl  (0 points)
[saved] /home/ubuntu/apps/election-app/win_prob/P/FL/statewide_margin_pct_vs_percent_FL_2026_box.json
[saved] /home/ubuntu/apps/election-app/win_prob/P/FL/statewide_margin_pct_vs_percent_FL_2026_box.png
[saved] /home/ubuntu/apps/election-app/win_prob/P/FL/statewide_margin_pct_vs_percent_FL_2026.png

All 50 states complete. See: /home/ubuntu/apps/election-app/win_prob/P/FL

$ /home/ubuntu/.venv/bin/python3 /home/ubuntu/apps/election-app/stats/8.py --root /home/ubuntu/apps/election-app/win_prob/P/FL/_work --outdir /home/ubuntu/apps/election-app/win_prob/P/FL
[info] root  = /home/ubuntu/apps/election-app/win_prob/P/FL/_work
[info] outdir= /home/ubuntu/apps/election-app/win_prob/P/FL
[deleted] /home/ubuntu/apps/election-app/win_prob/P/FL/_work/stats_with_statewide.csv
[deleted] /home/ubuntu/apps/election-app/win_prob/P/FL/_work/stats2_final_headers.csv
[deleted] /home/ubuntu/apps/election-app/win_prob/P/FL/_work/2024_county_results_with_final-old.csv
[deleted] /home/ubuntu/apps/election-app/win_prob/P/FL/_work/2024_county_results_with_final.csv
[deleted] /home/ubuntu/apps/election-app/win_prob/P/FL/_work/2024_county_results_with_final_1.csv
[deleted] /home/ubuntu/apps/election-app/win_prob/P/FL/_work/2024_county_results_with_calcs-old.csv
[deleted] /home/ubuntu/apps/election-app/win_prob/P/FL/_work/2024_county_results_with_calcs_new.csv
[deleted] /home/ubuntu/apps/election-app/win_prob/P/FL/_work/output_statewide_stats.csv
[skip]    /home/ubuntu/apps/election-app/win_prob/P/FL/_work/probs_timeseries_PA.csv
[deleted] /home/ubuntu/apps/election-app/win_prob/P/FL/_work/2024_county_results_with_calcs.csv
[skip]    /home/ubuntu/apps/election-app/win_prob/P/FL/data_output.csv
[skip]    /home/ubuntu/apps/election-app/win_prob/P/FL/data_output_with_margins_old.csv
[skip]    /home/ubuntu/apps/election-app/win_prob/P/FL/data_output_with_margins.csv
[skip]    /home/ubuntu/apps/election-app/win_prob/P/FL/data_output_with_margins-statewide.csv
[deleted] /home/ubuntu/apps/election-app/win_prob/P/FL/snapshots_FL.csv
[deleted] /home/ubuntu/apps/election-app/win_prob/P/FL/data_output_FL.csv
[deleted] /home/ubuntu/apps/election-app/win_prob/P/FL/data_output_FL_with_margins_statewide_eevp.csv
[deleted] /home/ubuntu/apps/election-app/win_prob/P/FL/data_output_FL_with_margins.csv
[deleted] /home/ubuntu/apps/election-app/win_prob/P/FL/data_output_FL.csv.checkpoint.json
[deleted] /home/ubuntu/apps/election-app/win_prob/P/FL/stats.csv
[deleted] /home/ubuntu/apps/election-app/win_prob/P/FL/stats2.csv
[done] removed 16 file(s)
[2026-01-22 21:16:57] INFO: [PIPELINE] args: office=P state=FL district=None
[2026-01-22 21:16:57] INFO: [PIPELINE] WINPROB_DIR resolved to: /home/ubuntu/apps/election-app/win_prob/P/FL
[2026-01-22 21:16:57] INFO: [PIPELINE] OUTDIR set to: /home/ubuntu/apps/election-app/win_prob/P/FL

$ /home/ubuntu/.venv/bin/python3 /home/ubuntu/apps/election-app/stats/1-statewide.py --input /home/ubuntu/apps/election-app/win_prob/P/FL/stats.csv --output /home/ubuntu/apps/election-app/win_prob/P/FL/_work/stats_with_statewide.csv
Wrote /home/ubuntu/apps/election-app/win_prob/P/FL/_work/stats_with_statewide.csv (rows=67)

$ /home/ubuntu/.venv/bin/python3 /home/ubuntu/apps/election-app/stats/1-stats-2.py --input /home/ubuntu/apps/election-app/win_prob/P/FL/stats2.csv --output /home/ubuntu/apps/election-app/win_prob/P/FL/_work/stats2_final_headers.csv
Wrote /home/ubuntu/apps/election-app/win_prob/P/FL/_work/stats2_final_headers.csv (rows=67)

$ /home/ubuntu/.venv/bin/python3 /home/ubuntu/apps/election-app/stats/1-append-new.py
Wrote 2024_county_results_with_final-old.csv (rows=67, missing_final_matches=0)

$ /home/ubuntu/.venv/bin/python3 /home/ubuntu/apps/election-app/stats/1-change_header.py
Wrote: 2024_county_results_with_final.csv

$ /home/ubuntu/.venv/bin/python3 /home/ubuntu/apps/election-app/stats/1-cut-zero-fips.py
Wrote: 2024_county_results_with_final_1.csv
Rows before: 67
Rows after:  67
Dropped (fips == 0): 0

$ /home/ubuntu/.venv/bin/python3 /home/ubuntu/apps/election-app/stats/2-calc.py
Wrote 67 rows with calculations to /home/ubuntu/apps/election-app/win_prob/P/FL/_work/2024_county_results_with_calcs-old.csv

$ /home/ubuntu/.venv/bin/python3 /home/ubuntu/apps/election-app/stats/2-eevp.py
Wrote (no-op copy): 2024_county_results_with_calcs.csv
Columns:
 - timestamp
 - state
 - county
 - fips
 - trump_votes
 - harris_votes
 - other_votes
 - eevp
 - state_eevp
 - harris_votes_statewide
 - trump_votes_statewide
 - other_votes_statewide
 - final_state
 - final_county
 - final_fips
 - final_trump_votes
 - final_harris_votes
 - final_other_votes
 - harris_percent_snapshot
 - trump_percent_snapshot
 - margin_snapshot
 - harris_percent_final
 - trump_percent_final
 - margin_final
 - margin_difference
 - margin_difference_abs

$ /home/ubuntu/.venv/bin/python3 /home/ubuntu/apps/election-app/stats/3-calc-new.py
Wrote 67 rows with new columns to /home/ubuntu/apps/election-app/win_prob/P/FL/_work/2024_county_results_with_calcs_new.csv

$ /home/ubuntu/.venv/bin/python3 /home/ubuntu/apps/election-app/stats/4-stats.py
Reading 2024_county_results_with_calcs_new.csv...
Aggregating statewide totals...
Calculating percentages and margins...
Writing to output_statewide_stats.csv...
Done!
[2026-01-22 21:17:07] INFO: [PIPELINE] ENTER win-prob generation | states=['FL'] ts_list=['2024-11-05T15-30-22']

============================================================================
[01/1] STATE = FL
============================================================================

$ /home/ubuntu/.venv/bin/python3 /home/ubuntu/apps/election-app/stats/5-snapshots.py --state FL --input /home/ubuntu/apps/election-app/win_prob/P/FL/_work/output_statewide_stats.csv --output /home/ubuntu/apps/election-app/win_prob/P/FL/snapshots_FL.csv --start 2024-11-05T15-30-22 --end 2024-11-05T15-30-22 --use-window 1 --interval 30
Mode: windowed-one-state
Rows written: 67
Distinct states in output: FL
Rows per normalized timestamp (empty = unparseable):
  2024-11-05T15-30-22: 67
Wrote /home/ubuntu/apps/election-app/win_prob/P/FL/snapshots_FL.csv

$ /home/ubuntu/.venv/bin/python3 /home/ubuntu/apps/election-app/stats/6-pval.py /home/ubuntu/apps/election-app/win_prob/P/FL/snapshots_FL.csv -t /home/ubuntu/apps/election-app/stats/parameters.csv -o /home/ubuntu/apps/election-app/win_prob/P/FL/data_output_FL.csv -c 50
Done. Wrote: /home/ubuntu/apps/election-app/win_prob/P/FL/data_output_FL.csv
Total rows: 67 (chunked, resumable).
Computed columns for PVALS = [0.01, 0.1, 1, 2, 3, 5, 10, 15, 20, 25, 30, 35, 40, 45, 50, 55, 60, 65, 70, 75, 80, 85, 90, 95, 97, 98, 99, 99.9, 99.99]
Per p (leader): shift_{p}, margin_new_{p}, harris_percent_new_{p}, trump_percent_new_{p}, total_snapshot_{p}, total_expected_{p}, harris_votes_new_{p}, trump_votes_new_{p}
Per p (trailing): shift_trailing_{p}, margin_new_{p}_trailing, harris_percent_new_{p}_trailing, trump_percent_new_{p}_trailing, total_snapshot_{p}_trailing, total_expected_{p}_trailing, harris_votes_new_{p}_trailing, trump_votes_new_{p}_trailing
Checkpoint saved at: /home/ubuntu/apps/election-app/win_prob/P/FL/data_output_FL.csv.checkpoint.json

$ /home/ubuntu/.venv/bin/python3 /home/ubuntu/apps/election-app/stats/7-margin-new.py
Wrote data_output_with_margins_old.csv

$ /home/ubuntu/.venv/bin/python3 /home/ubuntu/apps/election-app/stats/7-eevp-statewide.py
Wrote data_output_with_margins.csv (copied from data_output_with_margins_old.csv)

$ /home/ubuntu/.venv/bin/python3 /home/ubuntu/apps/election-app/stats/7.py --input /home/ubuntu/apps/election-app/win_prob/P/FL/data_output_FL_with_margins_statewide_eevp.csv --output /home/ubuntu/apps/election-app/win_prob/P/FL/statewide_margin_pct_vs_percent_FL_2026.png --state FL --start 2024-11-05T15-30-22 --end 2024-11-05T15-30-22 --stats /home/ubuntu/apps/election-app/win_prob/P/FL/stats.csv --stats2 /home/ubuntu/apps/election-app/win_prob/P/FL/stats2.csv --interval 30 --year 2026 --jsonl /home/ubuntu/apps/election-app/win_prob/P/FL/plotdata_FL_2026_2026-01-22T21-16-57.jsonl
[info] evaluating 1 timestamps from 2024-11-05T15-30-22 to 2024-11-05T15-30-22 every 30 minutes
[saved] probs_timeseries_FL.csv  (1 points)
[saved] /home/ubuntu/apps/election-app/win_prob/P/FL/plotdata_FL_2026_2026-01-22T21-16-57.jsonl  (4 points)
[saved] /home/ubuntu/apps/election-app/win_prob/P/FL/statewide_margin_pct_vs_percent_FL_2026_box.json
[saved] /home/ubuntu/apps/election-app/win_prob/P/FL/statewide_margin_pct_vs_percent_FL_2026_box.png
[saved] /home/ubuntu/apps/election-app/win_prob/P/FL/statewide_margin_pct_vs_percent_FL_2026.png

All 50 states complete. See: /home/ubuntu/apps/election-app/win_prob/P/FL

$ /home/ubuntu/.venv/bin/python3 /home/ubuntu/apps/election-app/stats/8.py --root /home/ubuntu/apps/election-app/win_prob/P/FL/_work --outdir /home/ubuntu/apps/election-app/win_prob/P/FL
[info] root  = /home/ubuntu/apps/election-app/win_prob/P/FL/_work
[info] outdir= /home/ubuntu/apps/election-app/win_prob/P/FL
[deleted] /home/ubuntu/apps/election-app/win_prob/P/FL/_work/stats_with_statewide.csv
[deleted] /home/ubuntu/apps/election-app/win_prob/P/FL/_work/stats2_final_headers.csv
[deleted] /home/ubuntu/apps/election-app/win_prob/P/FL/_work/2024_county_results_with_final-old.csv
[deleted] /home/ubuntu/apps/election-app/win_prob/P/FL/_work/2024_county_results_with_final.csv
[deleted] /home/ubuntu/apps/election-app/win_prob/P/FL/_work/2024_county_results_with_final_1.csv
[deleted] /home/ubuntu/apps/election-app/win_prob/P/FL/_work/2024_county_results_with_calcs-old.csv
[deleted] /home/ubuntu/apps/election-app/win_prob/P/FL/_work/2024_county_results_with_calcs_new.csv
[deleted] /home/ubuntu/apps/election-app/win_prob/P/FL/_work/output_statewide_stats.csv
[skip]    /home/ubuntu/apps/election-app/win_prob/P/FL/_work/probs_timeseries_PA.csv
[deleted] /home/ubuntu/apps/election-app/win_prob/P/FL/_work/2024_county_results_with_calcs.csv
[skip]    /home/ubuntu/apps/election-app/win_prob/P/FL/data_output.csv
[skip]    /home/ubuntu/apps/election-app/win_prob/P/FL/data_output_with_margins_old.csv
[skip]    /home/ubuntu/apps/election-app/win_prob/P/FL/data_output_with_margins.csv
[skip]    /home/ubuntu/apps/election-app/win_prob/P/FL/data_output_with_margins-statewide.csv
[deleted] /home/ubuntu/apps/election-app/win_prob/P/FL/snapshots_FL.csv
[deleted] /home/ubuntu/apps/election-app/win_prob/P/FL/data_output_FL.csv
[deleted] /home/ubuntu/apps/election-app/win_prob/P/FL/data_output_FL_with_margins_statewide_eevp.csv
[deleted] /home/ubuntu/apps/election-app/win_prob/P/FL/data_output_FL_with_margins.csv
[deleted] /home/ubuntu/apps/election-app/win_prob/P/FL/data_output_FL.csv.checkpoint.json
[deleted] /home/ubuntu/apps/election-app/win_prob/P/FL/stats.csv
[deleted] /home/ubuntu/apps/election-app/win_prob/P/FL/stats2.csv
[done] removed 16 file(s)
[2026-01-22 21:24:02] INFO: [PIPELINE] args: office=P state=FL district=None
[2026-01-22 21:24:02] INFO: [PIPELINE] WINPROB_DIR resolved to: /home/ubuntu/apps/election-app/win_prob/P/FL
[2026-01-22 21:24:02] INFO: [PIPELINE] OUTDIR set to: /home/ubuntu/apps/election-app/win_prob/P/FL

$ /home/ubuntu/.venv/bin/python3 /home/ubuntu/apps/election-app/stats/1-statewide.py --input /home/ubuntu/apps/election-app/win_prob/P/FL/stats.csv --output /home/ubuntu/apps/election-app/win_prob/P/FL/_work/stats_with_statewide.csv
Wrote /home/ubuntu/apps/election-app/win_prob/P/FL/_work/stats_with_statewide.csv (rows=67)

$ /home/ubuntu/.venv/bin/python3 /home/ubuntu/apps/election-app/stats/1-stats-2.py --input /home/ubuntu/apps/election-app/win_prob/P/FL/stats2.csv --output /home/ubuntu/apps/election-app/win_prob/P/FL/_work/stats2_final_headers.csv
Wrote /home/ubuntu/apps/election-app/win_prob/P/FL/_work/stats2_final_headers.csv (rows=67)

$ /home/ubuntu/.venv/bin/python3 /home/ubuntu/apps/election-app/stats/1-append-new.py
Wrote 2024_county_results_with_final-old.csv (rows=67, missing_final_matches=0)

$ /home/ubuntu/.venv/bin/python3 /home/ubuntu/apps/election-app/stats/1-change_header.py
Wrote: 2024_county_results_with_final.csv

$ /home/ubuntu/.venv/bin/python3 /home/ubuntu/apps/election-app/stats/1-cut-zero-fips.py
Wrote: 2024_county_results_with_final_1.csv
Rows before: 67
Rows after:  67
Dropped (fips == 0): 0

$ /home/ubuntu/.venv/bin/python3 /home/ubuntu/apps/election-app/stats/2-calc.py
Wrote 67 rows with calculations to /home/ubuntu/apps/election-app/win_prob/P/FL/_work/2024_county_results_with_calcs-old.csv

$ /home/ubuntu/.venv/bin/python3 /home/ubuntu/apps/election-app/stats/2-eevp.py
Wrote (no-op copy): 2024_county_results_with_calcs.csv
Columns:
 - timestamp
 - state
 - county
 - fips
 - trump_votes
 - harris_votes
 - other_votes
 - eevp
 - state_eevp
 - harris_votes_statewide
 - trump_votes_statewide
 - other_votes_statewide
 - final_state
 - final_county
 - final_fips
 - final_trump_votes
 - final_harris_votes
 - final_other_votes
 - harris_percent_snapshot
 - trump_percent_snapshot
 - margin_snapshot
 - harris_percent_final
 - trump_percent_final
 - margin_final
 - margin_difference
 - margin_difference_abs

$ /home/ubuntu/.venv/bin/python3 /home/ubuntu/apps/election-app/stats/3-calc-new.py
Wrote 67 rows with new columns to /home/ubuntu/apps/election-app/win_prob/P/FL/_work/2024_county_results_with_calcs_new.csv

$ /home/ubuntu/.venv/bin/python3 /home/ubuntu/apps/election-app/stats/4-stats.py
Reading 2024_county_results_with_calcs_new.csv...
Aggregating statewide totals...
Calculating percentages and margins...
Writing to output_statewide_stats.csv...
Done!
[2026-01-22 21:24:11] INFO: [PIPELINE] ENTER win-prob generation | states=['FL'] ts_list=['2024-11-05T15-30-22']

============================================================================
[01/1] STATE = FL
============================================================================

$ /home/ubuntu/.venv/bin/python3 /home/ubuntu/apps/election-app/stats/5-snapshots.py --state FL --input /home/ubuntu/apps/election-app/win_prob/P/FL/_work/output_statewide_stats.csv --output /home/ubuntu/apps/election-app/win_prob/P/FL/snapshots_FL.csv --start 2024-11-05T15-30-22 --end 2024-11-05T15-30-22 --use-window 1 --interval 30
Mode: windowed-one-state
Rows written: 67
Distinct states in output: FL
Rows per normalized timestamp (empty = unparseable):
  2024-11-05T15-30-22: 67
Wrote /home/ubuntu/apps/election-app/win_prob/P/FL/snapshots_FL.csv

$ /home/ubuntu/.venv/bin/python3 /home/ubuntu/apps/election-app/stats/6-pval.py /home/ubuntu/apps/election-app/win_prob/P/FL/snapshots_FL.csv -t /home/ubuntu/apps/election-app/stats/parameters.csv -o /home/ubuntu/apps/election-app/win_prob/P/FL/data_output_FL.csv -c 50
Done. Wrote: /home/ubuntu/apps/election-app/win_prob/P/FL/data_output_FL.csv
Total rows: 67 (chunked, resumable).
Computed columns for PVALS = [0.01, 0.1, 1, 2, 3, 5, 10, 15, 20, 25, 30, 35, 40, 45, 50, 55, 60, 65, 70, 75, 80, 85, 90, 95, 97, 98, 99, 99.9, 99.99]
Per p (leader): shift_{p}, margin_new_{p}, harris_percent_new_{p}, trump_percent_new_{p}, total_snapshot_{p}, total_expected_{p}, harris_votes_new_{p}, trump_votes_new_{p}
Per p (trailing): shift_trailing_{p}, margin_new_{p}_trailing, harris_percent_new_{p}_trailing, trump_percent_new_{p}_trailing, total_snapshot_{p}_trailing, total_expected_{p}_trailing, harris_votes_new_{p}_trailing, trump_votes_new_{p}_trailing
Checkpoint saved at: /home/ubuntu/apps/election-app/win_prob/P/FL/data_output_FL.csv.checkpoint.json

$ /home/ubuntu/.venv/bin/python3 /home/ubuntu/apps/election-app/stats/7-margin-new.py
Wrote data_output_with_margins_old.csv

$ /home/ubuntu/.venv/bin/python3 /home/ubuntu/apps/election-app/stats/7-eevp-statewide.py
Wrote data_output_with_margins.csv (copied from data_output_with_margins_old.csv)

$ /home/ubuntu/.venv/bin/python3 /home/ubuntu/apps/election-app/stats/7.py --input /home/ubuntu/apps/election-app/win_prob/P/FL/data_output_FL_with_margins_statewide_eevp.csv --output /home/ubuntu/apps/election-app/win_prob/P/FL/statewide_margin_pct_vs_percent_FL_2026.png --state FL --start 2024-11-05T15-30-22 --end 2024-11-05T15-30-22 --stats /home/ubuntu/apps/election-app/win_prob/P/FL/stats.csv --stats2 /home/ubuntu/apps/election-app/win_prob/P/FL/stats2.csv --interval 30 --year 2026 --jsonl /home/ubuntu/apps/election-app/win_prob/P/FL/plotdata_FL_2026_2026-01-22T21-24-02.jsonl
[info] evaluating 1 timestamps from 2024-11-05T15-30-22 to 2024-11-05T15-30-22 every 30 minutes
[saved] probs_timeseries_FL.csv  (1 points)
[saved] /home/ubuntu/apps/election-app/win_prob/P/FL/plotdata_FL_2026_2026-01-22T21-24-02.jsonl  (4 points)
[saved] /home/ubuntu/apps/election-app/win_prob/P/FL/statewide_margin_pct_vs_percent_FL_2026_box.json
[saved] /home/ubuntu/apps/election-app/win_prob/P/FL/statewide_margin_pct_vs_percent_FL_2026_box.png
[saved] /home/ubuntu/apps/election-app/win_prob/P/FL/statewide_margin_pct_vs_percent_FL_2026.png

All 50 states complete. See: /home/ubuntu/apps/election-app/win_prob/P/FL

$ /home/ubuntu/.venv/bin/python3 /home/ubuntu/apps/election-app/stats/8.py --root /home/ubuntu/apps/election-app/win_prob/P/FL/_work --outdir /home/ubuntu/apps/election-app/win_prob/P/FL
[info] root  = /home/ubuntu/apps/election-app/win_prob/P/FL/_work
[info] outdir= /home/ubuntu/apps/election-app/win_prob/P/FL
[deleted] /home/ubuntu/apps/election-app/win_prob/P/FL/_work/stats_with_statewide.csv
[deleted] /home/ubuntu/apps/election-app/win_prob/P/FL/_work/stats2_final_headers.csv
[deleted] /home/ubuntu/apps/election-app/win_prob/P/FL/_work/2024_county_results_with_final-old.csv
[deleted] /home/ubuntu/apps/election-app/win_prob/P/FL/_work/2024_county_results_with_final.csv
[deleted] /home/ubuntu/apps/election-app/win_prob/P/FL/_work/2024_county_results_with_final_1.csv
[deleted] /home/ubuntu/apps/election-app/win_prob/P/FL/_work/2024_county_results_with_calcs-old.csv
[deleted] /home/ubuntu/apps/election-app/win_prob/P/FL/_work/2024_county_results_with_calcs_new.csv
[deleted] /home/ubuntu/apps/election-app/win_prob/P/FL/_work/output_statewide_stats.csv
[skip]    /home/ubuntu/apps/election-app/win_prob/P/FL/_work/probs_timeseries_PA.csv
[deleted] /home/ubuntu/apps/election-app/win_prob/P/FL/_work/2024_county_results_with_calcs.csv
[skip]    /home/ubuntu/apps/election-app/win_prob/P/FL/data_output.csv
[skip]    /home/ubuntu/apps/election-app/win_prob/P/FL/data_output_with_margins_old.csv
[skip]    /home/ubuntu/apps/election-app/win_prob/P/FL/data_output_with_margins.csv
[skip]    /home/ubuntu/apps/election-app/win_prob/P/FL/data_output_with_margins-statewide.csv
[deleted] /home/ubuntu/apps/election-app/win_prob/P/FL/snapshots_FL.csv
[deleted] /home/ubuntu/apps/election-app/win_prob/P/FL/data_output_FL.csv
[deleted] /home/ubuntu/apps/election-app/win_prob/P/FL/data_output_FL_with_margins_statewide_eevp.csv
[deleted] /home/ubuntu/apps/election-app/win_prob/P/FL/data_output_FL_with_margins.csv
[deleted] /home/ubuntu/apps/election-app/win_prob/P/FL/data_output_FL.csv.checkpoint.json
[deleted] /home/ubuntu/apps/election-app/win_prob/P/FL/stats.csv
[deleted] /home/ubuntu/apps/election-app/win_prob/P/FL/stats2.csv
[done] removed 16 file(s)
[2026-01-22 21:31:07] INFO: [PIPELINE] args: office=P state=FL district=None
[2026-01-22 21:31:07] INFO: [PIPELINE] WINPROB_DIR resolved to: /home/ubuntu/apps/election-app/win_prob/P/FL
[2026-01-22 21:31:07] INFO: [PIPELINE] OUTDIR set to: /home/ubuntu/apps/election-app/win_prob/P/FL

$ /home/ubuntu/.venv/bin/python3 /home/ubuntu/apps/election-app/stats/1-statewide.py --input /home/ubuntu/apps/election-app/win_prob/P/FL/stats.csv --output /home/ubuntu/apps/election-app/win_prob/P/FL/_work/stats_with_statewide.csv
Wrote /home/ubuntu/apps/election-app/win_prob/P/FL/_work/stats_with_statewide.csv (rows=67)

$ /home/ubuntu/.venv/bin/python3 /home/ubuntu/apps/election-app/stats/1-stats-2.py --input /home/ubuntu/apps/election-app/win_prob/P/FL/stats2.csv --output /home/ubuntu/apps/election-app/win_prob/P/FL/_work/stats2_final_headers.csv
Wrote /home/ubuntu/apps/election-app/win_prob/P/FL/_work/stats2_final_headers.csv (rows=67)

$ /home/ubuntu/.venv/bin/python3 /home/ubuntu/apps/election-app/stats/1-append-new.py
Wrote 2024_county_results_with_final-old.csv (rows=67, missing_final_matches=0)

$ /home/ubuntu/.venv/bin/python3 /home/ubuntu/apps/election-app/stats/1-change_header.py
Wrote: 2024_county_results_with_final.csv

$ /home/ubuntu/.venv/bin/python3 /home/ubuntu/apps/election-app/stats/1-cut-zero-fips.py
Wrote: 2024_county_results_with_final_1.csv
Rows before: 67
Rows after:  67
Dropped (fips == 0): 0

$ /home/ubuntu/.venv/bin/python3 /home/ubuntu/apps/election-app/stats/2-calc.py
Wrote 67 rows with calculations to /home/ubuntu/apps/election-app/win_prob/P/FL/_work/2024_county_results_with_calcs-old.csv

$ /home/ubuntu/.venv/bin/python3 /home/ubuntu/apps/election-app/stats/2-eevp.py
Wrote (no-op copy): 2024_county_results_with_calcs.csv
Columns:
 - timestamp
 - state
 - county
 - fips
 - trump_votes
 - harris_votes
 - other_votes
 - eevp
 - state_eevp
 - harris_votes_statewide
 - trump_votes_statewide
 - other_votes_statewide
 - final_state
 - final_county
 - final_fips
 - final_trump_votes
 - final_harris_votes
 - final_other_votes
 - harris_percent_snapshot
 - trump_percent_snapshot
 - margin_snapshot
 - harris_percent_final
 - trump_percent_final
 - margin_final
 - margin_difference
 - margin_difference_abs

$ /home/ubuntu/.venv/bin/python3 /home/ubuntu/apps/election-app/stats/3-calc-new.py
Wrote 67 rows with new columns to /home/ubuntu/apps/election-app/win_prob/P/FL/_work/2024_county_results_with_calcs_new.csv

$ /home/ubuntu/.venv/bin/python3 /home/ubuntu/apps/election-app/stats/4-stats.py
Reading 2024_county_results_with_calcs_new.csv...
Aggregating statewide totals...
Calculating percentages and margins...
Writing to output_statewide_stats.csv...
Done!
[2026-01-22 21:31:17] INFO: [PIPELINE] ENTER win-prob generation | states=['FL'] ts_list=['2024-11-05T15-30-22']

============================================================================
[01/1] STATE = FL
============================================================================

$ /home/ubuntu/.venv/bin/python3 /home/ubuntu/apps/election-app/stats/5-snapshots.py --state FL --input /home/ubuntu/apps/election-app/win_prob/P/FL/_work/output_statewide_stats.csv --output /home/ubuntu/apps/election-app/win_prob/P/FL/snapshots_FL.csv --start 2024-11-05T15-30-22 --end 2024-11-05T15-30-22 --use-window 1 --interval 30
Mode: windowed-one-state
Rows written: 67
Distinct states in output: FL
Rows per normalized timestamp (empty = unparseable):
  2024-11-05T15-30-22: 67
Wrote /home/ubuntu/apps/election-app/win_prob/P/FL/snapshots_FL.csv

$ /home/ubuntu/.venv/bin/python3 /home/ubuntu/apps/election-app/stats/6-pval.py /home/ubuntu/apps/election-app/win_prob/P/FL/snapshots_FL.csv -t /home/ubuntu/apps/election-app/stats/parameters.csv -o /home/ubuntu/apps/election-app/win_prob/P/FL/data_output_FL.csv -c 50
Done. Wrote: /home/ubuntu/apps/election-app/win_prob/P/FL/data_output_FL.csv
Total rows: 67 (chunked, resumable).
Computed columns for PVALS = [0.01, 0.1, 1, 2, 3, 5, 10, 15, 20, 25, 30, 35, 40, 45, 50, 55, 60, 65, 70, 75, 80, 85, 90, 95, 97, 98, 99, 99.9, 99.99]
Per p (leader): shift_{p}, margin_new_{p}, harris_percent_new_{p}, trump_percent_new_{p}, total_snapshot_{p}, total_expected_{p}, harris_votes_new_{p}, trump_votes_new_{p}
Per p (trailing): shift_trailing_{p}, margin_new_{p}_trailing, harris_percent_new_{p}_trailing, trump_percent_new_{p}_trailing, total_snapshot_{p}_trailing, total_expected_{p}_trailing, harris_votes_new_{p}_trailing, trump_votes_new_{p}_trailing
Checkpoint saved at: /home/ubuntu/apps/election-app/win_prob/P/FL/data_output_FL.csv.checkpoint.json

$ /home/ubuntu/.venv/bin/python3 /home/ubuntu/apps/election-app/stats/7-margin-new.py
Wrote data_output_with_margins_old.csv

$ /home/ubuntu/.venv/bin/python3 /home/ubuntu/apps/election-app/stats/7-eevp-statewide.py
Wrote data_output_with_margins.csv (copied from data_output_with_margins_old.csv)

$ /home/ubuntu/.venv/bin/python3 /home/ubuntu/apps/election-app/stats/7.py --input /home/ubuntu/apps/election-app/win_prob/P/FL/data_output_FL_with_margins_statewide_eevp.csv --output /home/ubuntu/apps/election-app/win_prob/P/FL/statewide_margin_pct_vs_percent_FL_2026.png --state FL --start 2024-11-05T15-30-22 --end 2024-11-05T15-30-22 --stats /home/ubuntu/apps/election-app/win_prob/P/FL/stats.csv --stats2 /home/ubuntu/apps/election-app/win_prob/P/FL/stats2.csv --interval 30 --year 2026 --jsonl /home/ubuntu/apps/election-app/win_prob/P/FL/plotdata_FL_2026_2026-01-22T21-31-07.jsonl
[info] evaluating 1 timestamps from 2024-11-05T15-30-22 to 2024-11-05T15-30-22 every 30 minutes
[saved] probs_timeseries_FL.csv  (1 points)
[saved] /home/ubuntu/apps/election-app/win_prob/P/FL/plotdata_FL_2026_2026-01-22T21-31-07.jsonl  (4 points)
[saved] /home/ubuntu/apps/election-app/win_prob/P/FL/statewide_margin_pct_vs_percent_FL_2026_box.json
[saved] /home/ubuntu/apps/election-app/win_prob/P/FL/statewide_margin_pct_vs_percent_FL_2026_box.png
[saved] /home/ubuntu/apps/election-app/win_prob/P/FL/statewide_margin_pct_vs_percent_FL_2026.png

All 50 states complete. See: /home/ubuntu/apps/election-app/win_prob/P/FL

$ /home/ubuntu/.venv/bin/python3 /home/ubuntu/apps/election-app/stats/8.py --root /home/ubuntu/apps/election-app/win_prob/P/FL/_work --outdir /home/ubuntu/apps/election-app/win_prob/P/FL
[info] root  = /home/ubuntu/apps/election-app/win_prob/P/FL/_work
[info] outdir= /home/ubuntu/apps/election-app/win_prob/P/FL
[deleted] /home/ubuntu/apps/election-app/win_prob/P/FL/_work/stats_with_statewide.csv
[deleted] /home/ubuntu/apps/election-app/win_prob/P/FL/_work/stats2_final_headers.csv
[deleted] /home/ubuntu/apps/election-app/win_prob/P/FL/_work/2024_county_results_with_final-old.csv
[deleted] /home/ubuntu/apps/election-app/win_prob/P/FL/_work/2024_county_results_with_final.csv
[deleted] /home/ubuntu/apps/election-app/win_prob/P/FL/_work/2024_county_results_with_final_1.csv
[deleted] /home/ubuntu/apps/election-app/win_prob/P/FL/_work/2024_county_results_with_calcs-old.csv
[deleted] /home/ubuntu/apps/election-app/win_prob/P/FL/_work/2024_county_results_with_calcs_new.csv
[deleted] /home/ubuntu/apps/election-app/win_prob/P/FL/_work/output_statewide_stats.csv
[skip]    /home/ubuntu/apps/election-app/win_prob/P/FL/_work/probs_timeseries_PA.csv
[deleted] /home/ubuntu/apps/election-app/win_prob/P/FL/_work/2024_county_results_with_calcs.csv
[skip]    /home/ubuntu/apps/election-app/win_prob/P/FL/data_output.csv
[skip]    /home/ubuntu/apps/election-app/win_prob/P/FL/data_output_with_margins_old.csv
[skip]    /home/ubuntu/apps/election-app/win_prob/P/FL/data_output_with_margins.csv
[skip]    /home/ubuntu/apps/election-app/win_prob/P/FL/data_output_with_margins-statewide.csv
[deleted] /home/ubuntu/apps/election-app/win_prob/P/FL/snapshots_FL.csv
[deleted] /home/ubuntu/apps/election-app/win_prob/P/FL/data_output_FL.csv
[deleted] /home/ubuntu/apps/election-app/win_prob/P/FL/data_output_FL_with_margins_statewide_eevp.csv
[deleted] /home/ubuntu/apps/election-app/win_prob/P/FL/data_output_FL_with_margins.csv
[deleted] /home/ubuntu/apps/election-app/win_prob/P/FL/data_output_FL.csv.checkpoint.json
[deleted] /home/ubuntu/apps/election-app/win_prob/P/FL/stats.csv
[deleted] /home/ubuntu/apps/election-app/win_prob/P/FL/stats2.csv
[done] removed 16 file(s)
[2026-01-22 21:38:12] INFO: [PIPELINE] args: office=P state=FL district=None
[2026-01-22 21:38:12] INFO: [PIPELINE] WINPROB_DIR resolved to: /home/ubuntu/apps/election-app/win_prob/P/FL
[2026-01-22 21:38:12] INFO: [PIPELINE] OUTDIR set to: /home/ubuntu/apps/election-app/win_prob/P/FL

$ /home/ubuntu/.venv/bin/python3 /home/ubuntu/apps/election-app/stats/1-statewide.py --input /home/ubuntu/apps/election-app/win_prob/P/FL/stats.csv --output /home/ubuntu/apps/election-app/win_prob/P/FL/_work/stats_with_statewide.csv
Wrote /home/ubuntu/apps/election-app/win_prob/P/FL/_work/stats_with_statewide.csv (rows=67)

$ /home/ubuntu/.venv/bin/python3 /home/ubuntu/apps/election-app/stats/1-stats-2.py --input /home/ubuntu/apps/election-app/win_prob/P/FL/stats2.csv --output /home/ubuntu/apps/election-app/win_prob/P/FL/_work/stats2_final_headers.csv
Wrote /home/ubuntu/apps/election-app/win_prob/P/FL/_work/stats2_final_headers.csv (rows=67)

$ /home/ubuntu/.venv/bin/python3 /home/ubuntu/apps/election-app/stats/1-append-new.py
Wrote 2024_county_results_with_final-old.csv (rows=67, missing_final_matches=0)

$ /home/ubuntu/.venv/bin/python3 /home/ubuntu/apps/election-app/stats/1-change_header.py
Wrote: 2024_county_results_with_final.csv

$ /home/ubuntu/.venv/bin/python3 /home/ubuntu/apps/election-app/stats/1-cut-zero-fips.py
Wrote: 2024_county_results_with_final_1.csv
Rows before: 67
Rows after:  67
Dropped (fips == 0): 0

$ /home/ubuntu/.venv/bin/python3 /home/ubuntu/apps/election-app/stats/2-calc.py
Wrote 67 rows with calculations to /home/ubuntu/apps/election-app/win_prob/P/FL/_work/2024_county_results_with_calcs-old.csv

$ /home/ubuntu/.venv/bin/python3 /home/ubuntu/apps/election-app/stats/2-eevp.py
Wrote (no-op copy): 2024_county_results_with_calcs.csv
Columns:
 - timestamp
 - state
 - county
 - fips
 - trump_votes
 - harris_votes
 - other_votes
 - eevp
 - state_eevp
 - harris_votes_statewide
 - trump_votes_statewide
 - other_votes_statewide
 - final_state
 - final_county
 - final_fips
 - final_trump_votes
 - final_harris_votes
 - final_other_votes
 - harris_percent_snapshot
 - trump_percent_snapshot
 - margin_snapshot
 - harris_percent_final
 - trump_percent_final
 - margin_final
 - margin_difference
 - margin_difference_abs

$ /home/ubuntu/.venv/bin/python3 /home/ubuntu/apps/election-app/stats/3-calc-new.py
Wrote 67 rows with new columns to /home/ubuntu/apps/election-app/win_prob/P/FL/_work/2024_county_results_with_calcs_new.csv

$ /home/ubuntu/.venv/bin/python3 /home/ubuntu/apps/election-app/stats/4-stats.py
Reading 2024_county_results_with_calcs_new.csv...
Aggregating statewide totals...
Calculating percentages and margins...
Writing to output_statewide_stats.csv...
Done!
[2026-01-22 21:38:22] INFO: [PIPELINE] ENTER win-prob generation | states=['FL'] ts_list=['2024-11-05T15-30-22']

============================================================================
[01/1] STATE = FL
============================================================================

$ /home/ubuntu/.venv/bin/python3 /home/ubuntu/apps/election-app/stats/5-snapshots.py --state FL --input /home/ubuntu/apps/election-app/win_prob/P/FL/_work/output_statewide_stats.csv --output /home/ubuntu/apps/election-app/win_prob/P/FL/snapshots_FL.csv --start 2024-11-05T15-30-22 --end 2024-11-05T15-30-22 --use-window 1 --interval 30
Mode: windowed-one-state
Rows written: 67
Distinct states in output: FL
Rows per normalized timestamp (empty = unparseable):
  2024-11-05T15-30-22: 67
Wrote /home/ubuntu/apps/election-app/win_prob/P/FL/snapshots_FL.csv

$ /home/ubuntu/.venv/bin/python3 /home/ubuntu/apps/election-app/stats/6-pval.py /home/ubuntu/apps/election-app/win_prob/P/FL/snapshots_FL.csv -t /home/ubuntu/apps/election-app/stats/parameters.csv -o /home/ubuntu/apps/election-app/win_prob/P/FL/data_output_FL.csv -c 50
Done. Wrote: /home/ubuntu/apps/election-app/win_prob/P/FL/data_output_FL.csv
Total rows: 67 (chunked, resumable).
Computed columns for PVALS = [0.01, 0.1, 1, 2, 3, 5, 10, 15, 20, 25, 30, 35, 40, 45, 50, 55, 60, 65, 70, 75, 80, 85, 90, 95, 97, 98, 99, 99.9, 99.99]
Per p (leader): shift_{p}, margin_new_{p}, harris_percent_new_{p}, trump_percent_new_{p}, total_snapshot_{p}, total_expected_{p}, harris_votes_new_{p}, trump_votes_new_{p}
Per p (trailing): shift_trailing_{p}, margin_new_{p}_trailing, harris_percent_new_{p}_trailing, trump_percent_new_{p}_trailing, total_snapshot_{p}_trailing, total_expected_{p}_trailing, harris_votes_new_{p}_trailing, trump_votes_new_{p}_trailing
Checkpoint saved at: /home/ubuntu/apps/election-app/win_prob/P/FL/data_output_FL.csv.checkpoint.json

$ /home/ubuntu/.venv/bin/python3 /home/ubuntu/apps/election-app/stats/7-margin-new.py
Wrote data_output_with_margins_old.csv

$ /home/ubuntu/.venv/bin/python3 /home/ubuntu/apps/election-app/stats/7-eevp-statewide.py
Wrote data_output_with_margins.csv (copied from data_output_with_margins_old.csv)

$ /home/ubuntu/.venv/bin/python3 /home/ubuntu/apps/election-app/stats/7.py --input /home/ubuntu/apps/election-app/win_prob/P/FL/data_output_FL_with_margins_statewide_eevp.csv --output /home/ubuntu/apps/election-app/win_prob/P/FL/statewide_margin_pct_vs_percent_FL_2026.png --state FL --start 2024-11-05T15-30-22 --end 2024-11-05T15-30-22 --stats /home/ubuntu/apps/election-app/win_prob/P/FL/stats.csv --stats2 /home/ubuntu/apps/election-app/win_prob/P/FL/stats2.csv --interval 30 --year 2026 --jsonl /home/ubuntu/apps/election-app/win_prob/P/FL/plotdata_FL_2026_2026-01-22T21-38-12.jsonl
[info] evaluating 1 timestamps from 2024-11-05T15-30-22 to 2024-11-05T15-30-22 every 30 minutes
[saved] probs_timeseries_FL.csv  (1 points)
[saved] /home/ubuntu/apps/election-app/win_prob/P/FL/plotdata_FL_2026_2026-01-22T21-38-12.jsonl  (4 points)
[saved] /home/ubuntu/apps/election-app/win_prob/P/FL/statewide_margin_pct_vs_percent_FL_2026_box.json
[saved] /home/ubuntu/apps/election-app/win_prob/P/FL/statewide_margin_pct_vs_percent_FL_2026_box.png
[saved] /home/ubuntu/apps/election-app/win_prob/P/FL/statewide_margin_pct_vs_percent_FL_2026.png

All 50 states complete. See: /home/ubuntu/apps/election-app/win_prob/P/FL

$ /home/ubuntu/.venv/bin/python3 /home/ubuntu/apps/election-app/stats/8.py --root /home/ubuntu/apps/election-app/win_prob/P/FL/_work --outdir /home/ubuntu/apps/election-app/win_prob/P/FL
[info] root  = /home/ubuntu/apps/election-app/win_prob/P/FL/_work
[info] outdir= /home/ubuntu/apps/election-app/win_prob/P/FL
[deleted] /home/ubuntu/apps/election-app/win_prob/P/FL/_work/stats_with_statewide.csv
[deleted] /home/ubuntu/apps/election-app/win_prob/P/FL/_work/stats2_final_headers.csv
[deleted] /home/ubuntu/apps/election-app/win_prob/P/FL/_work/2024_county_results_with_final-old.csv
[deleted] /home/ubuntu/apps/election-app/win_prob/P/FL/_work/2024_county_results_with_final.csv
[deleted] /home/ubuntu/apps/election-app/win_prob/P/FL/_work/2024_county_results_with_final_1.csv
[deleted] /home/ubuntu/apps/election-app/win_prob/P/FL/_work/2024_county_results_with_calcs-old.csv
[deleted] /home/ubuntu/apps/election-app/win_prob/P/FL/_work/2024_county_results_with_calcs_new.csv
[deleted] /home/ubuntu/apps/election-app/win_prob/P/FL/_work/output_statewide_stats.csv
[skip]    /home/ubuntu/apps/election-app/win_prob/P/FL/_work/probs_timeseries_PA.csv
[deleted] /home/ubuntu/apps/election-app/win_prob/P/FL/_work/2024_county_results_with_calcs.csv
[skip]    /home/ubuntu/apps/election-app/win_prob/P/FL/data_output.csv
[skip]    /home/ubuntu/apps/election-app/win_prob/P/FL/data_output_with_margins_old.csv
[skip]    /home/ubuntu/apps/election-app/win_prob/P/FL/data_output_with_margins.csv
[skip]    /home/ubuntu/apps/election-app/win_prob/P/FL/data_output_with_margins-statewide.csv
[deleted] /home/ubuntu/apps/election-app/win_prob/P/FL/snapshots_FL.csv
[deleted] /home/ubuntu/apps/election-app/win_prob/P/FL/data_output_FL.csv
[deleted] /home/ubuntu/apps/election-app/win_prob/P/FL/data_output_FL_with_margins_statewide_eevp.csv
[deleted] /home/ubuntu/apps/election-app/win_prob/P/FL/data_output_FL_with_margins.csv
[deleted] /home/ubuntu/apps/election-app/win_prob/P/FL/data_output_FL.csv.checkpoint.json
[deleted] /home/ubuntu/apps/election-app/win_prob/P/FL/stats.csv
[deleted] /home/ubuntu/apps/election-app/win_prob/P/FL/stats2.csv
[done] removed 16 file(s)
[2026-01-22 21:45:17] INFO: [PIPELINE] args: office=P state=FL district=None
[2026-01-22 21:45:17] INFO: [PIPELINE] WINPROB_DIR resolved to: /home/ubuntu/apps/election-app/win_prob/P/FL
[2026-01-22 21:45:17] INFO: [PIPELINE] OUTDIR set to: /home/ubuntu/apps/election-app/win_prob/P/FL

$ /home/ubuntu/.venv/bin/python3 /home/ubuntu/apps/election-app/stats/1-statewide.py --input /home/ubuntu/apps/election-app/win_prob/P/FL/stats.csv --output /home/ubuntu/apps/election-app/win_prob/P/FL/_work/stats_with_statewide.csv
Wrote /home/ubuntu/apps/election-app/win_prob/P/FL/_work/stats_with_statewide.csv (rows=67)

$ /home/ubuntu/.venv/bin/python3 /home/ubuntu/apps/election-app/stats/1-stats-2.py --input /home/ubuntu/apps/election-app/win_prob/P/FL/stats2.csv --output /home/ubuntu/apps/election-app/win_prob/P/FL/_work/stats2_final_headers.csv
Wrote /home/ubuntu/apps/election-app/win_prob/P/FL/_work/stats2_final_headers.csv (rows=67)

$ /home/ubuntu/.venv/bin/python3 /home/ubuntu/apps/election-app/stats/1-append-new.py
Wrote 2024_county_results_with_final-old.csv (rows=67, missing_final_matches=0)

$ /home/ubuntu/.venv/bin/python3 /home/ubuntu/apps/election-app/stats/1-change_header.py
Wrote: 2024_county_results_with_final.csv

$ /home/ubuntu/.venv/bin/python3 /home/ubuntu/apps/election-app/stats/1-cut-zero-fips.py
Wrote: 2024_county_results_with_final_1.csv
Rows before: 67
Rows after:  67
Dropped (fips == 0): 0

$ /home/ubuntu/.venv/bin/python3 /home/ubuntu/apps/election-app/stats/2-calc.py
Wrote 67 rows with calculations to /home/ubuntu/apps/election-app/win_prob/P/FL/_work/2024_county_results_with_calcs-old.csv

$ /home/ubuntu/.venv/bin/python3 /home/ubuntu/apps/election-app/stats/2-eevp.py
Wrote (no-op copy): 2024_county_results_with_calcs.csv
Columns:
 - timestamp
 - state
 - county
 - fips
 - trump_votes
 - harris_votes
 - other_votes
 - eevp
 - state_eevp
 - harris_votes_statewide
 - trump_votes_statewide
 - other_votes_statewide
 - final_state
 - final_county
 - final_fips
 - final_trump_votes
 - final_harris_votes
 - final_other_votes
 - harris_percent_snapshot
 - trump_percent_snapshot
 - margin_snapshot
 - harris_percent_final
 - trump_percent_final
 - margin_final
 - margin_difference
 - margin_difference_abs

$ /home/ubuntu/.venv/bin/python3 /home/ubuntu/apps/election-app/stats/3-calc-new.py
Wrote 67 rows with new columns to /home/ubuntu/apps/election-app/win_prob/P/FL/_work/2024_county_results_with_calcs_new.csv

$ /home/ubuntu/.venv/bin/python3 /home/ubuntu/apps/election-app/stats/4-stats.py
Reading 2024_county_results_with_calcs_new.csv...
Aggregating statewide totals...
Calculating percentages and margins...
Writing to output_statewide_stats.csv...
Done!
[2026-01-22 21:45:26] INFO: [PIPELINE] ENTER win-prob generation | states=['FL'] ts_list=['2024-11-05T15-30-22']

============================================================================
[01/1] STATE = FL
============================================================================

$ /home/ubuntu/.venv/bin/python3 /home/ubuntu/apps/election-app/stats/5-snapshots.py --state FL --input /home/ubuntu/apps/election-app/win_prob/P/FL/_work/output_statewide_stats.csv --output /home/ubuntu/apps/election-app/win_prob/P/FL/snapshots_FL.csv --start 2024-11-05T15-30-22 --end 2024-11-05T15-30-22 --use-window 1 --interval 30
Mode: windowed-one-state
Rows written: 67
Distinct states in output: FL
Rows per normalized timestamp (empty = unparseable):
  2024-11-05T15-30-22: 67
Wrote /home/ubuntu/apps/election-app/win_prob/P/FL/snapshots_FL.csv

$ /home/ubuntu/.venv/bin/python3 /home/ubuntu/apps/election-app/stats/6-pval.py /home/ubuntu/apps/election-app/win_prob/P/FL/snapshots_FL.csv -t /home/ubuntu/apps/election-app/stats/parameters.csv -o /home/ubuntu/apps/election-app/win_prob/P/FL/data_output_FL.csv -c 50
Done. Wrote: /home/ubuntu/apps/election-app/win_prob/P/FL/data_output_FL.csv
Total rows: 67 (chunked, resumable).
Computed columns for PVALS = [0.01, 0.1, 1, 2, 3, 5, 10, 15, 20, 25, 30, 35, 40, 45, 50, 55, 60, 65, 70, 75, 80, 85, 90, 95, 97, 98, 99, 99.9, 99.99]
Per p (leader): shift_{p}, margin_new_{p}, harris_percent_new_{p}, trump_percent_new_{p}, total_snapshot_{p}, total_expected_{p}, harris_votes_new_{p}, trump_votes_new_{p}
Per p (trailing): shift_trailing_{p}, margin_new_{p}_trailing, harris_percent_new_{p}_trailing, trump_percent_new_{p}_trailing, total_snapshot_{p}_trailing, total_expected_{p}_trailing, harris_votes_new_{p}_trailing, trump_votes_new_{p}_trailing
Checkpoint saved at: /home/ubuntu/apps/election-app/win_prob/P/FL/data_output_FL.csv.checkpoint.json

$ /home/ubuntu/.venv/bin/python3 /home/ubuntu/apps/election-app/stats/7-margin-new.py
Wrote data_output_with_margins_old.csv

$ /home/ubuntu/.venv/bin/python3 /home/ubuntu/apps/election-app/stats/7-eevp-statewide.py
Wrote data_output_with_margins.csv (copied from data_output_with_margins_old.csv)

$ /home/ubuntu/.venv/bin/python3 /home/ubuntu/apps/election-app/stats/7.py --input /home/ubuntu/apps/election-app/win_prob/P/FL/data_output_FL_with_margins_statewide_eevp.csv --output /home/ubuntu/apps/election-app/win_prob/P/FL/statewide_margin_pct_vs_percent_FL_2026.png --state FL --start 2024-11-05T15-30-22 --end 2024-11-05T15-30-22 --stats /home/ubuntu/apps/election-app/win_prob/P/FL/stats.csv --stats2 /home/ubuntu/apps/election-app/win_prob/P/FL/stats2.csv --interval 30 --year 2026 --jsonl /home/ubuntu/apps/election-app/win_prob/P/FL/plotdata_FL_2026_2026-01-22T21-45-17.jsonl
[info] evaluating 1 timestamps from 2024-11-05T15-30-22 to 2024-11-05T15-30-22 every 30 minutes
[saved] probs_timeseries_FL.csv  (1 points)
[saved] /home/ubuntu/apps/election-app/win_prob/P/FL/plotdata_FL_2026_2026-01-22T21-45-17.jsonl  (4 points)
[saved] /home/ubuntu/apps/election-app/win_prob/P/FL/statewide_margin_pct_vs_percent_FL_2026_box.json
[saved] /home/ubuntu/apps/election-app/win_prob/P/FL/statewide_margin_pct_vs_percent_FL_2026_box.png
[saved] /home/ubuntu/apps/election-app/win_prob/P/FL/statewide_margin_pct_vs_percent_FL_2026.png

All 50 states complete. See: /home/ubuntu/apps/election-app/win_prob/P/FL

$ /home/ubuntu/.venv/bin/python3 /home/ubuntu/apps/election-app/stats/8.py --root /home/ubuntu/apps/election-app/win_prob/P/FL/_work --outdir /home/ubuntu/apps/election-app/win_prob/P/FL
[info] root  = /home/ubuntu/apps/election-app/win_prob/P/FL/_work
[info] outdir= /home/ubuntu/apps/election-app/win_prob/P/FL
[deleted] /home/ubuntu/apps/election-app/win_prob/P/FL/_work/stats_with_statewide.csv
[deleted] /home/ubuntu/apps/election-app/win_prob/P/FL/_work/stats2_final_headers.csv
[deleted] /home/ubuntu/apps/election-app/win_prob/P/FL/_work/2024_county_results_with_final-old.csv
[deleted] /home/ubuntu/apps/election-app/win_prob/P/FL/_work/2024_county_results_with_final.csv
[deleted] /home/ubuntu/apps/election-app/win_prob/P/FL/_work/2024_county_results_with_final_1.csv
[deleted] /home/ubuntu/apps/election-app/win_prob/P/FL/_work/2024_county_results_with_calcs-old.csv
[deleted] /home/ubuntu/apps/election-app/win_prob/P/FL/_work/2024_county_results_with_calcs_new.csv
[deleted] /home/ubuntu/apps/election-app/win_prob/P/FL/_work/output_statewide_stats.csv
[skip]    /home/ubuntu/apps/election-app/win_prob/P/FL/_work/probs_timeseries_PA.csv
[deleted] /home/ubuntu/apps/election-app/win_prob/P/FL/_work/2024_county_results_with_calcs.csv
[skip]    /home/ubuntu/apps/election-app/win_prob/P/FL/data_output.csv
[skip]    /home/ubuntu/apps/election-app/win_prob/P/FL/data_output_with_margins_old.csv
[skip]    /home/ubuntu/apps/election-app/win_prob/P/FL/data_output_with_margins.csv
[skip]    /home/ubuntu/apps/election-app/win_prob/P/FL/data_output_with_margins-statewide.csv
[deleted] /home/ubuntu/apps/election-app/win_prob/P/FL/snapshots_FL.csv
[deleted] /home/ubuntu/apps/election-app/win_prob/P/FL/data_output_FL.csv
[deleted] /home/ubuntu/apps/election-app/win_prob/P/FL/data_output_FL_with_margins_statewide_eevp.csv
[deleted] /home/ubuntu/apps/election-app/win_prob/P/FL/data_output_FL_with_margins.csv
[deleted] /home/ubuntu/apps/election-app/win_prob/P/FL/data_output_FL.csv.checkpoint.json
[deleted] /home/ubuntu/apps/election-app/win_prob/P/FL/stats.csv
[deleted] /home/ubuntu/apps/election-app/win_prob/P/FL/stats2.csv
[done] removed 16 file(s)
[2026-01-22 21:52:01] INFO: [PIPELINE] args: office=P state=FL district=None
[2026-01-22 21:52:01] INFO: [PIPELINE] WINPROB_DIR resolved to: /home/ubuntu/apps/election-app/win_prob/P/FL
[2026-01-22 21:52:01] INFO: [PIPELINE] OUTDIR set to: /home/ubuntu/apps/election-app/win_prob/P/FL

$ /home/ubuntu/.venv/bin/python3 /home/ubuntu/apps/election-app/stats/1-statewide.py --input /home/ubuntu/apps/election-app/win_prob/P/FL/stats.csv --output /home/ubuntu/apps/election-app/win_prob/P/FL/_work/stats_with_statewide.csv
Wrote /home/ubuntu/apps/election-app/win_prob/P/FL/_work/stats_with_statewide.csv (rows=67)

$ /home/ubuntu/.venv/bin/python3 /home/ubuntu/apps/election-app/stats/1-stats-2.py --input /home/ubuntu/apps/election-app/win_prob/P/FL/stats2.csv --output /home/ubuntu/apps/election-app/win_prob/P/FL/_work/stats2_final_headers.csv
Wrote /home/ubuntu/apps/election-app/win_prob/P/FL/_work/stats2_final_headers.csv (rows=67)

$ /home/ubuntu/.venv/bin/python3 /home/ubuntu/apps/election-app/stats/1-append-new.py
Wrote 2024_county_results_with_final-old.csv (rows=67, missing_final_matches=0)

$ /home/ubuntu/.venv/bin/python3 /home/ubuntu/apps/election-app/stats/1-change_header.py
Wrote: 2024_county_results_with_final.csv

$ /home/ubuntu/.venv/bin/python3 /home/ubuntu/apps/election-app/stats/1-cut-zero-fips.py
Wrote: 2024_county_results_with_final_1.csv
Rows before: 67
Rows after:  67
Dropped (fips == 0): 0

$ /home/ubuntu/.venv/bin/python3 /home/ubuntu/apps/election-app/stats/2-calc.py
Wrote 67 rows with calculations to /home/ubuntu/apps/election-app/win_prob/P/FL/_work/2024_county_results_with_calcs-old.csv

$ /home/ubuntu/.venv/bin/python3 /home/ubuntu/apps/election-app/stats/2-eevp.py
Wrote (no-op copy): 2024_county_results_with_calcs.csv
Columns:
 - timestamp
 - state
 - county
 - fips
 - trump_votes
 - harris_votes
 - other_votes
 - eevp
 - state_eevp
 - harris_votes_statewide
 - trump_votes_statewide
 - other_votes_statewide
 - final_state
 - final_county
 - final_fips
 - final_trump_votes
 - final_harris_votes
 - final_other_votes
 - harris_percent_snapshot
 - trump_percent_snapshot
 - margin_snapshot
 - harris_percent_final
 - trump_percent_final
 - margin_final
 - margin_difference
 - margin_difference_abs

$ /home/ubuntu/.venv/bin/python3 /home/ubuntu/apps/election-app/stats/3-calc-new.py
Wrote 67 rows with new columns to /home/ubuntu/apps/election-app/win_prob/P/FL/_work/2024_county_results_with_calcs_new.csv

$ /home/ubuntu/.venv/bin/python3 /home/ubuntu/apps/election-app/stats/4-stats.py
Reading 2024_county_results_with_calcs_new.csv...
Aggregating statewide totals...
Calculating percentages and margins...
Writing to output_statewide_stats.csv...
Done!
[2026-01-22 21:52:10] INFO: [PIPELINE] ENTER win-prob generation | states=['FL'] ts_list=['2024-11-05T15-30-22']

============================================================================
[01/1] STATE = FL
============================================================================

$ /home/ubuntu/.venv/bin/python3 /home/ubuntu/apps/election-app/stats/5-snapshots.py --state FL --input /home/ubuntu/apps/election-app/win_prob/P/FL/_work/output_statewide_stats.csv --output /home/ubuntu/apps/election-app/win_prob/P/FL/snapshots_FL.csv --start 2024-11-05T15-30-22 --end 2024-11-05T15-30-22 --use-window 1 --interval 30
Mode: windowed-one-state
Rows written: 67
Distinct states in output: FL
Rows per normalized timestamp (empty = unparseable):
  2024-11-05T15-30-22: 67
Wrote /home/ubuntu/apps/election-app/win_prob/P/FL/snapshots_FL.csv

$ /home/ubuntu/.venv/bin/python3 /home/ubuntu/apps/election-app/stats/6-pval.py /home/ubuntu/apps/election-app/win_prob/P/FL/snapshots_FL.csv -t /home/ubuntu/apps/election-app/stats/parameters.csv -o /home/ubuntu/apps/election-app/win_prob/P/FL/data_output_FL.csv -c 50
Done. Wrote: /home/ubuntu/apps/election-app/win_prob/P/FL/data_output_FL.csv
Total rows: 67 (chunked, resumable).
Computed columns for PVALS = [0.01, 0.1, 1, 2, 3, 5, 10, 15, 20, 25, 30, 35, 40, 45, 50, 55, 60, 65, 70, 75, 80, 85, 90, 95, 97, 98, 99, 99.9, 99.99]
Per p (leader): shift_{p}, margin_new_{p}, harris_percent_new_{p}, trump_percent_new_{p}, total_snapshot_{p}, total_expected_{p}, harris_votes_new_{p}, trump_votes_new_{p}
Per p (trailing): shift_trailing_{p}, margin_new_{p}_trailing, harris_percent_new_{p}_trailing, trump_percent_new_{p}_trailing, total_snapshot_{p}_trailing, total_expected_{p}_trailing, harris_votes_new_{p}_trailing, trump_votes_new_{p}_trailing
Checkpoint saved at: /home/ubuntu/apps/election-app/win_prob/P/FL/data_output_FL.csv.checkpoint.json

$ /home/ubuntu/.venv/bin/python3 /home/ubuntu/apps/election-app/stats/7-margin-new.py
Wrote data_output_with_margins_old.csv

$ /home/ubuntu/.venv/bin/python3 /home/ubuntu/apps/election-app/stats/7-eevp-statewide.py
Wrote data_output_with_margins.csv (copied from data_output_with_margins_old.csv)

$ /home/ubuntu/.venv/bin/python3 /home/ubuntu/apps/election-app/stats/7.py --input /home/ubuntu/apps/election-app/win_prob/P/FL/data_output_FL_with_margins_statewide_eevp.csv --output /home/ubuntu/apps/election-app/win_prob/P/FL/statewide_margin_pct_vs_percent_FL_2026.png --state FL --start 2024-11-05T15-30-22 --end 2024-11-05T15-30-22 --stats /home/ubuntu/apps/election-app/win_prob/P/FL/stats.csv --stats2 /home/ubuntu/apps/election-app/win_prob/P/FL/stats2.csv --interval 30 --year 2026 --jsonl /home/ubuntu/apps/election-app/win_prob/P/FL/plotdata_FL_2026_2026-01-22T21-52-01.jsonl
[info] evaluating 1 timestamps from 2024-11-05T15-30-22 to 2024-11-05T15-30-22 every 30 minutes
[saved] probs_timeseries_FL.csv  (1 points)
[saved] /home/ubuntu/apps/election-app/win_prob/P/FL/plotdata_FL_2026_2026-01-22T21-52-01.jsonl  (4 points)
[saved] /home/ubuntu/apps/election-app/win_prob/P/FL/statewide_margin_pct_vs_percent_FL_2026_box.json
[saved] /home/ubuntu/apps/election-app/win_prob/P/FL/statewide_margin_pct_vs_percent_FL_2026_box.png
[saved] /home/ubuntu/apps/election-app/win_prob/P/FL/statewide_margin_pct_vs_percent_FL_2026.png

All 50 states complete. See: /home/ubuntu/apps/election-app/win_prob/P/FL

$ /home/ubuntu/.venv/bin/python3 /home/ubuntu/apps/election-app/stats/8.py --root /home/ubuntu/apps/election-app/win_prob/P/FL/_work --outdir /home/ubuntu/apps/election-app/win_prob/P/FL
[info] root  = /home/ubuntu/apps/election-app/win_prob/P/FL/_work
[info] outdir= /home/ubuntu/apps/election-app/win_prob/P/FL
[deleted] /home/ubuntu/apps/election-app/win_prob/P/FL/_work/stats_with_statewide.csv
[deleted] /home/ubuntu/apps/election-app/win_prob/P/FL/_work/stats2_final_headers.csv
[deleted] /home/ubuntu/apps/election-app/win_prob/P/FL/_work/2024_county_results_with_final-old.csv
[deleted] /home/ubuntu/apps/election-app/win_prob/P/FL/_work/2024_county_results_with_final.csv
[deleted] /home/ubuntu/apps/election-app/win_prob/P/FL/_work/2024_county_results_with_final_1.csv
[deleted] /home/ubuntu/apps/election-app/win_prob/P/FL/_work/2024_county_results_with_calcs-old.csv
[deleted] /home/ubuntu/apps/election-app/win_prob/P/FL/_work/2024_county_results_with_calcs_new.csv
[deleted] /home/ubuntu/apps/election-app/win_prob/P/FL/_work/output_statewide_stats.csv
[skip]    /home/ubuntu/apps/election-app/win_prob/P/FL/_work/probs_timeseries_PA.csv
[deleted] /home/ubuntu/apps/election-app/win_prob/P/FL/_work/2024_county_results_with_calcs.csv
[skip]    /home/ubuntu/apps/election-app/win_prob/P/FL/data_output.csv
[skip]    /home/ubuntu/apps/election-app/win_prob/P/FL/data_output_with_margins_old.csv
[skip]    /home/ubuntu/apps/election-app/win_prob/P/FL/data_output_with_margins.csv
[skip]    /home/ubuntu/apps/election-app/win_prob/P/FL/data_output_with_margins-statewide.csv
[deleted] /home/ubuntu/apps/election-app/win_prob/P/FL/snapshots_FL.csv
[deleted] /home/ubuntu/apps/election-app/win_prob/P/FL/data_output_FL.csv
[deleted] /home/ubuntu/apps/election-app/win_prob/P/FL/data_output_FL_with_margins_statewide_eevp.csv
[deleted] /home/ubuntu/apps/election-app/win_prob/P/FL/data_output_FL_with_margins.csv
[deleted] /home/ubuntu/apps/election-app/win_prob/P/FL/data_output_FL.csv.checkpoint.json
[deleted] /home/ubuntu/apps/election-app/win_prob/P/FL/stats.csv
[deleted] /home/ubuntu/apps/election-app/win_prob/P/FL/stats2.csv
[done] removed 16 file(s)
[2026-01-22 21:59:05] INFO: [PIPELINE] args: office=P state=FL district=None
[2026-01-22 21:59:05] INFO: [PIPELINE] WINPROB_DIR resolved to: /home/ubuntu/apps/election-app/win_prob/P/FL
[2026-01-22 21:59:05] INFO: [PIPELINE] OUTDIR set to: /home/ubuntu/apps/election-app/win_prob/P/FL

$ /home/ubuntu/.venv/bin/python3 /home/ubuntu/apps/election-app/stats/1-statewide.py --input /home/ubuntu/apps/election-app/win_prob/P/FL/stats.csv --output /home/ubuntu/apps/election-app/win_prob/P/FL/_work/stats_with_statewide.csv
Wrote /home/ubuntu/apps/election-app/win_prob/P/FL/_work/stats_with_statewide.csv (rows=67)

$ /home/ubuntu/.venv/bin/python3 /home/ubuntu/apps/election-app/stats/1-stats-2.py --input /home/ubuntu/apps/election-app/win_prob/P/FL/stats2.csv --output /home/ubuntu/apps/election-app/win_prob/P/FL/_work/stats2_final_headers.csv
Wrote /home/ubuntu/apps/election-app/win_prob/P/FL/_work/stats2_final_headers.csv (rows=67)

$ /home/ubuntu/.venv/bin/python3 /home/ubuntu/apps/election-app/stats/1-append-new.py
Wrote 2024_county_results_with_final-old.csv (rows=67, missing_final_matches=0)

$ /home/ubuntu/.venv/bin/python3 /home/ubuntu/apps/election-app/stats/1-change_header.py
Wrote: 2024_county_results_with_final.csv

$ /home/ubuntu/.venv/bin/python3 /home/ubuntu/apps/election-app/stats/1-cut-zero-fips.py
Wrote: 2024_county_results_with_final_1.csv
Rows before: 67
Rows after:  67
Dropped (fips == 0): 0

$ /home/ubuntu/.venv/bin/python3 /home/ubuntu/apps/election-app/stats/2-calc.py
Wrote 67 rows with calculations to /home/ubuntu/apps/election-app/win_prob/P/FL/_work/2024_county_results_with_calcs-old.csv

$ /home/ubuntu/.venv/bin/python3 /home/ubuntu/apps/election-app/stats/2-eevp.py
Wrote (no-op copy): 2024_county_results_with_calcs.csv
Columns:
 - timestamp
 - state
 - county
 - fips
 - trump_votes
 - harris_votes
 - other_votes
 - eevp
 - state_eevp
 - harris_votes_statewide
 - trump_votes_statewide
 - other_votes_statewide
 - final_state
 - final_county
 - final_fips
 - final_trump_votes
 - final_harris_votes
 - final_other_votes
 - harris_percent_snapshot
 - trump_percent_snapshot
 - margin_snapshot
 - harris_percent_final
 - trump_percent_final
 - margin_final
 - margin_difference
 - margin_difference_abs

$ /home/ubuntu/.venv/bin/python3 /home/ubuntu/apps/election-app/stats/3-calc-new.py
Wrote 67 rows with new columns to /home/ubuntu/apps/election-app/win_prob/P/FL/_work/2024_county_results_with_calcs_new.csv

$ /home/ubuntu/.venv/bin/python3 /home/ubuntu/apps/election-app/stats/4-stats.py
Reading 2024_county_results_with_calcs_new.csv...
Aggregating statewide totals...
Calculating percentages and margins...
Writing to output_statewide_stats.csv...
Done!
[2026-01-22 21:59:15] INFO: [PIPELINE] ENTER win-prob generation | states=['FL'] ts_list=['2024-11-05T15-30-22']

============================================================================
[01/1] STATE = FL
============================================================================

$ /home/ubuntu/.venv/bin/python3 /home/ubuntu/apps/election-app/stats/5-snapshots.py --state FL --input /home/ubuntu/apps/election-app/win_prob/P/FL/_work/output_statewide_stats.csv --output /home/ubuntu/apps/election-app/win_prob/P/FL/snapshots_FL.csv --start 2024-11-05T15-30-22 --end 2024-11-05T15-30-22 --use-window 1 --interval 30
Mode: windowed-one-state
Rows written: 67
Distinct states in output: FL
Rows per normalized timestamp (empty = unparseable):
  2024-11-05T15-30-22: 67
Wrote /home/ubuntu/apps/election-app/win_prob/P/FL/snapshots_FL.csv

$ /home/ubuntu/.venv/bin/python3 /home/ubuntu/apps/election-app/stats/6-pval.py /home/ubuntu/apps/election-app/win_prob/P/FL/snapshots_FL.csv -t /home/ubuntu/apps/election-app/stats/parameters.csv -o /home/ubuntu/apps/election-app/win_prob/P/FL/data_output_FL.csv -c 50
Done. Wrote: /home/ubuntu/apps/election-app/win_prob/P/FL/data_output_FL.csv
Total rows: 67 (chunked, resumable).
Computed columns for PVALS = [0.01, 0.1, 1, 2, 3, 5, 10, 15, 20, 25, 30, 35, 40, 45, 50, 55, 60, 65, 70, 75, 80, 85, 90, 95, 97, 98, 99, 99.9, 99.99]
Per p (leader): shift_{p}, margin_new_{p}, harris_percent_new_{p}, trump_percent_new_{p}, total_snapshot_{p}, total_expected_{p}, harris_votes_new_{p}, trump_votes_new_{p}
Per p (trailing): shift_trailing_{p}, margin_new_{p}_trailing, harris_percent_new_{p}_trailing, trump_percent_new_{p}_trailing, total_snapshot_{p}_trailing, total_expected_{p}_trailing, harris_votes_new_{p}_trailing, trump_votes_new_{p}_trailing
Checkpoint saved at: /home/ubuntu/apps/election-app/win_prob/P/FL/data_output_FL.csv.checkpoint.json

$ /home/ubuntu/.venv/bin/python3 /home/ubuntu/apps/election-app/stats/7-margin-new.py
Wrote data_output_with_margins_old.csv

$ /home/ubuntu/.venv/bin/python3 /home/ubuntu/apps/election-app/stats/7-eevp-statewide.py
Wrote data_output_with_margins.csv (copied from data_output_with_margins_old.csv)

$ /home/ubuntu/.venv/bin/python3 /home/ubuntu/apps/election-app/stats/7.py --input /home/ubuntu/apps/election-app/win_prob/P/FL/data_output_FL_with_margins_statewide_eevp.csv --output /home/ubuntu/apps/election-app/win_prob/P/FL/statewide_margin_pct_vs_percent_FL_2026.png --state FL --start 2024-11-05T15-30-22 --end 2024-11-05T15-30-22 --stats /home/ubuntu/apps/election-app/win_prob/P/FL/stats.csv --stats2 /home/ubuntu/apps/election-app/win_prob/P/FL/stats2.csv --interval 30 --year 2026 --jsonl /home/ubuntu/apps/election-app/win_prob/P/FL/plotdata_FL_2026_2026-01-22T21-59-05.jsonl
[info] evaluating 1 timestamps from 2024-11-05T15-30-22 to 2024-11-05T15-30-22 every 30 minutes
[saved] probs_timeseries_FL.csv  (1 points)
[saved] /home/ubuntu/apps/election-app/win_prob/P/FL/plotdata_FL_2026_2026-01-22T21-59-05.jsonl  (4 points)
[saved] /home/ubuntu/apps/election-app/win_prob/P/FL/statewide_margin_pct_vs_percent_FL_2026_box.json
[saved] /home/ubuntu/apps/election-app/win_prob/P/FL/statewide_margin_pct_vs_percent_FL_2026_box.png
[saved] /home/ubuntu/apps/election-app/win_prob/P/FL/statewide_margin_pct_vs_percent_FL_2026.png

All 50 states complete. See: /home/ubuntu/apps/election-app/win_prob/P/FL

$ /home/ubuntu/.venv/bin/python3 /home/ubuntu/apps/election-app/stats/8.py --root /home/ubuntu/apps/election-app/win_prob/P/FL/_work --outdir /home/ubuntu/apps/election-app/win_prob/P/FL
[info] root  = /home/ubuntu/apps/election-app/win_prob/P/FL/_work
[info] outdir= /home/ubuntu/apps/election-app/win_prob/P/FL
[deleted] /home/ubuntu/apps/election-app/win_prob/P/FL/_work/stats_with_statewide.csv
[deleted] /home/ubuntu/apps/election-app/win_prob/P/FL/_work/stats2_final_headers.csv
[deleted] /home/ubuntu/apps/election-app/win_prob/P/FL/_work/2024_county_results_with_final-old.csv
[deleted] /home/ubuntu/apps/election-app/win_prob/P/FL/_work/2024_county_results_with_final.csv
[deleted] /home/ubuntu/apps/election-app/win_prob/P/FL/_work/2024_county_results_with_final_1.csv
[deleted] /home/ubuntu/apps/election-app/win_prob/P/FL/_work/2024_county_results_with_calcs-old.csv
[deleted] /home/ubuntu/apps/election-app/win_prob/P/FL/_work/2024_county_results_with_calcs_new.csv
[deleted] /home/ubuntu/apps/election-app/win_prob/P/FL/_work/output_statewide_stats.csv
[skip]    /home/ubuntu/apps/election-app/win_prob/P/FL/_work/probs_timeseries_PA.csv
[deleted] /home/ubuntu/apps/election-app/win_prob/P/FL/_work/2024_county_results_with_calcs.csv
[skip]    /home/ubuntu/apps/election-app/win_prob/P/FL/data_output.csv
[skip]    /home/ubuntu/apps/election-app/win_prob/P/FL/data_output_with_margins_old.csv
[skip]    /home/ubuntu/apps/election-app/win_prob/P/FL/data_output_with_margins.csv
[skip]    /home/ubuntu/apps/election-app/win_prob/P/FL/data_output_with_margins-statewide.csv
[deleted] /home/ubuntu/apps/election-app/win_prob/P/FL/snapshots_FL.csv
[deleted] /home/ubuntu/apps/election-app/win_prob/P/FL/data_output_FL.csv
[deleted] /home/ubuntu/apps/election-app/win_prob/P/FL/data_output_FL_with_margins_statewide_eevp.csv
[deleted] /home/ubuntu/apps/election-app/win_prob/P/FL/data_output_FL_with_margins.csv
[deleted] /home/ubuntu/apps/election-app/win_prob/P/FL/data_output_FL.csv.checkpoint.json
[deleted] /home/ubuntu/apps/election-app/win_prob/P/FL/stats.csv
[deleted] /home/ubuntu/apps/election-app/win_prob/P/FL/stats2.csv
[done] removed 16 file(s)
[2026-01-22 22:06:11] INFO: [PIPELINE] args: office=P state=FL district=None
[2026-01-22 22:06:11] INFO: [PIPELINE] WINPROB_DIR resolved to: /home/ubuntu/apps/election-app/win_prob/P/FL
[2026-01-22 22:06:11] INFO: [PIPELINE] OUTDIR set to: /home/ubuntu/apps/election-app/win_prob/P/FL

$ /home/ubuntu/.venv/bin/python3 /home/ubuntu/apps/election-app/stats/1-statewide.py --input /home/ubuntu/apps/election-app/win_prob/P/FL/stats.csv --output /home/ubuntu/apps/election-app/win_prob/P/FL/_work/stats_with_statewide.csv
Wrote /home/ubuntu/apps/election-app/win_prob/P/FL/_work/stats_with_statewide.csv (rows=67)

$ /home/ubuntu/.venv/bin/python3 /home/ubuntu/apps/election-app/stats/1-stats-2.py --input /home/ubuntu/apps/election-app/win_prob/P/FL/stats2.csv --output /home/ubuntu/apps/election-app/win_prob/P/FL/_work/stats2_final_headers.csv
Wrote /home/ubuntu/apps/election-app/win_prob/P/FL/_work/stats2_final_headers.csv (rows=67)

$ /home/ubuntu/.venv/bin/python3 /home/ubuntu/apps/election-app/stats/1-append-new.py
Wrote 2024_county_results_with_final-old.csv (rows=67, missing_final_matches=0)

$ /home/ubuntu/.venv/bin/python3 /home/ubuntu/apps/election-app/stats/1-change_header.py
Wrote: 2024_county_results_with_final.csv

$ /home/ubuntu/.venv/bin/python3 /home/ubuntu/apps/election-app/stats/1-cut-zero-fips.py
Wrote: 2024_county_results_with_final_1.csv
Rows before: 67
Rows after:  67
Dropped (fips == 0): 0

$ /home/ubuntu/.venv/bin/python3 /home/ubuntu/apps/election-app/stats/2-calc.py
Wrote 67 rows with calculations to /home/ubuntu/apps/election-app/win_prob/P/FL/_work/2024_county_results_with_calcs-old.csv

$ /home/ubuntu/.venv/bin/python3 /home/ubuntu/apps/election-app/stats/2-eevp.py
Wrote (no-op copy): 2024_county_results_with_calcs.csv
Columns:
 - timestamp
 - state
 - county
 - fips
 - trump_votes
 - harris_votes
 - other_votes
 - eevp
 - state_eevp
 - harris_votes_statewide
 - trump_votes_statewide
 - other_votes_statewide
 - final_state
 - final_county
 - final_fips
 - final_trump_votes
 - final_harris_votes
 - final_other_votes
 - harris_percent_snapshot
 - trump_percent_snapshot
 - margin_snapshot
 - harris_percent_final
 - trump_percent_final
 - margin_final
 - margin_difference
 - margin_difference_abs

$ /home/ubuntu/.venv/bin/python3 /home/ubuntu/apps/election-app/stats/3-calc-new.py
Wrote 67 rows with new columns to /home/ubuntu/apps/election-app/win_prob/P/FL/_work/2024_county_results_with_calcs_new.csv

$ /home/ubuntu/.venv/bin/python3 /home/ubuntu/apps/election-app/stats/4-stats.py
Reading 2024_county_results_with_calcs_new.csv...
Aggregating statewide totals...
Calculating percentages and margins...
Writing to output_statewide_stats.csv...
Done!
[2026-01-22 22:06:20] INFO: [PIPELINE] ENTER win-prob generation | states=['FL'] ts_list=['2024-11-05T15-30-22']

============================================================================
[01/1] STATE = FL
============================================================================

$ /home/ubuntu/.venv/bin/python3 /home/ubuntu/apps/election-app/stats/5-snapshots.py --state FL --input /home/ubuntu/apps/election-app/win_prob/P/FL/_work/output_statewide_stats.csv --output /home/ubuntu/apps/election-app/win_prob/P/FL/snapshots_FL.csv --start 2024-11-05T15-30-22 --end 2024-11-05T15-30-22 --use-window 1 --interval 30
Mode: windowed-one-state
Rows written: 67
Distinct states in output: FL
Rows per normalized timestamp (empty = unparseable):
  2024-11-05T15-30-22: 67
Wrote /home/ubuntu/apps/election-app/win_prob/P/FL/snapshots_FL.csv

$ /home/ubuntu/.venv/bin/python3 /home/ubuntu/apps/election-app/stats/6-pval.py /home/ubuntu/apps/election-app/win_prob/P/FL/snapshots_FL.csv -t /home/ubuntu/apps/election-app/stats/parameters.csv -o /home/ubuntu/apps/election-app/win_prob/P/FL/data_output_FL.csv -c 50
Done. Wrote: /home/ubuntu/apps/election-app/win_prob/P/FL/data_output_FL.csv
Total rows: 67 (chunked, resumable).
Computed columns for PVALS = [0.01, 0.1, 1, 2, 3, 5, 10, 15, 20, 25, 30, 35, 40, 45, 50, 55, 60, 65, 70, 75, 80, 85, 90, 95, 97, 98, 99, 99.9, 99.99]
Per p (leader): shift_{p}, margin_new_{p}, harris_percent_new_{p}, trump_percent_new_{p}, total_snapshot_{p}, total_expected_{p}, harris_votes_new_{p}, trump_votes_new_{p}
Per p (trailing): shift_trailing_{p}, margin_new_{p}_trailing, harris_percent_new_{p}_trailing, trump_percent_new_{p}_trailing, total_snapshot_{p}_trailing, total_expected_{p}_trailing, harris_votes_new_{p}_trailing, trump_votes_new_{p}_trailing
Checkpoint saved at: /home/ubuntu/apps/election-app/win_prob/P/FL/data_output_FL.csv.checkpoint.json

$ /home/ubuntu/.venv/bin/python3 /home/ubuntu/apps/election-app/stats/7-margin-new.py
Wrote data_output_with_margins_old.csv

$ /home/ubuntu/.venv/bin/python3 /home/ubuntu/apps/election-app/stats/7-eevp-statewide.py
Wrote data_output_with_margins.csv (copied from data_output_with_margins_old.csv)

$ /home/ubuntu/.venv/bin/python3 /home/ubuntu/apps/election-app/stats/7.py --input /home/ubuntu/apps/election-app/win_prob/P/FL/data_output_FL_with_margins_statewide_eevp.csv --output /home/ubuntu/apps/election-app/win_prob/P/FL/statewide_margin_pct_vs_percent_FL_2026.png --state FL --start 2024-11-05T15-30-22 --end 2024-11-05T15-30-22 --stats /home/ubuntu/apps/election-app/win_prob/P/FL/stats.csv --stats2 /home/ubuntu/apps/election-app/win_prob/P/FL/stats2.csv --interval 30 --year 2026 --jsonl /home/ubuntu/apps/election-app/win_prob/P/FL/plotdata_FL_2026_2026-01-22T22-06-11.jsonl
[info] evaluating 1 timestamps from 2024-11-05T15-30-22 to 2024-11-05T15-30-22 every 30 minutes
[saved] probs_timeseries_FL.csv  (1 points)
[saved] /home/ubuntu/apps/election-app/win_prob/P/FL/plotdata_FL_2026_2026-01-22T22-06-11.jsonl  (4 points)
[saved] /home/ubuntu/apps/election-app/win_prob/P/FL/statewide_margin_pct_vs_percent_FL_2026_box.json
[saved] /home/ubuntu/apps/election-app/win_prob/P/FL/statewide_margin_pct_vs_percent_FL_2026_box.png
[saved] /home/ubuntu/apps/election-app/win_prob/P/FL/statewide_margin_pct_vs_percent_FL_2026.png

All 50 states complete. See: /home/ubuntu/apps/election-app/win_prob/P/FL

$ /home/ubuntu/.venv/bin/python3 /home/ubuntu/apps/election-app/stats/8.py --root /home/ubuntu/apps/election-app/win_prob/P/FL/_work --outdir /home/ubuntu/apps/election-app/win_prob/P/FL
[info] root  = /home/ubuntu/apps/election-app/win_prob/P/FL/_work
[info] outdir= /home/ubuntu/apps/election-app/win_prob/P/FL
[deleted] /home/ubuntu/apps/election-app/win_prob/P/FL/_work/stats_with_statewide.csv
[deleted] /home/ubuntu/apps/election-app/win_prob/P/FL/_work/stats2_final_headers.csv
[deleted] /home/ubuntu/apps/election-app/win_prob/P/FL/_work/2024_county_results_with_final-old.csv
[deleted] /home/ubuntu/apps/election-app/win_prob/P/FL/_work/2024_county_results_with_final.csv
[deleted] /home/ubuntu/apps/election-app/win_prob/P/FL/_work/2024_county_results_with_final_1.csv
[deleted] /home/ubuntu/apps/election-app/win_prob/P/FL/_work/2024_county_results_with_calcs-old.csv
[deleted] /home/ubuntu/apps/election-app/win_prob/P/FL/_work/2024_county_results_with_calcs_new.csv
[deleted] /home/ubuntu/apps/election-app/win_prob/P/FL/_work/output_statewide_stats.csv
[skip]    /home/ubuntu/apps/election-app/win_prob/P/FL/_work/probs_timeseries_PA.csv
[deleted] /home/ubuntu/apps/election-app/win_prob/P/FL/_work/2024_county_results_with_calcs.csv
[skip]    /home/ubuntu/apps/election-app/win_prob/P/FL/data_output.csv
[skip]    /home/ubuntu/apps/election-app/win_prob/P/FL/data_output_with_margins_old.csv
[skip]    /home/ubuntu/apps/election-app/win_prob/P/FL/data_output_with_margins.csv
[skip]    /home/ubuntu/apps/election-app/win_prob/P/FL/data_output_with_margins-statewide.csv
[deleted] /home/ubuntu/apps/election-app/win_prob/P/FL/snapshots_FL.csv
[deleted] /home/ubuntu/apps/election-app/win_prob/P/FL/data_output_FL.csv
[deleted] /home/ubuntu/apps/election-app/win_prob/P/FL/data_output_FL_with_margins_statewide_eevp.csv
[deleted] /home/ubuntu/apps/election-app/win_prob/P/FL/data_output_FL_with_margins.csv
[deleted] /home/ubuntu/apps/election-app/win_prob/P/FL/data_output_FL.csv.checkpoint.json
[deleted] /home/ubuntu/apps/election-app/win_prob/P/FL/stats.csv
[deleted] /home/ubuntu/apps/election-app/win_prob/P/FL/stats2.csv
[done] removed 16 file(s)
[2026-01-24 19:38:50] INFO: [PIPELINE] args: office=P state=FL district=None
[2026-01-24 19:38:50] INFO: [PIPELINE] WINPROB_DIR resolved to: /home/ubuntu/apps/election-app/win_prob/P/FL
[2026-01-24 19:38:50] INFO: [PIPELINE] OUTDIR set to: /home/ubuntu/apps/election-app/win_prob/P/FL

$ /home/ubuntu/.venv/bin/python3 /home/ubuntu/apps/election-app/stats/1-statewide.py --input /home/ubuntu/apps/election-app/win_prob/P/FL/stats.csv --output /home/ubuntu/apps/election-app/win_prob/P/FL/_work/stats_with_statewide.csv
Wrote /home/ubuntu/apps/election-app/win_prob/P/FL/_work/stats_with_statewide.csv (rows=67)

$ /home/ubuntu/.venv/bin/python3 /home/ubuntu/apps/election-app/stats/1-stats-2.py --input /home/ubuntu/apps/election-app/win_prob/P/FL/stats2.csv --output /home/ubuntu/apps/election-app/win_prob/P/FL/_work/stats2_final_headers.csv
Wrote /home/ubuntu/apps/election-app/win_prob/P/FL/_work/stats2_final_headers.csv (rows=67)

$ /home/ubuntu/.venv/bin/python3 /home/ubuntu/apps/election-app/stats/1-append-new.py
Wrote 2024_county_results_with_final-old.csv (rows=67, missing_final_matches=0)

$ /home/ubuntu/.venv/bin/python3 /home/ubuntu/apps/election-app/stats/1-change_header.py
Wrote: 2024_county_results_with_final.csv

$ /home/ubuntu/.venv/bin/python3 /home/ubuntu/apps/election-app/stats/1-cut-zero-fips.py
Wrote: 2024_county_results_with_final_1.csv
Rows before: 67
Rows after:  67
Dropped (fips == 0): 0

$ /home/ubuntu/.venv/bin/python3 /home/ubuntu/apps/election-app/stats/2-calc.py
Wrote 67 rows with calculations to /home/ubuntu/apps/election-app/win_prob/P/FL/_work/2024_county_results_with_calcs-old.csv

$ /home/ubuntu/.venv/bin/python3 /home/ubuntu/apps/election-app/stats/2-eevp.py
Wrote (no-op copy): 2024_county_results_with_calcs.csv
Columns:
 - timestamp
 - state
 - county
 - fips
 - trump_votes
 - harris_votes
 - other_votes
 - eevp
 - state_eevp
 - harris_votes_statewide
 - trump_votes_statewide
 - other_votes_statewide
 - final_state
 - final_county
 - final_fips
 - final_trump_votes
 - final_harris_votes
 - final_other_votes
 - harris_percent_snapshot
 - trump_percent_snapshot
 - margin_snapshot
 - harris_percent_final
 - trump_percent_final
 - margin_final
 - margin_difference
 - margin_difference_abs

$ /home/ubuntu/.venv/bin/python3 /home/ubuntu/apps/election-app/stats/3-calc-new.py
Wrote 67 rows with new columns to /home/ubuntu/apps/election-app/win_prob/P/FL/_work/2024_county_results_with_calcs_new.csv

$ /home/ubuntu/.venv/bin/python3 /home/ubuntu/apps/election-app/stats/4-stats.py
Reading 2024_county_results_with_calcs_new.csv...
Aggregating statewide totals...
Calculating percentages and margins...
Writing to output_statewide_stats.csv...
Done!
[2026-01-24 19:38:59] INFO: [PIPELINE] ENTER win-prob generation | states=['FL'] ts_list=['2024-11-05T15-30-22']

============================================================================
[01/1] STATE = FL
============================================================================

$ /home/ubuntu/.venv/bin/python3 /home/ubuntu/apps/election-app/stats/5-snapshots.py --state FL --input /home/ubuntu/apps/election-app/win_prob/P/FL/_work/output_statewide_stats.csv --output /home/ubuntu/apps/election-app/win_prob/P/FL/snapshots_FL.csv --start 2024-11-05T15-30-22 --end 2024-11-05T15-30-22 --use-window 1 --interval 30
Mode: windowed-one-state
Rows written: 67
Distinct states in output: FL
Rows per normalized timestamp (empty = unparseable):
  2024-11-05T15-30-22: 67
Wrote /home/ubuntu/apps/election-app/win_prob/P/FL/snapshots_FL.csv

$ /home/ubuntu/.venv/bin/python3 /home/ubuntu/apps/election-app/stats/6-pval.py /home/ubuntu/apps/election-app/win_prob/P/FL/snapshots_FL.csv -t /home/ubuntu/apps/election-app/stats/parameters.csv -o /home/ubuntu/apps/election-app/win_prob/P/FL/data_output_FL.csv -c 50
Done. Wrote: /home/ubuntu/apps/election-app/win_prob/P/FL/data_output_FL.csv
Total rows: 67 (chunked, resumable).
Computed columns for PVALS = [0.01, 0.1, 1, 2, 3, 5, 10, 15, 20, 25, 30, 35, 40, 45, 50, 55, 60, 65, 70, 75, 80, 85, 90, 95, 97, 98, 99, 99.9, 99.99]
Per p (leader): shift_{p}, margin_new_{p}, harris_percent_new_{p}, trump_percent_new_{p}, total_snapshot_{p}, total_expected_{p}, harris_votes_new_{p}, trump_votes_new_{p}
Per p (trailing): shift_trailing_{p}, margin_new_{p}_trailing, harris_percent_new_{p}_trailing, trump_percent_new_{p}_trailing, total_snapshot_{p}_trailing, total_expected_{p}_trailing, harris_votes_new_{p}_trailing, trump_votes_new_{p}_trailing
Checkpoint saved at: /home/ubuntu/apps/election-app/win_prob/P/FL/data_output_FL.csv.checkpoint.json

$ /home/ubuntu/.venv/bin/python3 /home/ubuntu/apps/election-app/stats/7-margin-new.py
Wrote data_output_with_margins_old.csv

$ /home/ubuntu/.venv/bin/python3 /home/ubuntu/apps/election-app/stats/7-eevp-statewide.py
Wrote data_output_with_margins.csv (copied from data_output_with_margins_old.csv)

$ /home/ubuntu/.venv/bin/python3 /home/ubuntu/apps/election-app/stats/7.py --input /home/ubuntu/apps/election-app/win_prob/P/FL/data_output_FL_with_margins_statewide_eevp.csv --output /home/ubuntu/apps/election-app/win_prob/P/FL/statewide_margin_pct_vs_percent_FL_2026.png --state FL --start 2024-11-05T15-30-22 --end 2024-11-05T15-30-22 --stats /home/ubuntu/apps/election-app/win_prob/P/FL/stats.csv --stats2 /home/ubuntu/apps/election-app/win_prob/P/FL/stats2.csv --interval 30 --year 2026 --jsonl /home/ubuntu/apps/election-app/win_prob/P/FL/plotdata_FL_2026_2026-01-24T19-38-50.jsonl
[info] evaluating 1 timestamps from 2024-11-05T15-30-22 to 2024-11-05T15-30-22 every 30 minutes
[saved] probs_timeseries_FL.csv  (1 points)
[saved] /home/ubuntu/apps/election-app/win_prob/P/FL/plotdata_FL_2026_2026-01-24T19-38-50.jsonl  (0 points)
[saved] /home/ubuntu/apps/election-app/win_prob/P/FL/statewide_margin_pct_vs_percent_FL_2026_box.json
[saved] /home/ubuntu/apps/election-app/win_prob/P/FL/statewide_margin_pct_vs_percent_FL_2026_box.png
[saved] /home/ubuntu/apps/election-app/win_prob/P/FL/statewide_margin_pct_vs_percent_FL_2026.png

All 50 states complete. See: /home/ubuntu/apps/election-app/win_prob/P/FL

$ /home/ubuntu/.venv/bin/python3 /home/ubuntu/apps/election-app/stats/8.py --root /home/ubuntu/apps/election-app/win_prob/P/FL/_work --outdir /home/ubuntu/apps/election-app/win_prob/P/FL
[info] root  = /home/ubuntu/apps/election-app/win_prob/P/FL/_work
[info] outdir= /home/ubuntu/apps/election-app/win_prob/P/FL
[deleted] /home/ubuntu/apps/election-app/win_prob/P/FL/_work/stats_with_statewide.csv
[deleted] /home/ubuntu/apps/election-app/win_prob/P/FL/_work/stats2_final_headers.csv
[deleted] /home/ubuntu/apps/election-app/win_prob/P/FL/_work/2024_county_results_with_final-old.csv
[deleted] /home/ubuntu/apps/election-app/win_prob/P/FL/_work/2024_county_results_with_final.csv
[deleted] /home/ubuntu/apps/election-app/win_prob/P/FL/_work/2024_county_results_with_final_1.csv
[deleted] /home/ubuntu/apps/election-app/win_prob/P/FL/_work/2024_county_results_with_calcs-old.csv
[deleted] /home/ubuntu/apps/election-app/win_prob/P/FL/_work/2024_county_results_with_calcs_new.csv
[deleted] /home/ubuntu/apps/election-app/win_prob/P/FL/_work/output_statewide_stats.csv
[skip]    /home/ubuntu/apps/election-app/win_prob/P/FL/_work/probs_timeseries_PA.csv
[deleted] /home/ubuntu/apps/election-app/win_prob/P/FL/_work/2024_county_results_with_calcs.csv
[skip]    /home/ubuntu/apps/election-app/win_prob/P/FL/data_output.csv
[skip]    /home/ubuntu/apps/election-app/win_prob/P/FL/data_output_with_margins_old.csv
[skip]    /home/ubuntu/apps/election-app/win_prob/P/FL/data_output_with_margins.csv
[skip]    /home/ubuntu/apps/election-app/win_prob/P/FL/data_output_with_margins-statewide.csv
[deleted] /home/ubuntu/apps/election-app/win_prob/P/FL/snapshots_FL.csv
[deleted] /home/ubuntu/apps/election-app/win_prob/P/FL/data_output_FL.csv
[deleted] /home/ubuntu/apps/election-app/win_prob/P/FL/data_output_FL_with_margins_statewide_eevp.csv
[deleted] /home/ubuntu/apps/election-app/win_prob/P/FL/data_output_FL_with_margins.csv
[deleted] /home/ubuntu/apps/election-app/win_prob/P/FL/data_output_FL.csv.checkpoint.json
[deleted] /home/ubuntu/apps/election-app/win_prob/P/FL/stats.csv
[deleted] /home/ubuntu/apps/election-app/win_prob/P/FL/stats2.csv
[done] removed 16 file(s)
[2026-01-24 19:45:35] INFO: [PIPELINE] args: office=P state=FL district=None
[2026-01-24 19:45:35] INFO: [PIPELINE] WINPROB_DIR resolved to: /home/ubuntu/apps/election-app/win_prob/P/FL
[2026-01-24 19:45:35] INFO: [PIPELINE] OUTDIR set to: /home/ubuntu/apps/election-app/win_prob/P/FL

$ /home/ubuntu/.venv/bin/python3 /home/ubuntu/apps/election-app/stats/1-statewide.py --input /home/ubuntu/apps/election-app/win_prob/P/FL/stats.csv --output /home/ubuntu/apps/election-app/win_prob/P/FL/_work/stats_with_statewide.csv
Wrote /home/ubuntu/apps/election-app/win_prob/P/FL/_work/stats_with_statewide.csv (rows=67)

$ /home/ubuntu/.venv/bin/python3 /home/ubuntu/apps/election-app/stats/1-stats-2.py --input /home/ubuntu/apps/election-app/win_prob/P/FL/stats2.csv --output /home/ubuntu/apps/election-app/win_prob/P/FL/_work/stats2_final_headers.csv
Wrote /home/ubuntu/apps/election-app/win_prob/P/FL/_work/stats2_final_headers.csv (rows=67)

$ /home/ubuntu/.venv/bin/python3 /home/ubuntu/apps/election-app/stats/1-append-new.py
Wrote 2024_county_results_with_final-old.csv (rows=67, missing_final_matches=0)

$ /home/ubuntu/.venv/bin/python3 /home/ubuntu/apps/election-app/stats/1-change_header.py
Wrote: 2024_county_results_with_final.csv

$ /home/ubuntu/.venv/bin/python3 /home/ubuntu/apps/election-app/stats/1-cut-zero-fips.py
Wrote: 2024_county_results_with_final_1.csv
Rows before: 67
Rows after:  67
Dropped (fips == 0): 0

$ /home/ubuntu/.venv/bin/python3 /home/ubuntu/apps/election-app/stats/2-calc.py
Wrote 67 rows with calculations to /home/ubuntu/apps/election-app/win_prob/P/FL/_work/2024_county_results_with_calcs-old.csv

$ /home/ubuntu/.venv/bin/python3 /home/ubuntu/apps/election-app/stats/2-eevp.py
Wrote (no-op copy): 2024_county_results_with_calcs.csv
Columns:
 - timestamp
 - state
 - county
 - fips
 - trump_votes
 - harris_votes
 - other_votes
 - eevp
 - state_eevp
 - harris_votes_statewide
 - trump_votes_statewide
 - other_votes_statewide
 - final_state
 - final_county
 - final_fips
 - final_trump_votes
 - final_harris_votes
 - final_other_votes
 - harris_percent_snapshot
 - trump_percent_snapshot
 - margin_snapshot
 - harris_percent_final
 - trump_percent_final
 - margin_final
 - margin_difference
 - margin_difference_abs

$ /home/ubuntu/.venv/bin/python3 /home/ubuntu/apps/election-app/stats/3-calc-new.py
Wrote 67 rows with new columns to /home/ubuntu/apps/election-app/win_prob/P/FL/_work/2024_county_results_with_calcs_new.csv

$ /home/ubuntu/.venv/bin/python3 /home/ubuntu/apps/election-app/stats/4-stats.py
Reading 2024_county_results_with_calcs_new.csv...
Aggregating statewide totals...
Calculating percentages and margins...
Writing to output_statewide_stats.csv...
Done!
[2026-01-24 19:45:44] INFO: [PIPELINE] ENTER win-prob generation | states=['FL'] ts_list=['2024-11-05T15-30-22']

============================================================================
[01/1] STATE = FL
============================================================================

$ /home/ubuntu/.venv/bin/python3 /home/ubuntu/apps/election-app/stats/5-snapshots.py --state FL --input /home/ubuntu/apps/election-app/win_prob/P/FL/_work/output_statewide_stats.csv --output /home/ubuntu/apps/election-app/win_prob/P/FL/snapshots_FL.csv --start 2024-11-05T15-30-22 --end 2024-11-05T15-30-22 --use-window 1 --interval 30
Mode: windowed-one-state
Rows written: 67
Distinct states in output: FL
Rows per normalized timestamp (empty = unparseable):
  2024-11-05T15-30-22: 67
Wrote /home/ubuntu/apps/election-app/win_prob/P/FL/snapshots_FL.csv

$ /home/ubuntu/.venv/bin/python3 /home/ubuntu/apps/election-app/stats/6-pval.py /home/ubuntu/apps/election-app/win_prob/P/FL/snapshots_FL.csv -t /home/ubuntu/apps/election-app/stats/parameters.csv -o /home/ubuntu/apps/election-app/win_prob/P/FL/data_output_FL.csv -c 50
Done. Wrote: /home/ubuntu/apps/election-app/win_prob/P/FL/data_output_FL.csv
Total rows: 67 (chunked, resumable).
Computed columns for PVALS = [0.01, 0.1, 1, 2, 3, 5, 10, 15, 20, 25, 30, 35, 40, 45, 50, 55, 60, 65, 70, 75, 80, 85, 90, 95, 97, 98, 99, 99.9, 99.99]
Per p (leader): shift_{p}, margin_new_{p}, harris_percent_new_{p}, trump_percent_new_{p}, total_snapshot_{p}, total_expected_{p}, harris_votes_new_{p}, trump_votes_new_{p}
Per p (trailing): shift_trailing_{p}, margin_new_{p}_trailing, harris_percent_new_{p}_trailing, trump_percent_new_{p}_trailing, total_snapshot_{p}_trailing, total_expected_{p}_trailing, harris_votes_new_{p}_trailing, trump_votes_new_{p}_trailing
Checkpoint saved at: /home/ubuntu/apps/election-app/win_prob/P/FL/data_output_FL.csv.checkpoint.json

$ /home/ubuntu/.venv/bin/python3 /home/ubuntu/apps/election-app/stats/7-margin-new.py
Wrote data_output_with_margins_old.csv

$ /home/ubuntu/.venv/bin/python3 /home/ubuntu/apps/election-app/stats/7-eevp-statewide.py
Wrote data_output_with_margins.csv (copied from data_output_with_margins_old.csv)

$ /home/ubuntu/.venv/bin/python3 /home/ubuntu/apps/election-app/stats/7.py --input /home/ubuntu/apps/election-app/win_prob/P/FL/data_output_FL_with_margins_statewide_eevp.csv --output /home/ubuntu/apps/election-app/win_prob/P/FL/statewide_margin_pct_vs_percent_FL_2026.png --state FL --start 2024-11-05T15-30-22 --end 2024-11-05T15-30-22 --stats /home/ubuntu/apps/election-app/win_prob/P/FL/stats.csv --stats2 /home/ubuntu/apps/election-app/win_prob/P/FL/stats2.csv --interval 30 --year 2026 --jsonl /home/ubuntu/apps/election-app/win_prob/P/FL/plotdata_FL_2026_2026-01-24T19-45-35.jsonl
[info] evaluating 1 timestamps from 2024-11-05T15-30-22 to 2024-11-05T15-30-22 every 30 minutes
[saved] probs_timeseries_FL.csv  (1 points)
[saved] /home/ubuntu/apps/election-app/win_prob/P/FL/plotdata_FL_2026_2026-01-24T19-45-35.jsonl  (4 points)
[saved] /home/ubuntu/apps/election-app/win_prob/P/FL/statewide_margin_pct_vs_percent_FL_2026_box.json
[saved] /home/ubuntu/apps/election-app/win_prob/P/FL/statewide_margin_pct_vs_percent_FL_2026_box.png
[saved] /home/ubuntu/apps/election-app/win_prob/P/FL/statewide_margin_pct_vs_percent_FL_2026.png

All 50 states complete. See: /home/ubuntu/apps/election-app/win_prob/P/FL

$ /home/ubuntu/.venv/bin/python3 /home/ubuntu/apps/election-app/stats/8.py --root /home/ubuntu/apps/election-app/win_prob/P/FL/_work --outdir /home/ubuntu/apps/election-app/win_prob/P/FL
[info] root  = /home/ubuntu/apps/election-app/win_prob/P/FL/_work
[info] outdir= /home/ubuntu/apps/election-app/win_prob/P/FL
[deleted] /home/ubuntu/apps/election-app/win_prob/P/FL/_work/stats_with_statewide.csv
[deleted] /home/ubuntu/apps/election-app/win_prob/P/FL/_work/stats2_final_headers.csv
[deleted] /home/ubuntu/apps/election-app/win_prob/P/FL/_work/2024_county_results_with_final-old.csv
[deleted] /home/ubuntu/apps/election-app/win_prob/P/FL/_work/2024_county_results_with_final.csv
[deleted] /home/ubuntu/apps/election-app/win_prob/P/FL/_work/2024_county_results_with_final_1.csv
[deleted] /home/ubuntu/apps/election-app/win_prob/P/FL/_work/2024_county_results_with_calcs-old.csv
[deleted] /home/ubuntu/apps/election-app/win_prob/P/FL/_work/2024_county_results_with_calcs_new.csv
[deleted] /home/ubuntu/apps/election-app/win_prob/P/FL/_work/output_statewide_stats.csv
[skip]    /home/ubuntu/apps/election-app/win_prob/P/FL/_work/probs_timeseries_PA.csv
[deleted] /home/ubuntu/apps/election-app/win_prob/P/FL/_work/2024_county_results_with_calcs.csv
[skip]    /home/ubuntu/apps/election-app/win_prob/P/FL/data_output.csv
[skip]    /home/ubuntu/apps/election-app/win_prob/P/FL/data_output_with_margins_old.csv
[skip]    /home/ubuntu/apps/election-app/win_prob/P/FL/data_output_with_margins.csv
[skip]    /home/ubuntu/apps/election-app/win_prob/P/FL/data_output_with_margins-statewide.csv
[deleted] /home/ubuntu/apps/election-app/win_prob/P/FL/snapshots_FL.csv
[deleted] /home/ubuntu/apps/election-app/win_prob/P/FL/data_output_FL.csv
[deleted] /home/ubuntu/apps/election-app/win_prob/P/FL/data_output_FL_with_margins_statewide_eevp.csv
[deleted] /home/ubuntu/apps/election-app/win_prob/P/FL/data_output_FL_with_margins.csv
[deleted] /home/ubuntu/apps/election-app/win_prob/P/FL/data_output_FL.csv.checkpoint.json
[deleted] /home/ubuntu/apps/election-app/win_prob/P/FL/stats.csv
[deleted] /home/ubuntu/apps/election-app/win_prob/P/FL/stats2.csv
[done] removed 16 file(s)
[2026-01-24 19:52:40] INFO: [PIPELINE] args: office=P state=FL district=None
[2026-01-24 19:52:40] INFO: [PIPELINE] WINPROB_DIR resolved to: /home/ubuntu/apps/election-app/win_prob/P/FL
[2026-01-24 19:52:40] INFO: [PIPELINE] OUTDIR set to: /home/ubuntu/apps/election-app/win_prob/P/FL

$ /home/ubuntu/.venv/bin/python3 /home/ubuntu/apps/election-app/stats/1-statewide.py --input /home/ubuntu/apps/election-app/win_prob/P/FL/stats.csv --output /home/ubuntu/apps/election-app/win_prob/P/FL/_work/stats_with_statewide.csv
Wrote /home/ubuntu/apps/election-app/win_prob/P/FL/_work/stats_with_statewide.csv (rows=67)

$ /home/ubuntu/.venv/bin/python3 /home/ubuntu/apps/election-app/stats/1-stats-2.py --input /home/ubuntu/apps/election-app/win_prob/P/FL/stats2.csv --output /home/ubuntu/apps/election-app/win_prob/P/FL/_work/stats2_final_headers.csv
Wrote /home/ubuntu/apps/election-app/win_prob/P/FL/_work/stats2_final_headers.csv (rows=67)

$ /home/ubuntu/.venv/bin/python3 /home/ubuntu/apps/election-app/stats/1-append-new.py
Wrote 2024_county_results_with_final-old.csv (rows=67, missing_final_matches=0)

$ /home/ubuntu/.venv/bin/python3 /home/ubuntu/apps/election-app/stats/1-change_header.py
Wrote: 2024_county_results_with_final.csv

$ /home/ubuntu/.venv/bin/python3 /home/ubuntu/apps/election-app/stats/1-cut-zero-fips.py
Wrote: 2024_county_results_with_final_1.csv
Rows before: 67
Rows after:  67
Dropped (fips == 0): 0

$ /home/ubuntu/.venv/bin/python3 /home/ubuntu/apps/election-app/stats/2-calc.py
Wrote 67 rows with calculations to /home/ubuntu/apps/election-app/win_prob/P/FL/_work/2024_county_results_with_calcs-old.csv

$ /home/ubuntu/.venv/bin/python3 /home/ubuntu/apps/election-app/stats/2-eevp.py
Wrote (no-op copy): 2024_county_results_with_calcs.csv
Columns:
 - timestamp
 - state
 - county
 - fips
 - trump_votes
 - harris_votes
 - other_votes
 - eevp
 - state_eevp
 - harris_votes_statewide
 - trump_votes_statewide
 - other_votes_statewide
 - final_state
 - final_county
 - final_fips
 - final_trump_votes
 - final_harris_votes
 - final_other_votes
 - harris_percent_snapshot
 - trump_percent_snapshot
 - margin_snapshot
 - harris_percent_final
 - trump_percent_final
 - margin_final
 - margin_difference
 - margin_difference_abs

$ /home/ubuntu/.venv/bin/python3 /home/ubuntu/apps/election-app/stats/3-calc-new.py
Wrote 67 rows with new columns to /home/ubuntu/apps/election-app/win_prob/P/FL/_work/2024_county_results_with_calcs_new.csv

$ /home/ubuntu/.venv/bin/python3 /home/ubuntu/apps/election-app/stats/4-stats.py
Reading 2024_county_results_with_calcs_new.csv...
Aggregating statewide totals...
Calculating percentages and margins...
Writing to output_statewide_stats.csv...
Done!
[2026-01-24 19:52:49] INFO: [PIPELINE] ENTER win-prob generation | states=['FL'] ts_list=['2024-11-05T15-30-22']

============================================================================
[01/1] STATE = FL
============================================================================

$ /home/ubuntu/.venv/bin/python3 /home/ubuntu/apps/election-app/stats/5-snapshots.py --state FL --input /home/ubuntu/apps/election-app/win_prob/P/FL/_work/output_statewide_stats.csv --output /home/ubuntu/apps/election-app/win_prob/P/FL/snapshots_FL.csv --start 2024-11-05T15-30-22 --end 2024-11-05T15-30-22 --use-window 1 --interval 30
Mode: windowed-one-state
Rows written: 67
Distinct states in output: FL
Rows per normalized timestamp (empty = unparseable):
  2024-11-05T15-30-22: 67
Wrote /home/ubuntu/apps/election-app/win_prob/P/FL/snapshots_FL.csv

$ /home/ubuntu/.venv/bin/python3 /home/ubuntu/apps/election-app/stats/6-pval.py /home/ubuntu/apps/election-app/win_prob/P/FL/snapshots_FL.csv -t /home/ubuntu/apps/election-app/stats/parameters.csv -o /home/ubuntu/apps/election-app/win_prob/P/FL/data_output_FL.csv -c 50
Done. Wrote: /home/ubuntu/apps/election-app/win_prob/P/FL/data_output_FL.csv
Total rows: 67 (chunked, resumable).
Computed columns for PVALS = [0.01, 0.1, 1, 2, 3, 5, 10, 15, 20, 25, 30, 35, 40, 45, 50, 55, 60, 65, 70, 75, 80, 85, 90, 95, 97, 98, 99, 99.9, 99.99]
Per p (leader): shift_{p}, margin_new_{p}, harris_percent_new_{p}, trump_percent_new_{p}, total_snapshot_{p}, total_expected_{p}, harris_votes_new_{p}, trump_votes_new_{p}
Per p (trailing): shift_trailing_{p}, margin_new_{p}_trailing, harris_percent_new_{p}_trailing, trump_percent_new_{p}_trailing, total_snapshot_{p}_trailing, total_expected_{p}_trailing, harris_votes_new_{p}_trailing, trump_votes_new_{p}_trailing
Checkpoint saved at: /home/ubuntu/apps/election-app/win_prob/P/FL/data_output_FL.csv.checkpoint.json

$ /home/ubuntu/.venv/bin/python3 /home/ubuntu/apps/election-app/stats/7-margin-new.py
Wrote data_output_with_margins_old.csv

$ /home/ubuntu/.venv/bin/python3 /home/ubuntu/apps/election-app/stats/7-eevp-statewide.py
Wrote data_output_with_margins.csv (copied from data_output_with_margins_old.csv)

$ /home/ubuntu/.venv/bin/python3 /home/ubuntu/apps/election-app/stats/7.py --input /home/ubuntu/apps/election-app/win_prob/P/FL/data_output_FL_with_margins_statewide_eevp.csv --output /home/ubuntu/apps/election-app/win_prob/P/FL/statewide_margin_pct_vs_percent_FL_2026.png --state FL --start 2024-11-05T15-30-22 --end 2024-11-05T15-30-22 --stats /home/ubuntu/apps/election-app/win_prob/P/FL/stats.csv --stats2 /home/ubuntu/apps/election-app/win_prob/P/FL/stats2.csv --interval 30 --year 2026 --jsonl /home/ubuntu/apps/election-app/win_prob/P/FL/plotdata_FL_2026_2026-01-24T19-52-40.jsonl
[info] evaluating 1 timestamps from 2024-11-05T15-30-22 to 2024-11-05T15-30-22 every 30 minutes
[saved] probs_timeseries_FL.csv  (1 points)
[saved] /home/ubuntu/apps/election-app/win_prob/P/FL/plotdata_FL_2026_2026-01-24T19-52-40.jsonl  (4 points)
[saved] /home/ubuntu/apps/election-app/win_prob/P/FL/statewide_margin_pct_vs_percent_FL_2026_box.json
[saved] /home/ubuntu/apps/election-app/win_prob/P/FL/statewide_margin_pct_vs_percent_FL_2026_box.png
[saved] /home/ubuntu/apps/election-app/win_prob/P/FL/statewide_margin_pct_vs_percent_FL_2026.png

All 50 states complete. See: /home/ubuntu/apps/election-app/win_prob/P/FL

$ /home/ubuntu/.venv/bin/python3 /home/ubuntu/apps/election-app/stats/8.py --root /home/ubuntu/apps/election-app/win_prob/P/FL/_work --outdir /home/ubuntu/apps/election-app/win_prob/P/FL
[info] root  = /home/ubuntu/apps/election-app/win_prob/P/FL/_work
[info] outdir= /home/ubuntu/apps/election-app/win_prob/P/FL
[deleted] /home/ubuntu/apps/election-app/win_prob/P/FL/_work/stats_with_statewide.csv
[deleted] /home/ubuntu/apps/election-app/win_prob/P/FL/_work/stats2_final_headers.csv
[deleted] /home/ubuntu/apps/election-app/win_prob/P/FL/_work/2024_county_results_with_final-old.csv
[deleted] /home/ubuntu/apps/election-app/win_prob/P/FL/_work/2024_county_results_with_final.csv
[deleted] /home/ubuntu/apps/election-app/win_prob/P/FL/_work/2024_county_results_with_final_1.csv
[deleted] /home/ubuntu/apps/election-app/win_prob/P/FL/_work/2024_county_results_with_calcs-old.csv
[deleted] /home/ubuntu/apps/election-app/win_prob/P/FL/_work/2024_county_results_with_calcs_new.csv
[deleted] /home/ubuntu/apps/election-app/win_prob/P/FL/_work/output_statewide_stats.csv
[skip]    /home/ubuntu/apps/election-app/win_prob/P/FL/_work/probs_timeseries_PA.csv
[deleted] /home/ubuntu/apps/election-app/win_prob/P/FL/_work/2024_county_results_with_calcs.csv
[skip]    /home/ubuntu/apps/election-app/win_prob/P/FL/data_output.csv
[skip]    /home/ubuntu/apps/election-app/win_prob/P/FL/data_output_with_margins_old.csv
[skip]    /home/ubuntu/apps/election-app/win_prob/P/FL/data_output_with_margins.csv
[skip]    /home/ubuntu/apps/election-app/win_prob/P/FL/data_output_with_margins-statewide.csv
[deleted] /home/ubuntu/apps/election-app/win_prob/P/FL/snapshots_FL.csv
[deleted] /home/ubuntu/apps/election-app/win_prob/P/FL/data_output_FL.csv
[deleted] /home/ubuntu/apps/election-app/win_prob/P/FL/data_output_FL_with_margins_statewide_eevp.csv
[deleted] /home/ubuntu/apps/election-app/win_prob/P/FL/data_output_FL_with_margins.csv
[deleted] /home/ubuntu/apps/election-app/win_prob/P/FL/data_output_FL.csv.checkpoint.json
[deleted] /home/ubuntu/apps/election-app/win_prob/P/FL/stats.csv
[deleted] /home/ubuntu/apps/election-app/win_prob/P/FL/stats2.csv
[done] removed 16 file(s)
[2026-01-24 19:59:45] INFO: [PIPELINE] args: office=P state=FL district=None
[2026-01-24 19:59:45] INFO: [PIPELINE] WINPROB_DIR resolved to: /home/ubuntu/apps/election-app/win_prob/P/FL
[2026-01-24 19:59:45] INFO: [PIPELINE] OUTDIR set to: /home/ubuntu/apps/election-app/win_prob/P/FL

$ /home/ubuntu/.venv/bin/python3 /home/ubuntu/apps/election-app/stats/1-statewide.py --input /home/ubuntu/apps/election-app/win_prob/P/FL/stats.csv --output /home/ubuntu/apps/election-app/win_prob/P/FL/_work/stats_with_statewide.csv
Wrote /home/ubuntu/apps/election-app/win_prob/P/FL/_work/stats_with_statewide.csv (rows=67)

$ /home/ubuntu/.venv/bin/python3 /home/ubuntu/apps/election-app/stats/1-stats-2.py --input /home/ubuntu/apps/election-app/win_prob/P/FL/stats2.csv --output /home/ubuntu/apps/election-app/win_prob/P/FL/_work/stats2_final_headers.csv
Wrote /home/ubuntu/apps/election-app/win_prob/P/FL/_work/stats2_final_headers.csv (rows=67)

$ /home/ubuntu/.venv/bin/python3 /home/ubuntu/apps/election-app/stats/1-append-new.py
Wrote 2024_county_results_with_final-old.csv (rows=67, missing_final_matches=0)

$ /home/ubuntu/.venv/bin/python3 /home/ubuntu/apps/election-app/stats/1-change_header.py
Wrote: 2024_county_results_with_final.csv

$ /home/ubuntu/.venv/bin/python3 /home/ubuntu/apps/election-app/stats/1-cut-zero-fips.py
Wrote: 2024_county_results_with_final_1.csv
Rows before: 67
Rows after:  67
Dropped (fips == 0): 0

$ /home/ubuntu/.venv/bin/python3 /home/ubuntu/apps/election-app/stats/2-calc.py
Wrote 67 rows with calculations to /home/ubuntu/apps/election-app/win_prob/P/FL/_work/2024_county_results_with_calcs-old.csv

$ /home/ubuntu/.venv/bin/python3 /home/ubuntu/apps/election-app/stats/2-eevp.py
Wrote (no-op copy): 2024_county_results_with_calcs.csv
Columns:
 - timestamp
 - state
 - county
 - fips
 - trump_votes
 - harris_votes
 - other_votes
 - eevp
 - state_eevp
 - harris_votes_statewide
 - trump_votes_statewide
 - other_votes_statewide
 - final_state
 - final_county
 - final_fips
 - final_trump_votes
 - final_harris_votes
 - final_other_votes
 - harris_percent_snapshot
 - trump_percent_snapshot
 - margin_snapshot
 - harris_percent_final
 - trump_percent_final
 - margin_final
 - margin_difference
 - margin_difference_abs

$ /home/ubuntu/.venv/bin/python3 /home/ubuntu/apps/election-app/stats/3-calc-new.py
Wrote 67 rows with new columns to /home/ubuntu/apps/election-app/win_prob/P/FL/_work/2024_county_results_with_calcs_new.csv

$ /home/ubuntu/.venv/bin/python3 /home/ubuntu/apps/election-app/stats/4-stats.py
Reading 2024_county_results_with_calcs_new.csv...
Aggregating statewide totals...
Calculating percentages and margins...
Writing to output_statewide_stats.csv...
Done!
[2026-01-24 19:59:55] INFO: [PIPELINE] ENTER win-prob generation | states=['FL'] ts_list=['2024-11-05T15-30-22']

============================================================================
[01/1] STATE = FL
============================================================================

$ /home/ubuntu/.venv/bin/python3 /home/ubuntu/apps/election-app/stats/5-snapshots.py --state FL --input /home/ubuntu/apps/election-app/win_prob/P/FL/_work/output_statewide_stats.csv --output /home/ubuntu/apps/election-app/win_prob/P/FL/snapshots_FL.csv --start 2024-11-05T15-30-22 --end 2024-11-05T15-30-22 --use-window 1 --interval 30
Mode: windowed-one-state
Rows written: 67
Distinct states in output: FL
Rows per normalized timestamp (empty = unparseable):
  2024-11-05T15-30-22: 67
Wrote /home/ubuntu/apps/election-app/win_prob/P/FL/snapshots_FL.csv

$ /home/ubuntu/.venv/bin/python3 /home/ubuntu/apps/election-app/stats/6-pval.py /home/ubuntu/apps/election-app/win_prob/P/FL/snapshots_FL.csv -t /home/ubuntu/apps/election-app/stats/parameters.csv -o /home/ubuntu/apps/election-app/win_prob/P/FL/data_output_FL.csv -c 50
Done. Wrote: /home/ubuntu/apps/election-app/win_prob/P/FL/data_output_FL.csv
Total rows: 67 (chunked, resumable).
Computed columns for PVALS = [0.01, 0.1, 1, 2, 3, 5, 10, 15, 20, 25, 30, 35, 40, 45, 50, 55, 60, 65, 70, 75, 80, 85, 90, 95, 97, 98, 99, 99.9, 99.99]
Per p (leader): shift_{p}, margin_new_{p}, harris_percent_new_{p}, trump_percent_new_{p}, total_snapshot_{p}, total_expected_{p}, harris_votes_new_{p}, trump_votes_new_{p}
Per p (trailing): shift_trailing_{p}, margin_new_{p}_trailing, harris_percent_new_{p}_trailing, trump_percent_new_{p}_trailing, total_snapshot_{p}_trailing, total_expected_{p}_trailing, harris_votes_new_{p}_trailing, trump_votes_new_{p}_trailing
Checkpoint saved at: /home/ubuntu/apps/election-app/win_prob/P/FL/data_output_FL.csv.checkpoint.json

$ /home/ubuntu/.venv/bin/python3 /home/ubuntu/apps/election-app/stats/7-margin-new.py
Wrote data_output_with_margins_old.csv

$ /home/ubuntu/.venv/bin/python3 /home/ubuntu/apps/election-app/stats/7-eevp-statewide.py
Wrote data_output_with_margins.csv (copied from data_output_with_margins_old.csv)

$ /home/ubuntu/.venv/bin/python3 /home/ubuntu/apps/election-app/stats/7.py --input /home/ubuntu/apps/election-app/win_prob/P/FL/data_output_FL_with_margins_statewide_eevp.csv --output /home/ubuntu/apps/election-app/win_prob/P/FL/statewide_margin_pct_vs_percent_FL_2026.png --state FL --start 2024-11-05T15-30-22 --end 2024-11-05T15-30-22 --stats /home/ubuntu/apps/election-app/win_prob/P/FL/stats.csv --stats2 /home/ubuntu/apps/election-app/win_prob/P/FL/stats2.csv --interval 30 --year 2026 --jsonl /home/ubuntu/apps/election-app/win_prob/P/FL/plotdata_FL_2026_2026-01-24T19-59-45.jsonl
[info] evaluating 1 timestamps from 2024-11-05T15-30-22 to 2024-11-05T15-30-22 every 30 minutes
[saved] probs_timeseries_FL.csv  (1 points)
[saved] /home/ubuntu/apps/election-app/win_prob/P/FL/plotdata_FL_2026_2026-01-24T19-59-45.jsonl  (4 points)
[saved] /home/ubuntu/apps/election-app/win_prob/P/FL/statewide_margin_pct_vs_percent_FL_2026_box.json
[saved] /home/ubuntu/apps/election-app/win_prob/P/FL/statewide_margin_pct_vs_percent_FL_2026_box.png
[saved] /home/ubuntu/apps/election-app/win_prob/P/FL/statewide_margin_pct_vs_percent_FL_2026.png

All 50 states complete. See: /home/ubuntu/apps/election-app/win_prob/P/FL

$ /home/ubuntu/.venv/bin/python3 /home/ubuntu/apps/election-app/stats/8.py --root /home/ubuntu/apps/election-app/win_prob/P/FL/_work --outdir /home/ubuntu/apps/election-app/win_prob/P/FL
[info] root  = /home/ubuntu/apps/election-app/win_prob/P/FL/_work
[info] outdir= /home/ubuntu/apps/election-app/win_prob/P/FL
[deleted] /home/ubuntu/apps/election-app/win_prob/P/FL/_work/stats_with_statewide.csv
[deleted] /home/ubuntu/apps/election-app/win_prob/P/FL/_work/stats2_final_headers.csv
[deleted] /home/ubuntu/apps/election-app/win_prob/P/FL/_work/2024_county_results_with_final-old.csv
[deleted] /home/ubuntu/apps/election-app/win_prob/P/FL/_work/2024_county_results_with_final.csv
[deleted] /home/ubuntu/apps/election-app/win_prob/P/FL/_work/2024_county_results_with_final_1.csv
[deleted] /home/ubuntu/apps/election-app/win_prob/P/FL/_work/2024_county_results_with_calcs-old.csv
[deleted] /home/ubuntu/apps/election-app/win_prob/P/FL/_work/2024_county_results_with_calcs_new.csv
[deleted] /home/ubuntu/apps/election-app/win_prob/P/FL/_work/output_statewide_stats.csv
[skip]    /home/ubuntu/apps/election-app/win_prob/P/FL/_work/probs_timeseries_PA.csv
[deleted] /home/ubuntu/apps/election-app/win_prob/P/FL/_work/2024_county_results_with_calcs.csv
[skip]    /home/ubuntu/apps/election-app/win_prob/P/FL/data_output.csv
[skip]    /home/ubuntu/apps/election-app/win_prob/P/FL/data_output_with_margins_old.csv
[skip]    /home/ubuntu/apps/election-app/win_prob/P/FL/data_output_with_margins.csv
[skip]    /home/ubuntu/apps/election-app/win_prob/P/FL/data_output_with_margins-statewide.csv
[deleted] /home/ubuntu/apps/election-app/win_prob/P/FL/snapshots_FL.csv
[deleted] /home/ubuntu/apps/election-app/win_prob/P/FL/data_output_FL.csv
[deleted] /home/ubuntu/apps/election-app/win_prob/P/FL/data_output_FL_with_margins_statewide_eevp.csv
[deleted] /home/ubuntu/apps/election-app/win_prob/P/FL/data_output_FL_with_margins.csv
[deleted] /home/ubuntu/apps/election-app/win_prob/P/FL/data_output_FL.csv.checkpoint.json
[deleted] /home/ubuntu/apps/election-app/win_prob/P/FL/stats.csv
[deleted] /home/ubuntu/apps/election-app/win_prob/P/FL/stats2.csv
[done] removed 16 file(s)
[2026-01-24 20:06:50] INFO: [PIPELINE] args: office=P state=FL district=None
[2026-01-24 20:06:50] INFO: [PIPELINE] WINPROB_DIR resolved to: /home/ubuntu/apps/election-app/win_prob/P/FL
[2026-01-24 20:06:50] INFO: [PIPELINE] OUTDIR set to: /home/ubuntu/apps/election-app/win_prob/P/FL

$ /home/ubuntu/.venv/bin/python3 /home/ubuntu/apps/election-app/stats/1-statewide.py --input /home/ubuntu/apps/election-app/win_prob/P/FL/stats.csv --output /home/ubuntu/apps/election-app/win_prob/P/FL/_work/stats_with_statewide.csv
Wrote /home/ubuntu/apps/election-app/win_prob/P/FL/_work/stats_with_statewide.csv (rows=67)

$ /home/ubuntu/.venv/bin/python3 /home/ubuntu/apps/election-app/stats/1-stats-2.py --input /home/ubuntu/apps/election-app/win_prob/P/FL/stats2.csv --output /home/ubuntu/apps/election-app/win_prob/P/FL/_work/stats2_final_headers.csv
Wrote /home/ubuntu/apps/election-app/win_prob/P/FL/_work/stats2_final_headers.csv (rows=67)

$ /home/ubuntu/.venv/bin/python3 /home/ubuntu/apps/election-app/stats/1-append-new.py
Wrote 2024_county_results_with_final-old.csv (rows=67, missing_final_matches=0)

$ /home/ubuntu/.venv/bin/python3 /home/ubuntu/apps/election-app/stats/1-change_header.py
Wrote: 2024_county_results_with_final.csv

$ /home/ubuntu/.venv/bin/python3 /home/ubuntu/apps/election-app/stats/1-cut-zero-fips.py
Wrote: 2024_county_results_with_final_1.csv
Rows before: 67
Rows after:  67
Dropped (fips == 0): 0

$ /home/ubuntu/.venv/bin/python3 /home/ubuntu/apps/election-app/stats/2-calc.py
Wrote 67 rows with calculations to /home/ubuntu/apps/election-app/win_prob/P/FL/_work/2024_county_results_with_calcs-old.csv

$ /home/ubuntu/.venv/bin/python3 /home/ubuntu/apps/election-app/stats/2-eevp.py
Wrote (no-op copy): 2024_county_results_with_calcs.csv
Columns:
 - timestamp
 - state
 - county
 - fips
 - trump_votes
 - harris_votes
 - other_votes
 - eevp
 - state_eevp
 - harris_votes_statewide
 - trump_votes_statewide
 - other_votes_statewide
 - final_state
 - final_county
 - final_fips
 - final_trump_votes
 - final_harris_votes
 - final_other_votes
 - harris_percent_snapshot
 - trump_percent_snapshot
 - margin_snapshot
 - harris_percent_final
 - trump_percent_final
 - margin_final
 - margin_difference
 - margin_difference_abs

$ /home/ubuntu/.venv/bin/python3 /home/ubuntu/apps/election-app/stats/3-calc-new.py
Wrote 67 rows with new columns to /home/ubuntu/apps/election-app/win_prob/P/FL/_work/2024_county_results_with_calcs_new.csv

$ /home/ubuntu/.venv/bin/python3 /home/ubuntu/apps/election-app/stats/4-stats.py
Reading 2024_county_results_with_calcs_new.csv...
Aggregating statewide totals...
Calculating percentages and margins...
Writing to output_statewide_stats.csv...
Done!
[2026-01-24 20:07:00] INFO: [PIPELINE] ENTER win-prob generation | states=['FL'] ts_list=['2024-11-05T15-30-22']

============================================================================
[01/1] STATE = FL
============================================================================

$ /home/ubuntu/.venv/bin/python3 /home/ubuntu/apps/election-app/stats/5-snapshots.py --state FL --input /home/ubuntu/apps/election-app/win_prob/P/FL/_work/output_statewide_stats.csv --output /home/ubuntu/apps/election-app/win_prob/P/FL/snapshots_FL.csv --start 2024-11-05T15-30-22 --end 2024-11-05T15-30-22 --use-window 1 --interval 30
Mode: windowed-one-state
Rows written: 67
Distinct states in output: FL
Rows per normalized timestamp (empty = unparseable):
  2024-11-05T15-30-22: 67
Wrote /home/ubuntu/apps/election-app/win_prob/P/FL/snapshots_FL.csv

$ /home/ubuntu/.venv/bin/python3 /home/ubuntu/apps/election-app/stats/6-pval.py /home/ubuntu/apps/election-app/win_prob/P/FL/snapshots_FL.csv -t /home/ubuntu/apps/election-app/stats/parameters.csv -o /home/ubuntu/apps/election-app/win_prob/P/FL/data_output_FL.csv -c 50
Done. Wrote: /home/ubuntu/apps/election-app/win_prob/P/FL/data_output_FL.csv
Total rows: 67 (chunked, resumable).
Computed columns for PVALS = [0.01, 0.1, 1, 2, 3, 5, 10, 15, 20, 25, 30, 35, 40, 45, 50, 55, 60, 65, 70, 75, 80, 85, 90, 95, 97, 98, 99, 99.9, 99.99]
Per p (leader): shift_{p}, margin_new_{p}, harris_percent_new_{p}, trump_percent_new_{p}, total_snapshot_{p}, total_expected_{p}, harris_votes_new_{p}, trump_votes_new_{p}
Per p (trailing): shift_trailing_{p}, margin_new_{p}_trailing, harris_percent_new_{p}_trailing, trump_percent_new_{p}_trailing, total_snapshot_{p}_trailing, total_expected_{p}_trailing, harris_votes_new_{p}_trailing, trump_votes_new_{p}_trailing
Checkpoint saved at: /home/ubuntu/apps/election-app/win_prob/P/FL/data_output_FL.csv.checkpoint.json

$ /home/ubuntu/.venv/bin/python3 /home/ubuntu/apps/election-app/stats/7-margin-new.py
Wrote data_output_with_margins_old.csv

$ /home/ubuntu/.venv/bin/python3 /home/ubuntu/apps/election-app/stats/7-eevp-statewide.py
Wrote data_output_with_margins.csv (copied from data_output_with_margins_old.csv)

$ /home/ubuntu/.venv/bin/python3 /home/ubuntu/apps/election-app/stats/7.py --input /home/ubuntu/apps/election-app/win_prob/P/FL/data_output_FL_with_margins_statewide_eevp.csv --output /home/ubuntu/apps/election-app/win_prob/P/FL/statewide_margin_pct_vs_percent_FL_2026.png --state FL --start 2024-11-05T15-30-22 --end 2024-11-05T15-30-22 --stats /home/ubuntu/apps/election-app/win_prob/P/FL/stats.csv --stats2 /home/ubuntu/apps/election-app/win_prob/P/FL/stats2.csv --interval 30 --year 2026 --jsonl /home/ubuntu/apps/election-app/win_prob/P/FL/plotdata_FL_2026_2026-01-24T20-06-50.jsonl
[info] evaluating 1 timestamps from 2024-11-05T15-30-22 to 2024-11-05T15-30-22 every 30 minutes
[saved] probs_timeseries_FL.csv  (1 points)
[saved] /home/ubuntu/apps/election-app/win_prob/P/FL/plotdata_FL_2026_2026-01-24T20-06-50.jsonl  (4 points)
[saved] /home/ubuntu/apps/election-app/win_prob/P/FL/statewide_margin_pct_vs_percent_FL_2026_box.json
[saved] /home/ubuntu/apps/election-app/win_prob/P/FL/statewide_margin_pct_vs_percent_FL_2026_box.png
[saved] /home/ubuntu/apps/election-app/win_prob/P/FL/statewide_margin_pct_vs_percent_FL_2026.png

All 50 states complete. See: /home/ubuntu/apps/election-app/win_prob/P/FL

$ /home/ubuntu/.venv/bin/python3 /home/ubuntu/apps/election-app/stats/8.py --root /home/ubuntu/apps/election-app/win_prob/P/FL/_work --outdir /home/ubuntu/apps/election-app/win_prob/P/FL
[info] root  = /home/ubuntu/apps/election-app/win_prob/P/FL/_work
[info] outdir= /home/ubuntu/apps/election-app/win_prob/P/FL
[deleted] /home/ubuntu/apps/election-app/win_prob/P/FL/_work/stats_with_statewide.csv
[deleted] /home/ubuntu/apps/election-app/win_prob/P/FL/_work/stats2_final_headers.csv
[deleted] /home/ubuntu/apps/election-app/win_prob/P/FL/_work/2024_county_results_with_final-old.csv
[deleted] /home/ubuntu/apps/election-app/win_prob/P/FL/_work/2024_county_results_with_final.csv
[deleted] /home/ubuntu/apps/election-app/win_prob/P/FL/_work/2024_county_results_with_final_1.csv
[deleted] /home/ubuntu/apps/election-app/win_prob/P/FL/_work/2024_county_results_with_calcs-old.csv
[deleted] /home/ubuntu/apps/election-app/win_prob/P/FL/_work/2024_county_results_with_calcs_new.csv
[deleted] /home/ubuntu/apps/election-app/win_prob/P/FL/_work/output_statewide_stats.csv
[skip]    /home/ubuntu/apps/election-app/win_prob/P/FL/_work/probs_timeseries_PA.csv
[deleted] /home/ubuntu/apps/election-app/win_prob/P/FL/_work/2024_county_results_with_calcs.csv
[skip]    /home/ubuntu/apps/election-app/win_prob/P/FL/data_output.csv
[skip]    /home/ubuntu/apps/election-app/win_prob/P/FL/data_output_with_margins_old.csv
[skip]    /home/ubuntu/apps/election-app/win_prob/P/FL/data_output_with_margins.csv
[skip]    /home/ubuntu/apps/election-app/win_prob/P/FL/data_output_with_margins-statewide.csv
[deleted] /home/ubuntu/apps/election-app/win_prob/P/FL/snapshots_FL.csv
[deleted] /home/ubuntu/apps/election-app/win_prob/P/FL/data_output_FL.csv
[deleted] /home/ubuntu/apps/election-app/win_prob/P/FL/data_output_FL_with_margins_statewide_eevp.csv
[deleted] /home/ubuntu/apps/election-app/win_prob/P/FL/data_output_FL_with_margins.csv
[deleted] /home/ubuntu/apps/election-app/win_prob/P/FL/data_output_FL.csv.checkpoint.json
[deleted] /home/ubuntu/apps/election-app/win_prob/P/FL/stats.csv
[deleted] /home/ubuntu/apps/election-app/win_prob/P/FL/stats2.csv
[done] removed 16 file(s)
[2026-01-24 20:13:55] INFO: [PIPELINE] args: office=P state=FL district=None
[2026-01-24 20:13:55] INFO: [PIPELINE] WINPROB_DIR resolved to: /home/ubuntu/apps/election-app/win_prob/P/FL
[2026-01-24 20:13:55] INFO: [PIPELINE] OUTDIR set to: /home/ubuntu/apps/election-app/win_prob/P/FL

$ /home/ubuntu/.venv/bin/python3 /home/ubuntu/apps/election-app/stats/1-statewide.py --input /home/ubuntu/apps/election-app/win_prob/P/FL/stats.csv --output /home/ubuntu/apps/election-app/win_prob/P/FL/_work/stats_with_statewide.csv
Wrote /home/ubuntu/apps/election-app/win_prob/P/FL/_work/stats_with_statewide.csv (rows=67)

$ /home/ubuntu/.venv/bin/python3 /home/ubuntu/apps/election-app/stats/1-stats-2.py --input /home/ubuntu/apps/election-app/win_prob/P/FL/stats2.csv --output /home/ubuntu/apps/election-app/win_prob/P/FL/_work/stats2_final_headers.csv
Wrote /home/ubuntu/apps/election-app/win_prob/P/FL/_work/stats2_final_headers.csv (rows=67)

$ /home/ubuntu/.venv/bin/python3 /home/ubuntu/apps/election-app/stats/1-append-new.py
Wrote 2024_county_results_with_final-old.csv (rows=67, missing_final_matches=0)

$ /home/ubuntu/.venv/bin/python3 /home/ubuntu/apps/election-app/stats/1-change_header.py
Wrote: 2024_county_results_with_final.csv

$ /home/ubuntu/.venv/bin/python3 /home/ubuntu/apps/election-app/stats/1-cut-zero-fips.py
Wrote: 2024_county_results_with_final_1.csv
Rows before: 67
Rows after:  67
Dropped (fips == 0): 0

$ /home/ubuntu/.venv/bin/python3 /home/ubuntu/apps/election-app/stats/2-calc.py
Wrote 67 rows with calculations to /home/ubuntu/apps/election-app/win_prob/P/FL/_work/2024_county_results_with_calcs-old.csv

$ /home/ubuntu/.venv/bin/python3 /home/ubuntu/apps/election-app/stats/2-eevp.py
Wrote (no-op copy): 2024_county_results_with_calcs.csv
Columns:
 - timestamp
 - state
 - county
 - fips
 - trump_votes
 - harris_votes
 - other_votes
 - eevp
 - state_eevp
 - harris_votes_statewide
 - trump_votes_statewide
 - other_votes_statewide
 - final_state
 - final_county
 - final_fips
 - final_trump_votes
 - final_harris_votes
 - final_other_votes
 - harris_percent_snapshot
 - trump_percent_snapshot
 - margin_snapshot
 - harris_percent_final
 - trump_percent_final
 - margin_final
 - margin_difference
 - margin_difference_abs

$ /home/ubuntu/.venv/bin/python3 /home/ubuntu/apps/election-app/stats/3-calc-new.py
Wrote 67 rows with new columns to /home/ubuntu/apps/election-app/win_prob/P/FL/_work/2024_county_results_with_calcs_new.csv

$ /home/ubuntu/.venv/bin/python3 /home/ubuntu/apps/election-app/stats/4-stats.py
Reading 2024_county_results_with_calcs_new.csv...
Aggregating statewide totals...
Calculating percentages and margins...
Writing to output_statewide_stats.csv...
Done!
[2026-01-24 20:14:04] INFO: [PIPELINE] ENTER win-prob generation | states=['FL'] ts_list=['2024-11-05T15-30-22']

============================================================================
[01/1] STATE = FL
============================================================================

$ /home/ubuntu/.venv/bin/python3 /home/ubuntu/apps/election-app/stats/5-snapshots.py --state FL --input /home/ubuntu/apps/election-app/win_prob/P/FL/_work/output_statewide_stats.csv --output /home/ubuntu/apps/election-app/win_prob/P/FL/snapshots_FL.csv --start 2024-11-05T15-30-22 --end 2024-11-05T15-30-22 --use-window 1 --interval 30
Mode: windowed-one-state
Rows written: 67
Distinct states in output: FL
Rows per normalized timestamp (empty = unparseable):
  2024-11-05T15-30-22: 67
Wrote /home/ubuntu/apps/election-app/win_prob/P/FL/snapshots_FL.csv

$ /home/ubuntu/.venv/bin/python3 /home/ubuntu/apps/election-app/stats/6-pval.py /home/ubuntu/apps/election-app/win_prob/P/FL/snapshots_FL.csv -t /home/ubuntu/apps/election-app/stats/parameters.csv -o /home/ubuntu/apps/election-app/win_prob/P/FL/data_output_FL.csv -c 50
Done. Wrote: /home/ubuntu/apps/election-app/win_prob/P/FL/data_output_FL.csv
Total rows: 67 (chunked, resumable).
Computed columns for PVALS = [0.01, 0.1, 1, 2, 3, 5, 10, 15, 20, 25, 30, 35, 40, 45, 50, 55, 60, 65, 70, 75, 80, 85, 90, 95, 97, 98, 99, 99.9, 99.99]
Per p (leader): shift_{p}, margin_new_{p}, harris_percent_new_{p}, trump_percent_new_{p}, total_snapshot_{p}, total_expected_{p}, harris_votes_new_{p}, trump_votes_new_{p}
Per p (trailing): shift_trailing_{p}, margin_new_{p}_trailing, harris_percent_new_{p}_trailing, trump_percent_new_{p}_trailing, total_snapshot_{p}_trailing, total_expected_{p}_trailing, harris_votes_new_{p}_trailing, trump_votes_new_{p}_trailing
Checkpoint saved at: /home/ubuntu/apps/election-app/win_prob/P/FL/data_output_FL.csv.checkpoint.json

$ /home/ubuntu/.venv/bin/python3 /home/ubuntu/apps/election-app/stats/7-margin-new.py
Wrote data_output_with_margins_old.csv

$ /home/ubuntu/.venv/bin/python3 /home/ubuntu/apps/election-app/stats/7-eevp-statewide.py
Wrote data_output_with_margins.csv (copied from data_output_with_margins_old.csv)

$ /home/ubuntu/.venv/bin/python3 /home/ubuntu/apps/election-app/stats/7.py --input /home/ubuntu/apps/election-app/win_prob/P/FL/data_output_FL_with_margins_statewide_eevp.csv --output /home/ubuntu/apps/election-app/win_prob/P/FL/statewide_margin_pct_vs_percent_FL_2026.png --state FL --start 2024-11-05T15-30-22 --end 2024-11-05T15-30-22 --stats /home/ubuntu/apps/election-app/win_prob/P/FL/stats.csv --stats2 /home/ubuntu/apps/election-app/win_prob/P/FL/stats2.csv --interval 30 --year 2026 --jsonl /home/ubuntu/apps/election-app/win_prob/P/FL/plotdata_FL_2026_2026-01-24T20-13-55.jsonl
[info] evaluating 1 timestamps from 2024-11-05T15-30-22 to 2024-11-05T15-30-22 every 30 minutes
[saved] probs_timeseries_FL.csv  (1 points)
[saved] /home/ubuntu/apps/election-app/win_prob/P/FL/plotdata_FL_2026_2026-01-24T20-13-55.jsonl  (4 points)
[saved] /home/ubuntu/apps/election-app/win_prob/P/FL/statewide_margin_pct_vs_percent_FL_2026_box.json
[saved] /home/ubuntu/apps/election-app/win_prob/P/FL/statewide_margin_pct_vs_percent_FL_2026_box.png
[saved] /home/ubuntu/apps/election-app/win_prob/P/FL/statewide_margin_pct_vs_percent_FL_2026.png

All 50 states complete. See: /home/ubuntu/apps/election-app/win_prob/P/FL

$ /home/ubuntu/.venv/bin/python3 /home/ubuntu/apps/election-app/stats/8.py --root /home/ubuntu/apps/election-app/win_prob/P/FL/_work --outdir /home/ubuntu/apps/election-app/win_prob/P/FL
[info] root  = /home/ubuntu/apps/election-app/win_prob/P/FL/_work
[info] outdir= /home/ubuntu/apps/election-app/win_prob/P/FL
[deleted] /home/ubuntu/apps/election-app/win_prob/P/FL/_work/stats_with_statewide.csv
[deleted] /home/ubuntu/apps/election-app/win_prob/P/FL/_work/stats2_final_headers.csv
[deleted] /home/ubuntu/apps/election-app/win_prob/P/FL/_work/2024_county_results_with_final-old.csv
[deleted] /home/ubuntu/apps/election-app/win_prob/P/FL/_work/2024_county_results_with_final.csv
[deleted] /home/ubuntu/apps/election-app/win_prob/P/FL/_work/2024_county_results_with_final_1.csv
[deleted] /home/ubuntu/apps/election-app/win_prob/P/FL/_work/2024_county_results_with_calcs-old.csv
[deleted] /home/ubuntu/apps/election-app/win_prob/P/FL/_work/2024_county_results_with_calcs_new.csv
[deleted] /home/ubuntu/apps/election-app/win_prob/P/FL/_work/output_statewide_stats.csv
[skip]    /home/ubuntu/apps/election-app/win_prob/P/FL/_work/probs_timeseries_PA.csv
[deleted] /home/ubuntu/apps/election-app/win_prob/P/FL/_work/2024_county_results_with_calcs.csv
[skip]    /home/ubuntu/apps/election-app/win_prob/P/FL/data_output.csv
[skip]    /home/ubuntu/apps/election-app/win_prob/P/FL/data_output_with_margins_old.csv
[skip]    /home/ubuntu/apps/election-app/win_prob/P/FL/data_output_with_margins.csv
[skip]    /home/ubuntu/apps/election-app/win_prob/P/FL/data_output_with_margins-statewide.csv
[deleted] /home/ubuntu/apps/election-app/win_prob/P/FL/snapshots_FL.csv
[deleted] /home/ubuntu/apps/election-app/win_prob/P/FL/data_output_FL.csv
[deleted] /home/ubuntu/apps/election-app/win_prob/P/FL/data_output_FL_with_margins_statewide_eevp.csv
[deleted] /home/ubuntu/apps/election-app/win_prob/P/FL/data_output_FL_with_margins.csv
[deleted] /home/ubuntu/apps/election-app/win_prob/P/FL/data_output_FL.csv.checkpoint.json
[deleted] /home/ubuntu/apps/election-app/win_prob/P/FL/stats.csv
[deleted] /home/ubuntu/apps/election-app/win_prob/P/FL/stats2.csv
[done] removed 16 file(s)
[2026-01-24 20:20:39] INFO: [PIPELINE] args: office=P state=FL district=None
[2026-01-24 20:20:39] INFO: [PIPELINE] WINPROB_DIR resolved to: /home/ubuntu/apps/election-app/win_prob/P/FL
[2026-01-24 20:20:39] INFO: [PIPELINE] OUTDIR set to: /home/ubuntu/apps/election-app/win_prob/P/FL

$ /home/ubuntu/.venv/bin/python3 /home/ubuntu/apps/election-app/stats/1-statewide.py --input /home/ubuntu/apps/election-app/win_prob/P/FL/stats.csv --output /home/ubuntu/apps/election-app/win_prob/P/FL/_work/stats_with_statewide.csv
Wrote /home/ubuntu/apps/election-app/win_prob/P/FL/_work/stats_with_statewide.csv (rows=67)

$ /home/ubuntu/.venv/bin/python3 /home/ubuntu/apps/election-app/stats/1-stats-2.py --input /home/ubuntu/apps/election-app/win_prob/P/FL/stats2.csv --output /home/ubuntu/apps/election-app/win_prob/P/FL/_work/stats2_final_headers.csv
Wrote /home/ubuntu/apps/election-app/win_prob/P/FL/_work/stats2_final_headers.csv (rows=67)

$ /home/ubuntu/.venv/bin/python3 /home/ubuntu/apps/election-app/stats/1-append-new.py
Wrote 2024_county_results_with_final-old.csv (rows=67, missing_final_matches=0)

$ /home/ubuntu/.venv/bin/python3 /home/ubuntu/apps/election-app/stats/1-change_header.py
Wrote: 2024_county_results_with_final.csv

$ /home/ubuntu/.venv/bin/python3 /home/ubuntu/apps/election-app/stats/1-cut-zero-fips.py
Wrote: 2024_county_results_with_final_1.csv
Rows before: 67
Rows after:  67
Dropped (fips == 0): 0

$ /home/ubuntu/.venv/bin/python3 /home/ubuntu/apps/election-app/stats/2-calc.py
Wrote 67 rows with calculations to /home/ubuntu/apps/election-app/win_prob/P/FL/_work/2024_county_results_with_calcs-old.csv

$ /home/ubuntu/.venv/bin/python3 /home/ubuntu/apps/election-app/stats/2-eevp.py
Wrote (no-op copy): 2024_county_results_with_calcs.csv
Columns:
 - timestamp
 - state
 - county
 - fips
 - trump_votes
 - harris_votes
 - other_votes
 - eevp
 - state_eevp
 - harris_votes_statewide
 - trump_votes_statewide
 - other_votes_statewide
 - final_state
 - final_county
 - final_fips
 - final_trump_votes
 - final_harris_votes
 - final_other_votes
 - harris_percent_snapshot
 - trump_percent_snapshot
 - margin_snapshot
 - harris_percent_final
 - trump_percent_final
 - margin_final
 - margin_difference
 - margin_difference_abs

$ /home/ubuntu/.venv/bin/python3 /home/ubuntu/apps/election-app/stats/3-calc-new.py
Wrote 67 rows with new columns to /home/ubuntu/apps/election-app/win_prob/P/FL/_work/2024_county_results_with_calcs_new.csv

$ /home/ubuntu/.venv/bin/python3 /home/ubuntu/apps/election-app/stats/4-stats.py
Reading 2024_county_results_with_calcs_new.csv...
Aggregating statewide totals...
Calculating percentages and margins...
Writing to output_statewide_stats.csv...
Done!
[2026-01-24 20:20:49] INFO: [PIPELINE] ENTER win-prob generation | states=['FL'] ts_list=['2024-11-05T15-30-22']

============================================================================
[01/1] STATE = FL
============================================================================

$ /home/ubuntu/.venv/bin/python3 /home/ubuntu/apps/election-app/stats/5-snapshots.py --state FL --input /home/ubuntu/apps/election-app/win_prob/P/FL/_work/output_statewide_stats.csv --output /home/ubuntu/apps/election-app/win_prob/P/FL/snapshots_FL.csv --start 2024-11-05T15-30-22 --end 2024-11-05T15-30-22 --use-window 1 --interval 30
Mode: windowed-one-state
Rows written: 67
Distinct states in output: FL
Rows per normalized timestamp (empty = unparseable):
  2024-11-05T15-30-22: 67
Wrote /home/ubuntu/apps/election-app/win_prob/P/FL/snapshots_FL.csv

$ /home/ubuntu/.venv/bin/python3 /home/ubuntu/apps/election-app/stats/6-pval.py /home/ubuntu/apps/election-app/win_prob/P/FL/snapshots_FL.csv -t /home/ubuntu/apps/election-app/stats/parameters.csv -o /home/ubuntu/apps/election-app/win_prob/P/FL/data_output_FL.csv -c 50
Done. Wrote: /home/ubuntu/apps/election-app/win_prob/P/FL/data_output_FL.csv
Total rows: 67 (chunked, resumable).
Computed columns for PVALS = [0.01, 0.1, 1, 2, 3, 5, 10, 15, 20, 25, 30, 35, 40, 45, 50, 55, 60, 65, 70, 75, 80, 85, 90, 95, 97, 98, 99, 99.9, 99.99]
Per p (leader): shift_{p}, margin_new_{p}, harris_percent_new_{p}, trump_percent_new_{p}, total_snapshot_{p}, total_expected_{p}, harris_votes_new_{p}, trump_votes_new_{p}
Per p (trailing): shift_trailing_{p}, margin_new_{p}_trailing, harris_percent_new_{p}_trailing, trump_percent_new_{p}_trailing, total_snapshot_{p}_trailing, total_expected_{p}_trailing, harris_votes_new_{p}_trailing, trump_votes_new_{p}_trailing
Checkpoint saved at: /home/ubuntu/apps/election-app/win_prob/P/FL/data_output_FL.csv.checkpoint.json

$ /home/ubuntu/.venv/bin/python3 /home/ubuntu/apps/election-app/stats/7-margin-new.py
Wrote data_output_with_margins_old.csv

$ /home/ubuntu/.venv/bin/python3 /home/ubuntu/apps/election-app/stats/7-eevp-statewide.py
Wrote data_output_with_margins.csv (copied from data_output_with_margins_old.csv)

$ /home/ubuntu/.venv/bin/python3 /home/ubuntu/apps/election-app/stats/7.py --input /home/ubuntu/apps/election-app/win_prob/P/FL/data_output_FL_with_margins_statewide_eevp.csv --output /home/ubuntu/apps/election-app/win_prob/P/FL/statewide_margin_pct_vs_percent_FL_2026.png --state FL --start 2024-11-05T15-30-22 --end 2024-11-05T15-30-22 --stats /home/ubuntu/apps/election-app/win_prob/P/FL/stats.csv --stats2 /home/ubuntu/apps/election-app/win_prob/P/FL/stats2.csv --interval 30 --year 2026 --jsonl /home/ubuntu/apps/election-app/win_prob/P/FL/plotdata_FL_2026_2026-01-24T20-20-39.jsonl
[info] evaluating 1 timestamps from 2024-11-05T15-30-22 to 2024-11-05T15-30-22 every 30 minutes
[saved] probs_timeseries_FL.csv  (1 points)
[saved] /home/ubuntu/apps/election-app/win_prob/P/FL/plotdata_FL_2026_2026-01-24T20-20-39.jsonl  (4 points)
[saved] /home/ubuntu/apps/election-app/win_prob/P/FL/statewide_margin_pct_vs_percent_FL_2026_box.json
[saved] /home/ubuntu/apps/election-app/win_prob/P/FL/statewide_margin_pct_vs_percent_FL_2026_box.png
[saved] /home/ubuntu/apps/election-app/win_prob/P/FL/statewide_margin_pct_vs_percent_FL_2026.png

All 50 states complete. See: /home/ubuntu/apps/election-app/win_prob/P/FL

$ /home/ubuntu/.venv/bin/python3 /home/ubuntu/apps/election-app/stats/8.py --root /home/ubuntu/apps/election-app/win_prob/P/FL/_work --outdir /home/ubuntu/apps/election-app/win_prob/P/FL
[info] root  = /home/ubuntu/apps/election-app/win_prob/P/FL/_work
[info] outdir= /home/ubuntu/apps/election-app/win_prob/P/FL
[deleted] /home/ubuntu/apps/election-app/win_prob/P/FL/_work/stats_with_statewide.csv
[deleted] /home/ubuntu/apps/election-app/win_prob/P/FL/_work/stats2_final_headers.csv
[deleted] /home/ubuntu/apps/election-app/win_prob/P/FL/_work/2024_county_results_with_final-old.csv
[deleted] /home/ubuntu/apps/election-app/win_prob/P/FL/_work/2024_county_results_with_final.csv
[deleted] /home/ubuntu/apps/election-app/win_prob/P/FL/_work/2024_county_results_with_final_1.csv
[deleted] /home/ubuntu/apps/election-app/win_prob/P/FL/_work/2024_county_results_with_calcs-old.csv
[deleted] /home/ubuntu/apps/election-app/win_prob/P/FL/_work/2024_county_results_with_calcs_new.csv
[deleted] /home/ubuntu/apps/election-app/win_prob/P/FL/_work/output_statewide_stats.csv
[skip]    /home/ubuntu/apps/election-app/win_prob/P/FL/_work/probs_timeseries_PA.csv
[deleted] /home/ubuntu/apps/election-app/win_prob/P/FL/_work/2024_county_results_with_calcs.csv
[skip]    /home/ubuntu/apps/election-app/win_prob/P/FL/data_output.csv
[skip]    /home/ubuntu/apps/election-app/win_prob/P/FL/data_output_with_margins_old.csv
[skip]    /home/ubuntu/apps/election-app/win_prob/P/FL/data_output_with_margins.csv
[skip]    /home/ubuntu/apps/election-app/win_prob/P/FL/data_output_with_margins-statewide.csv
[deleted] /home/ubuntu/apps/election-app/win_prob/P/FL/snapshots_FL.csv
[deleted] /home/ubuntu/apps/election-app/win_prob/P/FL/data_output_FL.csv
[deleted] /home/ubuntu/apps/election-app/win_prob/P/FL/data_output_FL_with_margins_statewide_eevp.csv
[deleted] /home/ubuntu/apps/election-app/win_prob/P/FL/data_output_FL_with_margins.csv
[deleted] /home/ubuntu/apps/election-app/win_prob/P/FL/data_output_FL.csv.checkpoint.json
[deleted] /home/ubuntu/apps/election-app/win_prob/P/FL/stats.csv
[deleted] /home/ubuntu/apps/election-app/win_prob/P/FL/stats2.csv
[done] removed 16 file(s)
[2026-01-24 20:27:44] INFO: [PIPELINE] args: office=P state=FL district=None
[2026-01-24 20:27:44] INFO: [PIPELINE] WINPROB_DIR resolved to: /home/ubuntu/apps/election-app/win_prob/P/FL
[2026-01-24 20:27:44] INFO: [PIPELINE] OUTDIR set to: /home/ubuntu/apps/election-app/win_prob/P/FL

$ /home/ubuntu/.venv/bin/python3 /home/ubuntu/apps/election-app/stats/1-statewide.py --input /home/ubuntu/apps/election-app/win_prob/P/FL/stats.csv --output /home/ubuntu/apps/election-app/win_prob/P/FL/_work/stats_with_statewide.csv
Wrote /home/ubuntu/apps/election-app/win_prob/P/FL/_work/stats_with_statewide.csv (rows=67)

$ /home/ubuntu/.venv/bin/python3 /home/ubuntu/apps/election-app/stats/1-stats-2.py --input /home/ubuntu/apps/election-app/win_prob/P/FL/stats2.csv --output /home/ubuntu/apps/election-app/win_prob/P/FL/_work/stats2_final_headers.csv
Wrote /home/ubuntu/apps/election-app/win_prob/P/FL/_work/stats2_final_headers.csv (rows=67)

$ /home/ubuntu/.venv/bin/python3 /home/ubuntu/apps/election-app/stats/1-append-new.py
Wrote 2024_county_results_with_final-old.csv (rows=67, missing_final_matches=0)

$ /home/ubuntu/.venv/bin/python3 /home/ubuntu/apps/election-app/stats/1-change_header.py
Wrote: 2024_county_results_with_final.csv

$ /home/ubuntu/.venv/bin/python3 /home/ubuntu/apps/election-app/stats/1-cut-zero-fips.py
Wrote: 2024_county_results_with_final_1.csv
Rows before: 67
Rows after:  67
Dropped (fips == 0): 0

$ /home/ubuntu/.venv/bin/python3 /home/ubuntu/apps/election-app/stats/2-calc.py
Wrote 67 rows with calculations to /home/ubuntu/apps/election-app/win_prob/P/FL/_work/2024_county_results_with_calcs-old.csv

$ /home/ubuntu/.venv/bin/python3 /home/ubuntu/apps/election-app/stats/2-eevp.py
Wrote (no-op copy): 2024_county_results_with_calcs.csv
Columns:
 - timestamp
 - state
 - county
 - fips
 - trump_votes
 - harris_votes
 - other_votes
 - eevp
 - state_eevp
 - harris_votes_statewide
 - trump_votes_statewide
 - other_votes_statewide
 - final_state
 - final_county
 - final_fips
 - final_trump_votes
 - final_harris_votes
 - final_other_votes
 - harris_percent_snapshot
 - trump_percent_snapshot
 - margin_snapshot
 - harris_percent_final
 - trump_percent_final
 - margin_final
 - margin_difference
 - margin_difference_abs

$ /home/ubuntu/.venv/bin/python3 /home/ubuntu/apps/election-app/stats/3-calc-new.py
Wrote 67 rows with new columns to /home/ubuntu/apps/election-app/win_prob/P/FL/_work/2024_county_results_with_calcs_new.csv

$ /home/ubuntu/.venv/bin/python3 /home/ubuntu/apps/election-app/stats/4-stats.py
Reading 2024_county_results_with_calcs_new.csv...
Aggregating statewide totals...
Calculating percentages and margins...
Writing to output_statewide_stats.csv...
Done!
[2026-01-24 20:27:53] INFO: [PIPELINE] ENTER win-prob generation | states=['FL'] ts_list=['2024-11-05T15-30-22']

============================================================================
[01/1] STATE = FL
============================================================================

$ /home/ubuntu/.venv/bin/python3 /home/ubuntu/apps/election-app/stats/5-snapshots.py --state FL --input /home/ubuntu/apps/election-app/win_prob/P/FL/_work/output_statewide_stats.csv --output /home/ubuntu/apps/election-app/win_prob/P/FL/snapshots_FL.csv --start 2024-11-05T15-30-22 --end 2024-11-05T15-30-22 --use-window 1 --interval 30
Mode: windowed-one-state
Rows written: 67
Distinct states in output: FL
Rows per normalized timestamp (empty = unparseable):
  2024-11-05T15-30-22: 67
Wrote /home/ubuntu/apps/election-app/win_prob/P/FL/snapshots_FL.csv

$ /home/ubuntu/.venv/bin/python3 /home/ubuntu/apps/election-app/stats/6-pval.py /home/ubuntu/apps/election-app/win_prob/P/FL/snapshots_FL.csv -t /home/ubuntu/apps/election-app/stats/parameters.csv -o /home/ubuntu/apps/election-app/win_prob/P/FL/data_output_FL.csv -c 50
Done. Wrote: /home/ubuntu/apps/election-app/win_prob/P/FL/data_output_FL.csv
Total rows: 67 (chunked, resumable).
Computed columns for PVALS = [0.01, 0.1, 1, 2, 3, 5, 10, 15, 20, 25, 30, 35, 40, 45, 50, 55, 60, 65, 70, 75, 80, 85, 90, 95, 97, 98, 99, 99.9, 99.99]
Per p (leader): shift_{p}, margin_new_{p}, harris_percent_new_{p}, trump_percent_new_{p}, total_snapshot_{p}, total_expected_{p}, harris_votes_new_{p}, trump_votes_new_{p}
Per p (trailing): shift_trailing_{p}, margin_new_{p}_trailing, harris_percent_new_{p}_trailing, trump_percent_new_{p}_trailing, total_snapshot_{p}_trailing, total_expected_{p}_trailing, harris_votes_new_{p}_trailing, trump_votes_new_{p}_trailing
Checkpoint saved at: /home/ubuntu/apps/election-app/win_prob/P/FL/data_output_FL.csv.checkpoint.json

$ /home/ubuntu/.venv/bin/python3 /home/ubuntu/apps/election-app/stats/7-margin-new.py
Wrote data_output_with_margins_old.csv

$ /home/ubuntu/.venv/bin/python3 /home/ubuntu/apps/election-app/stats/7-eevp-statewide.py
Wrote data_output_with_margins.csv (copied from data_output_with_margins_old.csv)

$ /home/ubuntu/.venv/bin/python3 /home/ubuntu/apps/election-app/stats/7.py --input /home/ubuntu/apps/election-app/win_prob/P/FL/data_output_FL_with_margins_statewide_eevp.csv --output /home/ubuntu/apps/election-app/win_prob/P/FL/statewide_margin_pct_vs_percent_FL_2026.png --state FL --start 2024-11-05T15-30-22 --end 2024-11-05T15-30-22 --stats /home/ubuntu/apps/election-app/win_prob/P/FL/stats.csv --stats2 /home/ubuntu/apps/election-app/win_prob/P/FL/stats2.csv --interval 30 --year 2026 --jsonl /home/ubuntu/apps/election-app/win_prob/P/FL/plotdata_FL_2026_2026-01-24T20-27-44.jsonl
[info] evaluating 1 timestamps from 2024-11-05T15-30-22 to 2024-11-05T15-30-22 every 30 minutes
[saved] probs_timeseries_FL.csv  (1 points)
[saved] /home/ubuntu/apps/election-app/win_prob/P/FL/plotdata_FL_2026_2026-01-24T20-27-44.jsonl  (4 points)
[saved] /home/ubuntu/apps/election-app/win_prob/P/FL/statewide_margin_pct_vs_percent_FL_2026_box.json
[saved] /home/ubuntu/apps/election-app/win_prob/P/FL/statewide_margin_pct_vs_percent_FL_2026_box.png
[saved] /home/ubuntu/apps/election-app/win_prob/P/FL/statewide_margin_pct_vs_percent_FL_2026.png

All 50 states complete. See: /home/ubuntu/apps/election-app/win_prob/P/FL

$ /home/ubuntu/.venv/bin/python3 /home/ubuntu/apps/election-app/stats/8.py --root /home/ubuntu/apps/election-app/win_prob/P/FL/_work --outdir /home/ubuntu/apps/election-app/win_prob/P/FL
[info] root  = /home/ubuntu/apps/election-app/win_prob/P/FL/_work
[info] outdir= /home/ubuntu/apps/election-app/win_prob/P/FL
[deleted] /home/ubuntu/apps/election-app/win_prob/P/FL/_work/stats_with_statewide.csv
[deleted] /home/ubuntu/apps/election-app/win_prob/P/FL/_work/stats2_final_headers.csv
[deleted] /home/ubuntu/apps/election-app/win_prob/P/FL/_work/2024_county_results_with_final-old.csv
[deleted] /home/ubuntu/apps/election-app/win_prob/P/FL/_work/2024_county_results_with_final.csv
[deleted] /home/ubuntu/apps/election-app/win_prob/P/FL/_work/2024_county_results_with_final_1.csv
[deleted] /home/ubuntu/apps/election-app/win_prob/P/FL/_work/2024_county_results_with_calcs-old.csv
[deleted] /home/ubuntu/apps/election-app/win_prob/P/FL/_work/2024_county_results_with_calcs_new.csv
[deleted] /home/ubuntu/apps/election-app/win_prob/P/FL/_work/output_statewide_stats.csv
[skip]    /home/ubuntu/apps/election-app/win_prob/P/FL/_work/probs_timeseries_PA.csv
[deleted] /home/ubuntu/apps/election-app/win_prob/P/FL/_work/2024_county_results_with_calcs.csv
[skip]    /home/ubuntu/apps/election-app/win_prob/P/FL/data_output.csv
[skip]    /home/ubuntu/apps/election-app/win_prob/P/FL/data_output_with_margins_old.csv
[skip]    /home/ubuntu/apps/election-app/win_prob/P/FL/data_output_with_margins.csv
[skip]    /home/ubuntu/apps/election-app/win_prob/P/FL/data_output_with_margins-statewide.csv
[deleted] /home/ubuntu/apps/election-app/win_prob/P/FL/snapshots_FL.csv
[deleted] /home/ubuntu/apps/election-app/win_prob/P/FL/data_output_FL.csv
[deleted] /home/ubuntu/apps/election-app/win_prob/P/FL/data_output_FL_with_margins_statewide_eevp.csv
[deleted] /home/ubuntu/apps/election-app/win_prob/P/FL/data_output_FL_with_margins.csv
[deleted] /home/ubuntu/apps/election-app/win_prob/P/FL/data_output_FL.csv.checkpoint.json
[deleted] /home/ubuntu/apps/election-app/win_prob/P/FL/stats.csv
[deleted] /home/ubuntu/apps/election-app/win_prob/P/FL/stats2.csv
[done] removed 16 file(s)
[2026-01-24 20:34:49] INFO: [PIPELINE] args: office=P state=FL district=None
[2026-01-24 20:34:49] INFO: [PIPELINE] WINPROB_DIR resolved to: /home/ubuntu/apps/election-app/win_prob/P/FL
[2026-01-24 20:34:49] INFO: [PIPELINE] OUTDIR set to: /home/ubuntu/apps/election-app/win_prob/P/FL

$ /home/ubuntu/.venv/bin/python3 /home/ubuntu/apps/election-app/stats/1-statewide.py --input /home/ubuntu/apps/election-app/win_prob/P/FL/stats.csv --output /home/ubuntu/apps/election-app/win_prob/P/FL/_work/stats_with_statewide.csv
Wrote /home/ubuntu/apps/election-app/win_prob/P/FL/_work/stats_with_statewide.csv (rows=67)

$ /home/ubuntu/.venv/bin/python3 /home/ubuntu/apps/election-app/stats/1-stats-2.py --input /home/ubuntu/apps/election-app/win_prob/P/FL/stats2.csv --output /home/ubuntu/apps/election-app/win_prob/P/FL/_work/stats2_final_headers.csv
Wrote /home/ubuntu/apps/election-app/win_prob/P/FL/_work/stats2_final_headers.csv (rows=67)

$ /home/ubuntu/.venv/bin/python3 /home/ubuntu/apps/election-app/stats/1-append-new.py
Wrote 2024_county_results_with_final-old.csv (rows=67, missing_final_matches=0)

$ /home/ubuntu/.venv/bin/python3 /home/ubuntu/apps/election-app/stats/1-change_header.py
Wrote: 2024_county_results_with_final.csv

$ /home/ubuntu/.venv/bin/python3 /home/ubuntu/apps/election-app/stats/1-cut-zero-fips.py
Wrote: 2024_county_results_with_final_1.csv
Rows before: 67
Rows after:  67
Dropped (fips == 0): 0

$ /home/ubuntu/.venv/bin/python3 /home/ubuntu/apps/election-app/stats/2-calc.py
Wrote 67 rows with calculations to /home/ubuntu/apps/election-app/win_prob/P/FL/_work/2024_county_results_with_calcs-old.csv

$ /home/ubuntu/.venv/bin/python3 /home/ubuntu/apps/election-app/stats/2-eevp.py
Wrote (no-op copy): 2024_county_results_with_calcs.csv
Columns:
 - timestamp
 - state
 - county
 - fips
 - trump_votes
 - harris_votes
 - other_votes
 - eevp
 - state_eevp
 - harris_votes_statewide
 - trump_votes_statewide
 - other_votes_statewide
 - final_state
 - final_county
 - final_fips
 - final_trump_votes
 - final_harris_votes
 - final_other_votes
 - harris_percent_snapshot
 - trump_percent_snapshot
 - margin_snapshot
 - harris_percent_final
 - trump_percent_final
 - margin_final
 - margin_difference
 - margin_difference_abs

$ /home/ubuntu/.venv/bin/python3 /home/ubuntu/apps/election-app/stats/3-calc-new.py
Wrote 67 rows with new columns to /home/ubuntu/apps/election-app/win_prob/P/FL/_work/2024_county_results_with_calcs_new.csv

$ /home/ubuntu/.venv/bin/python3 /home/ubuntu/apps/election-app/stats/4-stats.py
Reading 2024_county_results_with_calcs_new.csv...
Aggregating statewide totals...
Calculating percentages and margins...
Writing to output_statewide_stats.csv...
Done!
[2026-01-24 20:34:59] INFO: [PIPELINE] ENTER win-prob generation | states=['FL'] ts_list=['2024-11-05T15-30-22']

============================================================================
[01/1] STATE = FL
============================================================================

$ /home/ubuntu/.venv/bin/python3 /home/ubuntu/apps/election-app/stats/5-snapshots.py --state FL --input /home/ubuntu/apps/election-app/win_prob/P/FL/_work/output_statewide_stats.csv --output /home/ubuntu/apps/election-app/win_prob/P/FL/snapshots_FL.csv --start 2024-11-05T15-30-22 --end 2024-11-05T15-30-22 --use-window 1 --interval 30
Mode: windowed-one-state
Rows written: 67
Distinct states in output: FL
Rows per normalized timestamp (empty = unparseable):
  2024-11-05T15-30-22: 67
Wrote /home/ubuntu/apps/election-app/win_prob/P/FL/snapshots_FL.csv

$ /home/ubuntu/.venv/bin/python3 /home/ubuntu/apps/election-app/stats/6-pval.py /home/ubuntu/apps/election-app/win_prob/P/FL/snapshots_FL.csv -t /home/ubuntu/apps/election-app/stats/parameters.csv -o /home/ubuntu/apps/election-app/win_prob/P/FL/data_output_FL.csv -c 50
Done. Wrote: /home/ubuntu/apps/election-app/win_prob/P/FL/data_output_FL.csv
Total rows: 67 (chunked, resumable).
Computed columns for PVALS = [0.01, 0.1, 1, 2, 3, 5, 10, 15, 20, 25, 30, 35, 40, 45, 50, 55, 60, 65, 70, 75, 80, 85, 90, 95, 97, 98, 99, 99.9, 99.99]
Per p (leader): shift_{p}, margin_new_{p}, harris_percent_new_{p}, trump_percent_new_{p}, total_snapshot_{p}, total_expected_{p}, harris_votes_new_{p}, trump_votes_new_{p}
Per p (trailing): shift_trailing_{p}, margin_new_{p}_trailing, harris_percent_new_{p}_trailing, trump_percent_new_{p}_trailing, total_snapshot_{p}_trailing, total_expected_{p}_trailing, harris_votes_new_{p}_trailing, trump_votes_new_{p}_trailing
Checkpoint saved at: /home/ubuntu/apps/election-app/win_prob/P/FL/data_output_FL.csv.checkpoint.json

$ /home/ubuntu/.venv/bin/python3 /home/ubuntu/apps/election-app/stats/7-margin-new.py
Wrote data_output_with_margins_old.csv

$ /home/ubuntu/.venv/bin/python3 /home/ubuntu/apps/election-app/stats/7-eevp-statewide.py
Wrote data_output_with_margins.csv (copied from data_output_with_margins_old.csv)

$ /home/ubuntu/.venv/bin/python3 /home/ubuntu/apps/election-app/stats/7.py --input /home/ubuntu/apps/election-app/win_prob/P/FL/data_output_FL_with_margins_statewide_eevp.csv --output /home/ubuntu/apps/election-app/win_prob/P/FL/statewide_margin_pct_vs_percent_FL_2026.png --state FL --start 2024-11-05T15-30-22 --end 2024-11-05T15-30-22 --stats /home/ubuntu/apps/election-app/win_prob/P/FL/stats.csv --stats2 /home/ubuntu/apps/election-app/win_prob/P/FL/stats2.csv --interval 30 --year 2026 --jsonl /home/ubuntu/apps/election-app/win_prob/P/FL/plotdata_FL_2026_2026-01-24T20-34-49.jsonl
[info] evaluating 1 timestamps from 2024-11-05T15-30-22 to 2024-11-05T15-30-22 every 30 minutes
[saved] probs_timeseries_FL.csv  (1 points)
[saved] /home/ubuntu/apps/election-app/win_prob/P/FL/plotdata_FL_2026_2026-01-24T20-34-49.jsonl  (4 points)
[saved] /home/ubuntu/apps/election-app/win_prob/P/FL/statewide_margin_pct_vs_percent_FL_2026_box.json
[saved] /home/ubuntu/apps/election-app/win_prob/P/FL/statewide_margin_pct_vs_percent_FL_2026_box.png
[saved] /home/ubuntu/apps/election-app/win_prob/P/FL/statewide_margin_pct_vs_percent_FL_2026.png

All 50 states complete. See: /home/ubuntu/apps/election-app/win_prob/P/FL

$ /home/ubuntu/.venv/bin/python3 /home/ubuntu/apps/election-app/stats/8.py --root /home/ubuntu/apps/election-app/win_prob/P/FL/_work --outdir /home/ubuntu/apps/election-app/win_prob/P/FL
[info] root  = /home/ubuntu/apps/election-app/win_prob/P/FL/_work
[info] outdir= /home/ubuntu/apps/election-app/win_prob/P/FL
[deleted] /home/ubuntu/apps/election-app/win_prob/P/FL/_work/stats_with_statewide.csv
[deleted] /home/ubuntu/apps/election-app/win_prob/P/FL/_work/stats2_final_headers.csv
[deleted] /home/ubuntu/apps/election-app/win_prob/P/FL/_work/2024_county_results_with_final-old.csv
[deleted] /home/ubuntu/apps/election-app/win_prob/P/FL/_work/2024_county_results_with_final.csv
[deleted] /home/ubuntu/apps/election-app/win_prob/P/FL/_work/2024_county_results_with_final_1.csv
[deleted] /home/ubuntu/apps/election-app/win_prob/P/FL/_work/2024_county_results_with_calcs-old.csv
[deleted] /home/ubuntu/apps/election-app/win_prob/P/FL/_work/2024_county_results_with_calcs_new.csv
[deleted] /home/ubuntu/apps/election-app/win_prob/P/FL/_work/output_statewide_stats.csv
[skip]    /home/ubuntu/apps/election-app/win_prob/P/FL/_work/probs_timeseries_PA.csv
[deleted] /home/ubuntu/apps/election-app/win_prob/P/FL/_work/2024_county_results_with_calcs.csv
[skip]    /home/ubuntu/apps/election-app/win_prob/P/FL/data_output.csv
[skip]    /home/ubuntu/apps/election-app/win_prob/P/FL/data_output_with_margins_old.csv
[skip]    /home/ubuntu/apps/election-app/win_prob/P/FL/data_output_with_margins.csv
[skip]    /home/ubuntu/apps/election-app/win_prob/P/FL/data_output_with_margins-statewide.csv
[deleted] /home/ubuntu/apps/election-app/win_prob/P/FL/snapshots_FL.csv
[deleted] /home/ubuntu/apps/election-app/win_prob/P/FL/data_output_FL.csv
[deleted] /home/ubuntu/apps/election-app/win_prob/P/FL/data_output_FL_with_margins_statewide_eevp.csv
[deleted] /home/ubuntu/apps/election-app/win_prob/P/FL/data_output_FL_with_margins.csv
[deleted] /home/ubuntu/apps/election-app/win_prob/P/FL/data_output_FL.csv.checkpoint.json
[deleted] /home/ubuntu/apps/election-app/win_prob/P/FL/stats.csv
[deleted] /home/ubuntu/apps/election-app/win_prob/P/FL/stats2.csv
[done] removed 16 file(s)
[2026-02-04 18:08:50] INFO: [PIPELINE] args: office=P state=FL district=None
[2026-02-04 18:08:50] INFO: [PIPELINE] WINPROB_DIR resolved to: /home/ubuntu/apps/election-app/win_prob/P/FL
[2026-02-04 18:08:50] INFO: [PIPELINE] OUTDIR set to: /home/ubuntu/apps/election-app/win_prob/P/FL

$ /home/ubuntu/.venv/bin/python3 /home/ubuntu/apps/election-app/stats/1-statewide.py --input /home/ubuntu/apps/election-app/win_prob/P/FL/stats.csv --output /home/ubuntu/apps/election-app/win_prob/P/FL/_work/stats_with_statewide.csv
Wrote /home/ubuntu/apps/election-app/win_prob/P/FL/_work/stats_with_statewide.csv (rows=67)

$ /home/ubuntu/.venv/bin/python3 /home/ubuntu/apps/election-app/stats/1-stats-2.py --input /home/ubuntu/apps/election-app/win_prob/P/FL/stats2.csv --output /home/ubuntu/apps/election-app/win_prob/P/FL/_work/stats2_final_headers.csv
Wrote /home/ubuntu/apps/election-app/win_prob/P/FL/_work/stats2_final_headers.csv (rows=67)

$ /home/ubuntu/.venv/bin/python3 /home/ubuntu/apps/election-app/stats/1-append-new.py
Wrote 2024_county_results_with_final-old.csv (rows=67, missing_final_matches=0)

$ /home/ubuntu/.venv/bin/python3 /home/ubuntu/apps/election-app/stats/1-change_header.py
Wrote: 2024_county_results_with_final.csv

$ /home/ubuntu/.venv/bin/python3 /home/ubuntu/apps/election-app/stats/1-cut-zero-fips.py
Wrote: 2024_county_results_with_final_1.csv
Rows before: 67
Rows after:  67
Dropped (fips == 0): 0

$ /home/ubuntu/.venv/bin/python3 /home/ubuntu/apps/election-app/stats/2-calc.py
Wrote 67 rows with calculations to /home/ubuntu/apps/election-app/win_prob/P/FL/_work/2024_county_results_with_calcs-old.csv

$ /home/ubuntu/.venv/bin/python3 /home/ubuntu/apps/election-app/stats/2-eevp.py
Wrote (no-op copy): 2024_county_results_with_calcs.csv
Columns:
 - timestamp
 - state
 - county
 - fips
 - trump_votes
 - harris_votes
 - other_votes
 - eevp
 - state_eevp
 - harris_votes_statewide
 - trump_votes_statewide
 - other_votes_statewide
 - final_state
 - final_county
 - final_fips
 - final_trump_votes
 - final_harris_votes
 - final_other_votes
 - harris_percent_snapshot
 - trump_percent_snapshot
 - margin_snapshot
 - harris_percent_final
 - trump_percent_final
 - margin_final
 - margin_difference
 - margin_difference_abs

$ /home/ubuntu/.venv/bin/python3 /home/ubuntu/apps/election-app/stats/3-calc-new.py
Wrote 67 rows with new columns to /home/ubuntu/apps/election-app/win_prob/P/FL/_work/2024_county_results_with_calcs_new.csv

$ /home/ubuntu/.venv/bin/python3 /home/ubuntu/apps/election-app/stats/4-stats.py
Reading 2024_county_results_with_calcs_new.csv...
Aggregating statewide totals...
Calculating percentages and margins...
Writing to output_statewide_stats.csv...
Done!
[2026-02-04 18:08:59] INFO: [PIPELINE] ENTER win-prob generation | states=['FL'] ts_list=['2024-11-05T15-30-22']

============================================================================
[01/1] STATE = FL
============================================================================

$ /home/ubuntu/.venv/bin/python3 /home/ubuntu/apps/election-app/stats/5-snapshots.py --state FL --input /home/ubuntu/apps/election-app/win_prob/P/FL/_work/output_statewide_stats.csv --output /home/ubuntu/apps/election-app/win_prob/P/FL/snapshots_FL.csv --start 2024-11-05T15-30-22 --end 2024-11-05T15-30-22 --use-window 1 --interval 30
Mode: windowed-one-state
Rows written: 67
Distinct states in output: FL
Rows per normalized timestamp (empty = unparseable):
  2024-11-05T15-30-22: 67
Wrote /home/ubuntu/apps/election-app/win_prob/P/FL/snapshots_FL.csv

$ /home/ubuntu/.venv/bin/python3 /home/ubuntu/apps/election-app/stats/6-pval.py /home/ubuntu/apps/election-app/win_prob/P/FL/snapshots_FL.csv -t /home/ubuntu/apps/election-app/stats/parameters.csv -o /home/ubuntu/apps/election-app/win_prob/P/FL/data_output_FL.csv -c 50
Done. Wrote: /home/ubuntu/apps/election-app/win_prob/P/FL/data_output_FL.csv
Total rows: 67 (chunked, resumable).
Computed columns for PVALS = [0.01, 0.1, 1, 2, 3, 5, 10, 15, 20, 25, 30, 35, 40, 45, 50, 55, 60, 65, 70, 75, 80, 85, 90, 95, 97, 98, 99, 99.9, 99.99]
Per p (leader): shift_{p}, margin_new_{p}, harris_percent_new_{p}, trump_percent_new_{p}, total_snapshot_{p}, total_expected_{p}, harris_votes_new_{p}, trump_votes_new_{p}
Per p (trailing): shift_trailing_{p}, margin_new_{p}_trailing, harris_percent_new_{p}_trailing, trump_percent_new_{p}_trailing, total_snapshot_{p}_trailing, total_expected_{p}_trailing, harris_votes_new_{p}_trailing, trump_votes_new_{p}_trailing
Checkpoint saved at: /home/ubuntu/apps/election-app/win_prob/P/FL/data_output_FL.csv.checkpoint.json

$ /home/ubuntu/.venv/bin/python3 /home/ubuntu/apps/election-app/stats/7-margin-new.py
Wrote data_output_with_margins_old.csv

$ /home/ubuntu/.venv/bin/python3 /home/ubuntu/apps/election-app/stats/7-eevp-statewide.py
Wrote data_output_with_margins.csv (copied from data_output_with_margins_old.csv)

$ /home/ubuntu/.venv/bin/python3 /home/ubuntu/apps/election-app/stats/7.py --input /home/ubuntu/apps/election-app/win_prob/P/FL/data_output_FL_with_margins_statewide_eevp.csv --output /home/ubuntu/apps/election-app/win_prob/P/FL/statewide_margin_pct_vs_percent_FL_2026.png --state FL --start 2024-11-05T15-30-22 --end 2024-11-05T15-30-22 --stats /home/ubuntu/apps/election-app/win_prob/P/FL/stats.csv --stats2 /home/ubuntu/apps/election-app/win_prob/P/FL/stats2.csv --interval 30 --year 2026 --jsonl /home/ubuntu/apps/election-app/win_prob/P/FL/plotdata_FL_2026_2026-02-04T18-08-50.jsonl
[info] evaluating 1 timestamps from 2024-11-05T15-30-22 to 2024-11-05T15-30-22 every 30 minutes
[saved] probs_timeseries_FL.csv  (1 points)
[saved] /home/ubuntu/apps/election-app/win_prob/P/FL/plotdata_FL_2026_2026-02-04T18-08-50.jsonl  (4 points)
[saved] /home/ubuntu/apps/election-app/win_prob/P/FL/statewide_margin_pct_vs_percent_FL_2026_box.json
[saved] /home/ubuntu/apps/election-app/win_prob/P/FL/statewide_margin_pct_vs_percent_FL_2026_box.png
[saved] /home/ubuntu/apps/election-app/win_prob/P/FL/statewide_margin_pct_vs_percent_FL_2026.png

All 50 states complete. See: /home/ubuntu/apps/election-app/win_prob/P/FL

$ /home/ubuntu/.venv/bin/python3 /home/ubuntu/apps/election-app/stats/8.py --root /home/ubuntu/apps/election-app/win_prob/P/FL/_work --outdir /home/ubuntu/apps/election-app/win_prob/P/FL
[info] root  = /home/ubuntu/apps/election-app/win_prob/P/FL/_work
[info] outdir= /home/ubuntu/apps/election-app/win_prob/P/FL
[deleted] /home/ubuntu/apps/election-app/win_prob/P/FL/_work/stats_with_statewide.csv
[deleted] /home/ubuntu/apps/election-app/win_prob/P/FL/_work/stats2_final_headers.csv
[deleted] /home/ubuntu/apps/election-app/win_prob/P/FL/_work/2024_county_results_with_final-old.csv
[deleted] /home/ubuntu/apps/election-app/win_prob/P/FL/_work/2024_county_results_with_final.csv
[deleted] /home/ubuntu/apps/election-app/win_prob/P/FL/_work/2024_county_results_with_final_1.csv
[deleted] /home/ubuntu/apps/election-app/win_prob/P/FL/_work/2024_county_results_with_calcs-old.csv
[deleted] /home/ubuntu/apps/election-app/win_prob/P/FL/_work/2024_county_results_with_calcs_new.csv
[deleted] /home/ubuntu/apps/election-app/win_prob/P/FL/_work/output_statewide_stats.csv
[skip]    /home/ubuntu/apps/election-app/win_prob/P/FL/_work/probs_timeseries_PA.csv
[deleted] /home/ubuntu/apps/election-app/win_prob/P/FL/_work/2024_county_results_with_calcs.csv
[skip]    /home/ubuntu/apps/election-app/win_prob/P/FL/data_output.csv
[skip]    /home/ubuntu/apps/election-app/win_prob/P/FL/data_output_with_margins_old.csv
[skip]    /home/ubuntu/apps/election-app/win_prob/P/FL/data_output_with_margins.csv
[skip]    /home/ubuntu/apps/election-app/win_prob/P/FL/data_output_with_margins-statewide.csv
[deleted] /home/ubuntu/apps/election-app/win_prob/P/FL/snapshots_FL.csv
[deleted] /home/ubuntu/apps/election-app/win_prob/P/FL/data_output_FL.csv
[deleted] /home/ubuntu/apps/election-app/win_prob/P/FL/data_output_FL_with_margins_statewide_eevp.csv
[deleted] /home/ubuntu/apps/election-app/win_prob/P/FL/data_output_FL_with_margins.csv
[deleted] /home/ubuntu/apps/election-app/win_prob/P/FL/data_output_FL.csv.checkpoint.json
[deleted] /home/ubuntu/apps/election-app/win_prob/P/FL/stats.csv
[deleted] /home/ubuntu/apps/election-app/win_prob/P/FL/stats2.csv
[done] removed 16 file(s)
