[2026-01-24 01:36:32] INFO: [PIPELINE] args: office=P state=SC district=None
[2026-01-24 01:36:32] INFO: [PIPELINE] WINPROB_DIR resolved to: /home/ubuntu/apps/election-app/win_prob/P/SC
[2026-01-24 01:36:32] INFO: [PIPELINE] OUTDIR set to: /home/ubuntu/apps/election-app/win_prob/P/SC

$ /home/ubuntu/.venv/bin/python3 /home/ubuntu/apps/election-app/stats/1-statewide.py --input /home/ubuntu/apps/election-app/win_prob/P/SC/stats.csv --output /home/ubuntu/apps/election-app/win_prob/P/SC/_work/stats_with_statewide.csv
Wrote /home/ubuntu/apps/election-app/win_prob/P/SC/_work/stats_with_statewide.csv (rows=46)

$ /home/ubuntu/.venv/bin/python3 /home/ubuntu/apps/election-app/stats/1-stats-2.py --input /home/ubuntu/apps/election-app/win_prob/P/SC/stats2.csv --output /home/ubuntu/apps/election-app/win_prob/P/SC/_work/stats2_final_headers.csv
Wrote /home/ubuntu/apps/election-app/win_prob/P/SC/_work/stats2_final_headers.csv (rows=46)

$ /home/ubuntu/.venv/bin/python3 /home/ubuntu/apps/election-app/stats/1-append-new.py
Wrote 2024_county_results_with_final-old.csv (rows=46, missing_final_matches=0)

$ /home/ubuntu/.venv/bin/python3 /home/ubuntu/apps/election-app/stats/1-change_header.py
Wrote: 2024_county_results_with_final.csv

$ /home/ubuntu/.venv/bin/python3 /home/ubuntu/apps/election-app/stats/1-cut-zero-fips.py
Wrote: 2024_county_results_with_final_1.csv
Rows before: 46
Rows after:  46
Dropped (fips == 0): 0

$ /home/ubuntu/.venv/bin/python3 /home/ubuntu/apps/election-app/stats/2-calc.py
Wrote 46 rows with calculations to /home/ubuntu/apps/election-app/win_prob/P/SC/_work/2024_county_results_with_calcs-old.csv

$ /home/ubuntu/.venv/bin/python3 /home/ubuntu/apps/election-app/stats/2-eevp.py
Wrote (no-op copy): 2024_county_results_with_calcs.csv
Columns:
 - timestamp
 - state
 - county
 - fips
 - trump_votes
 - harris_votes
 - other_votes
 - eevp
 - state_eevp
 - harris_votes_statewide
 - trump_votes_statewide
 - other_votes_statewide
 - final_state
 - final_county
 - final_fips
 - final_trump_votes
 - final_harris_votes
 - final_other_votes
 - harris_percent_snapshot
 - trump_percent_snapshot
 - margin_snapshot
 - harris_percent_final
 - trump_percent_final
 - margin_final
 - margin_difference
 - margin_difference_abs

$ /home/ubuntu/.venv/bin/python3 /home/ubuntu/apps/election-app/stats/3-calc-new.py
Wrote 46 rows with new columns to /home/ubuntu/apps/election-app/win_prob/P/SC/_work/2024_county_results_with_calcs_new.csv

$ /home/ubuntu/.venv/bin/python3 /home/ubuntu/apps/election-app/stats/4-stats.py
Reading 2024_county_results_with_calcs_new.csv...
Aggregating statewide totals...
Calculating percentages and margins...
Writing to output_statewide_stats.csv...
Done!
[2026-01-24 01:36:42] INFO: [PIPELINE] ENTER win-prob generation | states=['SC'] ts_list=['2024-11-05T15-30-22']

============================================================================
[01/1] STATE = SC
============================================================================

$ /home/ubuntu/.venv/bin/python3 /home/ubuntu/apps/election-app/stats/5-snapshots.py --state SC --input /home/ubuntu/apps/election-app/win_prob/P/SC/_work/output_statewide_stats.csv --output /home/ubuntu/apps/election-app/win_prob/P/SC/snapshots_SC.csv --start 2024-11-05T15-30-22 --end 2024-11-05T15-30-22 --use-window 1 --interval 30
Mode: windowed-one-state
Rows written: 46
Distinct states in output: SC
Rows per normalized timestamp (empty = unparseable):
  2024-11-05T15-30-22: 46
Wrote /home/ubuntu/apps/election-app/win_prob/P/SC/snapshots_SC.csv

$ /home/ubuntu/.venv/bin/python3 /home/ubuntu/apps/election-app/stats/6-pval.py /home/ubuntu/apps/election-app/win_prob/P/SC/snapshots_SC.csv -t /home/ubuntu/apps/election-app/stats/parameters.csv -o /home/ubuntu/apps/election-app/win_prob/P/SC/data_output_SC.csv -c 50
Done. Wrote: /home/ubuntu/apps/election-app/win_prob/P/SC/data_output_SC.csv
Total rows: 46 (chunked, resumable).
Computed columns for PVALS = [0.01, 0.1, 1, 2, 3, 5, 10, 15, 20, 25, 30, 35, 40, 45, 50, 55, 60, 65, 70, 75, 80, 85, 90, 95, 97, 98, 99, 99.9, 99.99]
Per p (leader): shift_{p}, margin_new_{p}, harris_percent_new_{p}, trump_percent_new_{p}, total_snapshot_{p}, total_expected_{p}, harris_votes_new_{p}, trump_votes_new_{p}
Per p (trailing): shift_trailing_{p}, margin_new_{p}_trailing, harris_percent_new_{p}_trailing, trump_percent_new_{p}_trailing, total_snapshot_{p}_trailing, total_expected_{p}_trailing, harris_votes_new_{p}_trailing, trump_votes_new_{p}_trailing
Checkpoint saved at: /home/ubuntu/apps/election-app/win_prob/P/SC/data_output_SC.csv.checkpoint.json

$ /home/ubuntu/.venv/bin/python3 /home/ubuntu/apps/election-app/stats/7-margin-new.py
Wrote data_output_with_margins_old.csv

$ /home/ubuntu/.venv/bin/python3 /home/ubuntu/apps/election-app/stats/7-eevp-statewide.py
Wrote data_output_with_margins.csv (copied from data_output_with_margins_old.csv)

$ /home/ubuntu/.venv/bin/python3 /home/ubuntu/apps/election-app/stats/7.py --input /home/ubuntu/apps/election-app/win_prob/P/SC/data_output_SC_with_margins_statewide_eevp.csv --output /home/ubuntu/apps/election-app/win_prob/P/SC/statewide_margin_pct_vs_percent_SC_2026.png --state SC --start 2024-11-05T15-30-22 --end 2024-11-05T15-30-22 --stats /home/ubuntu/apps/election-app/win_prob/P/SC/stats.csv --stats2 /home/ubuntu/apps/election-app/win_prob/P/SC/stats2.csv --interval 30 --year 2026 --jsonl /home/ubuntu/apps/election-app/win_prob/P/SC/plotdata_SC_2026_2026-01-24T01-36-32.jsonl
[info] evaluating 1 timestamps from 2024-11-05T15-30-22 to 2024-11-05T15-30-22 every 30 minutes
[saved] probs_timeseries_SC.csv  (1 points)
[saved] /home/ubuntu/apps/election-app/win_prob/P/SC/plotdata_SC_2026_2026-01-24T01-36-32.jsonl  (0 points)
[saved] /home/ubuntu/apps/election-app/win_prob/P/SC/statewide_margin_pct_vs_percent_SC_2026_box.json
[saved] /home/ubuntu/apps/election-app/win_prob/P/SC/statewide_margin_pct_vs_percent_SC_2026_box.png
[saved] /home/ubuntu/apps/election-app/win_prob/P/SC/statewide_margin_pct_vs_percent_SC_2026.png

All 50 states complete. See: /home/ubuntu/apps/election-app/win_prob/P/SC

$ /home/ubuntu/.venv/bin/python3 /home/ubuntu/apps/election-app/stats/8.py --root /home/ubuntu/apps/election-app/win_prob/P/SC/_work --outdir /home/ubuntu/apps/election-app/win_prob/P/SC
[info] root  = /home/ubuntu/apps/election-app/win_prob/P/SC/_work
[info] outdir= /home/ubuntu/apps/election-app/win_prob/P/SC
[deleted] /home/ubuntu/apps/election-app/win_prob/P/SC/_work/stats_with_statewide.csv
[deleted] /home/ubuntu/apps/election-app/win_prob/P/SC/_work/stats2_final_headers.csv
[deleted] /home/ubuntu/apps/election-app/win_prob/P/SC/_work/2024_county_results_with_final-old.csv
[deleted] /home/ubuntu/apps/election-app/win_prob/P/SC/_work/2024_county_results_with_final.csv
[deleted] /home/ubuntu/apps/election-app/win_prob/P/SC/_work/2024_county_results_with_final_1.csv
[deleted] /home/ubuntu/apps/election-app/win_prob/P/SC/_work/2024_county_results_with_calcs-old.csv
[deleted] /home/ubuntu/apps/election-app/win_prob/P/SC/_work/2024_county_results_with_calcs_new.csv
[deleted] /home/ubuntu/apps/election-app/win_prob/P/SC/_work/output_statewide_stats.csv
[skip]    /home/ubuntu/apps/election-app/win_prob/P/SC/_work/probs_timeseries_PA.csv
[deleted] /home/ubuntu/apps/election-app/win_prob/P/SC/_work/2024_county_results_with_calcs.csv
[skip]    /home/ubuntu/apps/election-app/win_prob/P/SC/data_output.csv
[skip]    /home/ubuntu/apps/election-app/win_prob/P/SC/data_output_with_margins_old.csv
[skip]    /home/ubuntu/apps/election-app/win_prob/P/SC/data_output_with_margins.csv
[skip]    /home/ubuntu/apps/election-app/win_prob/P/SC/data_output_with_margins-statewide.csv
[deleted] /home/ubuntu/apps/election-app/win_prob/P/SC/snapshots_SC.csv
[deleted] /home/ubuntu/apps/election-app/win_prob/P/SC/data_output_SC_with_margins_statewide_eevp.csv
[deleted] /home/ubuntu/apps/election-app/win_prob/P/SC/data_output_SC.csv
[deleted] /home/ubuntu/apps/election-app/win_prob/P/SC/data_output_SC_with_margins.csv
[deleted] /home/ubuntu/apps/election-app/win_prob/P/SC/data_output_SC.csv.checkpoint.json
[deleted] /home/ubuntu/apps/election-app/win_prob/P/SC/stats.csv
[deleted] /home/ubuntu/apps/election-app/win_prob/P/SC/stats2.csv
[done] removed 16 file(s)
[2026-01-24 01:43:34] INFO: [PIPELINE] args: office=P state=SC district=None
[2026-01-24 01:43:34] INFO: [PIPELINE] WINPROB_DIR resolved to: /home/ubuntu/apps/election-app/win_prob/P/SC
[2026-01-24 01:43:34] INFO: [PIPELINE] OUTDIR set to: /home/ubuntu/apps/election-app/win_prob/P/SC

$ /home/ubuntu/.venv/bin/python3 /home/ubuntu/apps/election-app/stats/1-statewide.py --input /home/ubuntu/apps/election-app/win_prob/P/SC/stats.csv --output /home/ubuntu/apps/election-app/win_prob/P/SC/_work/stats_with_statewide.csv
Wrote /home/ubuntu/apps/election-app/win_prob/P/SC/_work/stats_with_statewide.csv (rows=46)

$ /home/ubuntu/.venv/bin/python3 /home/ubuntu/apps/election-app/stats/1-stats-2.py --input /home/ubuntu/apps/election-app/win_prob/P/SC/stats2.csv --output /home/ubuntu/apps/election-app/win_prob/P/SC/_work/stats2_final_headers.csv
Wrote /home/ubuntu/apps/election-app/win_prob/P/SC/_work/stats2_final_headers.csv (rows=46)

$ /home/ubuntu/.venv/bin/python3 /home/ubuntu/apps/election-app/stats/1-append-new.py
Wrote 2024_county_results_with_final-old.csv (rows=46, missing_final_matches=0)

$ /home/ubuntu/.venv/bin/python3 /home/ubuntu/apps/election-app/stats/1-change_header.py
Wrote: 2024_county_results_with_final.csv

$ /home/ubuntu/.venv/bin/python3 /home/ubuntu/apps/election-app/stats/1-cut-zero-fips.py
Wrote: 2024_county_results_with_final_1.csv
Rows before: 46
Rows after:  46
Dropped (fips == 0): 0

$ /home/ubuntu/.venv/bin/python3 /home/ubuntu/apps/election-app/stats/2-calc.py
Wrote 46 rows with calculations to /home/ubuntu/apps/election-app/win_prob/P/SC/_work/2024_county_results_with_calcs-old.csv

$ /home/ubuntu/.venv/bin/python3 /home/ubuntu/apps/election-app/stats/2-eevp.py
Wrote (no-op copy): 2024_county_results_with_calcs.csv
Columns:
 - timestamp
 - state
 - county
 - fips
 - trump_votes
 - harris_votes
 - other_votes
 - eevp
 - state_eevp
 - harris_votes_statewide
 - trump_votes_statewide
 - other_votes_statewide
 - final_state
 - final_county
 - final_fips
 - final_trump_votes
 - final_harris_votes
 - final_other_votes
 - harris_percent_snapshot
 - trump_percent_snapshot
 - margin_snapshot
 - harris_percent_final
 - trump_percent_final
 - margin_final
 - margin_difference
 - margin_difference_abs

$ /home/ubuntu/.venv/bin/python3 /home/ubuntu/apps/election-app/stats/3-calc-new.py
Wrote 46 rows with new columns to /home/ubuntu/apps/election-app/win_prob/P/SC/_work/2024_county_results_with_calcs_new.csv

$ /home/ubuntu/.venv/bin/python3 /home/ubuntu/apps/election-app/stats/4-stats.py
Reading 2024_county_results_with_calcs_new.csv...
Aggregating statewide totals...
Calculating percentages and margins...
Writing to output_statewide_stats.csv...
Done!
[2026-01-24 01:43:44] INFO: [PIPELINE] ENTER win-prob generation | states=['SC'] ts_list=['2024-11-05T15-30-22']

============================================================================
[01/1] STATE = SC
============================================================================

$ /home/ubuntu/.venv/bin/python3 /home/ubuntu/apps/election-app/stats/5-snapshots.py --state SC --input /home/ubuntu/apps/election-app/win_prob/P/SC/_work/output_statewide_stats.csv --output /home/ubuntu/apps/election-app/win_prob/P/SC/snapshots_SC.csv --start 2024-11-05T15-30-22 --end 2024-11-05T15-30-22 --use-window 1 --interval 30
Mode: windowed-one-state
Rows written: 46
Distinct states in output: SC
Rows per normalized timestamp (empty = unparseable):
  2024-11-05T15-30-22: 46
Wrote /home/ubuntu/apps/election-app/win_prob/P/SC/snapshots_SC.csv

$ /home/ubuntu/.venv/bin/python3 /home/ubuntu/apps/election-app/stats/6-pval.py /home/ubuntu/apps/election-app/win_prob/P/SC/snapshots_SC.csv -t /home/ubuntu/apps/election-app/stats/parameters.csv -o /home/ubuntu/apps/election-app/win_prob/P/SC/data_output_SC.csv -c 50
Done. Wrote: /home/ubuntu/apps/election-app/win_prob/P/SC/data_output_SC.csv
Total rows: 46 (chunked, resumable).
Computed columns for PVALS = [0.01, 0.1, 1, 2, 3, 5, 10, 15, 20, 25, 30, 35, 40, 45, 50, 55, 60, 65, 70, 75, 80, 85, 90, 95, 97, 98, 99, 99.9, 99.99]
Per p (leader): shift_{p}, margin_new_{p}, harris_percent_new_{p}, trump_percent_new_{p}, total_snapshot_{p}, total_expected_{p}, harris_votes_new_{p}, trump_votes_new_{p}
Per p (trailing): shift_trailing_{p}, margin_new_{p}_trailing, harris_percent_new_{p}_trailing, trump_percent_new_{p}_trailing, total_snapshot_{p}_trailing, total_expected_{p}_trailing, harris_votes_new_{p}_trailing, trump_votes_new_{p}_trailing
Checkpoint saved at: /home/ubuntu/apps/election-app/win_prob/P/SC/data_output_SC.csv.checkpoint.json

$ /home/ubuntu/.venv/bin/python3 /home/ubuntu/apps/election-app/stats/7-margin-new.py
Wrote data_output_with_margins_old.csv

$ /home/ubuntu/.venv/bin/python3 /home/ubuntu/apps/election-app/stats/7-eevp-statewide.py
Wrote data_output_with_margins.csv (copied from data_output_with_margins_old.csv)

$ /home/ubuntu/.venv/bin/python3 /home/ubuntu/apps/election-app/stats/7.py --input /home/ubuntu/apps/election-app/win_prob/P/SC/data_output_SC_with_margins_statewide_eevp.csv --output /home/ubuntu/apps/election-app/win_prob/P/SC/statewide_margin_pct_vs_percent_SC_2026.png --state SC --start 2024-11-05T15-30-22 --end 2024-11-05T15-30-22 --stats /home/ubuntu/apps/election-app/win_prob/P/SC/stats.csv --stats2 /home/ubuntu/apps/election-app/win_prob/P/SC/stats2.csv --interval 30 --year 2026 --jsonl /home/ubuntu/apps/election-app/win_prob/P/SC/plotdata_SC_2026_2026-01-24T01-43-34.jsonl
[info] evaluating 1 timestamps from 2024-11-05T15-30-22 to 2024-11-05T15-30-22 every 30 minutes
[saved] probs_timeseries_SC.csv  (1 points)
[saved] /home/ubuntu/apps/election-app/win_prob/P/SC/plotdata_SC_2026_2026-01-24T01-43-34.jsonl  (4 points)
[saved] /home/ubuntu/apps/election-app/win_prob/P/SC/statewide_margin_pct_vs_percent_SC_2026_box.json
[saved] /home/ubuntu/apps/election-app/win_prob/P/SC/statewide_margin_pct_vs_percent_SC_2026_box.png
[saved] /home/ubuntu/apps/election-app/win_prob/P/SC/statewide_margin_pct_vs_percent_SC_2026.png

All 50 states complete. See: /home/ubuntu/apps/election-app/win_prob/P/SC

$ /home/ubuntu/.venv/bin/python3 /home/ubuntu/apps/election-app/stats/8.py --root /home/ubuntu/apps/election-app/win_prob/P/SC/_work --outdir /home/ubuntu/apps/election-app/win_prob/P/SC
[info] root  = /home/ubuntu/apps/election-app/win_prob/P/SC/_work
[info] outdir= /home/ubuntu/apps/election-app/win_prob/P/SC
[deleted] /home/ubuntu/apps/election-app/win_prob/P/SC/_work/stats_with_statewide.csv
[deleted] /home/ubuntu/apps/election-app/win_prob/P/SC/_work/stats2_final_headers.csv
[deleted] /home/ubuntu/apps/election-app/win_prob/P/SC/_work/2024_county_results_with_final-old.csv
[deleted] /home/ubuntu/apps/election-app/win_prob/P/SC/_work/2024_county_results_with_final.csv
[deleted] /home/ubuntu/apps/election-app/win_prob/P/SC/_work/2024_county_results_with_final_1.csv
[deleted] /home/ubuntu/apps/election-app/win_prob/P/SC/_work/2024_county_results_with_calcs-old.csv
[deleted] /home/ubuntu/apps/election-app/win_prob/P/SC/_work/2024_county_results_with_calcs_new.csv
[deleted] /home/ubuntu/apps/election-app/win_prob/P/SC/_work/output_statewide_stats.csv
[skip]    /home/ubuntu/apps/election-app/win_prob/P/SC/_work/probs_timeseries_PA.csv
[deleted] /home/ubuntu/apps/election-app/win_prob/P/SC/_work/2024_county_results_with_calcs.csv
[skip]    /home/ubuntu/apps/election-app/win_prob/P/SC/data_output.csv
[skip]    /home/ubuntu/apps/election-app/win_prob/P/SC/data_output_with_margins_old.csv
[skip]    /home/ubuntu/apps/election-app/win_prob/P/SC/data_output_with_margins.csv
[skip]    /home/ubuntu/apps/election-app/win_prob/P/SC/data_output_with_margins-statewide.csv
[deleted] /home/ubuntu/apps/election-app/win_prob/P/SC/snapshots_SC.csv
[deleted] /home/ubuntu/apps/election-app/win_prob/P/SC/data_output_SC_with_margins_statewide_eevp.csv
[deleted] /home/ubuntu/apps/election-app/win_prob/P/SC/data_output_SC.csv
[deleted] /home/ubuntu/apps/election-app/win_prob/P/SC/data_output_SC_with_margins.csv
[deleted] /home/ubuntu/apps/election-app/win_prob/P/SC/data_output_SC.csv.checkpoint.json
[deleted] /home/ubuntu/apps/election-app/win_prob/P/SC/stats.csv
[deleted] /home/ubuntu/apps/election-app/win_prob/P/SC/stats2.csv
[done] removed 16 file(s)
[2026-01-24 01:50:36] INFO: [PIPELINE] args: office=P state=SC district=None
[2026-01-24 01:50:36] INFO: [PIPELINE] WINPROB_DIR resolved to: /home/ubuntu/apps/election-app/win_prob/P/SC
[2026-01-24 01:50:36] INFO: [PIPELINE] OUTDIR set to: /home/ubuntu/apps/election-app/win_prob/P/SC

$ /home/ubuntu/.venv/bin/python3 /home/ubuntu/apps/election-app/stats/1-statewide.py --input /home/ubuntu/apps/election-app/win_prob/P/SC/stats.csv --output /home/ubuntu/apps/election-app/win_prob/P/SC/_work/stats_with_statewide.csv
Wrote /home/ubuntu/apps/election-app/win_prob/P/SC/_work/stats_with_statewide.csv (rows=46)

$ /home/ubuntu/.venv/bin/python3 /home/ubuntu/apps/election-app/stats/1-stats-2.py --input /home/ubuntu/apps/election-app/win_prob/P/SC/stats2.csv --output /home/ubuntu/apps/election-app/win_prob/P/SC/_work/stats2_final_headers.csv
Wrote /home/ubuntu/apps/election-app/win_prob/P/SC/_work/stats2_final_headers.csv (rows=46)

$ /home/ubuntu/.venv/bin/python3 /home/ubuntu/apps/election-app/stats/1-append-new.py
Wrote 2024_county_results_with_final-old.csv (rows=46, missing_final_matches=0)

$ /home/ubuntu/.venv/bin/python3 /home/ubuntu/apps/election-app/stats/1-change_header.py
Wrote: 2024_county_results_with_final.csv

$ /home/ubuntu/.venv/bin/python3 /home/ubuntu/apps/election-app/stats/1-cut-zero-fips.py
Wrote: 2024_county_results_with_final_1.csv
Rows before: 46
Rows after:  46
Dropped (fips == 0): 0

$ /home/ubuntu/.venv/bin/python3 /home/ubuntu/apps/election-app/stats/2-calc.py
Wrote 46 rows with calculations to /home/ubuntu/apps/election-app/win_prob/P/SC/_work/2024_county_results_with_calcs-old.csv

$ /home/ubuntu/.venv/bin/python3 /home/ubuntu/apps/election-app/stats/2-eevp.py
Wrote (no-op copy): 2024_county_results_with_calcs.csv
Columns:
 - timestamp
 - state
 - county
 - fips
 - trump_votes
 - harris_votes
 - other_votes
 - eevp
 - state_eevp
 - harris_votes_statewide
 - trump_votes_statewide
 - other_votes_statewide
 - final_state
 - final_county
 - final_fips
 - final_trump_votes
 - final_harris_votes
 - final_other_votes
 - harris_percent_snapshot
 - trump_percent_snapshot
 - margin_snapshot
 - harris_percent_final
 - trump_percent_final
 - margin_final
 - margin_difference
 - margin_difference_abs

$ /home/ubuntu/.venv/bin/python3 /home/ubuntu/apps/election-app/stats/3-calc-new.py
Wrote 46 rows with new columns to /home/ubuntu/apps/election-app/win_prob/P/SC/_work/2024_county_results_with_calcs_new.csv

$ /home/ubuntu/.venv/bin/python3 /home/ubuntu/apps/election-app/stats/4-stats.py
Reading 2024_county_results_with_calcs_new.csv...
Aggregating statewide totals...
Calculating percentages and margins...
Writing to output_statewide_stats.csv...
Done!
[2026-01-24 01:50:45] INFO: [PIPELINE] ENTER win-prob generation | states=['SC'] ts_list=['2024-11-05T15-30-22']

============================================================================
[01/1] STATE = SC
============================================================================

$ /home/ubuntu/.venv/bin/python3 /home/ubuntu/apps/election-app/stats/5-snapshots.py --state SC --input /home/ubuntu/apps/election-app/win_prob/P/SC/_work/output_statewide_stats.csv --output /home/ubuntu/apps/election-app/win_prob/P/SC/snapshots_SC.csv --start 2024-11-05T15-30-22 --end 2024-11-05T15-30-22 --use-window 1 --interval 30
Mode: windowed-one-state
Rows written: 46
Distinct states in output: SC
Rows per normalized timestamp (empty = unparseable):
  2024-11-05T15-30-22: 46
Wrote /home/ubuntu/apps/election-app/win_prob/P/SC/snapshots_SC.csv

$ /home/ubuntu/.venv/bin/python3 /home/ubuntu/apps/election-app/stats/6-pval.py /home/ubuntu/apps/election-app/win_prob/P/SC/snapshots_SC.csv -t /home/ubuntu/apps/election-app/stats/parameters.csv -o /home/ubuntu/apps/election-app/win_prob/P/SC/data_output_SC.csv -c 50
Done. Wrote: /home/ubuntu/apps/election-app/win_prob/P/SC/data_output_SC.csv
Total rows: 46 (chunked, resumable).
Computed columns for PVALS = [0.01, 0.1, 1, 2, 3, 5, 10, 15, 20, 25, 30, 35, 40, 45, 50, 55, 60, 65, 70, 75, 80, 85, 90, 95, 97, 98, 99, 99.9, 99.99]
Per p (leader): shift_{p}, margin_new_{p}, harris_percent_new_{p}, trump_percent_new_{p}, total_snapshot_{p}, total_expected_{p}, harris_votes_new_{p}, trump_votes_new_{p}
Per p (trailing): shift_trailing_{p}, margin_new_{p}_trailing, harris_percent_new_{p}_trailing, trump_percent_new_{p}_trailing, total_snapshot_{p}_trailing, total_expected_{p}_trailing, harris_votes_new_{p}_trailing, trump_votes_new_{p}_trailing
Checkpoint saved at: /home/ubuntu/apps/election-app/win_prob/P/SC/data_output_SC.csv.checkpoint.json

$ /home/ubuntu/.venv/bin/python3 /home/ubuntu/apps/election-app/stats/7-margin-new.py
Wrote data_output_with_margins_old.csv

$ /home/ubuntu/.venv/bin/python3 /home/ubuntu/apps/election-app/stats/7-eevp-statewide.py
Wrote data_output_with_margins.csv (copied from data_output_with_margins_old.csv)

$ /home/ubuntu/.venv/bin/python3 /home/ubuntu/apps/election-app/stats/7.py --input /home/ubuntu/apps/election-app/win_prob/P/SC/data_output_SC_with_margins_statewide_eevp.csv --output /home/ubuntu/apps/election-app/win_prob/P/SC/statewide_margin_pct_vs_percent_SC_2026.png --state SC --start 2024-11-05T15-30-22 --end 2024-11-05T15-30-22 --stats /home/ubuntu/apps/election-app/win_prob/P/SC/stats.csv --stats2 /home/ubuntu/apps/election-app/win_prob/P/SC/stats2.csv --interval 30 --year 2026 --jsonl /home/ubuntu/apps/election-app/win_prob/P/SC/plotdata_SC_2026_2026-01-24T01-50-36.jsonl
[info] evaluating 1 timestamps from 2024-11-05T15-30-22 to 2024-11-05T15-30-22 every 30 minutes
[saved] probs_timeseries_SC.csv  (1 points)
[saved] /home/ubuntu/apps/election-app/win_prob/P/SC/plotdata_SC_2026_2026-01-24T01-50-36.jsonl  (4 points)
[saved] /home/ubuntu/apps/election-app/win_prob/P/SC/statewide_margin_pct_vs_percent_SC_2026_box.json
[saved] /home/ubuntu/apps/election-app/win_prob/P/SC/statewide_margin_pct_vs_percent_SC_2026_box.png
[saved] /home/ubuntu/apps/election-app/win_prob/P/SC/statewide_margin_pct_vs_percent_SC_2026.png

All 50 states complete. See: /home/ubuntu/apps/election-app/win_prob/P/SC

$ /home/ubuntu/.venv/bin/python3 /home/ubuntu/apps/election-app/stats/8.py --root /home/ubuntu/apps/election-app/win_prob/P/SC/_work --outdir /home/ubuntu/apps/election-app/win_prob/P/SC
[info] root  = /home/ubuntu/apps/election-app/win_prob/P/SC/_work
[info] outdir= /home/ubuntu/apps/election-app/win_prob/P/SC
[deleted] /home/ubuntu/apps/election-app/win_prob/P/SC/_work/stats_with_statewide.csv
[deleted] /home/ubuntu/apps/election-app/win_prob/P/SC/_work/stats2_final_headers.csv
[deleted] /home/ubuntu/apps/election-app/win_prob/P/SC/_work/2024_county_results_with_final-old.csv
[deleted] /home/ubuntu/apps/election-app/win_prob/P/SC/_work/2024_county_results_with_final.csv
[deleted] /home/ubuntu/apps/election-app/win_prob/P/SC/_work/2024_county_results_with_final_1.csv
[deleted] /home/ubuntu/apps/election-app/win_prob/P/SC/_work/2024_county_results_with_calcs-old.csv
[deleted] /home/ubuntu/apps/election-app/win_prob/P/SC/_work/2024_county_results_with_calcs_new.csv
[deleted] /home/ubuntu/apps/election-app/win_prob/P/SC/_work/output_statewide_stats.csv
[skip]    /home/ubuntu/apps/election-app/win_prob/P/SC/_work/probs_timeseries_PA.csv
[deleted] /home/ubuntu/apps/election-app/win_prob/P/SC/_work/2024_county_results_with_calcs.csv
[skip]    /home/ubuntu/apps/election-app/win_prob/P/SC/data_output.csv
[skip]    /home/ubuntu/apps/election-app/win_prob/P/SC/data_output_with_margins_old.csv
[skip]    /home/ubuntu/apps/election-app/win_prob/P/SC/data_output_with_margins.csv
[skip]    /home/ubuntu/apps/election-app/win_prob/P/SC/data_output_with_margins-statewide.csv
[deleted] /home/ubuntu/apps/election-app/win_prob/P/SC/snapshots_SC.csv
[deleted] /home/ubuntu/apps/election-app/win_prob/P/SC/data_output_SC_with_margins_statewide_eevp.csv
[deleted] /home/ubuntu/apps/election-app/win_prob/P/SC/data_output_SC.csv
[deleted] /home/ubuntu/apps/election-app/win_prob/P/SC/data_output_SC_with_margins.csv
[deleted] /home/ubuntu/apps/election-app/win_prob/P/SC/data_output_SC.csv.checkpoint.json
[deleted] /home/ubuntu/apps/election-app/win_prob/P/SC/stats.csv
[deleted] /home/ubuntu/apps/election-app/win_prob/P/SC/stats2.csv
[done] removed 16 file(s)
[2026-01-24 01:57:38] INFO: [PIPELINE] args: office=P state=SC district=None
[2026-01-24 01:57:38] INFO: [PIPELINE] WINPROB_DIR resolved to: /home/ubuntu/apps/election-app/win_prob/P/SC
[2026-01-24 01:57:38] INFO: [PIPELINE] OUTDIR set to: /home/ubuntu/apps/election-app/win_prob/P/SC

$ /home/ubuntu/.venv/bin/python3 /home/ubuntu/apps/election-app/stats/1-statewide.py --input /home/ubuntu/apps/election-app/win_prob/P/SC/stats.csv --output /home/ubuntu/apps/election-app/win_prob/P/SC/_work/stats_with_statewide.csv
Wrote /home/ubuntu/apps/election-app/win_prob/P/SC/_work/stats_with_statewide.csv (rows=46)

$ /home/ubuntu/.venv/bin/python3 /home/ubuntu/apps/election-app/stats/1-stats-2.py --input /home/ubuntu/apps/election-app/win_prob/P/SC/stats2.csv --output /home/ubuntu/apps/election-app/win_prob/P/SC/_work/stats2_final_headers.csv
Wrote /home/ubuntu/apps/election-app/win_prob/P/SC/_work/stats2_final_headers.csv (rows=46)

$ /home/ubuntu/.venv/bin/python3 /home/ubuntu/apps/election-app/stats/1-append-new.py
Wrote 2024_county_results_with_final-old.csv (rows=46, missing_final_matches=0)

$ /home/ubuntu/.venv/bin/python3 /home/ubuntu/apps/election-app/stats/1-change_header.py
Wrote: 2024_county_results_with_final.csv

$ /home/ubuntu/.venv/bin/python3 /home/ubuntu/apps/election-app/stats/1-cut-zero-fips.py
Wrote: 2024_county_results_with_final_1.csv
Rows before: 46
Rows after:  46
Dropped (fips == 0): 0

$ /home/ubuntu/.venv/bin/python3 /home/ubuntu/apps/election-app/stats/2-calc.py
Wrote 46 rows with calculations to /home/ubuntu/apps/election-app/win_prob/P/SC/_work/2024_county_results_with_calcs-old.csv

$ /home/ubuntu/.venv/bin/python3 /home/ubuntu/apps/election-app/stats/2-eevp.py
Wrote (no-op copy): 2024_county_results_with_calcs.csv
Columns:
 - timestamp
 - state
 - county
 - fips
 - trump_votes
 - harris_votes
 - other_votes
 - eevp
 - state_eevp
 - harris_votes_statewide
 - trump_votes_statewide
 - other_votes_statewide
 - final_state
 - final_county
 - final_fips
 - final_trump_votes
 - final_harris_votes
 - final_other_votes
 - harris_percent_snapshot
 - trump_percent_snapshot
 - margin_snapshot
 - harris_percent_final
 - trump_percent_final
 - margin_final
 - margin_difference
 - margin_difference_abs

$ /home/ubuntu/.venv/bin/python3 /home/ubuntu/apps/election-app/stats/3-calc-new.py
Wrote 46 rows with new columns to /home/ubuntu/apps/election-app/win_prob/P/SC/_work/2024_county_results_with_calcs_new.csv

$ /home/ubuntu/.venv/bin/python3 /home/ubuntu/apps/election-app/stats/4-stats.py
Reading 2024_county_results_with_calcs_new.csv...
Aggregating statewide totals...
Calculating percentages and margins...
Writing to output_statewide_stats.csv...
Done!
[2026-01-24 01:57:47] INFO: [PIPELINE] ENTER win-prob generation | states=['SC'] ts_list=['2024-11-05T15-30-22']

============================================================================
[01/1] STATE = SC
============================================================================

$ /home/ubuntu/.venv/bin/python3 /home/ubuntu/apps/election-app/stats/5-snapshots.py --state SC --input /home/ubuntu/apps/election-app/win_prob/P/SC/_work/output_statewide_stats.csv --output /home/ubuntu/apps/election-app/win_prob/P/SC/snapshots_SC.csv --start 2024-11-05T15-30-22 --end 2024-11-05T15-30-22 --use-window 1 --interval 30
Mode: windowed-one-state
Rows written: 46
Distinct states in output: SC
Rows per normalized timestamp (empty = unparseable):
  2024-11-05T15-30-22: 46
Wrote /home/ubuntu/apps/election-app/win_prob/P/SC/snapshots_SC.csv

$ /home/ubuntu/.venv/bin/python3 /home/ubuntu/apps/election-app/stats/6-pval.py /home/ubuntu/apps/election-app/win_prob/P/SC/snapshots_SC.csv -t /home/ubuntu/apps/election-app/stats/parameters.csv -o /home/ubuntu/apps/election-app/win_prob/P/SC/data_output_SC.csv -c 50
Done. Wrote: /home/ubuntu/apps/election-app/win_prob/P/SC/data_output_SC.csv
Total rows: 46 (chunked, resumable).
Computed columns for PVALS = [0.01, 0.1, 1, 2, 3, 5, 10, 15, 20, 25, 30, 35, 40, 45, 50, 55, 60, 65, 70, 75, 80, 85, 90, 95, 97, 98, 99, 99.9, 99.99]
Per p (leader): shift_{p}, margin_new_{p}, harris_percent_new_{p}, trump_percent_new_{p}, total_snapshot_{p}, total_expected_{p}, harris_votes_new_{p}, trump_votes_new_{p}
Per p (trailing): shift_trailing_{p}, margin_new_{p}_trailing, harris_percent_new_{p}_trailing, trump_percent_new_{p}_trailing, total_snapshot_{p}_trailing, total_expected_{p}_trailing, harris_votes_new_{p}_trailing, trump_votes_new_{p}_trailing
Checkpoint saved at: /home/ubuntu/apps/election-app/win_prob/P/SC/data_output_SC.csv.checkpoint.json

$ /home/ubuntu/.venv/bin/python3 /home/ubuntu/apps/election-app/stats/7-margin-new.py
Wrote data_output_with_margins_old.csv

$ /home/ubuntu/.venv/bin/python3 /home/ubuntu/apps/election-app/stats/7-eevp-statewide.py
Wrote data_output_with_margins.csv (copied from data_output_with_margins_old.csv)

$ /home/ubuntu/.venv/bin/python3 /home/ubuntu/apps/election-app/stats/7.py --input /home/ubuntu/apps/election-app/win_prob/P/SC/data_output_SC_with_margins_statewide_eevp.csv --output /home/ubuntu/apps/election-app/win_prob/P/SC/statewide_margin_pct_vs_percent_SC_2026.png --state SC --start 2024-11-05T15-30-22 --end 2024-11-05T15-30-22 --stats /home/ubuntu/apps/election-app/win_prob/P/SC/stats.csv --stats2 /home/ubuntu/apps/election-app/win_prob/P/SC/stats2.csv --interval 30 --year 2026 --jsonl /home/ubuntu/apps/election-app/win_prob/P/SC/plotdata_SC_2026_2026-01-24T01-57-38.jsonl
[info] evaluating 1 timestamps from 2024-11-05T15-30-22 to 2024-11-05T15-30-22 every 30 minutes
[saved] probs_timeseries_SC.csv  (1 points)
[saved] /home/ubuntu/apps/election-app/win_prob/P/SC/plotdata_SC_2026_2026-01-24T01-57-38.jsonl  (4 points)
[saved] /home/ubuntu/apps/election-app/win_prob/P/SC/statewide_margin_pct_vs_percent_SC_2026_box.json
[saved] /home/ubuntu/apps/election-app/win_prob/P/SC/statewide_margin_pct_vs_percent_SC_2026_box.png
[saved] /home/ubuntu/apps/election-app/win_prob/P/SC/statewide_margin_pct_vs_percent_SC_2026.png

All 50 states complete. See: /home/ubuntu/apps/election-app/win_prob/P/SC

$ /home/ubuntu/.venv/bin/python3 /home/ubuntu/apps/election-app/stats/8.py --root /home/ubuntu/apps/election-app/win_prob/P/SC/_work --outdir /home/ubuntu/apps/election-app/win_prob/P/SC
[info] root  = /home/ubuntu/apps/election-app/win_prob/P/SC/_work
[info] outdir= /home/ubuntu/apps/election-app/win_prob/P/SC
[deleted] /home/ubuntu/apps/election-app/win_prob/P/SC/_work/stats_with_statewide.csv
[deleted] /home/ubuntu/apps/election-app/win_prob/P/SC/_work/stats2_final_headers.csv
[deleted] /home/ubuntu/apps/election-app/win_prob/P/SC/_work/2024_county_results_with_final-old.csv
[deleted] /home/ubuntu/apps/election-app/win_prob/P/SC/_work/2024_county_results_with_final.csv
[deleted] /home/ubuntu/apps/election-app/win_prob/P/SC/_work/2024_county_results_with_final_1.csv
[deleted] /home/ubuntu/apps/election-app/win_prob/P/SC/_work/2024_county_results_with_calcs-old.csv
[deleted] /home/ubuntu/apps/election-app/win_prob/P/SC/_work/2024_county_results_with_calcs_new.csv
[deleted] /home/ubuntu/apps/election-app/win_prob/P/SC/_work/output_statewide_stats.csv
[skip]    /home/ubuntu/apps/election-app/win_prob/P/SC/_work/probs_timeseries_PA.csv
[deleted] /home/ubuntu/apps/election-app/win_prob/P/SC/_work/2024_county_results_with_calcs.csv
[skip]    /home/ubuntu/apps/election-app/win_prob/P/SC/data_output.csv
[skip]    /home/ubuntu/apps/election-app/win_prob/P/SC/data_output_with_margins_old.csv
[skip]    /home/ubuntu/apps/election-app/win_prob/P/SC/data_output_with_margins.csv
[skip]    /home/ubuntu/apps/election-app/win_prob/P/SC/data_output_with_margins-statewide.csv
[deleted] /home/ubuntu/apps/election-app/win_prob/P/SC/snapshots_SC.csv
[deleted] /home/ubuntu/apps/election-app/win_prob/P/SC/data_output_SC_with_margins_statewide_eevp.csv
[deleted] /home/ubuntu/apps/election-app/win_prob/P/SC/data_output_SC.csv
[deleted] /home/ubuntu/apps/election-app/win_prob/P/SC/data_output_SC_with_margins.csv
[deleted] /home/ubuntu/apps/election-app/win_prob/P/SC/data_output_SC.csv.checkpoint.json
[deleted] /home/ubuntu/apps/election-app/win_prob/P/SC/stats.csv
[deleted] /home/ubuntu/apps/election-app/win_prob/P/SC/stats2.csv
[done] removed 16 file(s)
[2026-01-24 02:04:40] INFO: [PIPELINE] args: office=P state=SC district=None
[2026-01-24 02:04:40] INFO: [PIPELINE] WINPROB_DIR resolved to: /home/ubuntu/apps/election-app/win_prob/P/SC
[2026-01-24 02:04:40] INFO: [PIPELINE] OUTDIR set to: /home/ubuntu/apps/election-app/win_prob/P/SC

$ /home/ubuntu/.venv/bin/python3 /home/ubuntu/apps/election-app/stats/1-statewide.py --input /home/ubuntu/apps/election-app/win_prob/P/SC/stats.csv --output /home/ubuntu/apps/election-app/win_prob/P/SC/_work/stats_with_statewide.csv
Wrote /home/ubuntu/apps/election-app/win_prob/P/SC/_work/stats_with_statewide.csv (rows=46)

$ /home/ubuntu/.venv/bin/python3 /home/ubuntu/apps/election-app/stats/1-stats-2.py --input /home/ubuntu/apps/election-app/win_prob/P/SC/stats2.csv --output /home/ubuntu/apps/election-app/win_prob/P/SC/_work/stats2_final_headers.csv
Wrote /home/ubuntu/apps/election-app/win_prob/P/SC/_work/stats2_final_headers.csv (rows=46)

$ /home/ubuntu/.venv/bin/python3 /home/ubuntu/apps/election-app/stats/1-append-new.py
Wrote 2024_county_results_with_final-old.csv (rows=46, missing_final_matches=0)

$ /home/ubuntu/.venv/bin/python3 /home/ubuntu/apps/election-app/stats/1-change_header.py
Wrote: 2024_county_results_with_final.csv

$ /home/ubuntu/.venv/bin/python3 /home/ubuntu/apps/election-app/stats/1-cut-zero-fips.py
Wrote: 2024_county_results_with_final_1.csv
Rows before: 46
Rows after:  46
Dropped (fips == 0): 0

$ /home/ubuntu/.venv/bin/python3 /home/ubuntu/apps/election-app/stats/2-calc.py
Wrote 46 rows with calculations to /home/ubuntu/apps/election-app/win_prob/P/SC/_work/2024_county_results_with_calcs-old.csv

$ /home/ubuntu/.venv/bin/python3 /home/ubuntu/apps/election-app/stats/2-eevp.py
Wrote (no-op copy): 2024_county_results_with_calcs.csv
Columns:
 - timestamp
 - state
 - county
 - fips
 - trump_votes
 - harris_votes
 - other_votes
 - eevp
 - state_eevp
 - harris_votes_statewide
 - trump_votes_statewide
 - other_votes_statewide
 - final_state
 - final_county
 - final_fips
 - final_trump_votes
 - final_harris_votes
 - final_other_votes
 - harris_percent_snapshot
 - trump_percent_snapshot
 - margin_snapshot
 - harris_percent_final
 - trump_percent_final
 - margin_final
 - margin_difference
 - margin_difference_abs

$ /home/ubuntu/.venv/bin/python3 /home/ubuntu/apps/election-app/stats/3-calc-new.py
Wrote 46 rows with new columns to /home/ubuntu/apps/election-app/win_prob/P/SC/_work/2024_county_results_with_calcs_new.csv

$ /home/ubuntu/.venv/bin/python3 /home/ubuntu/apps/election-app/stats/4-stats.py
Reading 2024_county_results_with_calcs_new.csv...
Aggregating statewide totals...
Calculating percentages and margins...
Writing to output_statewide_stats.csv...
Done!
[2026-01-24 02:04:50] INFO: [PIPELINE] ENTER win-prob generation | states=['SC'] ts_list=['2024-11-05T15-30-22']

============================================================================
[01/1] STATE = SC
============================================================================

$ /home/ubuntu/.venv/bin/python3 /home/ubuntu/apps/election-app/stats/5-snapshots.py --state SC --input /home/ubuntu/apps/election-app/win_prob/P/SC/_work/output_statewide_stats.csv --output /home/ubuntu/apps/election-app/win_prob/P/SC/snapshots_SC.csv --start 2024-11-05T15-30-22 --end 2024-11-05T15-30-22 --use-window 1 --interval 30
Mode: windowed-one-state
Rows written: 46
Distinct states in output: SC
Rows per normalized timestamp (empty = unparseable):
  2024-11-05T15-30-22: 46
Wrote /home/ubuntu/apps/election-app/win_prob/P/SC/snapshots_SC.csv

$ /home/ubuntu/.venv/bin/python3 /home/ubuntu/apps/election-app/stats/6-pval.py /home/ubuntu/apps/election-app/win_prob/P/SC/snapshots_SC.csv -t /home/ubuntu/apps/election-app/stats/parameters.csv -o /home/ubuntu/apps/election-app/win_prob/P/SC/data_output_SC.csv -c 50
Done. Wrote: /home/ubuntu/apps/election-app/win_prob/P/SC/data_output_SC.csv
Total rows: 46 (chunked, resumable).
Computed columns for PVALS = [0.01, 0.1, 1, 2, 3, 5, 10, 15, 20, 25, 30, 35, 40, 45, 50, 55, 60, 65, 70, 75, 80, 85, 90, 95, 97, 98, 99, 99.9, 99.99]
Per p (leader): shift_{p}, margin_new_{p}, harris_percent_new_{p}, trump_percent_new_{p}, total_snapshot_{p}, total_expected_{p}, harris_votes_new_{p}, trump_votes_new_{p}
Per p (trailing): shift_trailing_{p}, margin_new_{p}_trailing, harris_percent_new_{p}_trailing, trump_percent_new_{p}_trailing, total_snapshot_{p}_trailing, total_expected_{p}_trailing, harris_votes_new_{p}_trailing, trump_votes_new_{p}_trailing
Checkpoint saved at: /home/ubuntu/apps/election-app/win_prob/P/SC/data_output_SC.csv.checkpoint.json

$ /home/ubuntu/.venv/bin/python3 /home/ubuntu/apps/election-app/stats/7-margin-new.py
Wrote data_output_with_margins_old.csv

$ /home/ubuntu/.venv/bin/python3 /home/ubuntu/apps/election-app/stats/7-eevp-statewide.py
Wrote data_output_with_margins.csv (copied from data_output_with_margins_old.csv)

$ /home/ubuntu/.venv/bin/python3 /home/ubuntu/apps/election-app/stats/7.py --input /home/ubuntu/apps/election-app/win_prob/P/SC/data_output_SC_with_margins_statewide_eevp.csv --output /home/ubuntu/apps/election-app/win_prob/P/SC/statewide_margin_pct_vs_percent_SC_2026.png --state SC --start 2024-11-05T15-30-22 --end 2024-11-05T15-30-22 --stats /home/ubuntu/apps/election-app/win_prob/P/SC/stats.csv --stats2 /home/ubuntu/apps/election-app/win_prob/P/SC/stats2.csv --interval 30 --year 2026 --jsonl /home/ubuntu/apps/election-app/win_prob/P/SC/plotdata_SC_2026_2026-01-24T02-04-40.jsonl
[info] evaluating 1 timestamps from 2024-11-05T15-30-22 to 2024-11-05T15-30-22 every 30 minutes
[saved] probs_timeseries_SC.csv  (1 points)
[saved] /home/ubuntu/apps/election-app/win_prob/P/SC/plotdata_SC_2026_2026-01-24T02-04-40.jsonl  (4 points)
[saved] /home/ubuntu/apps/election-app/win_prob/P/SC/statewide_margin_pct_vs_percent_SC_2026_box.json
[saved] /home/ubuntu/apps/election-app/win_prob/P/SC/statewide_margin_pct_vs_percent_SC_2026_box.png
[saved] /home/ubuntu/apps/election-app/win_prob/P/SC/statewide_margin_pct_vs_percent_SC_2026.png

All 50 states complete. See: /home/ubuntu/apps/election-app/win_prob/P/SC

$ /home/ubuntu/.venv/bin/python3 /home/ubuntu/apps/election-app/stats/8.py --root /home/ubuntu/apps/election-app/win_prob/P/SC/_work --outdir /home/ubuntu/apps/election-app/win_prob/P/SC
[info] root  = /home/ubuntu/apps/election-app/win_prob/P/SC/_work
[info] outdir= /home/ubuntu/apps/election-app/win_prob/P/SC
[deleted] /home/ubuntu/apps/election-app/win_prob/P/SC/_work/stats_with_statewide.csv
[deleted] /home/ubuntu/apps/election-app/win_prob/P/SC/_work/stats2_final_headers.csv
[deleted] /home/ubuntu/apps/election-app/win_prob/P/SC/_work/2024_county_results_with_final-old.csv
[deleted] /home/ubuntu/apps/election-app/win_prob/P/SC/_work/2024_county_results_with_final.csv
[deleted] /home/ubuntu/apps/election-app/win_prob/P/SC/_work/2024_county_results_with_final_1.csv
[deleted] /home/ubuntu/apps/election-app/win_prob/P/SC/_work/2024_county_results_with_calcs-old.csv
[deleted] /home/ubuntu/apps/election-app/win_prob/P/SC/_work/2024_county_results_with_calcs_new.csv
[deleted] /home/ubuntu/apps/election-app/win_prob/P/SC/_work/output_statewide_stats.csv
[skip]    /home/ubuntu/apps/election-app/win_prob/P/SC/_work/probs_timeseries_PA.csv
[deleted] /home/ubuntu/apps/election-app/win_prob/P/SC/_work/2024_county_results_with_calcs.csv
[skip]    /home/ubuntu/apps/election-app/win_prob/P/SC/data_output.csv
[skip]    /home/ubuntu/apps/election-app/win_prob/P/SC/data_output_with_margins_old.csv
[skip]    /home/ubuntu/apps/election-app/win_prob/P/SC/data_output_with_margins.csv
[skip]    /home/ubuntu/apps/election-app/win_prob/P/SC/data_output_with_margins-statewide.csv
[deleted] /home/ubuntu/apps/election-app/win_prob/P/SC/snapshots_SC.csv
[deleted] /home/ubuntu/apps/election-app/win_prob/P/SC/data_output_SC_with_margins_statewide_eevp.csv
[deleted] /home/ubuntu/apps/election-app/win_prob/P/SC/data_output_SC.csv
[deleted] /home/ubuntu/apps/election-app/win_prob/P/SC/data_output_SC_with_margins.csv
[deleted] /home/ubuntu/apps/election-app/win_prob/P/SC/data_output_SC.csv.checkpoint.json
[deleted] /home/ubuntu/apps/election-app/win_prob/P/SC/stats.csv
[deleted] /home/ubuntu/apps/election-app/win_prob/P/SC/stats2.csv
[done] removed 16 file(s)
[2026-01-24 02:11:42] INFO: [PIPELINE] args: office=P state=SC district=None
[2026-01-24 02:11:42] INFO: [PIPELINE] WINPROB_DIR resolved to: /home/ubuntu/apps/election-app/win_prob/P/SC
[2026-01-24 02:11:42] INFO: [PIPELINE] OUTDIR set to: /home/ubuntu/apps/election-app/win_prob/P/SC

$ /home/ubuntu/.venv/bin/python3 /home/ubuntu/apps/election-app/stats/1-statewide.py --input /home/ubuntu/apps/election-app/win_prob/P/SC/stats.csv --output /home/ubuntu/apps/election-app/win_prob/P/SC/_work/stats_with_statewide.csv
Wrote /home/ubuntu/apps/election-app/win_prob/P/SC/_work/stats_with_statewide.csv (rows=46)

$ /home/ubuntu/.venv/bin/python3 /home/ubuntu/apps/election-app/stats/1-stats-2.py --input /home/ubuntu/apps/election-app/win_prob/P/SC/stats2.csv --output /home/ubuntu/apps/election-app/win_prob/P/SC/_work/stats2_final_headers.csv
Wrote /home/ubuntu/apps/election-app/win_prob/P/SC/_work/stats2_final_headers.csv (rows=46)

$ /home/ubuntu/.venv/bin/python3 /home/ubuntu/apps/election-app/stats/1-append-new.py
Wrote 2024_county_results_with_final-old.csv (rows=46, missing_final_matches=0)

$ /home/ubuntu/.venv/bin/python3 /home/ubuntu/apps/election-app/stats/1-change_header.py
Wrote: 2024_county_results_with_final.csv

$ /home/ubuntu/.venv/bin/python3 /home/ubuntu/apps/election-app/stats/1-cut-zero-fips.py
Wrote: 2024_county_results_with_final_1.csv
Rows before: 46
Rows after:  46
Dropped (fips == 0): 0

$ /home/ubuntu/.venv/bin/python3 /home/ubuntu/apps/election-app/stats/2-calc.py
Wrote 46 rows with calculations to /home/ubuntu/apps/election-app/win_prob/P/SC/_work/2024_county_results_with_calcs-old.csv

$ /home/ubuntu/.venv/bin/python3 /home/ubuntu/apps/election-app/stats/2-eevp.py
Wrote (no-op copy): 2024_county_results_with_calcs.csv
Columns:
 - timestamp
 - state
 - county
 - fips
 - trump_votes
 - harris_votes
 - other_votes
 - eevp
 - state_eevp
 - harris_votes_statewide
 - trump_votes_statewide
 - other_votes_statewide
 - final_state
 - final_county
 - final_fips
 - final_trump_votes
 - final_harris_votes
 - final_other_votes
 - harris_percent_snapshot
 - trump_percent_snapshot
 - margin_snapshot
 - harris_percent_final
 - trump_percent_final
 - margin_final
 - margin_difference
 - margin_difference_abs

$ /home/ubuntu/.venv/bin/python3 /home/ubuntu/apps/election-app/stats/3-calc-new.py
Wrote 46 rows with new columns to /home/ubuntu/apps/election-app/win_prob/P/SC/_work/2024_county_results_with_calcs_new.csv

$ /home/ubuntu/.venv/bin/python3 /home/ubuntu/apps/election-app/stats/4-stats.py
Reading 2024_county_results_with_calcs_new.csv...
Aggregating statewide totals...
Calculating percentages and margins...
Writing to output_statewide_stats.csv...
Done!
[2026-01-24 02:11:52] INFO: [PIPELINE] ENTER win-prob generation | states=['SC'] ts_list=['2024-11-05T15-30-22']

============================================================================
[01/1] STATE = SC
============================================================================

$ /home/ubuntu/.venv/bin/python3 /home/ubuntu/apps/election-app/stats/5-snapshots.py --state SC --input /home/ubuntu/apps/election-app/win_prob/P/SC/_work/output_statewide_stats.csv --output /home/ubuntu/apps/election-app/win_prob/P/SC/snapshots_SC.csv --start 2024-11-05T15-30-22 --end 2024-11-05T15-30-22 --use-window 1 --interval 30
Mode: windowed-one-state
Rows written: 46
Distinct states in output: SC
Rows per normalized timestamp (empty = unparseable):
  2024-11-05T15-30-22: 46
Wrote /home/ubuntu/apps/election-app/win_prob/P/SC/snapshots_SC.csv

$ /home/ubuntu/.venv/bin/python3 /home/ubuntu/apps/election-app/stats/6-pval.py /home/ubuntu/apps/election-app/win_prob/P/SC/snapshots_SC.csv -t /home/ubuntu/apps/election-app/stats/parameters.csv -o /home/ubuntu/apps/election-app/win_prob/P/SC/data_output_SC.csv -c 50
Done. Wrote: /home/ubuntu/apps/election-app/win_prob/P/SC/data_output_SC.csv
Total rows: 46 (chunked, resumable).
Computed columns for PVALS = [0.01, 0.1, 1, 2, 3, 5, 10, 15, 20, 25, 30, 35, 40, 45, 50, 55, 60, 65, 70, 75, 80, 85, 90, 95, 97, 98, 99, 99.9, 99.99]
Per p (leader): shift_{p}, margin_new_{p}, harris_percent_new_{p}, trump_percent_new_{p}, total_snapshot_{p}, total_expected_{p}, harris_votes_new_{p}, trump_votes_new_{p}
Per p (trailing): shift_trailing_{p}, margin_new_{p}_trailing, harris_percent_new_{p}_trailing, trump_percent_new_{p}_trailing, total_snapshot_{p}_trailing, total_expected_{p}_trailing, harris_votes_new_{p}_trailing, trump_votes_new_{p}_trailing
Checkpoint saved at: /home/ubuntu/apps/election-app/win_prob/P/SC/data_output_SC.csv.checkpoint.json

$ /home/ubuntu/.venv/bin/python3 /home/ubuntu/apps/election-app/stats/7-margin-new.py
Wrote data_output_with_margins_old.csv

$ /home/ubuntu/.venv/bin/python3 /home/ubuntu/apps/election-app/stats/7-eevp-statewide.py
Wrote data_output_with_margins.csv (copied from data_output_with_margins_old.csv)

$ /home/ubuntu/.venv/bin/python3 /home/ubuntu/apps/election-app/stats/7.py --input /home/ubuntu/apps/election-app/win_prob/P/SC/data_output_SC_with_margins_statewide_eevp.csv --output /home/ubuntu/apps/election-app/win_prob/P/SC/statewide_margin_pct_vs_percent_SC_2026.png --state SC --start 2024-11-05T15-30-22 --end 2024-11-05T15-30-22 --stats /home/ubuntu/apps/election-app/win_prob/P/SC/stats.csv --stats2 /home/ubuntu/apps/election-app/win_prob/P/SC/stats2.csv --interval 30 --year 2026 --jsonl /home/ubuntu/apps/election-app/win_prob/P/SC/plotdata_SC_2026_2026-01-24T02-11-42.jsonl
[info] evaluating 1 timestamps from 2024-11-05T15-30-22 to 2024-11-05T15-30-22 every 30 minutes
[saved] probs_timeseries_SC.csv  (1 points)
[saved] /home/ubuntu/apps/election-app/win_prob/P/SC/plotdata_SC_2026_2026-01-24T02-11-42.jsonl  (4 points)
[saved] /home/ubuntu/apps/election-app/win_prob/P/SC/statewide_margin_pct_vs_percent_SC_2026_box.json
[saved] /home/ubuntu/apps/election-app/win_prob/P/SC/statewide_margin_pct_vs_percent_SC_2026_box.png
[saved] /home/ubuntu/apps/election-app/win_prob/P/SC/statewide_margin_pct_vs_percent_SC_2026.png

All 50 states complete. See: /home/ubuntu/apps/election-app/win_prob/P/SC

$ /home/ubuntu/.venv/bin/python3 /home/ubuntu/apps/election-app/stats/8.py --root /home/ubuntu/apps/election-app/win_prob/P/SC/_work --outdir /home/ubuntu/apps/election-app/win_prob/P/SC
[info] root  = /home/ubuntu/apps/election-app/win_prob/P/SC/_work
[info] outdir= /home/ubuntu/apps/election-app/win_prob/P/SC
[deleted] /home/ubuntu/apps/election-app/win_prob/P/SC/_work/stats_with_statewide.csv
[deleted] /home/ubuntu/apps/election-app/win_prob/P/SC/_work/stats2_final_headers.csv
[deleted] /home/ubuntu/apps/election-app/win_prob/P/SC/_work/2024_county_results_with_final-old.csv
[deleted] /home/ubuntu/apps/election-app/win_prob/P/SC/_work/2024_county_results_with_final.csv
[deleted] /home/ubuntu/apps/election-app/win_prob/P/SC/_work/2024_county_results_with_final_1.csv
[deleted] /home/ubuntu/apps/election-app/win_prob/P/SC/_work/2024_county_results_with_calcs-old.csv
[deleted] /home/ubuntu/apps/election-app/win_prob/P/SC/_work/2024_county_results_with_calcs_new.csv
[deleted] /home/ubuntu/apps/election-app/win_prob/P/SC/_work/output_statewide_stats.csv
[skip]    /home/ubuntu/apps/election-app/win_prob/P/SC/_work/probs_timeseries_PA.csv
[deleted] /home/ubuntu/apps/election-app/win_prob/P/SC/_work/2024_county_results_with_calcs.csv
[skip]    /home/ubuntu/apps/election-app/win_prob/P/SC/data_output.csv
[skip]    /home/ubuntu/apps/election-app/win_prob/P/SC/data_output_with_margins_old.csv
[skip]    /home/ubuntu/apps/election-app/win_prob/P/SC/data_output_with_margins.csv
[skip]    /home/ubuntu/apps/election-app/win_prob/P/SC/data_output_with_margins-statewide.csv
[deleted] /home/ubuntu/apps/election-app/win_prob/P/SC/snapshots_SC.csv
[deleted] /home/ubuntu/apps/election-app/win_prob/P/SC/data_output_SC_with_margins_statewide_eevp.csv
[deleted] /home/ubuntu/apps/election-app/win_prob/P/SC/data_output_SC.csv
[deleted] /home/ubuntu/apps/election-app/win_prob/P/SC/data_output_SC_with_margins.csv
[deleted] /home/ubuntu/apps/election-app/win_prob/P/SC/data_output_SC.csv.checkpoint.json
[deleted] /home/ubuntu/apps/election-app/win_prob/P/SC/stats.csv
[deleted] /home/ubuntu/apps/election-app/win_prob/P/SC/stats2.csv
[done] removed 16 file(s)
[2026-01-24 02:18:44] INFO: [PIPELINE] args: office=P state=SC district=None
[2026-01-24 02:18:44] INFO: [PIPELINE] WINPROB_DIR resolved to: /home/ubuntu/apps/election-app/win_prob/P/SC
[2026-01-24 02:18:44] INFO: [PIPELINE] OUTDIR set to: /home/ubuntu/apps/election-app/win_prob/P/SC

$ /home/ubuntu/.venv/bin/python3 /home/ubuntu/apps/election-app/stats/1-statewide.py --input /home/ubuntu/apps/election-app/win_prob/P/SC/stats.csv --output /home/ubuntu/apps/election-app/win_prob/P/SC/_work/stats_with_statewide.csv
Wrote /home/ubuntu/apps/election-app/win_prob/P/SC/_work/stats_with_statewide.csv (rows=46)

$ /home/ubuntu/.venv/bin/python3 /home/ubuntu/apps/election-app/stats/1-stats-2.py --input /home/ubuntu/apps/election-app/win_prob/P/SC/stats2.csv --output /home/ubuntu/apps/election-app/win_prob/P/SC/_work/stats2_final_headers.csv
Wrote /home/ubuntu/apps/election-app/win_prob/P/SC/_work/stats2_final_headers.csv (rows=46)

$ /home/ubuntu/.venv/bin/python3 /home/ubuntu/apps/election-app/stats/1-append-new.py
Wrote 2024_county_results_with_final-old.csv (rows=46, missing_final_matches=0)

$ /home/ubuntu/.venv/bin/python3 /home/ubuntu/apps/election-app/stats/1-change_header.py
Wrote: 2024_county_results_with_final.csv

$ /home/ubuntu/.venv/bin/python3 /home/ubuntu/apps/election-app/stats/1-cut-zero-fips.py
Wrote: 2024_county_results_with_final_1.csv
Rows before: 46
Rows after:  46
Dropped (fips == 0): 0

$ /home/ubuntu/.venv/bin/python3 /home/ubuntu/apps/election-app/stats/2-calc.py
Wrote 46 rows with calculations to /home/ubuntu/apps/election-app/win_prob/P/SC/_work/2024_county_results_with_calcs-old.csv

$ /home/ubuntu/.venv/bin/python3 /home/ubuntu/apps/election-app/stats/2-eevp.py
Wrote (no-op copy): 2024_county_results_with_calcs.csv
Columns:
 - timestamp
 - state
 - county
 - fips
 - trump_votes
 - harris_votes
 - other_votes
 - eevp
 - state_eevp
 - harris_votes_statewide
 - trump_votes_statewide
 - other_votes_statewide
 - final_state
 - final_county
 - final_fips
 - final_trump_votes
 - final_harris_votes
 - final_other_votes
 - harris_percent_snapshot
 - trump_percent_snapshot
 - margin_snapshot
 - harris_percent_final
 - trump_percent_final
 - margin_final
 - margin_difference
 - margin_difference_abs

$ /home/ubuntu/.venv/bin/python3 /home/ubuntu/apps/election-app/stats/3-calc-new.py
Wrote 46 rows with new columns to /home/ubuntu/apps/election-app/win_prob/P/SC/_work/2024_county_results_with_calcs_new.csv

$ /home/ubuntu/.venv/bin/python3 /home/ubuntu/apps/election-app/stats/4-stats.py
Reading 2024_county_results_with_calcs_new.csv...
Aggregating statewide totals...
Calculating percentages and margins...
Writing to output_statewide_stats.csv...
Done!
[2026-01-24 02:18:54] INFO: [PIPELINE] ENTER win-prob generation | states=['SC'] ts_list=['2024-11-05T15-30-22']

============================================================================
[01/1] STATE = SC
============================================================================

$ /home/ubuntu/.venv/bin/python3 /home/ubuntu/apps/election-app/stats/5-snapshots.py --state SC --input /home/ubuntu/apps/election-app/win_prob/P/SC/_work/output_statewide_stats.csv --output /home/ubuntu/apps/election-app/win_prob/P/SC/snapshots_SC.csv --start 2024-11-05T15-30-22 --end 2024-11-05T15-30-22 --use-window 1 --interval 30
Mode: windowed-one-state
Rows written: 46
Distinct states in output: SC
Rows per normalized timestamp (empty = unparseable):
  2024-11-05T15-30-22: 46
Wrote /home/ubuntu/apps/election-app/win_prob/P/SC/snapshots_SC.csv

$ /home/ubuntu/.venv/bin/python3 /home/ubuntu/apps/election-app/stats/6-pval.py /home/ubuntu/apps/election-app/win_prob/P/SC/snapshots_SC.csv -t /home/ubuntu/apps/election-app/stats/parameters.csv -o /home/ubuntu/apps/election-app/win_prob/P/SC/data_output_SC.csv -c 50
Done. Wrote: /home/ubuntu/apps/election-app/win_prob/P/SC/data_output_SC.csv
Total rows: 46 (chunked, resumable).
Computed columns for PVALS = [0.01, 0.1, 1, 2, 3, 5, 10, 15, 20, 25, 30, 35, 40, 45, 50, 55, 60, 65, 70, 75, 80, 85, 90, 95, 97, 98, 99, 99.9, 99.99]
Per p (leader): shift_{p}, margin_new_{p}, harris_percent_new_{p}, trump_percent_new_{p}, total_snapshot_{p}, total_expected_{p}, harris_votes_new_{p}, trump_votes_new_{p}
Per p (trailing): shift_trailing_{p}, margin_new_{p}_trailing, harris_percent_new_{p}_trailing, trump_percent_new_{p}_trailing, total_snapshot_{p}_trailing, total_expected_{p}_trailing, harris_votes_new_{p}_trailing, trump_votes_new_{p}_trailing
Checkpoint saved at: /home/ubuntu/apps/election-app/win_prob/P/SC/data_output_SC.csv.checkpoint.json

$ /home/ubuntu/.venv/bin/python3 /home/ubuntu/apps/election-app/stats/7-margin-new.py
Wrote data_output_with_margins_old.csv

$ /home/ubuntu/.venv/bin/python3 /home/ubuntu/apps/election-app/stats/7-eevp-statewide.py
Wrote data_output_with_margins.csv (copied from data_output_with_margins_old.csv)

$ /home/ubuntu/.venv/bin/python3 /home/ubuntu/apps/election-app/stats/7.py --input /home/ubuntu/apps/election-app/win_prob/P/SC/data_output_SC_with_margins_statewide_eevp.csv --output /home/ubuntu/apps/election-app/win_prob/P/SC/statewide_margin_pct_vs_percent_SC_2026.png --state SC --start 2024-11-05T15-30-22 --end 2024-11-05T15-30-22 --stats /home/ubuntu/apps/election-app/win_prob/P/SC/stats.csv --stats2 /home/ubuntu/apps/election-app/win_prob/P/SC/stats2.csv --interval 30 --year 2026 --jsonl /home/ubuntu/apps/election-app/win_prob/P/SC/plotdata_SC_2026_2026-01-24T02-18-44.jsonl
[info] evaluating 1 timestamps from 2024-11-05T15-30-22 to 2024-11-05T15-30-22 every 30 minutes
[saved] probs_timeseries_SC.csv  (1 points)
[saved] /home/ubuntu/apps/election-app/win_prob/P/SC/plotdata_SC_2026_2026-01-24T02-18-44.jsonl  (4 points)
[saved] /home/ubuntu/apps/election-app/win_prob/P/SC/statewide_margin_pct_vs_percent_SC_2026_box.json
[saved] /home/ubuntu/apps/election-app/win_prob/P/SC/statewide_margin_pct_vs_percent_SC_2026_box.png
[saved] /home/ubuntu/apps/election-app/win_prob/P/SC/statewide_margin_pct_vs_percent_SC_2026.png

All 50 states complete. See: /home/ubuntu/apps/election-app/win_prob/P/SC

$ /home/ubuntu/.venv/bin/python3 /home/ubuntu/apps/election-app/stats/8.py --root /home/ubuntu/apps/election-app/win_prob/P/SC/_work --outdir /home/ubuntu/apps/election-app/win_prob/P/SC
[info] root  = /home/ubuntu/apps/election-app/win_prob/P/SC/_work
[info] outdir= /home/ubuntu/apps/election-app/win_prob/P/SC
[deleted] /home/ubuntu/apps/election-app/win_prob/P/SC/_work/stats_with_statewide.csv
[deleted] /home/ubuntu/apps/election-app/win_prob/P/SC/_work/stats2_final_headers.csv
[deleted] /home/ubuntu/apps/election-app/win_prob/P/SC/_work/2024_county_results_with_final-old.csv
[deleted] /home/ubuntu/apps/election-app/win_prob/P/SC/_work/2024_county_results_with_final.csv
[deleted] /home/ubuntu/apps/election-app/win_prob/P/SC/_work/2024_county_results_with_final_1.csv
[deleted] /home/ubuntu/apps/election-app/win_prob/P/SC/_work/2024_county_results_with_calcs-old.csv
[deleted] /home/ubuntu/apps/election-app/win_prob/P/SC/_work/2024_county_results_with_calcs_new.csv
[deleted] /home/ubuntu/apps/election-app/win_prob/P/SC/_work/output_statewide_stats.csv
[skip]    /home/ubuntu/apps/election-app/win_prob/P/SC/_work/probs_timeseries_PA.csv
[deleted] /home/ubuntu/apps/election-app/win_prob/P/SC/_work/2024_county_results_with_calcs.csv
[skip]    /home/ubuntu/apps/election-app/win_prob/P/SC/data_output.csv
[skip]    /home/ubuntu/apps/election-app/win_prob/P/SC/data_output_with_margins_old.csv
[skip]    /home/ubuntu/apps/election-app/win_prob/P/SC/data_output_with_margins.csv
[skip]    /home/ubuntu/apps/election-app/win_prob/P/SC/data_output_with_margins-statewide.csv
[deleted] /home/ubuntu/apps/election-app/win_prob/P/SC/snapshots_SC.csv
[deleted] /home/ubuntu/apps/election-app/win_prob/P/SC/data_output_SC_with_margins_statewide_eevp.csv
[deleted] /home/ubuntu/apps/election-app/win_prob/P/SC/data_output_SC.csv
[deleted] /home/ubuntu/apps/election-app/win_prob/P/SC/data_output_SC_with_margins.csv
[deleted] /home/ubuntu/apps/election-app/win_prob/P/SC/data_output_SC.csv.checkpoint.json
[deleted] /home/ubuntu/apps/election-app/win_prob/P/SC/stats.csv
[deleted] /home/ubuntu/apps/election-app/win_prob/P/SC/stats2.csv
[done] removed 16 file(s)
[2026-01-24 02:25:46] INFO: [PIPELINE] args: office=P state=SC district=None
[2026-01-24 02:25:46] INFO: [PIPELINE] WINPROB_DIR resolved to: /home/ubuntu/apps/election-app/win_prob/P/SC
[2026-01-24 02:25:46] INFO: [PIPELINE] OUTDIR set to: /home/ubuntu/apps/election-app/win_prob/P/SC

$ /home/ubuntu/.venv/bin/python3 /home/ubuntu/apps/election-app/stats/1-statewide.py --input /home/ubuntu/apps/election-app/win_prob/P/SC/stats.csv --output /home/ubuntu/apps/election-app/win_prob/P/SC/_work/stats_with_statewide.csv
Wrote /home/ubuntu/apps/election-app/win_prob/P/SC/_work/stats_with_statewide.csv (rows=46)

$ /home/ubuntu/.venv/bin/python3 /home/ubuntu/apps/election-app/stats/1-stats-2.py --input /home/ubuntu/apps/election-app/win_prob/P/SC/stats2.csv --output /home/ubuntu/apps/election-app/win_prob/P/SC/_work/stats2_final_headers.csv
Wrote /home/ubuntu/apps/election-app/win_prob/P/SC/_work/stats2_final_headers.csv (rows=46)

$ /home/ubuntu/.venv/bin/python3 /home/ubuntu/apps/election-app/stats/1-append-new.py
Wrote 2024_county_results_with_final-old.csv (rows=46, missing_final_matches=0)

$ /home/ubuntu/.venv/bin/python3 /home/ubuntu/apps/election-app/stats/1-change_header.py
Wrote: 2024_county_results_with_final.csv

$ /home/ubuntu/.venv/bin/python3 /home/ubuntu/apps/election-app/stats/1-cut-zero-fips.py
Wrote: 2024_county_results_with_final_1.csv
Rows before: 46
Rows after:  46
Dropped (fips == 0): 0

$ /home/ubuntu/.venv/bin/python3 /home/ubuntu/apps/election-app/stats/2-calc.py
Wrote 46 rows with calculations to /home/ubuntu/apps/election-app/win_prob/P/SC/_work/2024_county_results_with_calcs-old.csv

$ /home/ubuntu/.venv/bin/python3 /home/ubuntu/apps/election-app/stats/2-eevp.py
Wrote (no-op copy): 2024_county_results_with_calcs.csv
Columns:
 - timestamp
 - state
 - county
 - fips
 - trump_votes
 - harris_votes
 - other_votes
 - eevp
 - state_eevp
 - harris_votes_statewide
 - trump_votes_statewide
 - other_votes_statewide
 - final_state
 - final_county
 - final_fips
 - final_trump_votes
 - final_harris_votes
 - final_other_votes
 - harris_percent_snapshot
 - trump_percent_snapshot
 - margin_snapshot
 - harris_percent_final
 - trump_percent_final
 - margin_final
 - margin_difference
 - margin_difference_abs

$ /home/ubuntu/.venv/bin/python3 /home/ubuntu/apps/election-app/stats/3-calc-new.py
Wrote 46 rows with new columns to /home/ubuntu/apps/election-app/win_prob/P/SC/_work/2024_county_results_with_calcs_new.csv

$ /home/ubuntu/.venv/bin/python3 /home/ubuntu/apps/election-app/stats/4-stats.py
Reading 2024_county_results_with_calcs_new.csv...
Aggregating statewide totals...
Calculating percentages and margins...
Writing to output_statewide_stats.csv...
Done!
[2026-01-24 02:25:55] INFO: [PIPELINE] ENTER win-prob generation | states=['SC'] ts_list=['2024-11-05T15-30-22']

============================================================================
[01/1] STATE = SC
============================================================================

$ /home/ubuntu/.venv/bin/python3 /home/ubuntu/apps/election-app/stats/5-snapshots.py --state SC --input /home/ubuntu/apps/election-app/win_prob/P/SC/_work/output_statewide_stats.csv --output /home/ubuntu/apps/election-app/win_prob/P/SC/snapshots_SC.csv --start 2024-11-05T15-30-22 --end 2024-11-05T15-30-22 --use-window 1 --interval 30
Mode: windowed-one-state
Rows written: 46
Distinct states in output: SC
Rows per normalized timestamp (empty = unparseable):
  2024-11-05T15-30-22: 46
Wrote /home/ubuntu/apps/election-app/win_prob/P/SC/snapshots_SC.csv

$ /home/ubuntu/.venv/bin/python3 /home/ubuntu/apps/election-app/stats/6-pval.py /home/ubuntu/apps/election-app/win_prob/P/SC/snapshots_SC.csv -t /home/ubuntu/apps/election-app/stats/parameters.csv -o /home/ubuntu/apps/election-app/win_prob/P/SC/data_output_SC.csv -c 50
Done. Wrote: /home/ubuntu/apps/election-app/win_prob/P/SC/data_output_SC.csv
Total rows: 46 (chunked, resumable).
Computed columns for PVALS = [0.01, 0.1, 1, 2, 3, 5, 10, 15, 20, 25, 30, 35, 40, 45, 50, 55, 60, 65, 70, 75, 80, 85, 90, 95, 97, 98, 99, 99.9, 99.99]
Per p (leader): shift_{p}, margin_new_{p}, harris_percent_new_{p}, trump_percent_new_{p}, total_snapshot_{p}, total_expected_{p}, harris_votes_new_{p}, trump_votes_new_{p}
Per p (trailing): shift_trailing_{p}, margin_new_{p}_trailing, harris_percent_new_{p}_trailing, trump_percent_new_{p}_trailing, total_snapshot_{p}_trailing, total_expected_{p}_trailing, harris_votes_new_{p}_trailing, trump_votes_new_{p}_trailing
Checkpoint saved at: /home/ubuntu/apps/election-app/win_prob/P/SC/data_output_SC.csv.checkpoint.json

$ /home/ubuntu/.venv/bin/python3 /home/ubuntu/apps/election-app/stats/7-margin-new.py
Wrote data_output_with_margins_old.csv

$ /home/ubuntu/.venv/bin/python3 /home/ubuntu/apps/election-app/stats/7-eevp-statewide.py
Wrote data_output_with_margins.csv (copied from data_output_with_margins_old.csv)

$ /home/ubuntu/.venv/bin/python3 /home/ubuntu/apps/election-app/stats/7.py --input /home/ubuntu/apps/election-app/win_prob/P/SC/data_output_SC_with_margins_statewide_eevp.csv --output /home/ubuntu/apps/election-app/win_prob/P/SC/statewide_margin_pct_vs_percent_SC_2026.png --state SC --start 2024-11-05T15-30-22 --end 2024-11-05T15-30-22 --stats /home/ubuntu/apps/election-app/win_prob/P/SC/stats.csv --stats2 /home/ubuntu/apps/election-app/win_prob/P/SC/stats2.csv --interval 30 --year 2026 --jsonl /home/ubuntu/apps/election-app/win_prob/P/SC/plotdata_SC_2026_2026-01-24T02-25-46.jsonl
[info] evaluating 1 timestamps from 2024-11-05T15-30-22 to 2024-11-05T15-30-22 every 30 minutes
[saved] probs_timeseries_SC.csv  (1 points)
[saved] /home/ubuntu/apps/election-app/win_prob/P/SC/plotdata_SC_2026_2026-01-24T02-25-46.jsonl  (4 points)
[saved] /home/ubuntu/apps/election-app/win_prob/P/SC/statewide_margin_pct_vs_percent_SC_2026_box.json
[saved] /home/ubuntu/apps/election-app/win_prob/P/SC/statewide_margin_pct_vs_percent_SC_2026_box.png
[saved] /home/ubuntu/apps/election-app/win_prob/P/SC/statewide_margin_pct_vs_percent_SC_2026.png

All 50 states complete. See: /home/ubuntu/apps/election-app/win_prob/P/SC

$ /home/ubuntu/.venv/bin/python3 /home/ubuntu/apps/election-app/stats/8.py --root /home/ubuntu/apps/election-app/win_prob/P/SC/_work --outdir /home/ubuntu/apps/election-app/win_prob/P/SC
[info] root  = /home/ubuntu/apps/election-app/win_prob/P/SC/_work
[info] outdir= /home/ubuntu/apps/election-app/win_prob/P/SC
[deleted] /home/ubuntu/apps/election-app/win_prob/P/SC/_work/stats_with_statewide.csv
[deleted] /home/ubuntu/apps/election-app/win_prob/P/SC/_work/stats2_final_headers.csv
[deleted] /home/ubuntu/apps/election-app/win_prob/P/SC/_work/2024_county_results_with_final-old.csv
[deleted] /home/ubuntu/apps/election-app/win_prob/P/SC/_work/2024_county_results_with_final.csv
[deleted] /home/ubuntu/apps/election-app/win_prob/P/SC/_work/2024_county_results_with_final_1.csv
[deleted] /home/ubuntu/apps/election-app/win_prob/P/SC/_work/2024_county_results_with_calcs-old.csv
[deleted] /home/ubuntu/apps/election-app/win_prob/P/SC/_work/2024_county_results_with_calcs_new.csv
[deleted] /home/ubuntu/apps/election-app/win_prob/P/SC/_work/output_statewide_stats.csv
[skip]    /home/ubuntu/apps/election-app/win_prob/P/SC/_work/probs_timeseries_PA.csv
[deleted] /home/ubuntu/apps/election-app/win_prob/P/SC/_work/2024_county_results_with_calcs.csv
[skip]    /home/ubuntu/apps/election-app/win_prob/P/SC/data_output.csv
[skip]    /home/ubuntu/apps/election-app/win_prob/P/SC/data_output_with_margins_old.csv
[skip]    /home/ubuntu/apps/election-app/win_prob/P/SC/data_output_with_margins.csv
[skip]    /home/ubuntu/apps/election-app/win_prob/P/SC/data_output_with_margins-statewide.csv
[deleted] /home/ubuntu/apps/election-app/win_prob/P/SC/snapshots_SC.csv
[deleted] /home/ubuntu/apps/election-app/win_prob/P/SC/data_output_SC_with_margins_statewide_eevp.csv
[deleted] /home/ubuntu/apps/election-app/win_prob/P/SC/data_output_SC.csv
[deleted] /home/ubuntu/apps/election-app/win_prob/P/SC/data_output_SC_with_margins.csv
[deleted] /home/ubuntu/apps/election-app/win_prob/P/SC/data_output_SC.csv.checkpoint.json
[deleted] /home/ubuntu/apps/election-app/win_prob/P/SC/stats.csv
[deleted] /home/ubuntu/apps/election-app/win_prob/P/SC/stats2.csv
[done] removed 16 file(s)
[2026-01-24 02:32:48] INFO: [PIPELINE] args: office=P state=SC district=None
[2026-01-24 02:32:48] INFO: [PIPELINE] WINPROB_DIR resolved to: /home/ubuntu/apps/election-app/win_prob/P/SC
[2026-01-24 02:32:48] INFO: [PIPELINE] OUTDIR set to: /home/ubuntu/apps/election-app/win_prob/P/SC

$ /home/ubuntu/.venv/bin/python3 /home/ubuntu/apps/election-app/stats/1-statewide.py --input /home/ubuntu/apps/election-app/win_prob/P/SC/stats.csv --output /home/ubuntu/apps/election-app/win_prob/P/SC/_work/stats_with_statewide.csv
Wrote /home/ubuntu/apps/election-app/win_prob/P/SC/_work/stats_with_statewide.csv (rows=46)

$ /home/ubuntu/.venv/bin/python3 /home/ubuntu/apps/election-app/stats/1-stats-2.py --input /home/ubuntu/apps/election-app/win_prob/P/SC/stats2.csv --output /home/ubuntu/apps/election-app/win_prob/P/SC/_work/stats2_final_headers.csv
Wrote /home/ubuntu/apps/election-app/win_prob/P/SC/_work/stats2_final_headers.csv (rows=46)

$ /home/ubuntu/.venv/bin/python3 /home/ubuntu/apps/election-app/stats/1-append-new.py
Wrote 2024_county_results_with_final-old.csv (rows=46, missing_final_matches=0)

$ /home/ubuntu/.venv/bin/python3 /home/ubuntu/apps/election-app/stats/1-change_header.py
Wrote: 2024_county_results_with_final.csv

$ /home/ubuntu/.venv/bin/python3 /home/ubuntu/apps/election-app/stats/1-cut-zero-fips.py
Wrote: 2024_county_results_with_final_1.csv
Rows before: 46
Rows after:  46
Dropped (fips == 0): 0

$ /home/ubuntu/.venv/bin/python3 /home/ubuntu/apps/election-app/stats/2-calc.py
Wrote 46 rows with calculations to /home/ubuntu/apps/election-app/win_prob/P/SC/_work/2024_county_results_with_calcs-old.csv

$ /home/ubuntu/.venv/bin/python3 /home/ubuntu/apps/election-app/stats/2-eevp.py
Wrote (no-op copy): 2024_county_results_with_calcs.csv
Columns:
 - timestamp
 - state
 - county
 - fips
 - trump_votes
 - harris_votes
 - other_votes
 - eevp
 - state_eevp
 - harris_votes_statewide
 - trump_votes_statewide
 - other_votes_statewide
 - final_state
 - final_county
 - final_fips
 - final_trump_votes
 - final_harris_votes
 - final_other_votes
 - harris_percent_snapshot
 - trump_percent_snapshot
 - margin_snapshot
 - harris_percent_final
 - trump_percent_final
 - margin_final
 - margin_difference
 - margin_difference_abs

$ /home/ubuntu/.venv/bin/python3 /home/ubuntu/apps/election-app/stats/3-calc-new.py
Wrote 46 rows with new columns to /home/ubuntu/apps/election-app/win_prob/P/SC/_work/2024_county_results_with_calcs_new.csv

$ /home/ubuntu/.venv/bin/python3 /home/ubuntu/apps/election-app/stats/4-stats.py
Reading 2024_county_results_with_calcs_new.csv...
Aggregating statewide totals...
Calculating percentages and margins...
Writing to output_statewide_stats.csv...
Done!
[2026-01-24 02:32:58] INFO: [PIPELINE] ENTER win-prob generation | states=['SC'] ts_list=['2024-11-05T15-30-22']

============================================================================
[01/1] STATE = SC
============================================================================

$ /home/ubuntu/.venv/bin/python3 /home/ubuntu/apps/election-app/stats/5-snapshots.py --state SC --input /home/ubuntu/apps/election-app/win_prob/P/SC/_work/output_statewide_stats.csv --output /home/ubuntu/apps/election-app/win_prob/P/SC/snapshots_SC.csv --start 2024-11-05T15-30-22 --end 2024-11-05T15-30-22 --use-window 1 --interval 30
Mode: windowed-one-state
Rows written: 46
Distinct states in output: SC
Rows per normalized timestamp (empty = unparseable):
  2024-11-05T15-30-22: 46
Wrote /home/ubuntu/apps/election-app/win_prob/P/SC/snapshots_SC.csv

$ /home/ubuntu/.venv/bin/python3 /home/ubuntu/apps/election-app/stats/6-pval.py /home/ubuntu/apps/election-app/win_prob/P/SC/snapshots_SC.csv -t /home/ubuntu/apps/election-app/stats/parameters.csv -o /home/ubuntu/apps/election-app/win_prob/P/SC/data_output_SC.csv -c 50
Done. Wrote: /home/ubuntu/apps/election-app/win_prob/P/SC/data_output_SC.csv
Total rows: 46 (chunked, resumable).
Computed columns for PVALS = [0.01, 0.1, 1, 2, 3, 5, 10, 15, 20, 25, 30, 35, 40, 45, 50, 55, 60, 65, 70, 75, 80, 85, 90, 95, 97, 98, 99, 99.9, 99.99]
Per p (leader): shift_{p}, margin_new_{p}, harris_percent_new_{p}, trump_percent_new_{p}, total_snapshot_{p}, total_expected_{p}, harris_votes_new_{p}, trump_votes_new_{p}
Per p (trailing): shift_trailing_{p}, margin_new_{p}_trailing, harris_percent_new_{p}_trailing, trump_percent_new_{p}_trailing, total_snapshot_{p}_trailing, total_expected_{p}_trailing, harris_votes_new_{p}_trailing, trump_votes_new_{p}_trailing
Checkpoint saved at: /home/ubuntu/apps/election-app/win_prob/P/SC/data_output_SC.csv.checkpoint.json

$ /home/ubuntu/.venv/bin/python3 /home/ubuntu/apps/election-app/stats/7-margin-new.py
Wrote data_output_with_margins_old.csv

$ /home/ubuntu/.venv/bin/python3 /home/ubuntu/apps/election-app/stats/7-eevp-statewide.py
Wrote data_output_with_margins.csv (copied from data_output_with_margins_old.csv)

$ /home/ubuntu/.venv/bin/python3 /home/ubuntu/apps/election-app/stats/7.py --input /home/ubuntu/apps/election-app/win_prob/P/SC/data_output_SC_with_margins_statewide_eevp.csv --output /home/ubuntu/apps/election-app/win_prob/P/SC/statewide_margin_pct_vs_percent_SC_2026.png --state SC --start 2024-11-05T15-30-22 --end 2024-11-05T15-30-22 --stats /home/ubuntu/apps/election-app/win_prob/P/SC/stats.csv --stats2 /home/ubuntu/apps/election-app/win_prob/P/SC/stats2.csv --interval 30 --year 2026 --jsonl /home/ubuntu/apps/election-app/win_prob/P/SC/plotdata_SC_2026_2026-01-24T02-32-48.jsonl
[info] evaluating 1 timestamps from 2024-11-05T15-30-22 to 2024-11-05T15-30-22 every 30 minutes
[saved] probs_timeseries_SC.csv  (1 points)
[saved] /home/ubuntu/apps/election-app/win_prob/P/SC/plotdata_SC_2026_2026-01-24T02-32-48.jsonl  (4 points)
[saved] /home/ubuntu/apps/election-app/win_prob/P/SC/statewide_margin_pct_vs_percent_SC_2026_box.json
[saved] /home/ubuntu/apps/election-app/win_prob/P/SC/statewide_margin_pct_vs_percent_SC_2026_box.png
[saved] /home/ubuntu/apps/election-app/win_prob/P/SC/statewide_margin_pct_vs_percent_SC_2026.png

All 50 states complete. See: /home/ubuntu/apps/election-app/win_prob/P/SC

$ /home/ubuntu/.venv/bin/python3 /home/ubuntu/apps/election-app/stats/8.py --root /home/ubuntu/apps/election-app/win_prob/P/SC/_work --outdir /home/ubuntu/apps/election-app/win_prob/P/SC
[info] root  = /home/ubuntu/apps/election-app/win_prob/P/SC/_work
[info] outdir= /home/ubuntu/apps/election-app/win_prob/P/SC
[deleted] /home/ubuntu/apps/election-app/win_prob/P/SC/_work/stats_with_statewide.csv
[deleted] /home/ubuntu/apps/election-app/win_prob/P/SC/_work/stats2_final_headers.csv
[deleted] /home/ubuntu/apps/election-app/win_prob/P/SC/_work/2024_county_results_with_final-old.csv
[deleted] /home/ubuntu/apps/election-app/win_prob/P/SC/_work/2024_county_results_with_final.csv
[deleted] /home/ubuntu/apps/election-app/win_prob/P/SC/_work/2024_county_results_with_final_1.csv
[deleted] /home/ubuntu/apps/election-app/win_prob/P/SC/_work/2024_county_results_with_calcs-old.csv
[deleted] /home/ubuntu/apps/election-app/win_prob/P/SC/_work/2024_county_results_with_calcs_new.csv
[deleted] /home/ubuntu/apps/election-app/win_prob/P/SC/_work/output_statewide_stats.csv
[skip]    /home/ubuntu/apps/election-app/win_prob/P/SC/_work/probs_timeseries_PA.csv
[deleted] /home/ubuntu/apps/election-app/win_prob/P/SC/_work/2024_county_results_with_calcs.csv
[skip]    /home/ubuntu/apps/election-app/win_prob/P/SC/data_output.csv
[skip]    /home/ubuntu/apps/election-app/win_prob/P/SC/data_output_with_margins_old.csv
[skip]    /home/ubuntu/apps/election-app/win_prob/P/SC/data_output_with_margins.csv
[skip]    /home/ubuntu/apps/election-app/win_prob/P/SC/data_output_with_margins-statewide.csv
[deleted] /home/ubuntu/apps/election-app/win_prob/P/SC/snapshots_SC.csv
[deleted] /home/ubuntu/apps/election-app/win_prob/P/SC/data_output_SC_with_margins_statewide_eevp.csv
[deleted] /home/ubuntu/apps/election-app/win_prob/P/SC/data_output_SC.csv
[deleted] /home/ubuntu/apps/election-app/win_prob/P/SC/data_output_SC_with_margins.csv
[deleted] /home/ubuntu/apps/election-app/win_prob/P/SC/data_output_SC.csv.checkpoint.json
[deleted] /home/ubuntu/apps/election-app/win_prob/P/SC/stats.csv
[deleted] /home/ubuntu/apps/election-app/win_prob/P/SC/stats2.csv
[done] removed 16 file(s)
[2026-01-26 00:05:41] INFO: [PIPELINE] args: office=P state=SC district=None
[2026-01-26 00:05:41] INFO: [PIPELINE] WINPROB_DIR resolved to: /home/ubuntu/apps/election-app/win_prob/P/SC
[2026-01-26 00:05:41] INFO: [PIPELINE] OUTDIR set to: /home/ubuntu/apps/election-app/win_prob/P/SC

$ /home/ubuntu/.venv/bin/python3 /home/ubuntu/apps/election-app/stats/1-statewide.py --input /home/ubuntu/apps/election-app/win_prob/P/SC/stats.csv --output /home/ubuntu/apps/election-app/win_prob/P/SC/_work/stats_with_statewide.csv
Wrote /home/ubuntu/apps/election-app/win_prob/P/SC/_work/stats_with_statewide.csv (rows=46)

$ /home/ubuntu/.venv/bin/python3 /home/ubuntu/apps/election-app/stats/1-stats-2.py --input /home/ubuntu/apps/election-app/win_prob/P/SC/stats2.csv --output /home/ubuntu/apps/election-app/win_prob/P/SC/_work/stats2_final_headers.csv
Wrote /home/ubuntu/apps/election-app/win_prob/P/SC/_work/stats2_final_headers.csv (rows=46)

$ /home/ubuntu/.venv/bin/python3 /home/ubuntu/apps/election-app/stats/1-append-new.py
Wrote 2024_county_results_with_final-old.csv (rows=46, missing_final_matches=0)

$ /home/ubuntu/.venv/bin/python3 /home/ubuntu/apps/election-app/stats/1-change_header.py
Wrote: 2024_county_results_with_final.csv

$ /home/ubuntu/.venv/bin/python3 /home/ubuntu/apps/election-app/stats/1-cut-zero-fips.py
Wrote: 2024_county_results_with_final_1.csv
Rows before: 46
Rows after:  46
Dropped (fips == 0): 0

$ /home/ubuntu/.venv/bin/python3 /home/ubuntu/apps/election-app/stats/2-calc.py
Wrote 46 rows with calculations to /home/ubuntu/apps/election-app/win_prob/P/SC/_work/2024_county_results_with_calcs-old.csv

$ /home/ubuntu/.venv/bin/python3 /home/ubuntu/apps/election-app/stats/2-eevp.py
Wrote (no-op copy): 2024_county_results_with_calcs.csv
Columns:
 - timestamp
 - state
 - county
 - fips
 - trump_votes
 - harris_votes
 - other_votes
 - eevp
 - state_eevp
 - harris_votes_statewide
 - trump_votes_statewide
 - other_votes_statewide
 - final_state
 - final_county
 - final_fips
 - final_trump_votes
 - final_harris_votes
 - final_other_votes
 - harris_percent_snapshot
 - trump_percent_snapshot
 - margin_snapshot
 - harris_percent_final
 - trump_percent_final
 - margin_final
 - margin_difference
 - margin_difference_abs

$ /home/ubuntu/.venv/bin/python3 /home/ubuntu/apps/election-app/stats/3-calc-new.py
Wrote 46 rows with new columns to /home/ubuntu/apps/election-app/win_prob/P/SC/_work/2024_county_results_with_calcs_new.csv

$ /home/ubuntu/.venv/bin/python3 /home/ubuntu/apps/election-app/stats/4-stats.py
Reading 2024_county_results_with_calcs_new.csv...
Aggregating statewide totals...
Calculating percentages and margins...
Writing to output_statewide_stats.csv...
Done!
[2026-01-26 00:05:50] INFO: [PIPELINE] ENTER win-prob generation | states=['SC'] ts_list=['2024-11-05T15-30-22']

============================================================================
[01/1] STATE = SC
============================================================================

$ /home/ubuntu/.venv/bin/python3 /home/ubuntu/apps/election-app/stats/5-snapshots.py --state SC --input /home/ubuntu/apps/election-app/win_prob/P/SC/_work/output_statewide_stats.csv --output /home/ubuntu/apps/election-app/win_prob/P/SC/snapshots_SC.csv --start 2024-11-05T15-30-22 --end 2024-11-05T15-30-22 --use-window 1 --interval 30
Mode: windowed-one-state
Rows written: 46
Distinct states in output: SC
Rows per normalized timestamp (empty = unparseable):
  2024-11-05T15-30-22: 46
Wrote /home/ubuntu/apps/election-app/win_prob/P/SC/snapshots_SC.csv

$ /home/ubuntu/.venv/bin/python3 /home/ubuntu/apps/election-app/stats/6-pval.py /home/ubuntu/apps/election-app/win_prob/P/SC/snapshots_SC.csv -t /home/ubuntu/apps/election-app/stats/parameters.csv -o /home/ubuntu/apps/election-app/win_prob/P/SC/data_output_SC.csv -c 50
Done. Wrote: /home/ubuntu/apps/election-app/win_prob/P/SC/data_output_SC.csv
Total rows: 46 (chunked, resumable).
Computed columns for PVALS = [0.01, 0.1, 1, 2, 3, 5, 10, 15, 20, 25, 30, 35, 40, 45, 50, 55, 60, 65, 70, 75, 80, 85, 90, 95, 97, 98, 99, 99.9, 99.99]
Per p (leader): shift_{p}, margin_new_{p}, harris_percent_new_{p}, trump_percent_new_{p}, total_snapshot_{p}, total_expected_{p}, harris_votes_new_{p}, trump_votes_new_{p}
Per p (trailing): shift_trailing_{p}, margin_new_{p}_trailing, harris_percent_new_{p}_trailing, trump_percent_new_{p}_trailing, total_snapshot_{p}_trailing, total_expected_{p}_trailing, harris_votes_new_{p}_trailing, trump_votes_new_{p}_trailing
Checkpoint saved at: /home/ubuntu/apps/election-app/win_prob/P/SC/data_output_SC.csv.checkpoint.json

$ /home/ubuntu/.venv/bin/python3 /home/ubuntu/apps/election-app/stats/7-margin-new.py
Wrote data_output_with_margins_old.csv

$ /home/ubuntu/.venv/bin/python3 /home/ubuntu/apps/election-app/stats/7-eevp-statewide.py
Wrote data_output_with_margins.csv (copied from data_output_with_margins_old.csv)

$ /home/ubuntu/.venv/bin/python3 /home/ubuntu/apps/election-app/stats/7.py --input /home/ubuntu/apps/election-app/win_prob/P/SC/data_output_SC_with_margins_statewide_eevp.csv --output /home/ubuntu/apps/election-app/win_prob/P/SC/statewide_margin_pct_vs_percent_SC_2026.png --state SC --start 2024-11-05T15-30-22 --end 2024-11-05T15-30-22 --stats /home/ubuntu/apps/election-app/win_prob/P/SC/stats.csv --stats2 /home/ubuntu/apps/election-app/win_prob/P/SC/stats2.csv --interval 30 --year 2026 --jsonl /home/ubuntu/apps/election-app/win_prob/P/SC/plotdata_SC_2026_2026-01-26T00-05-41.jsonl
[info] evaluating 1 timestamps from 2024-11-05T15-30-22 to 2024-11-05T15-30-22 every 30 minutes
[saved] probs_timeseries_SC.csv  (1 points)
[saved] /home/ubuntu/apps/election-app/win_prob/P/SC/plotdata_SC_2026_2026-01-26T00-05-41.jsonl  (0 points)
[saved] /home/ubuntu/apps/election-app/win_prob/P/SC/statewide_margin_pct_vs_percent_SC_2026_box.json
[saved] /home/ubuntu/apps/election-app/win_prob/P/SC/statewide_margin_pct_vs_percent_SC_2026_box.png
[saved] /home/ubuntu/apps/election-app/win_prob/P/SC/statewide_margin_pct_vs_percent_SC_2026.png

All 50 states complete. See: /home/ubuntu/apps/election-app/win_prob/P/SC

$ /home/ubuntu/.venv/bin/python3 /home/ubuntu/apps/election-app/stats/8.py --root /home/ubuntu/apps/election-app/win_prob/P/SC/_work --outdir /home/ubuntu/apps/election-app/win_prob/P/SC
[info] root  = /home/ubuntu/apps/election-app/win_prob/P/SC/_work
[info] outdir= /home/ubuntu/apps/election-app/win_prob/P/SC
[deleted] /home/ubuntu/apps/election-app/win_prob/P/SC/_work/stats_with_statewide.csv
[deleted] /home/ubuntu/apps/election-app/win_prob/P/SC/_work/stats2_final_headers.csv
[deleted] /home/ubuntu/apps/election-app/win_prob/P/SC/_work/2024_county_results_with_final-old.csv
[deleted] /home/ubuntu/apps/election-app/win_prob/P/SC/_work/2024_county_results_with_final.csv
[deleted] /home/ubuntu/apps/election-app/win_prob/P/SC/_work/2024_county_results_with_final_1.csv
[deleted] /home/ubuntu/apps/election-app/win_prob/P/SC/_work/2024_county_results_with_calcs-old.csv
[deleted] /home/ubuntu/apps/election-app/win_prob/P/SC/_work/2024_county_results_with_calcs_new.csv
[deleted] /home/ubuntu/apps/election-app/win_prob/P/SC/_work/output_statewide_stats.csv
[skip]    /home/ubuntu/apps/election-app/win_prob/P/SC/_work/probs_timeseries_PA.csv
[deleted] /home/ubuntu/apps/election-app/win_prob/P/SC/_work/2024_county_results_with_calcs.csv
[skip]    /home/ubuntu/apps/election-app/win_prob/P/SC/data_output.csv
[skip]    /home/ubuntu/apps/election-app/win_prob/P/SC/data_output_with_margins_old.csv
[skip]    /home/ubuntu/apps/election-app/win_prob/P/SC/data_output_with_margins.csv
[skip]    /home/ubuntu/apps/election-app/win_prob/P/SC/data_output_with_margins-statewide.csv
[deleted] /home/ubuntu/apps/election-app/win_prob/P/SC/snapshots_SC.csv
[deleted] /home/ubuntu/apps/election-app/win_prob/P/SC/data_output_SC_with_margins_statewide_eevp.csv
[deleted] /home/ubuntu/apps/election-app/win_prob/P/SC/data_output_SC.csv
[deleted] /home/ubuntu/apps/election-app/win_prob/P/SC/data_output_SC_with_margins.csv
[deleted] /home/ubuntu/apps/election-app/win_prob/P/SC/data_output_SC.csv.checkpoint.json
[deleted] /home/ubuntu/apps/election-app/win_prob/P/SC/stats.csv
[deleted] /home/ubuntu/apps/election-app/win_prob/P/SC/stats2.csv
[done] removed 16 file(s)
[2026-01-26 00:12:43] INFO: [PIPELINE] args: office=P state=SC district=None
[2026-01-26 00:12:43] INFO: [PIPELINE] WINPROB_DIR resolved to: /home/ubuntu/apps/election-app/win_prob/P/SC
[2026-01-26 00:12:43] INFO: [PIPELINE] OUTDIR set to: /home/ubuntu/apps/election-app/win_prob/P/SC

$ /home/ubuntu/.venv/bin/python3 /home/ubuntu/apps/election-app/stats/1-statewide.py --input /home/ubuntu/apps/election-app/win_prob/P/SC/stats.csv --output /home/ubuntu/apps/election-app/win_prob/P/SC/_work/stats_with_statewide.csv
Wrote /home/ubuntu/apps/election-app/win_prob/P/SC/_work/stats_with_statewide.csv (rows=46)

$ /home/ubuntu/.venv/bin/python3 /home/ubuntu/apps/election-app/stats/1-stats-2.py --input /home/ubuntu/apps/election-app/win_prob/P/SC/stats2.csv --output /home/ubuntu/apps/election-app/win_prob/P/SC/_work/stats2_final_headers.csv
Wrote /home/ubuntu/apps/election-app/win_prob/P/SC/_work/stats2_final_headers.csv (rows=46)

$ /home/ubuntu/.venv/bin/python3 /home/ubuntu/apps/election-app/stats/1-append-new.py
Wrote 2024_county_results_with_final-old.csv (rows=46, missing_final_matches=0)

$ /home/ubuntu/.venv/bin/python3 /home/ubuntu/apps/election-app/stats/1-change_header.py
Wrote: 2024_county_results_with_final.csv

$ /home/ubuntu/.venv/bin/python3 /home/ubuntu/apps/election-app/stats/1-cut-zero-fips.py
Wrote: 2024_county_results_with_final_1.csv
Rows before: 46
Rows after:  46
Dropped (fips == 0): 0

$ /home/ubuntu/.venv/bin/python3 /home/ubuntu/apps/election-app/stats/2-calc.py
Wrote 46 rows with calculations to /home/ubuntu/apps/election-app/win_prob/P/SC/_work/2024_county_results_with_calcs-old.csv

$ /home/ubuntu/.venv/bin/python3 /home/ubuntu/apps/election-app/stats/2-eevp.py
Wrote (no-op copy): 2024_county_results_with_calcs.csv
Columns:
 - timestamp
 - state
 - county
 - fips
 - trump_votes
 - harris_votes
 - other_votes
 - eevp
 - state_eevp
 - harris_votes_statewide
 - trump_votes_statewide
 - other_votes_statewide
 - final_state
 - final_county
 - final_fips
 - final_trump_votes
 - final_harris_votes
 - final_other_votes
 - harris_percent_snapshot
 - trump_percent_snapshot
 - margin_snapshot
 - harris_percent_final
 - trump_percent_final
 - margin_final
 - margin_difference
 - margin_difference_abs

$ /home/ubuntu/.venv/bin/python3 /home/ubuntu/apps/election-app/stats/3-calc-new.py
Wrote 46 rows with new columns to /home/ubuntu/apps/election-app/win_prob/P/SC/_work/2024_county_results_with_calcs_new.csv

$ /home/ubuntu/.venv/bin/python3 /home/ubuntu/apps/election-app/stats/4-stats.py
Reading 2024_county_results_with_calcs_new.csv...
Aggregating statewide totals...
Calculating percentages and margins...
Writing to output_statewide_stats.csv...
Done!
[2026-01-26 00:12:52] INFO: [PIPELINE] ENTER win-prob generation | states=['SC'] ts_list=['2024-11-05T15-30-22']

============================================================================
[01/1] STATE = SC
============================================================================

$ /home/ubuntu/.venv/bin/python3 /home/ubuntu/apps/election-app/stats/5-snapshots.py --state SC --input /home/ubuntu/apps/election-app/win_prob/P/SC/_work/output_statewide_stats.csv --output /home/ubuntu/apps/election-app/win_prob/P/SC/snapshots_SC.csv --start 2024-11-05T15-30-22 --end 2024-11-05T15-30-22 --use-window 1 --interval 30
Mode: windowed-one-state
Rows written: 46
Distinct states in output: SC
Rows per normalized timestamp (empty = unparseable):
  2024-11-05T15-30-22: 46
Wrote /home/ubuntu/apps/election-app/win_prob/P/SC/snapshots_SC.csv

$ /home/ubuntu/.venv/bin/python3 /home/ubuntu/apps/election-app/stats/6-pval.py /home/ubuntu/apps/election-app/win_prob/P/SC/snapshots_SC.csv -t /home/ubuntu/apps/election-app/stats/parameters.csv -o /home/ubuntu/apps/election-app/win_prob/P/SC/data_output_SC.csv -c 50
Done. Wrote: /home/ubuntu/apps/election-app/win_prob/P/SC/data_output_SC.csv
Total rows: 46 (chunked, resumable).
Computed columns for PVALS = [0.01, 0.1, 1, 2, 3, 5, 10, 15, 20, 25, 30, 35, 40, 45, 50, 55, 60, 65, 70, 75, 80, 85, 90, 95, 97, 98, 99, 99.9, 99.99]
Per p (leader): shift_{p}, margin_new_{p}, harris_percent_new_{p}, trump_percent_new_{p}, total_snapshot_{p}, total_expected_{p}, harris_votes_new_{p}, trump_votes_new_{p}
Per p (trailing): shift_trailing_{p}, margin_new_{p}_trailing, harris_percent_new_{p}_trailing, trump_percent_new_{p}_trailing, total_snapshot_{p}_trailing, total_expected_{p}_trailing, harris_votes_new_{p}_trailing, trump_votes_new_{p}_trailing
Checkpoint saved at: /home/ubuntu/apps/election-app/win_prob/P/SC/data_output_SC.csv.checkpoint.json

$ /home/ubuntu/.venv/bin/python3 /home/ubuntu/apps/election-app/stats/7-margin-new.py
Wrote data_output_with_margins_old.csv

$ /home/ubuntu/.venv/bin/python3 /home/ubuntu/apps/election-app/stats/7-eevp-statewide.py
Wrote data_output_with_margins.csv (copied from data_output_with_margins_old.csv)

$ /home/ubuntu/.venv/bin/python3 /home/ubuntu/apps/election-app/stats/7.py --input /home/ubuntu/apps/election-app/win_prob/P/SC/data_output_SC_with_margins_statewide_eevp.csv --output /home/ubuntu/apps/election-app/win_prob/P/SC/statewide_margin_pct_vs_percent_SC_2026.png --state SC --start 2024-11-05T15-30-22 --end 2024-11-05T15-30-22 --stats /home/ubuntu/apps/election-app/win_prob/P/SC/stats.csv --stats2 /home/ubuntu/apps/election-app/win_prob/P/SC/stats2.csv --interval 30 --year 2026 --jsonl /home/ubuntu/apps/election-app/win_prob/P/SC/plotdata_SC_2026_2026-01-26T00-12-43.jsonl
[info] evaluating 1 timestamps from 2024-11-05T15-30-22 to 2024-11-05T15-30-22 every 30 minutes
[saved] probs_timeseries_SC.csv  (1 points)
[saved] /home/ubuntu/apps/election-app/win_prob/P/SC/plotdata_SC_2026_2026-01-26T00-12-43.jsonl  (4 points)
[saved] /home/ubuntu/apps/election-app/win_prob/P/SC/statewide_margin_pct_vs_percent_SC_2026_box.json
[saved] /home/ubuntu/apps/election-app/win_prob/P/SC/statewide_margin_pct_vs_percent_SC_2026_box.png
[saved] /home/ubuntu/apps/election-app/win_prob/P/SC/statewide_margin_pct_vs_percent_SC_2026.png

All 50 states complete. See: /home/ubuntu/apps/election-app/win_prob/P/SC

$ /home/ubuntu/.venv/bin/python3 /home/ubuntu/apps/election-app/stats/8.py --root /home/ubuntu/apps/election-app/win_prob/P/SC/_work --outdir /home/ubuntu/apps/election-app/win_prob/P/SC
[info] root  = /home/ubuntu/apps/election-app/win_prob/P/SC/_work
[info] outdir= /home/ubuntu/apps/election-app/win_prob/P/SC
[deleted] /home/ubuntu/apps/election-app/win_prob/P/SC/_work/stats_with_statewide.csv
[deleted] /home/ubuntu/apps/election-app/win_prob/P/SC/_work/stats2_final_headers.csv
[deleted] /home/ubuntu/apps/election-app/win_prob/P/SC/_work/2024_county_results_with_final-old.csv
[deleted] /home/ubuntu/apps/election-app/win_prob/P/SC/_work/2024_county_results_with_final.csv
[deleted] /home/ubuntu/apps/election-app/win_prob/P/SC/_work/2024_county_results_with_final_1.csv
[deleted] /home/ubuntu/apps/election-app/win_prob/P/SC/_work/2024_county_results_with_calcs-old.csv
[deleted] /home/ubuntu/apps/election-app/win_prob/P/SC/_work/2024_county_results_with_calcs_new.csv
[deleted] /home/ubuntu/apps/election-app/win_prob/P/SC/_work/output_statewide_stats.csv
[skip]    /home/ubuntu/apps/election-app/win_prob/P/SC/_work/probs_timeseries_PA.csv
[deleted] /home/ubuntu/apps/election-app/win_prob/P/SC/_work/2024_county_results_with_calcs.csv
[skip]    /home/ubuntu/apps/election-app/win_prob/P/SC/data_output.csv
[skip]    /home/ubuntu/apps/election-app/win_prob/P/SC/data_output_with_margins_old.csv
[skip]    /home/ubuntu/apps/election-app/win_prob/P/SC/data_output_with_margins.csv
[skip]    /home/ubuntu/apps/election-app/win_prob/P/SC/data_output_with_margins-statewide.csv
[deleted] /home/ubuntu/apps/election-app/win_prob/P/SC/snapshots_SC.csv
[deleted] /home/ubuntu/apps/election-app/win_prob/P/SC/data_output_SC_with_margins_statewide_eevp.csv
[deleted] /home/ubuntu/apps/election-app/win_prob/P/SC/data_output_SC.csv
[deleted] /home/ubuntu/apps/election-app/win_prob/P/SC/data_output_SC_with_margins.csv
[deleted] /home/ubuntu/apps/election-app/win_prob/P/SC/data_output_SC.csv.checkpoint.json
[deleted] /home/ubuntu/apps/election-app/win_prob/P/SC/stats.csv
[deleted] /home/ubuntu/apps/election-app/win_prob/P/SC/stats2.csv
[done] removed 16 file(s)
[2026-01-26 00:19:45] INFO: [PIPELINE] args: office=P state=SC district=None
[2026-01-26 00:19:45] INFO: [PIPELINE] WINPROB_DIR resolved to: /home/ubuntu/apps/election-app/win_prob/P/SC
[2026-01-26 00:19:45] INFO: [PIPELINE] OUTDIR set to: /home/ubuntu/apps/election-app/win_prob/P/SC

$ /home/ubuntu/.venv/bin/python3 /home/ubuntu/apps/election-app/stats/1-statewide.py --input /home/ubuntu/apps/election-app/win_prob/P/SC/stats.csv --output /home/ubuntu/apps/election-app/win_prob/P/SC/_work/stats_with_statewide.csv
Wrote /home/ubuntu/apps/election-app/win_prob/P/SC/_work/stats_with_statewide.csv (rows=46)

$ /home/ubuntu/.venv/bin/python3 /home/ubuntu/apps/election-app/stats/1-stats-2.py --input /home/ubuntu/apps/election-app/win_prob/P/SC/stats2.csv --output /home/ubuntu/apps/election-app/win_prob/P/SC/_work/stats2_final_headers.csv
Wrote /home/ubuntu/apps/election-app/win_prob/P/SC/_work/stats2_final_headers.csv (rows=46)

$ /home/ubuntu/.venv/bin/python3 /home/ubuntu/apps/election-app/stats/1-append-new.py
Wrote 2024_county_results_with_final-old.csv (rows=46, missing_final_matches=0)

$ /home/ubuntu/.venv/bin/python3 /home/ubuntu/apps/election-app/stats/1-change_header.py
Wrote: 2024_county_results_with_final.csv

$ /home/ubuntu/.venv/bin/python3 /home/ubuntu/apps/election-app/stats/1-cut-zero-fips.py
Wrote: 2024_county_results_with_final_1.csv
Rows before: 46
Rows after:  46
Dropped (fips == 0): 0

$ /home/ubuntu/.venv/bin/python3 /home/ubuntu/apps/election-app/stats/2-calc.py
Wrote 46 rows with calculations to /home/ubuntu/apps/election-app/win_prob/P/SC/_work/2024_county_results_with_calcs-old.csv

$ /home/ubuntu/.venv/bin/python3 /home/ubuntu/apps/election-app/stats/2-eevp.py
Wrote (no-op copy): 2024_county_results_with_calcs.csv
Columns:
 - timestamp
 - state
 - county
 - fips
 - trump_votes
 - harris_votes
 - other_votes
 - eevp
 - state_eevp
 - harris_votes_statewide
 - trump_votes_statewide
 - other_votes_statewide
 - final_state
 - final_county
 - final_fips
 - final_trump_votes
 - final_harris_votes
 - final_other_votes
 - harris_percent_snapshot
 - trump_percent_snapshot
 - margin_snapshot
 - harris_percent_final
 - trump_percent_final
 - margin_final
 - margin_difference
 - margin_difference_abs

$ /home/ubuntu/.venv/bin/python3 /home/ubuntu/apps/election-app/stats/3-calc-new.py
Wrote 46 rows with new columns to /home/ubuntu/apps/election-app/win_prob/P/SC/_work/2024_county_results_with_calcs_new.csv

$ /home/ubuntu/.venv/bin/python3 /home/ubuntu/apps/election-app/stats/4-stats.py
Reading 2024_county_results_with_calcs_new.csv...
Aggregating statewide totals...
Calculating percentages and margins...
Writing to output_statewide_stats.csv...
Done!
[2026-01-26 00:19:54] INFO: [PIPELINE] ENTER win-prob generation | states=['SC'] ts_list=['2024-11-05T15-30-22']

============================================================================
[01/1] STATE = SC
============================================================================

$ /home/ubuntu/.venv/bin/python3 /home/ubuntu/apps/election-app/stats/5-snapshots.py --state SC --input /home/ubuntu/apps/election-app/win_prob/P/SC/_work/output_statewide_stats.csv --output /home/ubuntu/apps/election-app/win_prob/P/SC/snapshots_SC.csv --start 2024-11-05T15-30-22 --end 2024-11-05T15-30-22 --use-window 1 --interval 30
Mode: windowed-one-state
Rows written: 46
Distinct states in output: SC
Rows per normalized timestamp (empty = unparseable):
  2024-11-05T15-30-22: 46
Wrote /home/ubuntu/apps/election-app/win_prob/P/SC/snapshots_SC.csv

$ /home/ubuntu/.venv/bin/python3 /home/ubuntu/apps/election-app/stats/6-pval.py /home/ubuntu/apps/election-app/win_prob/P/SC/snapshots_SC.csv -t /home/ubuntu/apps/election-app/stats/parameters.csv -o /home/ubuntu/apps/election-app/win_prob/P/SC/data_output_SC.csv -c 50
Done. Wrote: /home/ubuntu/apps/election-app/win_prob/P/SC/data_output_SC.csv
Total rows: 46 (chunked, resumable).
Computed columns for PVALS = [0.01, 0.1, 1, 2, 3, 5, 10, 15, 20, 25, 30, 35, 40, 45, 50, 55, 60, 65, 70, 75, 80, 85, 90, 95, 97, 98, 99, 99.9, 99.99]
Per p (leader): shift_{p}, margin_new_{p}, harris_percent_new_{p}, trump_percent_new_{p}, total_snapshot_{p}, total_expected_{p}, harris_votes_new_{p}, trump_votes_new_{p}
Per p (trailing): shift_trailing_{p}, margin_new_{p}_trailing, harris_percent_new_{p}_trailing, trump_percent_new_{p}_trailing, total_snapshot_{p}_trailing, total_expected_{p}_trailing, harris_votes_new_{p}_trailing, trump_votes_new_{p}_trailing
Checkpoint saved at: /home/ubuntu/apps/election-app/win_prob/P/SC/data_output_SC.csv.checkpoint.json

$ /home/ubuntu/.venv/bin/python3 /home/ubuntu/apps/election-app/stats/7-margin-new.py
Wrote data_output_with_margins_old.csv

$ /home/ubuntu/.venv/bin/python3 /home/ubuntu/apps/election-app/stats/7-eevp-statewide.py
Wrote data_output_with_margins.csv (copied from data_output_with_margins_old.csv)

$ /home/ubuntu/.venv/bin/python3 /home/ubuntu/apps/election-app/stats/7.py --input /home/ubuntu/apps/election-app/win_prob/P/SC/data_output_SC_with_margins_statewide_eevp.csv --output /home/ubuntu/apps/election-app/win_prob/P/SC/statewide_margin_pct_vs_percent_SC_2026.png --state SC --start 2024-11-05T15-30-22 --end 2024-11-05T15-30-22 --stats /home/ubuntu/apps/election-app/win_prob/P/SC/stats.csv --stats2 /home/ubuntu/apps/election-app/win_prob/P/SC/stats2.csv --interval 30 --year 2026 --jsonl /home/ubuntu/apps/election-app/win_prob/P/SC/plotdata_SC_2026_2026-01-26T00-19-45.jsonl
[info] evaluating 1 timestamps from 2024-11-05T15-30-22 to 2024-11-05T15-30-22 every 30 minutes
[saved] probs_timeseries_SC.csv  (1 points)
[saved] /home/ubuntu/apps/election-app/win_prob/P/SC/plotdata_SC_2026_2026-01-26T00-19-45.jsonl  (4 points)
[saved] /home/ubuntu/apps/election-app/win_prob/P/SC/statewide_margin_pct_vs_percent_SC_2026_box.json
[saved] /home/ubuntu/apps/election-app/win_prob/P/SC/statewide_margin_pct_vs_percent_SC_2026_box.png
[saved] /home/ubuntu/apps/election-app/win_prob/P/SC/statewide_margin_pct_vs_percent_SC_2026.png

All 50 states complete. See: /home/ubuntu/apps/election-app/win_prob/P/SC

$ /home/ubuntu/.venv/bin/python3 /home/ubuntu/apps/election-app/stats/8.py --root /home/ubuntu/apps/election-app/win_prob/P/SC/_work --outdir /home/ubuntu/apps/election-app/win_prob/P/SC
[info] root  = /home/ubuntu/apps/election-app/win_prob/P/SC/_work
[info] outdir= /home/ubuntu/apps/election-app/win_prob/P/SC
[deleted] /home/ubuntu/apps/election-app/win_prob/P/SC/_work/stats_with_statewide.csv
[deleted] /home/ubuntu/apps/election-app/win_prob/P/SC/_work/stats2_final_headers.csv
[deleted] /home/ubuntu/apps/election-app/win_prob/P/SC/_work/2024_county_results_with_final-old.csv
[deleted] /home/ubuntu/apps/election-app/win_prob/P/SC/_work/2024_county_results_with_final.csv
[deleted] /home/ubuntu/apps/election-app/win_prob/P/SC/_work/2024_county_results_with_final_1.csv
[deleted] /home/ubuntu/apps/election-app/win_prob/P/SC/_work/2024_county_results_with_calcs-old.csv
[deleted] /home/ubuntu/apps/election-app/win_prob/P/SC/_work/2024_county_results_with_calcs_new.csv
[deleted] /home/ubuntu/apps/election-app/win_prob/P/SC/_work/output_statewide_stats.csv
[skip]    /home/ubuntu/apps/election-app/win_prob/P/SC/_work/probs_timeseries_PA.csv
[deleted] /home/ubuntu/apps/election-app/win_prob/P/SC/_work/2024_county_results_with_calcs.csv
[skip]    /home/ubuntu/apps/election-app/win_prob/P/SC/data_output.csv
[skip]    /home/ubuntu/apps/election-app/win_prob/P/SC/data_output_with_margins_old.csv
[skip]    /home/ubuntu/apps/election-app/win_prob/P/SC/data_output_with_margins.csv
[skip]    /home/ubuntu/apps/election-app/win_prob/P/SC/data_output_with_margins-statewide.csv
[deleted] /home/ubuntu/apps/election-app/win_prob/P/SC/snapshots_SC.csv
[deleted] /home/ubuntu/apps/election-app/win_prob/P/SC/data_output_SC_with_margins_statewide_eevp.csv
[deleted] /home/ubuntu/apps/election-app/win_prob/P/SC/data_output_SC.csv
[deleted] /home/ubuntu/apps/election-app/win_prob/P/SC/data_output_SC_with_margins.csv
[deleted] /home/ubuntu/apps/election-app/win_prob/P/SC/data_output_SC.csv.checkpoint.json
[deleted] /home/ubuntu/apps/election-app/win_prob/P/SC/stats.csv
[deleted] /home/ubuntu/apps/election-app/win_prob/P/SC/stats2.csv
[done] removed 16 file(s)
[2026-01-26 00:26:47] INFO: [PIPELINE] args: office=P state=SC district=None
[2026-01-26 00:26:47] INFO: [PIPELINE] WINPROB_DIR resolved to: /home/ubuntu/apps/election-app/win_prob/P/SC
[2026-01-26 00:26:47] INFO: [PIPELINE] OUTDIR set to: /home/ubuntu/apps/election-app/win_prob/P/SC

$ /home/ubuntu/.venv/bin/python3 /home/ubuntu/apps/election-app/stats/1-statewide.py --input /home/ubuntu/apps/election-app/win_prob/P/SC/stats.csv --output /home/ubuntu/apps/election-app/win_prob/P/SC/_work/stats_with_statewide.csv
Wrote /home/ubuntu/apps/election-app/win_prob/P/SC/_work/stats_with_statewide.csv (rows=46)

$ /home/ubuntu/.venv/bin/python3 /home/ubuntu/apps/election-app/stats/1-stats-2.py --input /home/ubuntu/apps/election-app/win_prob/P/SC/stats2.csv --output /home/ubuntu/apps/election-app/win_prob/P/SC/_work/stats2_final_headers.csv
Wrote /home/ubuntu/apps/election-app/win_prob/P/SC/_work/stats2_final_headers.csv (rows=46)

$ /home/ubuntu/.venv/bin/python3 /home/ubuntu/apps/election-app/stats/1-append-new.py
Wrote 2024_county_results_with_final-old.csv (rows=46, missing_final_matches=0)

$ /home/ubuntu/.venv/bin/python3 /home/ubuntu/apps/election-app/stats/1-change_header.py
Wrote: 2024_county_results_with_final.csv

$ /home/ubuntu/.venv/bin/python3 /home/ubuntu/apps/election-app/stats/1-cut-zero-fips.py
Wrote: 2024_county_results_with_final_1.csv
Rows before: 46
Rows after:  46
Dropped (fips == 0): 0

$ /home/ubuntu/.venv/bin/python3 /home/ubuntu/apps/election-app/stats/2-calc.py
Wrote 46 rows with calculations to /home/ubuntu/apps/election-app/win_prob/P/SC/_work/2024_county_results_with_calcs-old.csv

$ /home/ubuntu/.venv/bin/python3 /home/ubuntu/apps/election-app/stats/2-eevp.py
Wrote (no-op copy): 2024_county_results_with_calcs.csv
Columns:
 - timestamp
 - state
 - county
 - fips
 - trump_votes
 - harris_votes
 - other_votes
 - eevp
 - state_eevp
 - harris_votes_statewide
 - trump_votes_statewide
 - other_votes_statewide
 - final_state
 - final_county
 - final_fips
 - final_trump_votes
 - final_harris_votes
 - final_other_votes
 - harris_percent_snapshot
 - trump_percent_snapshot
 - margin_snapshot
 - harris_percent_final
 - trump_percent_final
 - margin_final
 - margin_difference
 - margin_difference_abs

$ /home/ubuntu/.venv/bin/python3 /home/ubuntu/apps/election-app/stats/3-calc-new.py
Wrote 46 rows with new columns to /home/ubuntu/apps/election-app/win_prob/P/SC/_work/2024_county_results_with_calcs_new.csv

$ /home/ubuntu/.venv/bin/python3 /home/ubuntu/apps/election-app/stats/4-stats.py
Reading 2024_county_results_with_calcs_new.csv...
Aggregating statewide totals...
Calculating percentages and margins...
Writing to output_statewide_stats.csv...
Done!
[2026-01-26 00:26:56] INFO: [PIPELINE] ENTER win-prob generation | states=['SC'] ts_list=['2024-11-05T15-30-22']

============================================================================
[01/1] STATE = SC
============================================================================

$ /home/ubuntu/.venv/bin/python3 /home/ubuntu/apps/election-app/stats/5-snapshots.py --state SC --input /home/ubuntu/apps/election-app/win_prob/P/SC/_work/output_statewide_stats.csv --output /home/ubuntu/apps/election-app/win_prob/P/SC/snapshots_SC.csv --start 2024-11-05T15-30-22 --end 2024-11-05T15-30-22 --use-window 1 --interval 30
Mode: windowed-one-state
Rows written: 46
Distinct states in output: SC
Rows per normalized timestamp (empty = unparseable):
  2024-11-05T15-30-22: 46
Wrote /home/ubuntu/apps/election-app/win_prob/P/SC/snapshots_SC.csv

$ /home/ubuntu/.venv/bin/python3 /home/ubuntu/apps/election-app/stats/6-pval.py /home/ubuntu/apps/election-app/win_prob/P/SC/snapshots_SC.csv -t /home/ubuntu/apps/election-app/stats/parameters.csv -o /home/ubuntu/apps/election-app/win_prob/P/SC/data_output_SC.csv -c 50
Done. Wrote: /home/ubuntu/apps/election-app/win_prob/P/SC/data_output_SC.csv
Total rows: 46 (chunked, resumable).
Computed columns for PVALS = [0.01, 0.1, 1, 2, 3, 5, 10, 15, 20, 25, 30, 35, 40, 45, 50, 55, 60, 65, 70, 75, 80, 85, 90, 95, 97, 98, 99, 99.9, 99.99]
Per p (leader): shift_{p}, margin_new_{p}, harris_percent_new_{p}, trump_percent_new_{p}, total_snapshot_{p}, total_expected_{p}, harris_votes_new_{p}, trump_votes_new_{p}
Per p (trailing): shift_trailing_{p}, margin_new_{p}_trailing, harris_percent_new_{p}_trailing, trump_percent_new_{p}_trailing, total_snapshot_{p}_trailing, total_expected_{p}_trailing, harris_votes_new_{p}_trailing, trump_votes_new_{p}_trailing
Checkpoint saved at: /home/ubuntu/apps/election-app/win_prob/P/SC/data_output_SC.csv.checkpoint.json

$ /home/ubuntu/.venv/bin/python3 /home/ubuntu/apps/election-app/stats/7-margin-new.py
Wrote data_output_with_margins_old.csv

$ /home/ubuntu/.venv/bin/python3 /home/ubuntu/apps/election-app/stats/7-eevp-statewide.py
Wrote data_output_with_margins.csv (copied from data_output_with_margins_old.csv)

$ /home/ubuntu/.venv/bin/python3 /home/ubuntu/apps/election-app/stats/7.py --input /home/ubuntu/apps/election-app/win_prob/P/SC/data_output_SC_with_margins_statewide_eevp.csv --output /home/ubuntu/apps/election-app/win_prob/P/SC/statewide_margin_pct_vs_percent_SC_2026.png --state SC --start 2024-11-05T15-30-22 --end 2024-11-05T15-30-22 --stats /home/ubuntu/apps/election-app/win_prob/P/SC/stats.csv --stats2 /home/ubuntu/apps/election-app/win_prob/P/SC/stats2.csv --interval 30 --year 2026 --jsonl /home/ubuntu/apps/election-app/win_prob/P/SC/plotdata_SC_2026_2026-01-26T00-26-47.jsonl
[info] evaluating 1 timestamps from 2024-11-05T15-30-22 to 2024-11-05T15-30-22 every 30 minutes
[saved] probs_timeseries_SC.csv  (1 points)
[saved] /home/ubuntu/apps/election-app/win_prob/P/SC/plotdata_SC_2026_2026-01-26T00-26-47.jsonl  (4 points)
[saved] /home/ubuntu/apps/election-app/win_prob/P/SC/statewide_margin_pct_vs_percent_SC_2026_box.json
[saved] /home/ubuntu/apps/election-app/win_prob/P/SC/statewide_margin_pct_vs_percent_SC_2026_box.png
[saved] /home/ubuntu/apps/election-app/win_prob/P/SC/statewide_margin_pct_vs_percent_SC_2026.png

All 50 states complete. See: /home/ubuntu/apps/election-app/win_prob/P/SC

$ /home/ubuntu/.venv/bin/python3 /home/ubuntu/apps/election-app/stats/8.py --root /home/ubuntu/apps/election-app/win_prob/P/SC/_work --outdir /home/ubuntu/apps/election-app/win_prob/P/SC
[info] root  = /home/ubuntu/apps/election-app/win_prob/P/SC/_work
[info] outdir= /home/ubuntu/apps/election-app/win_prob/P/SC
[deleted] /home/ubuntu/apps/election-app/win_prob/P/SC/_work/stats_with_statewide.csv
[deleted] /home/ubuntu/apps/election-app/win_prob/P/SC/_work/stats2_final_headers.csv
[deleted] /home/ubuntu/apps/election-app/win_prob/P/SC/_work/2024_county_results_with_final-old.csv
[deleted] /home/ubuntu/apps/election-app/win_prob/P/SC/_work/2024_county_results_with_final.csv
[deleted] /home/ubuntu/apps/election-app/win_prob/P/SC/_work/2024_county_results_with_final_1.csv
[deleted] /home/ubuntu/apps/election-app/win_prob/P/SC/_work/2024_county_results_with_calcs-old.csv
[deleted] /home/ubuntu/apps/election-app/win_prob/P/SC/_work/2024_county_results_with_calcs_new.csv
[deleted] /home/ubuntu/apps/election-app/win_prob/P/SC/_work/output_statewide_stats.csv
[skip]    /home/ubuntu/apps/election-app/win_prob/P/SC/_work/probs_timeseries_PA.csv
[deleted] /home/ubuntu/apps/election-app/win_prob/P/SC/_work/2024_county_results_with_calcs.csv
[skip]    /home/ubuntu/apps/election-app/win_prob/P/SC/data_output.csv
[skip]    /home/ubuntu/apps/election-app/win_prob/P/SC/data_output_with_margins_old.csv
[skip]    /home/ubuntu/apps/election-app/win_prob/P/SC/data_output_with_margins.csv
[skip]    /home/ubuntu/apps/election-app/win_prob/P/SC/data_output_with_margins-statewide.csv
[deleted] /home/ubuntu/apps/election-app/win_prob/P/SC/snapshots_SC.csv
[deleted] /home/ubuntu/apps/election-app/win_prob/P/SC/data_output_SC_with_margins_statewide_eevp.csv
[deleted] /home/ubuntu/apps/election-app/win_prob/P/SC/data_output_SC.csv
[deleted] /home/ubuntu/apps/election-app/win_prob/P/SC/data_output_SC_with_margins.csv
[deleted] /home/ubuntu/apps/election-app/win_prob/P/SC/data_output_SC.csv.checkpoint.json
[deleted] /home/ubuntu/apps/election-app/win_prob/P/SC/stats.csv
[deleted] /home/ubuntu/apps/election-app/win_prob/P/SC/stats2.csv
[done] removed 16 file(s)
[2026-01-26 00:33:49] INFO: [PIPELINE] args: office=P state=SC district=None
[2026-01-26 00:33:49] INFO: [PIPELINE] WINPROB_DIR resolved to: /home/ubuntu/apps/election-app/win_prob/P/SC
[2026-01-26 00:33:49] INFO: [PIPELINE] OUTDIR set to: /home/ubuntu/apps/election-app/win_prob/P/SC

$ /home/ubuntu/.venv/bin/python3 /home/ubuntu/apps/election-app/stats/1-statewide.py --input /home/ubuntu/apps/election-app/win_prob/P/SC/stats.csv --output /home/ubuntu/apps/election-app/win_prob/P/SC/_work/stats_with_statewide.csv
Wrote /home/ubuntu/apps/election-app/win_prob/P/SC/_work/stats_with_statewide.csv (rows=46)

$ /home/ubuntu/.venv/bin/python3 /home/ubuntu/apps/election-app/stats/1-stats-2.py --input /home/ubuntu/apps/election-app/win_prob/P/SC/stats2.csv --output /home/ubuntu/apps/election-app/win_prob/P/SC/_work/stats2_final_headers.csv
Wrote /home/ubuntu/apps/election-app/win_prob/P/SC/_work/stats2_final_headers.csv (rows=46)

$ /home/ubuntu/.venv/bin/python3 /home/ubuntu/apps/election-app/stats/1-append-new.py
Wrote 2024_county_results_with_final-old.csv (rows=46, missing_final_matches=0)

$ /home/ubuntu/.venv/bin/python3 /home/ubuntu/apps/election-app/stats/1-change_header.py
Wrote: 2024_county_results_with_final.csv

$ /home/ubuntu/.venv/bin/python3 /home/ubuntu/apps/election-app/stats/1-cut-zero-fips.py
Wrote: 2024_county_results_with_final_1.csv
Rows before: 46
Rows after:  46
Dropped (fips == 0): 0

$ /home/ubuntu/.venv/bin/python3 /home/ubuntu/apps/election-app/stats/2-calc.py
Wrote 46 rows with calculations to /home/ubuntu/apps/election-app/win_prob/P/SC/_work/2024_county_results_with_calcs-old.csv

$ /home/ubuntu/.venv/bin/python3 /home/ubuntu/apps/election-app/stats/2-eevp.py
Wrote (no-op copy): 2024_county_results_with_calcs.csv
Columns:
 - timestamp
 - state
 - county
 - fips
 - trump_votes
 - harris_votes
 - other_votes
 - eevp
 - state_eevp
 - harris_votes_statewide
 - trump_votes_statewide
 - other_votes_statewide
 - final_state
 - final_county
 - final_fips
 - final_trump_votes
 - final_harris_votes
 - final_other_votes
 - harris_percent_snapshot
 - trump_percent_snapshot
 - margin_snapshot
 - harris_percent_final
 - trump_percent_final
 - margin_final
 - margin_difference
 - margin_difference_abs

$ /home/ubuntu/.venv/bin/python3 /home/ubuntu/apps/election-app/stats/3-calc-new.py
Wrote 46 rows with new columns to /home/ubuntu/apps/election-app/win_prob/P/SC/_work/2024_county_results_with_calcs_new.csv

$ /home/ubuntu/.venv/bin/python3 /home/ubuntu/apps/election-app/stats/4-stats.py
Reading 2024_county_results_with_calcs_new.csv...
Aggregating statewide totals...
Calculating percentages and margins...
Writing to output_statewide_stats.csv...
Done!
[2026-01-26 00:33:59] INFO: [PIPELINE] ENTER win-prob generation | states=['SC'] ts_list=['2024-11-05T15-30-22']

============================================================================
[01/1] STATE = SC
============================================================================

$ /home/ubuntu/.venv/bin/python3 /home/ubuntu/apps/election-app/stats/5-snapshots.py --state SC --input /home/ubuntu/apps/election-app/win_prob/P/SC/_work/output_statewide_stats.csv --output /home/ubuntu/apps/election-app/win_prob/P/SC/snapshots_SC.csv --start 2024-11-05T15-30-22 --end 2024-11-05T15-30-22 --use-window 1 --interval 30
Mode: windowed-one-state
Rows written: 46
Distinct states in output: SC
Rows per normalized timestamp (empty = unparseable):
  2024-11-05T15-30-22: 46
Wrote /home/ubuntu/apps/election-app/win_prob/P/SC/snapshots_SC.csv

$ /home/ubuntu/.venv/bin/python3 /home/ubuntu/apps/election-app/stats/6-pval.py /home/ubuntu/apps/election-app/win_prob/P/SC/snapshots_SC.csv -t /home/ubuntu/apps/election-app/stats/parameters.csv -o /home/ubuntu/apps/election-app/win_prob/P/SC/data_output_SC.csv -c 50
Done. Wrote: /home/ubuntu/apps/election-app/win_prob/P/SC/data_output_SC.csv
Total rows: 46 (chunked, resumable).
Computed columns for PVALS = [0.01, 0.1, 1, 2, 3, 5, 10, 15, 20, 25, 30, 35, 40, 45, 50, 55, 60, 65, 70, 75, 80, 85, 90, 95, 97, 98, 99, 99.9, 99.99]
Per p (leader): shift_{p}, margin_new_{p}, harris_percent_new_{p}, trump_percent_new_{p}, total_snapshot_{p}, total_expected_{p}, harris_votes_new_{p}, trump_votes_new_{p}
Per p (trailing): shift_trailing_{p}, margin_new_{p}_trailing, harris_percent_new_{p}_trailing, trump_percent_new_{p}_trailing, total_snapshot_{p}_trailing, total_expected_{p}_trailing, harris_votes_new_{p}_trailing, trump_votes_new_{p}_trailing
Checkpoint saved at: /home/ubuntu/apps/election-app/win_prob/P/SC/data_output_SC.csv.checkpoint.json

$ /home/ubuntu/.venv/bin/python3 /home/ubuntu/apps/election-app/stats/7-margin-new.py
Wrote data_output_with_margins_old.csv

$ /home/ubuntu/.venv/bin/python3 /home/ubuntu/apps/election-app/stats/7-eevp-statewide.py
Wrote data_output_with_margins.csv (copied from data_output_with_margins_old.csv)

$ /home/ubuntu/.venv/bin/python3 /home/ubuntu/apps/election-app/stats/7.py --input /home/ubuntu/apps/election-app/win_prob/P/SC/data_output_SC_with_margins_statewide_eevp.csv --output /home/ubuntu/apps/election-app/win_prob/P/SC/statewide_margin_pct_vs_percent_SC_2026.png --state SC --start 2024-11-05T15-30-22 --end 2024-11-05T15-30-22 --stats /home/ubuntu/apps/election-app/win_prob/P/SC/stats.csv --stats2 /home/ubuntu/apps/election-app/win_prob/P/SC/stats2.csv --interval 30 --year 2026 --jsonl /home/ubuntu/apps/election-app/win_prob/P/SC/plotdata_SC_2026_2026-01-26T00-33-49.jsonl
[info] evaluating 1 timestamps from 2024-11-05T15-30-22 to 2024-11-05T15-30-22 every 30 minutes
[saved] probs_timeseries_SC.csv  (1 points)
[saved] /home/ubuntu/apps/election-app/win_prob/P/SC/plotdata_SC_2026_2026-01-26T00-33-49.jsonl  (4 points)
[saved] /home/ubuntu/apps/election-app/win_prob/P/SC/statewide_margin_pct_vs_percent_SC_2026_box.json
[saved] /home/ubuntu/apps/election-app/win_prob/P/SC/statewide_margin_pct_vs_percent_SC_2026_box.png
[saved] /home/ubuntu/apps/election-app/win_prob/P/SC/statewide_margin_pct_vs_percent_SC_2026.png

All 50 states complete. See: /home/ubuntu/apps/election-app/win_prob/P/SC

$ /home/ubuntu/.venv/bin/python3 /home/ubuntu/apps/election-app/stats/8.py --root /home/ubuntu/apps/election-app/win_prob/P/SC/_work --outdir /home/ubuntu/apps/election-app/win_prob/P/SC
[info] root  = /home/ubuntu/apps/election-app/win_prob/P/SC/_work
[info] outdir= /home/ubuntu/apps/election-app/win_prob/P/SC
[deleted] /home/ubuntu/apps/election-app/win_prob/P/SC/_work/stats_with_statewide.csv
[deleted] /home/ubuntu/apps/election-app/win_prob/P/SC/_work/stats2_final_headers.csv
[deleted] /home/ubuntu/apps/election-app/win_prob/P/SC/_work/2024_county_results_with_final-old.csv
[deleted] /home/ubuntu/apps/election-app/win_prob/P/SC/_work/2024_county_results_with_final.csv
[deleted] /home/ubuntu/apps/election-app/win_prob/P/SC/_work/2024_county_results_with_final_1.csv
[deleted] /home/ubuntu/apps/election-app/win_prob/P/SC/_work/2024_county_results_with_calcs-old.csv
[deleted] /home/ubuntu/apps/election-app/win_prob/P/SC/_work/2024_county_results_with_calcs_new.csv
[deleted] /home/ubuntu/apps/election-app/win_prob/P/SC/_work/output_statewide_stats.csv
[skip]    /home/ubuntu/apps/election-app/win_prob/P/SC/_work/probs_timeseries_PA.csv
[deleted] /home/ubuntu/apps/election-app/win_prob/P/SC/_work/2024_county_results_with_calcs.csv
[skip]    /home/ubuntu/apps/election-app/win_prob/P/SC/data_output.csv
[skip]    /home/ubuntu/apps/election-app/win_prob/P/SC/data_output_with_margins_old.csv
[skip]    /home/ubuntu/apps/election-app/win_prob/P/SC/data_output_with_margins.csv
[skip]    /home/ubuntu/apps/election-app/win_prob/P/SC/data_output_with_margins-statewide.csv
[deleted] /home/ubuntu/apps/election-app/win_prob/P/SC/snapshots_SC.csv
[deleted] /home/ubuntu/apps/election-app/win_prob/P/SC/data_output_SC_with_margins_statewide_eevp.csv
[deleted] /home/ubuntu/apps/election-app/win_prob/P/SC/data_output_SC.csv
[deleted] /home/ubuntu/apps/election-app/win_prob/P/SC/data_output_SC_with_margins.csv
[deleted] /home/ubuntu/apps/election-app/win_prob/P/SC/data_output_SC.csv.checkpoint.json
[deleted] /home/ubuntu/apps/election-app/win_prob/P/SC/stats.csv
[deleted] /home/ubuntu/apps/election-app/win_prob/P/SC/stats2.csv
[done] removed 16 file(s)
[2026-01-26 00:40:51] INFO: [PIPELINE] args: office=P state=SC district=None
[2026-01-26 00:40:51] INFO: [PIPELINE] WINPROB_DIR resolved to: /home/ubuntu/apps/election-app/win_prob/P/SC
[2026-01-26 00:40:51] INFO: [PIPELINE] OUTDIR set to: /home/ubuntu/apps/election-app/win_prob/P/SC

$ /home/ubuntu/.venv/bin/python3 /home/ubuntu/apps/election-app/stats/1-statewide.py --input /home/ubuntu/apps/election-app/win_prob/P/SC/stats.csv --output /home/ubuntu/apps/election-app/win_prob/P/SC/_work/stats_with_statewide.csv
Wrote /home/ubuntu/apps/election-app/win_prob/P/SC/_work/stats_with_statewide.csv (rows=46)

$ /home/ubuntu/.venv/bin/python3 /home/ubuntu/apps/election-app/stats/1-stats-2.py --input /home/ubuntu/apps/election-app/win_prob/P/SC/stats2.csv --output /home/ubuntu/apps/election-app/win_prob/P/SC/_work/stats2_final_headers.csv
Wrote /home/ubuntu/apps/election-app/win_prob/P/SC/_work/stats2_final_headers.csv (rows=46)

$ /home/ubuntu/.venv/bin/python3 /home/ubuntu/apps/election-app/stats/1-append-new.py
Wrote 2024_county_results_with_final-old.csv (rows=46, missing_final_matches=0)

$ /home/ubuntu/.venv/bin/python3 /home/ubuntu/apps/election-app/stats/1-change_header.py
Wrote: 2024_county_results_with_final.csv

$ /home/ubuntu/.venv/bin/python3 /home/ubuntu/apps/election-app/stats/1-cut-zero-fips.py
Wrote: 2024_county_results_with_final_1.csv
Rows before: 46
Rows after:  46
Dropped (fips == 0): 0

$ /home/ubuntu/.venv/bin/python3 /home/ubuntu/apps/election-app/stats/2-calc.py
Wrote 46 rows with calculations to /home/ubuntu/apps/election-app/win_prob/P/SC/_work/2024_county_results_with_calcs-old.csv

$ /home/ubuntu/.venv/bin/python3 /home/ubuntu/apps/election-app/stats/2-eevp.py
Wrote (no-op copy): 2024_county_results_with_calcs.csv
Columns:
 - timestamp
 - state
 - county
 - fips
 - trump_votes
 - harris_votes
 - other_votes
 - eevp
 - state_eevp
 - harris_votes_statewide
 - trump_votes_statewide
 - other_votes_statewide
 - final_state
 - final_county
 - final_fips
 - final_trump_votes
 - final_harris_votes
 - final_other_votes
 - harris_percent_snapshot
 - trump_percent_snapshot
 - margin_snapshot
 - harris_percent_final
 - trump_percent_final
 - margin_final
 - margin_difference
 - margin_difference_abs

$ /home/ubuntu/.venv/bin/python3 /home/ubuntu/apps/election-app/stats/3-calc-new.py
Wrote 46 rows with new columns to /home/ubuntu/apps/election-app/win_prob/P/SC/_work/2024_county_results_with_calcs_new.csv

$ /home/ubuntu/.venv/bin/python3 /home/ubuntu/apps/election-app/stats/4-stats.py
Reading 2024_county_results_with_calcs_new.csv...
Aggregating statewide totals...
Calculating percentages and margins...
Writing to output_statewide_stats.csv...
Done!
[2026-01-26 00:41:01] INFO: [PIPELINE] ENTER win-prob generation | states=['SC'] ts_list=['2024-11-05T15-30-22']

============================================================================
[01/1] STATE = SC
============================================================================

$ /home/ubuntu/.venv/bin/python3 /home/ubuntu/apps/election-app/stats/5-snapshots.py --state SC --input /home/ubuntu/apps/election-app/win_prob/P/SC/_work/output_statewide_stats.csv --output /home/ubuntu/apps/election-app/win_prob/P/SC/snapshots_SC.csv --start 2024-11-05T15-30-22 --end 2024-11-05T15-30-22 --use-window 1 --interval 30
Mode: windowed-one-state
Rows written: 46
Distinct states in output: SC
Rows per normalized timestamp (empty = unparseable):
  2024-11-05T15-30-22: 46
Wrote /home/ubuntu/apps/election-app/win_prob/P/SC/snapshots_SC.csv

$ /home/ubuntu/.venv/bin/python3 /home/ubuntu/apps/election-app/stats/6-pval.py /home/ubuntu/apps/election-app/win_prob/P/SC/snapshots_SC.csv -t /home/ubuntu/apps/election-app/stats/parameters.csv -o /home/ubuntu/apps/election-app/win_prob/P/SC/data_output_SC.csv -c 50
Done. Wrote: /home/ubuntu/apps/election-app/win_prob/P/SC/data_output_SC.csv
Total rows: 46 (chunked, resumable).
Computed columns for PVALS = [0.01, 0.1, 1, 2, 3, 5, 10, 15, 20, 25, 30, 35, 40, 45, 50, 55, 60, 65, 70, 75, 80, 85, 90, 95, 97, 98, 99, 99.9, 99.99]
Per p (leader): shift_{p}, margin_new_{p}, harris_percent_new_{p}, trump_percent_new_{p}, total_snapshot_{p}, total_expected_{p}, harris_votes_new_{p}, trump_votes_new_{p}
Per p (trailing): shift_trailing_{p}, margin_new_{p}_trailing, harris_percent_new_{p}_trailing, trump_percent_new_{p}_trailing, total_snapshot_{p}_trailing, total_expected_{p}_trailing, harris_votes_new_{p}_trailing, trump_votes_new_{p}_trailing
Checkpoint saved at: /home/ubuntu/apps/election-app/win_prob/P/SC/data_output_SC.csv.checkpoint.json

$ /home/ubuntu/.venv/bin/python3 /home/ubuntu/apps/election-app/stats/7-margin-new.py
Wrote data_output_with_margins_old.csv

$ /home/ubuntu/.venv/bin/python3 /home/ubuntu/apps/election-app/stats/7-eevp-statewide.py
Wrote data_output_with_margins.csv (copied from data_output_with_margins_old.csv)

$ /home/ubuntu/.venv/bin/python3 /home/ubuntu/apps/election-app/stats/7.py --input /home/ubuntu/apps/election-app/win_prob/P/SC/data_output_SC_with_margins_statewide_eevp.csv --output /home/ubuntu/apps/election-app/win_prob/P/SC/statewide_margin_pct_vs_percent_SC_2026.png --state SC --start 2024-11-05T15-30-22 --end 2024-11-05T15-30-22 --stats /home/ubuntu/apps/election-app/win_prob/P/SC/stats.csv --stats2 /home/ubuntu/apps/election-app/win_prob/P/SC/stats2.csv --interval 30 --year 2026 --jsonl /home/ubuntu/apps/election-app/win_prob/P/SC/plotdata_SC_2026_2026-01-26T00-40-51.jsonl
[info] evaluating 1 timestamps from 2024-11-05T15-30-22 to 2024-11-05T15-30-22 every 30 minutes
[saved] probs_timeseries_SC.csv  (1 points)
[saved] /home/ubuntu/apps/election-app/win_prob/P/SC/plotdata_SC_2026_2026-01-26T00-40-51.jsonl  (4 points)
[saved] /home/ubuntu/apps/election-app/win_prob/P/SC/statewide_margin_pct_vs_percent_SC_2026_box.json
[saved] /home/ubuntu/apps/election-app/win_prob/P/SC/statewide_margin_pct_vs_percent_SC_2026_box.png
[saved] /home/ubuntu/apps/election-app/win_prob/P/SC/statewide_margin_pct_vs_percent_SC_2026.png

All 50 states complete. See: /home/ubuntu/apps/election-app/win_prob/P/SC

$ /home/ubuntu/.venv/bin/python3 /home/ubuntu/apps/election-app/stats/8.py --root /home/ubuntu/apps/election-app/win_prob/P/SC/_work --outdir /home/ubuntu/apps/election-app/win_prob/P/SC
[info] root  = /home/ubuntu/apps/election-app/win_prob/P/SC/_work
[info] outdir= /home/ubuntu/apps/election-app/win_prob/P/SC
[deleted] /home/ubuntu/apps/election-app/win_prob/P/SC/_work/stats_with_statewide.csv
[deleted] /home/ubuntu/apps/election-app/win_prob/P/SC/_work/stats2_final_headers.csv
[deleted] /home/ubuntu/apps/election-app/win_prob/P/SC/_work/2024_county_results_with_final-old.csv
[deleted] /home/ubuntu/apps/election-app/win_prob/P/SC/_work/2024_county_results_with_final.csv
[deleted] /home/ubuntu/apps/election-app/win_prob/P/SC/_work/2024_county_results_with_final_1.csv
[deleted] /home/ubuntu/apps/election-app/win_prob/P/SC/_work/2024_county_results_with_calcs-old.csv
[deleted] /home/ubuntu/apps/election-app/win_prob/P/SC/_work/2024_county_results_with_calcs_new.csv
[deleted] /home/ubuntu/apps/election-app/win_prob/P/SC/_work/output_statewide_stats.csv
[skip]    /home/ubuntu/apps/election-app/win_prob/P/SC/_work/probs_timeseries_PA.csv
[deleted] /home/ubuntu/apps/election-app/win_prob/P/SC/_work/2024_county_results_with_calcs.csv
[skip]    /home/ubuntu/apps/election-app/win_prob/P/SC/data_output.csv
[skip]    /home/ubuntu/apps/election-app/win_prob/P/SC/data_output_with_margins_old.csv
[skip]    /home/ubuntu/apps/election-app/win_prob/P/SC/data_output_with_margins.csv
[skip]    /home/ubuntu/apps/election-app/win_prob/P/SC/data_output_with_margins-statewide.csv
[deleted] /home/ubuntu/apps/election-app/win_prob/P/SC/snapshots_SC.csv
[deleted] /home/ubuntu/apps/election-app/win_prob/P/SC/data_output_SC_with_margins_statewide_eevp.csv
[deleted] /home/ubuntu/apps/election-app/win_prob/P/SC/data_output_SC.csv
[deleted] /home/ubuntu/apps/election-app/win_prob/P/SC/data_output_SC_with_margins.csv
[deleted] /home/ubuntu/apps/election-app/win_prob/P/SC/data_output_SC.csv.checkpoint.json
[deleted] /home/ubuntu/apps/election-app/win_prob/P/SC/stats.csv
[deleted] /home/ubuntu/apps/election-app/win_prob/P/SC/stats2.csv
[done] removed 16 file(s)
[2026-01-26 00:47:53] INFO: [PIPELINE] args: office=P state=SC district=None
[2026-01-26 00:47:53] INFO: [PIPELINE] WINPROB_DIR resolved to: /home/ubuntu/apps/election-app/win_prob/P/SC
[2026-01-26 00:47:53] INFO: [PIPELINE] OUTDIR set to: /home/ubuntu/apps/election-app/win_prob/P/SC

$ /home/ubuntu/.venv/bin/python3 /home/ubuntu/apps/election-app/stats/1-statewide.py --input /home/ubuntu/apps/election-app/win_prob/P/SC/stats.csv --output /home/ubuntu/apps/election-app/win_prob/P/SC/_work/stats_with_statewide.csv
Wrote /home/ubuntu/apps/election-app/win_prob/P/SC/_work/stats_with_statewide.csv (rows=46)

$ /home/ubuntu/.venv/bin/python3 /home/ubuntu/apps/election-app/stats/1-stats-2.py --input /home/ubuntu/apps/election-app/win_prob/P/SC/stats2.csv --output /home/ubuntu/apps/election-app/win_prob/P/SC/_work/stats2_final_headers.csv
Wrote /home/ubuntu/apps/election-app/win_prob/P/SC/_work/stats2_final_headers.csv (rows=46)

$ /home/ubuntu/.venv/bin/python3 /home/ubuntu/apps/election-app/stats/1-append-new.py
Wrote 2024_county_results_with_final-old.csv (rows=46, missing_final_matches=0)

$ /home/ubuntu/.venv/bin/python3 /home/ubuntu/apps/election-app/stats/1-change_header.py
Wrote: 2024_county_results_with_final.csv

$ /home/ubuntu/.venv/bin/python3 /home/ubuntu/apps/election-app/stats/1-cut-zero-fips.py
Wrote: 2024_county_results_with_final_1.csv
Rows before: 46
Rows after:  46
Dropped (fips == 0): 0

$ /home/ubuntu/.venv/bin/python3 /home/ubuntu/apps/election-app/stats/2-calc.py
Wrote 46 rows with calculations to /home/ubuntu/apps/election-app/win_prob/P/SC/_work/2024_county_results_with_calcs-old.csv

$ /home/ubuntu/.venv/bin/python3 /home/ubuntu/apps/election-app/stats/2-eevp.py
Wrote (no-op copy): 2024_county_results_with_calcs.csv
Columns:
 - timestamp
 - state
 - county
 - fips
 - trump_votes
 - harris_votes
 - other_votes
 - eevp
 - state_eevp
 - harris_votes_statewide
 - trump_votes_statewide
 - other_votes_statewide
 - final_state
 - final_county
 - final_fips
 - final_trump_votes
 - final_harris_votes
 - final_other_votes
 - harris_percent_snapshot
 - trump_percent_snapshot
 - margin_snapshot
 - harris_percent_final
 - trump_percent_final
 - margin_final
 - margin_difference
 - margin_difference_abs

$ /home/ubuntu/.venv/bin/python3 /home/ubuntu/apps/election-app/stats/3-calc-new.py
Wrote 46 rows with new columns to /home/ubuntu/apps/election-app/win_prob/P/SC/_work/2024_county_results_with_calcs_new.csv

$ /home/ubuntu/.venv/bin/python3 /home/ubuntu/apps/election-app/stats/4-stats.py
Reading 2024_county_results_with_calcs_new.csv...
Aggregating statewide totals...
Calculating percentages and margins...
Writing to output_statewide_stats.csv...
Done!
[2026-01-26 00:48:03] INFO: [PIPELINE] ENTER win-prob generation | states=['SC'] ts_list=['2024-11-05T15-30-22']

============================================================================
[01/1] STATE = SC
============================================================================

$ /home/ubuntu/.venv/bin/python3 /home/ubuntu/apps/election-app/stats/5-snapshots.py --state SC --input /home/ubuntu/apps/election-app/win_prob/P/SC/_work/output_statewide_stats.csv --output /home/ubuntu/apps/election-app/win_prob/P/SC/snapshots_SC.csv --start 2024-11-05T15-30-22 --end 2024-11-05T15-30-22 --use-window 1 --interval 30
Mode: windowed-one-state
Rows written: 46
Distinct states in output: SC
Rows per normalized timestamp (empty = unparseable):
  2024-11-05T15-30-22: 46
Wrote /home/ubuntu/apps/election-app/win_prob/P/SC/snapshots_SC.csv

$ /home/ubuntu/.venv/bin/python3 /home/ubuntu/apps/election-app/stats/6-pval.py /home/ubuntu/apps/election-app/win_prob/P/SC/snapshots_SC.csv -t /home/ubuntu/apps/election-app/stats/parameters.csv -o /home/ubuntu/apps/election-app/win_prob/P/SC/data_output_SC.csv -c 50
Done. Wrote: /home/ubuntu/apps/election-app/win_prob/P/SC/data_output_SC.csv
Total rows: 46 (chunked, resumable).
Computed columns for PVALS = [0.01, 0.1, 1, 2, 3, 5, 10, 15, 20, 25, 30, 35, 40, 45, 50, 55, 60, 65, 70, 75, 80, 85, 90, 95, 97, 98, 99, 99.9, 99.99]
Per p (leader): shift_{p}, margin_new_{p}, harris_percent_new_{p}, trump_percent_new_{p}, total_snapshot_{p}, total_expected_{p}, harris_votes_new_{p}, trump_votes_new_{p}
Per p (trailing): shift_trailing_{p}, margin_new_{p}_trailing, harris_percent_new_{p}_trailing, trump_percent_new_{p}_trailing, total_snapshot_{p}_trailing, total_expected_{p}_trailing, harris_votes_new_{p}_trailing, trump_votes_new_{p}_trailing
Checkpoint saved at: /home/ubuntu/apps/election-app/win_prob/P/SC/data_output_SC.csv.checkpoint.json

$ /home/ubuntu/.venv/bin/python3 /home/ubuntu/apps/election-app/stats/7-margin-new.py
Wrote data_output_with_margins_old.csv

$ /home/ubuntu/.venv/bin/python3 /home/ubuntu/apps/election-app/stats/7-eevp-statewide.py
Wrote data_output_with_margins.csv (copied from data_output_with_margins_old.csv)

$ /home/ubuntu/.venv/bin/python3 /home/ubuntu/apps/election-app/stats/7.py --input /home/ubuntu/apps/election-app/win_prob/P/SC/data_output_SC_with_margins_statewide_eevp.csv --output /home/ubuntu/apps/election-app/win_prob/P/SC/statewide_margin_pct_vs_percent_SC_2026.png --state SC --start 2024-11-05T15-30-22 --end 2024-11-05T15-30-22 --stats /home/ubuntu/apps/election-app/win_prob/P/SC/stats.csv --stats2 /home/ubuntu/apps/election-app/win_prob/P/SC/stats2.csv --interval 30 --year 2026 --jsonl /home/ubuntu/apps/election-app/win_prob/P/SC/plotdata_SC_2026_2026-01-26T00-47-53.jsonl
[info] evaluating 1 timestamps from 2024-11-05T15-30-22 to 2024-11-05T15-30-22 every 30 minutes
[saved] probs_timeseries_SC.csv  (1 points)
[saved] /home/ubuntu/apps/election-app/win_prob/P/SC/plotdata_SC_2026_2026-01-26T00-47-53.jsonl  (4 points)
[saved] /home/ubuntu/apps/election-app/win_prob/P/SC/statewide_margin_pct_vs_percent_SC_2026_box.json
[saved] /home/ubuntu/apps/election-app/win_prob/P/SC/statewide_margin_pct_vs_percent_SC_2026_box.png
[saved] /home/ubuntu/apps/election-app/win_prob/P/SC/statewide_margin_pct_vs_percent_SC_2026.png

All 50 states complete. See: /home/ubuntu/apps/election-app/win_prob/P/SC

$ /home/ubuntu/.venv/bin/python3 /home/ubuntu/apps/election-app/stats/8.py --root /home/ubuntu/apps/election-app/win_prob/P/SC/_work --outdir /home/ubuntu/apps/election-app/win_prob/P/SC
[info] root  = /home/ubuntu/apps/election-app/win_prob/P/SC/_work
[info] outdir= /home/ubuntu/apps/election-app/win_prob/P/SC
[deleted] /home/ubuntu/apps/election-app/win_prob/P/SC/_work/stats_with_statewide.csv
[deleted] /home/ubuntu/apps/election-app/win_prob/P/SC/_work/stats2_final_headers.csv
[deleted] /home/ubuntu/apps/election-app/win_prob/P/SC/_work/2024_county_results_with_final-old.csv
[deleted] /home/ubuntu/apps/election-app/win_prob/P/SC/_work/2024_county_results_with_final.csv
[deleted] /home/ubuntu/apps/election-app/win_prob/P/SC/_work/2024_county_results_with_final_1.csv
[deleted] /home/ubuntu/apps/election-app/win_prob/P/SC/_work/2024_county_results_with_calcs-old.csv
[deleted] /home/ubuntu/apps/election-app/win_prob/P/SC/_work/2024_county_results_with_calcs_new.csv
[deleted] /home/ubuntu/apps/election-app/win_prob/P/SC/_work/output_statewide_stats.csv
[skip]    /home/ubuntu/apps/election-app/win_prob/P/SC/_work/probs_timeseries_PA.csv
[deleted] /home/ubuntu/apps/election-app/win_prob/P/SC/_work/2024_county_results_with_calcs.csv
[skip]    /home/ubuntu/apps/election-app/win_prob/P/SC/data_output.csv
[skip]    /home/ubuntu/apps/election-app/win_prob/P/SC/data_output_with_margins_old.csv
[skip]    /home/ubuntu/apps/election-app/win_prob/P/SC/data_output_with_margins.csv
[skip]    /home/ubuntu/apps/election-app/win_prob/P/SC/data_output_with_margins-statewide.csv
[deleted] /home/ubuntu/apps/election-app/win_prob/P/SC/snapshots_SC.csv
[deleted] /home/ubuntu/apps/election-app/win_prob/P/SC/data_output_SC_with_margins_statewide_eevp.csv
[deleted] /home/ubuntu/apps/election-app/win_prob/P/SC/data_output_SC.csv
[deleted] /home/ubuntu/apps/election-app/win_prob/P/SC/data_output_SC_with_margins.csv
[deleted] /home/ubuntu/apps/election-app/win_prob/P/SC/data_output_SC.csv.checkpoint.json
[deleted] /home/ubuntu/apps/election-app/win_prob/P/SC/stats.csv
[deleted] /home/ubuntu/apps/election-app/win_prob/P/SC/stats2.csv
[done] removed 16 file(s)
[2026-01-26 00:54:55] INFO: [PIPELINE] args: office=P state=SC district=None
[2026-01-26 00:54:55] INFO: [PIPELINE] WINPROB_DIR resolved to: /home/ubuntu/apps/election-app/win_prob/P/SC
[2026-01-26 00:54:55] INFO: [PIPELINE] OUTDIR set to: /home/ubuntu/apps/election-app/win_prob/P/SC

$ /home/ubuntu/.venv/bin/python3 /home/ubuntu/apps/election-app/stats/1-statewide.py --input /home/ubuntu/apps/election-app/win_prob/P/SC/stats.csv --output /home/ubuntu/apps/election-app/win_prob/P/SC/_work/stats_with_statewide.csv
Wrote /home/ubuntu/apps/election-app/win_prob/P/SC/_work/stats_with_statewide.csv (rows=46)

$ /home/ubuntu/.venv/bin/python3 /home/ubuntu/apps/election-app/stats/1-stats-2.py --input /home/ubuntu/apps/election-app/win_prob/P/SC/stats2.csv --output /home/ubuntu/apps/election-app/win_prob/P/SC/_work/stats2_final_headers.csv
Wrote /home/ubuntu/apps/election-app/win_prob/P/SC/_work/stats2_final_headers.csv (rows=46)

$ /home/ubuntu/.venv/bin/python3 /home/ubuntu/apps/election-app/stats/1-append-new.py
Wrote 2024_county_results_with_final-old.csv (rows=46, missing_final_matches=0)

$ /home/ubuntu/.venv/bin/python3 /home/ubuntu/apps/election-app/stats/1-change_header.py
Wrote: 2024_county_results_with_final.csv

$ /home/ubuntu/.venv/bin/python3 /home/ubuntu/apps/election-app/stats/1-cut-zero-fips.py
Wrote: 2024_county_results_with_final_1.csv
Rows before: 46
Rows after:  46
Dropped (fips == 0): 0

$ /home/ubuntu/.venv/bin/python3 /home/ubuntu/apps/election-app/stats/2-calc.py
Wrote 46 rows with calculations to /home/ubuntu/apps/election-app/win_prob/P/SC/_work/2024_county_results_with_calcs-old.csv

$ /home/ubuntu/.venv/bin/python3 /home/ubuntu/apps/election-app/stats/2-eevp.py
Wrote (no-op copy): 2024_county_results_with_calcs.csv
Columns:
 - timestamp
 - state
 - county
 - fips
 - trump_votes
 - harris_votes
 - other_votes
 - eevp
 - state_eevp
 - harris_votes_statewide
 - trump_votes_statewide
 - other_votes_statewide
 - final_state
 - final_county
 - final_fips
 - final_trump_votes
 - final_harris_votes
 - final_other_votes
 - harris_percent_snapshot
 - trump_percent_snapshot
 - margin_snapshot
 - harris_percent_final
 - trump_percent_final
 - margin_final
 - margin_difference
 - margin_difference_abs

$ /home/ubuntu/.venv/bin/python3 /home/ubuntu/apps/election-app/stats/3-calc-new.py
Wrote 46 rows with new columns to /home/ubuntu/apps/election-app/win_prob/P/SC/_work/2024_county_results_with_calcs_new.csv

$ /home/ubuntu/.venv/bin/python3 /home/ubuntu/apps/election-app/stats/4-stats.py
Reading 2024_county_results_with_calcs_new.csv...
Aggregating statewide totals...
Calculating percentages and margins...
Writing to output_statewide_stats.csv...
Done!
[2026-01-26 00:55:05] INFO: [PIPELINE] ENTER win-prob generation | states=['SC'] ts_list=['2024-11-05T15-30-22']

============================================================================
[01/1] STATE = SC
============================================================================

$ /home/ubuntu/.venv/bin/python3 /home/ubuntu/apps/election-app/stats/5-snapshots.py --state SC --input /home/ubuntu/apps/election-app/win_prob/P/SC/_work/output_statewide_stats.csv --output /home/ubuntu/apps/election-app/win_prob/P/SC/snapshots_SC.csv --start 2024-11-05T15-30-22 --end 2024-11-05T15-30-22 --use-window 1 --interval 30
Mode: windowed-one-state
Rows written: 46
Distinct states in output: SC
Rows per normalized timestamp (empty = unparseable):
  2024-11-05T15-30-22: 46
Wrote /home/ubuntu/apps/election-app/win_prob/P/SC/snapshots_SC.csv

$ /home/ubuntu/.venv/bin/python3 /home/ubuntu/apps/election-app/stats/6-pval.py /home/ubuntu/apps/election-app/win_prob/P/SC/snapshots_SC.csv -t /home/ubuntu/apps/election-app/stats/parameters.csv -o /home/ubuntu/apps/election-app/win_prob/P/SC/data_output_SC.csv -c 50
Done. Wrote: /home/ubuntu/apps/election-app/win_prob/P/SC/data_output_SC.csv
Total rows: 46 (chunked, resumable).
Computed columns for PVALS = [0.01, 0.1, 1, 2, 3, 5, 10, 15, 20, 25, 30, 35, 40, 45, 50, 55, 60, 65, 70, 75, 80, 85, 90, 95, 97, 98, 99, 99.9, 99.99]
Per p (leader): shift_{p}, margin_new_{p}, harris_percent_new_{p}, trump_percent_new_{p}, total_snapshot_{p}, total_expected_{p}, harris_votes_new_{p}, trump_votes_new_{p}
Per p (trailing): shift_trailing_{p}, margin_new_{p}_trailing, harris_percent_new_{p}_trailing, trump_percent_new_{p}_trailing, total_snapshot_{p}_trailing, total_expected_{p}_trailing, harris_votes_new_{p}_trailing, trump_votes_new_{p}_trailing
Checkpoint saved at: /home/ubuntu/apps/election-app/win_prob/P/SC/data_output_SC.csv.checkpoint.json

$ /home/ubuntu/.venv/bin/python3 /home/ubuntu/apps/election-app/stats/7-margin-new.py
Wrote data_output_with_margins_old.csv

$ /home/ubuntu/.venv/bin/python3 /home/ubuntu/apps/election-app/stats/7-eevp-statewide.py
Wrote data_output_with_margins.csv (copied from data_output_with_margins_old.csv)

$ /home/ubuntu/.venv/bin/python3 /home/ubuntu/apps/election-app/stats/7.py --input /home/ubuntu/apps/election-app/win_prob/P/SC/data_output_SC_with_margins_statewide_eevp.csv --output /home/ubuntu/apps/election-app/win_prob/P/SC/statewide_margin_pct_vs_percent_SC_2026.png --state SC --start 2024-11-05T15-30-22 --end 2024-11-05T15-30-22 --stats /home/ubuntu/apps/election-app/win_prob/P/SC/stats.csv --stats2 /home/ubuntu/apps/election-app/win_prob/P/SC/stats2.csv --interval 30 --year 2026 --jsonl /home/ubuntu/apps/election-app/win_prob/P/SC/plotdata_SC_2026_2026-01-26T00-54-55.jsonl
[info] evaluating 1 timestamps from 2024-11-05T15-30-22 to 2024-11-05T15-30-22 every 30 minutes
[saved] probs_timeseries_SC.csv  (1 points)
[saved] /home/ubuntu/apps/election-app/win_prob/P/SC/plotdata_SC_2026_2026-01-26T00-54-55.jsonl  (4 points)
[saved] /home/ubuntu/apps/election-app/win_prob/P/SC/statewide_margin_pct_vs_percent_SC_2026_box.json
[saved] /home/ubuntu/apps/election-app/win_prob/P/SC/statewide_margin_pct_vs_percent_SC_2026_box.png
[saved] /home/ubuntu/apps/election-app/win_prob/P/SC/statewide_margin_pct_vs_percent_SC_2026.png

All 50 states complete. See: /home/ubuntu/apps/election-app/win_prob/P/SC

$ /home/ubuntu/.venv/bin/python3 /home/ubuntu/apps/election-app/stats/8.py --root /home/ubuntu/apps/election-app/win_prob/P/SC/_work --outdir /home/ubuntu/apps/election-app/win_prob/P/SC
[info] root  = /home/ubuntu/apps/election-app/win_prob/P/SC/_work
[info] outdir= /home/ubuntu/apps/election-app/win_prob/P/SC
[deleted] /home/ubuntu/apps/election-app/win_prob/P/SC/_work/stats_with_statewide.csv
[deleted] /home/ubuntu/apps/election-app/win_prob/P/SC/_work/stats2_final_headers.csv
[deleted] /home/ubuntu/apps/election-app/win_prob/P/SC/_work/2024_county_results_with_final-old.csv
[deleted] /home/ubuntu/apps/election-app/win_prob/P/SC/_work/2024_county_results_with_final.csv
[deleted] /home/ubuntu/apps/election-app/win_prob/P/SC/_work/2024_county_results_with_final_1.csv
[deleted] /home/ubuntu/apps/election-app/win_prob/P/SC/_work/2024_county_results_with_calcs-old.csv
[deleted] /home/ubuntu/apps/election-app/win_prob/P/SC/_work/2024_county_results_with_calcs_new.csv
[deleted] /home/ubuntu/apps/election-app/win_prob/P/SC/_work/output_statewide_stats.csv
[skip]    /home/ubuntu/apps/election-app/win_prob/P/SC/_work/probs_timeseries_PA.csv
[deleted] /home/ubuntu/apps/election-app/win_prob/P/SC/_work/2024_county_results_with_calcs.csv
[skip]    /home/ubuntu/apps/election-app/win_prob/P/SC/data_output.csv
[skip]    /home/ubuntu/apps/election-app/win_prob/P/SC/data_output_with_margins_old.csv
[skip]    /home/ubuntu/apps/election-app/win_prob/P/SC/data_output_with_margins.csv
[skip]    /home/ubuntu/apps/election-app/win_prob/P/SC/data_output_with_margins-statewide.csv
[deleted] /home/ubuntu/apps/election-app/win_prob/P/SC/snapshots_SC.csv
[deleted] /home/ubuntu/apps/election-app/win_prob/P/SC/data_output_SC_with_margins_statewide_eevp.csv
[deleted] /home/ubuntu/apps/election-app/win_prob/P/SC/data_output_SC.csv
[deleted] /home/ubuntu/apps/election-app/win_prob/P/SC/data_output_SC_with_margins.csv
[deleted] /home/ubuntu/apps/election-app/win_prob/P/SC/data_output_SC.csv.checkpoint.json
[deleted] /home/ubuntu/apps/election-app/win_prob/P/SC/stats.csv
[deleted] /home/ubuntu/apps/election-app/win_prob/P/SC/stats2.csv
[done] removed 16 file(s)
[2026-01-26 01:01:57] INFO: [PIPELINE] args: office=P state=SC district=None
[2026-01-26 01:01:57] INFO: [PIPELINE] WINPROB_DIR resolved to: /home/ubuntu/apps/election-app/win_prob/P/SC
[2026-01-26 01:01:57] INFO: [PIPELINE] OUTDIR set to: /home/ubuntu/apps/election-app/win_prob/P/SC

$ /home/ubuntu/.venv/bin/python3 /home/ubuntu/apps/election-app/stats/1-statewide.py --input /home/ubuntu/apps/election-app/win_prob/P/SC/stats.csv --output /home/ubuntu/apps/election-app/win_prob/P/SC/_work/stats_with_statewide.csv
Wrote /home/ubuntu/apps/election-app/win_prob/P/SC/_work/stats_with_statewide.csv (rows=46)

$ /home/ubuntu/.venv/bin/python3 /home/ubuntu/apps/election-app/stats/1-stats-2.py --input /home/ubuntu/apps/election-app/win_prob/P/SC/stats2.csv --output /home/ubuntu/apps/election-app/win_prob/P/SC/_work/stats2_final_headers.csv
Wrote /home/ubuntu/apps/election-app/win_prob/P/SC/_work/stats2_final_headers.csv (rows=46)

$ /home/ubuntu/.venv/bin/python3 /home/ubuntu/apps/election-app/stats/1-append-new.py
Wrote 2024_county_results_with_final-old.csv (rows=46, missing_final_matches=0)

$ /home/ubuntu/.venv/bin/python3 /home/ubuntu/apps/election-app/stats/1-change_header.py
Wrote: 2024_county_results_with_final.csv

$ /home/ubuntu/.venv/bin/python3 /home/ubuntu/apps/election-app/stats/1-cut-zero-fips.py
Wrote: 2024_county_results_with_final_1.csv
Rows before: 46
Rows after:  46
Dropped (fips == 0): 0

$ /home/ubuntu/.venv/bin/python3 /home/ubuntu/apps/election-app/stats/2-calc.py
Wrote 46 rows with calculations to /home/ubuntu/apps/election-app/win_prob/P/SC/_work/2024_county_results_with_calcs-old.csv

$ /home/ubuntu/.venv/bin/python3 /home/ubuntu/apps/election-app/stats/2-eevp.py
Wrote (no-op copy): 2024_county_results_with_calcs.csv
Columns:
 - timestamp
 - state
 - county
 - fips
 - trump_votes
 - harris_votes
 - other_votes
 - eevp
 - state_eevp
 - harris_votes_statewide
 - trump_votes_statewide
 - other_votes_statewide
 - final_state
 - final_county
 - final_fips
 - final_trump_votes
 - final_harris_votes
 - final_other_votes
 - harris_percent_snapshot
 - trump_percent_snapshot
 - margin_snapshot
 - harris_percent_final
 - trump_percent_final
 - margin_final
 - margin_difference
 - margin_difference_abs

$ /home/ubuntu/.venv/bin/python3 /home/ubuntu/apps/election-app/stats/3-calc-new.py
Wrote 46 rows with new columns to /home/ubuntu/apps/election-app/win_prob/P/SC/_work/2024_county_results_with_calcs_new.csv

$ /home/ubuntu/.venv/bin/python3 /home/ubuntu/apps/election-app/stats/4-stats.py
Reading 2024_county_results_with_calcs_new.csv...
Aggregating statewide totals...
Calculating percentages and margins...
Writing to output_statewide_stats.csv...
Done!
[2026-01-26 01:02:07] INFO: [PIPELINE] ENTER win-prob generation | states=['SC'] ts_list=['2024-11-05T15-30-22']

============================================================================
[01/1] STATE = SC
============================================================================

$ /home/ubuntu/.venv/bin/python3 /home/ubuntu/apps/election-app/stats/5-snapshots.py --state SC --input /home/ubuntu/apps/election-app/win_prob/P/SC/_work/output_statewide_stats.csv --output /home/ubuntu/apps/election-app/win_prob/P/SC/snapshots_SC.csv --start 2024-11-05T15-30-22 --end 2024-11-05T15-30-22 --use-window 1 --interval 30
Mode: windowed-one-state
Rows written: 46
Distinct states in output: SC
Rows per normalized timestamp (empty = unparseable):
  2024-11-05T15-30-22: 46
Wrote /home/ubuntu/apps/election-app/win_prob/P/SC/snapshots_SC.csv

$ /home/ubuntu/.venv/bin/python3 /home/ubuntu/apps/election-app/stats/6-pval.py /home/ubuntu/apps/election-app/win_prob/P/SC/snapshots_SC.csv -t /home/ubuntu/apps/election-app/stats/parameters.csv -o /home/ubuntu/apps/election-app/win_prob/P/SC/data_output_SC.csv -c 50
Done. Wrote: /home/ubuntu/apps/election-app/win_prob/P/SC/data_output_SC.csv
Total rows: 46 (chunked, resumable).
Computed columns for PVALS = [0.01, 0.1, 1, 2, 3, 5, 10, 15, 20, 25, 30, 35, 40, 45, 50, 55, 60, 65, 70, 75, 80, 85, 90, 95, 97, 98, 99, 99.9, 99.99]
Per p (leader): shift_{p}, margin_new_{p}, harris_percent_new_{p}, trump_percent_new_{p}, total_snapshot_{p}, total_expected_{p}, harris_votes_new_{p}, trump_votes_new_{p}
Per p (trailing): shift_trailing_{p}, margin_new_{p}_trailing, harris_percent_new_{p}_trailing, trump_percent_new_{p}_trailing, total_snapshot_{p}_trailing, total_expected_{p}_trailing, harris_votes_new_{p}_trailing, trump_votes_new_{p}_trailing
Checkpoint saved at: /home/ubuntu/apps/election-app/win_prob/P/SC/data_output_SC.csv.checkpoint.json

$ /home/ubuntu/.venv/bin/python3 /home/ubuntu/apps/election-app/stats/7-margin-new.py
Wrote data_output_with_margins_old.csv

$ /home/ubuntu/.venv/bin/python3 /home/ubuntu/apps/election-app/stats/7-eevp-statewide.py
Wrote data_output_with_margins.csv (copied from data_output_with_margins_old.csv)

$ /home/ubuntu/.venv/bin/python3 /home/ubuntu/apps/election-app/stats/7.py --input /home/ubuntu/apps/election-app/win_prob/P/SC/data_output_SC_with_margins_statewide_eevp.csv --output /home/ubuntu/apps/election-app/win_prob/P/SC/statewide_margin_pct_vs_percent_SC_2026.png --state SC --start 2024-11-05T15-30-22 --end 2024-11-05T15-30-22 --stats /home/ubuntu/apps/election-app/win_prob/P/SC/stats.csv --stats2 /home/ubuntu/apps/election-app/win_prob/P/SC/stats2.csv --interval 30 --year 2026 --jsonl /home/ubuntu/apps/election-app/win_prob/P/SC/plotdata_SC_2026_2026-01-26T01-01-57.jsonl
[info] evaluating 1 timestamps from 2024-11-05T15-30-22 to 2024-11-05T15-30-22 every 30 minutes
[saved] probs_timeseries_SC.csv  (1 points)
[saved] /home/ubuntu/apps/election-app/win_prob/P/SC/plotdata_SC_2026_2026-01-26T01-01-57.jsonl  (4 points)
[saved] /home/ubuntu/apps/election-app/win_prob/P/SC/statewide_margin_pct_vs_percent_SC_2026_box.json
[saved] /home/ubuntu/apps/election-app/win_prob/P/SC/statewide_margin_pct_vs_percent_SC_2026_box.png
[saved] /home/ubuntu/apps/election-app/win_prob/P/SC/statewide_margin_pct_vs_percent_SC_2026.png

All 50 states complete. See: /home/ubuntu/apps/election-app/win_prob/P/SC

$ /home/ubuntu/.venv/bin/python3 /home/ubuntu/apps/election-app/stats/8.py --root /home/ubuntu/apps/election-app/win_prob/P/SC/_work --outdir /home/ubuntu/apps/election-app/win_prob/P/SC
[info] root  = /home/ubuntu/apps/election-app/win_prob/P/SC/_work
[info] outdir= /home/ubuntu/apps/election-app/win_prob/P/SC
[deleted] /home/ubuntu/apps/election-app/win_prob/P/SC/_work/stats_with_statewide.csv
[deleted] /home/ubuntu/apps/election-app/win_prob/P/SC/_work/stats2_final_headers.csv
[deleted] /home/ubuntu/apps/election-app/win_prob/P/SC/_work/2024_county_results_with_final-old.csv
[deleted] /home/ubuntu/apps/election-app/win_prob/P/SC/_work/2024_county_results_with_final.csv
[deleted] /home/ubuntu/apps/election-app/win_prob/P/SC/_work/2024_county_results_with_final_1.csv
[deleted] /home/ubuntu/apps/election-app/win_prob/P/SC/_work/2024_county_results_with_calcs-old.csv
[deleted] /home/ubuntu/apps/election-app/win_prob/P/SC/_work/2024_county_results_with_calcs_new.csv
[deleted] /home/ubuntu/apps/election-app/win_prob/P/SC/_work/output_statewide_stats.csv
[skip]    /home/ubuntu/apps/election-app/win_prob/P/SC/_work/probs_timeseries_PA.csv
[deleted] /home/ubuntu/apps/election-app/win_prob/P/SC/_work/2024_county_results_with_calcs.csv
[skip]    /home/ubuntu/apps/election-app/win_prob/P/SC/data_output.csv
[skip]    /home/ubuntu/apps/election-app/win_prob/P/SC/data_output_with_margins_old.csv
[skip]    /home/ubuntu/apps/election-app/win_prob/P/SC/data_output_with_margins.csv
[skip]    /home/ubuntu/apps/election-app/win_prob/P/SC/data_output_with_margins-statewide.csv
[deleted] /home/ubuntu/apps/election-app/win_prob/P/SC/snapshots_SC.csv
[deleted] /home/ubuntu/apps/election-app/win_prob/P/SC/data_output_SC_with_margins_statewide_eevp.csv
[deleted] /home/ubuntu/apps/election-app/win_prob/P/SC/data_output_SC.csv
[deleted] /home/ubuntu/apps/election-app/win_prob/P/SC/data_output_SC_with_margins.csv
[deleted] /home/ubuntu/apps/election-app/win_prob/P/SC/data_output_SC.csv.checkpoint.json
[deleted] /home/ubuntu/apps/election-app/win_prob/P/SC/stats.csv
[deleted] /home/ubuntu/apps/election-app/win_prob/P/SC/stats2.csv
[done] removed 16 file(s)
[2026-02-04 18:05:20] INFO: [PIPELINE] args: office=P state=SC district=None
[2026-02-04 18:05:20] INFO: [PIPELINE] WINPROB_DIR resolved to: /home/ubuntu/apps/election-app/win_prob/P/SC
[2026-02-04 18:05:20] INFO: [PIPELINE] OUTDIR set to: /home/ubuntu/apps/election-app/win_prob/P/SC

$ /home/ubuntu/.venv/bin/python3 /home/ubuntu/apps/election-app/stats/1-statewide.py --input /home/ubuntu/apps/election-app/win_prob/P/SC/stats.csv --output /home/ubuntu/apps/election-app/win_prob/P/SC/_work/stats_with_statewide.csv
Wrote /home/ubuntu/apps/election-app/win_prob/P/SC/_work/stats_with_statewide.csv (rows=46)

$ /home/ubuntu/.venv/bin/python3 /home/ubuntu/apps/election-app/stats/1-stats-2.py --input /home/ubuntu/apps/election-app/win_prob/P/SC/stats2.csv --output /home/ubuntu/apps/election-app/win_prob/P/SC/_work/stats2_final_headers.csv
Wrote /home/ubuntu/apps/election-app/win_prob/P/SC/_work/stats2_final_headers.csv (rows=46)

$ /home/ubuntu/.venv/bin/python3 /home/ubuntu/apps/election-app/stats/1-append-new.py
Wrote 2024_county_results_with_final-old.csv (rows=46, missing_final_matches=0)

$ /home/ubuntu/.venv/bin/python3 /home/ubuntu/apps/election-app/stats/1-change_header.py
Wrote: 2024_county_results_with_final.csv

$ /home/ubuntu/.venv/bin/python3 /home/ubuntu/apps/election-app/stats/1-cut-zero-fips.py
Wrote: 2024_county_results_with_final_1.csv
Rows before: 46
Rows after:  46
Dropped (fips == 0): 0

$ /home/ubuntu/.venv/bin/python3 /home/ubuntu/apps/election-app/stats/2-calc.py
Wrote 46 rows with calculations to /home/ubuntu/apps/election-app/win_prob/P/SC/_work/2024_county_results_with_calcs-old.csv

$ /home/ubuntu/.venv/bin/python3 /home/ubuntu/apps/election-app/stats/2-eevp.py
Wrote (no-op copy): 2024_county_results_with_calcs.csv
Columns:
 - timestamp
 - state
 - county
 - fips
 - trump_votes
 - harris_votes
 - other_votes
 - eevp
 - state_eevp
 - harris_votes_statewide
 - trump_votes_statewide
 - other_votes_statewide
 - final_state
 - final_county
 - final_fips
 - final_trump_votes
 - final_harris_votes
 - final_other_votes
 - harris_percent_snapshot
 - trump_percent_snapshot
 - margin_snapshot
 - harris_percent_final
 - trump_percent_final
 - margin_final
 - margin_difference
 - margin_difference_abs

$ /home/ubuntu/.venv/bin/python3 /home/ubuntu/apps/election-app/stats/3-calc-new.py
Wrote 46 rows with new columns to /home/ubuntu/apps/election-app/win_prob/P/SC/_work/2024_county_results_with_calcs_new.csv

$ /home/ubuntu/.venv/bin/python3 /home/ubuntu/apps/election-app/stats/4-stats.py
Reading 2024_county_results_with_calcs_new.csv...
Aggregating statewide totals...
Calculating percentages and margins...
Writing to output_statewide_stats.csv...
Done!
[2026-02-04 18:05:30] INFO: [PIPELINE] ENTER win-prob generation | states=['SC'] ts_list=['2024-11-05T15-30-22']

============================================================================
[01/1] STATE = SC
============================================================================

$ /home/ubuntu/.venv/bin/python3 /home/ubuntu/apps/election-app/stats/5-snapshots.py --state SC --input /home/ubuntu/apps/election-app/win_prob/P/SC/_work/output_statewide_stats.csv --output /home/ubuntu/apps/election-app/win_prob/P/SC/snapshots_SC.csv --start 2024-11-05T15-30-22 --end 2024-11-05T15-30-22 --use-window 1 --interval 30
Mode: windowed-one-state
Rows written: 46
Distinct states in output: SC
Rows per normalized timestamp (empty = unparseable):
  2024-11-05T15-30-22: 46
Wrote /home/ubuntu/apps/election-app/win_prob/P/SC/snapshots_SC.csv

$ /home/ubuntu/.venv/bin/python3 /home/ubuntu/apps/election-app/stats/6-pval.py /home/ubuntu/apps/election-app/win_prob/P/SC/snapshots_SC.csv -t /home/ubuntu/apps/election-app/stats/parameters.csv -o /home/ubuntu/apps/election-app/win_prob/P/SC/data_output_SC.csv -c 50
Done. Wrote: /home/ubuntu/apps/election-app/win_prob/P/SC/data_output_SC.csv
Total rows: 46 (chunked, resumable).
Computed columns for PVALS = [0.01, 0.1, 1, 2, 3, 5, 10, 15, 20, 25, 30, 35, 40, 45, 50, 55, 60, 65, 70, 75, 80, 85, 90, 95, 97, 98, 99, 99.9, 99.99]
Per p (leader): shift_{p}, margin_new_{p}, harris_percent_new_{p}, trump_percent_new_{p}, total_snapshot_{p}, total_expected_{p}, harris_votes_new_{p}, trump_votes_new_{p}
Per p (trailing): shift_trailing_{p}, margin_new_{p}_trailing, harris_percent_new_{p}_trailing, trump_percent_new_{p}_trailing, total_snapshot_{p}_trailing, total_expected_{p}_trailing, harris_votes_new_{p}_trailing, trump_votes_new_{p}_trailing
Checkpoint saved at: /home/ubuntu/apps/election-app/win_prob/P/SC/data_output_SC.csv.checkpoint.json

$ /home/ubuntu/.venv/bin/python3 /home/ubuntu/apps/election-app/stats/7-margin-new.py
Wrote data_output_with_margins_old.csv

$ /home/ubuntu/.venv/bin/python3 /home/ubuntu/apps/election-app/stats/7-eevp-statewide.py
Wrote data_output_with_margins.csv (copied from data_output_with_margins_old.csv)

$ /home/ubuntu/.venv/bin/python3 /home/ubuntu/apps/election-app/stats/7.py --input /home/ubuntu/apps/election-app/win_prob/P/SC/data_output_SC_with_margins_statewide_eevp.csv --output /home/ubuntu/apps/election-app/win_prob/P/SC/statewide_margin_pct_vs_percent_SC_2026.png --state SC --start 2024-11-05T15-30-22 --end 2024-11-05T15-30-22 --stats /home/ubuntu/apps/election-app/win_prob/P/SC/stats.csv --stats2 /home/ubuntu/apps/election-app/win_prob/P/SC/stats2.csv --interval 30 --year 2026 --jsonl /home/ubuntu/apps/election-app/win_prob/P/SC/plotdata_SC_2026_2026-02-04T18-05-20.jsonl
[info] evaluating 1 timestamps from 2024-11-05T15-30-22 to 2024-11-05T15-30-22 every 30 minutes
[saved] probs_timeseries_SC.csv  (1 points)
[saved] /home/ubuntu/apps/election-app/win_prob/P/SC/plotdata_SC_2026_2026-02-04T18-05-20.jsonl  (4 points)
[saved] /home/ubuntu/apps/election-app/win_prob/P/SC/statewide_margin_pct_vs_percent_SC_2026_box.json
[saved] /home/ubuntu/apps/election-app/win_prob/P/SC/statewide_margin_pct_vs_percent_SC_2026_box.png
[saved] /home/ubuntu/apps/election-app/win_prob/P/SC/statewide_margin_pct_vs_percent_SC_2026.png

All 50 states complete. See: /home/ubuntu/apps/election-app/win_prob/P/SC

$ /home/ubuntu/.venv/bin/python3 /home/ubuntu/apps/election-app/stats/8.py --root /home/ubuntu/apps/election-app/win_prob/P/SC/_work --outdir /home/ubuntu/apps/election-app/win_prob/P/SC
[info] root  = /home/ubuntu/apps/election-app/win_prob/P/SC/_work
[info] outdir= /home/ubuntu/apps/election-app/win_prob/P/SC
[deleted] /home/ubuntu/apps/election-app/win_prob/P/SC/_work/stats_with_statewide.csv
[deleted] /home/ubuntu/apps/election-app/win_prob/P/SC/_work/stats2_final_headers.csv
[deleted] /home/ubuntu/apps/election-app/win_prob/P/SC/_work/2024_county_results_with_final-old.csv
[deleted] /home/ubuntu/apps/election-app/win_prob/P/SC/_work/2024_county_results_with_final.csv
[deleted] /home/ubuntu/apps/election-app/win_prob/P/SC/_work/2024_county_results_with_final_1.csv
[deleted] /home/ubuntu/apps/election-app/win_prob/P/SC/_work/2024_county_results_with_calcs-old.csv
[deleted] /home/ubuntu/apps/election-app/win_prob/P/SC/_work/2024_county_results_with_calcs_new.csv
[deleted] /home/ubuntu/apps/election-app/win_prob/P/SC/_work/output_statewide_stats.csv
[skip]    /home/ubuntu/apps/election-app/win_prob/P/SC/_work/probs_timeseries_PA.csv
[deleted] /home/ubuntu/apps/election-app/win_prob/P/SC/_work/2024_county_results_with_calcs.csv
[skip]    /home/ubuntu/apps/election-app/win_prob/P/SC/data_output.csv
[skip]    /home/ubuntu/apps/election-app/win_prob/P/SC/data_output_with_margins_old.csv
[skip]    /home/ubuntu/apps/election-app/win_prob/P/SC/data_output_with_margins.csv
[skip]    /home/ubuntu/apps/election-app/win_prob/P/SC/data_output_with_margins-statewide.csv
[deleted] /home/ubuntu/apps/election-app/win_prob/P/SC/snapshots_SC.csv
[deleted] /home/ubuntu/apps/election-app/win_prob/P/SC/data_output_SC_with_margins_statewide_eevp.csv
[deleted] /home/ubuntu/apps/election-app/win_prob/P/SC/data_output_SC.csv
[deleted] /home/ubuntu/apps/election-app/win_prob/P/SC/data_output_SC_with_margins.csv
[deleted] /home/ubuntu/apps/election-app/win_prob/P/SC/data_output_SC.csv.checkpoint.json
[deleted] /home/ubuntu/apps/election-app/win_prob/P/SC/stats.csv
[deleted] /home/ubuntu/apps/election-app/win_prob/P/SC/stats2.csv
[done] removed 16 file(s)
