[2026-01-24 00:34:32] INFO: [PIPELINE] args: office=H state=PA district=05
[2026-01-24 00:34:32] INFO: [PIPELINE] WINPROB_DIR resolved to: /home/ubuntu/apps/election-app/win_prob/H/PA/05
[2026-01-24 00:34:32] INFO: [PIPELINE] OUTDIR set to: /home/ubuntu/apps/election-app/win_prob/H/PA/05

$ /home/ubuntu/.venv/bin/python3 /home/ubuntu/apps/election-app/stats/1-statewide.py --input /home/ubuntu/apps/election-app/win_prob/H/PA/05/stats.csv --output /home/ubuntu/apps/election-app/win_prob/H/PA/05/_work/stats_with_statewide.csv
Wrote /home/ubuntu/apps/election-app/win_prob/H/PA/05/_work/stats_with_statewide.csv (rows=4)

$ /home/ubuntu/.venv/bin/python3 /home/ubuntu/apps/election-app/stats/1-stats-2.py --input /home/ubuntu/apps/election-app/win_prob/H/PA/05/stats2.csv --output /home/ubuntu/apps/election-app/win_prob/H/PA/05/_work/stats2_final_headers.csv
Wrote /home/ubuntu/apps/election-app/win_prob/H/PA/05/_work/stats2_final_headers.csv (rows=4)

$ /home/ubuntu/.venv/bin/python3 /home/ubuntu/apps/election-app/stats/1-append-new.py
Wrote 2024_county_results_with_final-old.csv (rows=4, missing_final_matches=0)

$ /home/ubuntu/.venv/bin/python3 /home/ubuntu/apps/election-app/stats/1-change_header.py
Wrote: 2024_county_results_with_final.csv

$ /home/ubuntu/.venv/bin/python3 /home/ubuntu/apps/election-app/stats/1-cut-zero-fips.py
Wrote: 2024_county_results_with_final_1.csv
Rows before: 4
Rows after:  4
Dropped (fips == 0): 0

$ /home/ubuntu/.venv/bin/python3 /home/ubuntu/apps/election-app/stats/2-calc.py
Wrote 4 rows with calculations to /home/ubuntu/apps/election-app/win_prob/H/PA/05/_work/2024_county_results_with_calcs-old.csv

$ /home/ubuntu/.venv/bin/python3 /home/ubuntu/apps/election-app/stats/2-eevp.py
Wrote (no-op copy): 2024_county_results_with_calcs.csv
Columns:
 - timestamp
 - state
 - county
 - fips
 - trump_votes
 - harris_votes
 - other_votes
 - eevp
 - state_eevp
 - harris_votes_statewide
 - trump_votes_statewide
 - other_votes_statewide
 - final_state
 - final_county
 - final_fips
 - final_trump_votes
 - final_harris_votes
 - final_other_votes
 - harris_percent_snapshot
 - trump_percent_snapshot
 - margin_snapshot
 - harris_percent_final
 - trump_percent_final
 - margin_final
 - margin_difference
 - margin_difference_abs

$ /home/ubuntu/.venv/bin/python3 /home/ubuntu/apps/election-app/stats/3-calc-new.py
Wrote 4 rows with new columns to /home/ubuntu/apps/election-app/win_prob/H/PA/05/_work/2024_county_results_with_calcs_new.csv

$ /home/ubuntu/.venv/bin/python3 /home/ubuntu/apps/election-app/stats/4-stats.py
Reading 2024_county_results_with_calcs_new.csv...
Aggregating statewide totals...
Calculating percentages and margins...
Writing to output_statewide_stats.csv...
Done!
[2026-01-24 00:34:41] INFO: [PIPELINE] ENTER win-prob generation | states=['PA'] ts_list=['2024-11-05T15-30-22']

============================================================================
[01/1] STATE = PA
============================================================================

$ /home/ubuntu/.venv/bin/python3 /home/ubuntu/apps/election-app/stats/5-snapshots.py --state PA --input /home/ubuntu/apps/election-app/win_prob/H/PA/05/_work/output_statewide_stats.csv --output /home/ubuntu/apps/election-app/win_prob/H/PA/05/snapshots_PA.csv --start 2024-11-05T15-30-22 --end 2024-11-05T15-30-22 --use-window 1 --interval 30
Mode: windowed-one-state
Rows written: 4
Distinct states in output: PA
Rows per normalized timestamp (empty = unparseable):
  2024-11-05T15-30-22: 4
Wrote /home/ubuntu/apps/election-app/win_prob/H/PA/05/snapshots_PA.csv

$ /home/ubuntu/.venv/bin/python3 /home/ubuntu/apps/election-app/stats/6-pval.py /home/ubuntu/apps/election-app/win_prob/H/PA/05/snapshots_PA.csv -t /home/ubuntu/apps/election-app/stats/parameters.csv -o /home/ubuntu/apps/election-app/win_prob/H/PA/05/data_output_PA.csv -c 50
Done. Wrote: /home/ubuntu/apps/election-app/win_prob/H/PA/05/data_output_PA.csv
Total rows: 4 (chunked, resumable).
Computed columns for PVALS = [0.01, 0.1, 1, 2, 3, 5, 10, 15, 20, 25, 30, 35, 40, 45, 50, 55, 60, 65, 70, 75, 80, 85, 90, 95, 97, 98, 99, 99.9, 99.99]
Per p (leader): shift_{p}, margin_new_{p}, harris_percent_new_{p}, trump_percent_new_{p}, total_snapshot_{p}, total_expected_{p}, harris_votes_new_{p}, trump_votes_new_{p}
Per p (trailing): shift_trailing_{p}, margin_new_{p}_trailing, harris_percent_new_{p}_trailing, trump_percent_new_{p}_trailing, total_snapshot_{p}_trailing, total_expected_{p}_trailing, harris_votes_new_{p}_trailing, trump_votes_new_{p}_trailing
Checkpoint saved at: /home/ubuntu/apps/election-app/win_prob/H/PA/05/data_output_PA.csv.checkpoint.json

$ /home/ubuntu/.venv/bin/python3 /home/ubuntu/apps/election-app/stats/7-margin-new.py
Wrote data_output_with_margins_old.csv

$ /home/ubuntu/.venv/bin/python3 /home/ubuntu/apps/election-app/stats/7-eevp-statewide.py
Wrote data_output_with_margins.csv (copied from data_output_with_margins_old.csv)

$ /home/ubuntu/.venv/bin/python3 /home/ubuntu/apps/election-app/stats/7.py --input /home/ubuntu/apps/election-app/win_prob/H/PA/05/data_output_PA_with_margins_statewide_eevp.csv --output /home/ubuntu/apps/election-app/win_prob/H/PA/05/statewide_margin_pct_vs_percent_PA_2026.png --state PA --start 2024-11-05T15-30-22 --end 2024-11-05T15-30-22 --stats /home/ubuntu/apps/election-app/win_prob/H/PA/05/stats.csv --stats2 /home/ubuntu/apps/election-app/win_prob/H/PA/05/stats2.csv --interval 30 --year 2026 --jsonl /home/ubuntu/apps/election-app/win_prob/H/PA/05/plotdata_PA_2026_2026-01-24T00-34-32.jsonl
[info] evaluating 1 timestamps from 2024-11-05T15-30-22 to 2024-11-05T15-30-22 every 30 minutes
[saved] probs_timeseries_PA.csv  (1 points)
[saved] /home/ubuntu/apps/election-app/win_prob/H/PA/05/plotdata_PA_2026_2026-01-24T00-34-32.jsonl  (0 points)
[saved] /home/ubuntu/apps/election-app/win_prob/H/PA/05/statewide_margin_pct_vs_percent_PA_2026_box.json
[saved] /home/ubuntu/apps/election-app/win_prob/H/PA/05/statewide_margin_pct_vs_percent_PA_2026_box.png
[saved] /home/ubuntu/apps/election-app/win_prob/H/PA/05/statewide_margin_pct_vs_percent_PA_2026.png

All 50 states complete. See: /home/ubuntu/apps/election-app/win_prob/H/PA/05

$ /home/ubuntu/.venv/bin/python3 /home/ubuntu/apps/election-app/stats/8.py --root /home/ubuntu/apps/election-app/win_prob/H/PA/05/_work --outdir /home/ubuntu/apps/election-app/win_prob/H/PA/05
[info] root  = /home/ubuntu/apps/election-app/win_prob/H/PA/05/_work
[info] outdir= /home/ubuntu/apps/election-app/win_prob/H/PA/05
[deleted] /home/ubuntu/apps/election-app/win_prob/H/PA/05/_work/stats_with_statewide.csv
[deleted] /home/ubuntu/apps/election-app/win_prob/H/PA/05/_work/stats2_final_headers.csv
[deleted] /home/ubuntu/apps/election-app/win_prob/H/PA/05/_work/2024_county_results_with_final-old.csv
[deleted] /home/ubuntu/apps/election-app/win_prob/H/PA/05/_work/2024_county_results_with_final.csv
[deleted] /home/ubuntu/apps/election-app/win_prob/H/PA/05/_work/2024_county_results_with_final_1.csv
[deleted] /home/ubuntu/apps/election-app/win_prob/H/PA/05/_work/2024_county_results_with_calcs-old.csv
[deleted] /home/ubuntu/apps/election-app/win_prob/H/PA/05/_work/2024_county_results_with_calcs_new.csv
[deleted] /home/ubuntu/apps/election-app/win_prob/H/PA/05/_work/output_statewide_stats.csv
[skip]    /home/ubuntu/apps/election-app/win_prob/H/PA/05/_work/probs_timeseries_PA.csv
[deleted] /home/ubuntu/apps/election-app/win_prob/H/PA/05/_work/2024_county_results_with_calcs.csv
[skip]    /home/ubuntu/apps/election-app/win_prob/H/PA/05/data_output.csv
[skip]    /home/ubuntu/apps/election-app/win_prob/H/PA/05/data_output_with_margins_old.csv
[skip]    /home/ubuntu/apps/election-app/win_prob/H/PA/05/data_output_with_margins.csv
[skip]    /home/ubuntu/apps/election-app/win_prob/H/PA/05/data_output_with_margins-statewide.csv
[deleted] /home/ubuntu/apps/election-app/win_prob/H/PA/05/snapshots_PA.csv
[deleted] /home/ubuntu/apps/election-app/win_prob/H/PA/05/data_output_PA_with_margins_statewide_eevp.csv
[deleted] /home/ubuntu/apps/election-app/win_prob/H/PA/05/data_output_PA_with_margins.csv
[deleted] /home/ubuntu/apps/election-app/win_prob/H/PA/05/data_output_PA.csv
[deleted] /home/ubuntu/apps/election-app/win_prob/H/PA/05/data_output_PA.csv.checkpoint.json
[deleted] /home/ubuntu/apps/election-app/win_prob/H/PA/05/stats.csv
[deleted] /home/ubuntu/apps/election-app/win_prob/H/PA/05/stats2.csv
[done] removed 16 file(s)
[2026-01-24 00:48:24] INFO: [PIPELINE] args: office=H state=PA district=05
[2026-01-24 00:48:24] INFO: [PIPELINE] WINPROB_DIR resolved to: /home/ubuntu/apps/election-app/win_prob/H/PA/05
[2026-01-24 00:48:24] INFO: [PIPELINE] OUTDIR set to: /home/ubuntu/apps/election-app/win_prob/H/PA/05

$ /home/ubuntu/.venv/bin/python3 /home/ubuntu/apps/election-app/stats/1-statewide.py --input /home/ubuntu/apps/election-app/win_prob/H/PA/05/stats.csv --output /home/ubuntu/apps/election-app/win_prob/H/PA/05/_work/stats_with_statewide.csv
Wrote /home/ubuntu/apps/election-app/win_prob/H/PA/05/_work/stats_with_statewide.csv (rows=4)

$ /home/ubuntu/.venv/bin/python3 /home/ubuntu/apps/election-app/stats/1-stats-2.py --input /home/ubuntu/apps/election-app/win_prob/H/PA/05/stats2.csv --output /home/ubuntu/apps/election-app/win_prob/H/PA/05/_work/stats2_final_headers.csv
Wrote /home/ubuntu/apps/election-app/win_prob/H/PA/05/_work/stats2_final_headers.csv (rows=4)

$ /home/ubuntu/.venv/bin/python3 /home/ubuntu/apps/election-app/stats/1-append-new.py
Wrote 2024_county_results_with_final-old.csv (rows=4, missing_final_matches=0)

$ /home/ubuntu/.venv/bin/python3 /home/ubuntu/apps/election-app/stats/1-change_header.py
Wrote: 2024_county_results_with_final.csv

$ /home/ubuntu/.venv/bin/python3 /home/ubuntu/apps/election-app/stats/1-cut-zero-fips.py
Wrote: 2024_county_results_with_final_1.csv
Rows before: 4
Rows after:  4
Dropped (fips == 0): 0

$ /home/ubuntu/.venv/bin/python3 /home/ubuntu/apps/election-app/stats/2-calc.py
Wrote 4 rows with calculations to /home/ubuntu/apps/election-app/win_prob/H/PA/05/_work/2024_county_results_with_calcs-old.csv

$ /home/ubuntu/.venv/bin/python3 /home/ubuntu/apps/election-app/stats/2-eevp.py
Wrote (no-op copy): 2024_county_results_with_calcs.csv
Columns:
 - timestamp
 - state
 - county
 - fips
 - trump_votes
 - harris_votes
 - other_votes
 - eevp
 - state_eevp
 - harris_votes_statewide
 - trump_votes_statewide
 - other_votes_statewide
 - final_state
 - final_county
 - final_fips
 - final_trump_votes
 - final_harris_votes
 - final_other_votes
 - harris_percent_snapshot
 - trump_percent_snapshot
 - margin_snapshot
 - harris_percent_final
 - trump_percent_final
 - margin_final
 - margin_difference
 - margin_difference_abs

$ /home/ubuntu/.venv/bin/python3 /home/ubuntu/apps/election-app/stats/3-calc-new.py
Wrote 4 rows with new columns to /home/ubuntu/apps/election-app/win_prob/H/PA/05/_work/2024_county_results_with_calcs_new.csv

$ /home/ubuntu/.venv/bin/python3 /home/ubuntu/apps/election-app/stats/4-stats.py
Reading 2024_county_results_with_calcs_new.csv...
Aggregating statewide totals...
Calculating percentages and margins...
Writing to output_statewide_stats.csv...
Done!
[2026-01-24 00:48:33] INFO: [PIPELINE] ENTER win-prob generation | states=['PA'] ts_list=['2024-11-05T15-30-22']

============================================================================
[01/1] STATE = PA
============================================================================

$ /home/ubuntu/.venv/bin/python3 /home/ubuntu/apps/election-app/stats/5-snapshots.py --state PA --input /home/ubuntu/apps/election-app/win_prob/H/PA/05/_work/output_statewide_stats.csv --output /home/ubuntu/apps/election-app/win_prob/H/PA/05/snapshots_PA.csv --start 2024-11-05T15-30-22 --end 2024-11-05T15-30-22 --use-window 1 --interval 30
Mode: windowed-one-state
Rows written: 4
Distinct states in output: PA
Rows per normalized timestamp (empty = unparseable):
  2024-11-05T15-30-22: 4
Wrote /home/ubuntu/apps/election-app/win_prob/H/PA/05/snapshots_PA.csv

$ /home/ubuntu/.venv/bin/python3 /home/ubuntu/apps/election-app/stats/6-pval.py /home/ubuntu/apps/election-app/win_prob/H/PA/05/snapshots_PA.csv -t /home/ubuntu/apps/election-app/stats/parameters.csv -o /home/ubuntu/apps/election-app/win_prob/H/PA/05/data_output_PA.csv -c 50
Done. Wrote: /home/ubuntu/apps/election-app/win_prob/H/PA/05/data_output_PA.csv
Total rows: 4 (chunked, resumable).
Computed columns for PVALS = [0.01, 0.1, 1, 2, 3, 5, 10, 15, 20, 25, 30, 35, 40, 45, 50, 55, 60, 65, 70, 75, 80, 85, 90, 95, 97, 98, 99, 99.9, 99.99]
Per p (leader): shift_{p}, margin_new_{p}, harris_percent_new_{p}, trump_percent_new_{p}, total_snapshot_{p}, total_expected_{p}, harris_votes_new_{p}, trump_votes_new_{p}
Per p (trailing): shift_trailing_{p}, margin_new_{p}_trailing, harris_percent_new_{p}_trailing, trump_percent_new_{p}_trailing, total_snapshot_{p}_trailing, total_expected_{p}_trailing, harris_votes_new_{p}_trailing, trump_votes_new_{p}_trailing
Checkpoint saved at: /home/ubuntu/apps/election-app/win_prob/H/PA/05/data_output_PA.csv.checkpoint.json

$ /home/ubuntu/.venv/bin/python3 /home/ubuntu/apps/election-app/stats/7-margin-new.py
Wrote data_output_with_margins_old.csv

$ /home/ubuntu/.venv/bin/python3 /home/ubuntu/apps/election-app/stats/7-eevp-statewide.py
Wrote data_output_with_margins.csv (copied from data_output_with_margins_old.csv)

$ /home/ubuntu/.venv/bin/python3 /home/ubuntu/apps/election-app/stats/7.py --input /home/ubuntu/apps/election-app/win_prob/H/PA/05/data_output_PA_with_margins_statewide_eevp.csv --output /home/ubuntu/apps/election-app/win_prob/H/PA/05/statewide_margin_pct_vs_percent_PA_2026.png --state PA --start 2024-11-05T15-30-22 --end 2024-11-05T15-30-22 --stats /home/ubuntu/apps/election-app/win_prob/H/PA/05/stats.csv --stats2 /home/ubuntu/apps/election-app/win_prob/H/PA/05/stats2.csv --interval 30 --year 2026 --jsonl /home/ubuntu/apps/election-app/win_prob/H/PA/05/plotdata_PA_2026_2026-01-24T00-48-24.jsonl
[info] evaluating 1 timestamps from 2024-11-05T15-30-22 to 2024-11-05T15-30-22 every 30 minutes
[saved] probs_timeseries_PA.csv  (1 points)
[saved] /home/ubuntu/apps/election-app/win_prob/H/PA/05/plotdata_PA_2026_2026-01-24T00-48-24.jsonl  (4 points)
[saved] /home/ubuntu/apps/election-app/win_prob/H/PA/05/statewide_margin_pct_vs_percent_PA_2026_box.json
[saved] /home/ubuntu/apps/election-app/win_prob/H/PA/05/statewide_margin_pct_vs_percent_PA_2026_box.png
[saved] /home/ubuntu/apps/election-app/win_prob/H/PA/05/statewide_margin_pct_vs_percent_PA_2026.png

All 50 states complete. See: /home/ubuntu/apps/election-app/win_prob/H/PA/05

$ /home/ubuntu/.venv/bin/python3 /home/ubuntu/apps/election-app/stats/8.py --root /home/ubuntu/apps/election-app/win_prob/H/PA/05/_work --outdir /home/ubuntu/apps/election-app/win_prob/H/PA/05
[info] root  = /home/ubuntu/apps/election-app/win_prob/H/PA/05/_work
[info] outdir= /home/ubuntu/apps/election-app/win_prob/H/PA/05
[deleted] /home/ubuntu/apps/election-app/win_prob/H/PA/05/_work/stats_with_statewide.csv
[deleted] /home/ubuntu/apps/election-app/win_prob/H/PA/05/_work/stats2_final_headers.csv
[deleted] /home/ubuntu/apps/election-app/win_prob/H/PA/05/_work/2024_county_results_with_final-old.csv
[deleted] /home/ubuntu/apps/election-app/win_prob/H/PA/05/_work/2024_county_results_with_final.csv
[deleted] /home/ubuntu/apps/election-app/win_prob/H/PA/05/_work/2024_county_results_with_final_1.csv
[deleted] /home/ubuntu/apps/election-app/win_prob/H/PA/05/_work/2024_county_results_with_calcs-old.csv
[deleted] /home/ubuntu/apps/election-app/win_prob/H/PA/05/_work/2024_county_results_with_calcs_new.csv
[deleted] /home/ubuntu/apps/election-app/win_prob/H/PA/05/_work/output_statewide_stats.csv
[skip]    /home/ubuntu/apps/election-app/win_prob/H/PA/05/_work/probs_timeseries_PA.csv
[deleted] /home/ubuntu/apps/election-app/win_prob/H/PA/05/_work/2024_county_results_with_calcs.csv
[skip]    /home/ubuntu/apps/election-app/win_prob/H/PA/05/data_output.csv
[skip]    /home/ubuntu/apps/election-app/win_prob/H/PA/05/data_output_with_margins_old.csv
[skip]    /home/ubuntu/apps/election-app/win_prob/H/PA/05/data_output_with_margins.csv
[skip]    /home/ubuntu/apps/election-app/win_prob/H/PA/05/data_output_with_margins-statewide.csv
[deleted] /home/ubuntu/apps/election-app/win_prob/H/PA/05/snapshots_PA.csv
[deleted] /home/ubuntu/apps/election-app/win_prob/H/PA/05/data_output_PA_with_margins_statewide_eevp.csv
[deleted] /home/ubuntu/apps/election-app/win_prob/H/PA/05/data_output_PA_with_margins.csv
[deleted] /home/ubuntu/apps/election-app/win_prob/H/PA/05/data_output_PA.csv
[deleted] /home/ubuntu/apps/election-app/win_prob/H/PA/05/data_output_PA.csv.checkpoint.json
[deleted] /home/ubuntu/apps/election-app/win_prob/H/PA/05/stats.csv
[deleted] /home/ubuntu/apps/election-app/win_prob/H/PA/05/stats2.csv
[done] removed 16 file(s)
[2026-01-24 00:55:28] INFO: [PIPELINE] args: office=H state=PA district=05
[2026-01-24 00:55:28] INFO: [PIPELINE] WINPROB_DIR resolved to: /home/ubuntu/apps/election-app/win_prob/H/PA/05
[2026-01-24 00:55:28] INFO: [PIPELINE] OUTDIR set to: /home/ubuntu/apps/election-app/win_prob/H/PA/05

$ /home/ubuntu/.venv/bin/python3 /home/ubuntu/apps/election-app/stats/1-statewide.py --input /home/ubuntu/apps/election-app/win_prob/H/PA/05/stats.csv --output /home/ubuntu/apps/election-app/win_prob/H/PA/05/_work/stats_with_statewide.csv
Wrote /home/ubuntu/apps/election-app/win_prob/H/PA/05/_work/stats_with_statewide.csv (rows=4)

$ /home/ubuntu/.venv/bin/python3 /home/ubuntu/apps/election-app/stats/1-stats-2.py --input /home/ubuntu/apps/election-app/win_prob/H/PA/05/stats2.csv --output /home/ubuntu/apps/election-app/win_prob/H/PA/05/_work/stats2_final_headers.csv
Wrote /home/ubuntu/apps/election-app/win_prob/H/PA/05/_work/stats2_final_headers.csv (rows=4)

$ /home/ubuntu/.venv/bin/python3 /home/ubuntu/apps/election-app/stats/1-append-new.py
Wrote 2024_county_results_with_final-old.csv (rows=4, missing_final_matches=0)

$ /home/ubuntu/.venv/bin/python3 /home/ubuntu/apps/election-app/stats/1-change_header.py
Wrote: 2024_county_results_with_final.csv

$ /home/ubuntu/.venv/bin/python3 /home/ubuntu/apps/election-app/stats/1-cut-zero-fips.py
Wrote: 2024_county_results_with_final_1.csv
Rows before: 4
Rows after:  4
Dropped (fips == 0): 0

$ /home/ubuntu/.venv/bin/python3 /home/ubuntu/apps/election-app/stats/2-calc.py
Wrote 4 rows with calculations to /home/ubuntu/apps/election-app/win_prob/H/PA/05/_work/2024_county_results_with_calcs-old.csv

$ /home/ubuntu/.venv/bin/python3 /home/ubuntu/apps/election-app/stats/2-eevp.py
Wrote (no-op copy): 2024_county_results_with_calcs.csv
Columns:
 - timestamp
 - state
 - county
 - fips
 - trump_votes
 - harris_votes
 - other_votes
 - eevp
 - state_eevp
 - harris_votes_statewide
 - trump_votes_statewide
 - other_votes_statewide
 - final_state
 - final_county
 - final_fips
 - final_trump_votes
 - final_harris_votes
 - final_other_votes
 - harris_percent_snapshot
 - trump_percent_snapshot
 - margin_snapshot
 - harris_percent_final
 - trump_percent_final
 - margin_final
 - margin_difference
 - margin_difference_abs

$ /home/ubuntu/.venv/bin/python3 /home/ubuntu/apps/election-app/stats/3-calc-new.py
Wrote 4 rows with new columns to /home/ubuntu/apps/election-app/win_prob/H/PA/05/_work/2024_county_results_with_calcs_new.csv

$ /home/ubuntu/.venv/bin/python3 /home/ubuntu/apps/election-app/stats/4-stats.py
Reading 2024_county_results_with_calcs_new.csv...
Aggregating statewide totals...
Calculating percentages and margins...
Writing to output_statewide_stats.csv...
Done!
[2026-01-24 00:55:37] INFO: [PIPELINE] ENTER win-prob generation | states=['PA'] ts_list=['2024-11-05T15-30-22']

============================================================================
[01/1] STATE = PA
============================================================================

$ /home/ubuntu/.venv/bin/python3 /home/ubuntu/apps/election-app/stats/5-snapshots.py --state PA --input /home/ubuntu/apps/election-app/win_prob/H/PA/05/_work/output_statewide_stats.csv --output /home/ubuntu/apps/election-app/win_prob/H/PA/05/snapshots_PA.csv --start 2024-11-05T15-30-22 --end 2024-11-05T15-30-22 --use-window 1 --interval 30
Mode: windowed-one-state
Rows written: 4
Distinct states in output: PA
Rows per normalized timestamp (empty = unparseable):
  2024-11-05T15-30-22: 4
Wrote /home/ubuntu/apps/election-app/win_prob/H/PA/05/snapshots_PA.csv

$ /home/ubuntu/.venv/bin/python3 /home/ubuntu/apps/election-app/stats/6-pval.py /home/ubuntu/apps/election-app/win_prob/H/PA/05/snapshots_PA.csv -t /home/ubuntu/apps/election-app/stats/parameters.csv -o /home/ubuntu/apps/election-app/win_prob/H/PA/05/data_output_PA.csv -c 50
Done. Wrote: /home/ubuntu/apps/election-app/win_prob/H/PA/05/data_output_PA.csv
Total rows: 4 (chunked, resumable).
Computed columns for PVALS = [0.01, 0.1, 1, 2, 3, 5, 10, 15, 20, 25, 30, 35, 40, 45, 50, 55, 60, 65, 70, 75, 80, 85, 90, 95, 97, 98, 99, 99.9, 99.99]
Per p (leader): shift_{p}, margin_new_{p}, harris_percent_new_{p}, trump_percent_new_{p}, total_snapshot_{p}, total_expected_{p}, harris_votes_new_{p}, trump_votes_new_{p}
Per p (trailing): shift_trailing_{p}, margin_new_{p}_trailing, harris_percent_new_{p}_trailing, trump_percent_new_{p}_trailing, total_snapshot_{p}_trailing, total_expected_{p}_trailing, harris_votes_new_{p}_trailing, trump_votes_new_{p}_trailing
Checkpoint saved at: /home/ubuntu/apps/election-app/win_prob/H/PA/05/data_output_PA.csv.checkpoint.json

$ /home/ubuntu/.venv/bin/python3 /home/ubuntu/apps/election-app/stats/7-margin-new.py
Wrote data_output_with_margins_old.csv

$ /home/ubuntu/.venv/bin/python3 /home/ubuntu/apps/election-app/stats/7-eevp-statewide.py
Wrote data_output_with_margins.csv (copied from data_output_with_margins_old.csv)

$ /home/ubuntu/.venv/bin/python3 /home/ubuntu/apps/election-app/stats/7.py --input /home/ubuntu/apps/election-app/win_prob/H/PA/05/data_output_PA_with_margins_statewide_eevp.csv --output /home/ubuntu/apps/election-app/win_prob/H/PA/05/statewide_margin_pct_vs_percent_PA_2026.png --state PA --start 2024-11-05T15-30-22 --end 2024-11-05T15-30-22 --stats /home/ubuntu/apps/election-app/win_prob/H/PA/05/stats.csv --stats2 /home/ubuntu/apps/election-app/win_prob/H/PA/05/stats2.csv --interval 30 --year 2026 --jsonl /home/ubuntu/apps/election-app/win_prob/H/PA/05/plotdata_PA_2026_2026-01-24T00-55-28.jsonl
[info] evaluating 1 timestamps from 2024-11-05T15-30-22 to 2024-11-05T15-30-22 every 30 minutes
[saved] probs_timeseries_PA.csv  (1 points)
[saved] /home/ubuntu/apps/election-app/win_prob/H/PA/05/plotdata_PA_2026_2026-01-24T00-55-28.jsonl  (4 points)
[saved] /home/ubuntu/apps/election-app/win_prob/H/PA/05/statewide_margin_pct_vs_percent_PA_2026_box.json
[saved] /home/ubuntu/apps/election-app/win_prob/H/PA/05/statewide_margin_pct_vs_percent_PA_2026_box.png
[saved] /home/ubuntu/apps/election-app/win_prob/H/PA/05/statewide_margin_pct_vs_percent_PA_2026.png

All 50 states complete. See: /home/ubuntu/apps/election-app/win_prob/H/PA/05

$ /home/ubuntu/.venv/bin/python3 /home/ubuntu/apps/election-app/stats/8.py --root /home/ubuntu/apps/election-app/win_prob/H/PA/05/_work --outdir /home/ubuntu/apps/election-app/win_prob/H/PA/05
[info] root  = /home/ubuntu/apps/election-app/win_prob/H/PA/05/_work
[info] outdir= /home/ubuntu/apps/election-app/win_prob/H/PA/05
[deleted] /home/ubuntu/apps/election-app/win_prob/H/PA/05/_work/stats_with_statewide.csv
[deleted] /home/ubuntu/apps/election-app/win_prob/H/PA/05/_work/stats2_final_headers.csv
[deleted] /home/ubuntu/apps/election-app/win_prob/H/PA/05/_work/2024_county_results_with_final-old.csv
[deleted] /home/ubuntu/apps/election-app/win_prob/H/PA/05/_work/2024_county_results_with_final.csv
[deleted] /home/ubuntu/apps/election-app/win_prob/H/PA/05/_work/2024_county_results_with_final_1.csv
[deleted] /home/ubuntu/apps/election-app/win_prob/H/PA/05/_work/2024_county_results_with_calcs-old.csv
[deleted] /home/ubuntu/apps/election-app/win_prob/H/PA/05/_work/2024_county_results_with_calcs_new.csv
[deleted] /home/ubuntu/apps/election-app/win_prob/H/PA/05/_work/output_statewide_stats.csv
[skip]    /home/ubuntu/apps/election-app/win_prob/H/PA/05/_work/probs_timeseries_PA.csv
[deleted] /home/ubuntu/apps/election-app/win_prob/H/PA/05/_work/2024_county_results_with_calcs.csv
[skip]    /home/ubuntu/apps/election-app/win_prob/H/PA/05/data_output.csv
[skip]    /home/ubuntu/apps/election-app/win_prob/H/PA/05/data_output_with_margins_old.csv
[skip]    /home/ubuntu/apps/election-app/win_prob/H/PA/05/data_output_with_margins.csv
[skip]    /home/ubuntu/apps/election-app/win_prob/H/PA/05/data_output_with_margins-statewide.csv
[deleted] /home/ubuntu/apps/election-app/win_prob/H/PA/05/snapshots_PA.csv
[deleted] /home/ubuntu/apps/election-app/win_prob/H/PA/05/data_output_PA_with_margins_statewide_eevp.csv
[deleted] /home/ubuntu/apps/election-app/win_prob/H/PA/05/data_output_PA_with_margins.csv
[deleted] /home/ubuntu/apps/election-app/win_prob/H/PA/05/data_output_PA.csv
[deleted] /home/ubuntu/apps/election-app/win_prob/H/PA/05/data_output_PA.csv.checkpoint.json
[deleted] /home/ubuntu/apps/election-app/win_prob/H/PA/05/stats.csv
[deleted] /home/ubuntu/apps/election-app/win_prob/H/PA/05/stats2.csv
[done] removed 16 file(s)
[2026-01-24 01:02:32] INFO: [PIPELINE] args: office=H state=PA district=05
[2026-01-24 01:02:32] INFO: [PIPELINE] WINPROB_DIR resolved to: /home/ubuntu/apps/election-app/win_prob/H/PA/05
[2026-01-24 01:02:32] INFO: [PIPELINE] OUTDIR set to: /home/ubuntu/apps/election-app/win_prob/H/PA/05

$ /home/ubuntu/.venv/bin/python3 /home/ubuntu/apps/election-app/stats/1-statewide.py --input /home/ubuntu/apps/election-app/win_prob/H/PA/05/stats.csv --output /home/ubuntu/apps/election-app/win_prob/H/PA/05/_work/stats_with_statewide.csv
Wrote /home/ubuntu/apps/election-app/win_prob/H/PA/05/_work/stats_with_statewide.csv (rows=4)

$ /home/ubuntu/.venv/bin/python3 /home/ubuntu/apps/election-app/stats/1-stats-2.py --input /home/ubuntu/apps/election-app/win_prob/H/PA/05/stats2.csv --output /home/ubuntu/apps/election-app/win_prob/H/PA/05/_work/stats2_final_headers.csv
Wrote /home/ubuntu/apps/election-app/win_prob/H/PA/05/_work/stats2_final_headers.csv (rows=4)

$ /home/ubuntu/.venv/bin/python3 /home/ubuntu/apps/election-app/stats/1-append-new.py
Wrote 2024_county_results_with_final-old.csv (rows=4, missing_final_matches=0)

$ /home/ubuntu/.venv/bin/python3 /home/ubuntu/apps/election-app/stats/1-change_header.py
Wrote: 2024_county_results_with_final.csv

$ /home/ubuntu/.venv/bin/python3 /home/ubuntu/apps/election-app/stats/1-cut-zero-fips.py
Wrote: 2024_county_results_with_final_1.csv
Rows before: 4
Rows after:  4
Dropped (fips == 0): 0

$ /home/ubuntu/.venv/bin/python3 /home/ubuntu/apps/election-app/stats/2-calc.py
Wrote 4 rows with calculations to /home/ubuntu/apps/election-app/win_prob/H/PA/05/_work/2024_county_results_with_calcs-old.csv

$ /home/ubuntu/.venv/bin/python3 /home/ubuntu/apps/election-app/stats/2-eevp.py
Wrote (no-op copy): 2024_county_results_with_calcs.csv
Columns:
 - timestamp
 - state
 - county
 - fips
 - trump_votes
 - harris_votes
 - other_votes
 - eevp
 - state_eevp
 - harris_votes_statewide
 - trump_votes_statewide
 - other_votes_statewide
 - final_state
 - final_county
 - final_fips
 - final_trump_votes
 - final_harris_votes
 - final_other_votes
 - harris_percent_snapshot
 - trump_percent_snapshot
 - margin_snapshot
 - harris_percent_final
 - trump_percent_final
 - margin_final
 - margin_difference
 - margin_difference_abs

$ /home/ubuntu/.venv/bin/python3 /home/ubuntu/apps/election-app/stats/3-calc-new.py
Wrote 4 rows with new columns to /home/ubuntu/apps/election-app/win_prob/H/PA/05/_work/2024_county_results_with_calcs_new.csv

$ /home/ubuntu/.venv/bin/python3 /home/ubuntu/apps/election-app/stats/4-stats.py
Reading 2024_county_results_with_calcs_new.csv...
Aggregating statewide totals...
Calculating percentages and margins...
Writing to output_statewide_stats.csv...
Done!
[2026-01-24 01:02:41] INFO: [PIPELINE] ENTER win-prob generation | states=['PA'] ts_list=['2024-11-05T15-30-22']

============================================================================
[01/1] STATE = PA
============================================================================

$ /home/ubuntu/.venv/bin/python3 /home/ubuntu/apps/election-app/stats/5-snapshots.py --state PA --input /home/ubuntu/apps/election-app/win_prob/H/PA/05/_work/output_statewide_stats.csv --output /home/ubuntu/apps/election-app/win_prob/H/PA/05/snapshots_PA.csv --start 2024-11-05T15-30-22 --end 2024-11-05T15-30-22 --use-window 1 --interval 30
Mode: windowed-one-state
Rows written: 4
Distinct states in output: PA
Rows per normalized timestamp (empty = unparseable):
  2024-11-05T15-30-22: 4
Wrote /home/ubuntu/apps/election-app/win_prob/H/PA/05/snapshots_PA.csv

$ /home/ubuntu/.venv/bin/python3 /home/ubuntu/apps/election-app/stats/6-pval.py /home/ubuntu/apps/election-app/win_prob/H/PA/05/snapshots_PA.csv -t /home/ubuntu/apps/election-app/stats/parameters.csv -o /home/ubuntu/apps/election-app/win_prob/H/PA/05/data_output_PA.csv -c 50
Done. Wrote: /home/ubuntu/apps/election-app/win_prob/H/PA/05/data_output_PA.csv
Total rows: 4 (chunked, resumable).
Computed columns for PVALS = [0.01, 0.1, 1, 2, 3, 5, 10, 15, 20, 25, 30, 35, 40, 45, 50, 55, 60, 65, 70, 75, 80, 85, 90, 95, 97, 98, 99, 99.9, 99.99]
Per p (leader): shift_{p}, margin_new_{p}, harris_percent_new_{p}, trump_percent_new_{p}, total_snapshot_{p}, total_expected_{p}, harris_votes_new_{p}, trump_votes_new_{p}
Per p (trailing): shift_trailing_{p}, margin_new_{p}_trailing, harris_percent_new_{p}_trailing, trump_percent_new_{p}_trailing, total_snapshot_{p}_trailing, total_expected_{p}_trailing, harris_votes_new_{p}_trailing, trump_votes_new_{p}_trailing
Checkpoint saved at: /home/ubuntu/apps/election-app/win_prob/H/PA/05/data_output_PA.csv.checkpoint.json

$ /home/ubuntu/.venv/bin/python3 /home/ubuntu/apps/election-app/stats/7-margin-new.py
Wrote data_output_with_margins_old.csv

$ /home/ubuntu/.venv/bin/python3 /home/ubuntu/apps/election-app/stats/7-eevp-statewide.py
Wrote data_output_with_margins.csv (copied from data_output_with_margins_old.csv)

$ /home/ubuntu/.venv/bin/python3 /home/ubuntu/apps/election-app/stats/7.py --input /home/ubuntu/apps/election-app/win_prob/H/PA/05/data_output_PA_with_margins_statewide_eevp.csv --output /home/ubuntu/apps/election-app/win_prob/H/PA/05/statewide_margin_pct_vs_percent_PA_2026.png --state PA --start 2024-11-05T15-30-22 --end 2024-11-05T15-30-22 --stats /home/ubuntu/apps/election-app/win_prob/H/PA/05/stats.csv --stats2 /home/ubuntu/apps/election-app/win_prob/H/PA/05/stats2.csv --interval 30 --year 2026 --jsonl /home/ubuntu/apps/election-app/win_prob/H/PA/05/plotdata_PA_2026_2026-01-24T01-02-32.jsonl
[info] evaluating 1 timestamps from 2024-11-05T15-30-22 to 2024-11-05T15-30-22 every 30 minutes
[saved] probs_timeseries_PA.csv  (1 points)
[saved] /home/ubuntu/apps/election-app/win_prob/H/PA/05/plotdata_PA_2026_2026-01-24T01-02-32.jsonl  (4 points)
[saved] /home/ubuntu/apps/election-app/win_prob/H/PA/05/statewide_margin_pct_vs_percent_PA_2026_box.json
[saved] /home/ubuntu/apps/election-app/win_prob/H/PA/05/statewide_margin_pct_vs_percent_PA_2026_box.png
[saved] /home/ubuntu/apps/election-app/win_prob/H/PA/05/statewide_margin_pct_vs_percent_PA_2026.png

All 50 states complete. See: /home/ubuntu/apps/election-app/win_prob/H/PA/05

$ /home/ubuntu/.venv/bin/python3 /home/ubuntu/apps/election-app/stats/8.py --root /home/ubuntu/apps/election-app/win_prob/H/PA/05/_work --outdir /home/ubuntu/apps/election-app/win_prob/H/PA/05
[info] root  = /home/ubuntu/apps/election-app/win_prob/H/PA/05/_work
[info] outdir= /home/ubuntu/apps/election-app/win_prob/H/PA/05
[deleted] /home/ubuntu/apps/election-app/win_prob/H/PA/05/_work/stats_with_statewide.csv
[deleted] /home/ubuntu/apps/election-app/win_prob/H/PA/05/_work/stats2_final_headers.csv
[deleted] /home/ubuntu/apps/election-app/win_prob/H/PA/05/_work/2024_county_results_with_final-old.csv
[deleted] /home/ubuntu/apps/election-app/win_prob/H/PA/05/_work/2024_county_results_with_final.csv
[deleted] /home/ubuntu/apps/election-app/win_prob/H/PA/05/_work/2024_county_results_with_final_1.csv
[deleted] /home/ubuntu/apps/election-app/win_prob/H/PA/05/_work/2024_county_results_with_calcs-old.csv
[deleted] /home/ubuntu/apps/election-app/win_prob/H/PA/05/_work/2024_county_results_with_calcs_new.csv
[deleted] /home/ubuntu/apps/election-app/win_prob/H/PA/05/_work/output_statewide_stats.csv
[skip]    /home/ubuntu/apps/election-app/win_prob/H/PA/05/_work/probs_timeseries_PA.csv
[deleted] /home/ubuntu/apps/election-app/win_prob/H/PA/05/_work/2024_county_results_with_calcs.csv
[skip]    /home/ubuntu/apps/election-app/win_prob/H/PA/05/data_output.csv
[skip]    /home/ubuntu/apps/election-app/win_prob/H/PA/05/data_output_with_margins_old.csv
[skip]    /home/ubuntu/apps/election-app/win_prob/H/PA/05/data_output_with_margins.csv
[skip]    /home/ubuntu/apps/election-app/win_prob/H/PA/05/data_output_with_margins-statewide.csv
[deleted] /home/ubuntu/apps/election-app/win_prob/H/PA/05/snapshots_PA.csv
[deleted] /home/ubuntu/apps/election-app/win_prob/H/PA/05/data_output_PA_with_margins_statewide_eevp.csv
[deleted] /home/ubuntu/apps/election-app/win_prob/H/PA/05/data_output_PA_with_margins.csv
[deleted] /home/ubuntu/apps/election-app/win_prob/H/PA/05/data_output_PA.csv
[deleted] /home/ubuntu/apps/election-app/win_prob/H/PA/05/data_output_PA.csv.checkpoint.json
[deleted] /home/ubuntu/apps/election-app/win_prob/H/PA/05/stats.csv
[deleted] /home/ubuntu/apps/election-app/win_prob/H/PA/05/stats2.csv
[done] removed 16 file(s)
[2026-01-24 01:09:35] INFO: [PIPELINE] args: office=H state=PA district=05
[2026-01-24 01:09:35] INFO: [PIPELINE] WINPROB_DIR resolved to: /home/ubuntu/apps/election-app/win_prob/H/PA/05
[2026-01-24 01:09:35] INFO: [PIPELINE] OUTDIR set to: /home/ubuntu/apps/election-app/win_prob/H/PA/05

$ /home/ubuntu/.venv/bin/python3 /home/ubuntu/apps/election-app/stats/1-statewide.py --input /home/ubuntu/apps/election-app/win_prob/H/PA/05/stats.csv --output /home/ubuntu/apps/election-app/win_prob/H/PA/05/_work/stats_with_statewide.csv
Wrote /home/ubuntu/apps/election-app/win_prob/H/PA/05/_work/stats_with_statewide.csv (rows=4)

$ /home/ubuntu/.venv/bin/python3 /home/ubuntu/apps/election-app/stats/1-stats-2.py --input /home/ubuntu/apps/election-app/win_prob/H/PA/05/stats2.csv --output /home/ubuntu/apps/election-app/win_prob/H/PA/05/_work/stats2_final_headers.csv
Wrote /home/ubuntu/apps/election-app/win_prob/H/PA/05/_work/stats2_final_headers.csv (rows=4)

$ /home/ubuntu/.venv/bin/python3 /home/ubuntu/apps/election-app/stats/1-append-new.py
Wrote 2024_county_results_with_final-old.csv (rows=4, missing_final_matches=0)

$ /home/ubuntu/.venv/bin/python3 /home/ubuntu/apps/election-app/stats/1-change_header.py
Wrote: 2024_county_results_with_final.csv

$ /home/ubuntu/.venv/bin/python3 /home/ubuntu/apps/election-app/stats/1-cut-zero-fips.py
Wrote: 2024_county_results_with_final_1.csv
Rows before: 4
Rows after:  4
Dropped (fips == 0): 0

$ /home/ubuntu/.venv/bin/python3 /home/ubuntu/apps/election-app/stats/2-calc.py
Wrote 4 rows with calculations to /home/ubuntu/apps/election-app/win_prob/H/PA/05/_work/2024_county_results_with_calcs-old.csv

$ /home/ubuntu/.venv/bin/python3 /home/ubuntu/apps/election-app/stats/2-eevp.py
Wrote (no-op copy): 2024_county_results_with_calcs.csv
Columns:
 - timestamp
 - state
 - county
 - fips
 - trump_votes
 - harris_votes
 - other_votes
 - eevp
 - state_eevp
 - harris_votes_statewide
 - trump_votes_statewide
 - other_votes_statewide
 - final_state
 - final_county
 - final_fips
 - final_trump_votes
 - final_harris_votes
 - final_other_votes
 - harris_percent_snapshot
 - trump_percent_snapshot
 - margin_snapshot
 - harris_percent_final
 - trump_percent_final
 - margin_final
 - margin_difference
 - margin_difference_abs

$ /home/ubuntu/.venv/bin/python3 /home/ubuntu/apps/election-app/stats/3-calc-new.py
Wrote 4 rows with new columns to /home/ubuntu/apps/election-app/win_prob/H/PA/05/_work/2024_county_results_with_calcs_new.csv

$ /home/ubuntu/.venv/bin/python3 /home/ubuntu/apps/election-app/stats/4-stats.py
Reading 2024_county_results_with_calcs_new.csv...
Aggregating statewide totals...
Calculating percentages and margins...
Writing to output_statewide_stats.csv...
Done!
[2026-01-24 01:09:44] INFO: [PIPELINE] ENTER win-prob generation | states=['PA'] ts_list=['2024-11-05T15-30-22']

============================================================================
[01/1] STATE = PA
============================================================================

$ /home/ubuntu/.venv/bin/python3 /home/ubuntu/apps/election-app/stats/5-snapshots.py --state PA --input /home/ubuntu/apps/election-app/win_prob/H/PA/05/_work/output_statewide_stats.csv --output /home/ubuntu/apps/election-app/win_prob/H/PA/05/snapshots_PA.csv --start 2024-11-05T15-30-22 --end 2024-11-05T15-30-22 --use-window 1 --interval 30
Mode: windowed-one-state
Rows written: 4
Distinct states in output: PA
Rows per normalized timestamp (empty = unparseable):
  2024-11-05T15-30-22: 4
Wrote /home/ubuntu/apps/election-app/win_prob/H/PA/05/snapshots_PA.csv

$ /home/ubuntu/.venv/bin/python3 /home/ubuntu/apps/election-app/stats/6-pval.py /home/ubuntu/apps/election-app/win_prob/H/PA/05/snapshots_PA.csv -t /home/ubuntu/apps/election-app/stats/parameters.csv -o /home/ubuntu/apps/election-app/win_prob/H/PA/05/data_output_PA.csv -c 50
Done. Wrote: /home/ubuntu/apps/election-app/win_prob/H/PA/05/data_output_PA.csv
Total rows: 4 (chunked, resumable).
Computed columns for PVALS = [0.01, 0.1, 1, 2, 3, 5, 10, 15, 20, 25, 30, 35, 40, 45, 50, 55, 60, 65, 70, 75, 80, 85, 90, 95, 97, 98, 99, 99.9, 99.99]
Per p (leader): shift_{p}, margin_new_{p}, harris_percent_new_{p}, trump_percent_new_{p}, total_snapshot_{p}, total_expected_{p}, harris_votes_new_{p}, trump_votes_new_{p}
Per p (trailing): shift_trailing_{p}, margin_new_{p}_trailing, harris_percent_new_{p}_trailing, trump_percent_new_{p}_trailing, total_snapshot_{p}_trailing, total_expected_{p}_trailing, harris_votes_new_{p}_trailing, trump_votes_new_{p}_trailing
Checkpoint saved at: /home/ubuntu/apps/election-app/win_prob/H/PA/05/data_output_PA.csv.checkpoint.json

$ /home/ubuntu/.venv/bin/python3 /home/ubuntu/apps/election-app/stats/7-margin-new.py
Wrote data_output_with_margins_old.csv

$ /home/ubuntu/.venv/bin/python3 /home/ubuntu/apps/election-app/stats/7-eevp-statewide.py
Wrote data_output_with_margins.csv (copied from data_output_with_margins_old.csv)

$ /home/ubuntu/.venv/bin/python3 /home/ubuntu/apps/election-app/stats/7.py --input /home/ubuntu/apps/election-app/win_prob/H/PA/05/data_output_PA_with_margins_statewide_eevp.csv --output /home/ubuntu/apps/election-app/win_prob/H/PA/05/statewide_margin_pct_vs_percent_PA_2026.png --state PA --start 2024-11-05T15-30-22 --end 2024-11-05T15-30-22 --stats /home/ubuntu/apps/election-app/win_prob/H/PA/05/stats.csv --stats2 /home/ubuntu/apps/election-app/win_prob/H/PA/05/stats2.csv --interval 30 --year 2026 --jsonl /home/ubuntu/apps/election-app/win_prob/H/PA/05/plotdata_PA_2026_2026-01-24T01-09-35.jsonl
[info] evaluating 1 timestamps from 2024-11-05T15-30-22 to 2024-11-05T15-30-22 every 30 minutes
[saved] probs_timeseries_PA.csv  (1 points)
[saved] /home/ubuntu/apps/election-app/win_prob/H/PA/05/plotdata_PA_2026_2026-01-24T01-09-35.jsonl  (4 points)
[saved] /home/ubuntu/apps/election-app/win_prob/H/PA/05/statewide_margin_pct_vs_percent_PA_2026_box.json
[saved] /home/ubuntu/apps/election-app/win_prob/H/PA/05/statewide_margin_pct_vs_percent_PA_2026_box.png
[saved] /home/ubuntu/apps/election-app/win_prob/H/PA/05/statewide_margin_pct_vs_percent_PA_2026.png

All 50 states complete. See: /home/ubuntu/apps/election-app/win_prob/H/PA/05

$ /home/ubuntu/.venv/bin/python3 /home/ubuntu/apps/election-app/stats/8.py --root /home/ubuntu/apps/election-app/win_prob/H/PA/05/_work --outdir /home/ubuntu/apps/election-app/win_prob/H/PA/05
[info] root  = /home/ubuntu/apps/election-app/win_prob/H/PA/05/_work
[info] outdir= /home/ubuntu/apps/election-app/win_prob/H/PA/05
[deleted] /home/ubuntu/apps/election-app/win_prob/H/PA/05/_work/stats_with_statewide.csv
[deleted] /home/ubuntu/apps/election-app/win_prob/H/PA/05/_work/stats2_final_headers.csv
[deleted] /home/ubuntu/apps/election-app/win_prob/H/PA/05/_work/2024_county_results_with_final-old.csv
[deleted] /home/ubuntu/apps/election-app/win_prob/H/PA/05/_work/2024_county_results_with_final.csv
[deleted] /home/ubuntu/apps/election-app/win_prob/H/PA/05/_work/2024_county_results_with_final_1.csv
[deleted] /home/ubuntu/apps/election-app/win_prob/H/PA/05/_work/2024_county_results_with_calcs-old.csv
[deleted] /home/ubuntu/apps/election-app/win_prob/H/PA/05/_work/2024_county_results_with_calcs_new.csv
[deleted] /home/ubuntu/apps/election-app/win_prob/H/PA/05/_work/output_statewide_stats.csv
[skip]    /home/ubuntu/apps/election-app/win_prob/H/PA/05/_work/probs_timeseries_PA.csv
[deleted] /home/ubuntu/apps/election-app/win_prob/H/PA/05/_work/2024_county_results_with_calcs.csv
[skip]    /home/ubuntu/apps/election-app/win_prob/H/PA/05/data_output.csv
[skip]    /home/ubuntu/apps/election-app/win_prob/H/PA/05/data_output_with_margins_old.csv
[skip]    /home/ubuntu/apps/election-app/win_prob/H/PA/05/data_output_with_margins.csv
[skip]    /home/ubuntu/apps/election-app/win_prob/H/PA/05/data_output_with_margins-statewide.csv
[deleted] /home/ubuntu/apps/election-app/win_prob/H/PA/05/snapshots_PA.csv
[deleted] /home/ubuntu/apps/election-app/win_prob/H/PA/05/data_output_PA_with_margins_statewide_eevp.csv
[deleted] /home/ubuntu/apps/election-app/win_prob/H/PA/05/data_output_PA_with_margins.csv
[deleted] /home/ubuntu/apps/election-app/win_prob/H/PA/05/data_output_PA.csv
[deleted] /home/ubuntu/apps/election-app/win_prob/H/PA/05/data_output_PA.csv.checkpoint.json
[deleted] /home/ubuntu/apps/election-app/win_prob/H/PA/05/stats.csv
[deleted] /home/ubuntu/apps/election-app/win_prob/H/PA/05/stats2.csv
[done] removed 16 file(s)
[2026-01-24 01:16:18] INFO: [PIPELINE] args: office=H state=PA district=05
[2026-01-24 01:16:18] INFO: [PIPELINE] WINPROB_DIR resolved to: /home/ubuntu/apps/election-app/win_prob/H/PA/05
[2026-01-24 01:16:18] INFO: [PIPELINE] OUTDIR set to: /home/ubuntu/apps/election-app/win_prob/H/PA/05

$ /home/ubuntu/.venv/bin/python3 /home/ubuntu/apps/election-app/stats/1-statewide.py --input /home/ubuntu/apps/election-app/win_prob/H/PA/05/stats.csv --output /home/ubuntu/apps/election-app/win_prob/H/PA/05/_work/stats_with_statewide.csv
Wrote /home/ubuntu/apps/election-app/win_prob/H/PA/05/_work/stats_with_statewide.csv (rows=4)

$ /home/ubuntu/.venv/bin/python3 /home/ubuntu/apps/election-app/stats/1-stats-2.py --input /home/ubuntu/apps/election-app/win_prob/H/PA/05/stats2.csv --output /home/ubuntu/apps/election-app/win_prob/H/PA/05/_work/stats2_final_headers.csv
Wrote /home/ubuntu/apps/election-app/win_prob/H/PA/05/_work/stats2_final_headers.csv (rows=4)

$ /home/ubuntu/.venv/bin/python3 /home/ubuntu/apps/election-app/stats/1-append-new.py
Wrote 2024_county_results_with_final-old.csv (rows=4, missing_final_matches=0)

$ /home/ubuntu/.venv/bin/python3 /home/ubuntu/apps/election-app/stats/1-change_header.py
Wrote: 2024_county_results_with_final.csv

$ /home/ubuntu/.venv/bin/python3 /home/ubuntu/apps/election-app/stats/1-cut-zero-fips.py
Wrote: 2024_county_results_with_final_1.csv
Rows before: 4
Rows after:  4
Dropped (fips == 0): 0

$ /home/ubuntu/.venv/bin/python3 /home/ubuntu/apps/election-app/stats/2-calc.py
Wrote 4 rows with calculations to /home/ubuntu/apps/election-app/win_prob/H/PA/05/_work/2024_county_results_with_calcs-old.csv

$ /home/ubuntu/.venv/bin/python3 /home/ubuntu/apps/election-app/stats/2-eevp.py
Wrote (no-op copy): 2024_county_results_with_calcs.csv
Columns:
 - timestamp
 - state
 - county
 - fips
 - trump_votes
 - harris_votes
 - other_votes
 - eevp
 - state_eevp
 - harris_votes_statewide
 - trump_votes_statewide
 - other_votes_statewide
 - final_state
 - final_county
 - final_fips
 - final_trump_votes
 - final_harris_votes
 - final_other_votes
 - harris_percent_snapshot
 - trump_percent_snapshot
 - margin_snapshot
 - harris_percent_final
 - trump_percent_final
 - margin_final
 - margin_difference
 - margin_difference_abs

$ /home/ubuntu/.venv/bin/python3 /home/ubuntu/apps/election-app/stats/3-calc-new.py
Wrote 4 rows with new columns to /home/ubuntu/apps/election-app/win_prob/H/PA/05/_work/2024_county_results_with_calcs_new.csv

$ /home/ubuntu/.venv/bin/python3 /home/ubuntu/apps/election-app/stats/4-stats.py
Reading 2024_county_results_with_calcs_new.csv...
Aggregating statewide totals...
Calculating percentages and margins...
Writing to output_statewide_stats.csv...
Done!
[2026-01-24 01:16:28] INFO: [PIPELINE] ENTER win-prob generation | states=['PA'] ts_list=['2024-11-05T15-30-22']

============================================================================
[01/1] STATE = PA
============================================================================

$ /home/ubuntu/.venv/bin/python3 /home/ubuntu/apps/election-app/stats/5-snapshots.py --state PA --input /home/ubuntu/apps/election-app/win_prob/H/PA/05/_work/output_statewide_stats.csv --output /home/ubuntu/apps/election-app/win_prob/H/PA/05/snapshots_PA.csv --start 2024-11-05T15-30-22 --end 2024-11-05T15-30-22 --use-window 1 --interval 30
Mode: windowed-one-state
Rows written: 4
Distinct states in output: PA
Rows per normalized timestamp (empty = unparseable):
  2024-11-05T15-30-22: 4
Wrote /home/ubuntu/apps/election-app/win_prob/H/PA/05/snapshots_PA.csv

$ /home/ubuntu/.venv/bin/python3 /home/ubuntu/apps/election-app/stats/6-pval.py /home/ubuntu/apps/election-app/win_prob/H/PA/05/snapshots_PA.csv -t /home/ubuntu/apps/election-app/stats/parameters.csv -o /home/ubuntu/apps/election-app/win_prob/H/PA/05/data_output_PA.csv -c 50
Done. Wrote: /home/ubuntu/apps/election-app/win_prob/H/PA/05/data_output_PA.csv
Total rows: 4 (chunked, resumable).
Computed columns for PVALS = [0.01, 0.1, 1, 2, 3, 5, 10, 15, 20, 25, 30, 35, 40, 45, 50, 55, 60, 65, 70, 75, 80, 85, 90, 95, 97, 98, 99, 99.9, 99.99]
Per p (leader): shift_{p}, margin_new_{p}, harris_percent_new_{p}, trump_percent_new_{p}, total_snapshot_{p}, total_expected_{p}, harris_votes_new_{p}, trump_votes_new_{p}
Per p (trailing): shift_trailing_{p}, margin_new_{p}_trailing, harris_percent_new_{p}_trailing, trump_percent_new_{p}_trailing, total_snapshot_{p}_trailing, total_expected_{p}_trailing, harris_votes_new_{p}_trailing, trump_votes_new_{p}_trailing
Checkpoint saved at: /home/ubuntu/apps/election-app/win_prob/H/PA/05/data_output_PA.csv.checkpoint.json

$ /home/ubuntu/.venv/bin/python3 /home/ubuntu/apps/election-app/stats/7-margin-new.py
Wrote data_output_with_margins_old.csv

$ /home/ubuntu/.venv/bin/python3 /home/ubuntu/apps/election-app/stats/7-eevp-statewide.py
Wrote data_output_with_margins.csv (copied from data_output_with_margins_old.csv)

$ /home/ubuntu/.venv/bin/python3 /home/ubuntu/apps/election-app/stats/7.py --input /home/ubuntu/apps/election-app/win_prob/H/PA/05/data_output_PA_with_margins_statewide_eevp.csv --output /home/ubuntu/apps/election-app/win_prob/H/PA/05/statewide_margin_pct_vs_percent_PA_2026.png --state PA --start 2024-11-05T15-30-22 --end 2024-11-05T15-30-22 --stats /home/ubuntu/apps/election-app/win_prob/H/PA/05/stats.csv --stats2 /home/ubuntu/apps/election-app/win_prob/H/PA/05/stats2.csv --interval 30 --year 2026 --jsonl /home/ubuntu/apps/election-app/win_prob/H/PA/05/plotdata_PA_2026_2026-01-24T01-16-18.jsonl
[info] evaluating 1 timestamps from 2024-11-05T15-30-22 to 2024-11-05T15-30-22 every 30 minutes
[saved] probs_timeseries_PA.csv  (1 points)
[saved] /home/ubuntu/apps/election-app/win_prob/H/PA/05/plotdata_PA_2026_2026-01-24T01-16-18.jsonl  (4 points)
[saved] /home/ubuntu/apps/election-app/win_prob/H/PA/05/statewide_margin_pct_vs_percent_PA_2026_box.json
[saved] /home/ubuntu/apps/election-app/win_prob/H/PA/05/statewide_margin_pct_vs_percent_PA_2026_box.png
[saved] /home/ubuntu/apps/election-app/win_prob/H/PA/05/statewide_margin_pct_vs_percent_PA_2026.png

All 50 states complete. See: /home/ubuntu/apps/election-app/win_prob/H/PA/05

$ /home/ubuntu/.venv/bin/python3 /home/ubuntu/apps/election-app/stats/8.py --root /home/ubuntu/apps/election-app/win_prob/H/PA/05/_work --outdir /home/ubuntu/apps/election-app/win_prob/H/PA/05
[info] root  = /home/ubuntu/apps/election-app/win_prob/H/PA/05/_work
[info] outdir= /home/ubuntu/apps/election-app/win_prob/H/PA/05
[deleted] /home/ubuntu/apps/election-app/win_prob/H/PA/05/_work/stats_with_statewide.csv
[deleted] /home/ubuntu/apps/election-app/win_prob/H/PA/05/_work/stats2_final_headers.csv
[deleted] /home/ubuntu/apps/election-app/win_prob/H/PA/05/_work/2024_county_results_with_final-old.csv
[deleted] /home/ubuntu/apps/election-app/win_prob/H/PA/05/_work/2024_county_results_with_final.csv
[deleted] /home/ubuntu/apps/election-app/win_prob/H/PA/05/_work/2024_county_results_with_final_1.csv
[deleted] /home/ubuntu/apps/election-app/win_prob/H/PA/05/_work/2024_county_results_with_calcs-old.csv
[deleted] /home/ubuntu/apps/election-app/win_prob/H/PA/05/_work/2024_county_results_with_calcs_new.csv
[deleted] /home/ubuntu/apps/election-app/win_prob/H/PA/05/_work/output_statewide_stats.csv
[skip]    /home/ubuntu/apps/election-app/win_prob/H/PA/05/_work/probs_timeseries_PA.csv
[deleted] /home/ubuntu/apps/election-app/win_prob/H/PA/05/_work/2024_county_results_with_calcs.csv
[skip]    /home/ubuntu/apps/election-app/win_prob/H/PA/05/data_output.csv
[skip]    /home/ubuntu/apps/election-app/win_prob/H/PA/05/data_output_with_margins_old.csv
[skip]    /home/ubuntu/apps/election-app/win_prob/H/PA/05/data_output_with_margins.csv
[skip]    /home/ubuntu/apps/election-app/win_prob/H/PA/05/data_output_with_margins-statewide.csv
[deleted] /home/ubuntu/apps/election-app/win_prob/H/PA/05/snapshots_PA.csv
[deleted] /home/ubuntu/apps/election-app/win_prob/H/PA/05/data_output_PA_with_margins_statewide_eevp.csv
[deleted] /home/ubuntu/apps/election-app/win_prob/H/PA/05/data_output_PA_with_margins.csv
[deleted] /home/ubuntu/apps/election-app/win_prob/H/PA/05/data_output_PA.csv
[deleted] /home/ubuntu/apps/election-app/win_prob/H/PA/05/data_output_PA.csv.checkpoint.json
[deleted] /home/ubuntu/apps/election-app/win_prob/H/PA/05/stats.csv
[deleted] /home/ubuntu/apps/election-app/win_prob/H/PA/05/stats2.csv
[done] removed 16 file(s)
[2026-01-24 01:23:22] INFO: [PIPELINE] args: office=H state=PA district=05
[2026-01-24 01:23:22] INFO: [PIPELINE] WINPROB_DIR resolved to: /home/ubuntu/apps/election-app/win_prob/H/PA/05
[2026-01-24 01:23:22] INFO: [PIPELINE] OUTDIR set to: /home/ubuntu/apps/election-app/win_prob/H/PA/05

$ /home/ubuntu/.venv/bin/python3 /home/ubuntu/apps/election-app/stats/1-statewide.py --input /home/ubuntu/apps/election-app/win_prob/H/PA/05/stats.csv --output /home/ubuntu/apps/election-app/win_prob/H/PA/05/_work/stats_with_statewide.csv
Wrote /home/ubuntu/apps/election-app/win_prob/H/PA/05/_work/stats_with_statewide.csv (rows=4)

$ /home/ubuntu/.venv/bin/python3 /home/ubuntu/apps/election-app/stats/1-stats-2.py --input /home/ubuntu/apps/election-app/win_prob/H/PA/05/stats2.csv --output /home/ubuntu/apps/election-app/win_prob/H/PA/05/_work/stats2_final_headers.csv
Wrote /home/ubuntu/apps/election-app/win_prob/H/PA/05/_work/stats2_final_headers.csv (rows=4)

$ /home/ubuntu/.venv/bin/python3 /home/ubuntu/apps/election-app/stats/1-append-new.py
Wrote 2024_county_results_with_final-old.csv (rows=4, missing_final_matches=0)

$ /home/ubuntu/.venv/bin/python3 /home/ubuntu/apps/election-app/stats/1-change_header.py
Wrote: 2024_county_results_with_final.csv

$ /home/ubuntu/.venv/bin/python3 /home/ubuntu/apps/election-app/stats/1-cut-zero-fips.py
Wrote: 2024_county_results_with_final_1.csv
Rows before: 4
Rows after:  4
Dropped (fips == 0): 0

$ /home/ubuntu/.venv/bin/python3 /home/ubuntu/apps/election-app/stats/2-calc.py
Wrote 4 rows with calculations to /home/ubuntu/apps/election-app/win_prob/H/PA/05/_work/2024_county_results_with_calcs-old.csv

$ /home/ubuntu/.venv/bin/python3 /home/ubuntu/apps/election-app/stats/2-eevp.py
Wrote (no-op copy): 2024_county_results_with_calcs.csv
Columns:
 - timestamp
 - state
 - county
 - fips
 - trump_votes
 - harris_votes
 - other_votes
 - eevp
 - state_eevp
 - harris_votes_statewide
 - trump_votes_statewide
 - other_votes_statewide
 - final_state
 - final_county
 - final_fips
 - final_trump_votes
 - final_harris_votes
 - final_other_votes
 - harris_percent_snapshot
 - trump_percent_snapshot
 - margin_snapshot
 - harris_percent_final
 - trump_percent_final
 - margin_final
 - margin_difference
 - margin_difference_abs

$ /home/ubuntu/.venv/bin/python3 /home/ubuntu/apps/election-app/stats/3-calc-new.py
Wrote 4 rows with new columns to /home/ubuntu/apps/election-app/win_prob/H/PA/05/_work/2024_county_results_with_calcs_new.csv

$ /home/ubuntu/.venv/bin/python3 /home/ubuntu/apps/election-app/stats/4-stats.py
Reading 2024_county_results_with_calcs_new.csv...
Aggregating statewide totals...
Calculating percentages and margins...
Writing to output_statewide_stats.csv...
Done!
[2026-01-24 01:23:31] INFO: [PIPELINE] ENTER win-prob generation | states=['PA'] ts_list=['2024-11-05T15-30-22']

============================================================================
[01/1] STATE = PA
============================================================================

$ /home/ubuntu/.venv/bin/python3 /home/ubuntu/apps/election-app/stats/5-snapshots.py --state PA --input /home/ubuntu/apps/election-app/win_prob/H/PA/05/_work/output_statewide_stats.csv --output /home/ubuntu/apps/election-app/win_prob/H/PA/05/snapshots_PA.csv --start 2024-11-05T15-30-22 --end 2024-11-05T15-30-22 --use-window 1 --interval 30
Mode: windowed-one-state
Rows written: 4
Distinct states in output: PA
Rows per normalized timestamp (empty = unparseable):
  2024-11-05T15-30-22: 4
Wrote /home/ubuntu/apps/election-app/win_prob/H/PA/05/snapshots_PA.csv

$ /home/ubuntu/.venv/bin/python3 /home/ubuntu/apps/election-app/stats/6-pval.py /home/ubuntu/apps/election-app/win_prob/H/PA/05/snapshots_PA.csv -t /home/ubuntu/apps/election-app/stats/parameters.csv -o /home/ubuntu/apps/election-app/win_prob/H/PA/05/data_output_PA.csv -c 50
Done. Wrote: /home/ubuntu/apps/election-app/win_prob/H/PA/05/data_output_PA.csv
Total rows: 4 (chunked, resumable).
Computed columns for PVALS = [0.01, 0.1, 1, 2, 3, 5, 10, 15, 20, 25, 30, 35, 40, 45, 50, 55, 60, 65, 70, 75, 80, 85, 90, 95, 97, 98, 99, 99.9, 99.99]
Per p (leader): shift_{p}, margin_new_{p}, harris_percent_new_{p}, trump_percent_new_{p}, total_snapshot_{p}, total_expected_{p}, harris_votes_new_{p}, trump_votes_new_{p}
Per p (trailing): shift_trailing_{p}, margin_new_{p}_trailing, harris_percent_new_{p}_trailing, trump_percent_new_{p}_trailing, total_snapshot_{p}_trailing, total_expected_{p}_trailing, harris_votes_new_{p}_trailing, trump_votes_new_{p}_trailing
Checkpoint saved at: /home/ubuntu/apps/election-app/win_prob/H/PA/05/data_output_PA.csv.checkpoint.json

$ /home/ubuntu/.venv/bin/python3 /home/ubuntu/apps/election-app/stats/7-margin-new.py
Wrote data_output_with_margins_old.csv

$ /home/ubuntu/.venv/bin/python3 /home/ubuntu/apps/election-app/stats/7-eevp-statewide.py
Wrote data_output_with_margins.csv (copied from data_output_with_margins_old.csv)

$ /home/ubuntu/.venv/bin/python3 /home/ubuntu/apps/election-app/stats/7.py --input /home/ubuntu/apps/election-app/win_prob/H/PA/05/data_output_PA_with_margins_statewide_eevp.csv --output /home/ubuntu/apps/election-app/win_prob/H/PA/05/statewide_margin_pct_vs_percent_PA_2026.png --state PA --start 2024-11-05T15-30-22 --end 2024-11-05T15-30-22 --stats /home/ubuntu/apps/election-app/win_prob/H/PA/05/stats.csv --stats2 /home/ubuntu/apps/election-app/win_prob/H/PA/05/stats2.csv --interval 30 --year 2026 --jsonl /home/ubuntu/apps/election-app/win_prob/H/PA/05/plotdata_PA_2026_2026-01-24T01-23-22.jsonl
[info] evaluating 1 timestamps from 2024-11-05T15-30-22 to 2024-11-05T15-30-22 every 30 minutes
[saved] probs_timeseries_PA.csv  (1 points)
[saved] /home/ubuntu/apps/election-app/win_prob/H/PA/05/plotdata_PA_2026_2026-01-24T01-23-22.jsonl  (4 points)
[saved] /home/ubuntu/apps/election-app/win_prob/H/PA/05/statewide_margin_pct_vs_percent_PA_2026_box.json
[saved] /home/ubuntu/apps/election-app/win_prob/H/PA/05/statewide_margin_pct_vs_percent_PA_2026_box.png
[saved] /home/ubuntu/apps/election-app/win_prob/H/PA/05/statewide_margin_pct_vs_percent_PA_2026.png

All 50 states complete. See: /home/ubuntu/apps/election-app/win_prob/H/PA/05

$ /home/ubuntu/.venv/bin/python3 /home/ubuntu/apps/election-app/stats/8.py --root /home/ubuntu/apps/election-app/win_prob/H/PA/05/_work --outdir /home/ubuntu/apps/election-app/win_prob/H/PA/05
[info] root  = /home/ubuntu/apps/election-app/win_prob/H/PA/05/_work
[info] outdir= /home/ubuntu/apps/election-app/win_prob/H/PA/05
[deleted] /home/ubuntu/apps/election-app/win_prob/H/PA/05/_work/stats_with_statewide.csv
[deleted] /home/ubuntu/apps/election-app/win_prob/H/PA/05/_work/stats2_final_headers.csv
[deleted] /home/ubuntu/apps/election-app/win_prob/H/PA/05/_work/2024_county_results_with_final-old.csv
[deleted] /home/ubuntu/apps/election-app/win_prob/H/PA/05/_work/2024_county_results_with_final.csv
[deleted] /home/ubuntu/apps/election-app/win_prob/H/PA/05/_work/2024_county_results_with_final_1.csv
[deleted] /home/ubuntu/apps/election-app/win_prob/H/PA/05/_work/2024_county_results_with_calcs-old.csv
[deleted] /home/ubuntu/apps/election-app/win_prob/H/PA/05/_work/2024_county_results_with_calcs_new.csv
[deleted] /home/ubuntu/apps/election-app/win_prob/H/PA/05/_work/output_statewide_stats.csv
[skip]    /home/ubuntu/apps/election-app/win_prob/H/PA/05/_work/probs_timeseries_PA.csv
[deleted] /home/ubuntu/apps/election-app/win_prob/H/PA/05/_work/2024_county_results_with_calcs.csv
[skip]    /home/ubuntu/apps/election-app/win_prob/H/PA/05/data_output.csv
[skip]    /home/ubuntu/apps/election-app/win_prob/H/PA/05/data_output_with_margins_old.csv
[skip]    /home/ubuntu/apps/election-app/win_prob/H/PA/05/data_output_with_margins.csv
[skip]    /home/ubuntu/apps/election-app/win_prob/H/PA/05/data_output_with_margins-statewide.csv
[deleted] /home/ubuntu/apps/election-app/win_prob/H/PA/05/snapshots_PA.csv
[deleted] /home/ubuntu/apps/election-app/win_prob/H/PA/05/data_output_PA_with_margins_statewide_eevp.csv
[deleted] /home/ubuntu/apps/election-app/win_prob/H/PA/05/data_output_PA_with_margins.csv
[deleted] /home/ubuntu/apps/election-app/win_prob/H/PA/05/data_output_PA.csv
[deleted] /home/ubuntu/apps/election-app/win_prob/H/PA/05/data_output_PA.csv.checkpoint.json
[deleted] /home/ubuntu/apps/election-app/win_prob/H/PA/05/stats.csv
[deleted] /home/ubuntu/apps/election-app/win_prob/H/PA/05/stats2.csv
[done] removed 16 file(s)
[2026-01-24 01:30:26] INFO: [PIPELINE] args: office=H state=PA district=05
[2026-01-24 01:30:26] INFO: [PIPELINE] WINPROB_DIR resolved to: /home/ubuntu/apps/election-app/win_prob/H/PA/05
[2026-01-24 01:30:26] INFO: [PIPELINE] OUTDIR set to: /home/ubuntu/apps/election-app/win_prob/H/PA/05

$ /home/ubuntu/.venv/bin/python3 /home/ubuntu/apps/election-app/stats/1-statewide.py --input /home/ubuntu/apps/election-app/win_prob/H/PA/05/stats.csv --output /home/ubuntu/apps/election-app/win_prob/H/PA/05/_work/stats_with_statewide.csv
Wrote /home/ubuntu/apps/election-app/win_prob/H/PA/05/_work/stats_with_statewide.csv (rows=4)

$ /home/ubuntu/.venv/bin/python3 /home/ubuntu/apps/election-app/stats/1-stats-2.py --input /home/ubuntu/apps/election-app/win_prob/H/PA/05/stats2.csv --output /home/ubuntu/apps/election-app/win_prob/H/PA/05/_work/stats2_final_headers.csv
Wrote /home/ubuntu/apps/election-app/win_prob/H/PA/05/_work/stats2_final_headers.csv (rows=4)

$ /home/ubuntu/.venv/bin/python3 /home/ubuntu/apps/election-app/stats/1-append-new.py
Wrote 2024_county_results_with_final-old.csv (rows=4, missing_final_matches=0)

$ /home/ubuntu/.venv/bin/python3 /home/ubuntu/apps/election-app/stats/1-change_header.py
Wrote: 2024_county_results_with_final.csv

$ /home/ubuntu/.venv/bin/python3 /home/ubuntu/apps/election-app/stats/1-cut-zero-fips.py
Wrote: 2024_county_results_with_final_1.csv
Rows before: 4
Rows after:  4
Dropped (fips == 0): 0

$ /home/ubuntu/.venv/bin/python3 /home/ubuntu/apps/election-app/stats/2-calc.py
Wrote 4 rows with calculations to /home/ubuntu/apps/election-app/win_prob/H/PA/05/_work/2024_county_results_with_calcs-old.csv

$ /home/ubuntu/.venv/bin/python3 /home/ubuntu/apps/election-app/stats/2-eevp.py
Wrote (no-op copy): 2024_county_results_with_calcs.csv
Columns:
 - timestamp
 - state
 - county
 - fips
 - trump_votes
 - harris_votes
 - other_votes
 - eevp
 - state_eevp
 - harris_votes_statewide
 - trump_votes_statewide
 - other_votes_statewide
 - final_state
 - final_county
 - final_fips
 - final_trump_votes
 - final_harris_votes
 - final_other_votes
 - harris_percent_snapshot
 - trump_percent_snapshot
 - margin_snapshot
 - harris_percent_final
 - trump_percent_final
 - margin_final
 - margin_difference
 - margin_difference_abs

$ /home/ubuntu/.venv/bin/python3 /home/ubuntu/apps/election-app/stats/3-calc-new.py
Wrote 4 rows with new columns to /home/ubuntu/apps/election-app/win_prob/H/PA/05/_work/2024_county_results_with_calcs_new.csv

$ /home/ubuntu/.venv/bin/python3 /home/ubuntu/apps/election-app/stats/4-stats.py
Reading 2024_county_results_with_calcs_new.csv...
Aggregating statewide totals...
Calculating percentages and margins...
Writing to output_statewide_stats.csv...
Done!
[2026-01-24 01:30:35] INFO: [PIPELINE] ENTER win-prob generation | states=['PA'] ts_list=['2024-11-05T15-30-22']

============================================================================
[01/1] STATE = PA
============================================================================

$ /home/ubuntu/.venv/bin/python3 /home/ubuntu/apps/election-app/stats/5-snapshots.py --state PA --input /home/ubuntu/apps/election-app/win_prob/H/PA/05/_work/output_statewide_stats.csv --output /home/ubuntu/apps/election-app/win_prob/H/PA/05/snapshots_PA.csv --start 2024-11-05T15-30-22 --end 2024-11-05T15-30-22 --use-window 1 --interval 30
Mode: windowed-one-state
Rows written: 4
Distinct states in output: PA
Rows per normalized timestamp (empty = unparseable):
  2024-11-05T15-30-22: 4
Wrote /home/ubuntu/apps/election-app/win_prob/H/PA/05/snapshots_PA.csv

$ /home/ubuntu/.venv/bin/python3 /home/ubuntu/apps/election-app/stats/6-pval.py /home/ubuntu/apps/election-app/win_prob/H/PA/05/snapshots_PA.csv -t /home/ubuntu/apps/election-app/stats/parameters.csv -o /home/ubuntu/apps/election-app/win_prob/H/PA/05/data_output_PA.csv -c 50
Done. Wrote: /home/ubuntu/apps/election-app/win_prob/H/PA/05/data_output_PA.csv
Total rows: 4 (chunked, resumable).
Computed columns for PVALS = [0.01, 0.1, 1, 2, 3, 5, 10, 15, 20, 25, 30, 35, 40, 45, 50, 55, 60, 65, 70, 75, 80, 85, 90, 95, 97, 98, 99, 99.9, 99.99]
Per p (leader): shift_{p}, margin_new_{p}, harris_percent_new_{p}, trump_percent_new_{p}, total_snapshot_{p}, total_expected_{p}, harris_votes_new_{p}, trump_votes_new_{p}
Per p (trailing): shift_trailing_{p}, margin_new_{p}_trailing, harris_percent_new_{p}_trailing, trump_percent_new_{p}_trailing, total_snapshot_{p}_trailing, total_expected_{p}_trailing, harris_votes_new_{p}_trailing, trump_votes_new_{p}_trailing
Checkpoint saved at: /home/ubuntu/apps/election-app/win_prob/H/PA/05/data_output_PA.csv.checkpoint.json

$ /home/ubuntu/.venv/bin/python3 /home/ubuntu/apps/election-app/stats/7-margin-new.py
Wrote data_output_with_margins_old.csv

$ /home/ubuntu/.venv/bin/python3 /home/ubuntu/apps/election-app/stats/7-eevp-statewide.py
Wrote data_output_with_margins.csv (copied from data_output_with_margins_old.csv)

$ /home/ubuntu/.venv/bin/python3 /home/ubuntu/apps/election-app/stats/7.py --input /home/ubuntu/apps/election-app/win_prob/H/PA/05/data_output_PA_with_margins_statewide_eevp.csv --output /home/ubuntu/apps/election-app/win_prob/H/PA/05/statewide_margin_pct_vs_percent_PA_2026.png --state PA --start 2024-11-05T15-30-22 --end 2024-11-05T15-30-22 --stats /home/ubuntu/apps/election-app/win_prob/H/PA/05/stats.csv --stats2 /home/ubuntu/apps/election-app/win_prob/H/PA/05/stats2.csv --interval 30 --year 2026 --jsonl /home/ubuntu/apps/election-app/win_prob/H/PA/05/plotdata_PA_2026_2026-01-24T01-30-26.jsonl
[info] evaluating 1 timestamps from 2024-11-05T15-30-22 to 2024-11-05T15-30-22 every 30 minutes
[saved] probs_timeseries_PA.csv  (1 points)
[saved] /home/ubuntu/apps/election-app/win_prob/H/PA/05/plotdata_PA_2026_2026-01-24T01-30-26.jsonl  (4 points)
[saved] /home/ubuntu/apps/election-app/win_prob/H/PA/05/statewide_margin_pct_vs_percent_PA_2026_box.json
[saved] /home/ubuntu/apps/election-app/win_prob/H/PA/05/statewide_margin_pct_vs_percent_PA_2026_box.png
[saved] /home/ubuntu/apps/election-app/win_prob/H/PA/05/statewide_margin_pct_vs_percent_PA_2026.png

All 50 states complete. See: /home/ubuntu/apps/election-app/win_prob/H/PA/05

$ /home/ubuntu/.venv/bin/python3 /home/ubuntu/apps/election-app/stats/8.py --root /home/ubuntu/apps/election-app/win_prob/H/PA/05/_work --outdir /home/ubuntu/apps/election-app/win_prob/H/PA/05
[info] root  = /home/ubuntu/apps/election-app/win_prob/H/PA/05/_work
[info] outdir= /home/ubuntu/apps/election-app/win_prob/H/PA/05
[deleted] /home/ubuntu/apps/election-app/win_prob/H/PA/05/_work/stats_with_statewide.csv
[deleted] /home/ubuntu/apps/election-app/win_prob/H/PA/05/_work/stats2_final_headers.csv
[deleted] /home/ubuntu/apps/election-app/win_prob/H/PA/05/_work/2024_county_results_with_final-old.csv
[deleted] /home/ubuntu/apps/election-app/win_prob/H/PA/05/_work/2024_county_results_with_final.csv
[deleted] /home/ubuntu/apps/election-app/win_prob/H/PA/05/_work/2024_county_results_with_final_1.csv
[deleted] /home/ubuntu/apps/election-app/win_prob/H/PA/05/_work/2024_county_results_with_calcs-old.csv
[deleted] /home/ubuntu/apps/election-app/win_prob/H/PA/05/_work/2024_county_results_with_calcs_new.csv
[deleted] /home/ubuntu/apps/election-app/win_prob/H/PA/05/_work/output_statewide_stats.csv
[skip]    /home/ubuntu/apps/election-app/win_prob/H/PA/05/_work/probs_timeseries_PA.csv
[deleted] /home/ubuntu/apps/election-app/win_prob/H/PA/05/_work/2024_county_results_with_calcs.csv
[skip]    /home/ubuntu/apps/election-app/win_prob/H/PA/05/data_output.csv
[skip]    /home/ubuntu/apps/election-app/win_prob/H/PA/05/data_output_with_margins_old.csv
[skip]    /home/ubuntu/apps/election-app/win_prob/H/PA/05/data_output_with_margins.csv
[skip]    /home/ubuntu/apps/election-app/win_prob/H/PA/05/data_output_with_margins-statewide.csv
[deleted] /home/ubuntu/apps/election-app/win_prob/H/PA/05/snapshots_PA.csv
[deleted] /home/ubuntu/apps/election-app/win_prob/H/PA/05/data_output_PA_with_margins_statewide_eevp.csv
[deleted] /home/ubuntu/apps/election-app/win_prob/H/PA/05/data_output_PA_with_margins.csv
[deleted] /home/ubuntu/apps/election-app/win_prob/H/PA/05/data_output_PA.csv
[deleted] /home/ubuntu/apps/election-app/win_prob/H/PA/05/data_output_PA.csv.checkpoint.json
[deleted] /home/ubuntu/apps/election-app/win_prob/H/PA/05/stats.csv
[deleted] /home/ubuntu/apps/election-app/win_prob/H/PA/05/stats2.csv
[done] removed 16 file(s)
[2026-01-25 23:03:28] INFO: [PIPELINE] args: office=H state=PA district=05
[2026-01-25 23:03:28] INFO: [PIPELINE] WINPROB_DIR resolved to: /home/ubuntu/apps/election-app/win_prob/H/PA/05
[2026-01-25 23:03:28] INFO: [PIPELINE] OUTDIR set to: /home/ubuntu/apps/election-app/win_prob/H/PA/05

$ /home/ubuntu/.venv/bin/python3 /home/ubuntu/apps/election-app/stats/1-statewide.py --input /home/ubuntu/apps/election-app/win_prob/H/PA/05/stats.csv --output /home/ubuntu/apps/election-app/win_prob/H/PA/05/_work/stats_with_statewide.csv
Wrote /home/ubuntu/apps/election-app/win_prob/H/PA/05/_work/stats_with_statewide.csv (rows=4)

$ /home/ubuntu/.venv/bin/python3 /home/ubuntu/apps/election-app/stats/1-stats-2.py --input /home/ubuntu/apps/election-app/win_prob/H/PA/05/stats2.csv --output /home/ubuntu/apps/election-app/win_prob/H/PA/05/_work/stats2_final_headers.csv
Wrote /home/ubuntu/apps/election-app/win_prob/H/PA/05/_work/stats2_final_headers.csv (rows=4)

$ /home/ubuntu/.venv/bin/python3 /home/ubuntu/apps/election-app/stats/1-append-new.py
Wrote 2024_county_results_with_final-old.csv (rows=4, missing_final_matches=0)

$ /home/ubuntu/.venv/bin/python3 /home/ubuntu/apps/election-app/stats/1-change_header.py
Wrote: 2024_county_results_with_final.csv

$ /home/ubuntu/.venv/bin/python3 /home/ubuntu/apps/election-app/stats/1-cut-zero-fips.py
Wrote: 2024_county_results_with_final_1.csv
Rows before: 4
Rows after:  4
Dropped (fips == 0): 0

$ /home/ubuntu/.venv/bin/python3 /home/ubuntu/apps/election-app/stats/2-calc.py
Wrote 4 rows with calculations to /home/ubuntu/apps/election-app/win_prob/H/PA/05/_work/2024_county_results_with_calcs-old.csv

$ /home/ubuntu/.venv/bin/python3 /home/ubuntu/apps/election-app/stats/2-eevp.py
Wrote (no-op copy): 2024_county_results_with_calcs.csv
Columns:
 - timestamp
 - state
 - county
 - fips
 - trump_votes
 - harris_votes
 - other_votes
 - eevp
 - state_eevp
 - harris_votes_statewide
 - trump_votes_statewide
 - other_votes_statewide
 - final_state
 - final_county
 - final_fips
 - final_trump_votes
 - final_harris_votes
 - final_other_votes
 - harris_percent_snapshot
 - trump_percent_snapshot
 - margin_snapshot
 - harris_percent_final
 - trump_percent_final
 - margin_final
 - margin_difference
 - margin_difference_abs

$ /home/ubuntu/.venv/bin/python3 /home/ubuntu/apps/election-app/stats/3-calc-new.py
Wrote 4 rows with new columns to /home/ubuntu/apps/election-app/win_prob/H/PA/05/_work/2024_county_results_with_calcs_new.csv

$ /home/ubuntu/.venv/bin/python3 /home/ubuntu/apps/election-app/stats/4-stats.py
Reading 2024_county_results_with_calcs_new.csv...
Aggregating statewide totals...
Calculating percentages and margins...
Writing to output_statewide_stats.csv...
Done!
[2026-01-25 23:03:37] INFO: [PIPELINE] ENTER win-prob generation | states=['PA'] ts_list=['2024-11-05T15-30-22']

============================================================================
[01/1] STATE = PA
============================================================================

$ /home/ubuntu/.venv/bin/python3 /home/ubuntu/apps/election-app/stats/5-snapshots.py --state PA --input /home/ubuntu/apps/election-app/win_prob/H/PA/05/_work/output_statewide_stats.csv --output /home/ubuntu/apps/election-app/win_prob/H/PA/05/snapshots_PA.csv --start 2024-11-05T15-30-22 --end 2024-11-05T15-30-22 --use-window 1 --interval 30
Mode: windowed-one-state
Rows written: 4
Distinct states in output: PA
Rows per normalized timestamp (empty = unparseable):
  2024-11-05T15-30-22: 4
Wrote /home/ubuntu/apps/election-app/win_prob/H/PA/05/snapshots_PA.csv

$ /home/ubuntu/.venv/bin/python3 /home/ubuntu/apps/election-app/stats/6-pval.py /home/ubuntu/apps/election-app/win_prob/H/PA/05/snapshots_PA.csv -t /home/ubuntu/apps/election-app/stats/parameters.csv -o /home/ubuntu/apps/election-app/win_prob/H/PA/05/data_output_PA.csv -c 50
Done. Wrote: /home/ubuntu/apps/election-app/win_prob/H/PA/05/data_output_PA.csv
Total rows: 4 (chunked, resumable).
Computed columns for PVALS = [0.01, 0.1, 1, 2, 3, 5, 10, 15, 20, 25, 30, 35, 40, 45, 50, 55, 60, 65, 70, 75, 80, 85, 90, 95, 97, 98, 99, 99.9, 99.99]
Per p (leader): shift_{p}, margin_new_{p}, harris_percent_new_{p}, trump_percent_new_{p}, total_snapshot_{p}, total_expected_{p}, harris_votes_new_{p}, trump_votes_new_{p}
Per p (trailing): shift_trailing_{p}, margin_new_{p}_trailing, harris_percent_new_{p}_trailing, trump_percent_new_{p}_trailing, total_snapshot_{p}_trailing, total_expected_{p}_trailing, harris_votes_new_{p}_trailing, trump_votes_new_{p}_trailing
Checkpoint saved at: /home/ubuntu/apps/election-app/win_prob/H/PA/05/data_output_PA.csv.checkpoint.json

$ /home/ubuntu/.venv/bin/python3 /home/ubuntu/apps/election-app/stats/7-margin-new.py
Wrote data_output_with_margins_old.csv

$ /home/ubuntu/.venv/bin/python3 /home/ubuntu/apps/election-app/stats/7-eevp-statewide.py
Wrote data_output_with_margins.csv (copied from data_output_with_margins_old.csv)

$ /home/ubuntu/.venv/bin/python3 /home/ubuntu/apps/election-app/stats/7.py --input /home/ubuntu/apps/election-app/win_prob/H/PA/05/data_output_PA_with_margins_statewide_eevp.csv --output /home/ubuntu/apps/election-app/win_prob/H/PA/05/statewide_margin_pct_vs_percent_PA_2026.png --state PA --start 2024-11-05T15-30-22 --end 2024-11-05T15-30-22 --stats /home/ubuntu/apps/election-app/win_prob/H/PA/05/stats.csv --stats2 /home/ubuntu/apps/election-app/win_prob/H/PA/05/stats2.csv --interval 30 --year 2026 --jsonl /home/ubuntu/apps/election-app/win_prob/H/PA/05/plotdata_PA_2026_2026-01-25T23-03-28.jsonl
[info] evaluating 1 timestamps from 2024-11-05T15-30-22 to 2024-11-05T15-30-22 every 30 minutes
[saved] probs_timeseries_PA.csv  (1 points)
[saved] /home/ubuntu/apps/election-app/win_prob/H/PA/05/plotdata_PA_2026_2026-01-25T23-03-28.jsonl  (0 points)
[saved] /home/ubuntu/apps/election-app/win_prob/H/PA/05/statewide_margin_pct_vs_percent_PA_2026_box.json
[saved] /home/ubuntu/apps/election-app/win_prob/H/PA/05/statewide_margin_pct_vs_percent_PA_2026_box.png
[saved] /home/ubuntu/apps/election-app/win_prob/H/PA/05/statewide_margin_pct_vs_percent_PA_2026.png

All 50 states complete. See: /home/ubuntu/apps/election-app/win_prob/H/PA/05

$ /home/ubuntu/.venv/bin/python3 /home/ubuntu/apps/election-app/stats/8.py --root /home/ubuntu/apps/election-app/win_prob/H/PA/05/_work --outdir /home/ubuntu/apps/election-app/win_prob/H/PA/05
[info] root  = /home/ubuntu/apps/election-app/win_prob/H/PA/05/_work
[info] outdir= /home/ubuntu/apps/election-app/win_prob/H/PA/05
[deleted] /home/ubuntu/apps/election-app/win_prob/H/PA/05/_work/stats_with_statewide.csv
[deleted] /home/ubuntu/apps/election-app/win_prob/H/PA/05/_work/stats2_final_headers.csv
[deleted] /home/ubuntu/apps/election-app/win_prob/H/PA/05/_work/2024_county_results_with_final-old.csv
[deleted] /home/ubuntu/apps/election-app/win_prob/H/PA/05/_work/2024_county_results_with_final.csv
[deleted] /home/ubuntu/apps/election-app/win_prob/H/PA/05/_work/2024_county_results_with_final_1.csv
[deleted] /home/ubuntu/apps/election-app/win_prob/H/PA/05/_work/2024_county_results_with_calcs-old.csv
[deleted] /home/ubuntu/apps/election-app/win_prob/H/PA/05/_work/2024_county_results_with_calcs_new.csv
[deleted] /home/ubuntu/apps/election-app/win_prob/H/PA/05/_work/output_statewide_stats.csv
[skip]    /home/ubuntu/apps/election-app/win_prob/H/PA/05/_work/probs_timeseries_PA.csv
[deleted] /home/ubuntu/apps/election-app/win_prob/H/PA/05/_work/2024_county_results_with_calcs.csv
[skip]    /home/ubuntu/apps/election-app/win_prob/H/PA/05/data_output.csv
[skip]    /home/ubuntu/apps/election-app/win_prob/H/PA/05/data_output_with_margins_old.csv
[skip]    /home/ubuntu/apps/election-app/win_prob/H/PA/05/data_output_with_margins.csv
[skip]    /home/ubuntu/apps/election-app/win_prob/H/PA/05/data_output_with_margins-statewide.csv
[deleted] /home/ubuntu/apps/election-app/win_prob/H/PA/05/snapshots_PA.csv
[deleted] /home/ubuntu/apps/election-app/win_prob/H/PA/05/data_output_PA_with_margins_statewide_eevp.csv
[deleted] /home/ubuntu/apps/election-app/win_prob/H/PA/05/data_output_PA_with_margins.csv
[deleted] /home/ubuntu/apps/election-app/win_prob/H/PA/05/data_output_PA.csv
[deleted] /home/ubuntu/apps/election-app/win_prob/H/PA/05/data_output_PA.csv.checkpoint.json
[deleted] /home/ubuntu/apps/election-app/win_prob/H/PA/05/stats.csv
[deleted] /home/ubuntu/apps/election-app/win_prob/H/PA/05/stats2.csv
[done] removed 16 file(s)
[2026-01-25 23:17:33] INFO: [PIPELINE] args: office=H state=PA district=05
[2026-01-25 23:17:33] INFO: [PIPELINE] WINPROB_DIR resolved to: /home/ubuntu/apps/election-app/win_prob/H/PA/05
[2026-01-25 23:17:33] INFO: [PIPELINE] OUTDIR set to: /home/ubuntu/apps/election-app/win_prob/H/PA/05

$ /home/ubuntu/.venv/bin/python3 /home/ubuntu/apps/election-app/stats/1-statewide.py --input /home/ubuntu/apps/election-app/win_prob/H/PA/05/stats.csv --output /home/ubuntu/apps/election-app/win_prob/H/PA/05/_work/stats_with_statewide.csv
Wrote /home/ubuntu/apps/election-app/win_prob/H/PA/05/_work/stats_with_statewide.csv (rows=4)

$ /home/ubuntu/.venv/bin/python3 /home/ubuntu/apps/election-app/stats/1-stats-2.py --input /home/ubuntu/apps/election-app/win_prob/H/PA/05/stats2.csv --output /home/ubuntu/apps/election-app/win_prob/H/PA/05/_work/stats2_final_headers.csv
Wrote /home/ubuntu/apps/election-app/win_prob/H/PA/05/_work/stats2_final_headers.csv (rows=4)

$ /home/ubuntu/.venv/bin/python3 /home/ubuntu/apps/election-app/stats/1-append-new.py
Wrote 2024_county_results_with_final-old.csv (rows=4, missing_final_matches=0)

$ /home/ubuntu/.venv/bin/python3 /home/ubuntu/apps/election-app/stats/1-change_header.py
Wrote: 2024_county_results_with_final.csv

$ /home/ubuntu/.venv/bin/python3 /home/ubuntu/apps/election-app/stats/1-cut-zero-fips.py
Wrote: 2024_county_results_with_final_1.csv
Rows before: 4
Rows after:  4
Dropped (fips == 0): 0

$ /home/ubuntu/.venv/bin/python3 /home/ubuntu/apps/election-app/stats/2-calc.py
Wrote 4 rows with calculations to /home/ubuntu/apps/election-app/win_prob/H/PA/05/_work/2024_county_results_with_calcs-old.csv

$ /home/ubuntu/.venv/bin/python3 /home/ubuntu/apps/election-app/stats/2-eevp.py
Wrote (no-op copy): 2024_county_results_with_calcs.csv
Columns:
 - timestamp
 - state
 - county
 - fips
 - trump_votes
 - harris_votes
 - other_votes
 - eevp
 - state_eevp
 - harris_votes_statewide
 - trump_votes_statewide
 - other_votes_statewide
 - final_state
 - final_county
 - final_fips
 - final_trump_votes
 - final_harris_votes
 - final_other_votes
 - harris_percent_snapshot
 - trump_percent_snapshot
 - margin_snapshot
 - harris_percent_final
 - trump_percent_final
 - margin_final
 - margin_difference
 - margin_difference_abs

$ /home/ubuntu/.venv/bin/python3 /home/ubuntu/apps/election-app/stats/3-calc-new.py
Wrote 4 rows with new columns to /home/ubuntu/apps/election-app/win_prob/H/PA/05/_work/2024_county_results_with_calcs_new.csv

$ /home/ubuntu/.venv/bin/python3 /home/ubuntu/apps/election-app/stats/4-stats.py
Reading 2024_county_results_with_calcs_new.csv...
Aggregating statewide totals...
Calculating percentages and margins...
Writing to output_statewide_stats.csv...
Done!
[2026-01-25 23:17:42] INFO: [PIPELINE] ENTER win-prob generation | states=['PA'] ts_list=['2024-11-05T15-30-22']

============================================================================
[01/1] STATE = PA
============================================================================

$ /home/ubuntu/.venv/bin/python3 /home/ubuntu/apps/election-app/stats/5-snapshots.py --state PA --input /home/ubuntu/apps/election-app/win_prob/H/PA/05/_work/output_statewide_stats.csv --output /home/ubuntu/apps/election-app/win_prob/H/PA/05/snapshots_PA.csv --start 2024-11-05T15-30-22 --end 2024-11-05T15-30-22 --use-window 1 --interval 30
Mode: windowed-one-state
Rows written: 4
Distinct states in output: PA
Rows per normalized timestamp (empty = unparseable):
  2024-11-05T15-30-22: 4
Wrote /home/ubuntu/apps/election-app/win_prob/H/PA/05/snapshots_PA.csv

$ /home/ubuntu/.venv/bin/python3 /home/ubuntu/apps/election-app/stats/6-pval.py /home/ubuntu/apps/election-app/win_prob/H/PA/05/snapshots_PA.csv -t /home/ubuntu/apps/election-app/stats/parameters.csv -o /home/ubuntu/apps/election-app/win_prob/H/PA/05/data_output_PA.csv -c 50
Done. Wrote: /home/ubuntu/apps/election-app/win_prob/H/PA/05/data_output_PA.csv
Total rows: 4 (chunked, resumable).
Computed columns for PVALS = [0.01, 0.1, 1, 2, 3, 5, 10, 15, 20, 25, 30, 35, 40, 45, 50, 55, 60, 65, 70, 75, 80, 85, 90, 95, 97, 98, 99, 99.9, 99.99]
Per p (leader): shift_{p}, margin_new_{p}, harris_percent_new_{p}, trump_percent_new_{p}, total_snapshot_{p}, total_expected_{p}, harris_votes_new_{p}, trump_votes_new_{p}
Per p (trailing): shift_trailing_{p}, margin_new_{p}_trailing, harris_percent_new_{p}_trailing, trump_percent_new_{p}_trailing, total_snapshot_{p}_trailing, total_expected_{p}_trailing, harris_votes_new_{p}_trailing, trump_votes_new_{p}_trailing
Checkpoint saved at: /home/ubuntu/apps/election-app/win_prob/H/PA/05/data_output_PA.csv.checkpoint.json

$ /home/ubuntu/.venv/bin/python3 /home/ubuntu/apps/election-app/stats/7-margin-new.py
Wrote data_output_with_margins_old.csv

$ /home/ubuntu/.venv/bin/python3 /home/ubuntu/apps/election-app/stats/7-eevp-statewide.py
Wrote data_output_with_margins.csv (copied from data_output_with_margins_old.csv)

$ /home/ubuntu/.venv/bin/python3 /home/ubuntu/apps/election-app/stats/7.py --input /home/ubuntu/apps/election-app/win_prob/H/PA/05/data_output_PA_with_margins_statewide_eevp.csv --output /home/ubuntu/apps/election-app/win_prob/H/PA/05/statewide_margin_pct_vs_percent_PA_2026.png --state PA --start 2024-11-05T15-30-22 --end 2024-11-05T15-30-22 --stats /home/ubuntu/apps/election-app/win_prob/H/PA/05/stats.csv --stats2 /home/ubuntu/apps/election-app/win_prob/H/PA/05/stats2.csv --interval 30 --year 2026 --jsonl /home/ubuntu/apps/election-app/win_prob/H/PA/05/plotdata_PA_2026_2026-01-25T23-17-33.jsonl
[info] evaluating 1 timestamps from 2024-11-05T15-30-22 to 2024-11-05T15-30-22 every 30 minutes
[saved] probs_timeseries_PA.csv  (1 points)
[saved] /home/ubuntu/apps/election-app/win_prob/H/PA/05/plotdata_PA_2026_2026-01-25T23-17-33.jsonl  (4 points)
[saved] /home/ubuntu/apps/election-app/win_prob/H/PA/05/statewide_margin_pct_vs_percent_PA_2026_box.json
[saved] /home/ubuntu/apps/election-app/win_prob/H/PA/05/statewide_margin_pct_vs_percent_PA_2026_box.png
[saved] /home/ubuntu/apps/election-app/win_prob/H/PA/05/statewide_margin_pct_vs_percent_PA_2026.png

All 50 states complete. See: /home/ubuntu/apps/election-app/win_prob/H/PA/05

$ /home/ubuntu/.venv/bin/python3 /home/ubuntu/apps/election-app/stats/8.py --root /home/ubuntu/apps/election-app/win_prob/H/PA/05/_work --outdir /home/ubuntu/apps/election-app/win_prob/H/PA/05
[info] root  = /home/ubuntu/apps/election-app/win_prob/H/PA/05/_work
[info] outdir= /home/ubuntu/apps/election-app/win_prob/H/PA/05
[deleted] /home/ubuntu/apps/election-app/win_prob/H/PA/05/_work/stats_with_statewide.csv
[deleted] /home/ubuntu/apps/election-app/win_prob/H/PA/05/_work/stats2_final_headers.csv
[deleted] /home/ubuntu/apps/election-app/win_prob/H/PA/05/_work/2024_county_results_with_final-old.csv
[deleted] /home/ubuntu/apps/election-app/win_prob/H/PA/05/_work/2024_county_results_with_final.csv
[deleted] /home/ubuntu/apps/election-app/win_prob/H/PA/05/_work/2024_county_results_with_final_1.csv
[deleted] /home/ubuntu/apps/election-app/win_prob/H/PA/05/_work/2024_county_results_with_calcs-old.csv
[deleted] /home/ubuntu/apps/election-app/win_prob/H/PA/05/_work/2024_county_results_with_calcs_new.csv
[deleted] /home/ubuntu/apps/election-app/win_prob/H/PA/05/_work/output_statewide_stats.csv
[skip]    /home/ubuntu/apps/election-app/win_prob/H/PA/05/_work/probs_timeseries_PA.csv
[deleted] /home/ubuntu/apps/election-app/win_prob/H/PA/05/_work/2024_county_results_with_calcs.csv
[skip]    /home/ubuntu/apps/election-app/win_prob/H/PA/05/data_output.csv
[skip]    /home/ubuntu/apps/election-app/win_prob/H/PA/05/data_output_with_margins_old.csv
[skip]    /home/ubuntu/apps/election-app/win_prob/H/PA/05/data_output_with_margins.csv
[skip]    /home/ubuntu/apps/election-app/win_prob/H/PA/05/data_output_with_margins-statewide.csv
[deleted] /home/ubuntu/apps/election-app/win_prob/H/PA/05/snapshots_PA.csv
[deleted] /home/ubuntu/apps/election-app/win_prob/H/PA/05/data_output_PA_with_margins_statewide_eevp.csv
[deleted] /home/ubuntu/apps/election-app/win_prob/H/PA/05/data_output_PA_with_margins.csv
[deleted] /home/ubuntu/apps/election-app/win_prob/H/PA/05/data_output_PA.csv
[deleted] /home/ubuntu/apps/election-app/win_prob/H/PA/05/data_output_PA.csv.checkpoint.json
[deleted] /home/ubuntu/apps/election-app/win_prob/H/PA/05/stats.csv
[deleted] /home/ubuntu/apps/election-app/win_prob/H/PA/05/stats2.csv
[done] removed 16 file(s)
[2026-01-25 23:24:37] INFO: [PIPELINE] args: office=H state=PA district=05
[2026-01-25 23:24:37] INFO: [PIPELINE] WINPROB_DIR resolved to: /home/ubuntu/apps/election-app/win_prob/H/PA/05
[2026-01-25 23:24:37] INFO: [PIPELINE] OUTDIR set to: /home/ubuntu/apps/election-app/win_prob/H/PA/05

$ /home/ubuntu/.venv/bin/python3 /home/ubuntu/apps/election-app/stats/1-statewide.py --input /home/ubuntu/apps/election-app/win_prob/H/PA/05/stats.csv --output /home/ubuntu/apps/election-app/win_prob/H/PA/05/_work/stats_with_statewide.csv
Wrote /home/ubuntu/apps/election-app/win_prob/H/PA/05/_work/stats_with_statewide.csv (rows=4)

$ /home/ubuntu/.venv/bin/python3 /home/ubuntu/apps/election-app/stats/1-stats-2.py --input /home/ubuntu/apps/election-app/win_prob/H/PA/05/stats2.csv --output /home/ubuntu/apps/election-app/win_prob/H/PA/05/_work/stats2_final_headers.csv
Wrote /home/ubuntu/apps/election-app/win_prob/H/PA/05/_work/stats2_final_headers.csv (rows=4)

$ /home/ubuntu/.venv/bin/python3 /home/ubuntu/apps/election-app/stats/1-append-new.py
Wrote 2024_county_results_with_final-old.csv (rows=4, missing_final_matches=0)

$ /home/ubuntu/.venv/bin/python3 /home/ubuntu/apps/election-app/stats/1-change_header.py
Wrote: 2024_county_results_with_final.csv

$ /home/ubuntu/.venv/bin/python3 /home/ubuntu/apps/election-app/stats/1-cut-zero-fips.py
Wrote: 2024_county_results_with_final_1.csv
Rows before: 4
Rows after:  4
Dropped (fips == 0): 0

$ /home/ubuntu/.venv/bin/python3 /home/ubuntu/apps/election-app/stats/2-calc.py
Wrote 4 rows with calculations to /home/ubuntu/apps/election-app/win_prob/H/PA/05/_work/2024_county_results_with_calcs-old.csv

$ /home/ubuntu/.venv/bin/python3 /home/ubuntu/apps/election-app/stats/2-eevp.py
Wrote (no-op copy): 2024_county_results_with_calcs.csv
Columns:
 - timestamp
 - state
 - county
 - fips
 - trump_votes
 - harris_votes
 - other_votes
 - eevp
 - state_eevp
 - harris_votes_statewide
 - trump_votes_statewide
 - other_votes_statewide
 - final_state
 - final_county
 - final_fips
 - final_trump_votes
 - final_harris_votes
 - final_other_votes
 - harris_percent_snapshot
 - trump_percent_snapshot
 - margin_snapshot
 - harris_percent_final
 - trump_percent_final
 - margin_final
 - margin_difference
 - margin_difference_abs

$ /home/ubuntu/.venv/bin/python3 /home/ubuntu/apps/election-app/stats/3-calc-new.py
Wrote 4 rows with new columns to /home/ubuntu/apps/election-app/win_prob/H/PA/05/_work/2024_county_results_with_calcs_new.csv

$ /home/ubuntu/.venv/bin/python3 /home/ubuntu/apps/election-app/stats/4-stats.py
Reading 2024_county_results_with_calcs_new.csv...
Aggregating statewide totals...
Calculating percentages and margins...
Writing to output_statewide_stats.csv...
Done!
[2026-01-25 23:24:46] INFO: [PIPELINE] ENTER win-prob generation | states=['PA'] ts_list=['2024-11-05T15-30-22']

============================================================================
[01/1] STATE = PA
============================================================================

$ /home/ubuntu/.venv/bin/python3 /home/ubuntu/apps/election-app/stats/5-snapshots.py --state PA --input /home/ubuntu/apps/election-app/win_prob/H/PA/05/_work/output_statewide_stats.csv --output /home/ubuntu/apps/election-app/win_prob/H/PA/05/snapshots_PA.csv --start 2024-11-05T15-30-22 --end 2024-11-05T15-30-22 --use-window 1 --interval 30
Mode: windowed-one-state
Rows written: 4
Distinct states in output: PA
Rows per normalized timestamp (empty = unparseable):
  2024-11-05T15-30-22: 4
Wrote /home/ubuntu/apps/election-app/win_prob/H/PA/05/snapshots_PA.csv

$ /home/ubuntu/.venv/bin/python3 /home/ubuntu/apps/election-app/stats/6-pval.py /home/ubuntu/apps/election-app/win_prob/H/PA/05/snapshots_PA.csv -t /home/ubuntu/apps/election-app/stats/parameters.csv -o /home/ubuntu/apps/election-app/win_prob/H/PA/05/data_output_PA.csv -c 50
Done. Wrote: /home/ubuntu/apps/election-app/win_prob/H/PA/05/data_output_PA.csv
Total rows: 4 (chunked, resumable).
Computed columns for PVALS = [0.01, 0.1, 1, 2, 3, 5, 10, 15, 20, 25, 30, 35, 40, 45, 50, 55, 60, 65, 70, 75, 80, 85, 90, 95, 97, 98, 99, 99.9, 99.99]
Per p (leader): shift_{p}, margin_new_{p}, harris_percent_new_{p}, trump_percent_new_{p}, total_snapshot_{p}, total_expected_{p}, harris_votes_new_{p}, trump_votes_new_{p}
Per p (trailing): shift_trailing_{p}, margin_new_{p}_trailing, harris_percent_new_{p}_trailing, trump_percent_new_{p}_trailing, total_snapshot_{p}_trailing, total_expected_{p}_trailing, harris_votes_new_{p}_trailing, trump_votes_new_{p}_trailing
Checkpoint saved at: /home/ubuntu/apps/election-app/win_prob/H/PA/05/data_output_PA.csv.checkpoint.json

$ /home/ubuntu/.venv/bin/python3 /home/ubuntu/apps/election-app/stats/7-margin-new.py
Wrote data_output_with_margins_old.csv

$ /home/ubuntu/.venv/bin/python3 /home/ubuntu/apps/election-app/stats/7-eevp-statewide.py
Wrote data_output_with_margins.csv (copied from data_output_with_margins_old.csv)

$ /home/ubuntu/.venv/bin/python3 /home/ubuntu/apps/election-app/stats/7.py --input /home/ubuntu/apps/election-app/win_prob/H/PA/05/data_output_PA_with_margins_statewide_eevp.csv --output /home/ubuntu/apps/election-app/win_prob/H/PA/05/statewide_margin_pct_vs_percent_PA_2026.png --state PA --start 2024-11-05T15-30-22 --end 2024-11-05T15-30-22 --stats /home/ubuntu/apps/election-app/win_prob/H/PA/05/stats.csv --stats2 /home/ubuntu/apps/election-app/win_prob/H/PA/05/stats2.csv --interval 30 --year 2026 --jsonl /home/ubuntu/apps/election-app/win_prob/H/PA/05/plotdata_PA_2026_2026-01-25T23-24-37.jsonl
[info] evaluating 1 timestamps from 2024-11-05T15-30-22 to 2024-11-05T15-30-22 every 30 minutes
[saved] probs_timeseries_PA.csv  (1 points)
[saved] /home/ubuntu/apps/election-app/win_prob/H/PA/05/plotdata_PA_2026_2026-01-25T23-24-37.jsonl  (4 points)
[saved] /home/ubuntu/apps/election-app/win_prob/H/PA/05/statewide_margin_pct_vs_percent_PA_2026_box.json
[saved] /home/ubuntu/apps/election-app/win_prob/H/PA/05/statewide_margin_pct_vs_percent_PA_2026_box.png
[saved] /home/ubuntu/apps/election-app/win_prob/H/PA/05/statewide_margin_pct_vs_percent_PA_2026.png

All 50 states complete. See: /home/ubuntu/apps/election-app/win_prob/H/PA/05

$ /home/ubuntu/.venv/bin/python3 /home/ubuntu/apps/election-app/stats/8.py --root /home/ubuntu/apps/election-app/win_prob/H/PA/05/_work --outdir /home/ubuntu/apps/election-app/win_prob/H/PA/05
[info] root  = /home/ubuntu/apps/election-app/win_prob/H/PA/05/_work
[info] outdir= /home/ubuntu/apps/election-app/win_prob/H/PA/05
[deleted] /home/ubuntu/apps/election-app/win_prob/H/PA/05/_work/stats_with_statewide.csv
[deleted] /home/ubuntu/apps/election-app/win_prob/H/PA/05/_work/stats2_final_headers.csv
[deleted] /home/ubuntu/apps/election-app/win_prob/H/PA/05/_work/2024_county_results_with_final-old.csv
[deleted] /home/ubuntu/apps/election-app/win_prob/H/PA/05/_work/2024_county_results_with_final.csv
[deleted] /home/ubuntu/apps/election-app/win_prob/H/PA/05/_work/2024_county_results_with_final_1.csv
[deleted] /home/ubuntu/apps/election-app/win_prob/H/PA/05/_work/2024_county_results_with_calcs-old.csv
[deleted] /home/ubuntu/apps/election-app/win_prob/H/PA/05/_work/2024_county_results_with_calcs_new.csv
[deleted] /home/ubuntu/apps/election-app/win_prob/H/PA/05/_work/output_statewide_stats.csv
[skip]    /home/ubuntu/apps/election-app/win_prob/H/PA/05/_work/probs_timeseries_PA.csv
[deleted] /home/ubuntu/apps/election-app/win_prob/H/PA/05/_work/2024_county_results_with_calcs.csv
[skip]    /home/ubuntu/apps/election-app/win_prob/H/PA/05/data_output.csv
[skip]    /home/ubuntu/apps/election-app/win_prob/H/PA/05/data_output_with_margins_old.csv
[skip]    /home/ubuntu/apps/election-app/win_prob/H/PA/05/data_output_with_margins.csv
[skip]    /home/ubuntu/apps/election-app/win_prob/H/PA/05/data_output_with_margins-statewide.csv
[deleted] /home/ubuntu/apps/election-app/win_prob/H/PA/05/snapshots_PA.csv
[deleted] /home/ubuntu/apps/election-app/win_prob/H/PA/05/data_output_PA_with_margins_statewide_eevp.csv
[deleted] /home/ubuntu/apps/election-app/win_prob/H/PA/05/data_output_PA_with_margins.csv
[deleted] /home/ubuntu/apps/election-app/win_prob/H/PA/05/data_output_PA.csv
[deleted] /home/ubuntu/apps/election-app/win_prob/H/PA/05/data_output_PA.csv.checkpoint.json
[deleted] /home/ubuntu/apps/election-app/win_prob/H/PA/05/stats.csv
[deleted] /home/ubuntu/apps/election-app/win_prob/H/PA/05/stats2.csv
[done] removed 16 file(s)
[2026-01-25 23:31:41] INFO: [PIPELINE] args: office=H state=PA district=05
[2026-01-25 23:31:41] INFO: [PIPELINE] WINPROB_DIR resolved to: /home/ubuntu/apps/election-app/win_prob/H/PA/05
[2026-01-25 23:31:41] INFO: [PIPELINE] OUTDIR set to: /home/ubuntu/apps/election-app/win_prob/H/PA/05

$ /home/ubuntu/.venv/bin/python3 /home/ubuntu/apps/election-app/stats/1-statewide.py --input /home/ubuntu/apps/election-app/win_prob/H/PA/05/stats.csv --output /home/ubuntu/apps/election-app/win_prob/H/PA/05/_work/stats_with_statewide.csv
Wrote /home/ubuntu/apps/election-app/win_prob/H/PA/05/_work/stats_with_statewide.csv (rows=4)

$ /home/ubuntu/.venv/bin/python3 /home/ubuntu/apps/election-app/stats/1-stats-2.py --input /home/ubuntu/apps/election-app/win_prob/H/PA/05/stats2.csv --output /home/ubuntu/apps/election-app/win_prob/H/PA/05/_work/stats2_final_headers.csv
Wrote /home/ubuntu/apps/election-app/win_prob/H/PA/05/_work/stats2_final_headers.csv (rows=4)

$ /home/ubuntu/.venv/bin/python3 /home/ubuntu/apps/election-app/stats/1-append-new.py
Wrote 2024_county_results_with_final-old.csv (rows=4, missing_final_matches=0)

$ /home/ubuntu/.venv/bin/python3 /home/ubuntu/apps/election-app/stats/1-change_header.py
Wrote: 2024_county_results_with_final.csv

$ /home/ubuntu/.venv/bin/python3 /home/ubuntu/apps/election-app/stats/1-cut-zero-fips.py
Wrote: 2024_county_results_with_final_1.csv
Rows before: 4
Rows after:  4
Dropped (fips == 0): 0

$ /home/ubuntu/.venv/bin/python3 /home/ubuntu/apps/election-app/stats/2-calc.py
Wrote 4 rows with calculations to /home/ubuntu/apps/election-app/win_prob/H/PA/05/_work/2024_county_results_with_calcs-old.csv

$ /home/ubuntu/.venv/bin/python3 /home/ubuntu/apps/election-app/stats/2-eevp.py
Wrote (no-op copy): 2024_county_results_with_calcs.csv
Columns:
 - timestamp
 - state
 - county
 - fips
 - trump_votes
 - harris_votes
 - other_votes
 - eevp
 - state_eevp
 - harris_votes_statewide
 - trump_votes_statewide
 - other_votes_statewide
 - final_state
 - final_county
 - final_fips
 - final_trump_votes
 - final_harris_votes
 - final_other_votes
 - harris_percent_snapshot
 - trump_percent_snapshot
 - margin_snapshot
 - harris_percent_final
 - trump_percent_final
 - margin_final
 - margin_difference
 - margin_difference_abs

$ /home/ubuntu/.venv/bin/python3 /home/ubuntu/apps/election-app/stats/3-calc-new.py
Wrote 4 rows with new columns to /home/ubuntu/apps/election-app/win_prob/H/PA/05/_work/2024_county_results_with_calcs_new.csv

$ /home/ubuntu/.venv/bin/python3 /home/ubuntu/apps/election-app/stats/4-stats.py
Reading 2024_county_results_with_calcs_new.csv...
Aggregating statewide totals...
Calculating percentages and margins...
Writing to output_statewide_stats.csv...
Done!
[2026-01-25 23:31:50] INFO: [PIPELINE] ENTER win-prob generation | states=['PA'] ts_list=['2024-11-05T15-30-22']

============================================================================
[01/1] STATE = PA
============================================================================

$ /home/ubuntu/.venv/bin/python3 /home/ubuntu/apps/election-app/stats/5-snapshots.py --state PA --input /home/ubuntu/apps/election-app/win_prob/H/PA/05/_work/output_statewide_stats.csv --output /home/ubuntu/apps/election-app/win_prob/H/PA/05/snapshots_PA.csv --start 2024-11-05T15-30-22 --end 2024-11-05T15-30-22 --use-window 1 --interval 30
Mode: windowed-one-state
Rows written: 4
Distinct states in output: PA
Rows per normalized timestamp (empty = unparseable):
  2024-11-05T15-30-22: 4
Wrote /home/ubuntu/apps/election-app/win_prob/H/PA/05/snapshots_PA.csv

$ /home/ubuntu/.venv/bin/python3 /home/ubuntu/apps/election-app/stats/6-pval.py /home/ubuntu/apps/election-app/win_prob/H/PA/05/snapshots_PA.csv -t /home/ubuntu/apps/election-app/stats/parameters.csv -o /home/ubuntu/apps/election-app/win_prob/H/PA/05/data_output_PA.csv -c 50
Done. Wrote: /home/ubuntu/apps/election-app/win_prob/H/PA/05/data_output_PA.csv
Total rows: 4 (chunked, resumable).
Computed columns for PVALS = [0.01, 0.1, 1, 2, 3, 5, 10, 15, 20, 25, 30, 35, 40, 45, 50, 55, 60, 65, 70, 75, 80, 85, 90, 95, 97, 98, 99, 99.9, 99.99]
Per p (leader): shift_{p}, margin_new_{p}, harris_percent_new_{p}, trump_percent_new_{p}, total_snapshot_{p}, total_expected_{p}, harris_votes_new_{p}, trump_votes_new_{p}
Per p (trailing): shift_trailing_{p}, margin_new_{p}_trailing, harris_percent_new_{p}_trailing, trump_percent_new_{p}_trailing, total_snapshot_{p}_trailing, total_expected_{p}_trailing, harris_votes_new_{p}_trailing, trump_votes_new_{p}_trailing
Checkpoint saved at: /home/ubuntu/apps/election-app/win_prob/H/PA/05/data_output_PA.csv.checkpoint.json

$ /home/ubuntu/.venv/bin/python3 /home/ubuntu/apps/election-app/stats/7-margin-new.py
Wrote data_output_with_margins_old.csv

$ /home/ubuntu/.venv/bin/python3 /home/ubuntu/apps/election-app/stats/7-eevp-statewide.py
Wrote data_output_with_margins.csv (copied from data_output_with_margins_old.csv)

$ /home/ubuntu/.venv/bin/python3 /home/ubuntu/apps/election-app/stats/7.py --input /home/ubuntu/apps/election-app/win_prob/H/PA/05/data_output_PA_with_margins_statewide_eevp.csv --output /home/ubuntu/apps/election-app/win_prob/H/PA/05/statewide_margin_pct_vs_percent_PA_2026.png --state PA --start 2024-11-05T15-30-22 --end 2024-11-05T15-30-22 --stats /home/ubuntu/apps/election-app/win_prob/H/PA/05/stats.csv --stats2 /home/ubuntu/apps/election-app/win_prob/H/PA/05/stats2.csv --interval 30 --year 2026 --jsonl /home/ubuntu/apps/election-app/win_prob/H/PA/05/plotdata_PA_2026_2026-01-25T23-31-41.jsonl
[info] evaluating 1 timestamps from 2024-11-05T15-30-22 to 2024-11-05T15-30-22 every 30 minutes
[saved] probs_timeseries_PA.csv  (1 points)
[saved] /home/ubuntu/apps/election-app/win_prob/H/PA/05/plotdata_PA_2026_2026-01-25T23-31-41.jsonl  (4 points)
[saved] /home/ubuntu/apps/election-app/win_prob/H/PA/05/statewide_margin_pct_vs_percent_PA_2026_box.json
[saved] /home/ubuntu/apps/election-app/win_prob/H/PA/05/statewide_margin_pct_vs_percent_PA_2026_box.png
[saved] /home/ubuntu/apps/election-app/win_prob/H/PA/05/statewide_margin_pct_vs_percent_PA_2026.png

All 50 states complete. See: /home/ubuntu/apps/election-app/win_prob/H/PA/05

$ /home/ubuntu/.venv/bin/python3 /home/ubuntu/apps/election-app/stats/8.py --root /home/ubuntu/apps/election-app/win_prob/H/PA/05/_work --outdir /home/ubuntu/apps/election-app/win_prob/H/PA/05
[info] root  = /home/ubuntu/apps/election-app/win_prob/H/PA/05/_work
[info] outdir= /home/ubuntu/apps/election-app/win_prob/H/PA/05
[deleted] /home/ubuntu/apps/election-app/win_prob/H/PA/05/_work/stats_with_statewide.csv
[deleted] /home/ubuntu/apps/election-app/win_prob/H/PA/05/_work/stats2_final_headers.csv
[deleted] /home/ubuntu/apps/election-app/win_prob/H/PA/05/_work/2024_county_results_with_final-old.csv
[deleted] /home/ubuntu/apps/election-app/win_prob/H/PA/05/_work/2024_county_results_with_final.csv
[deleted] /home/ubuntu/apps/election-app/win_prob/H/PA/05/_work/2024_county_results_with_final_1.csv
[deleted] /home/ubuntu/apps/election-app/win_prob/H/PA/05/_work/2024_county_results_with_calcs-old.csv
[deleted] /home/ubuntu/apps/election-app/win_prob/H/PA/05/_work/2024_county_results_with_calcs_new.csv
[deleted] /home/ubuntu/apps/election-app/win_prob/H/PA/05/_work/output_statewide_stats.csv
[skip]    /home/ubuntu/apps/election-app/win_prob/H/PA/05/_work/probs_timeseries_PA.csv
[deleted] /home/ubuntu/apps/election-app/win_prob/H/PA/05/_work/2024_county_results_with_calcs.csv
[skip]    /home/ubuntu/apps/election-app/win_prob/H/PA/05/data_output.csv
[skip]    /home/ubuntu/apps/election-app/win_prob/H/PA/05/data_output_with_margins_old.csv
[skip]    /home/ubuntu/apps/election-app/win_prob/H/PA/05/data_output_with_margins.csv
[skip]    /home/ubuntu/apps/election-app/win_prob/H/PA/05/data_output_with_margins-statewide.csv
[deleted] /home/ubuntu/apps/election-app/win_prob/H/PA/05/snapshots_PA.csv
[deleted] /home/ubuntu/apps/election-app/win_prob/H/PA/05/data_output_PA_with_margins_statewide_eevp.csv
[deleted] /home/ubuntu/apps/election-app/win_prob/H/PA/05/data_output_PA_with_margins.csv
[deleted] /home/ubuntu/apps/election-app/win_prob/H/PA/05/data_output_PA.csv
[deleted] /home/ubuntu/apps/election-app/win_prob/H/PA/05/data_output_PA.csv.checkpoint.json
[deleted] /home/ubuntu/apps/election-app/win_prob/H/PA/05/stats.csv
[deleted] /home/ubuntu/apps/election-app/win_prob/H/PA/05/stats2.csv
[done] removed 16 file(s)
[2026-01-25 23:38:44] INFO: [PIPELINE] args: office=H state=PA district=05
[2026-01-25 23:38:44] INFO: [PIPELINE] WINPROB_DIR resolved to: /home/ubuntu/apps/election-app/win_prob/H/PA/05
[2026-01-25 23:38:44] INFO: [PIPELINE] OUTDIR set to: /home/ubuntu/apps/election-app/win_prob/H/PA/05

$ /home/ubuntu/.venv/bin/python3 /home/ubuntu/apps/election-app/stats/1-statewide.py --input /home/ubuntu/apps/election-app/win_prob/H/PA/05/stats.csv --output /home/ubuntu/apps/election-app/win_prob/H/PA/05/_work/stats_with_statewide.csv
Wrote /home/ubuntu/apps/election-app/win_prob/H/PA/05/_work/stats_with_statewide.csv (rows=4)

$ /home/ubuntu/.venv/bin/python3 /home/ubuntu/apps/election-app/stats/1-stats-2.py --input /home/ubuntu/apps/election-app/win_prob/H/PA/05/stats2.csv --output /home/ubuntu/apps/election-app/win_prob/H/PA/05/_work/stats2_final_headers.csv
Wrote /home/ubuntu/apps/election-app/win_prob/H/PA/05/_work/stats2_final_headers.csv (rows=4)

$ /home/ubuntu/.venv/bin/python3 /home/ubuntu/apps/election-app/stats/1-append-new.py
Wrote 2024_county_results_with_final-old.csv (rows=4, missing_final_matches=0)

$ /home/ubuntu/.venv/bin/python3 /home/ubuntu/apps/election-app/stats/1-change_header.py
Wrote: 2024_county_results_with_final.csv

$ /home/ubuntu/.venv/bin/python3 /home/ubuntu/apps/election-app/stats/1-cut-zero-fips.py
Wrote: 2024_county_results_with_final_1.csv
Rows before: 4
Rows after:  4
Dropped (fips == 0): 0

$ /home/ubuntu/.venv/bin/python3 /home/ubuntu/apps/election-app/stats/2-calc.py
Wrote 4 rows with calculations to /home/ubuntu/apps/election-app/win_prob/H/PA/05/_work/2024_county_results_with_calcs-old.csv

$ /home/ubuntu/.venv/bin/python3 /home/ubuntu/apps/election-app/stats/2-eevp.py
Wrote (no-op copy): 2024_county_results_with_calcs.csv
Columns:
 - timestamp
 - state
 - county
 - fips
 - trump_votes
 - harris_votes
 - other_votes
 - eevp
 - state_eevp
 - harris_votes_statewide
 - trump_votes_statewide
 - other_votes_statewide
 - final_state
 - final_county
 - final_fips
 - final_trump_votes
 - final_harris_votes
 - final_other_votes
 - harris_percent_snapshot
 - trump_percent_snapshot
 - margin_snapshot
 - harris_percent_final
 - trump_percent_final
 - margin_final
 - margin_difference
 - margin_difference_abs

$ /home/ubuntu/.venv/bin/python3 /home/ubuntu/apps/election-app/stats/3-calc-new.py
Wrote 4 rows with new columns to /home/ubuntu/apps/election-app/win_prob/H/PA/05/_work/2024_county_results_with_calcs_new.csv

$ /home/ubuntu/.venv/bin/python3 /home/ubuntu/apps/election-app/stats/4-stats.py
Reading 2024_county_results_with_calcs_new.csv...
Aggregating statewide totals...
Calculating percentages and margins...
Writing to output_statewide_stats.csv...
Done!
[2026-01-25 23:38:53] INFO: [PIPELINE] ENTER win-prob generation | states=['PA'] ts_list=['2024-11-05T15-30-22']

============================================================================
[01/1] STATE = PA
============================================================================

$ /home/ubuntu/.venv/bin/python3 /home/ubuntu/apps/election-app/stats/5-snapshots.py --state PA --input /home/ubuntu/apps/election-app/win_prob/H/PA/05/_work/output_statewide_stats.csv --output /home/ubuntu/apps/election-app/win_prob/H/PA/05/snapshots_PA.csv --start 2024-11-05T15-30-22 --end 2024-11-05T15-30-22 --use-window 1 --interval 30
Mode: windowed-one-state
Rows written: 4
Distinct states in output: PA
Rows per normalized timestamp (empty = unparseable):
  2024-11-05T15-30-22: 4
Wrote /home/ubuntu/apps/election-app/win_prob/H/PA/05/snapshots_PA.csv

$ /home/ubuntu/.venv/bin/python3 /home/ubuntu/apps/election-app/stats/6-pval.py /home/ubuntu/apps/election-app/win_prob/H/PA/05/snapshots_PA.csv -t /home/ubuntu/apps/election-app/stats/parameters.csv -o /home/ubuntu/apps/election-app/win_prob/H/PA/05/data_output_PA.csv -c 50
Done. Wrote: /home/ubuntu/apps/election-app/win_prob/H/PA/05/data_output_PA.csv
Total rows: 4 (chunked, resumable).
Computed columns for PVALS = [0.01, 0.1, 1, 2, 3, 5, 10, 15, 20, 25, 30, 35, 40, 45, 50, 55, 60, 65, 70, 75, 80, 85, 90, 95, 97, 98, 99, 99.9, 99.99]
Per p (leader): shift_{p}, margin_new_{p}, harris_percent_new_{p}, trump_percent_new_{p}, total_snapshot_{p}, total_expected_{p}, harris_votes_new_{p}, trump_votes_new_{p}
Per p (trailing): shift_trailing_{p}, margin_new_{p}_trailing, harris_percent_new_{p}_trailing, trump_percent_new_{p}_trailing, total_snapshot_{p}_trailing, total_expected_{p}_trailing, harris_votes_new_{p}_trailing, trump_votes_new_{p}_trailing
Checkpoint saved at: /home/ubuntu/apps/election-app/win_prob/H/PA/05/data_output_PA.csv.checkpoint.json

$ /home/ubuntu/.venv/bin/python3 /home/ubuntu/apps/election-app/stats/7-margin-new.py
Wrote data_output_with_margins_old.csv

$ /home/ubuntu/.venv/bin/python3 /home/ubuntu/apps/election-app/stats/7-eevp-statewide.py
Wrote data_output_with_margins.csv (copied from data_output_with_margins_old.csv)

$ /home/ubuntu/.venv/bin/python3 /home/ubuntu/apps/election-app/stats/7.py --input /home/ubuntu/apps/election-app/win_prob/H/PA/05/data_output_PA_with_margins_statewide_eevp.csv --output /home/ubuntu/apps/election-app/win_prob/H/PA/05/statewide_margin_pct_vs_percent_PA_2026.png --state PA --start 2024-11-05T15-30-22 --end 2024-11-05T15-30-22 --stats /home/ubuntu/apps/election-app/win_prob/H/PA/05/stats.csv --stats2 /home/ubuntu/apps/election-app/win_prob/H/PA/05/stats2.csv --interval 30 --year 2026 --jsonl /home/ubuntu/apps/election-app/win_prob/H/PA/05/plotdata_PA_2026_2026-01-25T23-38-44.jsonl
[info] evaluating 1 timestamps from 2024-11-05T15-30-22 to 2024-11-05T15-30-22 every 30 minutes
[saved] probs_timeseries_PA.csv  (1 points)
[saved] /home/ubuntu/apps/election-app/win_prob/H/PA/05/plotdata_PA_2026_2026-01-25T23-38-44.jsonl  (4 points)
[saved] /home/ubuntu/apps/election-app/win_prob/H/PA/05/statewide_margin_pct_vs_percent_PA_2026_box.json
[saved] /home/ubuntu/apps/election-app/win_prob/H/PA/05/statewide_margin_pct_vs_percent_PA_2026_box.png
[saved] /home/ubuntu/apps/election-app/win_prob/H/PA/05/statewide_margin_pct_vs_percent_PA_2026.png

All 50 states complete. See: /home/ubuntu/apps/election-app/win_prob/H/PA/05

$ /home/ubuntu/.venv/bin/python3 /home/ubuntu/apps/election-app/stats/8.py --root /home/ubuntu/apps/election-app/win_prob/H/PA/05/_work --outdir /home/ubuntu/apps/election-app/win_prob/H/PA/05
[info] root  = /home/ubuntu/apps/election-app/win_prob/H/PA/05/_work
[info] outdir= /home/ubuntu/apps/election-app/win_prob/H/PA/05
[deleted] /home/ubuntu/apps/election-app/win_prob/H/PA/05/_work/stats_with_statewide.csv
[deleted] /home/ubuntu/apps/election-app/win_prob/H/PA/05/_work/stats2_final_headers.csv
[deleted] /home/ubuntu/apps/election-app/win_prob/H/PA/05/_work/2024_county_results_with_final-old.csv
[deleted] /home/ubuntu/apps/election-app/win_prob/H/PA/05/_work/2024_county_results_with_final.csv
[deleted] /home/ubuntu/apps/election-app/win_prob/H/PA/05/_work/2024_county_results_with_final_1.csv
[deleted] /home/ubuntu/apps/election-app/win_prob/H/PA/05/_work/2024_county_results_with_calcs-old.csv
[deleted] /home/ubuntu/apps/election-app/win_prob/H/PA/05/_work/2024_county_results_with_calcs_new.csv
[deleted] /home/ubuntu/apps/election-app/win_prob/H/PA/05/_work/output_statewide_stats.csv
[skip]    /home/ubuntu/apps/election-app/win_prob/H/PA/05/_work/probs_timeseries_PA.csv
[deleted] /home/ubuntu/apps/election-app/win_prob/H/PA/05/_work/2024_county_results_with_calcs.csv
[skip]    /home/ubuntu/apps/election-app/win_prob/H/PA/05/data_output.csv
[skip]    /home/ubuntu/apps/election-app/win_prob/H/PA/05/data_output_with_margins_old.csv
[skip]    /home/ubuntu/apps/election-app/win_prob/H/PA/05/data_output_with_margins.csv
[skip]    /home/ubuntu/apps/election-app/win_prob/H/PA/05/data_output_with_margins-statewide.csv
[deleted] /home/ubuntu/apps/election-app/win_prob/H/PA/05/snapshots_PA.csv
[deleted] /home/ubuntu/apps/election-app/win_prob/H/PA/05/data_output_PA_with_margins_statewide_eevp.csv
[deleted] /home/ubuntu/apps/election-app/win_prob/H/PA/05/data_output_PA_with_margins.csv
[deleted] /home/ubuntu/apps/election-app/win_prob/H/PA/05/data_output_PA.csv
[deleted] /home/ubuntu/apps/election-app/win_prob/H/PA/05/data_output_PA.csv.checkpoint.json
[deleted] /home/ubuntu/apps/election-app/win_prob/H/PA/05/stats.csv
[deleted] /home/ubuntu/apps/election-app/win_prob/H/PA/05/stats2.csv
[done] removed 16 file(s)
[2026-01-25 23:45:27] INFO: [PIPELINE] args: office=H state=PA district=05
[2026-01-25 23:45:27] INFO: [PIPELINE] WINPROB_DIR resolved to: /home/ubuntu/apps/election-app/win_prob/H/PA/05
[2026-01-25 23:45:27] INFO: [PIPELINE] OUTDIR set to: /home/ubuntu/apps/election-app/win_prob/H/PA/05

$ /home/ubuntu/.venv/bin/python3 /home/ubuntu/apps/election-app/stats/1-statewide.py --input /home/ubuntu/apps/election-app/win_prob/H/PA/05/stats.csv --output /home/ubuntu/apps/election-app/win_prob/H/PA/05/_work/stats_with_statewide.csv
Wrote /home/ubuntu/apps/election-app/win_prob/H/PA/05/_work/stats_with_statewide.csv (rows=4)

$ /home/ubuntu/.venv/bin/python3 /home/ubuntu/apps/election-app/stats/1-stats-2.py --input /home/ubuntu/apps/election-app/win_prob/H/PA/05/stats2.csv --output /home/ubuntu/apps/election-app/win_prob/H/PA/05/_work/stats2_final_headers.csv
Wrote /home/ubuntu/apps/election-app/win_prob/H/PA/05/_work/stats2_final_headers.csv (rows=4)

$ /home/ubuntu/.venv/bin/python3 /home/ubuntu/apps/election-app/stats/1-append-new.py
Wrote 2024_county_results_with_final-old.csv (rows=4, missing_final_matches=0)

$ /home/ubuntu/.venv/bin/python3 /home/ubuntu/apps/election-app/stats/1-change_header.py
Wrote: 2024_county_results_with_final.csv

$ /home/ubuntu/.venv/bin/python3 /home/ubuntu/apps/election-app/stats/1-cut-zero-fips.py
Wrote: 2024_county_results_with_final_1.csv
Rows before: 4
Rows after:  4
Dropped (fips == 0): 0

$ /home/ubuntu/.venv/bin/python3 /home/ubuntu/apps/election-app/stats/2-calc.py
Wrote 4 rows with calculations to /home/ubuntu/apps/election-app/win_prob/H/PA/05/_work/2024_county_results_with_calcs-old.csv

$ /home/ubuntu/.venv/bin/python3 /home/ubuntu/apps/election-app/stats/2-eevp.py
Wrote (no-op copy): 2024_county_results_with_calcs.csv
Columns:
 - timestamp
 - state
 - county
 - fips
 - trump_votes
 - harris_votes
 - other_votes
 - eevp
 - state_eevp
 - harris_votes_statewide
 - trump_votes_statewide
 - other_votes_statewide
 - final_state
 - final_county
 - final_fips
 - final_trump_votes
 - final_harris_votes
 - final_other_votes
 - harris_percent_snapshot
 - trump_percent_snapshot
 - margin_snapshot
 - harris_percent_final
 - trump_percent_final
 - margin_final
 - margin_difference
 - margin_difference_abs

$ /home/ubuntu/.venv/bin/python3 /home/ubuntu/apps/election-app/stats/3-calc-new.py
Wrote 4 rows with new columns to /home/ubuntu/apps/election-app/win_prob/H/PA/05/_work/2024_county_results_with_calcs_new.csv

$ /home/ubuntu/.venv/bin/python3 /home/ubuntu/apps/election-app/stats/4-stats.py
Reading 2024_county_results_with_calcs_new.csv...
Aggregating statewide totals...
Calculating percentages and margins...
Writing to output_statewide_stats.csv...
Done!
[2026-01-25 23:45:37] INFO: [PIPELINE] ENTER win-prob generation | states=['PA'] ts_list=['2024-11-05T15-30-22']

============================================================================
[01/1] STATE = PA
============================================================================

$ /home/ubuntu/.venv/bin/python3 /home/ubuntu/apps/election-app/stats/5-snapshots.py --state PA --input /home/ubuntu/apps/election-app/win_prob/H/PA/05/_work/output_statewide_stats.csv --output /home/ubuntu/apps/election-app/win_prob/H/PA/05/snapshots_PA.csv --start 2024-11-05T15-30-22 --end 2024-11-05T15-30-22 --use-window 1 --interval 30
Mode: windowed-one-state
Rows written: 4
Distinct states in output: PA
Rows per normalized timestamp (empty = unparseable):
  2024-11-05T15-30-22: 4
Wrote /home/ubuntu/apps/election-app/win_prob/H/PA/05/snapshots_PA.csv

$ /home/ubuntu/.venv/bin/python3 /home/ubuntu/apps/election-app/stats/6-pval.py /home/ubuntu/apps/election-app/win_prob/H/PA/05/snapshots_PA.csv -t /home/ubuntu/apps/election-app/stats/parameters.csv -o /home/ubuntu/apps/election-app/win_prob/H/PA/05/data_output_PA.csv -c 50
Done. Wrote: /home/ubuntu/apps/election-app/win_prob/H/PA/05/data_output_PA.csv
Total rows: 4 (chunked, resumable).
Computed columns for PVALS = [0.01, 0.1, 1, 2, 3, 5, 10, 15, 20, 25, 30, 35, 40, 45, 50, 55, 60, 65, 70, 75, 80, 85, 90, 95, 97, 98, 99, 99.9, 99.99]
Per p (leader): shift_{p}, margin_new_{p}, harris_percent_new_{p}, trump_percent_new_{p}, total_snapshot_{p}, total_expected_{p}, harris_votes_new_{p}, trump_votes_new_{p}
Per p (trailing): shift_trailing_{p}, margin_new_{p}_trailing, harris_percent_new_{p}_trailing, trump_percent_new_{p}_trailing, total_snapshot_{p}_trailing, total_expected_{p}_trailing, harris_votes_new_{p}_trailing, trump_votes_new_{p}_trailing
Checkpoint saved at: /home/ubuntu/apps/election-app/win_prob/H/PA/05/data_output_PA.csv.checkpoint.json

$ /home/ubuntu/.venv/bin/python3 /home/ubuntu/apps/election-app/stats/7-margin-new.py
Wrote data_output_with_margins_old.csv

$ /home/ubuntu/.venv/bin/python3 /home/ubuntu/apps/election-app/stats/7-eevp-statewide.py
Wrote data_output_with_margins.csv (copied from data_output_with_margins_old.csv)

$ /home/ubuntu/.venv/bin/python3 /home/ubuntu/apps/election-app/stats/7.py --input /home/ubuntu/apps/election-app/win_prob/H/PA/05/data_output_PA_with_margins_statewide_eevp.csv --output /home/ubuntu/apps/election-app/win_prob/H/PA/05/statewide_margin_pct_vs_percent_PA_2026.png --state PA --start 2024-11-05T15-30-22 --end 2024-11-05T15-30-22 --stats /home/ubuntu/apps/election-app/win_prob/H/PA/05/stats.csv --stats2 /home/ubuntu/apps/election-app/win_prob/H/PA/05/stats2.csv --interval 30 --year 2026 --jsonl /home/ubuntu/apps/election-app/win_prob/H/PA/05/plotdata_PA_2026_2026-01-25T23-45-27.jsonl
[info] evaluating 1 timestamps from 2024-11-05T15-30-22 to 2024-11-05T15-30-22 every 30 minutes
[saved] probs_timeseries_PA.csv  (1 points)
[saved] /home/ubuntu/apps/election-app/win_prob/H/PA/05/plotdata_PA_2026_2026-01-25T23-45-27.jsonl  (4 points)
[saved] /home/ubuntu/apps/election-app/win_prob/H/PA/05/statewide_margin_pct_vs_percent_PA_2026_box.json
[saved] /home/ubuntu/apps/election-app/win_prob/H/PA/05/statewide_margin_pct_vs_percent_PA_2026_box.png
[saved] /home/ubuntu/apps/election-app/win_prob/H/PA/05/statewide_margin_pct_vs_percent_PA_2026.png

All 50 states complete. See: /home/ubuntu/apps/election-app/win_prob/H/PA/05

$ /home/ubuntu/.venv/bin/python3 /home/ubuntu/apps/election-app/stats/8.py --root /home/ubuntu/apps/election-app/win_prob/H/PA/05/_work --outdir /home/ubuntu/apps/election-app/win_prob/H/PA/05
[info] root  = /home/ubuntu/apps/election-app/win_prob/H/PA/05/_work
[info] outdir= /home/ubuntu/apps/election-app/win_prob/H/PA/05
[deleted] /home/ubuntu/apps/election-app/win_prob/H/PA/05/_work/stats_with_statewide.csv
[deleted] /home/ubuntu/apps/election-app/win_prob/H/PA/05/_work/stats2_final_headers.csv
[deleted] /home/ubuntu/apps/election-app/win_prob/H/PA/05/_work/2024_county_results_with_final-old.csv
[deleted] /home/ubuntu/apps/election-app/win_prob/H/PA/05/_work/2024_county_results_with_final.csv
[deleted] /home/ubuntu/apps/election-app/win_prob/H/PA/05/_work/2024_county_results_with_final_1.csv
[deleted] /home/ubuntu/apps/election-app/win_prob/H/PA/05/_work/2024_county_results_with_calcs-old.csv
[deleted] /home/ubuntu/apps/election-app/win_prob/H/PA/05/_work/2024_county_results_with_calcs_new.csv
[deleted] /home/ubuntu/apps/election-app/win_prob/H/PA/05/_work/output_statewide_stats.csv
[skip]    /home/ubuntu/apps/election-app/win_prob/H/PA/05/_work/probs_timeseries_PA.csv
[deleted] /home/ubuntu/apps/election-app/win_prob/H/PA/05/_work/2024_county_results_with_calcs.csv
[skip]    /home/ubuntu/apps/election-app/win_prob/H/PA/05/data_output.csv
[skip]    /home/ubuntu/apps/election-app/win_prob/H/PA/05/data_output_with_margins_old.csv
[skip]    /home/ubuntu/apps/election-app/win_prob/H/PA/05/data_output_with_margins.csv
[skip]    /home/ubuntu/apps/election-app/win_prob/H/PA/05/data_output_with_margins-statewide.csv
[deleted] /home/ubuntu/apps/election-app/win_prob/H/PA/05/snapshots_PA.csv
[deleted] /home/ubuntu/apps/election-app/win_prob/H/PA/05/data_output_PA_with_margins_statewide_eevp.csv
[deleted] /home/ubuntu/apps/election-app/win_prob/H/PA/05/data_output_PA_with_margins.csv
[deleted] /home/ubuntu/apps/election-app/win_prob/H/PA/05/data_output_PA.csv
[deleted] /home/ubuntu/apps/election-app/win_prob/H/PA/05/data_output_PA.csv.checkpoint.json
[deleted] /home/ubuntu/apps/election-app/win_prob/H/PA/05/stats.csv
[deleted] /home/ubuntu/apps/election-app/win_prob/H/PA/05/stats2.csv
[done] removed 16 file(s)
[2026-01-25 23:52:31] INFO: [PIPELINE] args: office=H state=PA district=05
[2026-01-25 23:52:31] INFO: [PIPELINE] WINPROB_DIR resolved to: /home/ubuntu/apps/election-app/win_prob/H/PA/05
[2026-01-25 23:52:31] INFO: [PIPELINE] OUTDIR set to: /home/ubuntu/apps/election-app/win_prob/H/PA/05

$ /home/ubuntu/.venv/bin/python3 /home/ubuntu/apps/election-app/stats/1-statewide.py --input /home/ubuntu/apps/election-app/win_prob/H/PA/05/stats.csv --output /home/ubuntu/apps/election-app/win_prob/H/PA/05/_work/stats_with_statewide.csv
Wrote /home/ubuntu/apps/election-app/win_prob/H/PA/05/_work/stats_with_statewide.csv (rows=4)

$ /home/ubuntu/.venv/bin/python3 /home/ubuntu/apps/election-app/stats/1-stats-2.py --input /home/ubuntu/apps/election-app/win_prob/H/PA/05/stats2.csv --output /home/ubuntu/apps/election-app/win_prob/H/PA/05/_work/stats2_final_headers.csv
Wrote /home/ubuntu/apps/election-app/win_prob/H/PA/05/_work/stats2_final_headers.csv (rows=4)

$ /home/ubuntu/.venv/bin/python3 /home/ubuntu/apps/election-app/stats/1-append-new.py
Wrote 2024_county_results_with_final-old.csv (rows=4, missing_final_matches=0)

$ /home/ubuntu/.venv/bin/python3 /home/ubuntu/apps/election-app/stats/1-change_header.py
Wrote: 2024_county_results_with_final.csv

$ /home/ubuntu/.venv/bin/python3 /home/ubuntu/apps/election-app/stats/1-cut-zero-fips.py
Wrote: 2024_county_results_with_final_1.csv
Rows before: 4
Rows after:  4
Dropped (fips == 0): 0

$ /home/ubuntu/.venv/bin/python3 /home/ubuntu/apps/election-app/stats/2-calc.py
Wrote 4 rows with calculations to /home/ubuntu/apps/election-app/win_prob/H/PA/05/_work/2024_county_results_with_calcs-old.csv

$ /home/ubuntu/.venv/bin/python3 /home/ubuntu/apps/election-app/stats/2-eevp.py
Wrote (no-op copy): 2024_county_results_with_calcs.csv
Columns:
 - timestamp
 - state
 - county
 - fips
 - trump_votes
 - harris_votes
 - other_votes
 - eevp
 - state_eevp
 - harris_votes_statewide
 - trump_votes_statewide
 - other_votes_statewide
 - final_state
 - final_county
 - final_fips
 - final_trump_votes
 - final_harris_votes
 - final_other_votes
 - harris_percent_snapshot
 - trump_percent_snapshot
 - margin_snapshot
 - harris_percent_final
 - trump_percent_final
 - margin_final
 - margin_difference
 - margin_difference_abs

$ /home/ubuntu/.venv/bin/python3 /home/ubuntu/apps/election-app/stats/3-calc-new.py
Wrote 4 rows with new columns to /home/ubuntu/apps/election-app/win_prob/H/PA/05/_work/2024_county_results_with_calcs_new.csv

$ /home/ubuntu/.venv/bin/python3 /home/ubuntu/apps/election-app/stats/4-stats.py
Reading 2024_county_results_with_calcs_new.csv...
Aggregating statewide totals...
Calculating percentages and margins...
Writing to output_statewide_stats.csv...
Done!
[2026-01-25 23:52:40] INFO: [PIPELINE] ENTER win-prob generation | states=['PA'] ts_list=['2024-11-05T15-30-22']

============================================================================
[01/1] STATE = PA
============================================================================

$ /home/ubuntu/.venv/bin/python3 /home/ubuntu/apps/election-app/stats/5-snapshots.py --state PA --input /home/ubuntu/apps/election-app/win_prob/H/PA/05/_work/output_statewide_stats.csv --output /home/ubuntu/apps/election-app/win_prob/H/PA/05/snapshots_PA.csv --start 2024-11-05T15-30-22 --end 2024-11-05T15-30-22 --use-window 1 --interval 30
Mode: windowed-one-state
Rows written: 4
Distinct states in output: PA
Rows per normalized timestamp (empty = unparseable):
  2024-11-05T15-30-22: 4
Wrote /home/ubuntu/apps/election-app/win_prob/H/PA/05/snapshots_PA.csv

$ /home/ubuntu/.venv/bin/python3 /home/ubuntu/apps/election-app/stats/6-pval.py /home/ubuntu/apps/election-app/win_prob/H/PA/05/snapshots_PA.csv -t /home/ubuntu/apps/election-app/stats/parameters.csv -o /home/ubuntu/apps/election-app/win_prob/H/PA/05/data_output_PA.csv -c 50
Done. Wrote: /home/ubuntu/apps/election-app/win_prob/H/PA/05/data_output_PA.csv
Total rows: 4 (chunked, resumable).
Computed columns for PVALS = [0.01, 0.1, 1, 2, 3, 5, 10, 15, 20, 25, 30, 35, 40, 45, 50, 55, 60, 65, 70, 75, 80, 85, 90, 95, 97, 98, 99, 99.9, 99.99]
Per p (leader): shift_{p}, margin_new_{p}, harris_percent_new_{p}, trump_percent_new_{p}, total_snapshot_{p}, total_expected_{p}, harris_votes_new_{p}, trump_votes_new_{p}
Per p (trailing): shift_trailing_{p}, margin_new_{p}_trailing, harris_percent_new_{p}_trailing, trump_percent_new_{p}_trailing, total_snapshot_{p}_trailing, total_expected_{p}_trailing, harris_votes_new_{p}_trailing, trump_votes_new_{p}_trailing
Checkpoint saved at: /home/ubuntu/apps/election-app/win_prob/H/PA/05/data_output_PA.csv.checkpoint.json

$ /home/ubuntu/.venv/bin/python3 /home/ubuntu/apps/election-app/stats/7-margin-new.py
Wrote data_output_with_margins_old.csv

$ /home/ubuntu/.venv/bin/python3 /home/ubuntu/apps/election-app/stats/7-eevp-statewide.py
Wrote data_output_with_margins.csv (copied from data_output_with_margins_old.csv)

$ /home/ubuntu/.venv/bin/python3 /home/ubuntu/apps/election-app/stats/7.py --input /home/ubuntu/apps/election-app/win_prob/H/PA/05/data_output_PA_with_margins_statewide_eevp.csv --output /home/ubuntu/apps/election-app/win_prob/H/PA/05/statewide_margin_pct_vs_percent_PA_2026.png --state PA --start 2024-11-05T15-30-22 --end 2024-11-05T15-30-22 --stats /home/ubuntu/apps/election-app/win_prob/H/PA/05/stats.csv --stats2 /home/ubuntu/apps/election-app/win_prob/H/PA/05/stats2.csv --interval 30 --year 2026 --jsonl /home/ubuntu/apps/election-app/win_prob/H/PA/05/plotdata_PA_2026_2026-01-25T23-52-31.jsonl
[info] evaluating 1 timestamps from 2024-11-05T15-30-22 to 2024-11-05T15-30-22 every 30 minutes
[saved] probs_timeseries_PA.csv  (1 points)
[saved] /home/ubuntu/apps/election-app/win_prob/H/PA/05/plotdata_PA_2026_2026-01-25T23-52-31.jsonl  (4 points)
[saved] /home/ubuntu/apps/election-app/win_prob/H/PA/05/statewide_margin_pct_vs_percent_PA_2026_box.json
[saved] /home/ubuntu/apps/election-app/win_prob/H/PA/05/statewide_margin_pct_vs_percent_PA_2026_box.png
[saved] /home/ubuntu/apps/election-app/win_prob/H/PA/05/statewide_margin_pct_vs_percent_PA_2026.png

All 50 states complete. See: /home/ubuntu/apps/election-app/win_prob/H/PA/05

$ /home/ubuntu/.venv/bin/python3 /home/ubuntu/apps/election-app/stats/8.py --root /home/ubuntu/apps/election-app/win_prob/H/PA/05/_work --outdir /home/ubuntu/apps/election-app/win_prob/H/PA/05
[info] root  = /home/ubuntu/apps/election-app/win_prob/H/PA/05/_work
[info] outdir= /home/ubuntu/apps/election-app/win_prob/H/PA/05
[deleted] /home/ubuntu/apps/election-app/win_prob/H/PA/05/_work/stats_with_statewide.csv
[deleted] /home/ubuntu/apps/election-app/win_prob/H/PA/05/_work/stats2_final_headers.csv
[deleted] /home/ubuntu/apps/election-app/win_prob/H/PA/05/_work/2024_county_results_with_final-old.csv
[deleted] /home/ubuntu/apps/election-app/win_prob/H/PA/05/_work/2024_county_results_with_final.csv
[deleted] /home/ubuntu/apps/election-app/win_prob/H/PA/05/_work/2024_county_results_with_final_1.csv
[deleted] /home/ubuntu/apps/election-app/win_prob/H/PA/05/_work/2024_county_results_with_calcs-old.csv
[deleted] /home/ubuntu/apps/election-app/win_prob/H/PA/05/_work/2024_county_results_with_calcs_new.csv
[deleted] /home/ubuntu/apps/election-app/win_prob/H/PA/05/_work/output_statewide_stats.csv
[skip]    /home/ubuntu/apps/election-app/win_prob/H/PA/05/_work/probs_timeseries_PA.csv
[deleted] /home/ubuntu/apps/election-app/win_prob/H/PA/05/_work/2024_county_results_with_calcs.csv
[skip]    /home/ubuntu/apps/election-app/win_prob/H/PA/05/data_output.csv
[skip]    /home/ubuntu/apps/election-app/win_prob/H/PA/05/data_output_with_margins_old.csv
[skip]    /home/ubuntu/apps/election-app/win_prob/H/PA/05/data_output_with_margins.csv
[skip]    /home/ubuntu/apps/election-app/win_prob/H/PA/05/data_output_with_margins-statewide.csv
[deleted] /home/ubuntu/apps/election-app/win_prob/H/PA/05/snapshots_PA.csv
[deleted] /home/ubuntu/apps/election-app/win_prob/H/PA/05/data_output_PA_with_margins_statewide_eevp.csv
[deleted] /home/ubuntu/apps/election-app/win_prob/H/PA/05/data_output_PA_with_margins.csv
[deleted] /home/ubuntu/apps/election-app/win_prob/H/PA/05/data_output_PA.csv
[deleted] /home/ubuntu/apps/election-app/win_prob/H/PA/05/data_output_PA.csv.checkpoint.json
[deleted] /home/ubuntu/apps/election-app/win_prob/H/PA/05/stats.csv
[deleted] /home/ubuntu/apps/election-app/win_prob/H/PA/05/stats2.csv
[done] removed 16 file(s)
[2026-01-25 23:59:35] INFO: [PIPELINE] args: office=H state=PA district=05
[2026-01-25 23:59:35] INFO: [PIPELINE] WINPROB_DIR resolved to: /home/ubuntu/apps/election-app/win_prob/H/PA/05
[2026-01-25 23:59:35] INFO: [PIPELINE] OUTDIR set to: /home/ubuntu/apps/election-app/win_prob/H/PA/05

$ /home/ubuntu/.venv/bin/python3 /home/ubuntu/apps/election-app/stats/1-statewide.py --input /home/ubuntu/apps/election-app/win_prob/H/PA/05/stats.csv --output /home/ubuntu/apps/election-app/win_prob/H/PA/05/_work/stats_with_statewide.csv
Wrote /home/ubuntu/apps/election-app/win_prob/H/PA/05/_work/stats_with_statewide.csv (rows=4)

$ /home/ubuntu/.venv/bin/python3 /home/ubuntu/apps/election-app/stats/1-stats-2.py --input /home/ubuntu/apps/election-app/win_prob/H/PA/05/stats2.csv --output /home/ubuntu/apps/election-app/win_prob/H/PA/05/_work/stats2_final_headers.csv
Wrote /home/ubuntu/apps/election-app/win_prob/H/PA/05/_work/stats2_final_headers.csv (rows=4)

$ /home/ubuntu/.venv/bin/python3 /home/ubuntu/apps/election-app/stats/1-append-new.py
Wrote 2024_county_results_with_final-old.csv (rows=4, missing_final_matches=0)

$ /home/ubuntu/.venv/bin/python3 /home/ubuntu/apps/election-app/stats/1-change_header.py
Wrote: 2024_county_results_with_final.csv

$ /home/ubuntu/.venv/bin/python3 /home/ubuntu/apps/election-app/stats/1-cut-zero-fips.py
Wrote: 2024_county_results_with_final_1.csv
Rows before: 4
Rows after:  4
Dropped (fips == 0): 0

$ /home/ubuntu/.venv/bin/python3 /home/ubuntu/apps/election-app/stats/2-calc.py
Wrote 4 rows with calculations to /home/ubuntu/apps/election-app/win_prob/H/PA/05/_work/2024_county_results_with_calcs-old.csv

$ /home/ubuntu/.venv/bin/python3 /home/ubuntu/apps/election-app/stats/2-eevp.py
Wrote (no-op copy): 2024_county_results_with_calcs.csv
Columns:
 - timestamp
 - state
 - county
 - fips
 - trump_votes
 - harris_votes
 - other_votes
 - eevp
 - state_eevp
 - harris_votes_statewide
 - trump_votes_statewide
 - other_votes_statewide
 - final_state
 - final_county
 - final_fips
 - final_trump_votes
 - final_harris_votes
 - final_other_votes
 - harris_percent_snapshot
 - trump_percent_snapshot
 - margin_snapshot
 - harris_percent_final
 - trump_percent_final
 - margin_final
 - margin_difference
 - margin_difference_abs

$ /home/ubuntu/.venv/bin/python3 /home/ubuntu/apps/election-app/stats/3-calc-new.py
Wrote 4 rows with new columns to /home/ubuntu/apps/election-app/win_prob/H/PA/05/_work/2024_county_results_with_calcs_new.csv

$ /home/ubuntu/.venv/bin/python3 /home/ubuntu/apps/election-app/stats/4-stats.py
Reading 2024_county_results_with_calcs_new.csv...
Aggregating statewide totals...
Calculating percentages and margins...
Writing to output_statewide_stats.csv...
Done!
[2026-01-25 23:59:44] INFO: [PIPELINE] ENTER win-prob generation | states=['PA'] ts_list=['2024-11-05T15-30-22']

============================================================================
[01/1] STATE = PA
============================================================================

$ /home/ubuntu/.venv/bin/python3 /home/ubuntu/apps/election-app/stats/5-snapshots.py --state PA --input /home/ubuntu/apps/election-app/win_prob/H/PA/05/_work/output_statewide_stats.csv --output /home/ubuntu/apps/election-app/win_prob/H/PA/05/snapshots_PA.csv --start 2024-11-05T15-30-22 --end 2024-11-05T15-30-22 --use-window 1 --interval 30
Mode: windowed-one-state
Rows written: 4
Distinct states in output: PA
Rows per normalized timestamp (empty = unparseable):
  2024-11-05T15-30-22: 4
Wrote /home/ubuntu/apps/election-app/win_prob/H/PA/05/snapshots_PA.csv

$ /home/ubuntu/.venv/bin/python3 /home/ubuntu/apps/election-app/stats/6-pval.py /home/ubuntu/apps/election-app/win_prob/H/PA/05/snapshots_PA.csv -t /home/ubuntu/apps/election-app/stats/parameters.csv -o /home/ubuntu/apps/election-app/win_prob/H/PA/05/data_output_PA.csv -c 50
Done. Wrote: /home/ubuntu/apps/election-app/win_prob/H/PA/05/data_output_PA.csv
Total rows: 4 (chunked, resumable).
Computed columns for PVALS = [0.01, 0.1, 1, 2, 3, 5, 10, 15, 20, 25, 30, 35, 40, 45, 50, 55, 60, 65, 70, 75, 80, 85, 90, 95, 97, 98, 99, 99.9, 99.99]
Per p (leader): shift_{p}, margin_new_{p}, harris_percent_new_{p}, trump_percent_new_{p}, total_snapshot_{p}, total_expected_{p}, harris_votes_new_{p}, trump_votes_new_{p}
Per p (trailing): shift_trailing_{p}, margin_new_{p}_trailing, harris_percent_new_{p}_trailing, trump_percent_new_{p}_trailing, total_snapshot_{p}_trailing, total_expected_{p}_trailing, harris_votes_new_{p}_trailing, trump_votes_new_{p}_trailing
Checkpoint saved at: /home/ubuntu/apps/election-app/win_prob/H/PA/05/data_output_PA.csv.checkpoint.json

$ /home/ubuntu/.venv/bin/python3 /home/ubuntu/apps/election-app/stats/7-margin-new.py
Wrote data_output_with_margins_old.csv

$ /home/ubuntu/.venv/bin/python3 /home/ubuntu/apps/election-app/stats/7-eevp-statewide.py
Wrote data_output_with_margins.csv (copied from data_output_with_margins_old.csv)

$ /home/ubuntu/.venv/bin/python3 /home/ubuntu/apps/election-app/stats/7.py --input /home/ubuntu/apps/election-app/win_prob/H/PA/05/data_output_PA_with_margins_statewide_eevp.csv --output /home/ubuntu/apps/election-app/win_prob/H/PA/05/statewide_margin_pct_vs_percent_PA_2026.png --state PA --start 2024-11-05T15-30-22 --end 2024-11-05T15-30-22 --stats /home/ubuntu/apps/election-app/win_prob/H/PA/05/stats.csv --stats2 /home/ubuntu/apps/election-app/win_prob/H/PA/05/stats2.csv --interval 30 --year 2026 --jsonl /home/ubuntu/apps/election-app/win_prob/H/PA/05/plotdata_PA_2026_2026-01-25T23-59-35.jsonl
[info] evaluating 1 timestamps from 2024-11-05T15-30-22 to 2024-11-05T15-30-22 every 30 minutes
[saved] probs_timeseries_PA.csv  (1 points)
[saved] /home/ubuntu/apps/election-app/win_prob/H/PA/05/plotdata_PA_2026_2026-01-25T23-59-35.jsonl  (4 points)
[saved] /home/ubuntu/apps/election-app/win_prob/H/PA/05/statewide_margin_pct_vs_percent_PA_2026_box.json
[saved] /home/ubuntu/apps/election-app/win_prob/H/PA/05/statewide_margin_pct_vs_percent_PA_2026_box.png
[saved] /home/ubuntu/apps/election-app/win_prob/H/PA/05/statewide_margin_pct_vs_percent_PA_2026.png

All 50 states complete. See: /home/ubuntu/apps/election-app/win_prob/H/PA/05

$ /home/ubuntu/.venv/bin/python3 /home/ubuntu/apps/election-app/stats/8.py --root /home/ubuntu/apps/election-app/win_prob/H/PA/05/_work --outdir /home/ubuntu/apps/election-app/win_prob/H/PA/05
[info] root  = /home/ubuntu/apps/election-app/win_prob/H/PA/05/_work
[info] outdir= /home/ubuntu/apps/election-app/win_prob/H/PA/05
[deleted] /home/ubuntu/apps/election-app/win_prob/H/PA/05/_work/stats_with_statewide.csv
[deleted] /home/ubuntu/apps/election-app/win_prob/H/PA/05/_work/stats2_final_headers.csv
[deleted] /home/ubuntu/apps/election-app/win_prob/H/PA/05/_work/2024_county_results_with_final-old.csv
[deleted] /home/ubuntu/apps/election-app/win_prob/H/PA/05/_work/2024_county_results_with_final.csv
[deleted] /home/ubuntu/apps/election-app/win_prob/H/PA/05/_work/2024_county_results_with_final_1.csv
[deleted] /home/ubuntu/apps/election-app/win_prob/H/PA/05/_work/2024_county_results_with_calcs-old.csv
[deleted] /home/ubuntu/apps/election-app/win_prob/H/PA/05/_work/2024_county_results_with_calcs_new.csv
[deleted] /home/ubuntu/apps/election-app/win_prob/H/PA/05/_work/output_statewide_stats.csv
[skip]    /home/ubuntu/apps/election-app/win_prob/H/PA/05/_work/probs_timeseries_PA.csv
[deleted] /home/ubuntu/apps/election-app/win_prob/H/PA/05/_work/2024_county_results_with_calcs.csv
[skip]    /home/ubuntu/apps/election-app/win_prob/H/PA/05/data_output.csv
[skip]    /home/ubuntu/apps/election-app/win_prob/H/PA/05/data_output_with_margins_old.csv
[skip]    /home/ubuntu/apps/election-app/win_prob/H/PA/05/data_output_with_margins.csv
[skip]    /home/ubuntu/apps/election-app/win_prob/H/PA/05/data_output_with_margins-statewide.csv
[deleted] /home/ubuntu/apps/election-app/win_prob/H/PA/05/snapshots_PA.csv
[deleted] /home/ubuntu/apps/election-app/win_prob/H/PA/05/data_output_PA_with_margins_statewide_eevp.csv
[deleted] /home/ubuntu/apps/election-app/win_prob/H/PA/05/data_output_PA_with_margins.csv
[deleted] /home/ubuntu/apps/election-app/win_prob/H/PA/05/data_output_PA.csv
[deleted] /home/ubuntu/apps/election-app/win_prob/H/PA/05/data_output_PA.csv.checkpoint.json
[deleted] /home/ubuntu/apps/election-app/win_prob/H/PA/05/stats.csv
[deleted] /home/ubuntu/apps/election-app/win_prob/H/PA/05/stats2.csv
[done] removed 16 file(s)
[2026-02-04 17:30:09] INFO: [PIPELINE] args: office=H state=PA district=05
[2026-02-04 17:30:09] INFO: [PIPELINE] WINPROB_DIR resolved to: /home/ubuntu/apps/election-app/win_prob/H/PA/05
[2026-02-04 17:30:09] INFO: [PIPELINE] OUTDIR set to: /home/ubuntu/apps/election-app/win_prob/H/PA/05

$ /home/ubuntu/.venv/bin/python3 /home/ubuntu/apps/election-app/stats/1-statewide.py --input /home/ubuntu/apps/election-app/win_prob/H/PA/05/stats.csv --output /home/ubuntu/apps/election-app/win_prob/H/PA/05/_work/stats_with_statewide.csv
Wrote /home/ubuntu/apps/election-app/win_prob/H/PA/05/_work/stats_with_statewide.csv (rows=4)

$ /home/ubuntu/.venv/bin/python3 /home/ubuntu/apps/election-app/stats/1-stats-2.py --input /home/ubuntu/apps/election-app/win_prob/H/PA/05/stats2.csv --output /home/ubuntu/apps/election-app/win_prob/H/PA/05/_work/stats2_final_headers.csv
Wrote /home/ubuntu/apps/election-app/win_prob/H/PA/05/_work/stats2_final_headers.csv (rows=4)

$ /home/ubuntu/.venv/bin/python3 /home/ubuntu/apps/election-app/stats/1-append-new.py
Wrote 2024_county_results_with_final-old.csv (rows=4, missing_final_matches=0)

$ /home/ubuntu/.venv/bin/python3 /home/ubuntu/apps/election-app/stats/1-change_header.py
Wrote: 2024_county_results_with_final.csv

$ /home/ubuntu/.venv/bin/python3 /home/ubuntu/apps/election-app/stats/1-cut-zero-fips.py
Wrote: 2024_county_results_with_final_1.csv
Rows before: 4
Rows after:  4
Dropped (fips == 0): 0

$ /home/ubuntu/.venv/bin/python3 /home/ubuntu/apps/election-app/stats/2-calc.py
Wrote 4 rows with calculations to /home/ubuntu/apps/election-app/win_prob/H/PA/05/_work/2024_county_results_with_calcs-old.csv

$ /home/ubuntu/.venv/bin/python3 /home/ubuntu/apps/election-app/stats/2-eevp.py
Wrote (no-op copy): 2024_county_results_with_calcs.csv
Columns:
 - timestamp
 - state
 - county
 - fips
 - trump_votes
 - harris_votes
 - other_votes
 - eevp
 - state_eevp
 - harris_votes_statewide
 - trump_votes_statewide
 - other_votes_statewide
 - final_state
 - final_county
 - final_fips
 - final_trump_votes
 - final_harris_votes
 - final_other_votes
 - harris_percent_snapshot
 - trump_percent_snapshot
 - margin_snapshot
 - harris_percent_final
 - trump_percent_final
 - margin_final
 - margin_difference
 - margin_difference_abs

$ /home/ubuntu/.venv/bin/python3 /home/ubuntu/apps/election-app/stats/3-calc-new.py
Wrote 4 rows with new columns to /home/ubuntu/apps/election-app/win_prob/H/PA/05/_work/2024_county_results_with_calcs_new.csv

$ /home/ubuntu/.venv/bin/python3 /home/ubuntu/apps/election-app/stats/4-stats.py
Reading 2024_county_results_with_calcs_new.csv...
Aggregating statewide totals...
Calculating percentages and margins...
Writing to output_statewide_stats.csv...
Done!
[2026-02-04 17:30:18] INFO: [PIPELINE] ENTER win-prob generation | states=['PA'] ts_list=['2024-11-05T15-30-22']

============================================================================
[01/1] STATE = PA
============================================================================

$ /home/ubuntu/.venv/bin/python3 /home/ubuntu/apps/election-app/stats/5-snapshots.py --state PA --input /home/ubuntu/apps/election-app/win_prob/H/PA/05/_work/output_statewide_stats.csv --output /home/ubuntu/apps/election-app/win_prob/H/PA/05/snapshots_PA.csv --start 2024-11-05T15-30-22 --end 2024-11-05T15-30-22 --use-window 1 --interval 30
Mode: windowed-one-state
Rows written: 4
Distinct states in output: PA
Rows per normalized timestamp (empty = unparseable):
  2024-11-05T15-30-22: 4
Wrote /home/ubuntu/apps/election-app/win_prob/H/PA/05/snapshots_PA.csv

$ /home/ubuntu/.venv/bin/python3 /home/ubuntu/apps/election-app/stats/6-pval.py /home/ubuntu/apps/election-app/win_prob/H/PA/05/snapshots_PA.csv -t /home/ubuntu/apps/election-app/stats/parameters.csv -o /home/ubuntu/apps/election-app/win_prob/H/PA/05/data_output_PA.csv -c 50
Done. Wrote: /home/ubuntu/apps/election-app/win_prob/H/PA/05/data_output_PA.csv
Total rows: 4 (chunked, resumable).
Computed columns for PVALS = [0.01, 0.1, 1, 2, 3, 5, 10, 15, 20, 25, 30, 35, 40, 45, 50, 55, 60, 65, 70, 75, 80, 85, 90, 95, 97, 98, 99, 99.9, 99.99]
Per p (leader): shift_{p}, margin_new_{p}, harris_percent_new_{p}, trump_percent_new_{p}, total_snapshot_{p}, total_expected_{p}, harris_votes_new_{p}, trump_votes_new_{p}
Per p (trailing): shift_trailing_{p}, margin_new_{p}_trailing, harris_percent_new_{p}_trailing, trump_percent_new_{p}_trailing, total_snapshot_{p}_trailing, total_expected_{p}_trailing, harris_votes_new_{p}_trailing, trump_votes_new_{p}_trailing
Checkpoint saved at: /home/ubuntu/apps/election-app/win_prob/H/PA/05/data_output_PA.csv.checkpoint.json

$ /home/ubuntu/.venv/bin/python3 /home/ubuntu/apps/election-app/stats/7-margin-new.py
Wrote data_output_with_margins_old.csv

$ /home/ubuntu/.venv/bin/python3 /home/ubuntu/apps/election-app/stats/7-eevp-statewide.py
Wrote data_output_with_margins.csv (copied from data_output_with_margins_old.csv)

$ /home/ubuntu/.venv/bin/python3 /home/ubuntu/apps/election-app/stats/7.py --input /home/ubuntu/apps/election-app/win_prob/H/PA/05/data_output_PA_with_margins_statewide_eevp.csv --output /home/ubuntu/apps/election-app/win_prob/H/PA/05/statewide_margin_pct_vs_percent_PA_2026.png --state PA --start 2024-11-05T15-30-22 --end 2024-11-05T15-30-22 --stats /home/ubuntu/apps/election-app/win_prob/H/PA/05/stats.csv --stats2 /home/ubuntu/apps/election-app/win_prob/H/PA/05/stats2.csv --interval 30 --year 2026 --jsonl /home/ubuntu/apps/election-app/win_prob/H/PA/05/plotdata_PA_2026_2026-02-04T17-30-09.jsonl
[info] evaluating 1 timestamps from 2024-11-05T15-30-22 to 2024-11-05T15-30-22 every 30 minutes
[saved] probs_timeseries_PA.csv  (1 points)
[saved] /home/ubuntu/apps/election-app/win_prob/H/PA/05/plotdata_PA_2026_2026-02-04T17-30-09.jsonl  (4 points)
[saved] /home/ubuntu/apps/election-app/win_prob/H/PA/05/statewide_margin_pct_vs_percent_PA_2026_box.json
[saved] /home/ubuntu/apps/election-app/win_prob/H/PA/05/statewide_margin_pct_vs_percent_PA_2026_box.png
[saved] /home/ubuntu/apps/election-app/win_prob/H/PA/05/statewide_margin_pct_vs_percent_PA_2026.png

All 50 states complete. See: /home/ubuntu/apps/election-app/win_prob/H/PA/05

$ /home/ubuntu/.venv/bin/python3 /home/ubuntu/apps/election-app/stats/8.py --root /home/ubuntu/apps/election-app/win_prob/H/PA/05/_work --outdir /home/ubuntu/apps/election-app/win_prob/H/PA/05
[info] root  = /home/ubuntu/apps/election-app/win_prob/H/PA/05/_work
[info] outdir= /home/ubuntu/apps/election-app/win_prob/H/PA/05
[deleted] /home/ubuntu/apps/election-app/win_prob/H/PA/05/_work/stats_with_statewide.csv
[deleted] /home/ubuntu/apps/election-app/win_prob/H/PA/05/_work/stats2_final_headers.csv
[deleted] /home/ubuntu/apps/election-app/win_prob/H/PA/05/_work/2024_county_results_with_final-old.csv
[deleted] /home/ubuntu/apps/election-app/win_prob/H/PA/05/_work/2024_county_results_with_final.csv
[deleted] /home/ubuntu/apps/election-app/win_prob/H/PA/05/_work/2024_county_results_with_final_1.csv
[deleted] /home/ubuntu/apps/election-app/win_prob/H/PA/05/_work/2024_county_results_with_calcs-old.csv
[deleted] /home/ubuntu/apps/election-app/win_prob/H/PA/05/_work/2024_county_results_with_calcs_new.csv
[deleted] /home/ubuntu/apps/election-app/win_prob/H/PA/05/_work/output_statewide_stats.csv
[skip]    /home/ubuntu/apps/election-app/win_prob/H/PA/05/_work/probs_timeseries_PA.csv
[deleted] /home/ubuntu/apps/election-app/win_prob/H/PA/05/_work/2024_county_results_with_calcs.csv
[skip]    /home/ubuntu/apps/election-app/win_prob/H/PA/05/data_output.csv
[skip]    /home/ubuntu/apps/election-app/win_prob/H/PA/05/data_output_with_margins_old.csv
[skip]    /home/ubuntu/apps/election-app/win_prob/H/PA/05/data_output_with_margins.csv
[skip]    /home/ubuntu/apps/election-app/win_prob/H/PA/05/data_output_with_margins-statewide.csv
[deleted] /home/ubuntu/apps/election-app/win_prob/H/PA/05/snapshots_PA.csv
[deleted] /home/ubuntu/apps/election-app/win_prob/H/PA/05/data_output_PA_with_margins_statewide_eevp.csv
[deleted] /home/ubuntu/apps/election-app/win_prob/H/PA/05/data_output_PA_with_margins.csv
[deleted] /home/ubuntu/apps/election-app/win_prob/H/PA/05/data_output_PA.csv
[deleted] /home/ubuntu/apps/election-app/win_prob/H/PA/05/data_output_PA.csv.checkpoint.json
[deleted] /home/ubuntu/apps/election-app/win_prob/H/PA/05/stats.csv
[deleted] /home/ubuntu/apps/election-app/win_prob/H/PA/05/stats2.csv
[done] removed 16 file(s)
