[2026-01-22 22:13:13] INFO: [PIPELINE] args: office=H state=GA district=01
[2026-01-22 22:13:13] INFO: [PIPELINE] WINPROB_DIR resolved to: /home/ubuntu/apps/election-app/win_prob/H/GA/01
[2026-01-22 22:13:13] INFO: [PIPELINE] OUTDIR set to: /home/ubuntu/apps/election-app/win_prob/H/GA/01

$ /home/ubuntu/.venv/bin/python3 /home/ubuntu/apps/election-app/stats/1-statewide.py --input /home/ubuntu/apps/election-app/win_prob/H/GA/01/stats.csv --output /home/ubuntu/apps/election-app/win_prob/H/GA/01/_work/stats_with_statewide.csv
Wrote /home/ubuntu/apps/election-app/win_prob/H/GA/01/_work/stats_with_statewide.csv (rows=15)

$ /home/ubuntu/.venv/bin/python3 /home/ubuntu/apps/election-app/stats/1-stats-2.py --input /home/ubuntu/apps/election-app/win_prob/H/GA/01/stats2.csv --output /home/ubuntu/apps/election-app/win_prob/H/GA/01/_work/stats2_final_headers.csv
Wrote /home/ubuntu/apps/election-app/win_prob/H/GA/01/_work/stats2_final_headers.csv (rows=15)

$ /home/ubuntu/.venv/bin/python3 /home/ubuntu/apps/election-app/stats/1-append-new.py
Wrote 2024_county_results_with_final-old.csv (rows=15, missing_final_matches=0)

$ /home/ubuntu/.venv/bin/python3 /home/ubuntu/apps/election-app/stats/1-change_header.py
Wrote: 2024_county_results_with_final.csv

$ /home/ubuntu/.venv/bin/python3 /home/ubuntu/apps/election-app/stats/1-cut-zero-fips.py
Wrote: 2024_county_results_with_final_1.csv
Rows before: 15
Rows after:  15
Dropped (fips == 0): 0

$ /home/ubuntu/.venv/bin/python3 /home/ubuntu/apps/election-app/stats/2-calc.py
Wrote 15 rows with calculations to /home/ubuntu/apps/election-app/win_prob/H/GA/01/_work/2024_county_results_with_calcs-old.csv

$ /home/ubuntu/.venv/bin/python3 /home/ubuntu/apps/election-app/stats/2-eevp.py
Wrote (no-op copy): 2024_county_results_with_calcs.csv
Columns:
 - timestamp
 - state
 - county
 - fips
 - trump_votes
 - harris_votes
 - other_votes
 - eevp
 - state_eevp
 - harris_votes_statewide
 - trump_votes_statewide
 - other_votes_statewide
 - final_state
 - final_county
 - final_fips
 - final_trump_votes
 - final_harris_votes
 - final_other_votes
 - harris_percent_snapshot
 - trump_percent_snapshot
 - margin_snapshot
 - harris_percent_final
 - trump_percent_final
 - margin_final
 - margin_difference
 - margin_difference_abs

$ /home/ubuntu/.venv/bin/python3 /home/ubuntu/apps/election-app/stats/3-calc-new.py
Wrote 15 rows with new columns to /home/ubuntu/apps/election-app/win_prob/H/GA/01/_work/2024_county_results_with_calcs_new.csv

$ /home/ubuntu/.venv/bin/python3 /home/ubuntu/apps/election-app/stats/4-stats.py
Reading 2024_county_results_with_calcs_new.csv...
Aggregating statewide totals...
Calculating percentages and margins...
Writing to output_statewide_stats.csv...
Done!
[2026-01-22 22:13:24] INFO: [PIPELINE] ENTER win-prob generation | states=['GA'] ts_list=['2024-11-05T15-30-22']

============================================================================
[01/1] STATE = GA
============================================================================

$ /home/ubuntu/.venv/bin/python3 /home/ubuntu/apps/election-app/stats/5-snapshots.py --state GA --input /home/ubuntu/apps/election-app/win_prob/H/GA/01/_work/output_statewide_stats.csv --output /home/ubuntu/apps/election-app/win_prob/H/GA/01/snapshots_GA.csv --start 2024-11-05T15-30-22 --end 2024-11-05T15-30-22 --use-window 1 --interval 30
Mode: windowed-one-state
Rows written: 15
Distinct states in output: GA
Rows per normalized timestamp (empty = unparseable):
  2024-11-05T15-30-22: 15
Wrote /home/ubuntu/apps/election-app/win_prob/H/GA/01/snapshots_GA.csv

$ /home/ubuntu/.venv/bin/python3 /home/ubuntu/apps/election-app/stats/6-pval.py /home/ubuntu/apps/election-app/win_prob/H/GA/01/snapshots_GA.csv -t /home/ubuntu/apps/election-app/stats/parameters.csv -o /home/ubuntu/apps/election-app/win_prob/H/GA/01/data_output_GA.csv -c 50
Done. Wrote: /home/ubuntu/apps/election-app/win_prob/H/GA/01/data_output_GA.csv
Total rows: 15 (chunked, resumable).
Computed columns for PVALS = [0.01, 0.1, 1, 2, 3, 5, 10, 15, 20, 25, 30, 35, 40, 45, 50, 55, 60, 65, 70, 75, 80, 85, 90, 95, 97, 98, 99, 99.9, 99.99]
Per p (leader): shift_{p}, margin_new_{p}, harris_percent_new_{p}, trump_percent_new_{p}, total_snapshot_{p}, total_expected_{p}, harris_votes_new_{p}, trump_votes_new_{p}
Per p (trailing): shift_trailing_{p}, margin_new_{p}_trailing, harris_percent_new_{p}_trailing, trump_percent_new_{p}_trailing, total_snapshot_{p}_trailing, total_expected_{p}_trailing, harris_votes_new_{p}_trailing, trump_votes_new_{p}_trailing
Checkpoint saved at: /home/ubuntu/apps/election-app/win_prob/H/GA/01/data_output_GA.csv.checkpoint.json

$ /home/ubuntu/.venv/bin/python3 /home/ubuntu/apps/election-app/stats/7-margin-new.py
Wrote data_output_with_margins_old.csv

$ /home/ubuntu/.venv/bin/python3 /home/ubuntu/apps/election-app/stats/7-eevp-statewide.py
Wrote data_output_with_margins.csv (copied from data_output_with_margins_old.csv)

$ /home/ubuntu/.venv/bin/python3 /home/ubuntu/apps/election-app/stats/7.py --input /home/ubuntu/apps/election-app/win_prob/H/GA/01/data_output_GA_with_margins_statewide_eevp.csv --output /home/ubuntu/apps/election-app/win_prob/H/GA/01/statewide_margin_pct_vs_percent_GA_2026.png --state GA --start 2024-11-05T15-30-22 --end 2024-11-05T15-30-22 --stats /home/ubuntu/apps/election-app/win_prob/H/GA/01/stats.csv --stats2 /home/ubuntu/apps/election-app/win_prob/H/GA/01/stats2.csv --interval 30 --year 2026 --jsonl /home/ubuntu/apps/election-app/win_prob/H/GA/01/plotdata_GA_2026_2026-01-22T22-13-13.jsonl
[info] evaluating 1 timestamps from 2024-11-05T15-30-22 to 2024-11-05T15-30-22 every 30 minutes
[saved] probs_timeseries_GA.csv  (1 points)
[saved] /home/ubuntu/apps/election-app/win_prob/H/GA/01/plotdata_GA_2026_2026-01-22T22-13-13.jsonl  (0 points)
[saved] /home/ubuntu/apps/election-app/win_prob/H/GA/01/statewide_margin_pct_vs_percent_GA_2026_box.json
[saved] /home/ubuntu/apps/election-app/win_prob/H/GA/01/statewide_margin_pct_vs_percent_GA_2026_box.png
[saved] /home/ubuntu/apps/election-app/win_prob/H/GA/01/statewide_margin_pct_vs_percent_GA_2026.png

All 50 states complete. See: /home/ubuntu/apps/election-app/win_prob/H/GA/01

$ /home/ubuntu/.venv/bin/python3 /home/ubuntu/apps/election-app/stats/8.py --root /home/ubuntu/apps/election-app/win_prob/H/GA/01/_work --outdir /home/ubuntu/apps/election-app/win_prob/H/GA/01
[info] root  = /home/ubuntu/apps/election-app/win_prob/H/GA/01/_work
[info] outdir= /home/ubuntu/apps/election-app/win_prob/H/GA/01
[deleted] /home/ubuntu/apps/election-app/win_prob/H/GA/01/_work/stats_with_statewide.csv
[deleted] /home/ubuntu/apps/election-app/win_prob/H/GA/01/_work/stats2_final_headers.csv
[deleted] /home/ubuntu/apps/election-app/win_prob/H/GA/01/_work/2024_county_results_with_final-old.csv
[deleted] /home/ubuntu/apps/election-app/win_prob/H/GA/01/_work/2024_county_results_with_final.csv
[deleted] /home/ubuntu/apps/election-app/win_prob/H/GA/01/_work/2024_county_results_with_final_1.csv
[deleted] /home/ubuntu/apps/election-app/win_prob/H/GA/01/_work/2024_county_results_with_calcs-old.csv
[deleted] /home/ubuntu/apps/election-app/win_prob/H/GA/01/_work/2024_county_results_with_calcs_new.csv
[deleted] /home/ubuntu/apps/election-app/win_prob/H/GA/01/_work/output_statewide_stats.csv
[skip]    /home/ubuntu/apps/election-app/win_prob/H/GA/01/_work/probs_timeseries_PA.csv
[deleted] /home/ubuntu/apps/election-app/win_prob/H/GA/01/_work/2024_county_results_with_calcs.csv
[skip]    /home/ubuntu/apps/election-app/win_prob/H/GA/01/data_output.csv
[skip]    /home/ubuntu/apps/election-app/win_prob/H/GA/01/data_output_with_margins_old.csv
[skip]    /home/ubuntu/apps/election-app/win_prob/H/GA/01/data_output_with_margins.csv
[skip]    /home/ubuntu/apps/election-app/win_prob/H/GA/01/data_output_with_margins-statewide.csv
[deleted] /home/ubuntu/apps/election-app/win_prob/H/GA/01/snapshots_GA.csv
[deleted] /home/ubuntu/apps/election-app/win_prob/H/GA/01/data_output_GA_with_margins.csv
[deleted] /home/ubuntu/apps/election-app/win_prob/H/GA/01/data_output_GA_with_margins_statewide_eevp.csv
[deleted] /home/ubuntu/apps/election-app/win_prob/H/GA/01/data_output_GA.csv
[deleted] /home/ubuntu/apps/election-app/win_prob/H/GA/01/data_output_GA.csv.checkpoint.json
[deleted] /home/ubuntu/apps/election-app/win_prob/H/GA/01/stats.csv
[deleted] /home/ubuntu/apps/election-app/win_prob/H/GA/01/stats2.csv
[done] removed 16 file(s)
[2026-01-22 22:20:17] INFO: [PIPELINE] args: office=H state=GA district=01
[2026-01-22 22:20:17] INFO: [PIPELINE] WINPROB_DIR resolved to: /home/ubuntu/apps/election-app/win_prob/H/GA/01
[2026-01-22 22:20:17] INFO: [PIPELINE] OUTDIR set to: /home/ubuntu/apps/election-app/win_prob/H/GA/01

$ /home/ubuntu/.venv/bin/python3 /home/ubuntu/apps/election-app/stats/1-statewide.py --input /home/ubuntu/apps/election-app/win_prob/H/GA/01/stats.csv --output /home/ubuntu/apps/election-app/win_prob/H/GA/01/_work/stats_with_statewide.csv
Wrote /home/ubuntu/apps/election-app/win_prob/H/GA/01/_work/stats_with_statewide.csv (rows=15)

$ /home/ubuntu/.venv/bin/python3 /home/ubuntu/apps/election-app/stats/1-stats-2.py --input /home/ubuntu/apps/election-app/win_prob/H/GA/01/stats2.csv --output /home/ubuntu/apps/election-app/win_prob/H/GA/01/_work/stats2_final_headers.csv
Wrote /home/ubuntu/apps/election-app/win_prob/H/GA/01/_work/stats2_final_headers.csv (rows=15)

$ /home/ubuntu/.venv/bin/python3 /home/ubuntu/apps/election-app/stats/1-append-new.py
Wrote 2024_county_results_with_final-old.csv (rows=15, missing_final_matches=0)

$ /home/ubuntu/.venv/bin/python3 /home/ubuntu/apps/election-app/stats/1-change_header.py
Wrote: 2024_county_results_with_final.csv

$ /home/ubuntu/.venv/bin/python3 /home/ubuntu/apps/election-app/stats/1-cut-zero-fips.py
Wrote: 2024_county_results_with_final_1.csv
Rows before: 15
Rows after:  15
Dropped (fips == 0): 0

$ /home/ubuntu/.venv/bin/python3 /home/ubuntu/apps/election-app/stats/2-calc.py
Wrote 15 rows with calculations to /home/ubuntu/apps/election-app/win_prob/H/GA/01/_work/2024_county_results_with_calcs-old.csv

$ /home/ubuntu/.venv/bin/python3 /home/ubuntu/apps/election-app/stats/2-eevp.py
Wrote (no-op copy): 2024_county_results_with_calcs.csv
Columns:
 - timestamp
 - state
 - county
 - fips
 - trump_votes
 - harris_votes
 - other_votes
 - eevp
 - state_eevp
 - harris_votes_statewide
 - trump_votes_statewide
 - other_votes_statewide
 - final_state
 - final_county
 - final_fips
 - final_trump_votes
 - final_harris_votes
 - final_other_votes
 - harris_percent_snapshot
 - trump_percent_snapshot
 - margin_snapshot
 - harris_percent_final
 - trump_percent_final
 - margin_final
 - margin_difference
 - margin_difference_abs

$ /home/ubuntu/.venv/bin/python3 /home/ubuntu/apps/election-app/stats/3-calc-new.py
Wrote 15 rows with new columns to /home/ubuntu/apps/election-app/win_prob/H/GA/01/_work/2024_county_results_with_calcs_new.csv

$ /home/ubuntu/.venv/bin/python3 /home/ubuntu/apps/election-app/stats/4-stats.py
Reading 2024_county_results_with_calcs_new.csv...
Aggregating statewide totals...
Calculating percentages and margins...
Writing to output_statewide_stats.csv...
Done!
[2026-01-22 22:20:27] INFO: [PIPELINE] ENTER win-prob generation | states=['GA'] ts_list=['2024-11-05T15-30-22']

============================================================================
[01/1] STATE = GA
============================================================================

$ /home/ubuntu/.venv/bin/python3 /home/ubuntu/apps/election-app/stats/5-snapshots.py --state GA --input /home/ubuntu/apps/election-app/win_prob/H/GA/01/_work/output_statewide_stats.csv --output /home/ubuntu/apps/election-app/win_prob/H/GA/01/snapshots_GA.csv --start 2024-11-05T15-30-22 --end 2024-11-05T15-30-22 --use-window 1 --interval 30
Mode: windowed-one-state
Rows written: 15
Distinct states in output: GA
Rows per normalized timestamp (empty = unparseable):
  2024-11-05T15-30-22: 15
Wrote /home/ubuntu/apps/election-app/win_prob/H/GA/01/snapshots_GA.csv

$ /home/ubuntu/.venv/bin/python3 /home/ubuntu/apps/election-app/stats/6-pval.py /home/ubuntu/apps/election-app/win_prob/H/GA/01/snapshots_GA.csv -t /home/ubuntu/apps/election-app/stats/parameters.csv -o /home/ubuntu/apps/election-app/win_prob/H/GA/01/data_output_GA.csv -c 50
Done. Wrote: /home/ubuntu/apps/election-app/win_prob/H/GA/01/data_output_GA.csv
Total rows: 15 (chunked, resumable).
Computed columns for PVALS = [0.01, 0.1, 1, 2, 3, 5, 10, 15, 20, 25, 30, 35, 40, 45, 50, 55, 60, 65, 70, 75, 80, 85, 90, 95, 97, 98, 99, 99.9, 99.99]
Per p (leader): shift_{p}, margin_new_{p}, harris_percent_new_{p}, trump_percent_new_{p}, total_snapshot_{p}, total_expected_{p}, harris_votes_new_{p}, trump_votes_new_{p}
Per p (trailing): shift_trailing_{p}, margin_new_{p}_trailing, harris_percent_new_{p}_trailing, trump_percent_new_{p}_trailing, total_snapshot_{p}_trailing, total_expected_{p}_trailing, harris_votes_new_{p}_trailing, trump_votes_new_{p}_trailing
Checkpoint saved at: /home/ubuntu/apps/election-app/win_prob/H/GA/01/data_output_GA.csv.checkpoint.json

$ /home/ubuntu/.venv/bin/python3 /home/ubuntu/apps/election-app/stats/7-margin-new.py
Wrote data_output_with_margins_old.csv

$ /home/ubuntu/.venv/bin/python3 /home/ubuntu/apps/election-app/stats/7-eevp-statewide.py
Wrote data_output_with_margins.csv (copied from data_output_with_margins_old.csv)

$ /home/ubuntu/.venv/bin/python3 /home/ubuntu/apps/election-app/stats/7.py --input /home/ubuntu/apps/election-app/win_prob/H/GA/01/data_output_GA_with_margins_statewide_eevp.csv --output /home/ubuntu/apps/election-app/win_prob/H/GA/01/statewide_margin_pct_vs_percent_GA_2026.png --state GA --start 2024-11-05T15-30-22 --end 2024-11-05T15-30-22 --stats /home/ubuntu/apps/election-app/win_prob/H/GA/01/stats.csv --stats2 /home/ubuntu/apps/election-app/win_prob/H/GA/01/stats2.csv --interval 30 --year 2026 --jsonl /home/ubuntu/apps/election-app/win_prob/H/GA/01/plotdata_GA_2026_2026-01-22T22-20-17.jsonl
[info] evaluating 1 timestamps from 2024-11-05T15-30-22 to 2024-11-05T15-30-22 every 30 minutes
[saved] probs_timeseries_GA.csv  (1 points)
[saved] /home/ubuntu/apps/election-app/win_prob/H/GA/01/plotdata_GA_2026_2026-01-22T22-20-17.jsonl  (4 points)
[saved] /home/ubuntu/apps/election-app/win_prob/H/GA/01/statewide_margin_pct_vs_percent_GA_2026_box.json
[saved] /home/ubuntu/apps/election-app/win_prob/H/GA/01/statewide_margin_pct_vs_percent_GA_2026_box.png
[saved] /home/ubuntu/apps/election-app/win_prob/H/GA/01/statewide_margin_pct_vs_percent_GA_2026.png

All 50 states complete. See: /home/ubuntu/apps/election-app/win_prob/H/GA/01

$ /home/ubuntu/.venv/bin/python3 /home/ubuntu/apps/election-app/stats/8.py --root /home/ubuntu/apps/election-app/win_prob/H/GA/01/_work --outdir /home/ubuntu/apps/election-app/win_prob/H/GA/01
[info] root  = /home/ubuntu/apps/election-app/win_prob/H/GA/01/_work
[info] outdir= /home/ubuntu/apps/election-app/win_prob/H/GA/01
[deleted] /home/ubuntu/apps/election-app/win_prob/H/GA/01/_work/stats_with_statewide.csv
[deleted] /home/ubuntu/apps/election-app/win_prob/H/GA/01/_work/stats2_final_headers.csv
[deleted] /home/ubuntu/apps/election-app/win_prob/H/GA/01/_work/2024_county_results_with_final-old.csv
[deleted] /home/ubuntu/apps/election-app/win_prob/H/GA/01/_work/2024_county_results_with_final.csv
[deleted] /home/ubuntu/apps/election-app/win_prob/H/GA/01/_work/2024_county_results_with_final_1.csv
[deleted] /home/ubuntu/apps/election-app/win_prob/H/GA/01/_work/2024_county_results_with_calcs-old.csv
[deleted] /home/ubuntu/apps/election-app/win_prob/H/GA/01/_work/2024_county_results_with_calcs_new.csv
[deleted] /home/ubuntu/apps/election-app/win_prob/H/GA/01/_work/output_statewide_stats.csv
[skip]    /home/ubuntu/apps/election-app/win_prob/H/GA/01/_work/probs_timeseries_PA.csv
[deleted] /home/ubuntu/apps/election-app/win_prob/H/GA/01/_work/2024_county_results_with_calcs.csv
[skip]    /home/ubuntu/apps/election-app/win_prob/H/GA/01/data_output.csv
[skip]    /home/ubuntu/apps/election-app/win_prob/H/GA/01/data_output_with_margins_old.csv
[skip]    /home/ubuntu/apps/election-app/win_prob/H/GA/01/data_output_with_margins.csv
[skip]    /home/ubuntu/apps/election-app/win_prob/H/GA/01/data_output_with_margins-statewide.csv
[deleted] /home/ubuntu/apps/election-app/win_prob/H/GA/01/snapshots_GA.csv
[deleted] /home/ubuntu/apps/election-app/win_prob/H/GA/01/data_output_GA_with_margins.csv
[deleted] /home/ubuntu/apps/election-app/win_prob/H/GA/01/data_output_GA_with_margins_statewide_eevp.csv
[deleted] /home/ubuntu/apps/election-app/win_prob/H/GA/01/data_output_GA.csv
[deleted] /home/ubuntu/apps/election-app/win_prob/H/GA/01/data_output_GA.csv.checkpoint.json
[deleted] /home/ubuntu/apps/election-app/win_prob/H/GA/01/stats.csv
[deleted] /home/ubuntu/apps/election-app/win_prob/H/GA/01/stats2.csv
[done] removed 16 file(s)
[2026-01-22 22:27:20] INFO: [PIPELINE] args: office=H state=GA district=01
[2026-01-22 22:27:20] INFO: [PIPELINE] WINPROB_DIR resolved to: /home/ubuntu/apps/election-app/win_prob/H/GA/01
[2026-01-22 22:27:20] INFO: [PIPELINE] OUTDIR set to: /home/ubuntu/apps/election-app/win_prob/H/GA/01

$ /home/ubuntu/.venv/bin/python3 /home/ubuntu/apps/election-app/stats/1-statewide.py --input /home/ubuntu/apps/election-app/win_prob/H/GA/01/stats.csv --output /home/ubuntu/apps/election-app/win_prob/H/GA/01/_work/stats_with_statewide.csv
Wrote /home/ubuntu/apps/election-app/win_prob/H/GA/01/_work/stats_with_statewide.csv (rows=15)

$ /home/ubuntu/.venv/bin/python3 /home/ubuntu/apps/election-app/stats/1-stats-2.py --input /home/ubuntu/apps/election-app/win_prob/H/GA/01/stats2.csv --output /home/ubuntu/apps/election-app/win_prob/H/GA/01/_work/stats2_final_headers.csv
Wrote /home/ubuntu/apps/election-app/win_prob/H/GA/01/_work/stats2_final_headers.csv (rows=15)

$ /home/ubuntu/.venv/bin/python3 /home/ubuntu/apps/election-app/stats/1-append-new.py
Wrote 2024_county_results_with_final-old.csv (rows=15, missing_final_matches=0)

$ /home/ubuntu/.venv/bin/python3 /home/ubuntu/apps/election-app/stats/1-change_header.py
Wrote: 2024_county_results_with_final.csv

$ /home/ubuntu/.venv/bin/python3 /home/ubuntu/apps/election-app/stats/1-cut-zero-fips.py
Wrote: 2024_county_results_with_final_1.csv
Rows before: 15
Rows after:  15
Dropped (fips == 0): 0

$ /home/ubuntu/.venv/bin/python3 /home/ubuntu/apps/election-app/stats/2-calc.py
Wrote 15 rows with calculations to /home/ubuntu/apps/election-app/win_prob/H/GA/01/_work/2024_county_results_with_calcs-old.csv

$ /home/ubuntu/.venv/bin/python3 /home/ubuntu/apps/election-app/stats/2-eevp.py
Wrote (no-op copy): 2024_county_results_with_calcs.csv
Columns:
 - timestamp
 - state
 - county
 - fips
 - trump_votes
 - harris_votes
 - other_votes
 - eevp
 - state_eevp
 - harris_votes_statewide
 - trump_votes_statewide
 - other_votes_statewide
 - final_state
 - final_county
 - final_fips
 - final_trump_votes
 - final_harris_votes
 - final_other_votes
 - harris_percent_snapshot
 - trump_percent_snapshot
 - margin_snapshot
 - harris_percent_final
 - trump_percent_final
 - margin_final
 - margin_difference
 - margin_difference_abs

$ /home/ubuntu/.venv/bin/python3 /home/ubuntu/apps/election-app/stats/3-calc-new.py
Wrote 15 rows with new columns to /home/ubuntu/apps/election-app/win_prob/H/GA/01/_work/2024_county_results_with_calcs_new.csv

$ /home/ubuntu/.venv/bin/python3 /home/ubuntu/apps/election-app/stats/4-stats.py
Reading 2024_county_results_with_calcs_new.csv...
Aggregating statewide totals...
Calculating percentages and margins...
Writing to output_statewide_stats.csv...
Done!
[2026-01-22 22:27:30] INFO: [PIPELINE] ENTER win-prob generation | states=['GA'] ts_list=['2024-11-05T15-30-22']

============================================================================
[01/1] STATE = GA
============================================================================

$ /home/ubuntu/.venv/bin/python3 /home/ubuntu/apps/election-app/stats/5-snapshots.py --state GA --input /home/ubuntu/apps/election-app/win_prob/H/GA/01/_work/output_statewide_stats.csv --output /home/ubuntu/apps/election-app/win_prob/H/GA/01/snapshots_GA.csv --start 2024-11-05T15-30-22 --end 2024-11-05T15-30-22 --use-window 1 --interval 30
Mode: windowed-one-state
Rows written: 15
Distinct states in output: GA
Rows per normalized timestamp (empty = unparseable):
  2024-11-05T15-30-22: 15
Wrote /home/ubuntu/apps/election-app/win_prob/H/GA/01/snapshots_GA.csv

$ /home/ubuntu/.venv/bin/python3 /home/ubuntu/apps/election-app/stats/6-pval.py /home/ubuntu/apps/election-app/win_prob/H/GA/01/snapshots_GA.csv -t /home/ubuntu/apps/election-app/stats/parameters.csv -o /home/ubuntu/apps/election-app/win_prob/H/GA/01/data_output_GA.csv -c 50
Done. Wrote: /home/ubuntu/apps/election-app/win_prob/H/GA/01/data_output_GA.csv
Total rows: 15 (chunked, resumable).
Computed columns for PVALS = [0.01, 0.1, 1, 2, 3, 5, 10, 15, 20, 25, 30, 35, 40, 45, 50, 55, 60, 65, 70, 75, 80, 85, 90, 95, 97, 98, 99, 99.9, 99.99]
Per p (leader): shift_{p}, margin_new_{p}, harris_percent_new_{p}, trump_percent_new_{p}, total_snapshot_{p}, total_expected_{p}, harris_votes_new_{p}, trump_votes_new_{p}
Per p (trailing): shift_trailing_{p}, margin_new_{p}_trailing, harris_percent_new_{p}_trailing, trump_percent_new_{p}_trailing, total_snapshot_{p}_trailing, total_expected_{p}_trailing, harris_votes_new_{p}_trailing, trump_votes_new_{p}_trailing
Checkpoint saved at: /home/ubuntu/apps/election-app/win_prob/H/GA/01/data_output_GA.csv.checkpoint.json

$ /home/ubuntu/.venv/bin/python3 /home/ubuntu/apps/election-app/stats/7-margin-new.py
Wrote data_output_with_margins_old.csv

$ /home/ubuntu/.venv/bin/python3 /home/ubuntu/apps/election-app/stats/7-eevp-statewide.py
Wrote data_output_with_margins.csv (copied from data_output_with_margins_old.csv)

$ /home/ubuntu/.venv/bin/python3 /home/ubuntu/apps/election-app/stats/7.py --input /home/ubuntu/apps/election-app/win_prob/H/GA/01/data_output_GA_with_margins_statewide_eevp.csv --output /home/ubuntu/apps/election-app/win_prob/H/GA/01/statewide_margin_pct_vs_percent_GA_2026.png --state GA --start 2024-11-05T15-30-22 --end 2024-11-05T15-30-22 --stats /home/ubuntu/apps/election-app/win_prob/H/GA/01/stats.csv --stats2 /home/ubuntu/apps/election-app/win_prob/H/GA/01/stats2.csv --interval 30 --year 2026 --jsonl /home/ubuntu/apps/election-app/win_prob/H/GA/01/plotdata_GA_2026_2026-01-22T22-27-20.jsonl
[info] evaluating 1 timestamps from 2024-11-05T15-30-22 to 2024-11-05T15-30-22 every 30 minutes
[saved] probs_timeseries_GA.csv  (1 points)
[saved] /home/ubuntu/apps/election-app/win_prob/H/GA/01/plotdata_GA_2026_2026-01-22T22-27-20.jsonl  (4 points)
[saved] /home/ubuntu/apps/election-app/win_prob/H/GA/01/statewide_margin_pct_vs_percent_GA_2026_box.json
[saved] /home/ubuntu/apps/election-app/win_prob/H/GA/01/statewide_margin_pct_vs_percent_GA_2026_box.png
[saved] /home/ubuntu/apps/election-app/win_prob/H/GA/01/statewide_margin_pct_vs_percent_GA_2026.png

All 50 states complete. See: /home/ubuntu/apps/election-app/win_prob/H/GA/01

$ /home/ubuntu/.venv/bin/python3 /home/ubuntu/apps/election-app/stats/8.py --root /home/ubuntu/apps/election-app/win_prob/H/GA/01/_work --outdir /home/ubuntu/apps/election-app/win_prob/H/GA/01
[info] root  = /home/ubuntu/apps/election-app/win_prob/H/GA/01/_work
[info] outdir= /home/ubuntu/apps/election-app/win_prob/H/GA/01
[deleted] /home/ubuntu/apps/election-app/win_prob/H/GA/01/_work/stats_with_statewide.csv
[deleted] /home/ubuntu/apps/election-app/win_prob/H/GA/01/_work/stats2_final_headers.csv
[deleted] /home/ubuntu/apps/election-app/win_prob/H/GA/01/_work/2024_county_results_with_final-old.csv
[deleted] /home/ubuntu/apps/election-app/win_prob/H/GA/01/_work/2024_county_results_with_final.csv
[deleted] /home/ubuntu/apps/election-app/win_prob/H/GA/01/_work/2024_county_results_with_final_1.csv
[deleted] /home/ubuntu/apps/election-app/win_prob/H/GA/01/_work/2024_county_results_with_calcs-old.csv
[deleted] /home/ubuntu/apps/election-app/win_prob/H/GA/01/_work/2024_county_results_with_calcs_new.csv
[deleted] /home/ubuntu/apps/election-app/win_prob/H/GA/01/_work/output_statewide_stats.csv
[skip]    /home/ubuntu/apps/election-app/win_prob/H/GA/01/_work/probs_timeseries_PA.csv
[deleted] /home/ubuntu/apps/election-app/win_prob/H/GA/01/_work/2024_county_results_with_calcs.csv
[skip]    /home/ubuntu/apps/election-app/win_prob/H/GA/01/data_output.csv
[skip]    /home/ubuntu/apps/election-app/win_prob/H/GA/01/data_output_with_margins_old.csv
[skip]    /home/ubuntu/apps/election-app/win_prob/H/GA/01/data_output_with_margins.csv
[skip]    /home/ubuntu/apps/election-app/win_prob/H/GA/01/data_output_with_margins-statewide.csv
[deleted] /home/ubuntu/apps/election-app/win_prob/H/GA/01/snapshots_GA.csv
[deleted] /home/ubuntu/apps/election-app/win_prob/H/GA/01/data_output_GA_with_margins.csv
[deleted] /home/ubuntu/apps/election-app/win_prob/H/GA/01/data_output_GA_with_margins_statewide_eevp.csv
[deleted] /home/ubuntu/apps/election-app/win_prob/H/GA/01/data_output_GA.csv
[deleted] /home/ubuntu/apps/election-app/win_prob/H/GA/01/data_output_GA.csv.checkpoint.json
[deleted] /home/ubuntu/apps/election-app/win_prob/H/GA/01/stats.csv
[deleted] /home/ubuntu/apps/election-app/win_prob/H/GA/01/stats2.csv
[done] removed 16 file(s)
[2026-01-22 22:34:23] INFO: [PIPELINE] args: office=H state=GA district=01
[2026-01-22 22:34:23] INFO: [PIPELINE] WINPROB_DIR resolved to: /home/ubuntu/apps/election-app/win_prob/H/GA/01
[2026-01-22 22:34:23] INFO: [PIPELINE] OUTDIR set to: /home/ubuntu/apps/election-app/win_prob/H/GA/01

$ /home/ubuntu/.venv/bin/python3 /home/ubuntu/apps/election-app/stats/1-statewide.py --input /home/ubuntu/apps/election-app/win_prob/H/GA/01/stats.csv --output /home/ubuntu/apps/election-app/win_prob/H/GA/01/_work/stats_with_statewide.csv
Wrote /home/ubuntu/apps/election-app/win_prob/H/GA/01/_work/stats_with_statewide.csv (rows=15)

$ /home/ubuntu/.venv/bin/python3 /home/ubuntu/apps/election-app/stats/1-stats-2.py --input /home/ubuntu/apps/election-app/win_prob/H/GA/01/stats2.csv --output /home/ubuntu/apps/election-app/win_prob/H/GA/01/_work/stats2_final_headers.csv
Wrote /home/ubuntu/apps/election-app/win_prob/H/GA/01/_work/stats2_final_headers.csv (rows=15)

$ /home/ubuntu/.venv/bin/python3 /home/ubuntu/apps/election-app/stats/1-append-new.py
Wrote 2024_county_results_with_final-old.csv (rows=15, missing_final_matches=0)

$ /home/ubuntu/.venv/bin/python3 /home/ubuntu/apps/election-app/stats/1-change_header.py
Wrote: 2024_county_results_with_final.csv

$ /home/ubuntu/.venv/bin/python3 /home/ubuntu/apps/election-app/stats/1-cut-zero-fips.py
Wrote: 2024_county_results_with_final_1.csv
Rows before: 15
Rows after:  15
Dropped (fips == 0): 0

$ /home/ubuntu/.venv/bin/python3 /home/ubuntu/apps/election-app/stats/2-calc.py
Wrote 15 rows with calculations to /home/ubuntu/apps/election-app/win_prob/H/GA/01/_work/2024_county_results_with_calcs-old.csv

$ /home/ubuntu/.venv/bin/python3 /home/ubuntu/apps/election-app/stats/2-eevp.py
Wrote (no-op copy): 2024_county_results_with_calcs.csv
Columns:
 - timestamp
 - state
 - county
 - fips
 - trump_votes
 - harris_votes
 - other_votes
 - eevp
 - state_eevp
 - harris_votes_statewide
 - trump_votes_statewide
 - other_votes_statewide
 - final_state
 - final_county
 - final_fips
 - final_trump_votes
 - final_harris_votes
 - final_other_votes
 - harris_percent_snapshot
 - trump_percent_snapshot
 - margin_snapshot
 - harris_percent_final
 - trump_percent_final
 - margin_final
 - margin_difference
 - margin_difference_abs

$ /home/ubuntu/.venv/bin/python3 /home/ubuntu/apps/election-app/stats/3-calc-new.py
Wrote 15 rows with new columns to /home/ubuntu/apps/election-app/win_prob/H/GA/01/_work/2024_county_results_with_calcs_new.csv

$ /home/ubuntu/.venv/bin/python3 /home/ubuntu/apps/election-app/stats/4-stats.py
Reading 2024_county_results_with_calcs_new.csv...
Aggregating statewide totals...
Calculating percentages and margins...
Writing to output_statewide_stats.csv...
Done!
[2026-01-22 22:34:33] INFO: [PIPELINE] ENTER win-prob generation | states=['GA'] ts_list=['2024-11-05T15-30-22']

============================================================================
[01/1] STATE = GA
============================================================================

$ /home/ubuntu/.venv/bin/python3 /home/ubuntu/apps/election-app/stats/5-snapshots.py --state GA --input /home/ubuntu/apps/election-app/win_prob/H/GA/01/_work/output_statewide_stats.csv --output /home/ubuntu/apps/election-app/win_prob/H/GA/01/snapshots_GA.csv --start 2024-11-05T15-30-22 --end 2024-11-05T15-30-22 --use-window 1 --interval 30
Mode: windowed-one-state
Rows written: 15
Distinct states in output: GA
Rows per normalized timestamp (empty = unparseable):
  2024-11-05T15-30-22: 15
Wrote /home/ubuntu/apps/election-app/win_prob/H/GA/01/snapshots_GA.csv

$ /home/ubuntu/.venv/bin/python3 /home/ubuntu/apps/election-app/stats/6-pval.py /home/ubuntu/apps/election-app/win_prob/H/GA/01/snapshots_GA.csv -t /home/ubuntu/apps/election-app/stats/parameters.csv -o /home/ubuntu/apps/election-app/win_prob/H/GA/01/data_output_GA.csv -c 50
Done. Wrote: /home/ubuntu/apps/election-app/win_prob/H/GA/01/data_output_GA.csv
Total rows: 15 (chunked, resumable).
Computed columns for PVALS = [0.01, 0.1, 1, 2, 3, 5, 10, 15, 20, 25, 30, 35, 40, 45, 50, 55, 60, 65, 70, 75, 80, 85, 90, 95, 97, 98, 99, 99.9, 99.99]
Per p (leader): shift_{p}, margin_new_{p}, harris_percent_new_{p}, trump_percent_new_{p}, total_snapshot_{p}, total_expected_{p}, harris_votes_new_{p}, trump_votes_new_{p}
Per p (trailing): shift_trailing_{p}, margin_new_{p}_trailing, harris_percent_new_{p}_trailing, trump_percent_new_{p}_trailing, total_snapshot_{p}_trailing, total_expected_{p}_trailing, harris_votes_new_{p}_trailing, trump_votes_new_{p}_trailing
Checkpoint saved at: /home/ubuntu/apps/election-app/win_prob/H/GA/01/data_output_GA.csv.checkpoint.json

$ /home/ubuntu/.venv/bin/python3 /home/ubuntu/apps/election-app/stats/7-margin-new.py
Wrote data_output_with_margins_old.csv

$ /home/ubuntu/.venv/bin/python3 /home/ubuntu/apps/election-app/stats/7-eevp-statewide.py
Wrote data_output_with_margins.csv (copied from data_output_with_margins_old.csv)

$ /home/ubuntu/.venv/bin/python3 /home/ubuntu/apps/election-app/stats/7.py --input /home/ubuntu/apps/election-app/win_prob/H/GA/01/data_output_GA_with_margins_statewide_eevp.csv --output /home/ubuntu/apps/election-app/win_prob/H/GA/01/statewide_margin_pct_vs_percent_GA_2026.png --state GA --start 2024-11-05T15-30-22 --end 2024-11-05T15-30-22 --stats /home/ubuntu/apps/election-app/win_prob/H/GA/01/stats.csv --stats2 /home/ubuntu/apps/election-app/win_prob/H/GA/01/stats2.csv --interval 30 --year 2026 --jsonl /home/ubuntu/apps/election-app/win_prob/H/GA/01/plotdata_GA_2026_2026-01-22T22-34-23.jsonl
[info] evaluating 1 timestamps from 2024-11-05T15-30-22 to 2024-11-05T15-30-22 every 30 minutes
[saved] probs_timeseries_GA.csv  (1 points)
[saved] /home/ubuntu/apps/election-app/win_prob/H/GA/01/plotdata_GA_2026_2026-01-22T22-34-23.jsonl  (4 points)
[saved] /home/ubuntu/apps/election-app/win_prob/H/GA/01/statewide_margin_pct_vs_percent_GA_2026_box.json
[saved] /home/ubuntu/apps/election-app/win_prob/H/GA/01/statewide_margin_pct_vs_percent_GA_2026_box.png
[saved] /home/ubuntu/apps/election-app/win_prob/H/GA/01/statewide_margin_pct_vs_percent_GA_2026.png

All 50 states complete. See: /home/ubuntu/apps/election-app/win_prob/H/GA/01

$ /home/ubuntu/.venv/bin/python3 /home/ubuntu/apps/election-app/stats/8.py --root /home/ubuntu/apps/election-app/win_prob/H/GA/01/_work --outdir /home/ubuntu/apps/election-app/win_prob/H/GA/01
[info] root  = /home/ubuntu/apps/election-app/win_prob/H/GA/01/_work
[info] outdir= /home/ubuntu/apps/election-app/win_prob/H/GA/01
[deleted] /home/ubuntu/apps/election-app/win_prob/H/GA/01/_work/stats_with_statewide.csv
[deleted] /home/ubuntu/apps/election-app/win_prob/H/GA/01/_work/stats2_final_headers.csv
[deleted] /home/ubuntu/apps/election-app/win_prob/H/GA/01/_work/2024_county_results_with_final-old.csv
[deleted] /home/ubuntu/apps/election-app/win_prob/H/GA/01/_work/2024_county_results_with_final.csv
[deleted] /home/ubuntu/apps/election-app/win_prob/H/GA/01/_work/2024_county_results_with_final_1.csv
[deleted] /home/ubuntu/apps/election-app/win_prob/H/GA/01/_work/2024_county_results_with_calcs-old.csv
[deleted] /home/ubuntu/apps/election-app/win_prob/H/GA/01/_work/2024_county_results_with_calcs_new.csv
[deleted] /home/ubuntu/apps/election-app/win_prob/H/GA/01/_work/output_statewide_stats.csv
[skip]    /home/ubuntu/apps/election-app/win_prob/H/GA/01/_work/probs_timeseries_PA.csv
[deleted] /home/ubuntu/apps/election-app/win_prob/H/GA/01/_work/2024_county_results_with_calcs.csv
[skip]    /home/ubuntu/apps/election-app/win_prob/H/GA/01/data_output.csv
[skip]    /home/ubuntu/apps/election-app/win_prob/H/GA/01/data_output_with_margins_old.csv
[skip]    /home/ubuntu/apps/election-app/win_prob/H/GA/01/data_output_with_margins.csv
[skip]    /home/ubuntu/apps/election-app/win_prob/H/GA/01/data_output_with_margins-statewide.csv
[deleted] /home/ubuntu/apps/election-app/win_prob/H/GA/01/snapshots_GA.csv
[deleted] /home/ubuntu/apps/election-app/win_prob/H/GA/01/data_output_GA_with_margins.csv
[deleted] /home/ubuntu/apps/election-app/win_prob/H/GA/01/data_output_GA_with_margins_statewide_eevp.csv
[deleted] /home/ubuntu/apps/election-app/win_prob/H/GA/01/data_output_GA.csv
[deleted] /home/ubuntu/apps/election-app/win_prob/H/GA/01/data_output_GA.csv.checkpoint.json
[deleted] /home/ubuntu/apps/election-app/win_prob/H/GA/01/stats.csv
[deleted] /home/ubuntu/apps/election-app/win_prob/H/GA/01/stats2.csv
[done] removed 16 file(s)
[2026-01-22 22:41:26] INFO: [PIPELINE] args: office=H state=GA district=01
[2026-01-22 22:41:26] INFO: [PIPELINE] WINPROB_DIR resolved to: /home/ubuntu/apps/election-app/win_prob/H/GA/01
[2026-01-22 22:41:26] INFO: [PIPELINE] OUTDIR set to: /home/ubuntu/apps/election-app/win_prob/H/GA/01

$ /home/ubuntu/.venv/bin/python3 /home/ubuntu/apps/election-app/stats/1-statewide.py --input /home/ubuntu/apps/election-app/win_prob/H/GA/01/stats.csv --output /home/ubuntu/apps/election-app/win_prob/H/GA/01/_work/stats_with_statewide.csv
Wrote /home/ubuntu/apps/election-app/win_prob/H/GA/01/_work/stats_with_statewide.csv (rows=15)

$ /home/ubuntu/.venv/bin/python3 /home/ubuntu/apps/election-app/stats/1-stats-2.py --input /home/ubuntu/apps/election-app/win_prob/H/GA/01/stats2.csv --output /home/ubuntu/apps/election-app/win_prob/H/GA/01/_work/stats2_final_headers.csv
Wrote /home/ubuntu/apps/election-app/win_prob/H/GA/01/_work/stats2_final_headers.csv (rows=15)

$ /home/ubuntu/.venv/bin/python3 /home/ubuntu/apps/election-app/stats/1-append-new.py
Wrote 2024_county_results_with_final-old.csv (rows=15, missing_final_matches=0)

$ /home/ubuntu/.venv/bin/python3 /home/ubuntu/apps/election-app/stats/1-change_header.py
Wrote: 2024_county_results_with_final.csv

$ /home/ubuntu/.venv/bin/python3 /home/ubuntu/apps/election-app/stats/1-cut-zero-fips.py
Wrote: 2024_county_results_with_final_1.csv
Rows before: 15
Rows after:  15
Dropped (fips == 0): 0

$ /home/ubuntu/.venv/bin/python3 /home/ubuntu/apps/election-app/stats/2-calc.py
Wrote 15 rows with calculations to /home/ubuntu/apps/election-app/win_prob/H/GA/01/_work/2024_county_results_with_calcs-old.csv

$ /home/ubuntu/.venv/bin/python3 /home/ubuntu/apps/election-app/stats/2-eevp.py
Wrote (no-op copy): 2024_county_results_with_calcs.csv
Columns:
 - timestamp
 - state
 - county
 - fips
 - trump_votes
 - harris_votes
 - other_votes
 - eevp
 - state_eevp
 - harris_votes_statewide
 - trump_votes_statewide
 - other_votes_statewide
 - final_state
 - final_county
 - final_fips
 - final_trump_votes
 - final_harris_votes
 - final_other_votes
 - harris_percent_snapshot
 - trump_percent_snapshot
 - margin_snapshot
 - harris_percent_final
 - trump_percent_final
 - margin_final
 - margin_difference
 - margin_difference_abs

$ /home/ubuntu/.venv/bin/python3 /home/ubuntu/apps/election-app/stats/3-calc-new.py
Wrote 15 rows with new columns to /home/ubuntu/apps/election-app/win_prob/H/GA/01/_work/2024_county_results_with_calcs_new.csv

$ /home/ubuntu/.venv/bin/python3 /home/ubuntu/apps/election-app/stats/4-stats.py
Reading 2024_county_results_with_calcs_new.csv...
Aggregating statewide totals...
Calculating percentages and margins...
Writing to output_statewide_stats.csv...
Done!
[2026-01-22 22:41:36] INFO: [PIPELINE] ENTER win-prob generation | states=['GA'] ts_list=['2024-11-05T15-30-22']

============================================================================
[01/1] STATE = GA
============================================================================

$ /home/ubuntu/.venv/bin/python3 /home/ubuntu/apps/election-app/stats/5-snapshots.py --state GA --input /home/ubuntu/apps/election-app/win_prob/H/GA/01/_work/output_statewide_stats.csv --output /home/ubuntu/apps/election-app/win_prob/H/GA/01/snapshots_GA.csv --start 2024-11-05T15-30-22 --end 2024-11-05T15-30-22 --use-window 1 --interval 30
Mode: windowed-one-state
Rows written: 15
Distinct states in output: GA
Rows per normalized timestamp (empty = unparseable):
  2024-11-05T15-30-22: 15
Wrote /home/ubuntu/apps/election-app/win_prob/H/GA/01/snapshots_GA.csv

$ /home/ubuntu/.venv/bin/python3 /home/ubuntu/apps/election-app/stats/6-pval.py /home/ubuntu/apps/election-app/win_prob/H/GA/01/snapshots_GA.csv -t /home/ubuntu/apps/election-app/stats/parameters.csv -o /home/ubuntu/apps/election-app/win_prob/H/GA/01/data_output_GA.csv -c 50
Done. Wrote: /home/ubuntu/apps/election-app/win_prob/H/GA/01/data_output_GA.csv
Total rows: 15 (chunked, resumable).
Computed columns for PVALS = [0.01, 0.1, 1, 2, 3, 5, 10, 15, 20, 25, 30, 35, 40, 45, 50, 55, 60, 65, 70, 75, 80, 85, 90, 95, 97, 98, 99, 99.9, 99.99]
Per p (leader): shift_{p}, margin_new_{p}, harris_percent_new_{p}, trump_percent_new_{p}, total_snapshot_{p}, total_expected_{p}, harris_votes_new_{p}, trump_votes_new_{p}
Per p (trailing): shift_trailing_{p}, margin_new_{p}_trailing, harris_percent_new_{p}_trailing, trump_percent_new_{p}_trailing, total_snapshot_{p}_trailing, total_expected_{p}_trailing, harris_votes_new_{p}_trailing, trump_votes_new_{p}_trailing
Checkpoint saved at: /home/ubuntu/apps/election-app/win_prob/H/GA/01/data_output_GA.csv.checkpoint.json

$ /home/ubuntu/.venv/bin/python3 /home/ubuntu/apps/election-app/stats/7-margin-new.py
Wrote data_output_with_margins_old.csv

$ /home/ubuntu/.venv/bin/python3 /home/ubuntu/apps/election-app/stats/7-eevp-statewide.py
Wrote data_output_with_margins.csv (copied from data_output_with_margins_old.csv)

$ /home/ubuntu/.venv/bin/python3 /home/ubuntu/apps/election-app/stats/7.py --input /home/ubuntu/apps/election-app/win_prob/H/GA/01/data_output_GA_with_margins_statewide_eevp.csv --output /home/ubuntu/apps/election-app/win_prob/H/GA/01/statewide_margin_pct_vs_percent_GA_2026.png --state GA --start 2024-11-05T15-30-22 --end 2024-11-05T15-30-22 --stats /home/ubuntu/apps/election-app/win_prob/H/GA/01/stats.csv --stats2 /home/ubuntu/apps/election-app/win_prob/H/GA/01/stats2.csv --interval 30 --year 2026 --jsonl /home/ubuntu/apps/election-app/win_prob/H/GA/01/plotdata_GA_2026_2026-01-22T22-41-26.jsonl
[info] evaluating 1 timestamps from 2024-11-05T15-30-22 to 2024-11-05T15-30-22 every 30 minutes
[saved] probs_timeseries_GA.csv  (1 points)
[saved] /home/ubuntu/apps/election-app/win_prob/H/GA/01/plotdata_GA_2026_2026-01-22T22-41-26.jsonl  (4 points)
[saved] /home/ubuntu/apps/election-app/win_prob/H/GA/01/statewide_margin_pct_vs_percent_GA_2026_box.json
[saved] /home/ubuntu/apps/election-app/win_prob/H/GA/01/statewide_margin_pct_vs_percent_GA_2026_box.png
[saved] /home/ubuntu/apps/election-app/win_prob/H/GA/01/statewide_margin_pct_vs_percent_GA_2026.png

All 50 states complete. See: /home/ubuntu/apps/election-app/win_prob/H/GA/01

$ /home/ubuntu/.venv/bin/python3 /home/ubuntu/apps/election-app/stats/8.py --root /home/ubuntu/apps/election-app/win_prob/H/GA/01/_work --outdir /home/ubuntu/apps/election-app/win_prob/H/GA/01
[info] root  = /home/ubuntu/apps/election-app/win_prob/H/GA/01/_work
[info] outdir= /home/ubuntu/apps/election-app/win_prob/H/GA/01
[deleted] /home/ubuntu/apps/election-app/win_prob/H/GA/01/_work/stats_with_statewide.csv
[deleted] /home/ubuntu/apps/election-app/win_prob/H/GA/01/_work/stats2_final_headers.csv
[deleted] /home/ubuntu/apps/election-app/win_prob/H/GA/01/_work/2024_county_results_with_final-old.csv
[deleted] /home/ubuntu/apps/election-app/win_prob/H/GA/01/_work/2024_county_results_with_final.csv
[deleted] /home/ubuntu/apps/election-app/win_prob/H/GA/01/_work/2024_county_results_with_final_1.csv
[deleted] /home/ubuntu/apps/election-app/win_prob/H/GA/01/_work/2024_county_results_with_calcs-old.csv
[deleted] /home/ubuntu/apps/election-app/win_prob/H/GA/01/_work/2024_county_results_with_calcs_new.csv
[deleted] /home/ubuntu/apps/election-app/win_prob/H/GA/01/_work/output_statewide_stats.csv
[skip]    /home/ubuntu/apps/election-app/win_prob/H/GA/01/_work/probs_timeseries_PA.csv
[deleted] /home/ubuntu/apps/election-app/win_prob/H/GA/01/_work/2024_county_results_with_calcs.csv
[skip]    /home/ubuntu/apps/election-app/win_prob/H/GA/01/data_output.csv
[skip]    /home/ubuntu/apps/election-app/win_prob/H/GA/01/data_output_with_margins_old.csv
[skip]    /home/ubuntu/apps/election-app/win_prob/H/GA/01/data_output_with_margins.csv
[skip]    /home/ubuntu/apps/election-app/win_prob/H/GA/01/data_output_with_margins-statewide.csv
[deleted] /home/ubuntu/apps/election-app/win_prob/H/GA/01/snapshots_GA.csv
[deleted] /home/ubuntu/apps/election-app/win_prob/H/GA/01/data_output_GA_with_margins.csv
[deleted] /home/ubuntu/apps/election-app/win_prob/H/GA/01/data_output_GA_with_margins_statewide_eevp.csv
[deleted] /home/ubuntu/apps/election-app/win_prob/H/GA/01/data_output_GA.csv
[deleted] /home/ubuntu/apps/election-app/win_prob/H/GA/01/data_output_GA.csv.checkpoint.json
[deleted] /home/ubuntu/apps/election-app/win_prob/H/GA/01/stats.csv
[deleted] /home/ubuntu/apps/election-app/win_prob/H/GA/01/stats2.csv
[done] removed 16 file(s)
[2026-01-22 22:48:29] INFO: [PIPELINE] args: office=H state=GA district=01
[2026-01-22 22:48:29] INFO: [PIPELINE] WINPROB_DIR resolved to: /home/ubuntu/apps/election-app/win_prob/H/GA/01
[2026-01-22 22:48:29] INFO: [PIPELINE] OUTDIR set to: /home/ubuntu/apps/election-app/win_prob/H/GA/01

$ /home/ubuntu/.venv/bin/python3 /home/ubuntu/apps/election-app/stats/1-statewide.py --input /home/ubuntu/apps/election-app/win_prob/H/GA/01/stats.csv --output /home/ubuntu/apps/election-app/win_prob/H/GA/01/_work/stats_with_statewide.csv
Wrote /home/ubuntu/apps/election-app/win_prob/H/GA/01/_work/stats_with_statewide.csv (rows=15)

$ /home/ubuntu/.venv/bin/python3 /home/ubuntu/apps/election-app/stats/1-stats-2.py --input /home/ubuntu/apps/election-app/win_prob/H/GA/01/stats2.csv --output /home/ubuntu/apps/election-app/win_prob/H/GA/01/_work/stats2_final_headers.csv
Wrote /home/ubuntu/apps/election-app/win_prob/H/GA/01/_work/stats2_final_headers.csv (rows=15)

$ /home/ubuntu/.venv/bin/python3 /home/ubuntu/apps/election-app/stats/1-append-new.py
Wrote 2024_county_results_with_final-old.csv (rows=15, missing_final_matches=0)

$ /home/ubuntu/.venv/bin/python3 /home/ubuntu/apps/election-app/stats/1-change_header.py
Wrote: 2024_county_results_with_final.csv

$ /home/ubuntu/.venv/bin/python3 /home/ubuntu/apps/election-app/stats/1-cut-zero-fips.py
Wrote: 2024_county_results_with_final_1.csv
Rows before: 15
Rows after:  15
Dropped (fips == 0): 0

$ /home/ubuntu/.venv/bin/python3 /home/ubuntu/apps/election-app/stats/2-calc.py
Wrote 15 rows with calculations to /home/ubuntu/apps/election-app/win_prob/H/GA/01/_work/2024_county_results_with_calcs-old.csv

$ /home/ubuntu/.venv/bin/python3 /home/ubuntu/apps/election-app/stats/2-eevp.py
Wrote (no-op copy): 2024_county_results_with_calcs.csv
Columns:
 - timestamp
 - state
 - county
 - fips
 - trump_votes
 - harris_votes
 - other_votes
 - eevp
 - state_eevp
 - harris_votes_statewide
 - trump_votes_statewide
 - other_votes_statewide
 - final_state
 - final_county
 - final_fips
 - final_trump_votes
 - final_harris_votes
 - final_other_votes
 - harris_percent_snapshot
 - trump_percent_snapshot
 - margin_snapshot
 - harris_percent_final
 - trump_percent_final
 - margin_final
 - margin_difference
 - margin_difference_abs

$ /home/ubuntu/.venv/bin/python3 /home/ubuntu/apps/election-app/stats/3-calc-new.py
Wrote 15 rows with new columns to /home/ubuntu/apps/election-app/win_prob/H/GA/01/_work/2024_county_results_with_calcs_new.csv

$ /home/ubuntu/.venv/bin/python3 /home/ubuntu/apps/election-app/stats/4-stats.py
Reading 2024_county_results_with_calcs_new.csv...
Aggregating statewide totals...
Calculating percentages and margins...
Writing to output_statewide_stats.csv...
Done!
[2026-01-22 22:48:39] INFO: [PIPELINE] ENTER win-prob generation | states=['GA'] ts_list=['2024-11-05T15-30-22']

============================================================================
[01/1] STATE = GA
============================================================================

$ /home/ubuntu/.venv/bin/python3 /home/ubuntu/apps/election-app/stats/5-snapshots.py --state GA --input /home/ubuntu/apps/election-app/win_prob/H/GA/01/_work/output_statewide_stats.csv --output /home/ubuntu/apps/election-app/win_prob/H/GA/01/snapshots_GA.csv --start 2024-11-05T15-30-22 --end 2024-11-05T15-30-22 --use-window 1 --interval 30
Mode: windowed-one-state
Rows written: 15
Distinct states in output: GA
Rows per normalized timestamp (empty = unparseable):
  2024-11-05T15-30-22: 15
Wrote /home/ubuntu/apps/election-app/win_prob/H/GA/01/snapshots_GA.csv

$ /home/ubuntu/.venv/bin/python3 /home/ubuntu/apps/election-app/stats/6-pval.py /home/ubuntu/apps/election-app/win_prob/H/GA/01/snapshots_GA.csv -t /home/ubuntu/apps/election-app/stats/parameters.csv -o /home/ubuntu/apps/election-app/win_prob/H/GA/01/data_output_GA.csv -c 50
Done. Wrote: /home/ubuntu/apps/election-app/win_prob/H/GA/01/data_output_GA.csv
Total rows: 15 (chunked, resumable).
Computed columns for PVALS = [0.01, 0.1, 1, 2, 3, 5, 10, 15, 20, 25, 30, 35, 40, 45, 50, 55, 60, 65, 70, 75, 80, 85, 90, 95, 97, 98, 99, 99.9, 99.99]
Per p (leader): shift_{p}, margin_new_{p}, harris_percent_new_{p}, trump_percent_new_{p}, total_snapshot_{p}, total_expected_{p}, harris_votes_new_{p}, trump_votes_new_{p}
Per p (trailing): shift_trailing_{p}, margin_new_{p}_trailing, harris_percent_new_{p}_trailing, trump_percent_new_{p}_trailing, total_snapshot_{p}_trailing, total_expected_{p}_trailing, harris_votes_new_{p}_trailing, trump_votes_new_{p}_trailing
Checkpoint saved at: /home/ubuntu/apps/election-app/win_prob/H/GA/01/data_output_GA.csv.checkpoint.json

$ /home/ubuntu/.venv/bin/python3 /home/ubuntu/apps/election-app/stats/7-margin-new.py
Wrote data_output_with_margins_old.csv

$ /home/ubuntu/.venv/bin/python3 /home/ubuntu/apps/election-app/stats/7-eevp-statewide.py
Wrote data_output_with_margins.csv (copied from data_output_with_margins_old.csv)

$ /home/ubuntu/.venv/bin/python3 /home/ubuntu/apps/election-app/stats/7.py --input /home/ubuntu/apps/election-app/win_prob/H/GA/01/data_output_GA_with_margins_statewide_eevp.csv --output /home/ubuntu/apps/election-app/win_prob/H/GA/01/statewide_margin_pct_vs_percent_GA_2026.png --state GA --start 2024-11-05T15-30-22 --end 2024-11-05T15-30-22 --stats /home/ubuntu/apps/election-app/win_prob/H/GA/01/stats.csv --stats2 /home/ubuntu/apps/election-app/win_prob/H/GA/01/stats2.csv --interval 30 --year 2026 --jsonl /home/ubuntu/apps/election-app/win_prob/H/GA/01/plotdata_GA_2026_2026-01-22T22-48-29.jsonl
[info] evaluating 1 timestamps from 2024-11-05T15-30-22 to 2024-11-05T15-30-22 every 30 minutes
[saved] probs_timeseries_GA.csv  (1 points)
[saved] /home/ubuntu/apps/election-app/win_prob/H/GA/01/plotdata_GA_2026_2026-01-22T22-48-29.jsonl  (4 points)
[saved] /home/ubuntu/apps/election-app/win_prob/H/GA/01/statewide_margin_pct_vs_percent_GA_2026_box.json
[saved] /home/ubuntu/apps/election-app/win_prob/H/GA/01/statewide_margin_pct_vs_percent_GA_2026_box.png
[saved] /home/ubuntu/apps/election-app/win_prob/H/GA/01/statewide_margin_pct_vs_percent_GA_2026.png

All 50 states complete. See: /home/ubuntu/apps/election-app/win_prob/H/GA/01

$ /home/ubuntu/.venv/bin/python3 /home/ubuntu/apps/election-app/stats/8.py --root /home/ubuntu/apps/election-app/win_prob/H/GA/01/_work --outdir /home/ubuntu/apps/election-app/win_prob/H/GA/01
[info] root  = /home/ubuntu/apps/election-app/win_prob/H/GA/01/_work
[info] outdir= /home/ubuntu/apps/election-app/win_prob/H/GA/01
[deleted] /home/ubuntu/apps/election-app/win_prob/H/GA/01/_work/stats_with_statewide.csv
[deleted] /home/ubuntu/apps/election-app/win_prob/H/GA/01/_work/stats2_final_headers.csv
[deleted] /home/ubuntu/apps/election-app/win_prob/H/GA/01/_work/2024_county_results_with_final-old.csv
[deleted] /home/ubuntu/apps/election-app/win_prob/H/GA/01/_work/2024_county_results_with_final.csv
[deleted] /home/ubuntu/apps/election-app/win_prob/H/GA/01/_work/2024_county_results_with_final_1.csv
[deleted] /home/ubuntu/apps/election-app/win_prob/H/GA/01/_work/2024_county_results_with_calcs-old.csv
[deleted] /home/ubuntu/apps/election-app/win_prob/H/GA/01/_work/2024_county_results_with_calcs_new.csv
[deleted] /home/ubuntu/apps/election-app/win_prob/H/GA/01/_work/output_statewide_stats.csv
[skip]    /home/ubuntu/apps/election-app/win_prob/H/GA/01/_work/probs_timeseries_PA.csv
[deleted] /home/ubuntu/apps/election-app/win_prob/H/GA/01/_work/2024_county_results_with_calcs.csv
[skip]    /home/ubuntu/apps/election-app/win_prob/H/GA/01/data_output.csv
[skip]    /home/ubuntu/apps/election-app/win_prob/H/GA/01/data_output_with_margins_old.csv
[skip]    /home/ubuntu/apps/election-app/win_prob/H/GA/01/data_output_with_margins.csv
[skip]    /home/ubuntu/apps/election-app/win_prob/H/GA/01/data_output_with_margins-statewide.csv
[deleted] /home/ubuntu/apps/election-app/win_prob/H/GA/01/snapshots_GA.csv
[deleted] /home/ubuntu/apps/election-app/win_prob/H/GA/01/data_output_GA_with_margins.csv
[deleted] /home/ubuntu/apps/election-app/win_prob/H/GA/01/data_output_GA_with_margins_statewide_eevp.csv
[deleted] /home/ubuntu/apps/election-app/win_prob/H/GA/01/data_output_GA.csv
[deleted] /home/ubuntu/apps/election-app/win_prob/H/GA/01/data_output_GA.csv.checkpoint.json
[deleted] /home/ubuntu/apps/election-app/win_prob/H/GA/01/stats.csv
[deleted] /home/ubuntu/apps/election-app/win_prob/H/GA/01/stats2.csv
[done] removed 16 file(s)
[2026-01-22 22:55:32] INFO: [PIPELINE] args: office=H state=GA district=01
[2026-01-22 22:55:32] INFO: [PIPELINE] WINPROB_DIR resolved to: /home/ubuntu/apps/election-app/win_prob/H/GA/01
[2026-01-22 22:55:32] INFO: [PIPELINE] OUTDIR set to: /home/ubuntu/apps/election-app/win_prob/H/GA/01

$ /home/ubuntu/.venv/bin/python3 /home/ubuntu/apps/election-app/stats/1-statewide.py --input /home/ubuntu/apps/election-app/win_prob/H/GA/01/stats.csv --output /home/ubuntu/apps/election-app/win_prob/H/GA/01/_work/stats_with_statewide.csv
Wrote /home/ubuntu/apps/election-app/win_prob/H/GA/01/_work/stats_with_statewide.csv (rows=15)

$ /home/ubuntu/.venv/bin/python3 /home/ubuntu/apps/election-app/stats/1-stats-2.py --input /home/ubuntu/apps/election-app/win_prob/H/GA/01/stats2.csv --output /home/ubuntu/apps/election-app/win_prob/H/GA/01/_work/stats2_final_headers.csv
Wrote /home/ubuntu/apps/election-app/win_prob/H/GA/01/_work/stats2_final_headers.csv (rows=15)

$ /home/ubuntu/.venv/bin/python3 /home/ubuntu/apps/election-app/stats/1-append-new.py
Wrote 2024_county_results_with_final-old.csv (rows=15, missing_final_matches=0)

$ /home/ubuntu/.venv/bin/python3 /home/ubuntu/apps/election-app/stats/1-change_header.py
Wrote: 2024_county_results_with_final.csv

$ /home/ubuntu/.venv/bin/python3 /home/ubuntu/apps/election-app/stats/1-cut-zero-fips.py
Wrote: 2024_county_results_with_final_1.csv
Rows before: 15
Rows after:  15
Dropped (fips == 0): 0

$ /home/ubuntu/.venv/bin/python3 /home/ubuntu/apps/election-app/stats/2-calc.py
Wrote 15 rows with calculations to /home/ubuntu/apps/election-app/win_prob/H/GA/01/_work/2024_county_results_with_calcs-old.csv

$ /home/ubuntu/.venv/bin/python3 /home/ubuntu/apps/election-app/stats/2-eevp.py
Wrote (no-op copy): 2024_county_results_with_calcs.csv
Columns:
 - timestamp
 - state
 - county
 - fips
 - trump_votes
 - harris_votes
 - other_votes
 - eevp
 - state_eevp
 - harris_votes_statewide
 - trump_votes_statewide
 - other_votes_statewide
 - final_state
 - final_county
 - final_fips
 - final_trump_votes
 - final_harris_votes
 - final_other_votes
 - harris_percent_snapshot
 - trump_percent_snapshot
 - margin_snapshot
 - harris_percent_final
 - trump_percent_final
 - margin_final
 - margin_difference
 - margin_difference_abs

$ /home/ubuntu/.venv/bin/python3 /home/ubuntu/apps/election-app/stats/3-calc-new.py
Wrote 15 rows with new columns to /home/ubuntu/apps/election-app/win_prob/H/GA/01/_work/2024_county_results_with_calcs_new.csv

$ /home/ubuntu/.venv/bin/python3 /home/ubuntu/apps/election-app/stats/4-stats.py
Reading 2024_county_results_with_calcs_new.csv...
Aggregating statewide totals...
Calculating percentages and margins...
Writing to output_statewide_stats.csv...
Done!
[2026-01-22 22:55:42] INFO: [PIPELINE] ENTER win-prob generation | states=['GA'] ts_list=['2024-11-05T15-30-22']

============================================================================
[01/1] STATE = GA
============================================================================

$ /home/ubuntu/.venv/bin/python3 /home/ubuntu/apps/election-app/stats/5-snapshots.py --state GA --input /home/ubuntu/apps/election-app/win_prob/H/GA/01/_work/output_statewide_stats.csv --output /home/ubuntu/apps/election-app/win_prob/H/GA/01/snapshots_GA.csv --start 2024-11-05T15-30-22 --end 2024-11-05T15-30-22 --use-window 1 --interval 30
Mode: windowed-one-state
Rows written: 15
Distinct states in output: GA
Rows per normalized timestamp (empty = unparseable):
  2024-11-05T15-30-22: 15
Wrote /home/ubuntu/apps/election-app/win_prob/H/GA/01/snapshots_GA.csv

$ /home/ubuntu/.venv/bin/python3 /home/ubuntu/apps/election-app/stats/6-pval.py /home/ubuntu/apps/election-app/win_prob/H/GA/01/snapshots_GA.csv -t /home/ubuntu/apps/election-app/stats/parameters.csv -o /home/ubuntu/apps/election-app/win_prob/H/GA/01/data_output_GA.csv -c 50
Done. Wrote: /home/ubuntu/apps/election-app/win_prob/H/GA/01/data_output_GA.csv
Total rows: 15 (chunked, resumable).
Computed columns for PVALS = [0.01, 0.1, 1, 2, 3, 5, 10, 15, 20, 25, 30, 35, 40, 45, 50, 55, 60, 65, 70, 75, 80, 85, 90, 95, 97, 98, 99, 99.9, 99.99]
Per p (leader): shift_{p}, margin_new_{p}, harris_percent_new_{p}, trump_percent_new_{p}, total_snapshot_{p}, total_expected_{p}, harris_votes_new_{p}, trump_votes_new_{p}
Per p (trailing): shift_trailing_{p}, margin_new_{p}_trailing, harris_percent_new_{p}_trailing, trump_percent_new_{p}_trailing, total_snapshot_{p}_trailing, total_expected_{p}_trailing, harris_votes_new_{p}_trailing, trump_votes_new_{p}_trailing
Checkpoint saved at: /home/ubuntu/apps/election-app/win_prob/H/GA/01/data_output_GA.csv.checkpoint.json

$ /home/ubuntu/.venv/bin/python3 /home/ubuntu/apps/election-app/stats/7-margin-new.py
Wrote data_output_with_margins_old.csv

$ /home/ubuntu/.venv/bin/python3 /home/ubuntu/apps/election-app/stats/7-eevp-statewide.py
Wrote data_output_with_margins.csv (copied from data_output_with_margins_old.csv)

$ /home/ubuntu/.venv/bin/python3 /home/ubuntu/apps/election-app/stats/7.py --input /home/ubuntu/apps/election-app/win_prob/H/GA/01/data_output_GA_with_margins_statewide_eevp.csv --output /home/ubuntu/apps/election-app/win_prob/H/GA/01/statewide_margin_pct_vs_percent_GA_2026.png --state GA --start 2024-11-05T15-30-22 --end 2024-11-05T15-30-22 --stats /home/ubuntu/apps/election-app/win_prob/H/GA/01/stats.csv --stats2 /home/ubuntu/apps/election-app/win_prob/H/GA/01/stats2.csv --interval 30 --year 2026 --jsonl /home/ubuntu/apps/election-app/win_prob/H/GA/01/plotdata_GA_2026_2026-01-22T22-55-32.jsonl
[info] evaluating 1 timestamps from 2024-11-05T15-30-22 to 2024-11-05T15-30-22 every 30 minutes
[saved] probs_timeseries_GA.csv  (1 points)
[saved] /home/ubuntu/apps/election-app/win_prob/H/GA/01/plotdata_GA_2026_2026-01-22T22-55-32.jsonl  (4 points)
[saved] /home/ubuntu/apps/election-app/win_prob/H/GA/01/statewide_margin_pct_vs_percent_GA_2026_box.json
[saved] /home/ubuntu/apps/election-app/win_prob/H/GA/01/statewide_margin_pct_vs_percent_GA_2026_box.png
[saved] /home/ubuntu/apps/election-app/win_prob/H/GA/01/statewide_margin_pct_vs_percent_GA_2026.png

All 50 states complete. See: /home/ubuntu/apps/election-app/win_prob/H/GA/01

$ /home/ubuntu/.venv/bin/python3 /home/ubuntu/apps/election-app/stats/8.py --root /home/ubuntu/apps/election-app/win_prob/H/GA/01/_work --outdir /home/ubuntu/apps/election-app/win_prob/H/GA/01
[info] root  = /home/ubuntu/apps/election-app/win_prob/H/GA/01/_work
[info] outdir= /home/ubuntu/apps/election-app/win_prob/H/GA/01
[deleted] /home/ubuntu/apps/election-app/win_prob/H/GA/01/_work/stats_with_statewide.csv
[deleted] /home/ubuntu/apps/election-app/win_prob/H/GA/01/_work/stats2_final_headers.csv
[deleted] /home/ubuntu/apps/election-app/win_prob/H/GA/01/_work/2024_county_results_with_final-old.csv
[deleted] /home/ubuntu/apps/election-app/win_prob/H/GA/01/_work/2024_county_results_with_final.csv
[deleted] /home/ubuntu/apps/election-app/win_prob/H/GA/01/_work/2024_county_results_with_final_1.csv
[deleted] /home/ubuntu/apps/election-app/win_prob/H/GA/01/_work/2024_county_results_with_calcs-old.csv
[deleted] /home/ubuntu/apps/election-app/win_prob/H/GA/01/_work/2024_county_results_with_calcs_new.csv
[deleted] /home/ubuntu/apps/election-app/win_prob/H/GA/01/_work/output_statewide_stats.csv
[skip]    /home/ubuntu/apps/election-app/win_prob/H/GA/01/_work/probs_timeseries_PA.csv
[deleted] /home/ubuntu/apps/election-app/win_prob/H/GA/01/_work/2024_county_results_with_calcs.csv
[skip]    /home/ubuntu/apps/election-app/win_prob/H/GA/01/data_output.csv
[skip]    /home/ubuntu/apps/election-app/win_prob/H/GA/01/data_output_with_margins_old.csv
[skip]    /home/ubuntu/apps/election-app/win_prob/H/GA/01/data_output_with_margins.csv
[skip]    /home/ubuntu/apps/election-app/win_prob/H/GA/01/data_output_with_margins-statewide.csv
[deleted] /home/ubuntu/apps/election-app/win_prob/H/GA/01/snapshots_GA.csv
[deleted] /home/ubuntu/apps/election-app/win_prob/H/GA/01/data_output_GA_with_margins.csv
[deleted] /home/ubuntu/apps/election-app/win_prob/H/GA/01/data_output_GA_with_margins_statewide_eevp.csv
[deleted] /home/ubuntu/apps/election-app/win_prob/H/GA/01/data_output_GA.csv
[deleted] /home/ubuntu/apps/election-app/win_prob/H/GA/01/data_output_GA.csv.checkpoint.json
[deleted] /home/ubuntu/apps/election-app/win_prob/H/GA/01/stats.csv
[deleted] /home/ubuntu/apps/election-app/win_prob/H/GA/01/stats2.csv
[done] removed 16 file(s)
[2026-01-22 23:02:35] INFO: [PIPELINE] args: office=H state=GA district=01
[2026-01-22 23:02:35] INFO: [PIPELINE] WINPROB_DIR resolved to: /home/ubuntu/apps/election-app/win_prob/H/GA/01
[2026-01-22 23:02:35] INFO: [PIPELINE] OUTDIR set to: /home/ubuntu/apps/election-app/win_prob/H/GA/01

$ /home/ubuntu/.venv/bin/python3 /home/ubuntu/apps/election-app/stats/1-statewide.py --input /home/ubuntu/apps/election-app/win_prob/H/GA/01/stats.csv --output /home/ubuntu/apps/election-app/win_prob/H/GA/01/_work/stats_with_statewide.csv
Wrote /home/ubuntu/apps/election-app/win_prob/H/GA/01/_work/stats_with_statewide.csv (rows=15)

$ /home/ubuntu/.venv/bin/python3 /home/ubuntu/apps/election-app/stats/1-stats-2.py --input /home/ubuntu/apps/election-app/win_prob/H/GA/01/stats2.csv --output /home/ubuntu/apps/election-app/win_prob/H/GA/01/_work/stats2_final_headers.csv
Wrote /home/ubuntu/apps/election-app/win_prob/H/GA/01/_work/stats2_final_headers.csv (rows=15)

$ /home/ubuntu/.venv/bin/python3 /home/ubuntu/apps/election-app/stats/1-append-new.py
Wrote 2024_county_results_with_final-old.csv (rows=15, missing_final_matches=0)

$ /home/ubuntu/.venv/bin/python3 /home/ubuntu/apps/election-app/stats/1-change_header.py
Wrote: 2024_county_results_with_final.csv

$ /home/ubuntu/.venv/bin/python3 /home/ubuntu/apps/election-app/stats/1-cut-zero-fips.py
Wrote: 2024_county_results_with_final_1.csv
Rows before: 15
Rows after:  15
Dropped (fips == 0): 0

$ /home/ubuntu/.venv/bin/python3 /home/ubuntu/apps/election-app/stats/2-calc.py
Wrote 15 rows with calculations to /home/ubuntu/apps/election-app/win_prob/H/GA/01/_work/2024_county_results_with_calcs-old.csv

$ /home/ubuntu/.venv/bin/python3 /home/ubuntu/apps/election-app/stats/2-eevp.py
Wrote (no-op copy): 2024_county_results_with_calcs.csv
Columns:
 - timestamp
 - state
 - county
 - fips
 - trump_votes
 - harris_votes
 - other_votes
 - eevp
 - state_eevp
 - harris_votes_statewide
 - trump_votes_statewide
 - other_votes_statewide
 - final_state
 - final_county
 - final_fips
 - final_trump_votes
 - final_harris_votes
 - final_other_votes
 - harris_percent_snapshot
 - trump_percent_snapshot
 - margin_snapshot
 - harris_percent_final
 - trump_percent_final
 - margin_final
 - margin_difference
 - margin_difference_abs

$ /home/ubuntu/.venv/bin/python3 /home/ubuntu/apps/election-app/stats/3-calc-new.py
Wrote 15 rows with new columns to /home/ubuntu/apps/election-app/win_prob/H/GA/01/_work/2024_county_results_with_calcs_new.csv

$ /home/ubuntu/.venv/bin/python3 /home/ubuntu/apps/election-app/stats/4-stats.py
Reading 2024_county_results_with_calcs_new.csv...
Aggregating statewide totals...
Calculating percentages and margins...
Writing to output_statewide_stats.csv...
Done!
[2026-01-22 23:02:45] INFO: [PIPELINE] ENTER win-prob generation | states=['GA'] ts_list=['2024-11-05T15-30-22']

============================================================================
[01/1] STATE = GA
============================================================================

$ /home/ubuntu/.venv/bin/python3 /home/ubuntu/apps/election-app/stats/5-snapshots.py --state GA --input /home/ubuntu/apps/election-app/win_prob/H/GA/01/_work/output_statewide_stats.csv --output /home/ubuntu/apps/election-app/win_prob/H/GA/01/snapshots_GA.csv --start 2024-11-05T15-30-22 --end 2024-11-05T15-30-22 --use-window 1 --interval 30
Mode: windowed-one-state
Rows written: 15
Distinct states in output: GA
Rows per normalized timestamp (empty = unparseable):
  2024-11-05T15-30-22: 15
Wrote /home/ubuntu/apps/election-app/win_prob/H/GA/01/snapshots_GA.csv

$ /home/ubuntu/.venv/bin/python3 /home/ubuntu/apps/election-app/stats/6-pval.py /home/ubuntu/apps/election-app/win_prob/H/GA/01/snapshots_GA.csv -t /home/ubuntu/apps/election-app/stats/parameters.csv -o /home/ubuntu/apps/election-app/win_prob/H/GA/01/data_output_GA.csv -c 50
Done. Wrote: /home/ubuntu/apps/election-app/win_prob/H/GA/01/data_output_GA.csv
Total rows: 15 (chunked, resumable).
Computed columns for PVALS = [0.01, 0.1, 1, 2, 3, 5, 10, 15, 20, 25, 30, 35, 40, 45, 50, 55, 60, 65, 70, 75, 80, 85, 90, 95, 97, 98, 99, 99.9, 99.99]
Per p (leader): shift_{p}, margin_new_{p}, harris_percent_new_{p}, trump_percent_new_{p}, total_snapshot_{p}, total_expected_{p}, harris_votes_new_{p}, trump_votes_new_{p}
Per p (trailing): shift_trailing_{p}, margin_new_{p}_trailing, harris_percent_new_{p}_trailing, trump_percent_new_{p}_trailing, total_snapshot_{p}_trailing, total_expected_{p}_trailing, harris_votes_new_{p}_trailing, trump_votes_new_{p}_trailing
Checkpoint saved at: /home/ubuntu/apps/election-app/win_prob/H/GA/01/data_output_GA.csv.checkpoint.json

$ /home/ubuntu/.venv/bin/python3 /home/ubuntu/apps/election-app/stats/7-margin-new.py
Wrote data_output_with_margins_old.csv

$ /home/ubuntu/.venv/bin/python3 /home/ubuntu/apps/election-app/stats/7-eevp-statewide.py
Wrote data_output_with_margins.csv (copied from data_output_with_margins_old.csv)

$ /home/ubuntu/.venv/bin/python3 /home/ubuntu/apps/election-app/stats/7.py --input /home/ubuntu/apps/election-app/win_prob/H/GA/01/data_output_GA_with_margins_statewide_eevp.csv --output /home/ubuntu/apps/election-app/win_prob/H/GA/01/statewide_margin_pct_vs_percent_GA_2026.png --state GA --start 2024-11-05T15-30-22 --end 2024-11-05T15-30-22 --stats /home/ubuntu/apps/election-app/win_prob/H/GA/01/stats.csv --stats2 /home/ubuntu/apps/election-app/win_prob/H/GA/01/stats2.csv --interval 30 --year 2026 --jsonl /home/ubuntu/apps/election-app/win_prob/H/GA/01/plotdata_GA_2026_2026-01-22T23-02-35.jsonl
[info] evaluating 1 timestamps from 2024-11-05T15-30-22 to 2024-11-05T15-30-22 every 30 minutes
[saved] probs_timeseries_GA.csv  (1 points)
[saved] /home/ubuntu/apps/election-app/win_prob/H/GA/01/plotdata_GA_2026_2026-01-22T23-02-35.jsonl  (4 points)
[saved] /home/ubuntu/apps/election-app/win_prob/H/GA/01/statewide_margin_pct_vs_percent_GA_2026_box.json
[saved] /home/ubuntu/apps/election-app/win_prob/H/GA/01/statewide_margin_pct_vs_percent_GA_2026_box.png
[saved] /home/ubuntu/apps/election-app/win_prob/H/GA/01/statewide_margin_pct_vs_percent_GA_2026.png

All 50 states complete. See: /home/ubuntu/apps/election-app/win_prob/H/GA/01

$ /home/ubuntu/.venv/bin/python3 /home/ubuntu/apps/election-app/stats/8.py --root /home/ubuntu/apps/election-app/win_prob/H/GA/01/_work --outdir /home/ubuntu/apps/election-app/win_prob/H/GA/01
[info] root  = /home/ubuntu/apps/election-app/win_prob/H/GA/01/_work
[info] outdir= /home/ubuntu/apps/election-app/win_prob/H/GA/01
[deleted] /home/ubuntu/apps/election-app/win_prob/H/GA/01/_work/stats_with_statewide.csv
[deleted] /home/ubuntu/apps/election-app/win_prob/H/GA/01/_work/stats2_final_headers.csv
[deleted] /home/ubuntu/apps/election-app/win_prob/H/GA/01/_work/2024_county_results_with_final-old.csv
[deleted] /home/ubuntu/apps/election-app/win_prob/H/GA/01/_work/2024_county_results_with_final.csv
[deleted] /home/ubuntu/apps/election-app/win_prob/H/GA/01/_work/2024_county_results_with_final_1.csv
[deleted] /home/ubuntu/apps/election-app/win_prob/H/GA/01/_work/2024_county_results_with_calcs-old.csv
[deleted] /home/ubuntu/apps/election-app/win_prob/H/GA/01/_work/2024_county_results_with_calcs_new.csv
[deleted] /home/ubuntu/apps/election-app/win_prob/H/GA/01/_work/output_statewide_stats.csv
[skip]    /home/ubuntu/apps/election-app/win_prob/H/GA/01/_work/probs_timeseries_PA.csv
[deleted] /home/ubuntu/apps/election-app/win_prob/H/GA/01/_work/2024_county_results_with_calcs.csv
[skip]    /home/ubuntu/apps/election-app/win_prob/H/GA/01/data_output.csv
[skip]    /home/ubuntu/apps/election-app/win_prob/H/GA/01/data_output_with_margins_old.csv
[skip]    /home/ubuntu/apps/election-app/win_prob/H/GA/01/data_output_with_margins.csv
[skip]    /home/ubuntu/apps/election-app/win_prob/H/GA/01/data_output_with_margins-statewide.csv
[deleted] /home/ubuntu/apps/election-app/win_prob/H/GA/01/snapshots_GA.csv
[deleted] /home/ubuntu/apps/election-app/win_prob/H/GA/01/data_output_GA_with_margins.csv
[deleted] /home/ubuntu/apps/election-app/win_prob/H/GA/01/data_output_GA_with_margins_statewide_eevp.csv
[deleted] /home/ubuntu/apps/election-app/win_prob/H/GA/01/data_output_GA.csv
[deleted] /home/ubuntu/apps/election-app/win_prob/H/GA/01/data_output_GA.csv.checkpoint.json
[deleted] /home/ubuntu/apps/election-app/win_prob/H/GA/01/stats.csv
[deleted] /home/ubuntu/apps/election-app/win_prob/H/GA/01/stats2.csv
[done] removed 16 file(s)
[2026-01-22 23:09:18] INFO: [PIPELINE] args: office=H state=GA district=01
[2026-01-22 23:09:18] INFO: [PIPELINE] WINPROB_DIR resolved to: /home/ubuntu/apps/election-app/win_prob/H/GA/01
[2026-01-22 23:09:18] INFO: [PIPELINE] OUTDIR set to: /home/ubuntu/apps/election-app/win_prob/H/GA/01

$ /home/ubuntu/.venv/bin/python3 /home/ubuntu/apps/election-app/stats/1-statewide.py --input /home/ubuntu/apps/election-app/win_prob/H/GA/01/stats.csv --output /home/ubuntu/apps/election-app/win_prob/H/GA/01/_work/stats_with_statewide.csv
Wrote /home/ubuntu/apps/election-app/win_prob/H/GA/01/_work/stats_with_statewide.csv (rows=15)

$ /home/ubuntu/.venv/bin/python3 /home/ubuntu/apps/election-app/stats/1-stats-2.py --input /home/ubuntu/apps/election-app/win_prob/H/GA/01/stats2.csv --output /home/ubuntu/apps/election-app/win_prob/H/GA/01/_work/stats2_final_headers.csv
Wrote /home/ubuntu/apps/election-app/win_prob/H/GA/01/_work/stats2_final_headers.csv (rows=15)

$ /home/ubuntu/.venv/bin/python3 /home/ubuntu/apps/election-app/stats/1-append-new.py
Wrote 2024_county_results_with_final-old.csv (rows=15, missing_final_matches=0)

$ /home/ubuntu/.venv/bin/python3 /home/ubuntu/apps/election-app/stats/1-change_header.py
Wrote: 2024_county_results_with_final.csv

$ /home/ubuntu/.venv/bin/python3 /home/ubuntu/apps/election-app/stats/1-cut-zero-fips.py
Wrote: 2024_county_results_with_final_1.csv
Rows before: 15
Rows after:  15
Dropped (fips == 0): 0

$ /home/ubuntu/.venv/bin/python3 /home/ubuntu/apps/election-app/stats/2-calc.py
Wrote 15 rows with calculations to /home/ubuntu/apps/election-app/win_prob/H/GA/01/_work/2024_county_results_with_calcs-old.csv

$ /home/ubuntu/.venv/bin/python3 /home/ubuntu/apps/election-app/stats/2-eevp.py
Wrote (no-op copy): 2024_county_results_with_calcs.csv
Columns:
 - timestamp
 - state
 - county
 - fips
 - trump_votes
 - harris_votes
 - other_votes
 - eevp
 - state_eevp
 - harris_votes_statewide
 - trump_votes_statewide
 - other_votes_statewide
 - final_state
 - final_county
 - final_fips
 - final_trump_votes
 - final_harris_votes
 - final_other_votes
 - harris_percent_snapshot
 - trump_percent_snapshot
 - margin_snapshot
 - harris_percent_final
 - trump_percent_final
 - margin_final
 - margin_difference
 - margin_difference_abs

$ /home/ubuntu/.venv/bin/python3 /home/ubuntu/apps/election-app/stats/3-calc-new.py
Wrote 15 rows with new columns to /home/ubuntu/apps/election-app/win_prob/H/GA/01/_work/2024_county_results_with_calcs_new.csv

$ /home/ubuntu/.venv/bin/python3 /home/ubuntu/apps/election-app/stats/4-stats.py
Reading 2024_county_results_with_calcs_new.csv...
Aggregating statewide totals...
Calculating percentages and margins...
Writing to output_statewide_stats.csv...
Done!
[2026-01-22 23:09:28] INFO: [PIPELINE] ENTER win-prob generation | states=['GA'] ts_list=['2024-11-05T15-30-22']

============================================================================
[01/1] STATE = GA
============================================================================

$ /home/ubuntu/.venv/bin/python3 /home/ubuntu/apps/election-app/stats/5-snapshots.py --state GA --input /home/ubuntu/apps/election-app/win_prob/H/GA/01/_work/output_statewide_stats.csv --output /home/ubuntu/apps/election-app/win_prob/H/GA/01/snapshots_GA.csv --start 2024-11-05T15-30-22 --end 2024-11-05T15-30-22 --use-window 1 --interval 30
Mode: windowed-one-state
Rows written: 15
Distinct states in output: GA
Rows per normalized timestamp (empty = unparseable):
  2024-11-05T15-30-22: 15
Wrote /home/ubuntu/apps/election-app/win_prob/H/GA/01/snapshots_GA.csv

$ /home/ubuntu/.venv/bin/python3 /home/ubuntu/apps/election-app/stats/6-pval.py /home/ubuntu/apps/election-app/win_prob/H/GA/01/snapshots_GA.csv -t /home/ubuntu/apps/election-app/stats/parameters.csv -o /home/ubuntu/apps/election-app/win_prob/H/GA/01/data_output_GA.csv -c 50
Done. Wrote: /home/ubuntu/apps/election-app/win_prob/H/GA/01/data_output_GA.csv
Total rows: 15 (chunked, resumable).
Computed columns for PVALS = [0.01, 0.1, 1, 2, 3, 5, 10, 15, 20, 25, 30, 35, 40, 45, 50, 55, 60, 65, 70, 75, 80, 85, 90, 95, 97, 98, 99, 99.9, 99.99]
Per p (leader): shift_{p}, margin_new_{p}, harris_percent_new_{p}, trump_percent_new_{p}, total_snapshot_{p}, total_expected_{p}, harris_votes_new_{p}, trump_votes_new_{p}
Per p (trailing): shift_trailing_{p}, margin_new_{p}_trailing, harris_percent_new_{p}_trailing, trump_percent_new_{p}_trailing, total_snapshot_{p}_trailing, total_expected_{p}_trailing, harris_votes_new_{p}_trailing, trump_votes_new_{p}_trailing
Checkpoint saved at: /home/ubuntu/apps/election-app/win_prob/H/GA/01/data_output_GA.csv.checkpoint.json

$ /home/ubuntu/.venv/bin/python3 /home/ubuntu/apps/election-app/stats/7-margin-new.py
Wrote data_output_with_margins_old.csv

$ /home/ubuntu/.venv/bin/python3 /home/ubuntu/apps/election-app/stats/7-eevp-statewide.py
Wrote data_output_with_margins.csv (copied from data_output_with_margins_old.csv)

$ /home/ubuntu/.venv/bin/python3 /home/ubuntu/apps/election-app/stats/7.py --input /home/ubuntu/apps/election-app/win_prob/H/GA/01/data_output_GA_with_margins_statewide_eevp.csv --output /home/ubuntu/apps/election-app/win_prob/H/GA/01/statewide_margin_pct_vs_percent_GA_2026.png --state GA --start 2024-11-05T15-30-22 --end 2024-11-05T15-30-22 --stats /home/ubuntu/apps/election-app/win_prob/H/GA/01/stats.csv --stats2 /home/ubuntu/apps/election-app/win_prob/H/GA/01/stats2.csv --interval 30 --year 2026 --jsonl /home/ubuntu/apps/election-app/win_prob/H/GA/01/plotdata_GA_2026_2026-01-22T23-09-18.jsonl
[info] evaluating 1 timestamps from 2024-11-05T15-30-22 to 2024-11-05T15-30-22 every 30 minutes
[saved] probs_timeseries_GA.csv  (1 points)
[saved] /home/ubuntu/apps/election-app/win_prob/H/GA/01/plotdata_GA_2026_2026-01-22T23-09-18.jsonl  (4 points)
[saved] /home/ubuntu/apps/election-app/win_prob/H/GA/01/statewide_margin_pct_vs_percent_GA_2026_box.json
[saved] /home/ubuntu/apps/election-app/win_prob/H/GA/01/statewide_margin_pct_vs_percent_GA_2026_box.png
[saved] /home/ubuntu/apps/election-app/win_prob/H/GA/01/statewide_margin_pct_vs_percent_GA_2026.png

All 50 states complete. See: /home/ubuntu/apps/election-app/win_prob/H/GA/01

$ /home/ubuntu/.venv/bin/python3 /home/ubuntu/apps/election-app/stats/8.py --root /home/ubuntu/apps/election-app/win_prob/H/GA/01/_work --outdir /home/ubuntu/apps/election-app/win_prob/H/GA/01
[info] root  = /home/ubuntu/apps/election-app/win_prob/H/GA/01/_work
[info] outdir= /home/ubuntu/apps/election-app/win_prob/H/GA/01
[deleted] /home/ubuntu/apps/election-app/win_prob/H/GA/01/_work/stats_with_statewide.csv
[deleted] /home/ubuntu/apps/election-app/win_prob/H/GA/01/_work/stats2_final_headers.csv
[deleted] /home/ubuntu/apps/election-app/win_prob/H/GA/01/_work/2024_county_results_with_final-old.csv
[deleted] /home/ubuntu/apps/election-app/win_prob/H/GA/01/_work/2024_county_results_with_final.csv
[deleted] /home/ubuntu/apps/election-app/win_prob/H/GA/01/_work/2024_county_results_with_final_1.csv
[deleted] /home/ubuntu/apps/election-app/win_prob/H/GA/01/_work/2024_county_results_with_calcs-old.csv
[deleted] /home/ubuntu/apps/election-app/win_prob/H/GA/01/_work/2024_county_results_with_calcs_new.csv
[deleted] /home/ubuntu/apps/election-app/win_prob/H/GA/01/_work/output_statewide_stats.csv
[skip]    /home/ubuntu/apps/election-app/win_prob/H/GA/01/_work/probs_timeseries_PA.csv
[deleted] /home/ubuntu/apps/election-app/win_prob/H/GA/01/_work/2024_county_results_with_calcs.csv
[skip]    /home/ubuntu/apps/election-app/win_prob/H/GA/01/data_output.csv
[skip]    /home/ubuntu/apps/election-app/win_prob/H/GA/01/data_output_with_margins_old.csv
[skip]    /home/ubuntu/apps/election-app/win_prob/H/GA/01/data_output_with_margins.csv
[skip]    /home/ubuntu/apps/election-app/win_prob/H/GA/01/data_output_with_margins-statewide.csv
[deleted] /home/ubuntu/apps/election-app/win_prob/H/GA/01/snapshots_GA.csv
[deleted] /home/ubuntu/apps/election-app/win_prob/H/GA/01/data_output_GA_with_margins.csv
[deleted] /home/ubuntu/apps/election-app/win_prob/H/GA/01/data_output_GA_with_margins_statewide_eevp.csv
[deleted] /home/ubuntu/apps/election-app/win_prob/H/GA/01/data_output_GA.csv
[deleted] /home/ubuntu/apps/election-app/win_prob/H/GA/01/data_output_GA.csv.checkpoint.json
[deleted] /home/ubuntu/apps/election-app/win_prob/H/GA/01/stats.csv
[deleted] /home/ubuntu/apps/election-app/win_prob/H/GA/01/stats2.csv
[done] removed 16 file(s)
[2026-01-24 20:41:52] INFO: [PIPELINE] args: office=H state=GA district=01
[2026-01-24 20:41:52] INFO: [PIPELINE] WINPROB_DIR resolved to: /home/ubuntu/apps/election-app/win_prob/H/GA/01
[2026-01-24 20:41:52] INFO: [PIPELINE] OUTDIR set to: /home/ubuntu/apps/election-app/win_prob/H/GA/01

$ /home/ubuntu/.venv/bin/python3 /home/ubuntu/apps/election-app/stats/1-statewide.py --input /home/ubuntu/apps/election-app/win_prob/H/GA/01/stats.csv --output /home/ubuntu/apps/election-app/win_prob/H/GA/01/_work/stats_with_statewide.csv
Wrote /home/ubuntu/apps/election-app/win_prob/H/GA/01/_work/stats_with_statewide.csv (rows=15)

$ /home/ubuntu/.venv/bin/python3 /home/ubuntu/apps/election-app/stats/1-stats-2.py --input /home/ubuntu/apps/election-app/win_prob/H/GA/01/stats2.csv --output /home/ubuntu/apps/election-app/win_prob/H/GA/01/_work/stats2_final_headers.csv
Wrote /home/ubuntu/apps/election-app/win_prob/H/GA/01/_work/stats2_final_headers.csv (rows=15)

$ /home/ubuntu/.venv/bin/python3 /home/ubuntu/apps/election-app/stats/1-append-new.py
Wrote 2024_county_results_with_final-old.csv (rows=15, missing_final_matches=0)

$ /home/ubuntu/.venv/bin/python3 /home/ubuntu/apps/election-app/stats/1-change_header.py
Wrote: 2024_county_results_with_final.csv

$ /home/ubuntu/.venv/bin/python3 /home/ubuntu/apps/election-app/stats/1-cut-zero-fips.py
Wrote: 2024_county_results_with_final_1.csv
Rows before: 15
Rows after:  15
Dropped (fips == 0): 0

$ /home/ubuntu/.venv/bin/python3 /home/ubuntu/apps/election-app/stats/2-calc.py
Wrote 15 rows with calculations to /home/ubuntu/apps/election-app/win_prob/H/GA/01/_work/2024_county_results_with_calcs-old.csv

$ /home/ubuntu/.venv/bin/python3 /home/ubuntu/apps/election-app/stats/2-eevp.py
Wrote (no-op copy): 2024_county_results_with_calcs.csv
Columns:
 - timestamp
 - state
 - county
 - fips
 - trump_votes
 - harris_votes
 - other_votes
 - eevp
 - state_eevp
 - harris_votes_statewide
 - trump_votes_statewide
 - other_votes_statewide
 - final_state
 - final_county
 - final_fips
 - final_trump_votes
 - final_harris_votes
 - final_other_votes
 - harris_percent_snapshot
 - trump_percent_snapshot
 - margin_snapshot
 - harris_percent_final
 - trump_percent_final
 - margin_final
 - margin_difference
 - margin_difference_abs

$ /home/ubuntu/.venv/bin/python3 /home/ubuntu/apps/election-app/stats/3-calc-new.py
Wrote 15 rows with new columns to /home/ubuntu/apps/election-app/win_prob/H/GA/01/_work/2024_county_results_with_calcs_new.csv

$ /home/ubuntu/.venv/bin/python3 /home/ubuntu/apps/election-app/stats/4-stats.py
Reading 2024_county_results_with_calcs_new.csv...
Aggregating statewide totals...
Calculating percentages and margins...
Writing to output_statewide_stats.csv...
Done!
[2026-01-24 20:42:03] INFO: [PIPELINE] ENTER win-prob generation | states=['GA'] ts_list=['2024-11-05T15-30-22']

============================================================================
[01/1] STATE = GA
============================================================================

$ /home/ubuntu/.venv/bin/python3 /home/ubuntu/apps/election-app/stats/5-snapshots.py --state GA --input /home/ubuntu/apps/election-app/win_prob/H/GA/01/_work/output_statewide_stats.csv --output /home/ubuntu/apps/election-app/win_prob/H/GA/01/snapshots_GA.csv --start 2024-11-05T15-30-22 --end 2024-11-05T15-30-22 --use-window 1 --interval 30
Mode: windowed-one-state
Rows written: 15
Distinct states in output: GA
Rows per normalized timestamp (empty = unparseable):
  2024-11-05T15-30-22: 15
Wrote /home/ubuntu/apps/election-app/win_prob/H/GA/01/snapshots_GA.csv

$ /home/ubuntu/.venv/bin/python3 /home/ubuntu/apps/election-app/stats/6-pval.py /home/ubuntu/apps/election-app/win_prob/H/GA/01/snapshots_GA.csv -t /home/ubuntu/apps/election-app/stats/parameters.csv -o /home/ubuntu/apps/election-app/win_prob/H/GA/01/data_output_GA.csv -c 50
Done. Wrote: /home/ubuntu/apps/election-app/win_prob/H/GA/01/data_output_GA.csv
Total rows: 15 (chunked, resumable).
Computed columns for PVALS = [0.01, 0.1, 1, 2, 3, 5, 10, 15, 20, 25, 30, 35, 40, 45, 50, 55, 60, 65, 70, 75, 80, 85, 90, 95, 97, 98, 99, 99.9, 99.99]
Per p (leader): shift_{p}, margin_new_{p}, harris_percent_new_{p}, trump_percent_new_{p}, total_snapshot_{p}, total_expected_{p}, harris_votes_new_{p}, trump_votes_new_{p}
Per p (trailing): shift_trailing_{p}, margin_new_{p}_trailing, harris_percent_new_{p}_trailing, trump_percent_new_{p}_trailing, total_snapshot_{p}_trailing, total_expected_{p}_trailing, harris_votes_new_{p}_trailing, trump_votes_new_{p}_trailing
Checkpoint saved at: /home/ubuntu/apps/election-app/win_prob/H/GA/01/data_output_GA.csv.checkpoint.json

$ /home/ubuntu/.venv/bin/python3 /home/ubuntu/apps/election-app/stats/7-margin-new.py
Wrote data_output_with_margins_old.csv

$ /home/ubuntu/.venv/bin/python3 /home/ubuntu/apps/election-app/stats/7-eevp-statewide.py
Wrote data_output_with_margins.csv (copied from data_output_with_margins_old.csv)

$ /home/ubuntu/.venv/bin/python3 /home/ubuntu/apps/election-app/stats/7.py --input /home/ubuntu/apps/election-app/win_prob/H/GA/01/data_output_GA_with_margins_statewide_eevp.csv --output /home/ubuntu/apps/election-app/win_prob/H/GA/01/statewide_margin_pct_vs_percent_GA_2026.png --state GA --start 2024-11-05T15-30-22 --end 2024-11-05T15-30-22 --stats /home/ubuntu/apps/election-app/win_prob/H/GA/01/stats.csv --stats2 /home/ubuntu/apps/election-app/win_prob/H/GA/01/stats2.csv --interval 30 --year 2026 --jsonl /home/ubuntu/apps/election-app/win_prob/H/GA/01/plotdata_GA_2026_2026-01-24T20-41-52.jsonl
[info] evaluating 1 timestamps from 2024-11-05T15-30-22 to 2024-11-05T15-30-22 every 30 minutes
[saved] probs_timeseries_GA.csv  (1 points)
[saved] /home/ubuntu/apps/election-app/win_prob/H/GA/01/plotdata_GA_2026_2026-01-24T20-41-52.jsonl  (0 points)
[saved] /home/ubuntu/apps/election-app/win_prob/H/GA/01/statewide_margin_pct_vs_percent_GA_2026_box.json
[saved] /home/ubuntu/apps/election-app/win_prob/H/GA/01/statewide_margin_pct_vs_percent_GA_2026_box.png
[saved] /home/ubuntu/apps/election-app/win_prob/H/GA/01/statewide_margin_pct_vs_percent_GA_2026.png

All 50 states complete. See: /home/ubuntu/apps/election-app/win_prob/H/GA/01

$ /home/ubuntu/.venv/bin/python3 /home/ubuntu/apps/election-app/stats/8.py --root /home/ubuntu/apps/election-app/win_prob/H/GA/01/_work --outdir /home/ubuntu/apps/election-app/win_prob/H/GA/01
[info] root  = /home/ubuntu/apps/election-app/win_prob/H/GA/01/_work
[info] outdir= /home/ubuntu/apps/election-app/win_prob/H/GA/01
[deleted] /home/ubuntu/apps/election-app/win_prob/H/GA/01/_work/stats_with_statewide.csv
[deleted] /home/ubuntu/apps/election-app/win_prob/H/GA/01/_work/stats2_final_headers.csv
[deleted] /home/ubuntu/apps/election-app/win_prob/H/GA/01/_work/2024_county_results_with_final-old.csv
[deleted] /home/ubuntu/apps/election-app/win_prob/H/GA/01/_work/2024_county_results_with_final.csv
[deleted] /home/ubuntu/apps/election-app/win_prob/H/GA/01/_work/2024_county_results_with_final_1.csv
[deleted] /home/ubuntu/apps/election-app/win_prob/H/GA/01/_work/2024_county_results_with_calcs-old.csv
[deleted] /home/ubuntu/apps/election-app/win_prob/H/GA/01/_work/2024_county_results_with_calcs_new.csv
[deleted] /home/ubuntu/apps/election-app/win_prob/H/GA/01/_work/output_statewide_stats.csv
[skip]    /home/ubuntu/apps/election-app/win_prob/H/GA/01/_work/probs_timeseries_PA.csv
[deleted] /home/ubuntu/apps/election-app/win_prob/H/GA/01/_work/2024_county_results_with_calcs.csv
[skip]    /home/ubuntu/apps/election-app/win_prob/H/GA/01/data_output.csv
[skip]    /home/ubuntu/apps/election-app/win_prob/H/GA/01/data_output_with_margins_old.csv
[skip]    /home/ubuntu/apps/election-app/win_prob/H/GA/01/data_output_with_margins.csv
[skip]    /home/ubuntu/apps/election-app/win_prob/H/GA/01/data_output_with_margins-statewide.csv
[deleted] /home/ubuntu/apps/election-app/win_prob/H/GA/01/snapshots_GA.csv
[deleted] /home/ubuntu/apps/election-app/win_prob/H/GA/01/data_output_GA_with_margins.csv
[deleted] /home/ubuntu/apps/election-app/win_prob/H/GA/01/data_output_GA_with_margins_statewide_eevp.csv
[deleted] /home/ubuntu/apps/election-app/win_prob/H/GA/01/data_output_GA.csv
[deleted] /home/ubuntu/apps/election-app/win_prob/H/GA/01/data_output_GA.csv.checkpoint.json
[deleted] /home/ubuntu/apps/election-app/win_prob/H/GA/01/stats.csv
[deleted] /home/ubuntu/apps/election-app/win_prob/H/GA/01/stats2.csv
[done] removed 16 file(s)
[2026-01-24 20:48:55] INFO: [PIPELINE] args: office=H state=GA district=01
[2026-01-24 20:48:55] INFO: [PIPELINE] WINPROB_DIR resolved to: /home/ubuntu/apps/election-app/win_prob/H/GA/01
[2026-01-24 20:48:55] INFO: [PIPELINE] OUTDIR set to: /home/ubuntu/apps/election-app/win_prob/H/GA/01

$ /home/ubuntu/.venv/bin/python3 /home/ubuntu/apps/election-app/stats/1-statewide.py --input /home/ubuntu/apps/election-app/win_prob/H/GA/01/stats.csv --output /home/ubuntu/apps/election-app/win_prob/H/GA/01/_work/stats_with_statewide.csv
Wrote /home/ubuntu/apps/election-app/win_prob/H/GA/01/_work/stats_with_statewide.csv (rows=15)

$ /home/ubuntu/.venv/bin/python3 /home/ubuntu/apps/election-app/stats/1-stats-2.py --input /home/ubuntu/apps/election-app/win_prob/H/GA/01/stats2.csv --output /home/ubuntu/apps/election-app/win_prob/H/GA/01/_work/stats2_final_headers.csv
Wrote /home/ubuntu/apps/election-app/win_prob/H/GA/01/_work/stats2_final_headers.csv (rows=15)

$ /home/ubuntu/.venv/bin/python3 /home/ubuntu/apps/election-app/stats/1-append-new.py
Wrote 2024_county_results_with_final-old.csv (rows=15, missing_final_matches=0)

$ /home/ubuntu/.venv/bin/python3 /home/ubuntu/apps/election-app/stats/1-change_header.py
Wrote: 2024_county_results_with_final.csv

$ /home/ubuntu/.venv/bin/python3 /home/ubuntu/apps/election-app/stats/1-cut-zero-fips.py
Wrote: 2024_county_results_with_final_1.csv
Rows before: 15
Rows after:  15
Dropped (fips == 0): 0

$ /home/ubuntu/.venv/bin/python3 /home/ubuntu/apps/election-app/stats/2-calc.py
Wrote 15 rows with calculations to /home/ubuntu/apps/election-app/win_prob/H/GA/01/_work/2024_county_results_with_calcs-old.csv

$ /home/ubuntu/.venv/bin/python3 /home/ubuntu/apps/election-app/stats/2-eevp.py
Wrote (no-op copy): 2024_county_results_with_calcs.csv
Columns:
 - timestamp
 - state
 - county
 - fips
 - trump_votes
 - harris_votes
 - other_votes
 - eevp
 - state_eevp
 - harris_votes_statewide
 - trump_votes_statewide
 - other_votes_statewide
 - final_state
 - final_county
 - final_fips
 - final_trump_votes
 - final_harris_votes
 - final_other_votes
 - harris_percent_snapshot
 - trump_percent_snapshot
 - margin_snapshot
 - harris_percent_final
 - trump_percent_final
 - margin_final
 - margin_difference
 - margin_difference_abs

$ /home/ubuntu/.venv/bin/python3 /home/ubuntu/apps/election-app/stats/3-calc-new.py
Wrote 15 rows with new columns to /home/ubuntu/apps/election-app/win_prob/H/GA/01/_work/2024_county_results_with_calcs_new.csv

$ /home/ubuntu/.venv/bin/python3 /home/ubuntu/apps/election-app/stats/4-stats.py
Reading 2024_county_results_with_calcs_new.csv...
Aggregating statewide totals...
Calculating percentages and margins...
Writing to output_statewide_stats.csv...
Done!
[2026-01-24 20:49:06] INFO: [PIPELINE] ENTER win-prob generation | states=['GA'] ts_list=['2024-11-05T15-30-22']

============================================================================
[01/1] STATE = GA
============================================================================

$ /home/ubuntu/.venv/bin/python3 /home/ubuntu/apps/election-app/stats/5-snapshots.py --state GA --input /home/ubuntu/apps/election-app/win_prob/H/GA/01/_work/output_statewide_stats.csv --output /home/ubuntu/apps/election-app/win_prob/H/GA/01/snapshots_GA.csv --start 2024-11-05T15-30-22 --end 2024-11-05T15-30-22 --use-window 1 --interval 30
Mode: windowed-one-state
Rows written: 15
Distinct states in output: GA
Rows per normalized timestamp (empty = unparseable):
  2024-11-05T15-30-22: 15
Wrote /home/ubuntu/apps/election-app/win_prob/H/GA/01/snapshots_GA.csv

$ /home/ubuntu/.venv/bin/python3 /home/ubuntu/apps/election-app/stats/6-pval.py /home/ubuntu/apps/election-app/win_prob/H/GA/01/snapshots_GA.csv -t /home/ubuntu/apps/election-app/stats/parameters.csv -o /home/ubuntu/apps/election-app/win_prob/H/GA/01/data_output_GA.csv -c 50
Done. Wrote: /home/ubuntu/apps/election-app/win_prob/H/GA/01/data_output_GA.csv
Total rows: 15 (chunked, resumable).
Computed columns for PVALS = [0.01, 0.1, 1, 2, 3, 5, 10, 15, 20, 25, 30, 35, 40, 45, 50, 55, 60, 65, 70, 75, 80, 85, 90, 95, 97, 98, 99, 99.9, 99.99]
Per p (leader): shift_{p}, margin_new_{p}, harris_percent_new_{p}, trump_percent_new_{p}, total_snapshot_{p}, total_expected_{p}, harris_votes_new_{p}, trump_votes_new_{p}
Per p (trailing): shift_trailing_{p}, margin_new_{p}_trailing, harris_percent_new_{p}_trailing, trump_percent_new_{p}_trailing, total_snapshot_{p}_trailing, total_expected_{p}_trailing, harris_votes_new_{p}_trailing, trump_votes_new_{p}_trailing
Checkpoint saved at: /home/ubuntu/apps/election-app/win_prob/H/GA/01/data_output_GA.csv.checkpoint.json

$ /home/ubuntu/.venv/bin/python3 /home/ubuntu/apps/election-app/stats/7-margin-new.py
Wrote data_output_with_margins_old.csv

$ /home/ubuntu/.venv/bin/python3 /home/ubuntu/apps/election-app/stats/7-eevp-statewide.py
Wrote data_output_with_margins.csv (copied from data_output_with_margins_old.csv)

$ /home/ubuntu/.venv/bin/python3 /home/ubuntu/apps/election-app/stats/7.py --input /home/ubuntu/apps/election-app/win_prob/H/GA/01/data_output_GA_with_margins_statewide_eevp.csv --output /home/ubuntu/apps/election-app/win_prob/H/GA/01/statewide_margin_pct_vs_percent_GA_2026.png --state GA --start 2024-11-05T15-30-22 --end 2024-11-05T15-30-22 --stats /home/ubuntu/apps/election-app/win_prob/H/GA/01/stats.csv --stats2 /home/ubuntu/apps/election-app/win_prob/H/GA/01/stats2.csv --interval 30 --year 2026 --jsonl /home/ubuntu/apps/election-app/win_prob/H/GA/01/plotdata_GA_2026_2026-01-24T20-48-55.jsonl
[info] evaluating 1 timestamps from 2024-11-05T15-30-22 to 2024-11-05T15-30-22 every 30 minutes
[saved] probs_timeseries_GA.csv  (1 points)
[saved] /home/ubuntu/apps/election-app/win_prob/H/GA/01/plotdata_GA_2026_2026-01-24T20-48-55.jsonl  (4 points)
[saved] /home/ubuntu/apps/election-app/win_prob/H/GA/01/statewide_margin_pct_vs_percent_GA_2026_box.json
[saved] /home/ubuntu/apps/election-app/win_prob/H/GA/01/statewide_margin_pct_vs_percent_GA_2026_box.png
[saved] /home/ubuntu/apps/election-app/win_prob/H/GA/01/statewide_margin_pct_vs_percent_GA_2026.png

All 50 states complete. See: /home/ubuntu/apps/election-app/win_prob/H/GA/01

$ /home/ubuntu/.venv/bin/python3 /home/ubuntu/apps/election-app/stats/8.py --root /home/ubuntu/apps/election-app/win_prob/H/GA/01/_work --outdir /home/ubuntu/apps/election-app/win_prob/H/GA/01
[info] root  = /home/ubuntu/apps/election-app/win_prob/H/GA/01/_work
[info] outdir= /home/ubuntu/apps/election-app/win_prob/H/GA/01
[deleted] /home/ubuntu/apps/election-app/win_prob/H/GA/01/_work/stats_with_statewide.csv
[deleted] /home/ubuntu/apps/election-app/win_prob/H/GA/01/_work/stats2_final_headers.csv
[deleted] /home/ubuntu/apps/election-app/win_prob/H/GA/01/_work/2024_county_results_with_final-old.csv
[deleted] /home/ubuntu/apps/election-app/win_prob/H/GA/01/_work/2024_county_results_with_final.csv
[deleted] /home/ubuntu/apps/election-app/win_prob/H/GA/01/_work/2024_county_results_with_final_1.csv
[deleted] /home/ubuntu/apps/election-app/win_prob/H/GA/01/_work/2024_county_results_with_calcs-old.csv
[deleted] /home/ubuntu/apps/election-app/win_prob/H/GA/01/_work/2024_county_results_with_calcs_new.csv
[deleted] /home/ubuntu/apps/election-app/win_prob/H/GA/01/_work/output_statewide_stats.csv
[skip]    /home/ubuntu/apps/election-app/win_prob/H/GA/01/_work/probs_timeseries_PA.csv
[deleted] /home/ubuntu/apps/election-app/win_prob/H/GA/01/_work/2024_county_results_with_calcs.csv
[skip]    /home/ubuntu/apps/election-app/win_prob/H/GA/01/data_output.csv
[skip]    /home/ubuntu/apps/election-app/win_prob/H/GA/01/data_output_with_margins_old.csv
[skip]    /home/ubuntu/apps/election-app/win_prob/H/GA/01/data_output_with_margins.csv
[skip]    /home/ubuntu/apps/election-app/win_prob/H/GA/01/data_output_with_margins-statewide.csv
[deleted] /home/ubuntu/apps/election-app/win_prob/H/GA/01/snapshots_GA.csv
[deleted] /home/ubuntu/apps/election-app/win_prob/H/GA/01/data_output_GA_with_margins.csv
[deleted] /home/ubuntu/apps/election-app/win_prob/H/GA/01/data_output_GA_with_margins_statewide_eevp.csv
[deleted] /home/ubuntu/apps/election-app/win_prob/H/GA/01/data_output_GA.csv
[deleted] /home/ubuntu/apps/election-app/win_prob/H/GA/01/data_output_GA.csv.checkpoint.json
[deleted] /home/ubuntu/apps/election-app/win_prob/H/GA/01/stats.csv
[deleted] /home/ubuntu/apps/election-app/win_prob/H/GA/01/stats2.csv
[done] removed 16 file(s)
[2026-01-24 20:55:58] INFO: [PIPELINE] args: office=H state=GA district=01
[2026-01-24 20:55:58] INFO: [PIPELINE] WINPROB_DIR resolved to: /home/ubuntu/apps/election-app/win_prob/H/GA/01
[2026-01-24 20:55:58] INFO: [PIPELINE] OUTDIR set to: /home/ubuntu/apps/election-app/win_prob/H/GA/01

$ /home/ubuntu/.venv/bin/python3 /home/ubuntu/apps/election-app/stats/1-statewide.py --input /home/ubuntu/apps/election-app/win_prob/H/GA/01/stats.csv --output /home/ubuntu/apps/election-app/win_prob/H/GA/01/_work/stats_with_statewide.csv
Wrote /home/ubuntu/apps/election-app/win_prob/H/GA/01/_work/stats_with_statewide.csv (rows=15)

$ /home/ubuntu/.venv/bin/python3 /home/ubuntu/apps/election-app/stats/1-stats-2.py --input /home/ubuntu/apps/election-app/win_prob/H/GA/01/stats2.csv --output /home/ubuntu/apps/election-app/win_prob/H/GA/01/_work/stats2_final_headers.csv
Wrote /home/ubuntu/apps/election-app/win_prob/H/GA/01/_work/stats2_final_headers.csv (rows=15)

$ /home/ubuntu/.venv/bin/python3 /home/ubuntu/apps/election-app/stats/1-append-new.py
Wrote 2024_county_results_with_final-old.csv (rows=15, missing_final_matches=0)

$ /home/ubuntu/.venv/bin/python3 /home/ubuntu/apps/election-app/stats/1-change_header.py
Wrote: 2024_county_results_with_final.csv

$ /home/ubuntu/.venv/bin/python3 /home/ubuntu/apps/election-app/stats/1-cut-zero-fips.py
Wrote: 2024_county_results_with_final_1.csv
Rows before: 15
Rows after:  15
Dropped (fips == 0): 0

$ /home/ubuntu/.venv/bin/python3 /home/ubuntu/apps/election-app/stats/2-calc.py
Wrote 15 rows with calculations to /home/ubuntu/apps/election-app/win_prob/H/GA/01/_work/2024_county_results_with_calcs-old.csv

$ /home/ubuntu/.venv/bin/python3 /home/ubuntu/apps/election-app/stats/2-eevp.py
Wrote (no-op copy): 2024_county_results_with_calcs.csv
Columns:
 - timestamp
 - state
 - county
 - fips
 - trump_votes
 - harris_votes
 - other_votes
 - eevp
 - state_eevp
 - harris_votes_statewide
 - trump_votes_statewide
 - other_votes_statewide
 - final_state
 - final_county
 - final_fips
 - final_trump_votes
 - final_harris_votes
 - final_other_votes
 - harris_percent_snapshot
 - trump_percent_snapshot
 - margin_snapshot
 - harris_percent_final
 - trump_percent_final
 - margin_final
 - margin_difference
 - margin_difference_abs

$ /home/ubuntu/.venv/bin/python3 /home/ubuntu/apps/election-app/stats/3-calc-new.py
Wrote 15 rows with new columns to /home/ubuntu/apps/election-app/win_prob/H/GA/01/_work/2024_county_results_with_calcs_new.csv

$ /home/ubuntu/.venv/bin/python3 /home/ubuntu/apps/election-app/stats/4-stats.py
Reading 2024_county_results_with_calcs_new.csv...
Aggregating statewide totals...
Calculating percentages and margins...
Writing to output_statewide_stats.csv...
Done!
[2026-01-24 20:56:09] INFO: [PIPELINE] ENTER win-prob generation | states=['GA'] ts_list=['2024-11-05T15-30-22']

============================================================================
[01/1] STATE = GA
============================================================================

$ /home/ubuntu/.venv/bin/python3 /home/ubuntu/apps/election-app/stats/5-snapshots.py --state GA --input /home/ubuntu/apps/election-app/win_prob/H/GA/01/_work/output_statewide_stats.csv --output /home/ubuntu/apps/election-app/win_prob/H/GA/01/snapshots_GA.csv --start 2024-11-05T15-30-22 --end 2024-11-05T15-30-22 --use-window 1 --interval 30
Mode: windowed-one-state
Rows written: 15
Distinct states in output: GA
Rows per normalized timestamp (empty = unparseable):
  2024-11-05T15-30-22: 15
Wrote /home/ubuntu/apps/election-app/win_prob/H/GA/01/snapshots_GA.csv

$ /home/ubuntu/.venv/bin/python3 /home/ubuntu/apps/election-app/stats/6-pval.py /home/ubuntu/apps/election-app/win_prob/H/GA/01/snapshots_GA.csv -t /home/ubuntu/apps/election-app/stats/parameters.csv -o /home/ubuntu/apps/election-app/win_prob/H/GA/01/data_output_GA.csv -c 50
Done. Wrote: /home/ubuntu/apps/election-app/win_prob/H/GA/01/data_output_GA.csv
Total rows: 15 (chunked, resumable).
Computed columns for PVALS = [0.01, 0.1, 1, 2, 3, 5, 10, 15, 20, 25, 30, 35, 40, 45, 50, 55, 60, 65, 70, 75, 80, 85, 90, 95, 97, 98, 99, 99.9, 99.99]
Per p (leader): shift_{p}, margin_new_{p}, harris_percent_new_{p}, trump_percent_new_{p}, total_snapshot_{p}, total_expected_{p}, harris_votes_new_{p}, trump_votes_new_{p}
Per p (trailing): shift_trailing_{p}, margin_new_{p}_trailing, harris_percent_new_{p}_trailing, trump_percent_new_{p}_trailing, total_snapshot_{p}_trailing, total_expected_{p}_trailing, harris_votes_new_{p}_trailing, trump_votes_new_{p}_trailing
Checkpoint saved at: /home/ubuntu/apps/election-app/win_prob/H/GA/01/data_output_GA.csv.checkpoint.json

$ /home/ubuntu/.venv/bin/python3 /home/ubuntu/apps/election-app/stats/7-margin-new.py
Wrote data_output_with_margins_old.csv

$ /home/ubuntu/.venv/bin/python3 /home/ubuntu/apps/election-app/stats/7-eevp-statewide.py
Wrote data_output_with_margins.csv (copied from data_output_with_margins_old.csv)

$ /home/ubuntu/.venv/bin/python3 /home/ubuntu/apps/election-app/stats/7.py --input /home/ubuntu/apps/election-app/win_prob/H/GA/01/data_output_GA_with_margins_statewide_eevp.csv --output /home/ubuntu/apps/election-app/win_prob/H/GA/01/statewide_margin_pct_vs_percent_GA_2026.png --state GA --start 2024-11-05T15-30-22 --end 2024-11-05T15-30-22 --stats /home/ubuntu/apps/election-app/win_prob/H/GA/01/stats.csv --stats2 /home/ubuntu/apps/election-app/win_prob/H/GA/01/stats2.csv --interval 30 --year 2026 --jsonl /home/ubuntu/apps/election-app/win_prob/H/GA/01/plotdata_GA_2026_2026-01-24T20-55-58.jsonl
[info] evaluating 1 timestamps from 2024-11-05T15-30-22 to 2024-11-05T15-30-22 every 30 minutes
[saved] probs_timeseries_GA.csv  (1 points)
[saved] /home/ubuntu/apps/election-app/win_prob/H/GA/01/plotdata_GA_2026_2026-01-24T20-55-58.jsonl  (4 points)
[saved] /home/ubuntu/apps/election-app/win_prob/H/GA/01/statewide_margin_pct_vs_percent_GA_2026_box.json
[saved] /home/ubuntu/apps/election-app/win_prob/H/GA/01/statewide_margin_pct_vs_percent_GA_2026_box.png
[saved] /home/ubuntu/apps/election-app/win_prob/H/GA/01/statewide_margin_pct_vs_percent_GA_2026.png

All 50 states complete. See: /home/ubuntu/apps/election-app/win_prob/H/GA/01

$ /home/ubuntu/.venv/bin/python3 /home/ubuntu/apps/election-app/stats/8.py --root /home/ubuntu/apps/election-app/win_prob/H/GA/01/_work --outdir /home/ubuntu/apps/election-app/win_prob/H/GA/01
[info] root  = /home/ubuntu/apps/election-app/win_prob/H/GA/01/_work
[info] outdir= /home/ubuntu/apps/election-app/win_prob/H/GA/01
[deleted] /home/ubuntu/apps/election-app/win_prob/H/GA/01/_work/stats_with_statewide.csv
[deleted] /home/ubuntu/apps/election-app/win_prob/H/GA/01/_work/stats2_final_headers.csv
[deleted] /home/ubuntu/apps/election-app/win_prob/H/GA/01/_work/2024_county_results_with_final-old.csv
[deleted] /home/ubuntu/apps/election-app/win_prob/H/GA/01/_work/2024_county_results_with_final.csv
[deleted] /home/ubuntu/apps/election-app/win_prob/H/GA/01/_work/2024_county_results_with_final_1.csv
[deleted] /home/ubuntu/apps/election-app/win_prob/H/GA/01/_work/2024_county_results_with_calcs-old.csv
[deleted] /home/ubuntu/apps/election-app/win_prob/H/GA/01/_work/2024_county_results_with_calcs_new.csv
[deleted] /home/ubuntu/apps/election-app/win_prob/H/GA/01/_work/output_statewide_stats.csv
[skip]    /home/ubuntu/apps/election-app/win_prob/H/GA/01/_work/probs_timeseries_PA.csv
[deleted] /home/ubuntu/apps/election-app/win_prob/H/GA/01/_work/2024_county_results_with_calcs.csv
[skip]    /home/ubuntu/apps/election-app/win_prob/H/GA/01/data_output.csv
[skip]    /home/ubuntu/apps/election-app/win_prob/H/GA/01/data_output_with_margins_old.csv
[skip]    /home/ubuntu/apps/election-app/win_prob/H/GA/01/data_output_with_margins.csv
[skip]    /home/ubuntu/apps/election-app/win_prob/H/GA/01/data_output_with_margins-statewide.csv
[deleted] /home/ubuntu/apps/election-app/win_prob/H/GA/01/snapshots_GA.csv
[deleted] /home/ubuntu/apps/election-app/win_prob/H/GA/01/data_output_GA_with_margins.csv
[deleted] /home/ubuntu/apps/election-app/win_prob/H/GA/01/data_output_GA_with_margins_statewide_eevp.csv
[deleted] /home/ubuntu/apps/election-app/win_prob/H/GA/01/data_output_GA.csv
[deleted] /home/ubuntu/apps/election-app/win_prob/H/GA/01/data_output_GA.csv.checkpoint.json
[deleted] /home/ubuntu/apps/election-app/win_prob/H/GA/01/stats.csv
[deleted] /home/ubuntu/apps/election-app/win_prob/H/GA/01/stats2.csv
[done] removed 16 file(s)
[2026-01-24 21:03:02] INFO: [PIPELINE] args: office=H state=GA district=01
[2026-01-24 21:03:02] INFO: [PIPELINE] WINPROB_DIR resolved to: /home/ubuntu/apps/election-app/win_prob/H/GA/01
[2026-01-24 21:03:02] INFO: [PIPELINE] OUTDIR set to: /home/ubuntu/apps/election-app/win_prob/H/GA/01

$ /home/ubuntu/.venv/bin/python3 /home/ubuntu/apps/election-app/stats/1-statewide.py --input /home/ubuntu/apps/election-app/win_prob/H/GA/01/stats.csv --output /home/ubuntu/apps/election-app/win_prob/H/GA/01/_work/stats_with_statewide.csv
Wrote /home/ubuntu/apps/election-app/win_prob/H/GA/01/_work/stats_with_statewide.csv (rows=15)

$ /home/ubuntu/.venv/bin/python3 /home/ubuntu/apps/election-app/stats/1-stats-2.py --input /home/ubuntu/apps/election-app/win_prob/H/GA/01/stats2.csv --output /home/ubuntu/apps/election-app/win_prob/H/GA/01/_work/stats2_final_headers.csv
Wrote /home/ubuntu/apps/election-app/win_prob/H/GA/01/_work/stats2_final_headers.csv (rows=15)

$ /home/ubuntu/.venv/bin/python3 /home/ubuntu/apps/election-app/stats/1-append-new.py
Wrote 2024_county_results_with_final-old.csv (rows=15, missing_final_matches=0)

$ /home/ubuntu/.venv/bin/python3 /home/ubuntu/apps/election-app/stats/1-change_header.py
Wrote: 2024_county_results_with_final.csv

$ /home/ubuntu/.venv/bin/python3 /home/ubuntu/apps/election-app/stats/1-cut-zero-fips.py
Wrote: 2024_county_results_with_final_1.csv
Rows before: 15
Rows after:  15
Dropped (fips == 0): 0

$ /home/ubuntu/.venv/bin/python3 /home/ubuntu/apps/election-app/stats/2-calc.py
Wrote 15 rows with calculations to /home/ubuntu/apps/election-app/win_prob/H/GA/01/_work/2024_county_results_with_calcs-old.csv

$ /home/ubuntu/.venv/bin/python3 /home/ubuntu/apps/election-app/stats/2-eevp.py
Wrote (no-op copy): 2024_county_results_with_calcs.csv
Columns:
 - timestamp
 - state
 - county
 - fips
 - trump_votes
 - harris_votes
 - other_votes
 - eevp
 - state_eevp
 - harris_votes_statewide
 - trump_votes_statewide
 - other_votes_statewide
 - final_state
 - final_county
 - final_fips
 - final_trump_votes
 - final_harris_votes
 - final_other_votes
 - harris_percent_snapshot
 - trump_percent_snapshot
 - margin_snapshot
 - harris_percent_final
 - trump_percent_final
 - margin_final
 - margin_difference
 - margin_difference_abs

$ /home/ubuntu/.venv/bin/python3 /home/ubuntu/apps/election-app/stats/3-calc-new.py
Wrote 15 rows with new columns to /home/ubuntu/apps/election-app/win_prob/H/GA/01/_work/2024_county_results_with_calcs_new.csv

$ /home/ubuntu/.venv/bin/python3 /home/ubuntu/apps/election-app/stats/4-stats.py
Reading 2024_county_results_with_calcs_new.csv...
Aggregating statewide totals...
Calculating percentages and margins...
Writing to output_statewide_stats.csv...
Done!
[2026-01-24 21:03:12] INFO: [PIPELINE] ENTER win-prob generation | states=['GA'] ts_list=['2024-11-05T15-30-22']

============================================================================
[01/1] STATE = GA
============================================================================

$ /home/ubuntu/.venv/bin/python3 /home/ubuntu/apps/election-app/stats/5-snapshots.py --state GA --input /home/ubuntu/apps/election-app/win_prob/H/GA/01/_work/output_statewide_stats.csv --output /home/ubuntu/apps/election-app/win_prob/H/GA/01/snapshots_GA.csv --start 2024-11-05T15-30-22 --end 2024-11-05T15-30-22 --use-window 1 --interval 30
Mode: windowed-one-state
Rows written: 15
Distinct states in output: GA
Rows per normalized timestamp (empty = unparseable):
  2024-11-05T15-30-22: 15
Wrote /home/ubuntu/apps/election-app/win_prob/H/GA/01/snapshots_GA.csv

$ /home/ubuntu/.venv/bin/python3 /home/ubuntu/apps/election-app/stats/6-pval.py /home/ubuntu/apps/election-app/win_prob/H/GA/01/snapshots_GA.csv -t /home/ubuntu/apps/election-app/stats/parameters.csv -o /home/ubuntu/apps/election-app/win_prob/H/GA/01/data_output_GA.csv -c 50
Done. Wrote: /home/ubuntu/apps/election-app/win_prob/H/GA/01/data_output_GA.csv
Total rows: 15 (chunked, resumable).
Computed columns for PVALS = [0.01, 0.1, 1, 2, 3, 5, 10, 15, 20, 25, 30, 35, 40, 45, 50, 55, 60, 65, 70, 75, 80, 85, 90, 95, 97, 98, 99, 99.9, 99.99]
Per p (leader): shift_{p}, margin_new_{p}, harris_percent_new_{p}, trump_percent_new_{p}, total_snapshot_{p}, total_expected_{p}, harris_votes_new_{p}, trump_votes_new_{p}
Per p (trailing): shift_trailing_{p}, margin_new_{p}_trailing, harris_percent_new_{p}_trailing, trump_percent_new_{p}_trailing, total_snapshot_{p}_trailing, total_expected_{p}_trailing, harris_votes_new_{p}_trailing, trump_votes_new_{p}_trailing
Checkpoint saved at: /home/ubuntu/apps/election-app/win_prob/H/GA/01/data_output_GA.csv.checkpoint.json

$ /home/ubuntu/.venv/bin/python3 /home/ubuntu/apps/election-app/stats/7-margin-new.py
Wrote data_output_with_margins_old.csv

$ /home/ubuntu/.venv/bin/python3 /home/ubuntu/apps/election-app/stats/7-eevp-statewide.py
Wrote data_output_with_margins.csv (copied from data_output_with_margins_old.csv)

$ /home/ubuntu/.venv/bin/python3 /home/ubuntu/apps/election-app/stats/7.py --input /home/ubuntu/apps/election-app/win_prob/H/GA/01/data_output_GA_with_margins_statewide_eevp.csv --output /home/ubuntu/apps/election-app/win_prob/H/GA/01/statewide_margin_pct_vs_percent_GA_2026.png --state GA --start 2024-11-05T15-30-22 --end 2024-11-05T15-30-22 --stats /home/ubuntu/apps/election-app/win_prob/H/GA/01/stats.csv --stats2 /home/ubuntu/apps/election-app/win_prob/H/GA/01/stats2.csv --interval 30 --year 2026 --jsonl /home/ubuntu/apps/election-app/win_prob/H/GA/01/plotdata_GA_2026_2026-01-24T21-03-02.jsonl
[info] evaluating 1 timestamps from 2024-11-05T15-30-22 to 2024-11-05T15-30-22 every 30 minutes
[saved] probs_timeseries_GA.csv  (1 points)
[saved] /home/ubuntu/apps/election-app/win_prob/H/GA/01/plotdata_GA_2026_2026-01-24T21-03-02.jsonl  (4 points)
[saved] /home/ubuntu/apps/election-app/win_prob/H/GA/01/statewide_margin_pct_vs_percent_GA_2026_box.json
[saved] /home/ubuntu/apps/election-app/win_prob/H/GA/01/statewide_margin_pct_vs_percent_GA_2026_box.png
[saved] /home/ubuntu/apps/election-app/win_prob/H/GA/01/statewide_margin_pct_vs_percent_GA_2026.png

All 50 states complete. See: /home/ubuntu/apps/election-app/win_prob/H/GA/01

$ /home/ubuntu/.venv/bin/python3 /home/ubuntu/apps/election-app/stats/8.py --root /home/ubuntu/apps/election-app/win_prob/H/GA/01/_work --outdir /home/ubuntu/apps/election-app/win_prob/H/GA/01
[info] root  = /home/ubuntu/apps/election-app/win_prob/H/GA/01/_work
[info] outdir= /home/ubuntu/apps/election-app/win_prob/H/GA/01
[deleted] /home/ubuntu/apps/election-app/win_prob/H/GA/01/_work/stats_with_statewide.csv
[deleted] /home/ubuntu/apps/election-app/win_prob/H/GA/01/_work/stats2_final_headers.csv
[deleted] /home/ubuntu/apps/election-app/win_prob/H/GA/01/_work/2024_county_results_with_final-old.csv
[deleted] /home/ubuntu/apps/election-app/win_prob/H/GA/01/_work/2024_county_results_with_final.csv
[deleted] /home/ubuntu/apps/election-app/win_prob/H/GA/01/_work/2024_county_results_with_final_1.csv
[deleted] /home/ubuntu/apps/election-app/win_prob/H/GA/01/_work/2024_county_results_with_calcs-old.csv
[deleted] /home/ubuntu/apps/election-app/win_prob/H/GA/01/_work/2024_county_results_with_calcs_new.csv
[deleted] /home/ubuntu/apps/election-app/win_prob/H/GA/01/_work/output_statewide_stats.csv
[skip]    /home/ubuntu/apps/election-app/win_prob/H/GA/01/_work/probs_timeseries_PA.csv
[deleted] /home/ubuntu/apps/election-app/win_prob/H/GA/01/_work/2024_county_results_with_calcs.csv
[skip]    /home/ubuntu/apps/election-app/win_prob/H/GA/01/data_output.csv
[skip]    /home/ubuntu/apps/election-app/win_prob/H/GA/01/data_output_with_margins_old.csv
[skip]    /home/ubuntu/apps/election-app/win_prob/H/GA/01/data_output_with_margins.csv
[skip]    /home/ubuntu/apps/election-app/win_prob/H/GA/01/data_output_with_margins-statewide.csv
[deleted] /home/ubuntu/apps/election-app/win_prob/H/GA/01/snapshots_GA.csv
[deleted] /home/ubuntu/apps/election-app/win_prob/H/GA/01/data_output_GA_with_margins.csv
[deleted] /home/ubuntu/apps/election-app/win_prob/H/GA/01/data_output_GA_with_margins_statewide_eevp.csv
[deleted] /home/ubuntu/apps/election-app/win_prob/H/GA/01/data_output_GA.csv
[deleted] /home/ubuntu/apps/election-app/win_prob/H/GA/01/data_output_GA.csv.checkpoint.json
[deleted] /home/ubuntu/apps/election-app/win_prob/H/GA/01/stats.csv
[deleted] /home/ubuntu/apps/election-app/win_prob/H/GA/01/stats2.csv
[done] removed 16 file(s)
[2026-01-24 21:10:05] INFO: [PIPELINE] args: office=H state=GA district=01
[2026-01-24 21:10:05] INFO: [PIPELINE] WINPROB_DIR resolved to: /home/ubuntu/apps/election-app/win_prob/H/GA/01
[2026-01-24 21:10:05] INFO: [PIPELINE] OUTDIR set to: /home/ubuntu/apps/election-app/win_prob/H/GA/01

$ /home/ubuntu/.venv/bin/python3 /home/ubuntu/apps/election-app/stats/1-statewide.py --input /home/ubuntu/apps/election-app/win_prob/H/GA/01/stats.csv --output /home/ubuntu/apps/election-app/win_prob/H/GA/01/_work/stats_with_statewide.csv
Wrote /home/ubuntu/apps/election-app/win_prob/H/GA/01/_work/stats_with_statewide.csv (rows=15)

$ /home/ubuntu/.venv/bin/python3 /home/ubuntu/apps/election-app/stats/1-stats-2.py --input /home/ubuntu/apps/election-app/win_prob/H/GA/01/stats2.csv --output /home/ubuntu/apps/election-app/win_prob/H/GA/01/_work/stats2_final_headers.csv
Wrote /home/ubuntu/apps/election-app/win_prob/H/GA/01/_work/stats2_final_headers.csv (rows=15)

$ /home/ubuntu/.venv/bin/python3 /home/ubuntu/apps/election-app/stats/1-append-new.py
Wrote 2024_county_results_with_final-old.csv (rows=15, missing_final_matches=0)

$ /home/ubuntu/.venv/bin/python3 /home/ubuntu/apps/election-app/stats/1-change_header.py
Wrote: 2024_county_results_with_final.csv

$ /home/ubuntu/.venv/bin/python3 /home/ubuntu/apps/election-app/stats/1-cut-zero-fips.py
Wrote: 2024_county_results_with_final_1.csv
Rows before: 15
Rows after:  15
Dropped (fips == 0): 0

$ /home/ubuntu/.venv/bin/python3 /home/ubuntu/apps/election-app/stats/2-calc.py
Wrote 15 rows with calculations to /home/ubuntu/apps/election-app/win_prob/H/GA/01/_work/2024_county_results_with_calcs-old.csv

$ /home/ubuntu/.venv/bin/python3 /home/ubuntu/apps/election-app/stats/2-eevp.py
Wrote (no-op copy): 2024_county_results_with_calcs.csv
Columns:
 - timestamp
 - state
 - county
 - fips
 - trump_votes
 - harris_votes
 - other_votes
 - eevp
 - state_eevp
 - harris_votes_statewide
 - trump_votes_statewide
 - other_votes_statewide
 - final_state
 - final_county
 - final_fips
 - final_trump_votes
 - final_harris_votes
 - final_other_votes
 - harris_percent_snapshot
 - trump_percent_snapshot
 - margin_snapshot
 - harris_percent_final
 - trump_percent_final
 - margin_final
 - margin_difference
 - margin_difference_abs

$ /home/ubuntu/.venv/bin/python3 /home/ubuntu/apps/election-app/stats/3-calc-new.py
Wrote 15 rows with new columns to /home/ubuntu/apps/election-app/win_prob/H/GA/01/_work/2024_county_results_with_calcs_new.csv

$ /home/ubuntu/.venv/bin/python3 /home/ubuntu/apps/election-app/stats/4-stats.py
Reading 2024_county_results_with_calcs_new.csv...
Aggregating statewide totals...
Calculating percentages and margins...
Writing to output_statewide_stats.csv...
Done!
[2026-01-24 21:10:15] INFO: [PIPELINE] ENTER win-prob generation | states=['GA'] ts_list=['2024-11-05T15-30-22']

============================================================================
[01/1] STATE = GA
============================================================================

$ /home/ubuntu/.venv/bin/python3 /home/ubuntu/apps/election-app/stats/5-snapshots.py --state GA --input /home/ubuntu/apps/election-app/win_prob/H/GA/01/_work/output_statewide_stats.csv --output /home/ubuntu/apps/election-app/win_prob/H/GA/01/snapshots_GA.csv --start 2024-11-05T15-30-22 --end 2024-11-05T15-30-22 --use-window 1 --interval 30
Mode: windowed-one-state
Rows written: 15
Distinct states in output: GA
Rows per normalized timestamp (empty = unparseable):
  2024-11-05T15-30-22: 15
Wrote /home/ubuntu/apps/election-app/win_prob/H/GA/01/snapshots_GA.csv

$ /home/ubuntu/.venv/bin/python3 /home/ubuntu/apps/election-app/stats/6-pval.py /home/ubuntu/apps/election-app/win_prob/H/GA/01/snapshots_GA.csv -t /home/ubuntu/apps/election-app/stats/parameters.csv -o /home/ubuntu/apps/election-app/win_prob/H/GA/01/data_output_GA.csv -c 50
Done. Wrote: /home/ubuntu/apps/election-app/win_prob/H/GA/01/data_output_GA.csv
Total rows: 15 (chunked, resumable).
Computed columns for PVALS = [0.01, 0.1, 1, 2, 3, 5, 10, 15, 20, 25, 30, 35, 40, 45, 50, 55, 60, 65, 70, 75, 80, 85, 90, 95, 97, 98, 99, 99.9, 99.99]
Per p (leader): shift_{p}, margin_new_{p}, harris_percent_new_{p}, trump_percent_new_{p}, total_snapshot_{p}, total_expected_{p}, harris_votes_new_{p}, trump_votes_new_{p}
Per p (trailing): shift_trailing_{p}, margin_new_{p}_trailing, harris_percent_new_{p}_trailing, trump_percent_new_{p}_trailing, total_snapshot_{p}_trailing, total_expected_{p}_trailing, harris_votes_new_{p}_trailing, trump_votes_new_{p}_trailing
Checkpoint saved at: /home/ubuntu/apps/election-app/win_prob/H/GA/01/data_output_GA.csv.checkpoint.json

$ /home/ubuntu/.venv/bin/python3 /home/ubuntu/apps/election-app/stats/7-margin-new.py
Wrote data_output_with_margins_old.csv

$ /home/ubuntu/.venv/bin/python3 /home/ubuntu/apps/election-app/stats/7-eevp-statewide.py
Wrote data_output_with_margins.csv (copied from data_output_with_margins_old.csv)

$ /home/ubuntu/.venv/bin/python3 /home/ubuntu/apps/election-app/stats/7.py --input /home/ubuntu/apps/election-app/win_prob/H/GA/01/data_output_GA_with_margins_statewide_eevp.csv --output /home/ubuntu/apps/election-app/win_prob/H/GA/01/statewide_margin_pct_vs_percent_GA_2026.png --state GA --start 2024-11-05T15-30-22 --end 2024-11-05T15-30-22 --stats /home/ubuntu/apps/election-app/win_prob/H/GA/01/stats.csv --stats2 /home/ubuntu/apps/election-app/win_prob/H/GA/01/stats2.csv --interval 30 --year 2026 --jsonl /home/ubuntu/apps/election-app/win_prob/H/GA/01/plotdata_GA_2026_2026-01-24T21-10-05.jsonl
[info] evaluating 1 timestamps from 2024-11-05T15-30-22 to 2024-11-05T15-30-22 every 30 minutes
[saved] probs_timeseries_GA.csv  (1 points)
[saved] /home/ubuntu/apps/election-app/win_prob/H/GA/01/plotdata_GA_2026_2026-01-24T21-10-05.jsonl  (4 points)
[saved] /home/ubuntu/apps/election-app/win_prob/H/GA/01/statewide_margin_pct_vs_percent_GA_2026_box.json
[saved] /home/ubuntu/apps/election-app/win_prob/H/GA/01/statewide_margin_pct_vs_percent_GA_2026_box.png
[saved] /home/ubuntu/apps/election-app/win_prob/H/GA/01/statewide_margin_pct_vs_percent_GA_2026.png

All 50 states complete. See: /home/ubuntu/apps/election-app/win_prob/H/GA/01

$ /home/ubuntu/.venv/bin/python3 /home/ubuntu/apps/election-app/stats/8.py --root /home/ubuntu/apps/election-app/win_prob/H/GA/01/_work --outdir /home/ubuntu/apps/election-app/win_prob/H/GA/01
[info] root  = /home/ubuntu/apps/election-app/win_prob/H/GA/01/_work
[info] outdir= /home/ubuntu/apps/election-app/win_prob/H/GA/01
[deleted] /home/ubuntu/apps/election-app/win_prob/H/GA/01/_work/stats_with_statewide.csv
[deleted] /home/ubuntu/apps/election-app/win_prob/H/GA/01/_work/stats2_final_headers.csv
[deleted] /home/ubuntu/apps/election-app/win_prob/H/GA/01/_work/2024_county_results_with_final-old.csv
[deleted] /home/ubuntu/apps/election-app/win_prob/H/GA/01/_work/2024_county_results_with_final.csv
[deleted] /home/ubuntu/apps/election-app/win_prob/H/GA/01/_work/2024_county_results_with_final_1.csv
[deleted] /home/ubuntu/apps/election-app/win_prob/H/GA/01/_work/2024_county_results_with_calcs-old.csv
[deleted] /home/ubuntu/apps/election-app/win_prob/H/GA/01/_work/2024_county_results_with_calcs_new.csv
[deleted] /home/ubuntu/apps/election-app/win_prob/H/GA/01/_work/output_statewide_stats.csv
[skip]    /home/ubuntu/apps/election-app/win_prob/H/GA/01/_work/probs_timeseries_PA.csv
[deleted] /home/ubuntu/apps/election-app/win_prob/H/GA/01/_work/2024_county_results_with_calcs.csv
[skip]    /home/ubuntu/apps/election-app/win_prob/H/GA/01/data_output.csv
[skip]    /home/ubuntu/apps/election-app/win_prob/H/GA/01/data_output_with_margins_old.csv
[skip]    /home/ubuntu/apps/election-app/win_prob/H/GA/01/data_output_with_margins.csv
[skip]    /home/ubuntu/apps/election-app/win_prob/H/GA/01/data_output_with_margins-statewide.csv
[deleted] /home/ubuntu/apps/election-app/win_prob/H/GA/01/snapshots_GA.csv
[deleted] /home/ubuntu/apps/election-app/win_prob/H/GA/01/data_output_GA_with_margins.csv
[deleted] /home/ubuntu/apps/election-app/win_prob/H/GA/01/data_output_GA_with_margins_statewide_eevp.csv
[deleted] /home/ubuntu/apps/election-app/win_prob/H/GA/01/data_output_GA.csv
[deleted] /home/ubuntu/apps/election-app/win_prob/H/GA/01/data_output_GA.csv.checkpoint.json
[deleted] /home/ubuntu/apps/election-app/win_prob/H/GA/01/stats.csv
[deleted] /home/ubuntu/apps/election-app/win_prob/H/GA/01/stats2.csv
[done] removed 16 file(s)
[2026-01-24 21:17:08] INFO: [PIPELINE] args: office=H state=GA district=01
[2026-01-24 21:17:08] INFO: [PIPELINE] WINPROB_DIR resolved to: /home/ubuntu/apps/election-app/win_prob/H/GA/01
[2026-01-24 21:17:08] INFO: [PIPELINE] OUTDIR set to: /home/ubuntu/apps/election-app/win_prob/H/GA/01

$ /home/ubuntu/.venv/bin/python3 /home/ubuntu/apps/election-app/stats/1-statewide.py --input /home/ubuntu/apps/election-app/win_prob/H/GA/01/stats.csv --output /home/ubuntu/apps/election-app/win_prob/H/GA/01/_work/stats_with_statewide.csv
Wrote /home/ubuntu/apps/election-app/win_prob/H/GA/01/_work/stats_with_statewide.csv (rows=15)

$ /home/ubuntu/.venv/bin/python3 /home/ubuntu/apps/election-app/stats/1-stats-2.py --input /home/ubuntu/apps/election-app/win_prob/H/GA/01/stats2.csv --output /home/ubuntu/apps/election-app/win_prob/H/GA/01/_work/stats2_final_headers.csv
Wrote /home/ubuntu/apps/election-app/win_prob/H/GA/01/_work/stats2_final_headers.csv (rows=15)

$ /home/ubuntu/.venv/bin/python3 /home/ubuntu/apps/election-app/stats/1-append-new.py
Wrote 2024_county_results_with_final-old.csv (rows=15, missing_final_matches=0)

$ /home/ubuntu/.venv/bin/python3 /home/ubuntu/apps/election-app/stats/1-change_header.py
Wrote: 2024_county_results_with_final.csv

$ /home/ubuntu/.venv/bin/python3 /home/ubuntu/apps/election-app/stats/1-cut-zero-fips.py
Wrote: 2024_county_results_with_final_1.csv
Rows before: 15
Rows after:  15
Dropped (fips == 0): 0

$ /home/ubuntu/.venv/bin/python3 /home/ubuntu/apps/election-app/stats/2-calc.py
Wrote 15 rows with calculations to /home/ubuntu/apps/election-app/win_prob/H/GA/01/_work/2024_county_results_with_calcs-old.csv

$ /home/ubuntu/.venv/bin/python3 /home/ubuntu/apps/election-app/stats/2-eevp.py
Wrote (no-op copy): 2024_county_results_with_calcs.csv
Columns:
 - timestamp
 - state
 - county
 - fips
 - trump_votes
 - harris_votes
 - other_votes
 - eevp
 - state_eevp
 - harris_votes_statewide
 - trump_votes_statewide
 - other_votes_statewide
 - final_state
 - final_county
 - final_fips
 - final_trump_votes
 - final_harris_votes
 - final_other_votes
 - harris_percent_snapshot
 - trump_percent_snapshot
 - margin_snapshot
 - harris_percent_final
 - trump_percent_final
 - margin_final
 - margin_difference
 - margin_difference_abs

$ /home/ubuntu/.venv/bin/python3 /home/ubuntu/apps/election-app/stats/3-calc-new.py
Wrote 15 rows with new columns to /home/ubuntu/apps/election-app/win_prob/H/GA/01/_work/2024_county_results_with_calcs_new.csv

$ /home/ubuntu/.venv/bin/python3 /home/ubuntu/apps/election-app/stats/4-stats.py
Reading 2024_county_results_with_calcs_new.csv...
Aggregating statewide totals...
Calculating percentages and margins...
Writing to output_statewide_stats.csv...
Done!
[2026-01-24 21:17:19] INFO: [PIPELINE] ENTER win-prob generation | states=['GA'] ts_list=['2024-11-05T15-30-22']

============================================================================
[01/1] STATE = GA
============================================================================

$ /home/ubuntu/.venv/bin/python3 /home/ubuntu/apps/election-app/stats/5-snapshots.py --state GA --input /home/ubuntu/apps/election-app/win_prob/H/GA/01/_work/output_statewide_stats.csv --output /home/ubuntu/apps/election-app/win_prob/H/GA/01/snapshots_GA.csv --start 2024-11-05T15-30-22 --end 2024-11-05T15-30-22 --use-window 1 --interval 30
Mode: windowed-one-state
Rows written: 15
Distinct states in output: GA
Rows per normalized timestamp (empty = unparseable):
  2024-11-05T15-30-22: 15
Wrote /home/ubuntu/apps/election-app/win_prob/H/GA/01/snapshots_GA.csv

$ /home/ubuntu/.venv/bin/python3 /home/ubuntu/apps/election-app/stats/6-pval.py /home/ubuntu/apps/election-app/win_prob/H/GA/01/snapshots_GA.csv -t /home/ubuntu/apps/election-app/stats/parameters.csv -o /home/ubuntu/apps/election-app/win_prob/H/GA/01/data_output_GA.csv -c 50
Done. Wrote: /home/ubuntu/apps/election-app/win_prob/H/GA/01/data_output_GA.csv
Total rows: 15 (chunked, resumable).
Computed columns for PVALS = [0.01, 0.1, 1, 2, 3, 5, 10, 15, 20, 25, 30, 35, 40, 45, 50, 55, 60, 65, 70, 75, 80, 85, 90, 95, 97, 98, 99, 99.9, 99.99]
Per p (leader): shift_{p}, margin_new_{p}, harris_percent_new_{p}, trump_percent_new_{p}, total_snapshot_{p}, total_expected_{p}, harris_votes_new_{p}, trump_votes_new_{p}
Per p (trailing): shift_trailing_{p}, margin_new_{p}_trailing, harris_percent_new_{p}_trailing, trump_percent_new_{p}_trailing, total_snapshot_{p}_trailing, total_expected_{p}_trailing, harris_votes_new_{p}_trailing, trump_votes_new_{p}_trailing
Checkpoint saved at: /home/ubuntu/apps/election-app/win_prob/H/GA/01/data_output_GA.csv.checkpoint.json

$ /home/ubuntu/.venv/bin/python3 /home/ubuntu/apps/election-app/stats/7-margin-new.py
Wrote data_output_with_margins_old.csv

$ /home/ubuntu/.venv/bin/python3 /home/ubuntu/apps/election-app/stats/7-eevp-statewide.py
Wrote data_output_with_margins.csv (copied from data_output_with_margins_old.csv)

$ /home/ubuntu/.venv/bin/python3 /home/ubuntu/apps/election-app/stats/7.py --input /home/ubuntu/apps/election-app/win_prob/H/GA/01/data_output_GA_with_margins_statewide_eevp.csv --output /home/ubuntu/apps/election-app/win_prob/H/GA/01/statewide_margin_pct_vs_percent_GA_2026.png --state GA --start 2024-11-05T15-30-22 --end 2024-11-05T15-30-22 --stats /home/ubuntu/apps/election-app/win_prob/H/GA/01/stats.csv --stats2 /home/ubuntu/apps/election-app/win_prob/H/GA/01/stats2.csv --interval 30 --year 2026 --jsonl /home/ubuntu/apps/election-app/win_prob/H/GA/01/plotdata_GA_2026_2026-01-24T21-17-08.jsonl
[info] evaluating 1 timestamps from 2024-11-05T15-30-22 to 2024-11-05T15-30-22 every 30 minutes
[saved] probs_timeseries_GA.csv  (1 points)
[saved] /home/ubuntu/apps/election-app/win_prob/H/GA/01/plotdata_GA_2026_2026-01-24T21-17-08.jsonl  (4 points)
[saved] /home/ubuntu/apps/election-app/win_prob/H/GA/01/statewide_margin_pct_vs_percent_GA_2026_box.json
[saved] /home/ubuntu/apps/election-app/win_prob/H/GA/01/statewide_margin_pct_vs_percent_GA_2026_box.png
[saved] /home/ubuntu/apps/election-app/win_prob/H/GA/01/statewide_margin_pct_vs_percent_GA_2026.png

All 50 states complete. See: /home/ubuntu/apps/election-app/win_prob/H/GA/01

$ /home/ubuntu/.venv/bin/python3 /home/ubuntu/apps/election-app/stats/8.py --root /home/ubuntu/apps/election-app/win_prob/H/GA/01/_work --outdir /home/ubuntu/apps/election-app/win_prob/H/GA/01
[info] root  = /home/ubuntu/apps/election-app/win_prob/H/GA/01/_work
[info] outdir= /home/ubuntu/apps/election-app/win_prob/H/GA/01
[deleted] /home/ubuntu/apps/election-app/win_prob/H/GA/01/_work/stats_with_statewide.csv
[deleted] /home/ubuntu/apps/election-app/win_prob/H/GA/01/_work/stats2_final_headers.csv
[deleted] /home/ubuntu/apps/election-app/win_prob/H/GA/01/_work/2024_county_results_with_final-old.csv
[deleted] /home/ubuntu/apps/election-app/win_prob/H/GA/01/_work/2024_county_results_with_final.csv
[deleted] /home/ubuntu/apps/election-app/win_prob/H/GA/01/_work/2024_county_results_with_final_1.csv
[deleted] /home/ubuntu/apps/election-app/win_prob/H/GA/01/_work/2024_county_results_with_calcs-old.csv
[deleted] /home/ubuntu/apps/election-app/win_prob/H/GA/01/_work/2024_county_results_with_calcs_new.csv
[deleted] /home/ubuntu/apps/election-app/win_prob/H/GA/01/_work/output_statewide_stats.csv
[skip]    /home/ubuntu/apps/election-app/win_prob/H/GA/01/_work/probs_timeseries_PA.csv
[deleted] /home/ubuntu/apps/election-app/win_prob/H/GA/01/_work/2024_county_results_with_calcs.csv
[skip]    /home/ubuntu/apps/election-app/win_prob/H/GA/01/data_output.csv
[skip]    /home/ubuntu/apps/election-app/win_prob/H/GA/01/data_output_with_margins_old.csv
[skip]    /home/ubuntu/apps/election-app/win_prob/H/GA/01/data_output_with_margins.csv
[skip]    /home/ubuntu/apps/election-app/win_prob/H/GA/01/data_output_with_margins-statewide.csv
[deleted] /home/ubuntu/apps/election-app/win_prob/H/GA/01/snapshots_GA.csv
[deleted] /home/ubuntu/apps/election-app/win_prob/H/GA/01/data_output_GA_with_margins.csv
[deleted] /home/ubuntu/apps/election-app/win_prob/H/GA/01/data_output_GA_with_margins_statewide_eevp.csv
[deleted] /home/ubuntu/apps/election-app/win_prob/H/GA/01/data_output_GA.csv
[deleted] /home/ubuntu/apps/election-app/win_prob/H/GA/01/data_output_GA.csv.checkpoint.json
[deleted] /home/ubuntu/apps/election-app/win_prob/H/GA/01/stats.csv
[deleted] /home/ubuntu/apps/election-app/win_prob/H/GA/01/stats2.csv
[done] removed 16 file(s)
[2026-01-24 21:24:12] INFO: [PIPELINE] args: office=H state=GA district=01
[2026-01-24 21:24:12] INFO: [PIPELINE] WINPROB_DIR resolved to: /home/ubuntu/apps/election-app/win_prob/H/GA/01
[2026-01-24 21:24:12] INFO: [PIPELINE] OUTDIR set to: /home/ubuntu/apps/election-app/win_prob/H/GA/01

$ /home/ubuntu/.venv/bin/python3 /home/ubuntu/apps/election-app/stats/1-statewide.py --input /home/ubuntu/apps/election-app/win_prob/H/GA/01/stats.csv --output /home/ubuntu/apps/election-app/win_prob/H/GA/01/_work/stats_with_statewide.csv
Wrote /home/ubuntu/apps/election-app/win_prob/H/GA/01/_work/stats_with_statewide.csv (rows=15)

$ /home/ubuntu/.venv/bin/python3 /home/ubuntu/apps/election-app/stats/1-stats-2.py --input /home/ubuntu/apps/election-app/win_prob/H/GA/01/stats2.csv --output /home/ubuntu/apps/election-app/win_prob/H/GA/01/_work/stats2_final_headers.csv
Wrote /home/ubuntu/apps/election-app/win_prob/H/GA/01/_work/stats2_final_headers.csv (rows=15)

$ /home/ubuntu/.venv/bin/python3 /home/ubuntu/apps/election-app/stats/1-append-new.py
Wrote 2024_county_results_with_final-old.csv (rows=15, missing_final_matches=0)

$ /home/ubuntu/.venv/bin/python3 /home/ubuntu/apps/election-app/stats/1-change_header.py
Wrote: 2024_county_results_with_final.csv

$ /home/ubuntu/.venv/bin/python3 /home/ubuntu/apps/election-app/stats/1-cut-zero-fips.py
Wrote: 2024_county_results_with_final_1.csv
Rows before: 15
Rows after:  15
Dropped (fips == 0): 0

$ /home/ubuntu/.venv/bin/python3 /home/ubuntu/apps/election-app/stats/2-calc.py
Wrote 15 rows with calculations to /home/ubuntu/apps/election-app/win_prob/H/GA/01/_work/2024_county_results_with_calcs-old.csv

$ /home/ubuntu/.venv/bin/python3 /home/ubuntu/apps/election-app/stats/2-eevp.py
Wrote (no-op copy): 2024_county_results_with_calcs.csv
Columns:
 - timestamp
 - state
 - county
 - fips
 - trump_votes
 - harris_votes
 - other_votes
 - eevp
 - state_eevp
 - harris_votes_statewide
 - trump_votes_statewide
 - other_votes_statewide
 - final_state
 - final_county
 - final_fips
 - final_trump_votes
 - final_harris_votes
 - final_other_votes
 - harris_percent_snapshot
 - trump_percent_snapshot
 - margin_snapshot
 - harris_percent_final
 - trump_percent_final
 - margin_final
 - margin_difference
 - margin_difference_abs

$ /home/ubuntu/.venv/bin/python3 /home/ubuntu/apps/election-app/stats/3-calc-new.py
Wrote 15 rows with new columns to /home/ubuntu/apps/election-app/win_prob/H/GA/01/_work/2024_county_results_with_calcs_new.csv

$ /home/ubuntu/.venv/bin/python3 /home/ubuntu/apps/election-app/stats/4-stats.py
Reading 2024_county_results_with_calcs_new.csv...
Aggregating statewide totals...
Calculating percentages and margins...
Writing to output_statewide_stats.csv...
Done!
[2026-01-24 21:24:22] INFO: [PIPELINE] ENTER win-prob generation | states=['GA'] ts_list=['2024-11-05T15-30-22']

============================================================================
[01/1] STATE = GA
============================================================================

$ /home/ubuntu/.venv/bin/python3 /home/ubuntu/apps/election-app/stats/5-snapshots.py --state GA --input /home/ubuntu/apps/election-app/win_prob/H/GA/01/_work/output_statewide_stats.csv --output /home/ubuntu/apps/election-app/win_prob/H/GA/01/snapshots_GA.csv --start 2024-11-05T15-30-22 --end 2024-11-05T15-30-22 --use-window 1 --interval 30
Mode: windowed-one-state
Rows written: 15
Distinct states in output: GA
Rows per normalized timestamp (empty = unparseable):
  2024-11-05T15-30-22: 15
Wrote /home/ubuntu/apps/election-app/win_prob/H/GA/01/snapshots_GA.csv

$ /home/ubuntu/.venv/bin/python3 /home/ubuntu/apps/election-app/stats/6-pval.py /home/ubuntu/apps/election-app/win_prob/H/GA/01/snapshots_GA.csv -t /home/ubuntu/apps/election-app/stats/parameters.csv -o /home/ubuntu/apps/election-app/win_prob/H/GA/01/data_output_GA.csv -c 50
Done. Wrote: /home/ubuntu/apps/election-app/win_prob/H/GA/01/data_output_GA.csv
Total rows: 15 (chunked, resumable).
Computed columns for PVALS = [0.01, 0.1, 1, 2, 3, 5, 10, 15, 20, 25, 30, 35, 40, 45, 50, 55, 60, 65, 70, 75, 80, 85, 90, 95, 97, 98, 99, 99.9, 99.99]
Per p (leader): shift_{p}, margin_new_{p}, harris_percent_new_{p}, trump_percent_new_{p}, total_snapshot_{p}, total_expected_{p}, harris_votes_new_{p}, trump_votes_new_{p}
Per p (trailing): shift_trailing_{p}, margin_new_{p}_trailing, harris_percent_new_{p}_trailing, trump_percent_new_{p}_trailing, total_snapshot_{p}_trailing, total_expected_{p}_trailing, harris_votes_new_{p}_trailing, trump_votes_new_{p}_trailing
Checkpoint saved at: /home/ubuntu/apps/election-app/win_prob/H/GA/01/data_output_GA.csv.checkpoint.json

$ /home/ubuntu/.venv/bin/python3 /home/ubuntu/apps/election-app/stats/7-margin-new.py
Wrote data_output_with_margins_old.csv

$ /home/ubuntu/.venv/bin/python3 /home/ubuntu/apps/election-app/stats/7-eevp-statewide.py
Wrote data_output_with_margins.csv (copied from data_output_with_margins_old.csv)

$ /home/ubuntu/.venv/bin/python3 /home/ubuntu/apps/election-app/stats/7.py --input /home/ubuntu/apps/election-app/win_prob/H/GA/01/data_output_GA_with_margins_statewide_eevp.csv --output /home/ubuntu/apps/election-app/win_prob/H/GA/01/statewide_margin_pct_vs_percent_GA_2026.png --state GA --start 2024-11-05T15-30-22 --end 2024-11-05T15-30-22 --stats /home/ubuntu/apps/election-app/win_prob/H/GA/01/stats.csv --stats2 /home/ubuntu/apps/election-app/win_prob/H/GA/01/stats2.csv --interval 30 --year 2026 --jsonl /home/ubuntu/apps/election-app/win_prob/H/GA/01/plotdata_GA_2026_2026-01-24T21-24-12.jsonl
[info] evaluating 1 timestamps from 2024-11-05T15-30-22 to 2024-11-05T15-30-22 every 30 minutes
[saved] probs_timeseries_GA.csv  (1 points)
[saved] /home/ubuntu/apps/election-app/win_prob/H/GA/01/plotdata_GA_2026_2026-01-24T21-24-12.jsonl  (4 points)
[saved] /home/ubuntu/apps/election-app/win_prob/H/GA/01/statewide_margin_pct_vs_percent_GA_2026_box.json
[saved] /home/ubuntu/apps/election-app/win_prob/H/GA/01/statewide_margin_pct_vs_percent_GA_2026_box.png
[saved] /home/ubuntu/apps/election-app/win_prob/H/GA/01/statewide_margin_pct_vs_percent_GA_2026.png

All 50 states complete. See: /home/ubuntu/apps/election-app/win_prob/H/GA/01

$ /home/ubuntu/.venv/bin/python3 /home/ubuntu/apps/election-app/stats/8.py --root /home/ubuntu/apps/election-app/win_prob/H/GA/01/_work --outdir /home/ubuntu/apps/election-app/win_prob/H/GA/01
[info] root  = /home/ubuntu/apps/election-app/win_prob/H/GA/01/_work
[info] outdir= /home/ubuntu/apps/election-app/win_prob/H/GA/01
[deleted] /home/ubuntu/apps/election-app/win_prob/H/GA/01/_work/stats_with_statewide.csv
[deleted] /home/ubuntu/apps/election-app/win_prob/H/GA/01/_work/stats2_final_headers.csv
[deleted] /home/ubuntu/apps/election-app/win_prob/H/GA/01/_work/2024_county_results_with_final-old.csv
[deleted] /home/ubuntu/apps/election-app/win_prob/H/GA/01/_work/2024_county_results_with_final.csv
[deleted] /home/ubuntu/apps/election-app/win_prob/H/GA/01/_work/2024_county_results_with_final_1.csv
[deleted] /home/ubuntu/apps/election-app/win_prob/H/GA/01/_work/2024_county_results_with_calcs-old.csv
[deleted] /home/ubuntu/apps/election-app/win_prob/H/GA/01/_work/2024_county_results_with_calcs_new.csv
[deleted] /home/ubuntu/apps/election-app/win_prob/H/GA/01/_work/output_statewide_stats.csv
[skip]    /home/ubuntu/apps/election-app/win_prob/H/GA/01/_work/probs_timeseries_PA.csv
[deleted] /home/ubuntu/apps/election-app/win_prob/H/GA/01/_work/2024_county_results_with_calcs.csv
[skip]    /home/ubuntu/apps/election-app/win_prob/H/GA/01/data_output.csv
[skip]    /home/ubuntu/apps/election-app/win_prob/H/GA/01/data_output_with_margins_old.csv
[skip]    /home/ubuntu/apps/election-app/win_prob/H/GA/01/data_output_with_margins.csv
[skip]    /home/ubuntu/apps/election-app/win_prob/H/GA/01/data_output_with_margins-statewide.csv
[deleted] /home/ubuntu/apps/election-app/win_prob/H/GA/01/snapshots_GA.csv
[deleted] /home/ubuntu/apps/election-app/win_prob/H/GA/01/data_output_GA_with_margins.csv
[deleted] /home/ubuntu/apps/election-app/win_prob/H/GA/01/data_output_GA_with_margins_statewide_eevp.csv
[deleted] /home/ubuntu/apps/election-app/win_prob/H/GA/01/data_output_GA.csv
[deleted] /home/ubuntu/apps/election-app/win_prob/H/GA/01/data_output_GA.csv.checkpoint.json
[deleted] /home/ubuntu/apps/election-app/win_prob/H/GA/01/stats.csv
[deleted] /home/ubuntu/apps/election-app/win_prob/H/GA/01/stats2.csv
[done] removed 16 file(s)
[2026-01-24 21:31:15] INFO: [PIPELINE] args: office=H state=GA district=01
[2026-01-24 21:31:15] INFO: [PIPELINE] WINPROB_DIR resolved to: /home/ubuntu/apps/election-app/win_prob/H/GA/01
[2026-01-24 21:31:15] INFO: [PIPELINE] OUTDIR set to: /home/ubuntu/apps/election-app/win_prob/H/GA/01

$ /home/ubuntu/.venv/bin/python3 /home/ubuntu/apps/election-app/stats/1-statewide.py --input /home/ubuntu/apps/election-app/win_prob/H/GA/01/stats.csv --output /home/ubuntu/apps/election-app/win_prob/H/GA/01/_work/stats_with_statewide.csv
Wrote /home/ubuntu/apps/election-app/win_prob/H/GA/01/_work/stats_with_statewide.csv (rows=15)

$ /home/ubuntu/.venv/bin/python3 /home/ubuntu/apps/election-app/stats/1-stats-2.py --input /home/ubuntu/apps/election-app/win_prob/H/GA/01/stats2.csv --output /home/ubuntu/apps/election-app/win_prob/H/GA/01/_work/stats2_final_headers.csv
Wrote /home/ubuntu/apps/election-app/win_prob/H/GA/01/_work/stats2_final_headers.csv (rows=15)

$ /home/ubuntu/.venv/bin/python3 /home/ubuntu/apps/election-app/stats/1-append-new.py
Wrote 2024_county_results_with_final-old.csv (rows=15, missing_final_matches=0)

$ /home/ubuntu/.venv/bin/python3 /home/ubuntu/apps/election-app/stats/1-change_header.py
Wrote: 2024_county_results_with_final.csv

$ /home/ubuntu/.venv/bin/python3 /home/ubuntu/apps/election-app/stats/1-cut-zero-fips.py
Wrote: 2024_county_results_with_final_1.csv
Rows before: 15
Rows after:  15
Dropped (fips == 0): 0

$ /home/ubuntu/.venv/bin/python3 /home/ubuntu/apps/election-app/stats/2-calc.py
Wrote 15 rows with calculations to /home/ubuntu/apps/election-app/win_prob/H/GA/01/_work/2024_county_results_with_calcs-old.csv

$ /home/ubuntu/.venv/bin/python3 /home/ubuntu/apps/election-app/stats/2-eevp.py
Wrote (no-op copy): 2024_county_results_with_calcs.csv
Columns:
 - timestamp
 - state
 - county
 - fips
 - trump_votes
 - harris_votes
 - other_votes
 - eevp
 - state_eevp
 - harris_votes_statewide
 - trump_votes_statewide
 - other_votes_statewide
 - final_state
 - final_county
 - final_fips
 - final_trump_votes
 - final_harris_votes
 - final_other_votes
 - harris_percent_snapshot
 - trump_percent_snapshot
 - margin_snapshot
 - harris_percent_final
 - trump_percent_final
 - margin_final
 - margin_difference
 - margin_difference_abs

$ /home/ubuntu/.venv/bin/python3 /home/ubuntu/apps/election-app/stats/3-calc-new.py
Wrote 15 rows with new columns to /home/ubuntu/apps/election-app/win_prob/H/GA/01/_work/2024_county_results_with_calcs_new.csv

$ /home/ubuntu/.venv/bin/python3 /home/ubuntu/apps/election-app/stats/4-stats.py
Reading 2024_county_results_with_calcs_new.csv...
Aggregating statewide totals...
Calculating percentages and margins...
Writing to output_statewide_stats.csv...
Done!
[2026-01-24 21:31:25] INFO: [PIPELINE] ENTER win-prob generation | states=['GA'] ts_list=['2024-11-05T15-30-22']

============================================================================
[01/1] STATE = GA
============================================================================

$ /home/ubuntu/.venv/bin/python3 /home/ubuntu/apps/election-app/stats/5-snapshots.py --state GA --input /home/ubuntu/apps/election-app/win_prob/H/GA/01/_work/output_statewide_stats.csv --output /home/ubuntu/apps/election-app/win_prob/H/GA/01/snapshots_GA.csv --start 2024-11-05T15-30-22 --end 2024-11-05T15-30-22 --use-window 1 --interval 30
Mode: windowed-one-state
Rows written: 15
Distinct states in output: GA
Rows per normalized timestamp (empty = unparseable):
  2024-11-05T15-30-22: 15
Wrote /home/ubuntu/apps/election-app/win_prob/H/GA/01/snapshots_GA.csv

$ /home/ubuntu/.venv/bin/python3 /home/ubuntu/apps/election-app/stats/6-pval.py /home/ubuntu/apps/election-app/win_prob/H/GA/01/snapshots_GA.csv -t /home/ubuntu/apps/election-app/stats/parameters.csv -o /home/ubuntu/apps/election-app/win_prob/H/GA/01/data_output_GA.csv -c 50
Done. Wrote: /home/ubuntu/apps/election-app/win_prob/H/GA/01/data_output_GA.csv
Total rows: 15 (chunked, resumable).
Computed columns for PVALS = [0.01, 0.1, 1, 2, 3, 5, 10, 15, 20, 25, 30, 35, 40, 45, 50, 55, 60, 65, 70, 75, 80, 85, 90, 95, 97, 98, 99, 99.9, 99.99]
Per p (leader): shift_{p}, margin_new_{p}, harris_percent_new_{p}, trump_percent_new_{p}, total_snapshot_{p}, total_expected_{p}, harris_votes_new_{p}, trump_votes_new_{p}
Per p (trailing): shift_trailing_{p}, margin_new_{p}_trailing, harris_percent_new_{p}_trailing, trump_percent_new_{p}_trailing, total_snapshot_{p}_trailing, total_expected_{p}_trailing, harris_votes_new_{p}_trailing, trump_votes_new_{p}_trailing
Checkpoint saved at: /home/ubuntu/apps/election-app/win_prob/H/GA/01/data_output_GA.csv.checkpoint.json

$ /home/ubuntu/.venv/bin/python3 /home/ubuntu/apps/election-app/stats/7-margin-new.py
Wrote data_output_with_margins_old.csv

$ /home/ubuntu/.venv/bin/python3 /home/ubuntu/apps/election-app/stats/7-eevp-statewide.py
Wrote data_output_with_margins.csv (copied from data_output_with_margins_old.csv)

$ /home/ubuntu/.venv/bin/python3 /home/ubuntu/apps/election-app/stats/7.py --input /home/ubuntu/apps/election-app/win_prob/H/GA/01/data_output_GA_with_margins_statewide_eevp.csv --output /home/ubuntu/apps/election-app/win_prob/H/GA/01/statewide_margin_pct_vs_percent_GA_2026.png --state GA --start 2024-11-05T15-30-22 --end 2024-11-05T15-30-22 --stats /home/ubuntu/apps/election-app/win_prob/H/GA/01/stats.csv --stats2 /home/ubuntu/apps/election-app/win_prob/H/GA/01/stats2.csv --interval 30 --year 2026 --jsonl /home/ubuntu/apps/election-app/win_prob/H/GA/01/plotdata_GA_2026_2026-01-24T21-31-15.jsonl
[info] evaluating 1 timestamps from 2024-11-05T15-30-22 to 2024-11-05T15-30-22 every 30 minutes
[saved] probs_timeseries_GA.csv  (1 points)
[saved] /home/ubuntu/apps/election-app/win_prob/H/GA/01/plotdata_GA_2026_2026-01-24T21-31-15.jsonl  (4 points)
[saved] /home/ubuntu/apps/election-app/win_prob/H/GA/01/statewide_margin_pct_vs_percent_GA_2026_box.json
[saved] /home/ubuntu/apps/election-app/win_prob/H/GA/01/statewide_margin_pct_vs_percent_GA_2026_box.png
[saved] /home/ubuntu/apps/election-app/win_prob/H/GA/01/statewide_margin_pct_vs_percent_GA_2026.png

All 50 states complete. See: /home/ubuntu/apps/election-app/win_prob/H/GA/01

$ /home/ubuntu/.venv/bin/python3 /home/ubuntu/apps/election-app/stats/8.py --root /home/ubuntu/apps/election-app/win_prob/H/GA/01/_work --outdir /home/ubuntu/apps/election-app/win_prob/H/GA/01
[info] root  = /home/ubuntu/apps/election-app/win_prob/H/GA/01/_work
[info] outdir= /home/ubuntu/apps/election-app/win_prob/H/GA/01
[deleted] /home/ubuntu/apps/election-app/win_prob/H/GA/01/_work/stats_with_statewide.csv
[deleted] /home/ubuntu/apps/election-app/win_prob/H/GA/01/_work/stats2_final_headers.csv
[deleted] /home/ubuntu/apps/election-app/win_prob/H/GA/01/_work/2024_county_results_with_final-old.csv
[deleted] /home/ubuntu/apps/election-app/win_prob/H/GA/01/_work/2024_county_results_with_final.csv
[deleted] /home/ubuntu/apps/election-app/win_prob/H/GA/01/_work/2024_county_results_with_final_1.csv
[deleted] /home/ubuntu/apps/election-app/win_prob/H/GA/01/_work/2024_county_results_with_calcs-old.csv
[deleted] /home/ubuntu/apps/election-app/win_prob/H/GA/01/_work/2024_county_results_with_calcs_new.csv
[deleted] /home/ubuntu/apps/election-app/win_prob/H/GA/01/_work/output_statewide_stats.csv
[skip]    /home/ubuntu/apps/election-app/win_prob/H/GA/01/_work/probs_timeseries_PA.csv
[deleted] /home/ubuntu/apps/election-app/win_prob/H/GA/01/_work/2024_county_results_with_calcs.csv
[skip]    /home/ubuntu/apps/election-app/win_prob/H/GA/01/data_output.csv
[skip]    /home/ubuntu/apps/election-app/win_prob/H/GA/01/data_output_with_margins_old.csv
[skip]    /home/ubuntu/apps/election-app/win_prob/H/GA/01/data_output_with_margins.csv
[skip]    /home/ubuntu/apps/election-app/win_prob/H/GA/01/data_output_with_margins-statewide.csv
[deleted] /home/ubuntu/apps/election-app/win_prob/H/GA/01/snapshots_GA.csv
[deleted] /home/ubuntu/apps/election-app/win_prob/H/GA/01/data_output_GA_with_margins.csv
[deleted] /home/ubuntu/apps/election-app/win_prob/H/GA/01/data_output_GA_with_margins_statewide_eevp.csv
[deleted] /home/ubuntu/apps/election-app/win_prob/H/GA/01/data_output_GA.csv
[deleted] /home/ubuntu/apps/election-app/win_prob/H/GA/01/data_output_GA.csv.checkpoint.json
[deleted] /home/ubuntu/apps/election-app/win_prob/H/GA/01/stats.csv
[deleted] /home/ubuntu/apps/election-app/win_prob/H/GA/01/stats2.csv
[done] removed 16 file(s)
[2026-01-24 21:38:18] INFO: [PIPELINE] args: office=H state=GA district=01
[2026-01-24 21:38:18] INFO: [PIPELINE] WINPROB_DIR resolved to: /home/ubuntu/apps/election-app/win_prob/H/GA/01
[2026-01-24 21:38:18] INFO: [PIPELINE] OUTDIR set to: /home/ubuntu/apps/election-app/win_prob/H/GA/01

$ /home/ubuntu/.venv/bin/python3 /home/ubuntu/apps/election-app/stats/1-statewide.py --input /home/ubuntu/apps/election-app/win_prob/H/GA/01/stats.csv --output /home/ubuntu/apps/election-app/win_prob/H/GA/01/_work/stats_with_statewide.csv
Wrote /home/ubuntu/apps/election-app/win_prob/H/GA/01/_work/stats_with_statewide.csv (rows=15)

$ /home/ubuntu/.venv/bin/python3 /home/ubuntu/apps/election-app/stats/1-stats-2.py --input /home/ubuntu/apps/election-app/win_prob/H/GA/01/stats2.csv --output /home/ubuntu/apps/election-app/win_prob/H/GA/01/_work/stats2_final_headers.csv
Wrote /home/ubuntu/apps/election-app/win_prob/H/GA/01/_work/stats2_final_headers.csv (rows=15)

$ /home/ubuntu/.venv/bin/python3 /home/ubuntu/apps/election-app/stats/1-append-new.py
Wrote 2024_county_results_with_final-old.csv (rows=15, missing_final_matches=0)

$ /home/ubuntu/.venv/bin/python3 /home/ubuntu/apps/election-app/stats/1-change_header.py
Wrote: 2024_county_results_with_final.csv

$ /home/ubuntu/.venv/bin/python3 /home/ubuntu/apps/election-app/stats/1-cut-zero-fips.py
Wrote: 2024_county_results_with_final_1.csv
Rows before: 15
Rows after:  15
Dropped (fips == 0): 0

$ /home/ubuntu/.venv/bin/python3 /home/ubuntu/apps/election-app/stats/2-calc.py
Wrote 15 rows with calculations to /home/ubuntu/apps/election-app/win_prob/H/GA/01/_work/2024_county_results_with_calcs-old.csv

$ /home/ubuntu/.venv/bin/python3 /home/ubuntu/apps/election-app/stats/2-eevp.py
Wrote (no-op copy): 2024_county_results_with_calcs.csv
Columns:
 - timestamp
 - state
 - county
 - fips
 - trump_votes
 - harris_votes
 - other_votes
 - eevp
 - state_eevp
 - harris_votes_statewide
 - trump_votes_statewide
 - other_votes_statewide
 - final_state
 - final_county
 - final_fips
 - final_trump_votes
 - final_harris_votes
 - final_other_votes
 - harris_percent_snapshot
 - trump_percent_snapshot
 - margin_snapshot
 - harris_percent_final
 - trump_percent_final
 - margin_final
 - margin_difference
 - margin_difference_abs

$ /home/ubuntu/.venv/bin/python3 /home/ubuntu/apps/election-app/stats/3-calc-new.py
Wrote 15 rows with new columns to /home/ubuntu/apps/election-app/win_prob/H/GA/01/_work/2024_county_results_with_calcs_new.csv

$ /home/ubuntu/.venv/bin/python3 /home/ubuntu/apps/election-app/stats/4-stats.py
Reading 2024_county_results_with_calcs_new.csv...
Aggregating statewide totals...
Calculating percentages and margins...
Writing to output_statewide_stats.csv...
Done!
[2026-01-24 21:38:28] INFO: [PIPELINE] ENTER win-prob generation | states=['GA'] ts_list=['2024-11-05T15-30-22']

============================================================================
[01/1] STATE = GA
============================================================================

$ /home/ubuntu/.venv/bin/python3 /home/ubuntu/apps/election-app/stats/5-snapshots.py --state GA --input /home/ubuntu/apps/election-app/win_prob/H/GA/01/_work/output_statewide_stats.csv --output /home/ubuntu/apps/election-app/win_prob/H/GA/01/snapshots_GA.csv --start 2024-11-05T15-30-22 --end 2024-11-05T15-30-22 --use-window 1 --interval 30
Mode: windowed-one-state
Rows written: 15
Distinct states in output: GA
Rows per normalized timestamp (empty = unparseable):
  2024-11-05T15-30-22: 15
Wrote /home/ubuntu/apps/election-app/win_prob/H/GA/01/snapshots_GA.csv

$ /home/ubuntu/.venv/bin/python3 /home/ubuntu/apps/election-app/stats/6-pval.py /home/ubuntu/apps/election-app/win_prob/H/GA/01/snapshots_GA.csv -t /home/ubuntu/apps/election-app/stats/parameters.csv -o /home/ubuntu/apps/election-app/win_prob/H/GA/01/data_output_GA.csv -c 50
Done. Wrote: /home/ubuntu/apps/election-app/win_prob/H/GA/01/data_output_GA.csv
Total rows: 15 (chunked, resumable).
Computed columns for PVALS = [0.01, 0.1, 1, 2, 3, 5, 10, 15, 20, 25, 30, 35, 40, 45, 50, 55, 60, 65, 70, 75, 80, 85, 90, 95, 97, 98, 99, 99.9, 99.99]
Per p (leader): shift_{p}, margin_new_{p}, harris_percent_new_{p}, trump_percent_new_{p}, total_snapshot_{p}, total_expected_{p}, harris_votes_new_{p}, trump_votes_new_{p}
Per p (trailing): shift_trailing_{p}, margin_new_{p}_trailing, harris_percent_new_{p}_trailing, trump_percent_new_{p}_trailing, total_snapshot_{p}_trailing, total_expected_{p}_trailing, harris_votes_new_{p}_trailing, trump_votes_new_{p}_trailing
Checkpoint saved at: /home/ubuntu/apps/election-app/win_prob/H/GA/01/data_output_GA.csv.checkpoint.json

$ /home/ubuntu/.venv/bin/python3 /home/ubuntu/apps/election-app/stats/7-margin-new.py
Wrote data_output_with_margins_old.csv

$ /home/ubuntu/.venv/bin/python3 /home/ubuntu/apps/election-app/stats/7-eevp-statewide.py
Wrote data_output_with_margins.csv (copied from data_output_with_margins_old.csv)

$ /home/ubuntu/.venv/bin/python3 /home/ubuntu/apps/election-app/stats/7.py --input /home/ubuntu/apps/election-app/win_prob/H/GA/01/data_output_GA_with_margins_statewide_eevp.csv --output /home/ubuntu/apps/election-app/win_prob/H/GA/01/statewide_margin_pct_vs_percent_GA_2026.png --state GA --start 2024-11-05T15-30-22 --end 2024-11-05T15-30-22 --stats /home/ubuntu/apps/election-app/win_prob/H/GA/01/stats.csv --stats2 /home/ubuntu/apps/election-app/win_prob/H/GA/01/stats2.csv --interval 30 --year 2026 --jsonl /home/ubuntu/apps/election-app/win_prob/H/GA/01/plotdata_GA_2026_2026-01-24T21-38-18.jsonl
[info] evaluating 1 timestamps from 2024-11-05T15-30-22 to 2024-11-05T15-30-22 every 30 minutes
[saved] probs_timeseries_GA.csv  (1 points)
[saved] /home/ubuntu/apps/election-app/win_prob/H/GA/01/plotdata_GA_2026_2026-01-24T21-38-18.jsonl  (4 points)
[saved] /home/ubuntu/apps/election-app/win_prob/H/GA/01/statewide_margin_pct_vs_percent_GA_2026_box.json
[saved] /home/ubuntu/apps/election-app/win_prob/H/GA/01/statewide_margin_pct_vs_percent_GA_2026_box.png
[saved] /home/ubuntu/apps/election-app/win_prob/H/GA/01/statewide_margin_pct_vs_percent_GA_2026.png

All 50 states complete. See: /home/ubuntu/apps/election-app/win_prob/H/GA/01

$ /home/ubuntu/.venv/bin/python3 /home/ubuntu/apps/election-app/stats/8.py --root /home/ubuntu/apps/election-app/win_prob/H/GA/01/_work --outdir /home/ubuntu/apps/election-app/win_prob/H/GA/01
[info] root  = /home/ubuntu/apps/election-app/win_prob/H/GA/01/_work
[info] outdir= /home/ubuntu/apps/election-app/win_prob/H/GA/01
[deleted] /home/ubuntu/apps/election-app/win_prob/H/GA/01/_work/stats_with_statewide.csv
[deleted] /home/ubuntu/apps/election-app/win_prob/H/GA/01/_work/stats2_final_headers.csv
[deleted] /home/ubuntu/apps/election-app/win_prob/H/GA/01/_work/2024_county_results_with_final-old.csv
[deleted] /home/ubuntu/apps/election-app/win_prob/H/GA/01/_work/2024_county_results_with_final.csv
[deleted] /home/ubuntu/apps/election-app/win_prob/H/GA/01/_work/2024_county_results_with_final_1.csv
[deleted] /home/ubuntu/apps/election-app/win_prob/H/GA/01/_work/2024_county_results_with_calcs-old.csv
[deleted] /home/ubuntu/apps/election-app/win_prob/H/GA/01/_work/2024_county_results_with_calcs_new.csv
[deleted] /home/ubuntu/apps/election-app/win_prob/H/GA/01/_work/output_statewide_stats.csv
[skip]    /home/ubuntu/apps/election-app/win_prob/H/GA/01/_work/probs_timeseries_PA.csv
[deleted] /home/ubuntu/apps/election-app/win_prob/H/GA/01/_work/2024_county_results_with_calcs.csv
[skip]    /home/ubuntu/apps/election-app/win_prob/H/GA/01/data_output.csv
[skip]    /home/ubuntu/apps/election-app/win_prob/H/GA/01/data_output_with_margins_old.csv
[skip]    /home/ubuntu/apps/election-app/win_prob/H/GA/01/data_output_with_margins.csv
[skip]    /home/ubuntu/apps/election-app/win_prob/H/GA/01/data_output_with_margins-statewide.csv
[deleted] /home/ubuntu/apps/election-app/win_prob/H/GA/01/snapshots_GA.csv
[deleted] /home/ubuntu/apps/election-app/win_prob/H/GA/01/data_output_GA_with_margins.csv
[deleted] /home/ubuntu/apps/election-app/win_prob/H/GA/01/data_output_GA_with_margins_statewide_eevp.csv
[deleted] /home/ubuntu/apps/election-app/win_prob/H/GA/01/data_output_GA.csv
[deleted] /home/ubuntu/apps/election-app/win_prob/H/GA/01/data_output_GA.csv.checkpoint.json
[deleted] /home/ubuntu/apps/election-app/win_prob/H/GA/01/stats.csv
[deleted] /home/ubuntu/apps/election-app/win_prob/H/GA/01/stats2.csv
[done] removed 16 file(s)
[2026-02-04 16:49:56] INFO: [PIPELINE] args: office=H state=GA district=01
[2026-02-04 16:49:56] INFO: [PIPELINE] WINPROB_DIR resolved to: /home/ubuntu/apps/election-app/win_prob/H/GA/01
[2026-02-04 16:49:56] INFO: [PIPELINE] OUTDIR set to: /home/ubuntu/apps/election-app/win_prob/H/GA/01

$ /home/ubuntu/.venv/bin/python3 /home/ubuntu/apps/election-app/stats/1-statewide.py --input /home/ubuntu/apps/election-app/win_prob/H/GA/01/stats.csv --output /home/ubuntu/apps/election-app/win_prob/H/GA/01/_work/stats_with_statewide.csv
Wrote /home/ubuntu/apps/election-app/win_prob/H/GA/01/_work/stats_with_statewide.csv (rows=15)

$ /home/ubuntu/.venv/bin/python3 /home/ubuntu/apps/election-app/stats/1-stats-2.py --input /home/ubuntu/apps/election-app/win_prob/H/GA/01/stats2.csv --output /home/ubuntu/apps/election-app/win_prob/H/GA/01/_work/stats2_final_headers.csv
Wrote /home/ubuntu/apps/election-app/win_prob/H/GA/01/_work/stats2_final_headers.csv (rows=15)

$ /home/ubuntu/.venv/bin/python3 /home/ubuntu/apps/election-app/stats/1-append-new.py
Wrote 2024_county_results_with_final-old.csv (rows=15, missing_final_matches=0)

$ /home/ubuntu/.venv/bin/python3 /home/ubuntu/apps/election-app/stats/1-change_header.py
Wrote: 2024_county_results_with_final.csv

$ /home/ubuntu/.venv/bin/python3 /home/ubuntu/apps/election-app/stats/1-cut-zero-fips.py
Wrote: 2024_county_results_with_final_1.csv
Rows before: 15
Rows after:  15
Dropped (fips == 0): 0

$ /home/ubuntu/.venv/bin/python3 /home/ubuntu/apps/election-app/stats/2-calc.py
Wrote 15 rows with calculations to /home/ubuntu/apps/election-app/win_prob/H/GA/01/_work/2024_county_results_with_calcs-old.csv

$ /home/ubuntu/.venv/bin/python3 /home/ubuntu/apps/election-app/stats/2-eevp.py
Wrote (no-op copy): 2024_county_results_with_calcs.csv
Columns:
 - timestamp
 - state
 - county
 - fips
 - trump_votes
 - harris_votes
 - other_votes
 - eevp
 - state_eevp
 - harris_votes_statewide
 - trump_votes_statewide
 - other_votes_statewide
 - final_state
 - final_county
 - final_fips
 - final_trump_votes
 - final_harris_votes
 - final_other_votes
 - harris_percent_snapshot
 - trump_percent_snapshot
 - margin_snapshot
 - harris_percent_final
 - trump_percent_final
 - margin_final
 - margin_difference
 - margin_difference_abs

$ /home/ubuntu/.venv/bin/python3 /home/ubuntu/apps/election-app/stats/3-calc-new.py
Wrote 15 rows with new columns to /home/ubuntu/apps/election-app/win_prob/H/GA/01/_work/2024_county_results_with_calcs_new.csv

$ /home/ubuntu/.venv/bin/python3 /home/ubuntu/apps/election-app/stats/4-stats.py
Reading 2024_county_results_with_calcs_new.csv...
Aggregating statewide totals...
Calculating percentages and margins...
Writing to output_statewide_stats.csv...
Done!
[2026-02-04 16:50:05] INFO: [PIPELINE] ENTER win-prob generation | states=['GA'] ts_list=['2024-11-05T15-30-22']

============================================================================
[01/1] STATE = GA
============================================================================

$ /home/ubuntu/.venv/bin/python3 /home/ubuntu/apps/election-app/stats/5-snapshots.py --state GA --input /home/ubuntu/apps/election-app/win_prob/H/GA/01/_work/output_statewide_stats.csv --output /home/ubuntu/apps/election-app/win_prob/H/GA/01/snapshots_GA.csv --start 2024-11-05T15-30-22 --end 2024-11-05T15-30-22 --use-window 1 --interval 30
Mode: windowed-one-state
Rows written: 15
Distinct states in output: GA
Rows per normalized timestamp (empty = unparseable):
  2024-11-05T15-30-22: 15
Wrote /home/ubuntu/apps/election-app/win_prob/H/GA/01/snapshots_GA.csv

$ /home/ubuntu/.venv/bin/python3 /home/ubuntu/apps/election-app/stats/6-pval.py /home/ubuntu/apps/election-app/win_prob/H/GA/01/snapshots_GA.csv -t /home/ubuntu/apps/election-app/stats/parameters.csv -o /home/ubuntu/apps/election-app/win_prob/H/GA/01/data_output_GA.csv -c 50
Done. Wrote: /home/ubuntu/apps/election-app/win_prob/H/GA/01/data_output_GA.csv
Total rows: 15 (chunked, resumable).
Computed columns for PVALS = [0.01, 0.1, 1, 2, 3, 5, 10, 15, 20, 25, 30, 35, 40, 45, 50, 55, 60, 65, 70, 75, 80, 85, 90, 95, 97, 98, 99, 99.9, 99.99]
Per p (leader): shift_{p}, margin_new_{p}, harris_percent_new_{p}, trump_percent_new_{p}, total_snapshot_{p}, total_expected_{p}, harris_votes_new_{p}, trump_votes_new_{p}
Per p (trailing): shift_trailing_{p}, margin_new_{p}_trailing, harris_percent_new_{p}_trailing, trump_percent_new_{p}_trailing, total_snapshot_{p}_trailing, total_expected_{p}_trailing, harris_votes_new_{p}_trailing, trump_votes_new_{p}_trailing
Checkpoint saved at: /home/ubuntu/apps/election-app/win_prob/H/GA/01/data_output_GA.csv.checkpoint.json

$ /home/ubuntu/.venv/bin/python3 /home/ubuntu/apps/election-app/stats/7-margin-new.py
Wrote data_output_with_margins_old.csv

$ /home/ubuntu/.venv/bin/python3 /home/ubuntu/apps/election-app/stats/7-eevp-statewide.py
Wrote data_output_with_margins.csv (copied from data_output_with_margins_old.csv)

$ /home/ubuntu/.venv/bin/python3 /home/ubuntu/apps/election-app/stats/7.py --input /home/ubuntu/apps/election-app/win_prob/H/GA/01/data_output_GA_with_margins_statewide_eevp.csv --output /home/ubuntu/apps/election-app/win_prob/H/GA/01/statewide_margin_pct_vs_percent_GA_2026.png --state GA --start 2024-11-05T15-30-22 --end 2024-11-05T15-30-22 --stats /home/ubuntu/apps/election-app/win_prob/H/GA/01/stats.csv --stats2 /home/ubuntu/apps/election-app/win_prob/H/GA/01/stats2.csv --interval 30 --year 2026 --jsonl /home/ubuntu/apps/election-app/win_prob/H/GA/01/plotdata_GA_2026_2026-02-04T16-49-56.jsonl
[info] evaluating 1 timestamps from 2024-11-05T15-30-22 to 2024-11-05T15-30-22 every 30 minutes
[saved] probs_timeseries_GA.csv  (1 points)
[saved] /home/ubuntu/apps/election-app/win_prob/H/GA/01/plotdata_GA_2026_2026-02-04T16-49-56.jsonl  (4 points)
[saved] /home/ubuntu/apps/election-app/win_prob/H/GA/01/statewide_margin_pct_vs_percent_GA_2026_box.json
[saved] /home/ubuntu/apps/election-app/win_prob/H/GA/01/statewide_margin_pct_vs_percent_GA_2026_box.png
[saved] /home/ubuntu/apps/election-app/win_prob/H/GA/01/statewide_margin_pct_vs_percent_GA_2026.png

All 50 states complete. See: /home/ubuntu/apps/election-app/win_prob/H/GA/01

$ /home/ubuntu/.venv/bin/python3 /home/ubuntu/apps/election-app/stats/8.py --root /home/ubuntu/apps/election-app/win_prob/H/GA/01/_work --outdir /home/ubuntu/apps/election-app/win_prob/H/GA/01
[info] root  = /home/ubuntu/apps/election-app/win_prob/H/GA/01/_work
[info] outdir= /home/ubuntu/apps/election-app/win_prob/H/GA/01
[deleted] /home/ubuntu/apps/election-app/win_prob/H/GA/01/_work/stats_with_statewide.csv
[deleted] /home/ubuntu/apps/election-app/win_prob/H/GA/01/_work/stats2_final_headers.csv
[deleted] /home/ubuntu/apps/election-app/win_prob/H/GA/01/_work/2024_county_results_with_final-old.csv
[deleted] /home/ubuntu/apps/election-app/win_prob/H/GA/01/_work/2024_county_results_with_final.csv
[deleted] /home/ubuntu/apps/election-app/win_prob/H/GA/01/_work/2024_county_results_with_final_1.csv
[deleted] /home/ubuntu/apps/election-app/win_prob/H/GA/01/_work/2024_county_results_with_calcs-old.csv
[deleted] /home/ubuntu/apps/election-app/win_prob/H/GA/01/_work/2024_county_results_with_calcs_new.csv
[deleted] /home/ubuntu/apps/election-app/win_prob/H/GA/01/_work/output_statewide_stats.csv
[skip]    /home/ubuntu/apps/election-app/win_prob/H/GA/01/_work/probs_timeseries_PA.csv
[deleted] /home/ubuntu/apps/election-app/win_prob/H/GA/01/_work/2024_county_results_with_calcs.csv
[skip]    /home/ubuntu/apps/election-app/win_prob/H/GA/01/data_output.csv
[skip]    /home/ubuntu/apps/election-app/win_prob/H/GA/01/data_output_with_margins_old.csv
[skip]    /home/ubuntu/apps/election-app/win_prob/H/GA/01/data_output_with_margins.csv
[skip]    /home/ubuntu/apps/election-app/win_prob/H/GA/01/data_output_with_margins-statewide.csv
[deleted] /home/ubuntu/apps/election-app/win_prob/H/GA/01/snapshots_GA.csv
[deleted] /home/ubuntu/apps/election-app/win_prob/H/GA/01/data_output_GA_with_margins.csv
[deleted] /home/ubuntu/apps/election-app/win_prob/H/GA/01/data_output_GA_with_margins_statewide_eevp.csv
[deleted] /home/ubuntu/apps/election-app/win_prob/H/GA/01/data_output_GA.csv
[deleted] /home/ubuntu/apps/election-app/win_prob/H/GA/01/data_output_GA.csv.checkpoint.json
[deleted] /home/ubuntu/apps/election-app/win_prob/H/GA/01/stats.csv
[deleted] /home/ubuntu/apps/election-app/win_prob/H/GA/01/stats2.csv
[done] removed 16 file(s)
