[2026-01-22 22:14:19] INFO: [PIPELINE] args: office=H state=GA district=06
[2026-01-22 22:14:19] INFO: [PIPELINE] WINPROB_DIR resolved to: /home/ubuntu/apps/election-app/win_prob/H/GA/06
[2026-01-22 22:14:19] INFO: [PIPELINE] OUTDIR set to: /home/ubuntu/apps/election-app/win_prob/H/GA/06

$ /home/ubuntu/.venv/bin/python3 /home/ubuntu/apps/election-app/stats/1-statewide.py --input /home/ubuntu/apps/election-app/win_prob/H/GA/06/stats.csv --output /home/ubuntu/apps/election-app/win_prob/H/GA/06/_work/stats_with_statewide.csv
Wrote /home/ubuntu/apps/election-app/win_prob/H/GA/06/_work/stats_with_statewide.csv (rows=4)

$ /home/ubuntu/.venv/bin/python3 /home/ubuntu/apps/election-app/stats/1-stats-2.py --input /home/ubuntu/apps/election-app/win_prob/H/GA/06/stats2.csv --output /home/ubuntu/apps/election-app/win_prob/H/GA/06/_work/stats2_final_headers.csv
Wrote /home/ubuntu/apps/election-app/win_prob/H/GA/06/_work/stats2_final_headers.csv (rows=6)

$ /home/ubuntu/.venv/bin/python3 /home/ubuntu/apps/election-app/stats/1-append-new.py
[warn] stats/stats2 row+fips mismatch detected; will fill missing final_* with 10
Wrote 2024_county_results_with_final-old.csv (rows=4, missing_final_matches=2)

$ /home/ubuntu/.venv/bin/python3 /home/ubuntu/apps/election-app/stats/1-change_header.py
Wrote: 2024_county_results_with_final.csv

$ /home/ubuntu/.venv/bin/python3 /home/ubuntu/apps/election-app/stats/1-cut-zero-fips.py
Wrote: 2024_county_results_with_final_1.csv
Rows before: 4
Rows after:  4
Dropped (fips == 0): 0

$ /home/ubuntu/.venv/bin/python3 /home/ubuntu/apps/election-app/stats/2-calc.py
Wrote 4 rows with calculations to /home/ubuntu/apps/election-app/win_prob/H/GA/06/_work/2024_county_results_with_calcs-old.csv

$ /home/ubuntu/.venv/bin/python3 /home/ubuntu/apps/election-app/stats/2-eevp.py
Wrote (no-op copy): 2024_county_results_with_calcs.csv
Columns:
 - timestamp
 - state
 - county
 - fips
 - trump_votes
 - harris_votes
 - other_votes
 - eevp
 - state_eevp
 - harris_votes_statewide
 - trump_votes_statewide
 - other_votes_statewide
 - final_state
 - final_county
 - final_fips
 - final_trump_votes
 - final_harris_votes
 - final_other_votes
 - harris_percent_snapshot
 - trump_percent_snapshot
 - margin_snapshot
 - harris_percent_final
 - trump_percent_final
 - margin_final
 - margin_difference
 - margin_difference_abs

$ /home/ubuntu/.venv/bin/python3 /home/ubuntu/apps/election-app/stats/3-calc-new.py
Wrote 4 rows with new columns to /home/ubuntu/apps/election-app/win_prob/H/GA/06/_work/2024_county_results_with_calcs_new.csv

$ /home/ubuntu/.venv/bin/python3 /home/ubuntu/apps/election-app/stats/4-stats.py
Reading 2024_county_results_with_calcs_new.csv...
Aggregating statewide totals...
Calculating percentages and margins...
Writing to output_statewide_stats.csv...
Done!
[2026-01-22 22:14:29] INFO: [PIPELINE] ENTER win-prob generation | states=['GA'] ts_list=['2024-11-05T15-30-22']

============================================================================
[01/1] STATE = GA
============================================================================

$ /home/ubuntu/.venv/bin/python3 /home/ubuntu/apps/election-app/stats/5-snapshots.py --state GA --input /home/ubuntu/apps/election-app/win_prob/H/GA/06/_work/output_statewide_stats.csv --output /home/ubuntu/apps/election-app/win_prob/H/GA/06/snapshots_GA.csv --start 2024-11-05T15-30-22 --end 2024-11-05T15-30-22 --use-window 1 --interval 30
Mode: windowed-one-state
Rows written: 4
Distinct states in output: GA
Rows per normalized timestamp (empty = unparseable):
  2024-11-05T15-30-22: 4
Wrote /home/ubuntu/apps/election-app/win_prob/H/GA/06/snapshots_GA.csv

$ /home/ubuntu/.venv/bin/python3 /home/ubuntu/apps/election-app/stats/6-pval.py /home/ubuntu/apps/election-app/win_prob/H/GA/06/snapshots_GA.csv -t /home/ubuntu/apps/election-app/stats/parameters.csv -o /home/ubuntu/apps/election-app/win_prob/H/GA/06/data_output_GA.csv -c 50
Done. Wrote: /home/ubuntu/apps/election-app/win_prob/H/GA/06/data_output_GA.csv
Total rows: 4 (chunked, resumable).
Computed columns for PVALS = [0.01, 0.1, 1, 2, 3, 5, 10, 15, 20, 25, 30, 35, 40, 45, 50, 55, 60, 65, 70, 75, 80, 85, 90, 95, 97, 98, 99, 99.9, 99.99]
Per p (leader): shift_{p}, margin_new_{p}, harris_percent_new_{p}, trump_percent_new_{p}, total_snapshot_{p}, total_expected_{p}, harris_votes_new_{p}, trump_votes_new_{p}
Per p (trailing): shift_trailing_{p}, margin_new_{p}_trailing, harris_percent_new_{p}_trailing, trump_percent_new_{p}_trailing, total_snapshot_{p}_trailing, total_expected_{p}_trailing, harris_votes_new_{p}_trailing, trump_votes_new_{p}_trailing
Checkpoint saved at: /home/ubuntu/apps/election-app/win_prob/H/GA/06/data_output_GA.csv.checkpoint.json

$ /home/ubuntu/.venv/bin/python3 /home/ubuntu/apps/election-app/stats/7-margin-new.py
Wrote data_output_with_margins_old.csv

$ /home/ubuntu/.venv/bin/python3 /home/ubuntu/apps/election-app/stats/7-eevp-statewide.py
Wrote data_output_with_margins.csv (copied from data_output_with_margins_old.csv)

$ /home/ubuntu/.venv/bin/python3 /home/ubuntu/apps/election-app/stats/7.py --input /home/ubuntu/apps/election-app/win_prob/H/GA/06/data_output_GA_with_margins_statewide_eevp.csv --output /home/ubuntu/apps/election-app/win_prob/H/GA/06/statewide_margin_pct_vs_percent_GA_2026.png --state GA --start 2024-11-05T15-30-22 --end 2024-11-05T15-30-22 --stats /home/ubuntu/apps/election-app/win_prob/H/GA/06/stats.csv --stats2 /home/ubuntu/apps/election-app/win_prob/H/GA/06/stats2.csv --interval 30 --year 2026 --jsonl /home/ubuntu/apps/election-app/win_prob/H/GA/06/plotdata_GA_2026_2026-01-22T22-14-19.jsonl
[warn] stats/stats2 FIPS mismatch for state=GA; will apply penalty_pts=100 only if %nodata>0
[info] evaluating 1 timestamps from 2024-11-05T15-30-22 to 2024-11-05T15-30-22 every 30 minutes
[saved] probs_timeseries_GA.csv  (1 points)
[saved] /home/ubuntu/apps/election-app/win_prob/H/GA/06/plotdata_GA_2026_2026-01-22T22-14-19.jsonl  (0 points)
[saved] /home/ubuntu/apps/election-app/win_prob/H/GA/06/statewide_margin_pct_vs_percent_GA_2026_box.json
[saved] /home/ubuntu/apps/election-app/win_prob/H/GA/06/statewide_margin_pct_vs_percent_GA_2026_box.png
[saved] /home/ubuntu/apps/election-app/win_prob/H/GA/06/statewide_margin_pct_vs_percent_GA_2026.png

All 50 states complete. See: /home/ubuntu/apps/election-app/win_prob/H/GA/06

$ /home/ubuntu/.venv/bin/python3 /home/ubuntu/apps/election-app/stats/8.py --root /home/ubuntu/apps/election-app/win_prob/H/GA/06/_work --outdir /home/ubuntu/apps/election-app/win_prob/H/GA/06
[info] root  = /home/ubuntu/apps/election-app/win_prob/H/GA/06/_work
[info] outdir= /home/ubuntu/apps/election-app/win_prob/H/GA/06
[deleted] /home/ubuntu/apps/election-app/win_prob/H/GA/06/_work/stats_with_statewide.csv
[deleted] /home/ubuntu/apps/election-app/win_prob/H/GA/06/_work/stats2_final_headers.csv
[deleted] /home/ubuntu/apps/election-app/win_prob/H/GA/06/_work/2024_county_results_with_final-old.csv
[deleted] /home/ubuntu/apps/election-app/win_prob/H/GA/06/_work/2024_county_results_with_final.csv
[deleted] /home/ubuntu/apps/election-app/win_prob/H/GA/06/_work/2024_county_results_with_final_1.csv
[deleted] /home/ubuntu/apps/election-app/win_prob/H/GA/06/_work/2024_county_results_with_calcs-old.csv
[deleted] /home/ubuntu/apps/election-app/win_prob/H/GA/06/_work/2024_county_results_with_calcs_new.csv
[deleted] /home/ubuntu/apps/election-app/win_prob/H/GA/06/_work/output_statewide_stats.csv
[skip]    /home/ubuntu/apps/election-app/win_prob/H/GA/06/_work/probs_timeseries_PA.csv
[deleted] /home/ubuntu/apps/election-app/win_prob/H/GA/06/_work/2024_county_results_with_calcs.csv
[skip]    /home/ubuntu/apps/election-app/win_prob/H/GA/06/data_output.csv
[skip]    /home/ubuntu/apps/election-app/win_prob/H/GA/06/data_output_with_margins_old.csv
[skip]    /home/ubuntu/apps/election-app/win_prob/H/GA/06/data_output_with_margins.csv
[skip]    /home/ubuntu/apps/election-app/win_prob/H/GA/06/data_output_with_margins-statewide.csv
[deleted] /home/ubuntu/apps/election-app/win_prob/H/GA/06/snapshots_GA.csv
[deleted] /home/ubuntu/apps/election-app/win_prob/H/GA/06/data_output_GA_with_margins.csv
[deleted] /home/ubuntu/apps/election-app/win_prob/H/GA/06/data_output_GA_with_margins_statewide_eevp.csv
[deleted] /home/ubuntu/apps/election-app/win_prob/H/GA/06/data_output_GA.csv
[deleted] /home/ubuntu/apps/election-app/win_prob/H/GA/06/data_output_GA.csv.checkpoint.json
[deleted] /home/ubuntu/apps/election-app/win_prob/H/GA/06/stats.csv
[deleted] /home/ubuntu/apps/election-app/win_prob/H/GA/06/stats2.csv
[done] removed 16 file(s)
[2026-01-22 22:21:20] INFO: [PIPELINE] args: office=H state=GA district=06
[2026-01-22 22:21:20] INFO: [PIPELINE] WINPROB_DIR resolved to: /home/ubuntu/apps/election-app/win_prob/H/GA/06
[2026-01-22 22:21:20] INFO: [PIPELINE] OUTDIR set to: /home/ubuntu/apps/election-app/win_prob/H/GA/06

$ /home/ubuntu/.venv/bin/python3 /home/ubuntu/apps/election-app/stats/1-statewide.py --input /home/ubuntu/apps/election-app/win_prob/H/GA/06/stats.csv --output /home/ubuntu/apps/election-app/win_prob/H/GA/06/_work/stats_with_statewide.csv
Wrote /home/ubuntu/apps/election-app/win_prob/H/GA/06/_work/stats_with_statewide.csv (rows=4)

$ /home/ubuntu/.venv/bin/python3 /home/ubuntu/apps/election-app/stats/1-stats-2.py --input /home/ubuntu/apps/election-app/win_prob/H/GA/06/stats2.csv --output /home/ubuntu/apps/election-app/win_prob/H/GA/06/_work/stats2_final_headers.csv
Wrote /home/ubuntu/apps/election-app/win_prob/H/GA/06/_work/stats2_final_headers.csv (rows=6)

$ /home/ubuntu/.venv/bin/python3 /home/ubuntu/apps/election-app/stats/1-append-new.py
[warn] stats/stats2 row+fips mismatch detected; will fill missing final_* with 10
Wrote 2024_county_results_with_final-old.csv (rows=4, missing_final_matches=2)

$ /home/ubuntu/.venv/bin/python3 /home/ubuntu/apps/election-app/stats/1-change_header.py
Wrote: 2024_county_results_with_final.csv

$ /home/ubuntu/.venv/bin/python3 /home/ubuntu/apps/election-app/stats/1-cut-zero-fips.py
Wrote: 2024_county_results_with_final_1.csv
Rows before: 4
Rows after:  4
Dropped (fips == 0): 0

$ /home/ubuntu/.venv/bin/python3 /home/ubuntu/apps/election-app/stats/2-calc.py
Wrote 4 rows with calculations to /home/ubuntu/apps/election-app/win_prob/H/GA/06/_work/2024_county_results_with_calcs-old.csv

$ /home/ubuntu/.venv/bin/python3 /home/ubuntu/apps/election-app/stats/2-eevp.py
Wrote (no-op copy): 2024_county_results_with_calcs.csv
Columns:
 - timestamp
 - state
 - county
 - fips
 - trump_votes
 - harris_votes
 - other_votes
 - eevp
 - state_eevp
 - harris_votes_statewide
 - trump_votes_statewide
 - other_votes_statewide
 - final_state
 - final_county
 - final_fips
 - final_trump_votes
 - final_harris_votes
 - final_other_votes
 - harris_percent_snapshot
 - trump_percent_snapshot
 - margin_snapshot
 - harris_percent_final
 - trump_percent_final
 - margin_final
 - margin_difference
 - margin_difference_abs

$ /home/ubuntu/.venv/bin/python3 /home/ubuntu/apps/election-app/stats/3-calc-new.py
Wrote 4 rows with new columns to /home/ubuntu/apps/election-app/win_prob/H/GA/06/_work/2024_county_results_with_calcs_new.csv

$ /home/ubuntu/.venv/bin/python3 /home/ubuntu/apps/election-app/stats/4-stats.py
Reading 2024_county_results_with_calcs_new.csv...
Aggregating statewide totals...
Calculating percentages and margins...
Writing to output_statewide_stats.csv...
Done!
[2026-01-22 22:21:29] INFO: [PIPELINE] ENTER win-prob generation | states=['GA'] ts_list=['2024-11-05T15-30-22']

============================================================================
[01/1] STATE = GA
============================================================================

$ /home/ubuntu/.venv/bin/python3 /home/ubuntu/apps/election-app/stats/5-snapshots.py --state GA --input /home/ubuntu/apps/election-app/win_prob/H/GA/06/_work/output_statewide_stats.csv --output /home/ubuntu/apps/election-app/win_prob/H/GA/06/snapshots_GA.csv --start 2024-11-05T15-30-22 --end 2024-11-05T15-30-22 --use-window 1 --interval 30
Mode: windowed-one-state
Rows written: 4
Distinct states in output: GA
Rows per normalized timestamp (empty = unparseable):
  2024-11-05T15-30-22: 4
Wrote /home/ubuntu/apps/election-app/win_prob/H/GA/06/snapshots_GA.csv

$ /home/ubuntu/.venv/bin/python3 /home/ubuntu/apps/election-app/stats/6-pval.py /home/ubuntu/apps/election-app/win_prob/H/GA/06/snapshots_GA.csv -t /home/ubuntu/apps/election-app/stats/parameters.csv -o /home/ubuntu/apps/election-app/win_prob/H/GA/06/data_output_GA.csv -c 50
Done. Wrote: /home/ubuntu/apps/election-app/win_prob/H/GA/06/data_output_GA.csv
Total rows: 4 (chunked, resumable).
Computed columns for PVALS = [0.01, 0.1, 1, 2, 3, 5, 10, 15, 20, 25, 30, 35, 40, 45, 50, 55, 60, 65, 70, 75, 80, 85, 90, 95, 97, 98, 99, 99.9, 99.99]
Per p (leader): shift_{p}, margin_new_{p}, harris_percent_new_{p}, trump_percent_new_{p}, total_snapshot_{p}, total_expected_{p}, harris_votes_new_{p}, trump_votes_new_{p}
Per p (trailing): shift_trailing_{p}, margin_new_{p}_trailing, harris_percent_new_{p}_trailing, trump_percent_new_{p}_trailing, total_snapshot_{p}_trailing, total_expected_{p}_trailing, harris_votes_new_{p}_trailing, trump_votes_new_{p}_trailing
Checkpoint saved at: /home/ubuntu/apps/election-app/win_prob/H/GA/06/data_output_GA.csv.checkpoint.json

$ /home/ubuntu/.venv/bin/python3 /home/ubuntu/apps/election-app/stats/7-margin-new.py
Wrote data_output_with_margins_old.csv

$ /home/ubuntu/.venv/bin/python3 /home/ubuntu/apps/election-app/stats/7-eevp-statewide.py
Wrote data_output_with_margins.csv (copied from data_output_with_margins_old.csv)

$ /home/ubuntu/.venv/bin/python3 /home/ubuntu/apps/election-app/stats/7.py --input /home/ubuntu/apps/election-app/win_prob/H/GA/06/data_output_GA_with_margins_statewide_eevp.csv --output /home/ubuntu/apps/election-app/win_prob/H/GA/06/statewide_margin_pct_vs_percent_GA_2026.png --state GA --start 2024-11-05T15-30-22 --end 2024-11-05T15-30-22 --stats /home/ubuntu/apps/election-app/win_prob/H/GA/06/stats.csv --stats2 /home/ubuntu/apps/election-app/win_prob/H/GA/06/stats2.csv --interval 30 --year 2026 --jsonl /home/ubuntu/apps/election-app/win_prob/H/GA/06/plotdata_GA_2026_2026-01-22T22-21-20.jsonl
[warn] stats/stats2 FIPS mismatch for state=GA; will apply penalty_pts=100 only if %nodata>0
[info] evaluating 1 timestamps from 2024-11-05T15-30-22 to 2024-11-05T15-30-22 every 30 minutes
[saved] probs_timeseries_GA.csv  (1 points)
[saved] /home/ubuntu/apps/election-app/win_prob/H/GA/06/plotdata_GA_2026_2026-01-22T22-21-20.jsonl  (4 points)
[saved] /home/ubuntu/apps/election-app/win_prob/H/GA/06/statewide_margin_pct_vs_percent_GA_2026_box.json
[saved] /home/ubuntu/apps/election-app/win_prob/H/GA/06/statewide_margin_pct_vs_percent_GA_2026_box.png
[saved] /home/ubuntu/apps/election-app/win_prob/H/GA/06/statewide_margin_pct_vs_percent_GA_2026.png

All 50 states complete. See: /home/ubuntu/apps/election-app/win_prob/H/GA/06

$ /home/ubuntu/.venv/bin/python3 /home/ubuntu/apps/election-app/stats/8.py --root /home/ubuntu/apps/election-app/win_prob/H/GA/06/_work --outdir /home/ubuntu/apps/election-app/win_prob/H/GA/06
[info] root  = /home/ubuntu/apps/election-app/win_prob/H/GA/06/_work
[info] outdir= /home/ubuntu/apps/election-app/win_prob/H/GA/06
[deleted] /home/ubuntu/apps/election-app/win_prob/H/GA/06/_work/stats_with_statewide.csv
[deleted] /home/ubuntu/apps/election-app/win_prob/H/GA/06/_work/stats2_final_headers.csv
[deleted] /home/ubuntu/apps/election-app/win_prob/H/GA/06/_work/2024_county_results_with_final-old.csv
[deleted] /home/ubuntu/apps/election-app/win_prob/H/GA/06/_work/2024_county_results_with_final.csv
[deleted] /home/ubuntu/apps/election-app/win_prob/H/GA/06/_work/2024_county_results_with_final_1.csv
[deleted] /home/ubuntu/apps/election-app/win_prob/H/GA/06/_work/2024_county_results_with_calcs-old.csv
[deleted] /home/ubuntu/apps/election-app/win_prob/H/GA/06/_work/2024_county_results_with_calcs_new.csv
[deleted] /home/ubuntu/apps/election-app/win_prob/H/GA/06/_work/output_statewide_stats.csv
[skip]    /home/ubuntu/apps/election-app/win_prob/H/GA/06/_work/probs_timeseries_PA.csv
[deleted] /home/ubuntu/apps/election-app/win_prob/H/GA/06/_work/2024_county_results_with_calcs.csv
[skip]    /home/ubuntu/apps/election-app/win_prob/H/GA/06/data_output.csv
[skip]    /home/ubuntu/apps/election-app/win_prob/H/GA/06/data_output_with_margins_old.csv
[skip]    /home/ubuntu/apps/election-app/win_prob/H/GA/06/data_output_with_margins.csv
[skip]    /home/ubuntu/apps/election-app/win_prob/H/GA/06/data_output_with_margins-statewide.csv
[deleted] /home/ubuntu/apps/election-app/win_prob/H/GA/06/snapshots_GA.csv
[deleted] /home/ubuntu/apps/election-app/win_prob/H/GA/06/data_output_GA_with_margins.csv
[deleted] /home/ubuntu/apps/election-app/win_prob/H/GA/06/data_output_GA_with_margins_statewide_eevp.csv
[deleted] /home/ubuntu/apps/election-app/win_prob/H/GA/06/data_output_GA.csv
[deleted] /home/ubuntu/apps/election-app/win_prob/H/GA/06/data_output_GA.csv.checkpoint.json
[deleted] /home/ubuntu/apps/election-app/win_prob/H/GA/06/stats.csv
[deleted] /home/ubuntu/apps/election-app/win_prob/H/GA/06/stats2.csv
[done] removed 16 file(s)
[2026-01-22 22:28:27] INFO: [PIPELINE] args: office=H state=GA district=06
[2026-01-22 22:28:27] INFO: [PIPELINE] WINPROB_DIR resolved to: /home/ubuntu/apps/election-app/win_prob/H/GA/06
[2026-01-22 22:28:27] INFO: [PIPELINE] OUTDIR set to: /home/ubuntu/apps/election-app/win_prob/H/GA/06

$ /home/ubuntu/.venv/bin/python3 /home/ubuntu/apps/election-app/stats/1-statewide.py --input /home/ubuntu/apps/election-app/win_prob/H/GA/06/stats.csv --output /home/ubuntu/apps/election-app/win_prob/H/GA/06/_work/stats_with_statewide.csv
Wrote /home/ubuntu/apps/election-app/win_prob/H/GA/06/_work/stats_with_statewide.csv (rows=4)

$ /home/ubuntu/.venv/bin/python3 /home/ubuntu/apps/election-app/stats/1-stats-2.py --input /home/ubuntu/apps/election-app/win_prob/H/GA/06/stats2.csv --output /home/ubuntu/apps/election-app/win_prob/H/GA/06/_work/stats2_final_headers.csv
Wrote /home/ubuntu/apps/election-app/win_prob/H/GA/06/_work/stats2_final_headers.csv (rows=6)

$ /home/ubuntu/.venv/bin/python3 /home/ubuntu/apps/election-app/stats/1-append-new.py
[warn] stats/stats2 row+fips mismatch detected; will fill missing final_* with 10
Wrote 2024_county_results_with_final-old.csv (rows=4, missing_final_matches=2)

$ /home/ubuntu/.venv/bin/python3 /home/ubuntu/apps/election-app/stats/1-change_header.py
Wrote: 2024_county_results_with_final.csv

$ /home/ubuntu/.venv/bin/python3 /home/ubuntu/apps/election-app/stats/1-cut-zero-fips.py
Wrote: 2024_county_results_with_final_1.csv
Rows before: 4
Rows after:  4
Dropped (fips == 0): 0

$ /home/ubuntu/.venv/bin/python3 /home/ubuntu/apps/election-app/stats/2-calc.py
Wrote 4 rows with calculations to /home/ubuntu/apps/election-app/win_prob/H/GA/06/_work/2024_county_results_with_calcs-old.csv

$ /home/ubuntu/.venv/bin/python3 /home/ubuntu/apps/election-app/stats/2-eevp.py
Wrote (no-op copy): 2024_county_results_with_calcs.csv
Columns:
 - timestamp
 - state
 - county
 - fips
 - trump_votes
 - harris_votes
 - other_votes
 - eevp
 - state_eevp
 - harris_votes_statewide
 - trump_votes_statewide
 - other_votes_statewide
 - final_state
 - final_county
 - final_fips
 - final_trump_votes
 - final_harris_votes
 - final_other_votes
 - harris_percent_snapshot
 - trump_percent_snapshot
 - margin_snapshot
 - harris_percent_final
 - trump_percent_final
 - margin_final
 - margin_difference
 - margin_difference_abs

$ /home/ubuntu/.venv/bin/python3 /home/ubuntu/apps/election-app/stats/3-calc-new.py
Wrote 4 rows with new columns to /home/ubuntu/apps/election-app/win_prob/H/GA/06/_work/2024_county_results_with_calcs_new.csv

$ /home/ubuntu/.venv/bin/python3 /home/ubuntu/apps/election-app/stats/4-stats.py
Reading 2024_county_results_with_calcs_new.csv...
Aggregating statewide totals...
Calculating percentages and margins...
Writing to output_statewide_stats.csv...
Done!
[2026-01-22 22:28:38] INFO: [PIPELINE] ENTER win-prob generation | states=['GA'] ts_list=['2024-11-05T15-30-22']

============================================================================
[01/1] STATE = GA
============================================================================

$ /home/ubuntu/.venv/bin/python3 /home/ubuntu/apps/election-app/stats/5-snapshots.py --state GA --input /home/ubuntu/apps/election-app/win_prob/H/GA/06/_work/output_statewide_stats.csv --output /home/ubuntu/apps/election-app/win_prob/H/GA/06/snapshots_GA.csv --start 2024-11-05T15-30-22 --end 2024-11-05T15-30-22 --use-window 1 --interval 30
Mode: windowed-one-state
Rows written: 4
Distinct states in output: GA
Rows per normalized timestamp (empty = unparseable):
  2024-11-05T15-30-22: 4
Wrote /home/ubuntu/apps/election-app/win_prob/H/GA/06/snapshots_GA.csv

$ /home/ubuntu/.venv/bin/python3 /home/ubuntu/apps/election-app/stats/6-pval.py /home/ubuntu/apps/election-app/win_prob/H/GA/06/snapshots_GA.csv -t /home/ubuntu/apps/election-app/stats/parameters.csv -o /home/ubuntu/apps/election-app/win_prob/H/GA/06/data_output_GA.csv -c 50
Done. Wrote: /home/ubuntu/apps/election-app/win_prob/H/GA/06/data_output_GA.csv
Total rows: 4 (chunked, resumable).
Computed columns for PVALS = [0.01, 0.1, 1, 2, 3, 5, 10, 15, 20, 25, 30, 35, 40, 45, 50, 55, 60, 65, 70, 75, 80, 85, 90, 95, 97, 98, 99, 99.9, 99.99]
Per p (leader): shift_{p}, margin_new_{p}, harris_percent_new_{p}, trump_percent_new_{p}, total_snapshot_{p}, total_expected_{p}, harris_votes_new_{p}, trump_votes_new_{p}
Per p (trailing): shift_trailing_{p}, margin_new_{p}_trailing, harris_percent_new_{p}_trailing, trump_percent_new_{p}_trailing, total_snapshot_{p}_trailing, total_expected_{p}_trailing, harris_votes_new_{p}_trailing, trump_votes_new_{p}_trailing
Checkpoint saved at: /home/ubuntu/apps/election-app/win_prob/H/GA/06/data_output_GA.csv.checkpoint.json

$ /home/ubuntu/.venv/bin/python3 /home/ubuntu/apps/election-app/stats/7-margin-new.py
Wrote data_output_with_margins_old.csv

$ /home/ubuntu/.venv/bin/python3 /home/ubuntu/apps/election-app/stats/7-eevp-statewide.py
Wrote data_output_with_margins.csv (copied from data_output_with_margins_old.csv)

$ /home/ubuntu/.venv/bin/python3 /home/ubuntu/apps/election-app/stats/7.py --input /home/ubuntu/apps/election-app/win_prob/H/GA/06/data_output_GA_with_margins_statewide_eevp.csv --output /home/ubuntu/apps/election-app/win_prob/H/GA/06/statewide_margin_pct_vs_percent_GA_2026.png --state GA --start 2024-11-05T15-30-22 --end 2024-11-05T15-30-22 --stats /home/ubuntu/apps/election-app/win_prob/H/GA/06/stats.csv --stats2 /home/ubuntu/apps/election-app/win_prob/H/GA/06/stats2.csv --interval 30 --year 2026 --jsonl /home/ubuntu/apps/election-app/win_prob/H/GA/06/plotdata_GA_2026_2026-01-22T22-28-27.jsonl
[warn] stats/stats2 FIPS mismatch for state=GA; will apply penalty_pts=100 only if %nodata>0
[info] evaluating 1 timestamps from 2024-11-05T15-30-22 to 2024-11-05T15-30-22 every 30 minutes
[saved] probs_timeseries_GA.csv  (1 points)
[saved] /home/ubuntu/apps/election-app/win_prob/H/GA/06/plotdata_GA_2026_2026-01-22T22-28-27.jsonl  (4 points)
[saved] /home/ubuntu/apps/election-app/win_prob/H/GA/06/statewide_margin_pct_vs_percent_GA_2026_box.json
[saved] /home/ubuntu/apps/election-app/win_prob/H/GA/06/statewide_margin_pct_vs_percent_GA_2026_box.png
[saved] /home/ubuntu/apps/election-app/win_prob/H/GA/06/statewide_margin_pct_vs_percent_GA_2026.png

All 50 states complete. See: /home/ubuntu/apps/election-app/win_prob/H/GA/06

$ /home/ubuntu/.venv/bin/python3 /home/ubuntu/apps/election-app/stats/8.py --root /home/ubuntu/apps/election-app/win_prob/H/GA/06/_work --outdir /home/ubuntu/apps/election-app/win_prob/H/GA/06
[info] root  = /home/ubuntu/apps/election-app/win_prob/H/GA/06/_work
[info] outdir= /home/ubuntu/apps/election-app/win_prob/H/GA/06
[deleted] /home/ubuntu/apps/election-app/win_prob/H/GA/06/_work/stats_with_statewide.csv
[deleted] /home/ubuntu/apps/election-app/win_prob/H/GA/06/_work/stats2_final_headers.csv
[deleted] /home/ubuntu/apps/election-app/win_prob/H/GA/06/_work/2024_county_results_with_final-old.csv
[deleted] /home/ubuntu/apps/election-app/win_prob/H/GA/06/_work/2024_county_results_with_final.csv
[deleted] /home/ubuntu/apps/election-app/win_prob/H/GA/06/_work/2024_county_results_with_final_1.csv
[deleted] /home/ubuntu/apps/election-app/win_prob/H/GA/06/_work/2024_county_results_with_calcs-old.csv
[deleted] /home/ubuntu/apps/election-app/win_prob/H/GA/06/_work/2024_county_results_with_calcs_new.csv
[deleted] /home/ubuntu/apps/election-app/win_prob/H/GA/06/_work/output_statewide_stats.csv
[skip]    /home/ubuntu/apps/election-app/win_prob/H/GA/06/_work/probs_timeseries_PA.csv
[deleted] /home/ubuntu/apps/election-app/win_prob/H/GA/06/_work/2024_county_results_with_calcs.csv
[skip]    /home/ubuntu/apps/election-app/win_prob/H/GA/06/data_output.csv
[skip]    /home/ubuntu/apps/election-app/win_prob/H/GA/06/data_output_with_margins_old.csv
[skip]    /home/ubuntu/apps/election-app/win_prob/H/GA/06/data_output_with_margins.csv
[skip]    /home/ubuntu/apps/election-app/win_prob/H/GA/06/data_output_with_margins-statewide.csv
[deleted] /home/ubuntu/apps/election-app/win_prob/H/GA/06/snapshots_GA.csv
[deleted] /home/ubuntu/apps/election-app/win_prob/H/GA/06/data_output_GA_with_margins.csv
[deleted] /home/ubuntu/apps/election-app/win_prob/H/GA/06/data_output_GA_with_margins_statewide_eevp.csv
[deleted] /home/ubuntu/apps/election-app/win_prob/H/GA/06/data_output_GA.csv
[deleted] /home/ubuntu/apps/election-app/win_prob/H/GA/06/data_output_GA.csv.checkpoint.json
[deleted] /home/ubuntu/apps/election-app/win_prob/H/GA/06/stats.csv
[deleted] /home/ubuntu/apps/election-app/win_prob/H/GA/06/stats2.csv
[done] removed 16 file(s)
[2026-01-22 22:35:30] INFO: [PIPELINE] args: office=H state=GA district=06
[2026-01-22 22:35:30] INFO: [PIPELINE] WINPROB_DIR resolved to: /home/ubuntu/apps/election-app/win_prob/H/GA/06
[2026-01-22 22:35:30] INFO: [PIPELINE] OUTDIR set to: /home/ubuntu/apps/election-app/win_prob/H/GA/06

$ /home/ubuntu/.venv/bin/python3 /home/ubuntu/apps/election-app/stats/1-statewide.py --input /home/ubuntu/apps/election-app/win_prob/H/GA/06/stats.csv --output /home/ubuntu/apps/election-app/win_prob/H/GA/06/_work/stats_with_statewide.csv
Wrote /home/ubuntu/apps/election-app/win_prob/H/GA/06/_work/stats_with_statewide.csv (rows=4)

$ /home/ubuntu/.venv/bin/python3 /home/ubuntu/apps/election-app/stats/1-stats-2.py --input /home/ubuntu/apps/election-app/win_prob/H/GA/06/stats2.csv --output /home/ubuntu/apps/election-app/win_prob/H/GA/06/_work/stats2_final_headers.csv
Wrote /home/ubuntu/apps/election-app/win_prob/H/GA/06/_work/stats2_final_headers.csv (rows=6)

$ /home/ubuntu/.venv/bin/python3 /home/ubuntu/apps/election-app/stats/1-append-new.py
[warn] stats/stats2 row+fips mismatch detected; will fill missing final_* with 10
Wrote 2024_county_results_with_final-old.csv (rows=4, missing_final_matches=2)

$ /home/ubuntu/.venv/bin/python3 /home/ubuntu/apps/election-app/stats/1-change_header.py
Wrote: 2024_county_results_with_final.csv

$ /home/ubuntu/.venv/bin/python3 /home/ubuntu/apps/election-app/stats/1-cut-zero-fips.py
Wrote: 2024_county_results_with_final_1.csv
Rows before: 4
Rows after:  4
Dropped (fips == 0): 0

$ /home/ubuntu/.venv/bin/python3 /home/ubuntu/apps/election-app/stats/2-calc.py
Wrote 4 rows with calculations to /home/ubuntu/apps/election-app/win_prob/H/GA/06/_work/2024_county_results_with_calcs-old.csv

$ /home/ubuntu/.venv/bin/python3 /home/ubuntu/apps/election-app/stats/2-eevp.py
Wrote (no-op copy): 2024_county_results_with_calcs.csv
Columns:
 - timestamp
 - state
 - county
 - fips
 - trump_votes
 - harris_votes
 - other_votes
 - eevp
 - state_eevp
 - harris_votes_statewide
 - trump_votes_statewide
 - other_votes_statewide
 - final_state
 - final_county
 - final_fips
 - final_trump_votes
 - final_harris_votes
 - final_other_votes
 - harris_percent_snapshot
 - trump_percent_snapshot
 - margin_snapshot
 - harris_percent_final
 - trump_percent_final
 - margin_final
 - margin_difference
 - margin_difference_abs

$ /home/ubuntu/.venv/bin/python3 /home/ubuntu/apps/election-app/stats/3-calc-new.py
Wrote 4 rows with new columns to /home/ubuntu/apps/election-app/win_prob/H/GA/06/_work/2024_county_results_with_calcs_new.csv

$ /home/ubuntu/.venv/bin/python3 /home/ubuntu/apps/election-app/stats/4-stats.py
Reading 2024_county_results_with_calcs_new.csv...
Aggregating statewide totals...
Calculating percentages and margins...
Writing to output_statewide_stats.csv...
Done!
[2026-01-22 22:35:40] INFO: [PIPELINE] ENTER win-prob generation | states=['GA'] ts_list=['2024-11-05T15-30-22']

============================================================================
[01/1] STATE = GA
============================================================================

$ /home/ubuntu/.venv/bin/python3 /home/ubuntu/apps/election-app/stats/5-snapshots.py --state GA --input /home/ubuntu/apps/election-app/win_prob/H/GA/06/_work/output_statewide_stats.csv --output /home/ubuntu/apps/election-app/win_prob/H/GA/06/snapshots_GA.csv --start 2024-11-05T15-30-22 --end 2024-11-05T15-30-22 --use-window 1 --interval 30
Mode: windowed-one-state
Rows written: 4
Distinct states in output: GA
Rows per normalized timestamp (empty = unparseable):
  2024-11-05T15-30-22: 4
Wrote /home/ubuntu/apps/election-app/win_prob/H/GA/06/snapshots_GA.csv

$ /home/ubuntu/.venv/bin/python3 /home/ubuntu/apps/election-app/stats/6-pval.py /home/ubuntu/apps/election-app/win_prob/H/GA/06/snapshots_GA.csv -t /home/ubuntu/apps/election-app/stats/parameters.csv -o /home/ubuntu/apps/election-app/win_prob/H/GA/06/data_output_GA.csv -c 50
Done. Wrote: /home/ubuntu/apps/election-app/win_prob/H/GA/06/data_output_GA.csv
Total rows: 4 (chunked, resumable).
Computed columns for PVALS = [0.01, 0.1, 1, 2, 3, 5, 10, 15, 20, 25, 30, 35, 40, 45, 50, 55, 60, 65, 70, 75, 80, 85, 90, 95, 97, 98, 99, 99.9, 99.99]
Per p (leader): shift_{p}, margin_new_{p}, harris_percent_new_{p}, trump_percent_new_{p}, total_snapshot_{p}, total_expected_{p}, harris_votes_new_{p}, trump_votes_new_{p}
Per p (trailing): shift_trailing_{p}, margin_new_{p}_trailing, harris_percent_new_{p}_trailing, trump_percent_new_{p}_trailing, total_snapshot_{p}_trailing, total_expected_{p}_trailing, harris_votes_new_{p}_trailing, trump_votes_new_{p}_trailing
Checkpoint saved at: /home/ubuntu/apps/election-app/win_prob/H/GA/06/data_output_GA.csv.checkpoint.json

$ /home/ubuntu/.venv/bin/python3 /home/ubuntu/apps/election-app/stats/7-margin-new.py
Wrote data_output_with_margins_old.csv

$ /home/ubuntu/.venv/bin/python3 /home/ubuntu/apps/election-app/stats/7-eevp-statewide.py
Wrote data_output_with_margins.csv (copied from data_output_with_margins_old.csv)

$ /home/ubuntu/.venv/bin/python3 /home/ubuntu/apps/election-app/stats/7.py --input /home/ubuntu/apps/election-app/win_prob/H/GA/06/data_output_GA_with_margins_statewide_eevp.csv --output /home/ubuntu/apps/election-app/win_prob/H/GA/06/statewide_margin_pct_vs_percent_GA_2026.png --state GA --start 2024-11-05T15-30-22 --end 2024-11-05T15-30-22 --stats /home/ubuntu/apps/election-app/win_prob/H/GA/06/stats.csv --stats2 /home/ubuntu/apps/election-app/win_prob/H/GA/06/stats2.csv --interval 30 --year 2026 --jsonl /home/ubuntu/apps/election-app/win_prob/H/GA/06/plotdata_GA_2026_2026-01-22T22-35-30.jsonl
[warn] stats/stats2 FIPS mismatch for state=GA; will apply penalty_pts=100 only if %nodata>0
[info] evaluating 1 timestamps from 2024-11-05T15-30-22 to 2024-11-05T15-30-22 every 30 minutes
[saved] probs_timeseries_GA.csv  (1 points)
[saved] /home/ubuntu/apps/election-app/win_prob/H/GA/06/plotdata_GA_2026_2026-01-22T22-35-30.jsonl  (4 points)
[saved] /home/ubuntu/apps/election-app/win_prob/H/GA/06/statewide_margin_pct_vs_percent_GA_2026_box.json
[saved] /home/ubuntu/apps/election-app/win_prob/H/GA/06/statewide_margin_pct_vs_percent_GA_2026_box.png
[saved] /home/ubuntu/apps/election-app/win_prob/H/GA/06/statewide_margin_pct_vs_percent_GA_2026.png

All 50 states complete. See: /home/ubuntu/apps/election-app/win_prob/H/GA/06

$ /home/ubuntu/.venv/bin/python3 /home/ubuntu/apps/election-app/stats/8.py --root /home/ubuntu/apps/election-app/win_prob/H/GA/06/_work --outdir /home/ubuntu/apps/election-app/win_prob/H/GA/06
[info] root  = /home/ubuntu/apps/election-app/win_prob/H/GA/06/_work
[info] outdir= /home/ubuntu/apps/election-app/win_prob/H/GA/06
[deleted] /home/ubuntu/apps/election-app/win_prob/H/GA/06/_work/stats_with_statewide.csv
[deleted] /home/ubuntu/apps/election-app/win_prob/H/GA/06/_work/stats2_final_headers.csv
[deleted] /home/ubuntu/apps/election-app/win_prob/H/GA/06/_work/2024_county_results_with_final-old.csv
[deleted] /home/ubuntu/apps/election-app/win_prob/H/GA/06/_work/2024_county_results_with_final.csv
[deleted] /home/ubuntu/apps/election-app/win_prob/H/GA/06/_work/2024_county_results_with_final_1.csv
[deleted] /home/ubuntu/apps/election-app/win_prob/H/GA/06/_work/2024_county_results_with_calcs-old.csv
[deleted] /home/ubuntu/apps/election-app/win_prob/H/GA/06/_work/2024_county_results_with_calcs_new.csv
[deleted] /home/ubuntu/apps/election-app/win_prob/H/GA/06/_work/output_statewide_stats.csv
[skip]    /home/ubuntu/apps/election-app/win_prob/H/GA/06/_work/probs_timeseries_PA.csv
[deleted] /home/ubuntu/apps/election-app/win_prob/H/GA/06/_work/2024_county_results_with_calcs.csv
[skip]    /home/ubuntu/apps/election-app/win_prob/H/GA/06/data_output.csv
[skip]    /home/ubuntu/apps/election-app/win_prob/H/GA/06/data_output_with_margins_old.csv
[skip]    /home/ubuntu/apps/election-app/win_prob/H/GA/06/data_output_with_margins.csv
[skip]    /home/ubuntu/apps/election-app/win_prob/H/GA/06/data_output_with_margins-statewide.csv
[deleted] /home/ubuntu/apps/election-app/win_prob/H/GA/06/snapshots_GA.csv
[deleted] /home/ubuntu/apps/election-app/win_prob/H/GA/06/data_output_GA_with_margins.csv
[deleted] /home/ubuntu/apps/election-app/win_prob/H/GA/06/data_output_GA_with_margins_statewide_eevp.csv
[deleted] /home/ubuntu/apps/election-app/win_prob/H/GA/06/data_output_GA.csv
[deleted] /home/ubuntu/apps/election-app/win_prob/H/GA/06/data_output_GA.csv.checkpoint.json
[deleted] /home/ubuntu/apps/election-app/win_prob/H/GA/06/stats.csv
[deleted] /home/ubuntu/apps/election-app/win_prob/H/GA/06/stats2.csv
[done] removed 16 file(s)
[2026-01-22 22:42:34] INFO: [PIPELINE] args: office=H state=GA district=06
[2026-01-22 22:42:34] INFO: [PIPELINE] WINPROB_DIR resolved to: /home/ubuntu/apps/election-app/win_prob/H/GA/06
[2026-01-22 22:42:34] INFO: [PIPELINE] OUTDIR set to: /home/ubuntu/apps/election-app/win_prob/H/GA/06

$ /home/ubuntu/.venv/bin/python3 /home/ubuntu/apps/election-app/stats/1-statewide.py --input /home/ubuntu/apps/election-app/win_prob/H/GA/06/stats.csv --output /home/ubuntu/apps/election-app/win_prob/H/GA/06/_work/stats_with_statewide.csv
Wrote /home/ubuntu/apps/election-app/win_prob/H/GA/06/_work/stats_with_statewide.csv (rows=4)

$ /home/ubuntu/.venv/bin/python3 /home/ubuntu/apps/election-app/stats/1-stats-2.py --input /home/ubuntu/apps/election-app/win_prob/H/GA/06/stats2.csv --output /home/ubuntu/apps/election-app/win_prob/H/GA/06/_work/stats2_final_headers.csv
Wrote /home/ubuntu/apps/election-app/win_prob/H/GA/06/_work/stats2_final_headers.csv (rows=6)

$ /home/ubuntu/.venv/bin/python3 /home/ubuntu/apps/election-app/stats/1-append-new.py
[warn] stats/stats2 row+fips mismatch detected; will fill missing final_* with 10
Wrote 2024_county_results_with_final-old.csv (rows=4, missing_final_matches=2)

$ /home/ubuntu/.venv/bin/python3 /home/ubuntu/apps/election-app/stats/1-change_header.py
Wrote: 2024_county_results_with_final.csv

$ /home/ubuntu/.venv/bin/python3 /home/ubuntu/apps/election-app/stats/1-cut-zero-fips.py
Wrote: 2024_county_results_with_final_1.csv
Rows before: 4
Rows after:  4
Dropped (fips == 0): 0

$ /home/ubuntu/.venv/bin/python3 /home/ubuntu/apps/election-app/stats/2-calc.py
Wrote 4 rows with calculations to /home/ubuntu/apps/election-app/win_prob/H/GA/06/_work/2024_county_results_with_calcs-old.csv

$ /home/ubuntu/.venv/bin/python3 /home/ubuntu/apps/election-app/stats/2-eevp.py
Wrote (no-op copy): 2024_county_results_with_calcs.csv
Columns:
 - timestamp
 - state
 - county
 - fips
 - trump_votes
 - harris_votes
 - other_votes
 - eevp
 - state_eevp
 - harris_votes_statewide
 - trump_votes_statewide
 - other_votes_statewide
 - final_state
 - final_county
 - final_fips
 - final_trump_votes
 - final_harris_votes
 - final_other_votes
 - harris_percent_snapshot
 - trump_percent_snapshot
 - margin_snapshot
 - harris_percent_final
 - trump_percent_final
 - margin_final
 - margin_difference
 - margin_difference_abs

$ /home/ubuntu/.venv/bin/python3 /home/ubuntu/apps/election-app/stats/3-calc-new.py
Wrote 4 rows with new columns to /home/ubuntu/apps/election-app/win_prob/H/GA/06/_work/2024_county_results_with_calcs_new.csv

$ /home/ubuntu/.venv/bin/python3 /home/ubuntu/apps/election-app/stats/4-stats.py
Reading 2024_county_results_with_calcs_new.csv...
Aggregating statewide totals...
Calculating percentages and margins...
Writing to output_statewide_stats.csv...
Done!
[2026-01-22 22:42:44] INFO: [PIPELINE] ENTER win-prob generation | states=['GA'] ts_list=['2024-11-05T15-30-22']

============================================================================
[01/1] STATE = GA
============================================================================

$ /home/ubuntu/.venv/bin/python3 /home/ubuntu/apps/election-app/stats/5-snapshots.py --state GA --input /home/ubuntu/apps/election-app/win_prob/H/GA/06/_work/output_statewide_stats.csv --output /home/ubuntu/apps/election-app/win_prob/H/GA/06/snapshots_GA.csv --start 2024-11-05T15-30-22 --end 2024-11-05T15-30-22 --use-window 1 --interval 30
Mode: windowed-one-state
Rows written: 4
Distinct states in output: GA
Rows per normalized timestamp (empty = unparseable):
  2024-11-05T15-30-22: 4
Wrote /home/ubuntu/apps/election-app/win_prob/H/GA/06/snapshots_GA.csv

$ /home/ubuntu/.venv/bin/python3 /home/ubuntu/apps/election-app/stats/6-pval.py /home/ubuntu/apps/election-app/win_prob/H/GA/06/snapshots_GA.csv -t /home/ubuntu/apps/election-app/stats/parameters.csv -o /home/ubuntu/apps/election-app/win_prob/H/GA/06/data_output_GA.csv -c 50
Done. Wrote: /home/ubuntu/apps/election-app/win_prob/H/GA/06/data_output_GA.csv
Total rows: 4 (chunked, resumable).
Computed columns for PVALS = [0.01, 0.1, 1, 2, 3, 5, 10, 15, 20, 25, 30, 35, 40, 45, 50, 55, 60, 65, 70, 75, 80, 85, 90, 95, 97, 98, 99, 99.9, 99.99]
Per p (leader): shift_{p}, margin_new_{p}, harris_percent_new_{p}, trump_percent_new_{p}, total_snapshot_{p}, total_expected_{p}, harris_votes_new_{p}, trump_votes_new_{p}
Per p (trailing): shift_trailing_{p}, margin_new_{p}_trailing, harris_percent_new_{p}_trailing, trump_percent_new_{p}_trailing, total_snapshot_{p}_trailing, total_expected_{p}_trailing, harris_votes_new_{p}_trailing, trump_votes_new_{p}_trailing
Checkpoint saved at: /home/ubuntu/apps/election-app/win_prob/H/GA/06/data_output_GA.csv.checkpoint.json

$ /home/ubuntu/.venv/bin/python3 /home/ubuntu/apps/election-app/stats/7-margin-new.py
Wrote data_output_with_margins_old.csv

$ /home/ubuntu/.venv/bin/python3 /home/ubuntu/apps/election-app/stats/7-eevp-statewide.py
Wrote data_output_with_margins.csv (copied from data_output_with_margins_old.csv)

$ /home/ubuntu/.venv/bin/python3 /home/ubuntu/apps/election-app/stats/7.py --input /home/ubuntu/apps/election-app/win_prob/H/GA/06/data_output_GA_with_margins_statewide_eevp.csv --output /home/ubuntu/apps/election-app/win_prob/H/GA/06/statewide_margin_pct_vs_percent_GA_2026.png --state GA --start 2024-11-05T15-30-22 --end 2024-11-05T15-30-22 --stats /home/ubuntu/apps/election-app/win_prob/H/GA/06/stats.csv --stats2 /home/ubuntu/apps/election-app/win_prob/H/GA/06/stats2.csv --interval 30 --year 2026 --jsonl /home/ubuntu/apps/election-app/win_prob/H/GA/06/plotdata_GA_2026_2026-01-22T22-42-34.jsonl
[warn] stats/stats2 FIPS mismatch for state=GA; will apply penalty_pts=100 only if %nodata>0
[info] evaluating 1 timestamps from 2024-11-05T15-30-22 to 2024-11-05T15-30-22 every 30 minutes
[saved] probs_timeseries_GA.csv  (1 points)
[saved] /home/ubuntu/apps/election-app/win_prob/H/GA/06/plotdata_GA_2026_2026-01-22T22-42-34.jsonl  (4 points)
[saved] /home/ubuntu/apps/election-app/win_prob/H/GA/06/statewide_margin_pct_vs_percent_GA_2026_box.json
[saved] /home/ubuntu/apps/election-app/win_prob/H/GA/06/statewide_margin_pct_vs_percent_GA_2026_box.png
[saved] /home/ubuntu/apps/election-app/win_prob/H/GA/06/statewide_margin_pct_vs_percent_GA_2026.png

All 50 states complete. See: /home/ubuntu/apps/election-app/win_prob/H/GA/06

$ /home/ubuntu/.venv/bin/python3 /home/ubuntu/apps/election-app/stats/8.py --root /home/ubuntu/apps/election-app/win_prob/H/GA/06/_work --outdir /home/ubuntu/apps/election-app/win_prob/H/GA/06
[info] root  = /home/ubuntu/apps/election-app/win_prob/H/GA/06/_work
[info] outdir= /home/ubuntu/apps/election-app/win_prob/H/GA/06
[deleted] /home/ubuntu/apps/election-app/win_prob/H/GA/06/_work/stats_with_statewide.csv
[deleted] /home/ubuntu/apps/election-app/win_prob/H/GA/06/_work/stats2_final_headers.csv
[deleted] /home/ubuntu/apps/election-app/win_prob/H/GA/06/_work/2024_county_results_with_final-old.csv
[deleted] /home/ubuntu/apps/election-app/win_prob/H/GA/06/_work/2024_county_results_with_final.csv
[deleted] /home/ubuntu/apps/election-app/win_prob/H/GA/06/_work/2024_county_results_with_final_1.csv
[deleted] /home/ubuntu/apps/election-app/win_prob/H/GA/06/_work/2024_county_results_with_calcs-old.csv
[deleted] /home/ubuntu/apps/election-app/win_prob/H/GA/06/_work/2024_county_results_with_calcs_new.csv
[deleted] /home/ubuntu/apps/election-app/win_prob/H/GA/06/_work/output_statewide_stats.csv
[skip]    /home/ubuntu/apps/election-app/win_prob/H/GA/06/_work/probs_timeseries_PA.csv
[deleted] /home/ubuntu/apps/election-app/win_prob/H/GA/06/_work/2024_county_results_with_calcs.csv
[skip]    /home/ubuntu/apps/election-app/win_prob/H/GA/06/data_output.csv
[skip]    /home/ubuntu/apps/election-app/win_prob/H/GA/06/data_output_with_margins_old.csv
[skip]    /home/ubuntu/apps/election-app/win_prob/H/GA/06/data_output_with_margins.csv
[skip]    /home/ubuntu/apps/election-app/win_prob/H/GA/06/data_output_with_margins-statewide.csv
[deleted] /home/ubuntu/apps/election-app/win_prob/H/GA/06/snapshots_GA.csv
[deleted] /home/ubuntu/apps/election-app/win_prob/H/GA/06/data_output_GA_with_margins.csv
[deleted] /home/ubuntu/apps/election-app/win_prob/H/GA/06/data_output_GA_with_margins_statewide_eevp.csv
[deleted] /home/ubuntu/apps/election-app/win_prob/H/GA/06/data_output_GA.csv
[deleted] /home/ubuntu/apps/election-app/win_prob/H/GA/06/data_output_GA.csv.checkpoint.json
[deleted] /home/ubuntu/apps/election-app/win_prob/H/GA/06/stats.csv
[deleted] /home/ubuntu/apps/election-app/win_prob/H/GA/06/stats2.csv
[done] removed 16 file(s)
[2026-01-22 22:49:37] INFO: [PIPELINE] args: office=H state=GA district=06
[2026-01-22 22:49:37] INFO: [PIPELINE] WINPROB_DIR resolved to: /home/ubuntu/apps/election-app/win_prob/H/GA/06
[2026-01-22 22:49:37] INFO: [PIPELINE] OUTDIR set to: /home/ubuntu/apps/election-app/win_prob/H/GA/06

$ /home/ubuntu/.venv/bin/python3 /home/ubuntu/apps/election-app/stats/1-statewide.py --input /home/ubuntu/apps/election-app/win_prob/H/GA/06/stats.csv --output /home/ubuntu/apps/election-app/win_prob/H/GA/06/_work/stats_with_statewide.csv
Wrote /home/ubuntu/apps/election-app/win_prob/H/GA/06/_work/stats_with_statewide.csv (rows=4)

$ /home/ubuntu/.venv/bin/python3 /home/ubuntu/apps/election-app/stats/1-stats-2.py --input /home/ubuntu/apps/election-app/win_prob/H/GA/06/stats2.csv --output /home/ubuntu/apps/election-app/win_prob/H/GA/06/_work/stats2_final_headers.csv
Wrote /home/ubuntu/apps/election-app/win_prob/H/GA/06/_work/stats2_final_headers.csv (rows=6)

$ /home/ubuntu/.venv/bin/python3 /home/ubuntu/apps/election-app/stats/1-append-new.py
[warn] stats/stats2 row+fips mismatch detected; will fill missing final_* with 10
Wrote 2024_county_results_with_final-old.csv (rows=4, missing_final_matches=2)

$ /home/ubuntu/.venv/bin/python3 /home/ubuntu/apps/election-app/stats/1-change_header.py
Wrote: 2024_county_results_with_final.csv

$ /home/ubuntu/.venv/bin/python3 /home/ubuntu/apps/election-app/stats/1-cut-zero-fips.py
Wrote: 2024_county_results_with_final_1.csv
Rows before: 4
Rows after:  4
Dropped (fips == 0): 0

$ /home/ubuntu/.venv/bin/python3 /home/ubuntu/apps/election-app/stats/2-calc.py
Wrote 4 rows with calculations to /home/ubuntu/apps/election-app/win_prob/H/GA/06/_work/2024_county_results_with_calcs-old.csv

$ /home/ubuntu/.venv/bin/python3 /home/ubuntu/apps/election-app/stats/2-eevp.py
Wrote (no-op copy): 2024_county_results_with_calcs.csv
Columns:
 - timestamp
 - state
 - county
 - fips
 - trump_votes
 - harris_votes
 - other_votes
 - eevp
 - state_eevp
 - harris_votes_statewide
 - trump_votes_statewide
 - other_votes_statewide
 - final_state
 - final_county
 - final_fips
 - final_trump_votes
 - final_harris_votes
 - final_other_votes
 - harris_percent_snapshot
 - trump_percent_snapshot
 - margin_snapshot
 - harris_percent_final
 - trump_percent_final
 - margin_final
 - margin_difference
 - margin_difference_abs

$ /home/ubuntu/.venv/bin/python3 /home/ubuntu/apps/election-app/stats/3-calc-new.py
Wrote 4 rows with new columns to /home/ubuntu/apps/election-app/win_prob/H/GA/06/_work/2024_county_results_with_calcs_new.csv

$ /home/ubuntu/.venv/bin/python3 /home/ubuntu/apps/election-app/stats/4-stats.py
Reading 2024_county_results_with_calcs_new.csv...
Aggregating statewide totals...
Calculating percentages and margins...
Writing to output_statewide_stats.csv...
Done!
[2026-01-22 22:49:46] INFO: [PIPELINE] ENTER win-prob generation | states=['GA'] ts_list=['2024-11-05T15-30-22']

============================================================================
[01/1] STATE = GA
============================================================================

$ /home/ubuntu/.venv/bin/python3 /home/ubuntu/apps/election-app/stats/5-snapshots.py --state GA --input /home/ubuntu/apps/election-app/win_prob/H/GA/06/_work/output_statewide_stats.csv --output /home/ubuntu/apps/election-app/win_prob/H/GA/06/snapshots_GA.csv --start 2024-11-05T15-30-22 --end 2024-11-05T15-30-22 --use-window 1 --interval 30
Mode: windowed-one-state
Rows written: 4
Distinct states in output: GA
Rows per normalized timestamp (empty = unparseable):
  2024-11-05T15-30-22: 4
Wrote /home/ubuntu/apps/election-app/win_prob/H/GA/06/snapshots_GA.csv

$ /home/ubuntu/.venv/bin/python3 /home/ubuntu/apps/election-app/stats/6-pval.py /home/ubuntu/apps/election-app/win_prob/H/GA/06/snapshots_GA.csv -t /home/ubuntu/apps/election-app/stats/parameters.csv -o /home/ubuntu/apps/election-app/win_prob/H/GA/06/data_output_GA.csv -c 50
Done. Wrote: /home/ubuntu/apps/election-app/win_prob/H/GA/06/data_output_GA.csv
Total rows: 4 (chunked, resumable).
Computed columns for PVALS = [0.01, 0.1, 1, 2, 3, 5, 10, 15, 20, 25, 30, 35, 40, 45, 50, 55, 60, 65, 70, 75, 80, 85, 90, 95, 97, 98, 99, 99.9, 99.99]
Per p (leader): shift_{p}, margin_new_{p}, harris_percent_new_{p}, trump_percent_new_{p}, total_snapshot_{p}, total_expected_{p}, harris_votes_new_{p}, trump_votes_new_{p}
Per p (trailing): shift_trailing_{p}, margin_new_{p}_trailing, harris_percent_new_{p}_trailing, trump_percent_new_{p}_trailing, total_snapshot_{p}_trailing, total_expected_{p}_trailing, harris_votes_new_{p}_trailing, trump_votes_new_{p}_trailing
Checkpoint saved at: /home/ubuntu/apps/election-app/win_prob/H/GA/06/data_output_GA.csv.checkpoint.json

$ /home/ubuntu/.venv/bin/python3 /home/ubuntu/apps/election-app/stats/7-margin-new.py
Wrote data_output_with_margins_old.csv

$ /home/ubuntu/.venv/bin/python3 /home/ubuntu/apps/election-app/stats/7-eevp-statewide.py
Wrote data_output_with_margins.csv (copied from data_output_with_margins_old.csv)

$ /home/ubuntu/.venv/bin/python3 /home/ubuntu/apps/election-app/stats/7.py --input /home/ubuntu/apps/election-app/win_prob/H/GA/06/data_output_GA_with_margins_statewide_eevp.csv --output /home/ubuntu/apps/election-app/win_prob/H/GA/06/statewide_margin_pct_vs_percent_GA_2026.png --state GA --start 2024-11-05T15-30-22 --end 2024-11-05T15-30-22 --stats /home/ubuntu/apps/election-app/win_prob/H/GA/06/stats.csv --stats2 /home/ubuntu/apps/election-app/win_prob/H/GA/06/stats2.csv --interval 30 --year 2026 --jsonl /home/ubuntu/apps/election-app/win_prob/H/GA/06/plotdata_GA_2026_2026-01-22T22-49-37.jsonl
[warn] stats/stats2 FIPS mismatch for state=GA; will apply penalty_pts=100 only if %nodata>0
[info] evaluating 1 timestamps from 2024-11-05T15-30-22 to 2024-11-05T15-30-22 every 30 minutes
[saved] probs_timeseries_GA.csv  (1 points)
[saved] /home/ubuntu/apps/election-app/win_prob/H/GA/06/plotdata_GA_2026_2026-01-22T22-49-37.jsonl  (4 points)
[saved] /home/ubuntu/apps/election-app/win_prob/H/GA/06/statewide_margin_pct_vs_percent_GA_2026_box.json
[saved] /home/ubuntu/apps/election-app/win_prob/H/GA/06/statewide_margin_pct_vs_percent_GA_2026_box.png
[saved] /home/ubuntu/apps/election-app/win_prob/H/GA/06/statewide_margin_pct_vs_percent_GA_2026.png

All 50 states complete. See: /home/ubuntu/apps/election-app/win_prob/H/GA/06

$ /home/ubuntu/.venv/bin/python3 /home/ubuntu/apps/election-app/stats/8.py --root /home/ubuntu/apps/election-app/win_prob/H/GA/06/_work --outdir /home/ubuntu/apps/election-app/win_prob/H/GA/06
[info] root  = /home/ubuntu/apps/election-app/win_prob/H/GA/06/_work
[info] outdir= /home/ubuntu/apps/election-app/win_prob/H/GA/06
[deleted] /home/ubuntu/apps/election-app/win_prob/H/GA/06/_work/stats_with_statewide.csv
[deleted] /home/ubuntu/apps/election-app/win_prob/H/GA/06/_work/stats2_final_headers.csv
[deleted] /home/ubuntu/apps/election-app/win_prob/H/GA/06/_work/2024_county_results_with_final-old.csv
[deleted] /home/ubuntu/apps/election-app/win_prob/H/GA/06/_work/2024_county_results_with_final.csv
[deleted] /home/ubuntu/apps/election-app/win_prob/H/GA/06/_work/2024_county_results_with_final_1.csv
[deleted] /home/ubuntu/apps/election-app/win_prob/H/GA/06/_work/2024_county_results_with_calcs-old.csv
[deleted] /home/ubuntu/apps/election-app/win_prob/H/GA/06/_work/2024_county_results_with_calcs_new.csv
[deleted] /home/ubuntu/apps/election-app/win_prob/H/GA/06/_work/output_statewide_stats.csv
[skip]    /home/ubuntu/apps/election-app/win_prob/H/GA/06/_work/probs_timeseries_PA.csv
[deleted] /home/ubuntu/apps/election-app/win_prob/H/GA/06/_work/2024_county_results_with_calcs.csv
[skip]    /home/ubuntu/apps/election-app/win_prob/H/GA/06/data_output.csv
[skip]    /home/ubuntu/apps/election-app/win_prob/H/GA/06/data_output_with_margins_old.csv
[skip]    /home/ubuntu/apps/election-app/win_prob/H/GA/06/data_output_with_margins.csv
[skip]    /home/ubuntu/apps/election-app/win_prob/H/GA/06/data_output_with_margins-statewide.csv
[deleted] /home/ubuntu/apps/election-app/win_prob/H/GA/06/snapshots_GA.csv
[deleted] /home/ubuntu/apps/election-app/win_prob/H/GA/06/data_output_GA_with_margins.csv
[deleted] /home/ubuntu/apps/election-app/win_prob/H/GA/06/data_output_GA_with_margins_statewide_eevp.csv
[deleted] /home/ubuntu/apps/election-app/win_prob/H/GA/06/data_output_GA.csv
[deleted] /home/ubuntu/apps/election-app/win_prob/H/GA/06/data_output_GA.csv.checkpoint.json
[deleted] /home/ubuntu/apps/election-app/win_prob/H/GA/06/stats.csv
[deleted] /home/ubuntu/apps/election-app/win_prob/H/GA/06/stats2.csv
[done] removed 16 file(s)
[2026-01-22 22:56:40] INFO: [PIPELINE] args: office=H state=GA district=06
[2026-01-22 22:56:40] INFO: [PIPELINE] WINPROB_DIR resolved to: /home/ubuntu/apps/election-app/win_prob/H/GA/06
[2026-01-22 22:56:40] INFO: [PIPELINE] OUTDIR set to: /home/ubuntu/apps/election-app/win_prob/H/GA/06

$ /home/ubuntu/.venv/bin/python3 /home/ubuntu/apps/election-app/stats/1-statewide.py --input /home/ubuntu/apps/election-app/win_prob/H/GA/06/stats.csv --output /home/ubuntu/apps/election-app/win_prob/H/GA/06/_work/stats_with_statewide.csv
Wrote /home/ubuntu/apps/election-app/win_prob/H/GA/06/_work/stats_with_statewide.csv (rows=4)

$ /home/ubuntu/.venv/bin/python3 /home/ubuntu/apps/election-app/stats/1-stats-2.py --input /home/ubuntu/apps/election-app/win_prob/H/GA/06/stats2.csv --output /home/ubuntu/apps/election-app/win_prob/H/GA/06/_work/stats2_final_headers.csv
Wrote /home/ubuntu/apps/election-app/win_prob/H/GA/06/_work/stats2_final_headers.csv (rows=6)

$ /home/ubuntu/.venv/bin/python3 /home/ubuntu/apps/election-app/stats/1-append-new.py
[warn] stats/stats2 row+fips mismatch detected; will fill missing final_* with 10
Wrote 2024_county_results_with_final-old.csv (rows=4, missing_final_matches=2)

$ /home/ubuntu/.venv/bin/python3 /home/ubuntu/apps/election-app/stats/1-change_header.py
Wrote: 2024_county_results_with_final.csv

$ /home/ubuntu/.venv/bin/python3 /home/ubuntu/apps/election-app/stats/1-cut-zero-fips.py
Wrote: 2024_county_results_with_final_1.csv
Rows before: 4
Rows after:  4
Dropped (fips == 0): 0

$ /home/ubuntu/.venv/bin/python3 /home/ubuntu/apps/election-app/stats/2-calc.py
Wrote 4 rows with calculations to /home/ubuntu/apps/election-app/win_prob/H/GA/06/_work/2024_county_results_with_calcs-old.csv

$ /home/ubuntu/.venv/bin/python3 /home/ubuntu/apps/election-app/stats/2-eevp.py
Wrote (no-op copy): 2024_county_results_with_calcs.csv
Columns:
 - timestamp
 - state
 - county
 - fips
 - trump_votes
 - harris_votes
 - other_votes
 - eevp
 - state_eevp
 - harris_votes_statewide
 - trump_votes_statewide
 - other_votes_statewide
 - final_state
 - final_county
 - final_fips
 - final_trump_votes
 - final_harris_votes
 - final_other_votes
 - harris_percent_snapshot
 - trump_percent_snapshot
 - margin_snapshot
 - harris_percent_final
 - trump_percent_final
 - margin_final
 - margin_difference
 - margin_difference_abs

$ /home/ubuntu/.venv/bin/python3 /home/ubuntu/apps/election-app/stats/3-calc-new.py
Wrote 4 rows with new columns to /home/ubuntu/apps/election-app/win_prob/H/GA/06/_work/2024_county_results_with_calcs_new.csv

$ /home/ubuntu/.venv/bin/python3 /home/ubuntu/apps/election-app/stats/4-stats.py
Reading 2024_county_results_with_calcs_new.csv...
Aggregating statewide totals...
Calculating percentages and margins...
Writing to output_statewide_stats.csv...
Done!
[2026-01-22 22:56:51] INFO: [PIPELINE] ENTER win-prob generation | states=['GA'] ts_list=['2024-11-05T15-30-22']

============================================================================
[01/1] STATE = GA
============================================================================

$ /home/ubuntu/.venv/bin/python3 /home/ubuntu/apps/election-app/stats/5-snapshots.py --state GA --input /home/ubuntu/apps/election-app/win_prob/H/GA/06/_work/output_statewide_stats.csv --output /home/ubuntu/apps/election-app/win_prob/H/GA/06/snapshots_GA.csv --start 2024-11-05T15-30-22 --end 2024-11-05T15-30-22 --use-window 1 --interval 30
Mode: windowed-one-state
Rows written: 4
Distinct states in output: GA
Rows per normalized timestamp (empty = unparseable):
  2024-11-05T15-30-22: 4
Wrote /home/ubuntu/apps/election-app/win_prob/H/GA/06/snapshots_GA.csv

$ /home/ubuntu/.venv/bin/python3 /home/ubuntu/apps/election-app/stats/6-pval.py /home/ubuntu/apps/election-app/win_prob/H/GA/06/snapshots_GA.csv -t /home/ubuntu/apps/election-app/stats/parameters.csv -o /home/ubuntu/apps/election-app/win_prob/H/GA/06/data_output_GA.csv -c 50
Done. Wrote: /home/ubuntu/apps/election-app/win_prob/H/GA/06/data_output_GA.csv
Total rows: 4 (chunked, resumable).
Computed columns for PVALS = [0.01, 0.1, 1, 2, 3, 5, 10, 15, 20, 25, 30, 35, 40, 45, 50, 55, 60, 65, 70, 75, 80, 85, 90, 95, 97, 98, 99, 99.9, 99.99]
Per p (leader): shift_{p}, margin_new_{p}, harris_percent_new_{p}, trump_percent_new_{p}, total_snapshot_{p}, total_expected_{p}, harris_votes_new_{p}, trump_votes_new_{p}
Per p (trailing): shift_trailing_{p}, margin_new_{p}_trailing, harris_percent_new_{p}_trailing, trump_percent_new_{p}_trailing, total_snapshot_{p}_trailing, total_expected_{p}_trailing, harris_votes_new_{p}_trailing, trump_votes_new_{p}_trailing
Checkpoint saved at: /home/ubuntu/apps/election-app/win_prob/H/GA/06/data_output_GA.csv.checkpoint.json

$ /home/ubuntu/.venv/bin/python3 /home/ubuntu/apps/election-app/stats/7-margin-new.py
Wrote data_output_with_margins_old.csv

$ /home/ubuntu/.venv/bin/python3 /home/ubuntu/apps/election-app/stats/7-eevp-statewide.py
Wrote data_output_with_margins.csv (copied from data_output_with_margins_old.csv)

$ /home/ubuntu/.venv/bin/python3 /home/ubuntu/apps/election-app/stats/7.py --input /home/ubuntu/apps/election-app/win_prob/H/GA/06/data_output_GA_with_margins_statewide_eevp.csv --output /home/ubuntu/apps/election-app/win_prob/H/GA/06/statewide_margin_pct_vs_percent_GA_2026.png --state GA --start 2024-11-05T15-30-22 --end 2024-11-05T15-30-22 --stats /home/ubuntu/apps/election-app/win_prob/H/GA/06/stats.csv --stats2 /home/ubuntu/apps/election-app/win_prob/H/GA/06/stats2.csv --interval 30 --year 2026 --jsonl /home/ubuntu/apps/election-app/win_prob/H/GA/06/plotdata_GA_2026_2026-01-22T22-56-40.jsonl
[warn] stats/stats2 FIPS mismatch for state=GA; will apply penalty_pts=100 only if %nodata>0
[info] evaluating 1 timestamps from 2024-11-05T15-30-22 to 2024-11-05T15-30-22 every 30 minutes
[saved] probs_timeseries_GA.csv  (1 points)
[saved] /home/ubuntu/apps/election-app/win_prob/H/GA/06/plotdata_GA_2026_2026-01-22T22-56-40.jsonl  (4 points)
[saved] /home/ubuntu/apps/election-app/win_prob/H/GA/06/statewide_margin_pct_vs_percent_GA_2026_box.json
[saved] /home/ubuntu/apps/election-app/win_prob/H/GA/06/statewide_margin_pct_vs_percent_GA_2026_box.png
[saved] /home/ubuntu/apps/election-app/win_prob/H/GA/06/statewide_margin_pct_vs_percent_GA_2026.png

All 50 states complete. See: /home/ubuntu/apps/election-app/win_prob/H/GA/06

$ /home/ubuntu/.venv/bin/python3 /home/ubuntu/apps/election-app/stats/8.py --root /home/ubuntu/apps/election-app/win_prob/H/GA/06/_work --outdir /home/ubuntu/apps/election-app/win_prob/H/GA/06
[info] root  = /home/ubuntu/apps/election-app/win_prob/H/GA/06/_work
[info] outdir= /home/ubuntu/apps/election-app/win_prob/H/GA/06
[deleted] /home/ubuntu/apps/election-app/win_prob/H/GA/06/_work/stats_with_statewide.csv
[deleted] /home/ubuntu/apps/election-app/win_prob/H/GA/06/_work/stats2_final_headers.csv
[deleted] /home/ubuntu/apps/election-app/win_prob/H/GA/06/_work/2024_county_results_with_final-old.csv
[deleted] /home/ubuntu/apps/election-app/win_prob/H/GA/06/_work/2024_county_results_with_final.csv
[deleted] /home/ubuntu/apps/election-app/win_prob/H/GA/06/_work/2024_county_results_with_final_1.csv
[deleted] /home/ubuntu/apps/election-app/win_prob/H/GA/06/_work/2024_county_results_with_calcs-old.csv
[deleted] /home/ubuntu/apps/election-app/win_prob/H/GA/06/_work/2024_county_results_with_calcs_new.csv
[deleted] /home/ubuntu/apps/election-app/win_prob/H/GA/06/_work/output_statewide_stats.csv
[skip]    /home/ubuntu/apps/election-app/win_prob/H/GA/06/_work/probs_timeseries_PA.csv
[deleted] /home/ubuntu/apps/election-app/win_prob/H/GA/06/_work/2024_county_results_with_calcs.csv
[skip]    /home/ubuntu/apps/election-app/win_prob/H/GA/06/data_output.csv
[skip]    /home/ubuntu/apps/election-app/win_prob/H/GA/06/data_output_with_margins_old.csv
[skip]    /home/ubuntu/apps/election-app/win_prob/H/GA/06/data_output_with_margins.csv
[skip]    /home/ubuntu/apps/election-app/win_prob/H/GA/06/data_output_with_margins-statewide.csv
[deleted] /home/ubuntu/apps/election-app/win_prob/H/GA/06/snapshots_GA.csv
[deleted] /home/ubuntu/apps/election-app/win_prob/H/GA/06/data_output_GA_with_margins.csv
[deleted] /home/ubuntu/apps/election-app/win_prob/H/GA/06/data_output_GA_with_margins_statewide_eevp.csv
[deleted] /home/ubuntu/apps/election-app/win_prob/H/GA/06/data_output_GA.csv
[deleted] /home/ubuntu/apps/election-app/win_prob/H/GA/06/data_output_GA.csv.checkpoint.json
[deleted] /home/ubuntu/apps/election-app/win_prob/H/GA/06/stats.csv
[deleted] /home/ubuntu/apps/election-app/win_prob/H/GA/06/stats2.csv
[done] removed 16 file(s)
[2026-01-22 23:03:39] INFO: [PIPELINE] args: office=H state=GA district=06
[2026-01-22 23:03:39] INFO: [PIPELINE] WINPROB_DIR resolved to: /home/ubuntu/apps/election-app/win_prob/H/GA/06
[2026-01-22 23:03:39] INFO: [PIPELINE] OUTDIR set to: /home/ubuntu/apps/election-app/win_prob/H/GA/06

$ /home/ubuntu/.venv/bin/python3 /home/ubuntu/apps/election-app/stats/1-statewide.py --input /home/ubuntu/apps/election-app/win_prob/H/GA/06/stats.csv --output /home/ubuntu/apps/election-app/win_prob/H/GA/06/_work/stats_with_statewide.csv
Wrote /home/ubuntu/apps/election-app/win_prob/H/GA/06/_work/stats_with_statewide.csv (rows=4)

$ /home/ubuntu/.venv/bin/python3 /home/ubuntu/apps/election-app/stats/1-stats-2.py --input /home/ubuntu/apps/election-app/win_prob/H/GA/06/stats2.csv --output /home/ubuntu/apps/election-app/win_prob/H/GA/06/_work/stats2_final_headers.csv
Wrote /home/ubuntu/apps/election-app/win_prob/H/GA/06/_work/stats2_final_headers.csv (rows=6)

$ /home/ubuntu/.venv/bin/python3 /home/ubuntu/apps/election-app/stats/1-append-new.py
[warn] stats/stats2 row+fips mismatch detected; will fill missing final_* with 10
Wrote 2024_county_results_with_final-old.csv (rows=4, missing_final_matches=2)

$ /home/ubuntu/.venv/bin/python3 /home/ubuntu/apps/election-app/stats/1-change_header.py
Wrote: 2024_county_results_with_final.csv

$ /home/ubuntu/.venv/bin/python3 /home/ubuntu/apps/election-app/stats/1-cut-zero-fips.py
Wrote: 2024_county_results_with_final_1.csv
Rows before: 4
Rows after:  4
Dropped (fips == 0): 0

$ /home/ubuntu/.venv/bin/python3 /home/ubuntu/apps/election-app/stats/2-calc.py
Wrote 4 rows with calculations to /home/ubuntu/apps/election-app/win_prob/H/GA/06/_work/2024_county_results_with_calcs-old.csv

$ /home/ubuntu/.venv/bin/python3 /home/ubuntu/apps/election-app/stats/2-eevp.py
Wrote (no-op copy): 2024_county_results_with_calcs.csv
Columns:
 - timestamp
 - state
 - county
 - fips
 - trump_votes
 - harris_votes
 - other_votes
 - eevp
 - state_eevp
 - harris_votes_statewide
 - trump_votes_statewide
 - other_votes_statewide
 - final_state
 - final_county
 - final_fips
 - final_trump_votes
 - final_harris_votes
 - final_other_votes
 - harris_percent_snapshot
 - trump_percent_snapshot
 - margin_snapshot
 - harris_percent_final
 - trump_percent_final
 - margin_final
 - margin_difference
 - margin_difference_abs

$ /home/ubuntu/.venv/bin/python3 /home/ubuntu/apps/election-app/stats/3-calc-new.py
Wrote 4 rows with new columns to /home/ubuntu/apps/election-app/win_prob/H/GA/06/_work/2024_county_results_with_calcs_new.csv

$ /home/ubuntu/.venv/bin/python3 /home/ubuntu/apps/election-app/stats/4-stats.py
Reading 2024_county_results_with_calcs_new.csv...
Aggregating statewide totals...
Calculating percentages and margins...
Writing to output_statewide_stats.csv...
Done!
[2026-01-22 23:03:48] INFO: [PIPELINE] ENTER win-prob generation | states=['GA'] ts_list=['2024-11-05T15-30-22']

============================================================================
[01/1] STATE = GA
============================================================================

$ /home/ubuntu/.venv/bin/python3 /home/ubuntu/apps/election-app/stats/5-snapshots.py --state GA --input /home/ubuntu/apps/election-app/win_prob/H/GA/06/_work/output_statewide_stats.csv --output /home/ubuntu/apps/election-app/win_prob/H/GA/06/snapshots_GA.csv --start 2024-11-05T15-30-22 --end 2024-11-05T15-30-22 --use-window 1 --interval 30
Mode: windowed-one-state
Rows written: 4
Distinct states in output: GA
Rows per normalized timestamp (empty = unparseable):
  2024-11-05T15-30-22: 4
Wrote /home/ubuntu/apps/election-app/win_prob/H/GA/06/snapshots_GA.csv

$ /home/ubuntu/.venv/bin/python3 /home/ubuntu/apps/election-app/stats/6-pval.py /home/ubuntu/apps/election-app/win_prob/H/GA/06/snapshots_GA.csv -t /home/ubuntu/apps/election-app/stats/parameters.csv -o /home/ubuntu/apps/election-app/win_prob/H/GA/06/data_output_GA.csv -c 50
Done. Wrote: /home/ubuntu/apps/election-app/win_prob/H/GA/06/data_output_GA.csv
Total rows: 4 (chunked, resumable).
Computed columns for PVALS = [0.01, 0.1, 1, 2, 3, 5, 10, 15, 20, 25, 30, 35, 40, 45, 50, 55, 60, 65, 70, 75, 80, 85, 90, 95, 97, 98, 99, 99.9, 99.99]
Per p (leader): shift_{p}, margin_new_{p}, harris_percent_new_{p}, trump_percent_new_{p}, total_snapshot_{p}, total_expected_{p}, harris_votes_new_{p}, trump_votes_new_{p}
Per p (trailing): shift_trailing_{p}, margin_new_{p}_trailing, harris_percent_new_{p}_trailing, trump_percent_new_{p}_trailing, total_snapshot_{p}_trailing, total_expected_{p}_trailing, harris_votes_new_{p}_trailing, trump_votes_new_{p}_trailing
Checkpoint saved at: /home/ubuntu/apps/election-app/win_prob/H/GA/06/data_output_GA.csv.checkpoint.json

$ /home/ubuntu/.venv/bin/python3 /home/ubuntu/apps/election-app/stats/7-margin-new.py
Wrote data_output_with_margins_old.csv

$ /home/ubuntu/.venv/bin/python3 /home/ubuntu/apps/election-app/stats/7-eevp-statewide.py
Wrote data_output_with_margins.csv (copied from data_output_with_margins_old.csv)

$ /home/ubuntu/.venv/bin/python3 /home/ubuntu/apps/election-app/stats/7.py --input /home/ubuntu/apps/election-app/win_prob/H/GA/06/data_output_GA_with_margins_statewide_eevp.csv --output /home/ubuntu/apps/election-app/win_prob/H/GA/06/statewide_margin_pct_vs_percent_GA_2026.png --state GA --start 2024-11-05T15-30-22 --end 2024-11-05T15-30-22 --stats /home/ubuntu/apps/election-app/win_prob/H/GA/06/stats.csv --stats2 /home/ubuntu/apps/election-app/win_prob/H/GA/06/stats2.csv --interval 30 --year 2026 --jsonl /home/ubuntu/apps/election-app/win_prob/H/GA/06/plotdata_GA_2026_2026-01-22T23-03-39.jsonl
[warn] stats/stats2 FIPS mismatch for state=GA; will apply penalty_pts=100 only if %nodata>0
[info] evaluating 1 timestamps from 2024-11-05T15-30-22 to 2024-11-05T15-30-22 every 30 minutes
[saved] probs_timeseries_GA.csv  (1 points)
[saved] /home/ubuntu/apps/election-app/win_prob/H/GA/06/plotdata_GA_2026_2026-01-22T23-03-39.jsonl  (4 points)
[saved] /home/ubuntu/apps/election-app/win_prob/H/GA/06/statewide_margin_pct_vs_percent_GA_2026_box.json
[saved] /home/ubuntu/apps/election-app/win_prob/H/GA/06/statewide_margin_pct_vs_percent_GA_2026_box.png
[saved] /home/ubuntu/apps/election-app/win_prob/H/GA/06/statewide_margin_pct_vs_percent_GA_2026.png

All 50 states complete. See: /home/ubuntu/apps/election-app/win_prob/H/GA/06

$ /home/ubuntu/.venv/bin/python3 /home/ubuntu/apps/election-app/stats/8.py --root /home/ubuntu/apps/election-app/win_prob/H/GA/06/_work --outdir /home/ubuntu/apps/election-app/win_prob/H/GA/06
[info] root  = /home/ubuntu/apps/election-app/win_prob/H/GA/06/_work
[info] outdir= /home/ubuntu/apps/election-app/win_prob/H/GA/06
[deleted] /home/ubuntu/apps/election-app/win_prob/H/GA/06/_work/stats_with_statewide.csv
[deleted] /home/ubuntu/apps/election-app/win_prob/H/GA/06/_work/stats2_final_headers.csv
[deleted] /home/ubuntu/apps/election-app/win_prob/H/GA/06/_work/2024_county_results_with_final-old.csv
[deleted] /home/ubuntu/apps/election-app/win_prob/H/GA/06/_work/2024_county_results_with_final.csv
[deleted] /home/ubuntu/apps/election-app/win_prob/H/GA/06/_work/2024_county_results_with_final_1.csv
[deleted] /home/ubuntu/apps/election-app/win_prob/H/GA/06/_work/2024_county_results_with_calcs-old.csv
[deleted] /home/ubuntu/apps/election-app/win_prob/H/GA/06/_work/2024_county_results_with_calcs_new.csv
[deleted] /home/ubuntu/apps/election-app/win_prob/H/GA/06/_work/output_statewide_stats.csv
[skip]    /home/ubuntu/apps/election-app/win_prob/H/GA/06/_work/probs_timeseries_PA.csv
[deleted] /home/ubuntu/apps/election-app/win_prob/H/GA/06/_work/2024_county_results_with_calcs.csv
[skip]    /home/ubuntu/apps/election-app/win_prob/H/GA/06/data_output.csv
[skip]    /home/ubuntu/apps/election-app/win_prob/H/GA/06/data_output_with_margins_old.csv
[skip]    /home/ubuntu/apps/election-app/win_prob/H/GA/06/data_output_with_margins.csv
[skip]    /home/ubuntu/apps/election-app/win_prob/H/GA/06/data_output_with_margins-statewide.csv
[deleted] /home/ubuntu/apps/election-app/win_prob/H/GA/06/snapshots_GA.csv
[deleted] /home/ubuntu/apps/election-app/win_prob/H/GA/06/data_output_GA_with_margins.csv
[deleted] /home/ubuntu/apps/election-app/win_prob/H/GA/06/data_output_GA_with_margins_statewide_eevp.csv
[deleted] /home/ubuntu/apps/election-app/win_prob/H/GA/06/data_output_GA.csv
[deleted] /home/ubuntu/apps/election-app/win_prob/H/GA/06/data_output_GA.csv.checkpoint.json
[deleted] /home/ubuntu/apps/election-app/win_prob/H/GA/06/stats.csv
[deleted] /home/ubuntu/apps/election-app/win_prob/H/GA/06/stats2.csv
[done] removed 16 file(s)
[2026-01-22 23:10:26] INFO: [PIPELINE] args: office=H state=GA district=06
[2026-01-22 23:10:26] INFO: [PIPELINE] WINPROB_DIR resolved to: /home/ubuntu/apps/election-app/win_prob/H/GA/06
[2026-01-22 23:10:26] INFO: [PIPELINE] OUTDIR set to: /home/ubuntu/apps/election-app/win_prob/H/GA/06

$ /home/ubuntu/.venv/bin/python3 /home/ubuntu/apps/election-app/stats/1-statewide.py --input /home/ubuntu/apps/election-app/win_prob/H/GA/06/stats.csv --output /home/ubuntu/apps/election-app/win_prob/H/GA/06/_work/stats_with_statewide.csv
Wrote /home/ubuntu/apps/election-app/win_prob/H/GA/06/_work/stats_with_statewide.csv (rows=4)

$ /home/ubuntu/.venv/bin/python3 /home/ubuntu/apps/election-app/stats/1-stats-2.py --input /home/ubuntu/apps/election-app/win_prob/H/GA/06/stats2.csv --output /home/ubuntu/apps/election-app/win_prob/H/GA/06/_work/stats2_final_headers.csv
Wrote /home/ubuntu/apps/election-app/win_prob/H/GA/06/_work/stats2_final_headers.csv (rows=6)

$ /home/ubuntu/.venv/bin/python3 /home/ubuntu/apps/election-app/stats/1-append-new.py
[warn] stats/stats2 row+fips mismatch detected; will fill missing final_* with 10
Wrote 2024_county_results_with_final-old.csv (rows=4, missing_final_matches=2)

$ /home/ubuntu/.venv/bin/python3 /home/ubuntu/apps/election-app/stats/1-change_header.py
Wrote: 2024_county_results_with_final.csv

$ /home/ubuntu/.venv/bin/python3 /home/ubuntu/apps/election-app/stats/1-cut-zero-fips.py
Wrote: 2024_county_results_with_final_1.csv
Rows before: 4
Rows after:  4
Dropped (fips == 0): 0

$ /home/ubuntu/.venv/bin/python3 /home/ubuntu/apps/election-app/stats/2-calc.py
Wrote 4 rows with calculations to /home/ubuntu/apps/election-app/win_prob/H/GA/06/_work/2024_county_results_with_calcs-old.csv

$ /home/ubuntu/.venv/bin/python3 /home/ubuntu/apps/election-app/stats/2-eevp.py
Wrote (no-op copy): 2024_county_results_with_calcs.csv
Columns:
 - timestamp
 - state
 - county
 - fips
 - trump_votes
 - harris_votes
 - other_votes
 - eevp
 - state_eevp
 - harris_votes_statewide
 - trump_votes_statewide
 - other_votes_statewide
 - final_state
 - final_county
 - final_fips
 - final_trump_votes
 - final_harris_votes
 - final_other_votes
 - harris_percent_snapshot
 - trump_percent_snapshot
 - margin_snapshot
 - harris_percent_final
 - trump_percent_final
 - margin_final
 - margin_difference
 - margin_difference_abs

$ /home/ubuntu/.venv/bin/python3 /home/ubuntu/apps/election-app/stats/3-calc-new.py
Wrote 4 rows with new columns to /home/ubuntu/apps/election-app/win_prob/H/GA/06/_work/2024_county_results_with_calcs_new.csv

$ /home/ubuntu/.venv/bin/python3 /home/ubuntu/apps/election-app/stats/4-stats.py
Reading 2024_county_results_with_calcs_new.csv...
Aggregating statewide totals...
Calculating percentages and margins...
Writing to output_statewide_stats.csv...
Done!
[2026-01-22 23:10:36] INFO: [PIPELINE] ENTER win-prob generation | states=['GA'] ts_list=['2024-11-05T15-30-22']

============================================================================
[01/1] STATE = GA
============================================================================

$ /home/ubuntu/.venv/bin/python3 /home/ubuntu/apps/election-app/stats/5-snapshots.py --state GA --input /home/ubuntu/apps/election-app/win_prob/H/GA/06/_work/output_statewide_stats.csv --output /home/ubuntu/apps/election-app/win_prob/H/GA/06/snapshots_GA.csv --start 2024-11-05T15-30-22 --end 2024-11-05T15-30-22 --use-window 1 --interval 30
Mode: windowed-one-state
Rows written: 4
Distinct states in output: GA
Rows per normalized timestamp (empty = unparseable):
  2024-11-05T15-30-22: 4
Wrote /home/ubuntu/apps/election-app/win_prob/H/GA/06/snapshots_GA.csv

$ /home/ubuntu/.venv/bin/python3 /home/ubuntu/apps/election-app/stats/6-pval.py /home/ubuntu/apps/election-app/win_prob/H/GA/06/snapshots_GA.csv -t /home/ubuntu/apps/election-app/stats/parameters.csv -o /home/ubuntu/apps/election-app/win_prob/H/GA/06/data_output_GA.csv -c 50
Done. Wrote: /home/ubuntu/apps/election-app/win_prob/H/GA/06/data_output_GA.csv
Total rows: 4 (chunked, resumable).
Computed columns for PVALS = [0.01, 0.1, 1, 2, 3, 5, 10, 15, 20, 25, 30, 35, 40, 45, 50, 55, 60, 65, 70, 75, 80, 85, 90, 95, 97, 98, 99, 99.9, 99.99]
Per p (leader): shift_{p}, margin_new_{p}, harris_percent_new_{p}, trump_percent_new_{p}, total_snapshot_{p}, total_expected_{p}, harris_votes_new_{p}, trump_votes_new_{p}
Per p (trailing): shift_trailing_{p}, margin_new_{p}_trailing, harris_percent_new_{p}_trailing, trump_percent_new_{p}_trailing, total_snapshot_{p}_trailing, total_expected_{p}_trailing, harris_votes_new_{p}_trailing, trump_votes_new_{p}_trailing
Checkpoint saved at: /home/ubuntu/apps/election-app/win_prob/H/GA/06/data_output_GA.csv.checkpoint.json

$ /home/ubuntu/.venv/bin/python3 /home/ubuntu/apps/election-app/stats/7-margin-new.py
Wrote data_output_with_margins_old.csv

$ /home/ubuntu/.venv/bin/python3 /home/ubuntu/apps/election-app/stats/7-eevp-statewide.py
Wrote data_output_with_margins.csv (copied from data_output_with_margins_old.csv)

$ /home/ubuntu/.venv/bin/python3 /home/ubuntu/apps/election-app/stats/7.py --input /home/ubuntu/apps/election-app/win_prob/H/GA/06/data_output_GA_with_margins_statewide_eevp.csv --output /home/ubuntu/apps/election-app/win_prob/H/GA/06/statewide_margin_pct_vs_percent_GA_2026.png --state GA --start 2024-11-05T15-30-22 --end 2024-11-05T15-30-22 --stats /home/ubuntu/apps/election-app/win_prob/H/GA/06/stats.csv --stats2 /home/ubuntu/apps/election-app/win_prob/H/GA/06/stats2.csv --interval 30 --year 2026 --jsonl /home/ubuntu/apps/election-app/win_prob/H/GA/06/plotdata_GA_2026_2026-01-22T23-10-26.jsonl
[warn] stats/stats2 FIPS mismatch for state=GA; will apply penalty_pts=100 only if %nodata>0
[info] evaluating 1 timestamps from 2024-11-05T15-30-22 to 2024-11-05T15-30-22 every 30 minutes
[saved] probs_timeseries_GA.csv  (1 points)
[saved] /home/ubuntu/apps/election-app/win_prob/H/GA/06/plotdata_GA_2026_2026-01-22T23-10-26.jsonl  (4 points)
[saved] /home/ubuntu/apps/election-app/win_prob/H/GA/06/statewide_margin_pct_vs_percent_GA_2026_box.json
[saved] /home/ubuntu/apps/election-app/win_prob/H/GA/06/statewide_margin_pct_vs_percent_GA_2026_box.png
[saved] /home/ubuntu/apps/election-app/win_prob/H/GA/06/statewide_margin_pct_vs_percent_GA_2026.png

All 50 states complete. See: /home/ubuntu/apps/election-app/win_prob/H/GA/06

$ /home/ubuntu/.venv/bin/python3 /home/ubuntu/apps/election-app/stats/8.py --root /home/ubuntu/apps/election-app/win_prob/H/GA/06/_work --outdir /home/ubuntu/apps/election-app/win_prob/H/GA/06
[info] root  = /home/ubuntu/apps/election-app/win_prob/H/GA/06/_work
[info] outdir= /home/ubuntu/apps/election-app/win_prob/H/GA/06
[deleted] /home/ubuntu/apps/election-app/win_prob/H/GA/06/_work/stats_with_statewide.csv
[deleted] /home/ubuntu/apps/election-app/win_prob/H/GA/06/_work/stats2_final_headers.csv
[deleted] /home/ubuntu/apps/election-app/win_prob/H/GA/06/_work/2024_county_results_with_final-old.csv
[deleted] /home/ubuntu/apps/election-app/win_prob/H/GA/06/_work/2024_county_results_with_final.csv
[deleted] /home/ubuntu/apps/election-app/win_prob/H/GA/06/_work/2024_county_results_with_final_1.csv
[deleted] /home/ubuntu/apps/election-app/win_prob/H/GA/06/_work/2024_county_results_with_calcs-old.csv
[deleted] /home/ubuntu/apps/election-app/win_prob/H/GA/06/_work/2024_county_results_with_calcs_new.csv
[deleted] /home/ubuntu/apps/election-app/win_prob/H/GA/06/_work/output_statewide_stats.csv
[skip]    /home/ubuntu/apps/election-app/win_prob/H/GA/06/_work/probs_timeseries_PA.csv
[deleted] /home/ubuntu/apps/election-app/win_prob/H/GA/06/_work/2024_county_results_with_calcs.csv
[skip]    /home/ubuntu/apps/election-app/win_prob/H/GA/06/data_output.csv
[skip]    /home/ubuntu/apps/election-app/win_prob/H/GA/06/data_output_with_margins_old.csv
[skip]    /home/ubuntu/apps/election-app/win_prob/H/GA/06/data_output_with_margins.csv
[skip]    /home/ubuntu/apps/election-app/win_prob/H/GA/06/data_output_with_margins-statewide.csv
[deleted] /home/ubuntu/apps/election-app/win_prob/H/GA/06/snapshots_GA.csv
[deleted] /home/ubuntu/apps/election-app/win_prob/H/GA/06/data_output_GA_with_margins.csv
[deleted] /home/ubuntu/apps/election-app/win_prob/H/GA/06/data_output_GA_with_margins_statewide_eevp.csv
[deleted] /home/ubuntu/apps/election-app/win_prob/H/GA/06/data_output_GA.csv
[deleted] /home/ubuntu/apps/election-app/win_prob/H/GA/06/data_output_GA.csv.checkpoint.json
[deleted] /home/ubuntu/apps/election-app/win_prob/H/GA/06/stats.csv
[deleted] /home/ubuntu/apps/election-app/win_prob/H/GA/06/stats2.csv
[done] removed 16 file(s)
[2026-01-24 20:42:58] INFO: [PIPELINE] args: office=H state=GA district=06
[2026-01-24 20:42:58] INFO: [PIPELINE] WINPROB_DIR resolved to: /home/ubuntu/apps/election-app/win_prob/H/GA/06
[2026-01-24 20:42:58] INFO: [PIPELINE] OUTDIR set to: /home/ubuntu/apps/election-app/win_prob/H/GA/06

$ /home/ubuntu/.venv/bin/python3 /home/ubuntu/apps/election-app/stats/1-statewide.py --input /home/ubuntu/apps/election-app/win_prob/H/GA/06/stats.csv --output /home/ubuntu/apps/election-app/win_prob/H/GA/06/_work/stats_with_statewide.csv
Wrote /home/ubuntu/apps/election-app/win_prob/H/GA/06/_work/stats_with_statewide.csv (rows=4)

$ /home/ubuntu/.venv/bin/python3 /home/ubuntu/apps/election-app/stats/1-stats-2.py --input /home/ubuntu/apps/election-app/win_prob/H/GA/06/stats2.csv --output /home/ubuntu/apps/election-app/win_prob/H/GA/06/_work/stats2_final_headers.csv
Wrote /home/ubuntu/apps/election-app/win_prob/H/GA/06/_work/stats2_final_headers.csv (rows=6)

$ /home/ubuntu/.venv/bin/python3 /home/ubuntu/apps/election-app/stats/1-append-new.py
[warn] stats/stats2 row+fips mismatch detected; will fill missing final_* with 10
Wrote 2024_county_results_with_final-old.csv (rows=4, missing_final_matches=2)

$ /home/ubuntu/.venv/bin/python3 /home/ubuntu/apps/election-app/stats/1-change_header.py
Wrote: 2024_county_results_with_final.csv

$ /home/ubuntu/.venv/bin/python3 /home/ubuntu/apps/election-app/stats/1-cut-zero-fips.py
Wrote: 2024_county_results_with_final_1.csv
Rows before: 4
Rows after:  4
Dropped (fips == 0): 0

$ /home/ubuntu/.venv/bin/python3 /home/ubuntu/apps/election-app/stats/2-calc.py
Wrote 4 rows with calculations to /home/ubuntu/apps/election-app/win_prob/H/GA/06/_work/2024_county_results_with_calcs-old.csv

$ /home/ubuntu/.venv/bin/python3 /home/ubuntu/apps/election-app/stats/2-eevp.py
Wrote (no-op copy): 2024_county_results_with_calcs.csv
Columns:
 - timestamp
 - state
 - county
 - fips
 - trump_votes
 - harris_votes
 - other_votes
 - eevp
 - state_eevp
 - harris_votes_statewide
 - trump_votes_statewide
 - other_votes_statewide
 - final_state
 - final_county
 - final_fips
 - final_trump_votes
 - final_harris_votes
 - final_other_votes
 - harris_percent_snapshot
 - trump_percent_snapshot
 - margin_snapshot
 - harris_percent_final
 - trump_percent_final
 - margin_final
 - margin_difference
 - margin_difference_abs

$ /home/ubuntu/.venv/bin/python3 /home/ubuntu/apps/election-app/stats/3-calc-new.py
Wrote 4 rows with new columns to /home/ubuntu/apps/election-app/win_prob/H/GA/06/_work/2024_county_results_with_calcs_new.csv

$ /home/ubuntu/.venv/bin/python3 /home/ubuntu/apps/election-app/stats/4-stats.py
Reading 2024_county_results_with_calcs_new.csv...
Aggregating statewide totals...
Calculating percentages and margins...
Writing to output_statewide_stats.csv...
Done!
[2026-01-24 20:43:08] INFO: [PIPELINE] ENTER win-prob generation | states=['GA'] ts_list=['2024-11-05T15-30-22']

============================================================================
[01/1] STATE = GA
============================================================================

$ /home/ubuntu/.venv/bin/python3 /home/ubuntu/apps/election-app/stats/5-snapshots.py --state GA --input /home/ubuntu/apps/election-app/win_prob/H/GA/06/_work/output_statewide_stats.csv --output /home/ubuntu/apps/election-app/win_prob/H/GA/06/snapshots_GA.csv --start 2024-11-05T15-30-22 --end 2024-11-05T15-30-22 --use-window 1 --interval 30
Mode: windowed-one-state
Rows written: 4
Distinct states in output: GA
Rows per normalized timestamp (empty = unparseable):
  2024-11-05T15-30-22: 4
Wrote /home/ubuntu/apps/election-app/win_prob/H/GA/06/snapshots_GA.csv

$ /home/ubuntu/.venv/bin/python3 /home/ubuntu/apps/election-app/stats/6-pval.py /home/ubuntu/apps/election-app/win_prob/H/GA/06/snapshots_GA.csv -t /home/ubuntu/apps/election-app/stats/parameters.csv -o /home/ubuntu/apps/election-app/win_prob/H/GA/06/data_output_GA.csv -c 50
Done. Wrote: /home/ubuntu/apps/election-app/win_prob/H/GA/06/data_output_GA.csv
Total rows: 4 (chunked, resumable).
Computed columns for PVALS = [0.01, 0.1, 1, 2, 3, 5, 10, 15, 20, 25, 30, 35, 40, 45, 50, 55, 60, 65, 70, 75, 80, 85, 90, 95, 97, 98, 99, 99.9, 99.99]
Per p (leader): shift_{p}, margin_new_{p}, harris_percent_new_{p}, trump_percent_new_{p}, total_snapshot_{p}, total_expected_{p}, harris_votes_new_{p}, trump_votes_new_{p}
Per p (trailing): shift_trailing_{p}, margin_new_{p}_trailing, harris_percent_new_{p}_trailing, trump_percent_new_{p}_trailing, total_snapshot_{p}_trailing, total_expected_{p}_trailing, harris_votes_new_{p}_trailing, trump_votes_new_{p}_trailing
Checkpoint saved at: /home/ubuntu/apps/election-app/win_prob/H/GA/06/data_output_GA.csv.checkpoint.json

$ /home/ubuntu/.venv/bin/python3 /home/ubuntu/apps/election-app/stats/7-margin-new.py
Wrote data_output_with_margins_old.csv

$ /home/ubuntu/.venv/bin/python3 /home/ubuntu/apps/election-app/stats/7-eevp-statewide.py
Wrote data_output_with_margins.csv (copied from data_output_with_margins_old.csv)

$ /home/ubuntu/.venv/bin/python3 /home/ubuntu/apps/election-app/stats/7.py --input /home/ubuntu/apps/election-app/win_prob/H/GA/06/data_output_GA_with_margins_statewide_eevp.csv --output /home/ubuntu/apps/election-app/win_prob/H/GA/06/statewide_margin_pct_vs_percent_GA_2026.png --state GA --start 2024-11-05T15-30-22 --end 2024-11-05T15-30-22 --stats /home/ubuntu/apps/election-app/win_prob/H/GA/06/stats.csv --stats2 /home/ubuntu/apps/election-app/win_prob/H/GA/06/stats2.csv --interval 30 --year 2026 --jsonl /home/ubuntu/apps/election-app/win_prob/H/GA/06/plotdata_GA_2026_2026-01-24T20-42-58.jsonl
[warn] stats/stats2 FIPS mismatch for state=GA; will apply penalty_pts=100 only if %nodata>0
[info] evaluating 1 timestamps from 2024-11-05T15-30-22 to 2024-11-05T15-30-22 every 30 minutes
[saved] probs_timeseries_GA.csv  (1 points)
[saved] /home/ubuntu/apps/election-app/win_prob/H/GA/06/plotdata_GA_2026_2026-01-24T20-42-58.jsonl  (0 points)
[saved] /home/ubuntu/apps/election-app/win_prob/H/GA/06/statewide_margin_pct_vs_percent_GA_2026_box.json
[saved] /home/ubuntu/apps/election-app/win_prob/H/GA/06/statewide_margin_pct_vs_percent_GA_2026_box.png
[saved] /home/ubuntu/apps/election-app/win_prob/H/GA/06/statewide_margin_pct_vs_percent_GA_2026.png

All 50 states complete. See: /home/ubuntu/apps/election-app/win_prob/H/GA/06

$ /home/ubuntu/.venv/bin/python3 /home/ubuntu/apps/election-app/stats/8.py --root /home/ubuntu/apps/election-app/win_prob/H/GA/06/_work --outdir /home/ubuntu/apps/election-app/win_prob/H/GA/06
[info] root  = /home/ubuntu/apps/election-app/win_prob/H/GA/06/_work
[info] outdir= /home/ubuntu/apps/election-app/win_prob/H/GA/06
[deleted] /home/ubuntu/apps/election-app/win_prob/H/GA/06/_work/stats_with_statewide.csv
[deleted] /home/ubuntu/apps/election-app/win_prob/H/GA/06/_work/stats2_final_headers.csv
[deleted] /home/ubuntu/apps/election-app/win_prob/H/GA/06/_work/2024_county_results_with_final-old.csv
[deleted] /home/ubuntu/apps/election-app/win_prob/H/GA/06/_work/2024_county_results_with_final.csv
[deleted] /home/ubuntu/apps/election-app/win_prob/H/GA/06/_work/2024_county_results_with_final_1.csv
[deleted] /home/ubuntu/apps/election-app/win_prob/H/GA/06/_work/2024_county_results_with_calcs-old.csv
[deleted] /home/ubuntu/apps/election-app/win_prob/H/GA/06/_work/2024_county_results_with_calcs_new.csv
[deleted] /home/ubuntu/apps/election-app/win_prob/H/GA/06/_work/output_statewide_stats.csv
[skip]    /home/ubuntu/apps/election-app/win_prob/H/GA/06/_work/probs_timeseries_PA.csv
[deleted] /home/ubuntu/apps/election-app/win_prob/H/GA/06/_work/2024_county_results_with_calcs.csv
[skip]    /home/ubuntu/apps/election-app/win_prob/H/GA/06/data_output.csv
[skip]    /home/ubuntu/apps/election-app/win_prob/H/GA/06/data_output_with_margins_old.csv
[skip]    /home/ubuntu/apps/election-app/win_prob/H/GA/06/data_output_with_margins.csv
[skip]    /home/ubuntu/apps/election-app/win_prob/H/GA/06/data_output_with_margins-statewide.csv
[deleted] /home/ubuntu/apps/election-app/win_prob/H/GA/06/snapshots_GA.csv
[deleted] /home/ubuntu/apps/election-app/win_prob/H/GA/06/data_output_GA_with_margins.csv
[deleted] /home/ubuntu/apps/election-app/win_prob/H/GA/06/data_output_GA_with_margins_statewide_eevp.csv
[deleted] /home/ubuntu/apps/election-app/win_prob/H/GA/06/data_output_GA.csv
[deleted] /home/ubuntu/apps/election-app/win_prob/H/GA/06/data_output_GA.csv.checkpoint.json
[deleted] /home/ubuntu/apps/election-app/win_prob/H/GA/06/stats.csv
[deleted] /home/ubuntu/apps/election-app/win_prob/H/GA/06/stats2.csv
[done] removed 16 file(s)
[2026-01-24 20:49:59] INFO: [PIPELINE] args: office=H state=GA district=06
[2026-01-24 20:49:59] INFO: [PIPELINE] WINPROB_DIR resolved to: /home/ubuntu/apps/election-app/win_prob/H/GA/06
[2026-01-24 20:49:59] INFO: [PIPELINE] OUTDIR set to: /home/ubuntu/apps/election-app/win_prob/H/GA/06

$ /home/ubuntu/.venv/bin/python3 /home/ubuntu/apps/election-app/stats/1-statewide.py --input /home/ubuntu/apps/election-app/win_prob/H/GA/06/stats.csv --output /home/ubuntu/apps/election-app/win_prob/H/GA/06/_work/stats_with_statewide.csv
Wrote /home/ubuntu/apps/election-app/win_prob/H/GA/06/_work/stats_with_statewide.csv (rows=4)

$ /home/ubuntu/.venv/bin/python3 /home/ubuntu/apps/election-app/stats/1-stats-2.py --input /home/ubuntu/apps/election-app/win_prob/H/GA/06/stats2.csv --output /home/ubuntu/apps/election-app/win_prob/H/GA/06/_work/stats2_final_headers.csv
Wrote /home/ubuntu/apps/election-app/win_prob/H/GA/06/_work/stats2_final_headers.csv (rows=6)

$ /home/ubuntu/.venv/bin/python3 /home/ubuntu/apps/election-app/stats/1-append-new.py
[warn] stats/stats2 row+fips mismatch detected; will fill missing final_* with 10
Wrote 2024_county_results_with_final-old.csv (rows=4, missing_final_matches=2)

$ /home/ubuntu/.venv/bin/python3 /home/ubuntu/apps/election-app/stats/1-change_header.py
Wrote: 2024_county_results_with_final.csv

$ /home/ubuntu/.venv/bin/python3 /home/ubuntu/apps/election-app/stats/1-cut-zero-fips.py
Wrote: 2024_county_results_with_final_1.csv
Rows before: 4
Rows after:  4
Dropped (fips == 0): 0

$ /home/ubuntu/.venv/bin/python3 /home/ubuntu/apps/election-app/stats/2-calc.py
Wrote 4 rows with calculations to /home/ubuntu/apps/election-app/win_prob/H/GA/06/_work/2024_county_results_with_calcs-old.csv

$ /home/ubuntu/.venv/bin/python3 /home/ubuntu/apps/election-app/stats/2-eevp.py
Wrote (no-op copy): 2024_county_results_with_calcs.csv
Columns:
 - timestamp
 - state
 - county
 - fips
 - trump_votes
 - harris_votes
 - other_votes
 - eevp
 - state_eevp
 - harris_votes_statewide
 - trump_votes_statewide
 - other_votes_statewide
 - final_state
 - final_county
 - final_fips
 - final_trump_votes
 - final_harris_votes
 - final_other_votes
 - harris_percent_snapshot
 - trump_percent_snapshot
 - margin_snapshot
 - harris_percent_final
 - trump_percent_final
 - margin_final
 - margin_difference
 - margin_difference_abs

$ /home/ubuntu/.venv/bin/python3 /home/ubuntu/apps/election-app/stats/3-calc-new.py
Wrote 4 rows with new columns to /home/ubuntu/apps/election-app/win_prob/H/GA/06/_work/2024_county_results_with_calcs_new.csv

$ /home/ubuntu/.venv/bin/python3 /home/ubuntu/apps/election-app/stats/4-stats.py
Reading 2024_county_results_with_calcs_new.csv...
Aggregating statewide totals...
Calculating percentages and margins...
Writing to output_statewide_stats.csv...
Done!
[2026-01-24 20:50:08] INFO: [PIPELINE] ENTER win-prob generation | states=['GA'] ts_list=['2024-11-05T15-30-22']

============================================================================
[01/1] STATE = GA
============================================================================

$ /home/ubuntu/.venv/bin/python3 /home/ubuntu/apps/election-app/stats/5-snapshots.py --state GA --input /home/ubuntu/apps/election-app/win_prob/H/GA/06/_work/output_statewide_stats.csv --output /home/ubuntu/apps/election-app/win_prob/H/GA/06/snapshots_GA.csv --start 2024-11-05T15-30-22 --end 2024-11-05T15-30-22 --use-window 1 --interval 30
Mode: windowed-one-state
Rows written: 4
Distinct states in output: GA
Rows per normalized timestamp (empty = unparseable):
  2024-11-05T15-30-22: 4
Wrote /home/ubuntu/apps/election-app/win_prob/H/GA/06/snapshots_GA.csv

$ /home/ubuntu/.venv/bin/python3 /home/ubuntu/apps/election-app/stats/6-pval.py /home/ubuntu/apps/election-app/win_prob/H/GA/06/snapshots_GA.csv -t /home/ubuntu/apps/election-app/stats/parameters.csv -o /home/ubuntu/apps/election-app/win_prob/H/GA/06/data_output_GA.csv -c 50
Done. Wrote: /home/ubuntu/apps/election-app/win_prob/H/GA/06/data_output_GA.csv
Total rows: 4 (chunked, resumable).
Computed columns for PVALS = [0.01, 0.1, 1, 2, 3, 5, 10, 15, 20, 25, 30, 35, 40, 45, 50, 55, 60, 65, 70, 75, 80, 85, 90, 95, 97, 98, 99, 99.9, 99.99]
Per p (leader): shift_{p}, margin_new_{p}, harris_percent_new_{p}, trump_percent_new_{p}, total_snapshot_{p}, total_expected_{p}, harris_votes_new_{p}, trump_votes_new_{p}
Per p (trailing): shift_trailing_{p}, margin_new_{p}_trailing, harris_percent_new_{p}_trailing, trump_percent_new_{p}_trailing, total_snapshot_{p}_trailing, total_expected_{p}_trailing, harris_votes_new_{p}_trailing, trump_votes_new_{p}_trailing
Checkpoint saved at: /home/ubuntu/apps/election-app/win_prob/H/GA/06/data_output_GA.csv.checkpoint.json

$ /home/ubuntu/.venv/bin/python3 /home/ubuntu/apps/election-app/stats/7-margin-new.py
Wrote data_output_with_margins_old.csv

$ /home/ubuntu/.venv/bin/python3 /home/ubuntu/apps/election-app/stats/7-eevp-statewide.py
Wrote data_output_with_margins.csv (copied from data_output_with_margins_old.csv)

$ /home/ubuntu/.venv/bin/python3 /home/ubuntu/apps/election-app/stats/7.py --input /home/ubuntu/apps/election-app/win_prob/H/GA/06/data_output_GA_with_margins_statewide_eevp.csv --output /home/ubuntu/apps/election-app/win_prob/H/GA/06/statewide_margin_pct_vs_percent_GA_2026.png --state GA --start 2024-11-05T15-30-22 --end 2024-11-05T15-30-22 --stats /home/ubuntu/apps/election-app/win_prob/H/GA/06/stats.csv --stats2 /home/ubuntu/apps/election-app/win_prob/H/GA/06/stats2.csv --interval 30 --year 2026 --jsonl /home/ubuntu/apps/election-app/win_prob/H/GA/06/plotdata_GA_2026_2026-01-24T20-49-59.jsonl
[warn] stats/stats2 FIPS mismatch for state=GA; will apply penalty_pts=100 only if %nodata>0
[info] evaluating 1 timestamps from 2024-11-05T15-30-22 to 2024-11-05T15-30-22 every 30 minutes
[saved] probs_timeseries_GA.csv  (1 points)
[saved] /home/ubuntu/apps/election-app/win_prob/H/GA/06/plotdata_GA_2026_2026-01-24T20-49-59.jsonl  (4 points)
[saved] /home/ubuntu/apps/election-app/win_prob/H/GA/06/statewide_margin_pct_vs_percent_GA_2026_box.json
[saved] /home/ubuntu/apps/election-app/win_prob/H/GA/06/statewide_margin_pct_vs_percent_GA_2026_box.png
[saved] /home/ubuntu/apps/election-app/win_prob/H/GA/06/statewide_margin_pct_vs_percent_GA_2026.png

All 50 states complete. See: /home/ubuntu/apps/election-app/win_prob/H/GA/06

$ /home/ubuntu/.venv/bin/python3 /home/ubuntu/apps/election-app/stats/8.py --root /home/ubuntu/apps/election-app/win_prob/H/GA/06/_work --outdir /home/ubuntu/apps/election-app/win_prob/H/GA/06
[info] root  = /home/ubuntu/apps/election-app/win_prob/H/GA/06/_work
[info] outdir= /home/ubuntu/apps/election-app/win_prob/H/GA/06
[deleted] /home/ubuntu/apps/election-app/win_prob/H/GA/06/_work/stats_with_statewide.csv
[deleted] /home/ubuntu/apps/election-app/win_prob/H/GA/06/_work/stats2_final_headers.csv
[deleted] /home/ubuntu/apps/election-app/win_prob/H/GA/06/_work/2024_county_results_with_final-old.csv
[deleted] /home/ubuntu/apps/election-app/win_prob/H/GA/06/_work/2024_county_results_with_final.csv
[deleted] /home/ubuntu/apps/election-app/win_prob/H/GA/06/_work/2024_county_results_with_final_1.csv
[deleted] /home/ubuntu/apps/election-app/win_prob/H/GA/06/_work/2024_county_results_with_calcs-old.csv
[deleted] /home/ubuntu/apps/election-app/win_prob/H/GA/06/_work/2024_county_results_with_calcs_new.csv
[deleted] /home/ubuntu/apps/election-app/win_prob/H/GA/06/_work/output_statewide_stats.csv
[skip]    /home/ubuntu/apps/election-app/win_prob/H/GA/06/_work/probs_timeseries_PA.csv
[deleted] /home/ubuntu/apps/election-app/win_prob/H/GA/06/_work/2024_county_results_with_calcs.csv
[skip]    /home/ubuntu/apps/election-app/win_prob/H/GA/06/data_output.csv
[skip]    /home/ubuntu/apps/election-app/win_prob/H/GA/06/data_output_with_margins_old.csv
[skip]    /home/ubuntu/apps/election-app/win_prob/H/GA/06/data_output_with_margins.csv
[skip]    /home/ubuntu/apps/election-app/win_prob/H/GA/06/data_output_with_margins-statewide.csv
[deleted] /home/ubuntu/apps/election-app/win_prob/H/GA/06/snapshots_GA.csv
[deleted] /home/ubuntu/apps/election-app/win_prob/H/GA/06/data_output_GA_with_margins.csv
[deleted] /home/ubuntu/apps/election-app/win_prob/H/GA/06/data_output_GA_with_margins_statewide_eevp.csv
[deleted] /home/ubuntu/apps/election-app/win_prob/H/GA/06/data_output_GA.csv
[deleted] /home/ubuntu/apps/election-app/win_prob/H/GA/06/data_output_GA.csv.checkpoint.json
[deleted] /home/ubuntu/apps/election-app/win_prob/H/GA/06/stats.csv
[deleted] /home/ubuntu/apps/election-app/win_prob/H/GA/06/stats2.csv
[done] removed 16 file(s)
[2026-01-24 20:57:07] INFO: [PIPELINE] args: office=H state=GA district=06
[2026-01-24 20:57:07] INFO: [PIPELINE] WINPROB_DIR resolved to: /home/ubuntu/apps/election-app/win_prob/H/GA/06
[2026-01-24 20:57:07] INFO: [PIPELINE] OUTDIR set to: /home/ubuntu/apps/election-app/win_prob/H/GA/06

$ /home/ubuntu/.venv/bin/python3 /home/ubuntu/apps/election-app/stats/1-statewide.py --input /home/ubuntu/apps/election-app/win_prob/H/GA/06/stats.csv --output /home/ubuntu/apps/election-app/win_prob/H/GA/06/_work/stats_with_statewide.csv
Wrote /home/ubuntu/apps/election-app/win_prob/H/GA/06/_work/stats_with_statewide.csv (rows=4)

$ /home/ubuntu/.venv/bin/python3 /home/ubuntu/apps/election-app/stats/1-stats-2.py --input /home/ubuntu/apps/election-app/win_prob/H/GA/06/stats2.csv --output /home/ubuntu/apps/election-app/win_prob/H/GA/06/_work/stats2_final_headers.csv
Wrote /home/ubuntu/apps/election-app/win_prob/H/GA/06/_work/stats2_final_headers.csv (rows=6)

$ /home/ubuntu/.venv/bin/python3 /home/ubuntu/apps/election-app/stats/1-append-new.py
[warn] stats/stats2 row+fips mismatch detected; will fill missing final_* with 10
Wrote 2024_county_results_with_final-old.csv (rows=4, missing_final_matches=2)

$ /home/ubuntu/.venv/bin/python3 /home/ubuntu/apps/election-app/stats/1-change_header.py
Wrote: 2024_county_results_with_final.csv

$ /home/ubuntu/.venv/bin/python3 /home/ubuntu/apps/election-app/stats/1-cut-zero-fips.py
Wrote: 2024_county_results_with_final_1.csv
Rows before: 4
Rows after:  4
Dropped (fips == 0): 0

$ /home/ubuntu/.venv/bin/python3 /home/ubuntu/apps/election-app/stats/2-calc.py
Wrote 4 rows with calculations to /home/ubuntu/apps/election-app/win_prob/H/GA/06/_work/2024_county_results_with_calcs-old.csv

$ /home/ubuntu/.venv/bin/python3 /home/ubuntu/apps/election-app/stats/2-eevp.py
Wrote (no-op copy): 2024_county_results_with_calcs.csv
Columns:
 - timestamp
 - state
 - county
 - fips
 - trump_votes
 - harris_votes
 - other_votes
 - eevp
 - state_eevp
 - harris_votes_statewide
 - trump_votes_statewide
 - other_votes_statewide
 - final_state
 - final_county
 - final_fips
 - final_trump_votes
 - final_harris_votes
 - final_other_votes
 - harris_percent_snapshot
 - trump_percent_snapshot
 - margin_snapshot
 - harris_percent_final
 - trump_percent_final
 - margin_final
 - margin_difference
 - margin_difference_abs

$ /home/ubuntu/.venv/bin/python3 /home/ubuntu/apps/election-app/stats/3-calc-new.py
Wrote 4 rows with new columns to /home/ubuntu/apps/election-app/win_prob/H/GA/06/_work/2024_county_results_with_calcs_new.csv

$ /home/ubuntu/.venv/bin/python3 /home/ubuntu/apps/election-app/stats/4-stats.py
Reading 2024_county_results_with_calcs_new.csv...
Aggregating statewide totals...
Calculating percentages and margins...
Writing to output_statewide_stats.csv...
Done!
[2026-01-24 20:57:17] INFO: [PIPELINE] ENTER win-prob generation | states=['GA'] ts_list=['2024-11-05T15-30-22']

============================================================================
[01/1] STATE = GA
============================================================================

$ /home/ubuntu/.venv/bin/python3 /home/ubuntu/apps/election-app/stats/5-snapshots.py --state GA --input /home/ubuntu/apps/election-app/win_prob/H/GA/06/_work/output_statewide_stats.csv --output /home/ubuntu/apps/election-app/win_prob/H/GA/06/snapshots_GA.csv --start 2024-11-05T15-30-22 --end 2024-11-05T15-30-22 --use-window 1 --interval 30
Mode: windowed-one-state
Rows written: 4
Distinct states in output: GA
Rows per normalized timestamp (empty = unparseable):
  2024-11-05T15-30-22: 4
Wrote /home/ubuntu/apps/election-app/win_prob/H/GA/06/snapshots_GA.csv

$ /home/ubuntu/.venv/bin/python3 /home/ubuntu/apps/election-app/stats/6-pval.py /home/ubuntu/apps/election-app/win_prob/H/GA/06/snapshots_GA.csv -t /home/ubuntu/apps/election-app/stats/parameters.csv -o /home/ubuntu/apps/election-app/win_prob/H/GA/06/data_output_GA.csv -c 50
Done. Wrote: /home/ubuntu/apps/election-app/win_prob/H/GA/06/data_output_GA.csv
Total rows: 4 (chunked, resumable).
Computed columns for PVALS = [0.01, 0.1, 1, 2, 3, 5, 10, 15, 20, 25, 30, 35, 40, 45, 50, 55, 60, 65, 70, 75, 80, 85, 90, 95, 97, 98, 99, 99.9, 99.99]
Per p (leader): shift_{p}, margin_new_{p}, harris_percent_new_{p}, trump_percent_new_{p}, total_snapshot_{p}, total_expected_{p}, harris_votes_new_{p}, trump_votes_new_{p}
Per p (trailing): shift_trailing_{p}, margin_new_{p}_trailing, harris_percent_new_{p}_trailing, trump_percent_new_{p}_trailing, total_snapshot_{p}_trailing, total_expected_{p}_trailing, harris_votes_new_{p}_trailing, trump_votes_new_{p}_trailing
Checkpoint saved at: /home/ubuntu/apps/election-app/win_prob/H/GA/06/data_output_GA.csv.checkpoint.json

$ /home/ubuntu/.venv/bin/python3 /home/ubuntu/apps/election-app/stats/7-margin-new.py
Wrote data_output_with_margins_old.csv

$ /home/ubuntu/.venv/bin/python3 /home/ubuntu/apps/election-app/stats/7-eevp-statewide.py
Wrote data_output_with_margins.csv (copied from data_output_with_margins_old.csv)

$ /home/ubuntu/.venv/bin/python3 /home/ubuntu/apps/election-app/stats/7.py --input /home/ubuntu/apps/election-app/win_prob/H/GA/06/data_output_GA_with_margins_statewide_eevp.csv --output /home/ubuntu/apps/election-app/win_prob/H/GA/06/statewide_margin_pct_vs_percent_GA_2026.png --state GA --start 2024-11-05T15-30-22 --end 2024-11-05T15-30-22 --stats /home/ubuntu/apps/election-app/win_prob/H/GA/06/stats.csv --stats2 /home/ubuntu/apps/election-app/win_prob/H/GA/06/stats2.csv --interval 30 --year 2026 --jsonl /home/ubuntu/apps/election-app/win_prob/H/GA/06/plotdata_GA_2026_2026-01-24T20-57-07.jsonl
[warn] stats/stats2 FIPS mismatch for state=GA; will apply penalty_pts=100 only if %nodata>0
[info] evaluating 1 timestamps from 2024-11-05T15-30-22 to 2024-11-05T15-30-22 every 30 minutes
[saved] probs_timeseries_GA.csv  (1 points)
[saved] /home/ubuntu/apps/election-app/win_prob/H/GA/06/plotdata_GA_2026_2026-01-24T20-57-07.jsonl  (4 points)
[saved] /home/ubuntu/apps/election-app/win_prob/H/GA/06/statewide_margin_pct_vs_percent_GA_2026_box.json
[saved] /home/ubuntu/apps/election-app/win_prob/H/GA/06/statewide_margin_pct_vs_percent_GA_2026_box.png
[saved] /home/ubuntu/apps/election-app/win_prob/H/GA/06/statewide_margin_pct_vs_percent_GA_2026.png

All 50 states complete. See: /home/ubuntu/apps/election-app/win_prob/H/GA/06

$ /home/ubuntu/.venv/bin/python3 /home/ubuntu/apps/election-app/stats/8.py --root /home/ubuntu/apps/election-app/win_prob/H/GA/06/_work --outdir /home/ubuntu/apps/election-app/win_prob/H/GA/06
[info] root  = /home/ubuntu/apps/election-app/win_prob/H/GA/06/_work
[info] outdir= /home/ubuntu/apps/election-app/win_prob/H/GA/06
[deleted] /home/ubuntu/apps/election-app/win_prob/H/GA/06/_work/stats_with_statewide.csv
[deleted] /home/ubuntu/apps/election-app/win_prob/H/GA/06/_work/stats2_final_headers.csv
[deleted] /home/ubuntu/apps/election-app/win_prob/H/GA/06/_work/2024_county_results_with_final-old.csv
[deleted] /home/ubuntu/apps/election-app/win_prob/H/GA/06/_work/2024_county_results_with_final.csv
[deleted] /home/ubuntu/apps/election-app/win_prob/H/GA/06/_work/2024_county_results_with_final_1.csv
[deleted] /home/ubuntu/apps/election-app/win_prob/H/GA/06/_work/2024_county_results_with_calcs-old.csv
[deleted] /home/ubuntu/apps/election-app/win_prob/H/GA/06/_work/2024_county_results_with_calcs_new.csv
[deleted] /home/ubuntu/apps/election-app/win_prob/H/GA/06/_work/output_statewide_stats.csv
[skip]    /home/ubuntu/apps/election-app/win_prob/H/GA/06/_work/probs_timeseries_PA.csv
[deleted] /home/ubuntu/apps/election-app/win_prob/H/GA/06/_work/2024_county_results_with_calcs.csv
[skip]    /home/ubuntu/apps/election-app/win_prob/H/GA/06/data_output.csv
[skip]    /home/ubuntu/apps/election-app/win_prob/H/GA/06/data_output_with_margins_old.csv
[skip]    /home/ubuntu/apps/election-app/win_prob/H/GA/06/data_output_with_margins.csv
[skip]    /home/ubuntu/apps/election-app/win_prob/H/GA/06/data_output_with_margins-statewide.csv
[deleted] /home/ubuntu/apps/election-app/win_prob/H/GA/06/snapshots_GA.csv
[deleted] /home/ubuntu/apps/election-app/win_prob/H/GA/06/data_output_GA_with_margins.csv
[deleted] /home/ubuntu/apps/election-app/win_prob/H/GA/06/data_output_GA_with_margins_statewide_eevp.csv
[deleted] /home/ubuntu/apps/election-app/win_prob/H/GA/06/data_output_GA.csv
[deleted] /home/ubuntu/apps/election-app/win_prob/H/GA/06/data_output_GA.csv.checkpoint.json
[deleted] /home/ubuntu/apps/election-app/win_prob/H/GA/06/stats.csv
[deleted] /home/ubuntu/apps/election-app/win_prob/H/GA/06/stats2.csv
[done] removed 16 file(s)
[2026-01-24 21:04:09] INFO: [PIPELINE] args: office=H state=GA district=06
[2026-01-24 21:04:09] INFO: [PIPELINE] WINPROB_DIR resolved to: /home/ubuntu/apps/election-app/win_prob/H/GA/06
[2026-01-24 21:04:09] INFO: [PIPELINE] OUTDIR set to: /home/ubuntu/apps/election-app/win_prob/H/GA/06

$ /home/ubuntu/.venv/bin/python3 /home/ubuntu/apps/election-app/stats/1-statewide.py --input /home/ubuntu/apps/election-app/win_prob/H/GA/06/stats.csv --output /home/ubuntu/apps/election-app/win_prob/H/GA/06/_work/stats_with_statewide.csv
Wrote /home/ubuntu/apps/election-app/win_prob/H/GA/06/_work/stats_with_statewide.csv (rows=4)

$ /home/ubuntu/.venv/bin/python3 /home/ubuntu/apps/election-app/stats/1-stats-2.py --input /home/ubuntu/apps/election-app/win_prob/H/GA/06/stats2.csv --output /home/ubuntu/apps/election-app/win_prob/H/GA/06/_work/stats2_final_headers.csv
Wrote /home/ubuntu/apps/election-app/win_prob/H/GA/06/_work/stats2_final_headers.csv (rows=6)

$ /home/ubuntu/.venv/bin/python3 /home/ubuntu/apps/election-app/stats/1-append-new.py
[warn] stats/stats2 row+fips mismatch detected; will fill missing final_* with 10
Wrote 2024_county_results_with_final-old.csv (rows=4, missing_final_matches=2)

$ /home/ubuntu/.venv/bin/python3 /home/ubuntu/apps/election-app/stats/1-change_header.py
Wrote: 2024_county_results_with_final.csv

$ /home/ubuntu/.venv/bin/python3 /home/ubuntu/apps/election-app/stats/1-cut-zero-fips.py
Wrote: 2024_county_results_with_final_1.csv
Rows before: 4
Rows after:  4
Dropped (fips == 0): 0

$ /home/ubuntu/.venv/bin/python3 /home/ubuntu/apps/election-app/stats/2-calc.py
Wrote 4 rows with calculations to /home/ubuntu/apps/election-app/win_prob/H/GA/06/_work/2024_county_results_with_calcs-old.csv

$ /home/ubuntu/.venv/bin/python3 /home/ubuntu/apps/election-app/stats/2-eevp.py
Wrote (no-op copy): 2024_county_results_with_calcs.csv
Columns:
 - timestamp
 - state
 - county
 - fips
 - trump_votes
 - harris_votes
 - other_votes
 - eevp
 - state_eevp
 - harris_votes_statewide
 - trump_votes_statewide
 - other_votes_statewide
 - final_state
 - final_county
 - final_fips
 - final_trump_votes
 - final_harris_votes
 - final_other_votes
 - harris_percent_snapshot
 - trump_percent_snapshot
 - margin_snapshot
 - harris_percent_final
 - trump_percent_final
 - margin_final
 - margin_difference
 - margin_difference_abs

$ /home/ubuntu/.venv/bin/python3 /home/ubuntu/apps/election-app/stats/3-calc-new.py
Wrote 4 rows with new columns to /home/ubuntu/apps/election-app/win_prob/H/GA/06/_work/2024_county_results_with_calcs_new.csv

$ /home/ubuntu/.venv/bin/python3 /home/ubuntu/apps/election-app/stats/4-stats.py
Reading 2024_county_results_with_calcs_new.csv...
Aggregating statewide totals...
Calculating percentages and margins...
Writing to output_statewide_stats.csv...
Done!
[2026-01-24 21:04:19] INFO: [PIPELINE] ENTER win-prob generation | states=['GA'] ts_list=['2024-11-05T15-30-22']

============================================================================
[01/1] STATE = GA
============================================================================

$ /home/ubuntu/.venv/bin/python3 /home/ubuntu/apps/election-app/stats/5-snapshots.py --state GA --input /home/ubuntu/apps/election-app/win_prob/H/GA/06/_work/output_statewide_stats.csv --output /home/ubuntu/apps/election-app/win_prob/H/GA/06/snapshots_GA.csv --start 2024-11-05T15-30-22 --end 2024-11-05T15-30-22 --use-window 1 --interval 30
Mode: windowed-one-state
Rows written: 4
Distinct states in output: GA
Rows per normalized timestamp (empty = unparseable):
  2024-11-05T15-30-22: 4
Wrote /home/ubuntu/apps/election-app/win_prob/H/GA/06/snapshots_GA.csv

$ /home/ubuntu/.venv/bin/python3 /home/ubuntu/apps/election-app/stats/6-pval.py /home/ubuntu/apps/election-app/win_prob/H/GA/06/snapshots_GA.csv -t /home/ubuntu/apps/election-app/stats/parameters.csv -o /home/ubuntu/apps/election-app/win_prob/H/GA/06/data_output_GA.csv -c 50
Done. Wrote: /home/ubuntu/apps/election-app/win_prob/H/GA/06/data_output_GA.csv
Total rows: 4 (chunked, resumable).
Computed columns for PVALS = [0.01, 0.1, 1, 2, 3, 5, 10, 15, 20, 25, 30, 35, 40, 45, 50, 55, 60, 65, 70, 75, 80, 85, 90, 95, 97, 98, 99, 99.9, 99.99]
Per p (leader): shift_{p}, margin_new_{p}, harris_percent_new_{p}, trump_percent_new_{p}, total_snapshot_{p}, total_expected_{p}, harris_votes_new_{p}, trump_votes_new_{p}
Per p (trailing): shift_trailing_{p}, margin_new_{p}_trailing, harris_percent_new_{p}_trailing, trump_percent_new_{p}_trailing, total_snapshot_{p}_trailing, total_expected_{p}_trailing, harris_votes_new_{p}_trailing, trump_votes_new_{p}_trailing
Checkpoint saved at: /home/ubuntu/apps/election-app/win_prob/H/GA/06/data_output_GA.csv.checkpoint.json

$ /home/ubuntu/.venv/bin/python3 /home/ubuntu/apps/election-app/stats/7-margin-new.py
Wrote data_output_with_margins_old.csv

$ /home/ubuntu/.venv/bin/python3 /home/ubuntu/apps/election-app/stats/7-eevp-statewide.py
Wrote data_output_with_margins.csv (copied from data_output_with_margins_old.csv)

$ /home/ubuntu/.venv/bin/python3 /home/ubuntu/apps/election-app/stats/7.py --input /home/ubuntu/apps/election-app/win_prob/H/GA/06/data_output_GA_with_margins_statewide_eevp.csv --output /home/ubuntu/apps/election-app/win_prob/H/GA/06/statewide_margin_pct_vs_percent_GA_2026.png --state GA --start 2024-11-05T15-30-22 --end 2024-11-05T15-30-22 --stats /home/ubuntu/apps/election-app/win_prob/H/GA/06/stats.csv --stats2 /home/ubuntu/apps/election-app/win_prob/H/GA/06/stats2.csv --interval 30 --year 2026 --jsonl /home/ubuntu/apps/election-app/win_prob/H/GA/06/plotdata_GA_2026_2026-01-24T21-04-09.jsonl
[warn] stats/stats2 FIPS mismatch for state=GA; will apply penalty_pts=100 only if %nodata>0
[info] evaluating 1 timestamps from 2024-11-05T15-30-22 to 2024-11-05T15-30-22 every 30 minutes
[saved] probs_timeseries_GA.csv  (1 points)
[saved] /home/ubuntu/apps/election-app/win_prob/H/GA/06/plotdata_GA_2026_2026-01-24T21-04-09.jsonl  (4 points)
[saved] /home/ubuntu/apps/election-app/win_prob/H/GA/06/statewide_margin_pct_vs_percent_GA_2026_box.json
[saved] /home/ubuntu/apps/election-app/win_prob/H/GA/06/statewide_margin_pct_vs_percent_GA_2026_box.png
[saved] /home/ubuntu/apps/election-app/win_prob/H/GA/06/statewide_margin_pct_vs_percent_GA_2026.png

All 50 states complete. See: /home/ubuntu/apps/election-app/win_prob/H/GA/06

$ /home/ubuntu/.venv/bin/python3 /home/ubuntu/apps/election-app/stats/8.py --root /home/ubuntu/apps/election-app/win_prob/H/GA/06/_work --outdir /home/ubuntu/apps/election-app/win_prob/H/GA/06
[info] root  = /home/ubuntu/apps/election-app/win_prob/H/GA/06/_work
[info] outdir= /home/ubuntu/apps/election-app/win_prob/H/GA/06
[deleted] /home/ubuntu/apps/election-app/win_prob/H/GA/06/_work/stats_with_statewide.csv
[deleted] /home/ubuntu/apps/election-app/win_prob/H/GA/06/_work/stats2_final_headers.csv
[deleted] /home/ubuntu/apps/election-app/win_prob/H/GA/06/_work/2024_county_results_with_final-old.csv
[deleted] /home/ubuntu/apps/election-app/win_prob/H/GA/06/_work/2024_county_results_with_final.csv
[deleted] /home/ubuntu/apps/election-app/win_prob/H/GA/06/_work/2024_county_results_with_final_1.csv
[deleted] /home/ubuntu/apps/election-app/win_prob/H/GA/06/_work/2024_county_results_with_calcs-old.csv
[deleted] /home/ubuntu/apps/election-app/win_prob/H/GA/06/_work/2024_county_results_with_calcs_new.csv
[deleted] /home/ubuntu/apps/election-app/win_prob/H/GA/06/_work/output_statewide_stats.csv
[skip]    /home/ubuntu/apps/election-app/win_prob/H/GA/06/_work/probs_timeseries_PA.csv
[deleted] /home/ubuntu/apps/election-app/win_prob/H/GA/06/_work/2024_county_results_with_calcs.csv
[skip]    /home/ubuntu/apps/election-app/win_prob/H/GA/06/data_output.csv
[skip]    /home/ubuntu/apps/election-app/win_prob/H/GA/06/data_output_with_margins_old.csv
[skip]    /home/ubuntu/apps/election-app/win_prob/H/GA/06/data_output_with_margins.csv
[skip]    /home/ubuntu/apps/election-app/win_prob/H/GA/06/data_output_with_margins-statewide.csv
[deleted] /home/ubuntu/apps/election-app/win_prob/H/GA/06/snapshots_GA.csv
[deleted] /home/ubuntu/apps/election-app/win_prob/H/GA/06/data_output_GA_with_margins.csv
[deleted] /home/ubuntu/apps/election-app/win_prob/H/GA/06/data_output_GA_with_margins_statewide_eevp.csv
[deleted] /home/ubuntu/apps/election-app/win_prob/H/GA/06/data_output_GA.csv
[deleted] /home/ubuntu/apps/election-app/win_prob/H/GA/06/data_output_GA.csv.checkpoint.json
[deleted] /home/ubuntu/apps/election-app/win_prob/H/GA/06/stats.csv
[deleted] /home/ubuntu/apps/election-app/win_prob/H/GA/06/stats2.csv
[done] removed 16 file(s)
[2026-01-24 21:11:13] INFO: [PIPELINE] args: office=H state=GA district=06
[2026-01-24 21:11:13] INFO: [PIPELINE] WINPROB_DIR resolved to: /home/ubuntu/apps/election-app/win_prob/H/GA/06
[2026-01-24 21:11:13] INFO: [PIPELINE] OUTDIR set to: /home/ubuntu/apps/election-app/win_prob/H/GA/06

$ /home/ubuntu/.venv/bin/python3 /home/ubuntu/apps/election-app/stats/1-statewide.py --input /home/ubuntu/apps/election-app/win_prob/H/GA/06/stats.csv --output /home/ubuntu/apps/election-app/win_prob/H/GA/06/_work/stats_with_statewide.csv
Wrote /home/ubuntu/apps/election-app/win_prob/H/GA/06/_work/stats_with_statewide.csv (rows=4)

$ /home/ubuntu/.venv/bin/python3 /home/ubuntu/apps/election-app/stats/1-stats-2.py --input /home/ubuntu/apps/election-app/win_prob/H/GA/06/stats2.csv --output /home/ubuntu/apps/election-app/win_prob/H/GA/06/_work/stats2_final_headers.csv
Wrote /home/ubuntu/apps/election-app/win_prob/H/GA/06/_work/stats2_final_headers.csv (rows=6)

$ /home/ubuntu/.venv/bin/python3 /home/ubuntu/apps/election-app/stats/1-append-new.py
[warn] stats/stats2 row+fips mismatch detected; will fill missing final_* with 10
Wrote 2024_county_results_with_final-old.csv (rows=4, missing_final_matches=2)

$ /home/ubuntu/.venv/bin/python3 /home/ubuntu/apps/election-app/stats/1-change_header.py
Wrote: 2024_county_results_with_final.csv

$ /home/ubuntu/.venv/bin/python3 /home/ubuntu/apps/election-app/stats/1-cut-zero-fips.py
Wrote: 2024_county_results_with_final_1.csv
Rows before: 4
Rows after:  4
Dropped (fips == 0): 0

$ /home/ubuntu/.venv/bin/python3 /home/ubuntu/apps/election-app/stats/2-calc.py
Wrote 4 rows with calculations to /home/ubuntu/apps/election-app/win_prob/H/GA/06/_work/2024_county_results_with_calcs-old.csv

$ /home/ubuntu/.venv/bin/python3 /home/ubuntu/apps/election-app/stats/2-eevp.py
Wrote (no-op copy): 2024_county_results_with_calcs.csv
Columns:
 - timestamp
 - state
 - county
 - fips
 - trump_votes
 - harris_votes
 - other_votes
 - eevp
 - state_eevp
 - harris_votes_statewide
 - trump_votes_statewide
 - other_votes_statewide
 - final_state
 - final_county
 - final_fips
 - final_trump_votes
 - final_harris_votes
 - final_other_votes
 - harris_percent_snapshot
 - trump_percent_snapshot
 - margin_snapshot
 - harris_percent_final
 - trump_percent_final
 - margin_final
 - margin_difference
 - margin_difference_abs

$ /home/ubuntu/.venv/bin/python3 /home/ubuntu/apps/election-app/stats/3-calc-new.py
Wrote 4 rows with new columns to /home/ubuntu/apps/election-app/win_prob/H/GA/06/_work/2024_county_results_with_calcs_new.csv

$ /home/ubuntu/.venv/bin/python3 /home/ubuntu/apps/election-app/stats/4-stats.py
Reading 2024_county_results_with_calcs_new.csv...
Aggregating statewide totals...
Calculating percentages and margins...
Writing to output_statewide_stats.csv...
Done!
[2026-01-24 21:11:24] INFO: [PIPELINE] ENTER win-prob generation | states=['GA'] ts_list=['2024-11-05T15-30-22']

============================================================================
[01/1] STATE = GA
============================================================================

$ /home/ubuntu/.venv/bin/python3 /home/ubuntu/apps/election-app/stats/5-snapshots.py --state GA --input /home/ubuntu/apps/election-app/win_prob/H/GA/06/_work/output_statewide_stats.csv --output /home/ubuntu/apps/election-app/win_prob/H/GA/06/snapshots_GA.csv --start 2024-11-05T15-30-22 --end 2024-11-05T15-30-22 --use-window 1 --interval 30
Mode: windowed-one-state
Rows written: 4
Distinct states in output: GA
Rows per normalized timestamp (empty = unparseable):
  2024-11-05T15-30-22: 4
Wrote /home/ubuntu/apps/election-app/win_prob/H/GA/06/snapshots_GA.csv

$ /home/ubuntu/.venv/bin/python3 /home/ubuntu/apps/election-app/stats/6-pval.py /home/ubuntu/apps/election-app/win_prob/H/GA/06/snapshots_GA.csv -t /home/ubuntu/apps/election-app/stats/parameters.csv -o /home/ubuntu/apps/election-app/win_prob/H/GA/06/data_output_GA.csv -c 50
Done. Wrote: /home/ubuntu/apps/election-app/win_prob/H/GA/06/data_output_GA.csv
Total rows: 4 (chunked, resumable).
Computed columns for PVALS = [0.01, 0.1, 1, 2, 3, 5, 10, 15, 20, 25, 30, 35, 40, 45, 50, 55, 60, 65, 70, 75, 80, 85, 90, 95, 97, 98, 99, 99.9, 99.99]
Per p (leader): shift_{p}, margin_new_{p}, harris_percent_new_{p}, trump_percent_new_{p}, total_snapshot_{p}, total_expected_{p}, harris_votes_new_{p}, trump_votes_new_{p}
Per p (trailing): shift_trailing_{p}, margin_new_{p}_trailing, harris_percent_new_{p}_trailing, trump_percent_new_{p}_trailing, total_snapshot_{p}_trailing, total_expected_{p}_trailing, harris_votes_new_{p}_trailing, trump_votes_new_{p}_trailing
Checkpoint saved at: /home/ubuntu/apps/election-app/win_prob/H/GA/06/data_output_GA.csv.checkpoint.json

$ /home/ubuntu/.venv/bin/python3 /home/ubuntu/apps/election-app/stats/7-margin-new.py
Wrote data_output_with_margins_old.csv

$ /home/ubuntu/.venv/bin/python3 /home/ubuntu/apps/election-app/stats/7-eevp-statewide.py
Wrote data_output_with_margins.csv (copied from data_output_with_margins_old.csv)

$ /home/ubuntu/.venv/bin/python3 /home/ubuntu/apps/election-app/stats/7.py --input /home/ubuntu/apps/election-app/win_prob/H/GA/06/data_output_GA_with_margins_statewide_eevp.csv --output /home/ubuntu/apps/election-app/win_prob/H/GA/06/statewide_margin_pct_vs_percent_GA_2026.png --state GA --start 2024-11-05T15-30-22 --end 2024-11-05T15-30-22 --stats /home/ubuntu/apps/election-app/win_prob/H/GA/06/stats.csv --stats2 /home/ubuntu/apps/election-app/win_prob/H/GA/06/stats2.csv --interval 30 --year 2026 --jsonl /home/ubuntu/apps/election-app/win_prob/H/GA/06/plotdata_GA_2026_2026-01-24T21-11-13.jsonl
[warn] stats/stats2 FIPS mismatch for state=GA; will apply penalty_pts=100 only if %nodata>0
[info] evaluating 1 timestamps from 2024-11-05T15-30-22 to 2024-11-05T15-30-22 every 30 minutes
[saved] probs_timeseries_GA.csv  (1 points)
[saved] /home/ubuntu/apps/election-app/win_prob/H/GA/06/plotdata_GA_2026_2026-01-24T21-11-13.jsonl  (4 points)
[saved] /home/ubuntu/apps/election-app/win_prob/H/GA/06/statewide_margin_pct_vs_percent_GA_2026_box.json
[saved] /home/ubuntu/apps/election-app/win_prob/H/GA/06/statewide_margin_pct_vs_percent_GA_2026_box.png
[saved] /home/ubuntu/apps/election-app/win_prob/H/GA/06/statewide_margin_pct_vs_percent_GA_2026.png

All 50 states complete. See: /home/ubuntu/apps/election-app/win_prob/H/GA/06

$ /home/ubuntu/.venv/bin/python3 /home/ubuntu/apps/election-app/stats/8.py --root /home/ubuntu/apps/election-app/win_prob/H/GA/06/_work --outdir /home/ubuntu/apps/election-app/win_prob/H/GA/06
[info] root  = /home/ubuntu/apps/election-app/win_prob/H/GA/06/_work
[info] outdir= /home/ubuntu/apps/election-app/win_prob/H/GA/06
[deleted] /home/ubuntu/apps/election-app/win_prob/H/GA/06/_work/stats_with_statewide.csv
[deleted] /home/ubuntu/apps/election-app/win_prob/H/GA/06/_work/stats2_final_headers.csv
[deleted] /home/ubuntu/apps/election-app/win_prob/H/GA/06/_work/2024_county_results_with_final-old.csv
[deleted] /home/ubuntu/apps/election-app/win_prob/H/GA/06/_work/2024_county_results_with_final.csv
[deleted] /home/ubuntu/apps/election-app/win_prob/H/GA/06/_work/2024_county_results_with_final_1.csv
[deleted] /home/ubuntu/apps/election-app/win_prob/H/GA/06/_work/2024_county_results_with_calcs-old.csv
[deleted] /home/ubuntu/apps/election-app/win_prob/H/GA/06/_work/2024_county_results_with_calcs_new.csv
[deleted] /home/ubuntu/apps/election-app/win_prob/H/GA/06/_work/output_statewide_stats.csv
[skip]    /home/ubuntu/apps/election-app/win_prob/H/GA/06/_work/probs_timeseries_PA.csv
[deleted] /home/ubuntu/apps/election-app/win_prob/H/GA/06/_work/2024_county_results_with_calcs.csv
[skip]    /home/ubuntu/apps/election-app/win_prob/H/GA/06/data_output.csv
[skip]    /home/ubuntu/apps/election-app/win_prob/H/GA/06/data_output_with_margins_old.csv
[skip]    /home/ubuntu/apps/election-app/win_prob/H/GA/06/data_output_with_margins.csv
[skip]    /home/ubuntu/apps/election-app/win_prob/H/GA/06/data_output_with_margins-statewide.csv
[deleted] /home/ubuntu/apps/election-app/win_prob/H/GA/06/snapshots_GA.csv
[deleted] /home/ubuntu/apps/election-app/win_prob/H/GA/06/data_output_GA_with_margins.csv
[deleted] /home/ubuntu/apps/election-app/win_prob/H/GA/06/data_output_GA_with_margins_statewide_eevp.csv
[deleted] /home/ubuntu/apps/election-app/win_prob/H/GA/06/data_output_GA.csv
[deleted] /home/ubuntu/apps/election-app/win_prob/H/GA/06/data_output_GA.csv.checkpoint.json
[deleted] /home/ubuntu/apps/election-app/win_prob/H/GA/06/stats.csv
[deleted] /home/ubuntu/apps/election-app/win_prob/H/GA/06/stats2.csv
[done] removed 16 file(s)
[2026-01-24 21:18:16] INFO: [PIPELINE] args: office=H state=GA district=06
[2026-01-24 21:18:16] INFO: [PIPELINE] WINPROB_DIR resolved to: /home/ubuntu/apps/election-app/win_prob/H/GA/06
[2026-01-24 21:18:16] INFO: [PIPELINE] OUTDIR set to: /home/ubuntu/apps/election-app/win_prob/H/GA/06

$ /home/ubuntu/.venv/bin/python3 /home/ubuntu/apps/election-app/stats/1-statewide.py --input /home/ubuntu/apps/election-app/win_prob/H/GA/06/stats.csv --output /home/ubuntu/apps/election-app/win_prob/H/GA/06/_work/stats_with_statewide.csv
Wrote /home/ubuntu/apps/election-app/win_prob/H/GA/06/_work/stats_with_statewide.csv (rows=4)

$ /home/ubuntu/.venv/bin/python3 /home/ubuntu/apps/election-app/stats/1-stats-2.py --input /home/ubuntu/apps/election-app/win_prob/H/GA/06/stats2.csv --output /home/ubuntu/apps/election-app/win_prob/H/GA/06/_work/stats2_final_headers.csv
Wrote /home/ubuntu/apps/election-app/win_prob/H/GA/06/_work/stats2_final_headers.csv (rows=6)

$ /home/ubuntu/.venv/bin/python3 /home/ubuntu/apps/election-app/stats/1-append-new.py
[warn] stats/stats2 row+fips mismatch detected; will fill missing final_* with 10
Wrote 2024_county_results_with_final-old.csv (rows=4, missing_final_matches=2)

$ /home/ubuntu/.venv/bin/python3 /home/ubuntu/apps/election-app/stats/1-change_header.py
Wrote: 2024_county_results_with_final.csv

$ /home/ubuntu/.venv/bin/python3 /home/ubuntu/apps/election-app/stats/1-cut-zero-fips.py
Wrote: 2024_county_results_with_final_1.csv
Rows before: 4
Rows after:  4
Dropped (fips == 0): 0

$ /home/ubuntu/.venv/bin/python3 /home/ubuntu/apps/election-app/stats/2-calc.py
Wrote 4 rows with calculations to /home/ubuntu/apps/election-app/win_prob/H/GA/06/_work/2024_county_results_with_calcs-old.csv

$ /home/ubuntu/.venv/bin/python3 /home/ubuntu/apps/election-app/stats/2-eevp.py
Wrote (no-op copy): 2024_county_results_with_calcs.csv
Columns:
 - timestamp
 - state
 - county
 - fips
 - trump_votes
 - harris_votes
 - other_votes
 - eevp
 - state_eevp
 - harris_votes_statewide
 - trump_votes_statewide
 - other_votes_statewide
 - final_state
 - final_county
 - final_fips
 - final_trump_votes
 - final_harris_votes
 - final_other_votes
 - harris_percent_snapshot
 - trump_percent_snapshot
 - margin_snapshot
 - harris_percent_final
 - trump_percent_final
 - margin_final
 - margin_difference
 - margin_difference_abs

$ /home/ubuntu/.venv/bin/python3 /home/ubuntu/apps/election-app/stats/3-calc-new.py
Wrote 4 rows with new columns to /home/ubuntu/apps/election-app/win_prob/H/GA/06/_work/2024_county_results_with_calcs_new.csv

$ /home/ubuntu/.venv/bin/python3 /home/ubuntu/apps/election-app/stats/4-stats.py
Reading 2024_county_results_with_calcs_new.csv...
Aggregating statewide totals...
Calculating percentages and margins...
Writing to output_statewide_stats.csv...
Done!
[2026-01-24 21:18:27] INFO: [PIPELINE] ENTER win-prob generation | states=['GA'] ts_list=['2024-11-05T15-30-22']

============================================================================
[01/1] STATE = GA
============================================================================

$ /home/ubuntu/.venv/bin/python3 /home/ubuntu/apps/election-app/stats/5-snapshots.py --state GA --input /home/ubuntu/apps/election-app/win_prob/H/GA/06/_work/output_statewide_stats.csv --output /home/ubuntu/apps/election-app/win_prob/H/GA/06/snapshots_GA.csv --start 2024-11-05T15-30-22 --end 2024-11-05T15-30-22 --use-window 1 --interval 30
Mode: windowed-one-state
Rows written: 4
Distinct states in output: GA
Rows per normalized timestamp (empty = unparseable):
  2024-11-05T15-30-22: 4
Wrote /home/ubuntu/apps/election-app/win_prob/H/GA/06/snapshots_GA.csv

$ /home/ubuntu/.venv/bin/python3 /home/ubuntu/apps/election-app/stats/6-pval.py /home/ubuntu/apps/election-app/win_prob/H/GA/06/snapshots_GA.csv -t /home/ubuntu/apps/election-app/stats/parameters.csv -o /home/ubuntu/apps/election-app/win_prob/H/GA/06/data_output_GA.csv -c 50
Done. Wrote: /home/ubuntu/apps/election-app/win_prob/H/GA/06/data_output_GA.csv
Total rows: 4 (chunked, resumable).
Computed columns for PVALS = [0.01, 0.1, 1, 2, 3, 5, 10, 15, 20, 25, 30, 35, 40, 45, 50, 55, 60, 65, 70, 75, 80, 85, 90, 95, 97, 98, 99, 99.9, 99.99]
Per p (leader): shift_{p}, margin_new_{p}, harris_percent_new_{p}, trump_percent_new_{p}, total_snapshot_{p}, total_expected_{p}, harris_votes_new_{p}, trump_votes_new_{p}
Per p (trailing): shift_trailing_{p}, margin_new_{p}_trailing, harris_percent_new_{p}_trailing, trump_percent_new_{p}_trailing, total_snapshot_{p}_trailing, total_expected_{p}_trailing, harris_votes_new_{p}_trailing, trump_votes_new_{p}_trailing
Checkpoint saved at: /home/ubuntu/apps/election-app/win_prob/H/GA/06/data_output_GA.csv.checkpoint.json

$ /home/ubuntu/.venv/bin/python3 /home/ubuntu/apps/election-app/stats/7-margin-new.py
Wrote data_output_with_margins_old.csv

$ /home/ubuntu/.venv/bin/python3 /home/ubuntu/apps/election-app/stats/7-eevp-statewide.py
Wrote data_output_with_margins.csv (copied from data_output_with_margins_old.csv)

$ /home/ubuntu/.venv/bin/python3 /home/ubuntu/apps/election-app/stats/7.py --input /home/ubuntu/apps/election-app/win_prob/H/GA/06/data_output_GA_with_margins_statewide_eevp.csv --output /home/ubuntu/apps/election-app/win_prob/H/GA/06/statewide_margin_pct_vs_percent_GA_2026.png --state GA --start 2024-11-05T15-30-22 --end 2024-11-05T15-30-22 --stats /home/ubuntu/apps/election-app/win_prob/H/GA/06/stats.csv --stats2 /home/ubuntu/apps/election-app/win_prob/H/GA/06/stats2.csv --interval 30 --year 2026 --jsonl /home/ubuntu/apps/election-app/win_prob/H/GA/06/plotdata_GA_2026_2026-01-24T21-18-16.jsonl
[warn] stats/stats2 FIPS mismatch for state=GA; will apply penalty_pts=100 only if %nodata>0
[info] evaluating 1 timestamps from 2024-11-05T15-30-22 to 2024-11-05T15-30-22 every 30 minutes
[saved] probs_timeseries_GA.csv  (1 points)
[saved] /home/ubuntu/apps/election-app/win_prob/H/GA/06/plotdata_GA_2026_2026-01-24T21-18-16.jsonl  (4 points)
[saved] /home/ubuntu/apps/election-app/win_prob/H/GA/06/statewide_margin_pct_vs_percent_GA_2026_box.json
[saved] /home/ubuntu/apps/election-app/win_prob/H/GA/06/statewide_margin_pct_vs_percent_GA_2026_box.png
[saved] /home/ubuntu/apps/election-app/win_prob/H/GA/06/statewide_margin_pct_vs_percent_GA_2026.png

All 50 states complete. See: /home/ubuntu/apps/election-app/win_prob/H/GA/06

$ /home/ubuntu/.venv/bin/python3 /home/ubuntu/apps/election-app/stats/8.py --root /home/ubuntu/apps/election-app/win_prob/H/GA/06/_work --outdir /home/ubuntu/apps/election-app/win_prob/H/GA/06
[info] root  = /home/ubuntu/apps/election-app/win_prob/H/GA/06/_work
[info] outdir= /home/ubuntu/apps/election-app/win_prob/H/GA/06
[deleted] /home/ubuntu/apps/election-app/win_prob/H/GA/06/_work/stats_with_statewide.csv
[deleted] /home/ubuntu/apps/election-app/win_prob/H/GA/06/_work/stats2_final_headers.csv
[deleted] /home/ubuntu/apps/election-app/win_prob/H/GA/06/_work/2024_county_results_with_final-old.csv
[deleted] /home/ubuntu/apps/election-app/win_prob/H/GA/06/_work/2024_county_results_with_final.csv
[deleted] /home/ubuntu/apps/election-app/win_prob/H/GA/06/_work/2024_county_results_with_final_1.csv
[deleted] /home/ubuntu/apps/election-app/win_prob/H/GA/06/_work/2024_county_results_with_calcs-old.csv
[deleted] /home/ubuntu/apps/election-app/win_prob/H/GA/06/_work/2024_county_results_with_calcs_new.csv
[deleted] /home/ubuntu/apps/election-app/win_prob/H/GA/06/_work/output_statewide_stats.csv
[skip]    /home/ubuntu/apps/election-app/win_prob/H/GA/06/_work/probs_timeseries_PA.csv
[deleted] /home/ubuntu/apps/election-app/win_prob/H/GA/06/_work/2024_county_results_with_calcs.csv
[skip]    /home/ubuntu/apps/election-app/win_prob/H/GA/06/data_output.csv
[skip]    /home/ubuntu/apps/election-app/win_prob/H/GA/06/data_output_with_margins_old.csv
[skip]    /home/ubuntu/apps/election-app/win_prob/H/GA/06/data_output_with_margins.csv
[skip]    /home/ubuntu/apps/election-app/win_prob/H/GA/06/data_output_with_margins-statewide.csv
[deleted] /home/ubuntu/apps/election-app/win_prob/H/GA/06/snapshots_GA.csv
[deleted] /home/ubuntu/apps/election-app/win_prob/H/GA/06/data_output_GA_with_margins.csv
[deleted] /home/ubuntu/apps/election-app/win_prob/H/GA/06/data_output_GA_with_margins_statewide_eevp.csv
[deleted] /home/ubuntu/apps/election-app/win_prob/H/GA/06/data_output_GA.csv
[deleted] /home/ubuntu/apps/election-app/win_prob/H/GA/06/data_output_GA.csv.checkpoint.json
[deleted] /home/ubuntu/apps/election-app/win_prob/H/GA/06/stats.csv
[deleted] /home/ubuntu/apps/election-app/win_prob/H/GA/06/stats2.csv
[done] removed 16 file(s)
[2026-01-24 21:25:19] INFO: [PIPELINE] args: office=H state=GA district=06
[2026-01-24 21:25:19] INFO: [PIPELINE] WINPROB_DIR resolved to: /home/ubuntu/apps/election-app/win_prob/H/GA/06
[2026-01-24 21:25:19] INFO: [PIPELINE] OUTDIR set to: /home/ubuntu/apps/election-app/win_prob/H/GA/06

$ /home/ubuntu/.venv/bin/python3 /home/ubuntu/apps/election-app/stats/1-statewide.py --input /home/ubuntu/apps/election-app/win_prob/H/GA/06/stats.csv --output /home/ubuntu/apps/election-app/win_prob/H/GA/06/_work/stats_with_statewide.csv
Wrote /home/ubuntu/apps/election-app/win_prob/H/GA/06/_work/stats_with_statewide.csv (rows=4)

$ /home/ubuntu/.venv/bin/python3 /home/ubuntu/apps/election-app/stats/1-stats-2.py --input /home/ubuntu/apps/election-app/win_prob/H/GA/06/stats2.csv --output /home/ubuntu/apps/election-app/win_prob/H/GA/06/_work/stats2_final_headers.csv
Wrote /home/ubuntu/apps/election-app/win_prob/H/GA/06/_work/stats2_final_headers.csv (rows=6)

$ /home/ubuntu/.venv/bin/python3 /home/ubuntu/apps/election-app/stats/1-append-new.py
[warn] stats/stats2 row+fips mismatch detected; will fill missing final_* with 10
Wrote 2024_county_results_with_final-old.csv (rows=4, missing_final_matches=2)

$ /home/ubuntu/.venv/bin/python3 /home/ubuntu/apps/election-app/stats/1-change_header.py
Wrote: 2024_county_results_with_final.csv

$ /home/ubuntu/.venv/bin/python3 /home/ubuntu/apps/election-app/stats/1-cut-zero-fips.py
Wrote: 2024_county_results_with_final_1.csv
Rows before: 4
Rows after:  4
Dropped (fips == 0): 0

$ /home/ubuntu/.venv/bin/python3 /home/ubuntu/apps/election-app/stats/2-calc.py
Wrote 4 rows with calculations to /home/ubuntu/apps/election-app/win_prob/H/GA/06/_work/2024_county_results_with_calcs-old.csv

$ /home/ubuntu/.venv/bin/python3 /home/ubuntu/apps/election-app/stats/2-eevp.py
Wrote (no-op copy): 2024_county_results_with_calcs.csv
Columns:
 - timestamp
 - state
 - county
 - fips
 - trump_votes
 - harris_votes
 - other_votes
 - eevp
 - state_eevp
 - harris_votes_statewide
 - trump_votes_statewide
 - other_votes_statewide
 - final_state
 - final_county
 - final_fips
 - final_trump_votes
 - final_harris_votes
 - final_other_votes
 - harris_percent_snapshot
 - trump_percent_snapshot
 - margin_snapshot
 - harris_percent_final
 - trump_percent_final
 - margin_final
 - margin_difference
 - margin_difference_abs

$ /home/ubuntu/.venv/bin/python3 /home/ubuntu/apps/election-app/stats/3-calc-new.py
Wrote 4 rows with new columns to /home/ubuntu/apps/election-app/win_prob/H/GA/06/_work/2024_county_results_with_calcs_new.csv

$ /home/ubuntu/.venv/bin/python3 /home/ubuntu/apps/election-app/stats/4-stats.py
Reading 2024_county_results_with_calcs_new.csv...
Aggregating statewide totals...
Calculating percentages and margins...
Writing to output_statewide_stats.csv...
Done!
[2026-01-24 21:25:30] INFO: [PIPELINE] ENTER win-prob generation | states=['GA'] ts_list=['2024-11-05T15-30-22']

============================================================================
[01/1] STATE = GA
============================================================================

$ /home/ubuntu/.venv/bin/python3 /home/ubuntu/apps/election-app/stats/5-snapshots.py --state GA --input /home/ubuntu/apps/election-app/win_prob/H/GA/06/_work/output_statewide_stats.csv --output /home/ubuntu/apps/election-app/win_prob/H/GA/06/snapshots_GA.csv --start 2024-11-05T15-30-22 --end 2024-11-05T15-30-22 --use-window 1 --interval 30
Mode: windowed-one-state
Rows written: 4
Distinct states in output: GA
Rows per normalized timestamp (empty = unparseable):
  2024-11-05T15-30-22: 4
Wrote /home/ubuntu/apps/election-app/win_prob/H/GA/06/snapshots_GA.csv

$ /home/ubuntu/.venv/bin/python3 /home/ubuntu/apps/election-app/stats/6-pval.py /home/ubuntu/apps/election-app/win_prob/H/GA/06/snapshots_GA.csv -t /home/ubuntu/apps/election-app/stats/parameters.csv -o /home/ubuntu/apps/election-app/win_prob/H/GA/06/data_output_GA.csv -c 50
Done. Wrote: /home/ubuntu/apps/election-app/win_prob/H/GA/06/data_output_GA.csv
Total rows: 4 (chunked, resumable).
Computed columns for PVALS = [0.01, 0.1, 1, 2, 3, 5, 10, 15, 20, 25, 30, 35, 40, 45, 50, 55, 60, 65, 70, 75, 80, 85, 90, 95, 97, 98, 99, 99.9, 99.99]
Per p (leader): shift_{p}, margin_new_{p}, harris_percent_new_{p}, trump_percent_new_{p}, total_snapshot_{p}, total_expected_{p}, harris_votes_new_{p}, trump_votes_new_{p}
Per p (trailing): shift_trailing_{p}, margin_new_{p}_trailing, harris_percent_new_{p}_trailing, trump_percent_new_{p}_trailing, total_snapshot_{p}_trailing, total_expected_{p}_trailing, harris_votes_new_{p}_trailing, trump_votes_new_{p}_trailing
Checkpoint saved at: /home/ubuntu/apps/election-app/win_prob/H/GA/06/data_output_GA.csv.checkpoint.json

$ /home/ubuntu/.venv/bin/python3 /home/ubuntu/apps/election-app/stats/7-margin-new.py
Wrote data_output_with_margins_old.csv

$ /home/ubuntu/.venv/bin/python3 /home/ubuntu/apps/election-app/stats/7-eevp-statewide.py
Wrote data_output_with_margins.csv (copied from data_output_with_margins_old.csv)

$ /home/ubuntu/.venv/bin/python3 /home/ubuntu/apps/election-app/stats/7.py --input /home/ubuntu/apps/election-app/win_prob/H/GA/06/data_output_GA_with_margins_statewide_eevp.csv --output /home/ubuntu/apps/election-app/win_prob/H/GA/06/statewide_margin_pct_vs_percent_GA_2026.png --state GA --start 2024-11-05T15-30-22 --end 2024-11-05T15-30-22 --stats /home/ubuntu/apps/election-app/win_prob/H/GA/06/stats.csv --stats2 /home/ubuntu/apps/election-app/win_prob/H/GA/06/stats2.csv --interval 30 --year 2026 --jsonl /home/ubuntu/apps/election-app/win_prob/H/GA/06/plotdata_GA_2026_2026-01-24T21-25-19.jsonl
[warn] stats/stats2 FIPS mismatch for state=GA; will apply penalty_pts=100 only if %nodata>0
[info] evaluating 1 timestamps from 2024-11-05T15-30-22 to 2024-11-05T15-30-22 every 30 minutes
[saved] probs_timeseries_GA.csv  (1 points)
[saved] /home/ubuntu/apps/election-app/win_prob/H/GA/06/plotdata_GA_2026_2026-01-24T21-25-19.jsonl  (4 points)
[saved] /home/ubuntu/apps/election-app/win_prob/H/GA/06/statewide_margin_pct_vs_percent_GA_2026_box.json
[saved] /home/ubuntu/apps/election-app/win_prob/H/GA/06/statewide_margin_pct_vs_percent_GA_2026_box.png
[saved] /home/ubuntu/apps/election-app/win_prob/H/GA/06/statewide_margin_pct_vs_percent_GA_2026.png

All 50 states complete. See: /home/ubuntu/apps/election-app/win_prob/H/GA/06

$ /home/ubuntu/.venv/bin/python3 /home/ubuntu/apps/election-app/stats/8.py --root /home/ubuntu/apps/election-app/win_prob/H/GA/06/_work --outdir /home/ubuntu/apps/election-app/win_prob/H/GA/06
[info] root  = /home/ubuntu/apps/election-app/win_prob/H/GA/06/_work
[info] outdir= /home/ubuntu/apps/election-app/win_prob/H/GA/06
[deleted] /home/ubuntu/apps/election-app/win_prob/H/GA/06/_work/stats_with_statewide.csv
[deleted] /home/ubuntu/apps/election-app/win_prob/H/GA/06/_work/stats2_final_headers.csv
[deleted] /home/ubuntu/apps/election-app/win_prob/H/GA/06/_work/2024_county_results_with_final-old.csv
[deleted] /home/ubuntu/apps/election-app/win_prob/H/GA/06/_work/2024_county_results_with_final.csv
[deleted] /home/ubuntu/apps/election-app/win_prob/H/GA/06/_work/2024_county_results_with_final_1.csv
[deleted] /home/ubuntu/apps/election-app/win_prob/H/GA/06/_work/2024_county_results_with_calcs-old.csv
[deleted] /home/ubuntu/apps/election-app/win_prob/H/GA/06/_work/2024_county_results_with_calcs_new.csv
[deleted] /home/ubuntu/apps/election-app/win_prob/H/GA/06/_work/output_statewide_stats.csv
[skip]    /home/ubuntu/apps/election-app/win_prob/H/GA/06/_work/probs_timeseries_PA.csv
[deleted] /home/ubuntu/apps/election-app/win_prob/H/GA/06/_work/2024_county_results_with_calcs.csv
[skip]    /home/ubuntu/apps/election-app/win_prob/H/GA/06/data_output.csv
[skip]    /home/ubuntu/apps/election-app/win_prob/H/GA/06/data_output_with_margins_old.csv
[skip]    /home/ubuntu/apps/election-app/win_prob/H/GA/06/data_output_with_margins.csv
[skip]    /home/ubuntu/apps/election-app/win_prob/H/GA/06/data_output_with_margins-statewide.csv
[deleted] /home/ubuntu/apps/election-app/win_prob/H/GA/06/snapshots_GA.csv
[deleted] /home/ubuntu/apps/election-app/win_prob/H/GA/06/data_output_GA_with_margins.csv
[deleted] /home/ubuntu/apps/election-app/win_prob/H/GA/06/data_output_GA_with_margins_statewide_eevp.csv
[deleted] /home/ubuntu/apps/election-app/win_prob/H/GA/06/data_output_GA.csv
[deleted] /home/ubuntu/apps/election-app/win_prob/H/GA/06/data_output_GA.csv.checkpoint.json
[deleted] /home/ubuntu/apps/election-app/win_prob/H/GA/06/stats.csv
[deleted] /home/ubuntu/apps/election-app/win_prob/H/GA/06/stats2.csv
[done] removed 16 file(s)
[2026-01-24 21:32:18] INFO: [PIPELINE] args: office=H state=GA district=06
[2026-01-24 21:32:18] INFO: [PIPELINE] WINPROB_DIR resolved to: /home/ubuntu/apps/election-app/win_prob/H/GA/06
[2026-01-24 21:32:18] INFO: [PIPELINE] OUTDIR set to: /home/ubuntu/apps/election-app/win_prob/H/GA/06

$ /home/ubuntu/.venv/bin/python3 /home/ubuntu/apps/election-app/stats/1-statewide.py --input /home/ubuntu/apps/election-app/win_prob/H/GA/06/stats.csv --output /home/ubuntu/apps/election-app/win_prob/H/GA/06/_work/stats_with_statewide.csv
Wrote /home/ubuntu/apps/election-app/win_prob/H/GA/06/_work/stats_with_statewide.csv (rows=4)

$ /home/ubuntu/.venv/bin/python3 /home/ubuntu/apps/election-app/stats/1-stats-2.py --input /home/ubuntu/apps/election-app/win_prob/H/GA/06/stats2.csv --output /home/ubuntu/apps/election-app/win_prob/H/GA/06/_work/stats2_final_headers.csv
Wrote /home/ubuntu/apps/election-app/win_prob/H/GA/06/_work/stats2_final_headers.csv (rows=6)

$ /home/ubuntu/.venv/bin/python3 /home/ubuntu/apps/election-app/stats/1-append-new.py
[warn] stats/stats2 row+fips mismatch detected; will fill missing final_* with 10
Wrote 2024_county_results_with_final-old.csv (rows=4, missing_final_matches=2)

$ /home/ubuntu/.venv/bin/python3 /home/ubuntu/apps/election-app/stats/1-change_header.py
Wrote: 2024_county_results_with_final.csv

$ /home/ubuntu/.venv/bin/python3 /home/ubuntu/apps/election-app/stats/1-cut-zero-fips.py
Wrote: 2024_county_results_with_final_1.csv
Rows before: 4
Rows after:  4
Dropped (fips == 0): 0

$ /home/ubuntu/.venv/bin/python3 /home/ubuntu/apps/election-app/stats/2-calc.py
Wrote 4 rows with calculations to /home/ubuntu/apps/election-app/win_prob/H/GA/06/_work/2024_county_results_with_calcs-old.csv

$ /home/ubuntu/.venv/bin/python3 /home/ubuntu/apps/election-app/stats/2-eevp.py
Wrote (no-op copy): 2024_county_results_with_calcs.csv
Columns:
 - timestamp
 - state
 - county
 - fips
 - trump_votes
 - harris_votes
 - other_votes
 - eevp
 - state_eevp
 - harris_votes_statewide
 - trump_votes_statewide
 - other_votes_statewide
 - final_state
 - final_county
 - final_fips
 - final_trump_votes
 - final_harris_votes
 - final_other_votes
 - harris_percent_snapshot
 - trump_percent_snapshot
 - margin_snapshot
 - harris_percent_final
 - trump_percent_final
 - margin_final
 - margin_difference
 - margin_difference_abs

$ /home/ubuntu/.venv/bin/python3 /home/ubuntu/apps/election-app/stats/3-calc-new.py
Wrote 4 rows with new columns to /home/ubuntu/apps/election-app/win_prob/H/GA/06/_work/2024_county_results_with_calcs_new.csv

$ /home/ubuntu/.venv/bin/python3 /home/ubuntu/apps/election-app/stats/4-stats.py
Reading 2024_county_results_with_calcs_new.csv...
Aggregating statewide totals...
Calculating percentages and margins...
Writing to output_statewide_stats.csv...
Done!
[2026-01-24 21:32:27] INFO: [PIPELINE] ENTER win-prob generation | states=['GA'] ts_list=['2024-11-05T15-30-22']

============================================================================
[01/1] STATE = GA
============================================================================

$ /home/ubuntu/.venv/bin/python3 /home/ubuntu/apps/election-app/stats/5-snapshots.py --state GA --input /home/ubuntu/apps/election-app/win_prob/H/GA/06/_work/output_statewide_stats.csv --output /home/ubuntu/apps/election-app/win_prob/H/GA/06/snapshots_GA.csv --start 2024-11-05T15-30-22 --end 2024-11-05T15-30-22 --use-window 1 --interval 30
Mode: windowed-one-state
Rows written: 4
Distinct states in output: GA
Rows per normalized timestamp (empty = unparseable):
  2024-11-05T15-30-22: 4
Wrote /home/ubuntu/apps/election-app/win_prob/H/GA/06/snapshots_GA.csv

$ /home/ubuntu/.venv/bin/python3 /home/ubuntu/apps/election-app/stats/6-pval.py /home/ubuntu/apps/election-app/win_prob/H/GA/06/snapshots_GA.csv -t /home/ubuntu/apps/election-app/stats/parameters.csv -o /home/ubuntu/apps/election-app/win_prob/H/GA/06/data_output_GA.csv -c 50
Done. Wrote: /home/ubuntu/apps/election-app/win_prob/H/GA/06/data_output_GA.csv
Total rows: 4 (chunked, resumable).
Computed columns for PVALS = [0.01, 0.1, 1, 2, 3, 5, 10, 15, 20, 25, 30, 35, 40, 45, 50, 55, 60, 65, 70, 75, 80, 85, 90, 95, 97, 98, 99, 99.9, 99.99]
Per p (leader): shift_{p}, margin_new_{p}, harris_percent_new_{p}, trump_percent_new_{p}, total_snapshot_{p}, total_expected_{p}, harris_votes_new_{p}, trump_votes_new_{p}
Per p (trailing): shift_trailing_{p}, margin_new_{p}_trailing, harris_percent_new_{p}_trailing, trump_percent_new_{p}_trailing, total_snapshot_{p}_trailing, total_expected_{p}_trailing, harris_votes_new_{p}_trailing, trump_votes_new_{p}_trailing
Checkpoint saved at: /home/ubuntu/apps/election-app/win_prob/H/GA/06/data_output_GA.csv.checkpoint.json

$ /home/ubuntu/.venv/bin/python3 /home/ubuntu/apps/election-app/stats/7-margin-new.py
Wrote data_output_with_margins_old.csv

$ /home/ubuntu/.venv/bin/python3 /home/ubuntu/apps/election-app/stats/7-eevp-statewide.py
Wrote data_output_with_margins.csv (copied from data_output_with_margins_old.csv)

$ /home/ubuntu/.venv/bin/python3 /home/ubuntu/apps/election-app/stats/7.py --input /home/ubuntu/apps/election-app/win_prob/H/GA/06/data_output_GA_with_margins_statewide_eevp.csv --output /home/ubuntu/apps/election-app/win_prob/H/GA/06/statewide_margin_pct_vs_percent_GA_2026.png --state GA --start 2024-11-05T15-30-22 --end 2024-11-05T15-30-22 --stats /home/ubuntu/apps/election-app/win_prob/H/GA/06/stats.csv --stats2 /home/ubuntu/apps/election-app/win_prob/H/GA/06/stats2.csv --interval 30 --year 2026 --jsonl /home/ubuntu/apps/election-app/win_prob/H/GA/06/plotdata_GA_2026_2026-01-24T21-32-18.jsonl
[warn] stats/stats2 FIPS mismatch for state=GA; will apply penalty_pts=100 only if %nodata>0
[info] evaluating 1 timestamps from 2024-11-05T15-30-22 to 2024-11-05T15-30-22 every 30 minutes
[saved] probs_timeseries_GA.csv  (1 points)
[saved] /home/ubuntu/apps/election-app/win_prob/H/GA/06/plotdata_GA_2026_2026-01-24T21-32-18.jsonl  (4 points)
[saved] /home/ubuntu/apps/election-app/win_prob/H/GA/06/statewide_margin_pct_vs_percent_GA_2026_box.json
[saved] /home/ubuntu/apps/election-app/win_prob/H/GA/06/statewide_margin_pct_vs_percent_GA_2026_box.png
[saved] /home/ubuntu/apps/election-app/win_prob/H/GA/06/statewide_margin_pct_vs_percent_GA_2026.png

All 50 states complete. See: /home/ubuntu/apps/election-app/win_prob/H/GA/06

$ /home/ubuntu/.venv/bin/python3 /home/ubuntu/apps/election-app/stats/8.py --root /home/ubuntu/apps/election-app/win_prob/H/GA/06/_work --outdir /home/ubuntu/apps/election-app/win_prob/H/GA/06
[info] root  = /home/ubuntu/apps/election-app/win_prob/H/GA/06/_work
[info] outdir= /home/ubuntu/apps/election-app/win_prob/H/GA/06
[deleted] /home/ubuntu/apps/election-app/win_prob/H/GA/06/_work/stats_with_statewide.csv
[deleted] /home/ubuntu/apps/election-app/win_prob/H/GA/06/_work/stats2_final_headers.csv
[deleted] /home/ubuntu/apps/election-app/win_prob/H/GA/06/_work/2024_county_results_with_final-old.csv
[deleted] /home/ubuntu/apps/election-app/win_prob/H/GA/06/_work/2024_county_results_with_final.csv
[deleted] /home/ubuntu/apps/election-app/win_prob/H/GA/06/_work/2024_county_results_with_final_1.csv
[deleted] /home/ubuntu/apps/election-app/win_prob/H/GA/06/_work/2024_county_results_with_calcs-old.csv
[deleted] /home/ubuntu/apps/election-app/win_prob/H/GA/06/_work/2024_county_results_with_calcs_new.csv
[deleted] /home/ubuntu/apps/election-app/win_prob/H/GA/06/_work/output_statewide_stats.csv
[skip]    /home/ubuntu/apps/election-app/win_prob/H/GA/06/_work/probs_timeseries_PA.csv
[deleted] /home/ubuntu/apps/election-app/win_prob/H/GA/06/_work/2024_county_results_with_calcs.csv
[skip]    /home/ubuntu/apps/election-app/win_prob/H/GA/06/data_output.csv
[skip]    /home/ubuntu/apps/election-app/win_prob/H/GA/06/data_output_with_margins_old.csv
[skip]    /home/ubuntu/apps/election-app/win_prob/H/GA/06/data_output_with_margins.csv
[skip]    /home/ubuntu/apps/election-app/win_prob/H/GA/06/data_output_with_margins-statewide.csv
[deleted] /home/ubuntu/apps/election-app/win_prob/H/GA/06/snapshots_GA.csv
[deleted] /home/ubuntu/apps/election-app/win_prob/H/GA/06/data_output_GA_with_margins.csv
[deleted] /home/ubuntu/apps/election-app/win_prob/H/GA/06/data_output_GA_with_margins_statewide_eevp.csv
[deleted] /home/ubuntu/apps/election-app/win_prob/H/GA/06/data_output_GA.csv
[deleted] /home/ubuntu/apps/election-app/win_prob/H/GA/06/data_output_GA.csv.checkpoint.json
[deleted] /home/ubuntu/apps/election-app/win_prob/H/GA/06/stats.csv
[deleted] /home/ubuntu/apps/election-app/win_prob/H/GA/06/stats2.csv
[done] removed 16 file(s)
[2026-01-24 21:39:25] INFO: [PIPELINE] args: office=H state=GA district=06
[2026-01-24 21:39:25] INFO: [PIPELINE] WINPROB_DIR resolved to: /home/ubuntu/apps/election-app/win_prob/H/GA/06
[2026-01-24 21:39:25] INFO: [PIPELINE] OUTDIR set to: /home/ubuntu/apps/election-app/win_prob/H/GA/06

$ /home/ubuntu/.venv/bin/python3 /home/ubuntu/apps/election-app/stats/1-statewide.py --input /home/ubuntu/apps/election-app/win_prob/H/GA/06/stats.csv --output /home/ubuntu/apps/election-app/win_prob/H/GA/06/_work/stats_with_statewide.csv
Wrote /home/ubuntu/apps/election-app/win_prob/H/GA/06/_work/stats_with_statewide.csv (rows=4)

$ /home/ubuntu/.venv/bin/python3 /home/ubuntu/apps/election-app/stats/1-stats-2.py --input /home/ubuntu/apps/election-app/win_prob/H/GA/06/stats2.csv --output /home/ubuntu/apps/election-app/win_prob/H/GA/06/_work/stats2_final_headers.csv
Wrote /home/ubuntu/apps/election-app/win_prob/H/GA/06/_work/stats2_final_headers.csv (rows=6)

$ /home/ubuntu/.venv/bin/python3 /home/ubuntu/apps/election-app/stats/1-append-new.py
[warn] stats/stats2 row+fips mismatch detected; will fill missing final_* with 10
Wrote 2024_county_results_with_final-old.csv (rows=4, missing_final_matches=2)

$ /home/ubuntu/.venv/bin/python3 /home/ubuntu/apps/election-app/stats/1-change_header.py
Wrote: 2024_county_results_with_final.csv

$ /home/ubuntu/.venv/bin/python3 /home/ubuntu/apps/election-app/stats/1-cut-zero-fips.py
Wrote: 2024_county_results_with_final_1.csv
Rows before: 4
Rows after:  4
Dropped (fips == 0): 0

$ /home/ubuntu/.venv/bin/python3 /home/ubuntu/apps/election-app/stats/2-calc.py
Wrote 4 rows with calculations to /home/ubuntu/apps/election-app/win_prob/H/GA/06/_work/2024_county_results_with_calcs-old.csv

$ /home/ubuntu/.venv/bin/python3 /home/ubuntu/apps/election-app/stats/2-eevp.py
Wrote (no-op copy): 2024_county_results_with_calcs.csv
Columns:
 - timestamp
 - state
 - county
 - fips
 - trump_votes
 - harris_votes
 - other_votes
 - eevp
 - state_eevp
 - harris_votes_statewide
 - trump_votes_statewide
 - other_votes_statewide
 - final_state
 - final_county
 - final_fips
 - final_trump_votes
 - final_harris_votes
 - final_other_votes
 - harris_percent_snapshot
 - trump_percent_snapshot
 - margin_snapshot
 - harris_percent_final
 - trump_percent_final
 - margin_final
 - margin_difference
 - margin_difference_abs

$ /home/ubuntu/.venv/bin/python3 /home/ubuntu/apps/election-app/stats/3-calc-new.py
Wrote 4 rows with new columns to /home/ubuntu/apps/election-app/win_prob/H/GA/06/_work/2024_county_results_with_calcs_new.csv

$ /home/ubuntu/.venv/bin/python3 /home/ubuntu/apps/election-app/stats/4-stats.py
Reading 2024_county_results_with_calcs_new.csv...
Aggregating statewide totals...
Calculating percentages and margins...
Writing to output_statewide_stats.csv...
Done!
[2026-01-24 21:39:35] INFO: [PIPELINE] ENTER win-prob generation | states=['GA'] ts_list=['2024-11-05T15-30-22']

============================================================================
[01/1] STATE = GA
============================================================================

$ /home/ubuntu/.venv/bin/python3 /home/ubuntu/apps/election-app/stats/5-snapshots.py --state GA --input /home/ubuntu/apps/election-app/win_prob/H/GA/06/_work/output_statewide_stats.csv --output /home/ubuntu/apps/election-app/win_prob/H/GA/06/snapshots_GA.csv --start 2024-11-05T15-30-22 --end 2024-11-05T15-30-22 --use-window 1 --interval 30
Mode: windowed-one-state
Rows written: 4
Distinct states in output: GA
Rows per normalized timestamp (empty = unparseable):
  2024-11-05T15-30-22: 4
Wrote /home/ubuntu/apps/election-app/win_prob/H/GA/06/snapshots_GA.csv

$ /home/ubuntu/.venv/bin/python3 /home/ubuntu/apps/election-app/stats/6-pval.py /home/ubuntu/apps/election-app/win_prob/H/GA/06/snapshots_GA.csv -t /home/ubuntu/apps/election-app/stats/parameters.csv -o /home/ubuntu/apps/election-app/win_prob/H/GA/06/data_output_GA.csv -c 50
Done. Wrote: /home/ubuntu/apps/election-app/win_prob/H/GA/06/data_output_GA.csv
Total rows: 4 (chunked, resumable).
Computed columns for PVALS = [0.01, 0.1, 1, 2, 3, 5, 10, 15, 20, 25, 30, 35, 40, 45, 50, 55, 60, 65, 70, 75, 80, 85, 90, 95, 97, 98, 99, 99.9, 99.99]
Per p (leader): shift_{p}, margin_new_{p}, harris_percent_new_{p}, trump_percent_new_{p}, total_snapshot_{p}, total_expected_{p}, harris_votes_new_{p}, trump_votes_new_{p}
Per p (trailing): shift_trailing_{p}, margin_new_{p}_trailing, harris_percent_new_{p}_trailing, trump_percent_new_{p}_trailing, total_snapshot_{p}_trailing, total_expected_{p}_trailing, harris_votes_new_{p}_trailing, trump_votes_new_{p}_trailing
Checkpoint saved at: /home/ubuntu/apps/election-app/win_prob/H/GA/06/data_output_GA.csv.checkpoint.json

$ /home/ubuntu/.venv/bin/python3 /home/ubuntu/apps/election-app/stats/7-margin-new.py
Wrote data_output_with_margins_old.csv

$ /home/ubuntu/.venv/bin/python3 /home/ubuntu/apps/election-app/stats/7-eevp-statewide.py
Wrote data_output_with_margins.csv (copied from data_output_with_margins_old.csv)

$ /home/ubuntu/.venv/bin/python3 /home/ubuntu/apps/election-app/stats/7.py --input /home/ubuntu/apps/election-app/win_prob/H/GA/06/data_output_GA_with_margins_statewide_eevp.csv --output /home/ubuntu/apps/election-app/win_prob/H/GA/06/statewide_margin_pct_vs_percent_GA_2026.png --state GA --start 2024-11-05T15-30-22 --end 2024-11-05T15-30-22 --stats /home/ubuntu/apps/election-app/win_prob/H/GA/06/stats.csv --stats2 /home/ubuntu/apps/election-app/win_prob/H/GA/06/stats2.csv --interval 30 --year 2026 --jsonl /home/ubuntu/apps/election-app/win_prob/H/GA/06/plotdata_GA_2026_2026-01-24T21-39-25.jsonl
[warn] stats/stats2 FIPS mismatch for state=GA; will apply penalty_pts=100 only if %nodata>0
[info] evaluating 1 timestamps from 2024-11-05T15-30-22 to 2024-11-05T15-30-22 every 30 minutes
[saved] probs_timeseries_GA.csv  (1 points)
[saved] /home/ubuntu/apps/election-app/win_prob/H/GA/06/plotdata_GA_2026_2026-01-24T21-39-25.jsonl  (4 points)
[saved] /home/ubuntu/apps/election-app/win_prob/H/GA/06/statewide_margin_pct_vs_percent_GA_2026_box.json
[saved] /home/ubuntu/apps/election-app/win_prob/H/GA/06/statewide_margin_pct_vs_percent_GA_2026_box.png
[saved] /home/ubuntu/apps/election-app/win_prob/H/GA/06/statewide_margin_pct_vs_percent_GA_2026.png

All 50 states complete. See: /home/ubuntu/apps/election-app/win_prob/H/GA/06

$ /home/ubuntu/.venv/bin/python3 /home/ubuntu/apps/election-app/stats/8.py --root /home/ubuntu/apps/election-app/win_prob/H/GA/06/_work --outdir /home/ubuntu/apps/election-app/win_prob/H/GA/06
[info] root  = /home/ubuntu/apps/election-app/win_prob/H/GA/06/_work
[info] outdir= /home/ubuntu/apps/election-app/win_prob/H/GA/06
[deleted] /home/ubuntu/apps/election-app/win_prob/H/GA/06/_work/stats_with_statewide.csv
[deleted] /home/ubuntu/apps/election-app/win_prob/H/GA/06/_work/stats2_final_headers.csv
[deleted] /home/ubuntu/apps/election-app/win_prob/H/GA/06/_work/2024_county_results_with_final-old.csv
[deleted] /home/ubuntu/apps/election-app/win_prob/H/GA/06/_work/2024_county_results_with_final.csv
[deleted] /home/ubuntu/apps/election-app/win_prob/H/GA/06/_work/2024_county_results_with_final_1.csv
[deleted] /home/ubuntu/apps/election-app/win_prob/H/GA/06/_work/2024_county_results_with_calcs-old.csv
[deleted] /home/ubuntu/apps/election-app/win_prob/H/GA/06/_work/2024_county_results_with_calcs_new.csv
[deleted] /home/ubuntu/apps/election-app/win_prob/H/GA/06/_work/output_statewide_stats.csv
[skip]    /home/ubuntu/apps/election-app/win_prob/H/GA/06/_work/probs_timeseries_PA.csv
[deleted] /home/ubuntu/apps/election-app/win_prob/H/GA/06/_work/2024_county_results_with_calcs.csv
[skip]    /home/ubuntu/apps/election-app/win_prob/H/GA/06/data_output.csv
[skip]    /home/ubuntu/apps/election-app/win_prob/H/GA/06/data_output_with_margins_old.csv
[skip]    /home/ubuntu/apps/election-app/win_prob/H/GA/06/data_output_with_margins.csv
[skip]    /home/ubuntu/apps/election-app/win_prob/H/GA/06/data_output_with_margins-statewide.csv
[deleted] /home/ubuntu/apps/election-app/win_prob/H/GA/06/snapshots_GA.csv
[deleted] /home/ubuntu/apps/election-app/win_prob/H/GA/06/data_output_GA_with_margins.csv
[deleted] /home/ubuntu/apps/election-app/win_prob/H/GA/06/data_output_GA_with_margins_statewide_eevp.csv
[deleted] /home/ubuntu/apps/election-app/win_prob/H/GA/06/data_output_GA.csv
[deleted] /home/ubuntu/apps/election-app/win_prob/H/GA/06/data_output_GA.csv.checkpoint.json
[deleted] /home/ubuntu/apps/election-app/win_prob/H/GA/06/stats.csv
[deleted] /home/ubuntu/apps/election-app/win_prob/H/GA/06/stats2.csv
[done] removed 16 file(s)
[2026-02-04 16:50:06] INFO: [PIPELINE] args: office=H state=GA district=06
[2026-02-04 16:50:06] INFO: [PIPELINE] WINPROB_DIR resolved to: /home/ubuntu/apps/election-app/win_prob/H/GA/06
[2026-02-04 16:50:06] INFO: [PIPELINE] OUTDIR set to: /home/ubuntu/apps/election-app/win_prob/H/GA/06

$ /home/ubuntu/.venv/bin/python3 /home/ubuntu/apps/election-app/stats/1-statewide.py --input /home/ubuntu/apps/election-app/win_prob/H/GA/06/stats.csv --output /home/ubuntu/apps/election-app/win_prob/H/GA/06/_work/stats_with_statewide.csv
Wrote /home/ubuntu/apps/election-app/win_prob/H/GA/06/_work/stats_with_statewide.csv (rows=4)

$ /home/ubuntu/.venv/bin/python3 /home/ubuntu/apps/election-app/stats/1-stats-2.py --input /home/ubuntu/apps/election-app/win_prob/H/GA/06/stats2.csv --output /home/ubuntu/apps/election-app/win_prob/H/GA/06/_work/stats2_final_headers.csv
Wrote /home/ubuntu/apps/election-app/win_prob/H/GA/06/_work/stats2_final_headers.csv (rows=6)

$ /home/ubuntu/.venv/bin/python3 /home/ubuntu/apps/election-app/stats/1-append-new.py
[warn] stats/stats2 row+fips mismatch detected; will fill missing final_* with 10
Wrote 2024_county_results_with_final-old.csv (rows=4, missing_final_matches=2)

$ /home/ubuntu/.venv/bin/python3 /home/ubuntu/apps/election-app/stats/1-change_header.py
Wrote: 2024_county_results_with_final.csv

$ /home/ubuntu/.venv/bin/python3 /home/ubuntu/apps/election-app/stats/1-cut-zero-fips.py
Wrote: 2024_county_results_with_final_1.csv
Rows before: 4
Rows after:  4
Dropped (fips == 0): 0

$ /home/ubuntu/.venv/bin/python3 /home/ubuntu/apps/election-app/stats/2-calc.py
Wrote 4 rows with calculations to /home/ubuntu/apps/election-app/win_prob/H/GA/06/_work/2024_county_results_with_calcs-old.csv

$ /home/ubuntu/.venv/bin/python3 /home/ubuntu/apps/election-app/stats/2-eevp.py
Wrote (no-op copy): 2024_county_results_with_calcs.csv
Columns:
 - timestamp
 - state
 - county
 - fips
 - trump_votes
 - harris_votes
 - other_votes
 - eevp
 - state_eevp
 - harris_votes_statewide
 - trump_votes_statewide
 - other_votes_statewide
 - final_state
 - final_county
 - final_fips
 - final_trump_votes
 - final_harris_votes
 - final_other_votes
 - harris_percent_snapshot
 - trump_percent_snapshot
 - margin_snapshot
 - harris_percent_final
 - trump_percent_final
 - margin_final
 - margin_difference
 - margin_difference_abs

$ /home/ubuntu/.venv/bin/python3 /home/ubuntu/apps/election-app/stats/3-calc-new.py
Wrote 4 rows with new columns to /home/ubuntu/apps/election-app/win_prob/H/GA/06/_work/2024_county_results_with_calcs_new.csv

$ /home/ubuntu/.venv/bin/python3 /home/ubuntu/apps/election-app/stats/4-stats.py
Reading 2024_county_results_with_calcs_new.csv...
Aggregating statewide totals...
Calculating percentages and margins...
Writing to output_statewide_stats.csv...
Done!
[2026-02-04 16:50:17] INFO: [PIPELINE] ENTER win-prob generation | states=['GA'] ts_list=['2024-11-05T15-30-22']

============================================================================
[01/1] STATE = GA
============================================================================

$ /home/ubuntu/.venv/bin/python3 /home/ubuntu/apps/election-app/stats/5-snapshots.py --state GA --input /home/ubuntu/apps/election-app/win_prob/H/GA/06/_work/output_statewide_stats.csv --output /home/ubuntu/apps/election-app/win_prob/H/GA/06/snapshots_GA.csv --start 2024-11-05T15-30-22 --end 2024-11-05T15-30-22 --use-window 1 --interval 30
Mode: windowed-one-state
Rows written: 4
Distinct states in output: GA
Rows per normalized timestamp (empty = unparseable):
  2024-11-05T15-30-22: 4
Wrote /home/ubuntu/apps/election-app/win_prob/H/GA/06/snapshots_GA.csv

$ /home/ubuntu/.venv/bin/python3 /home/ubuntu/apps/election-app/stats/6-pval.py /home/ubuntu/apps/election-app/win_prob/H/GA/06/snapshots_GA.csv -t /home/ubuntu/apps/election-app/stats/parameters.csv -o /home/ubuntu/apps/election-app/win_prob/H/GA/06/data_output_GA.csv -c 50
Done. Wrote: /home/ubuntu/apps/election-app/win_prob/H/GA/06/data_output_GA.csv
Total rows: 4 (chunked, resumable).
Computed columns for PVALS = [0.01, 0.1, 1, 2, 3, 5, 10, 15, 20, 25, 30, 35, 40, 45, 50, 55, 60, 65, 70, 75, 80, 85, 90, 95, 97, 98, 99, 99.9, 99.99]
Per p (leader): shift_{p}, margin_new_{p}, harris_percent_new_{p}, trump_percent_new_{p}, total_snapshot_{p}, total_expected_{p}, harris_votes_new_{p}, trump_votes_new_{p}
Per p (trailing): shift_trailing_{p}, margin_new_{p}_trailing, harris_percent_new_{p}_trailing, trump_percent_new_{p}_trailing, total_snapshot_{p}_trailing, total_expected_{p}_trailing, harris_votes_new_{p}_trailing, trump_votes_new_{p}_trailing
Checkpoint saved at: /home/ubuntu/apps/election-app/win_prob/H/GA/06/data_output_GA.csv.checkpoint.json

$ /home/ubuntu/.venv/bin/python3 /home/ubuntu/apps/election-app/stats/7-margin-new.py
Wrote data_output_with_margins_old.csv

$ /home/ubuntu/.venv/bin/python3 /home/ubuntu/apps/election-app/stats/7-eevp-statewide.py
Wrote data_output_with_margins.csv (copied from data_output_with_margins_old.csv)

$ /home/ubuntu/.venv/bin/python3 /home/ubuntu/apps/election-app/stats/7.py --input /home/ubuntu/apps/election-app/win_prob/H/GA/06/data_output_GA_with_margins_statewide_eevp.csv --output /home/ubuntu/apps/election-app/win_prob/H/GA/06/statewide_margin_pct_vs_percent_GA_2026.png --state GA --start 2024-11-05T15-30-22 --end 2024-11-05T15-30-22 --stats /home/ubuntu/apps/election-app/win_prob/H/GA/06/stats.csv --stats2 /home/ubuntu/apps/election-app/win_prob/H/GA/06/stats2.csv --interval 30 --year 2026 --jsonl /home/ubuntu/apps/election-app/win_prob/H/GA/06/plotdata_GA_2026_2026-02-04T16-50-06.jsonl
[warn] stats/stats2 FIPS mismatch for state=GA; will apply penalty_pts=100 only if %nodata>0
[info] evaluating 1 timestamps from 2024-11-05T15-30-22 to 2024-11-05T15-30-22 every 30 minutes
[saved] probs_timeseries_GA.csv  (1 points)
[saved] /home/ubuntu/apps/election-app/win_prob/H/GA/06/plotdata_GA_2026_2026-02-04T16-50-06.jsonl  (4 points)
[saved] /home/ubuntu/apps/election-app/win_prob/H/GA/06/statewide_margin_pct_vs_percent_GA_2026_box.json
[saved] /home/ubuntu/apps/election-app/win_prob/H/GA/06/statewide_margin_pct_vs_percent_GA_2026_box.png
[saved] /home/ubuntu/apps/election-app/win_prob/H/GA/06/statewide_margin_pct_vs_percent_GA_2026.png

All 50 states complete. See: /home/ubuntu/apps/election-app/win_prob/H/GA/06

$ /home/ubuntu/.venv/bin/python3 /home/ubuntu/apps/election-app/stats/8.py --root /home/ubuntu/apps/election-app/win_prob/H/GA/06/_work --outdir /home/ubuntu/apps/election-app/win_prob/H/GA/06
[info] root  = /home/ubuntu/apps/election-app/win_prob/H/GA/06/_work
[info] outdir= /home/ubuntu/apps/election-app/win_prob/H/GA/06
[deleted] /home/ubuntu/apps/election-app/win_prob/H/GA/06/_work/stats_with_statewide.csv
[deleted] /home/ubuntu/apps/election-app/win_prob/H/GA/06/_work/stats2_final_headers.csv
[deleted] /home/ubuntu/apps/election-app/win_prob/H/GA/06/_work/2024_county_results_with_final-old.csv
[deleted] /home/ubuntu/apps/election-app/win_prob/H/GA/06/_work/2024_county_results_with_final.csv
[deleted] /home/ubuntu/apps/election-app/win_prob/H/GA/06/_work/2024_county_results_with_final_1.csv
[deleted] /home/ubuntu/apps/election-app/win_prob/H/GA/06/_work/2024_county_results_with_calcs-old.csv
[deleted] /home/ubuntu/apps/election-app/win_prob/H/GA/06/_work/2024_county_results_with_calcs_new.csv
[deleted] /home/ubuntu/apps/election-app/win_prob/H/GA/06/_work/output_statewide_stats.csv
[skip]    /home/ubuntu/apps/election-app/win_prob/H/GA/06/_work/probs_timeseries_PA.csv
[deleted] /home/ubuntu/apps/election-app/win_prob/H/GA/06/_work/2024_county_results_with_calcs.csv
[skip]    /home/ubuntu/apps/election-app/win_prob/H/GA/06/data_output.csv
[skip]    /home/ubuntu/apps/election-app/win_prob/H/GA/06/data_output_with_margins_old.csv
[skip]    /home/ubuntu/apps/election-app/win_prob/H/GA/06/data_output_with_margins.csv
[skip]    /home/ubuntu/apps/election-app/win_prob/H/GA/06/data_output_with_margins-statewide.csv
[deleted] /home/ubuntu/apps/election-app/win_prob/H/GA/06/snapshots_GA.csv
[deleted] /home/ubuntu/apps/election-app/win_prob/H/GA/06/data_output_GA_with_margins.csv
[deleted] /home/ubuntu/apps/election-app/win_prob/H/GA/06/data_output_GA_with_margins_statewide_eevp.csv
[deleted] /home/ubuntu/apps/election-app/win_prob/H/GA/06/data_output_GA.csv
[deleted] /home/ubuntu/apps/election-app/win_prob/H/GA/06/data_output_GA.csv.checkpoint.json
[deleted] /home/ubuntu/apps/election-app/win_prob/H/GA/06/stats.csv
[deleted] /home/ubuntu/apps/election-app/win_prob/H/GA/06/stats2.csv
[done] removed 16 file(s)
