[2026-01-24 09:00:47] INFO: [PIPELINE] args: office=H state=WV district=02
[2026-01-24 09:00:47] INFO: [PIPELINE] WINPROB_DIR resolved to: /home/ubuntu/apps/election-app/win_prob/H/WV/02
[2026-01-24 09:00:47] INFO: [PIPELINE] OUTDIR set to: /home/ubuntu/apps/election-app/win_prob/H/WV/02

$ /home/ubuntu/.venv/bin/python3 /home/ubuntu/apps/election-app/stats/1-statewide.py --input /home/ubuntu/apps/election-app/win_prob/H/WV/02/stats.csv --output /home/ubuntu/apps/election-app/win_prob/H/WV/02/_work/stats_with_statewide.csv
Wrote /home/ubuntu/apps/election-app/win_prob/H/WV/02/_work/stats_with_statewide.csv (rows=27)

$ /home/ubuntu/.venv/bin/python3 /home/ubuntu/apps/election-app/stats/1-stats-2.py --input /home/ubuntu/apps/election-app/win_prob/H/WV/02/stats2.csv --output /home/ubuntu/apps/election-app/win_prob/H/WV/02/_work/stats2_final_headers.csv
Wrote /home/ubuntu/apps/election-app/win_prob/H/WV/02/_work/stats2_final_headers.csv (rows=27)

$ /home/ubuntu/.venv/bin/python3 /home/ubuntu/apps/election-app/stats/1-append-new.py
Wrote 2024_county_results_with_final-old.csv (rows=27, missing_final_matches=0)

$ /home/ubuntu/.venv/bin/python3 /home/ubuntu/apps/election-app/stats/1-change_header.py
Wrote: 2024_county_results_with_final.csv

$ /home/ubuntu/.venv/bin/python3 /home/ubuntu/apps/election-app/stats/1-cut-zero-fips.py
Wrote: 2024_county_results_with_final_1.csv
Rows before: 27
Rows after:  27
Dropped (fips == 0): 0

$ /home/ubuntu/.venv/bin/python3 /home/ubuntu/apps/election-app/stats/2-calc.py
Wrote 27 rows with calculations to /home/ubuntu/apps/election-app/win_prob/H/WV/02/_work/2024_county_results_with_calcs-old.csv

$ /home/ubuntu/.venv/bin/python3 /home/ubuntu/apps/election-app/stats/2-eevp.py
Wrote (no-op copy): 2024_county_results_with_calcs.csv
Columns:
 - timestamp
 - state
 - county
 - fips
 - trump_votes
 - harris_votes
 - other_votes
 - eevp
 - state_eevp
 - harris_votes_statewide
 - trump_votes_statewide
 - other_votes_statewide
 - final_state
 - final_county
 - final_fips
 - final_trump_votes
 - final_harris_votes
 - final_other_votes
 - harris_percent_snapshot
 - trump_percent_snapshot
 - margin_snapshot
 - harris_percent_final
 - trump_percent_final
 - margin_final
 - margin_difference
 - margin_difference_abs

$ /home/ubuntu/.venv/bin/python3 /home/ubuntu/apps/election-app/stats/3-calc-new.py
Wrote 27 rows with new columns to /home/ubuntu/apps/election-app/win_prob/H/WV/02/_work/2024_county_results_with_calcs_new.csv

$ /home/ubuntu/.venv/bin/python3 /home/ubuntu/apps/election-app/stats/4-stats.py
Reading 2024_county_results_with_calcs_new.csv...
Aggregating statewide totals...
Calculating percentages and margins...
Writing to output_statewide_stats.csv...
Done!
[2026-01-24 09:00:56] INFO: [PIPELINE] ENTER win-prob generation | states=['WV'] ts_list=['2024-11-05T15-30-22']

============================================================================
[01/1] STATE = WV
============================================================================

$ /home/ubuntu/.venv/bin/python3 /home/ubuntu/apps/election-app/stats/5-snapshots.py --state WV --input /home/ubuntu/apps/election-app/win_prob/H/WV/02/_work/output_statewide_stats.csv --output /home/ubuntu/apps/election-app/win_prob/H/WV/02/snapshots_WV.csv --start 2024-11-05T15-30-22 --end 2024-11-05T15-30-22 --use-window 1 --interval 30
Mode: windowed-one-state
Rows written: 27
Distinct states in output: WV
Rows per normalized timestamp (empty = unparseable):
  2024-11-05T15-30-22: 27
Wrote /home/ubuntu/apps/election-app/win_prob/H/WV/02/snapshots_WV.csv

$ /home/ubuntu/.venv/bin/python3 /home/ubuntu/apps/election-app/stats/6-pval.py /home/ubuntu/apps/election-app/win_prob/H/WV/02/snapshots_WV.csv -t /home/ubuntu/apps/election-app/stats/parameters.csv -o /home/ubuntu/apps/election-app/win_prob/H/WV/02/data_output_WV.csv -c 50
Done. Wrote: /home/ubuntu/apps/election-app/win_prob/H/WV/02/data_output_WV.csv
Total rows: 27 (chunked, resumable).
Computed columns for PVALS = [0.01, 0.1, 1, 2, 3, 5, 10, 15, 20, 25, 30, 35, 40, 45, 50, 55, 60, 65, 70, 75, 80, 85, 90, 95, 97, 98, 99, 99.9, 99.99]
Per p (leader): shift_{p}, margin_new_{p}, harris_percent_new_{p}, trump_percent_new_{p}, total_snapshot_{p}, total_expected_{p}, harris_votes_new_{p}, trump_votes_new_{p}
Per p (trailing): shift_trailing_{p}, margin_new_{p}_trailing, harris_percent_new_{p}_trailing, trump_percent_new_{p}_trailing, total_snapshot_{p}_trailing, total_expected_{p}_trailing, harris_votes_new_{p}_trailing, trump_votes_new_{p}_trailing
Checkpoint saved at: /home/ubuntu/apps/election-app/win_prob/H/WV/02/data_output_WV.csv.checkpoint.json

$ /home/ubuntu/.venv/bin/python3 /home/ubuntu/apps/election-app/stats/7-margin-new.py
Wrote data_output_with_margins_old.csv

$ /home/ubuntu/.venv/bin/python3 /home/ubuntu/apps/election-app/stats/7-eevp-statewide.py
Wrote data_output_with_margins.csv (copied from data_output_with_margins_old.csv)

$ /home/ubuntu/.venv/bin/python3 /home/ubuntu/apps/election-app/stats/7.py --input /home/ubuntu/apps/election-app/win_prob/H/WV/02/data_output_WV_with_margins_statewide_eevp.csv --output /home/ubuntu/apps/election-app/win_prob/H/WV/02/statewide_margin_pct_vs_percent_WV_2026.png --state WV --start 2024-11-05T15-30-22 --end 2024-11-05T15-30-22 --stats /home/ubuntu/apps/election-app/win_prob/H/WV/02/stats.csv --stats2 /home/ubuntu/apps/election-app/win_prob/H/WV/02/stats2.csv --interval 30 --year 2026 --jsonl /home/ubuntu/apps/election-app/win_prob/H/WV/02/plotdata_WV_2026_2026-01-24T09-00-47.jsonl
[info] evaluating 1 timestamps from 2024-11-05T15-30-22 to 2024-11-05T15-30-22 every 30 minutes
[saved] probs_timeseries_WV.csv  (1 points)
[saved] /home/ubuntu/apps/election-app/win_prob/H/WV/02/plotdata_WV_2026_2026-01-24T09-00-47.jsonl  (0 points)
[saved] /home/ubuntu/apps/election-app/win_prob/H/WV/02/statewide_margin_pct_vs_percent_WV_2026_box.json
[saved] /home/ubuntu/apps/election-app/win_prob/H/WV/02/statewide_margin_pct_vs_percent_WV_2026_box.png
[saved] /home/ubuntu/apps/election-app/win_prob/H/WV/02/statewide_margin_pct_vs_percent_WV_2026.png

All 50 states complete. See: /home/ubuntu/apps/election-app/win_prob/H/WV/02

$ /home/ubuntu/.venv/bin/python3 /home/ubuntu/apps/election-app/stats/8.py --root /home/ubuntu/apps/election-app/win_prob/H/WV/02/_work --outdir /home/ubuntu/apps/election-app/win_prob/H/WV/02
[info] root  = /home/ubuntu/apps/election-app/win_prob/H/WV/02/_work
[info] outdir= /home/ubuntu/apps/election-app/win_prob/H/WV/02
[deleted] /home/ubuntu/apps/election-app/win_prob/H/WV/02/_work/stats_with_statewide.csv
[deleted] /home/ubuntu/apps/election-app/win_prob/H/WV/02/_work/stats2_final_headers.csv
[deleted] /home/ubuntu/apps/election-app/win_prob/H/WV/02/_work/2024_county_results_with_final-old.csv
[deleted] /home/ubuntu/apps/election-app/win_prob/H/WV/02/_work/2024_county_results_with_final.csv
[deleted] /home/ubuntu/apps/election-app/win_prob/H/WV/02/_work/2024_county_results_with_final_1.csv
[deleted] /home/ubuntu/apps/election-app/win_prob/H/WV/02/_work/2024_county_results_with_calcs-old.csv
[deleted] /home/ubuntu/apps/election-app/win_prob/H/WV/02/_work/2024_county_results_with_calcs_new.csv
[deleted] /home/ubuntu/apps/election-app/win_prob/H/WV/02/_work/output_statewide_stats.csv
[skip]    /home/ubuntu/apps/election-app/win_prob/H/WV/02/_work/probs_timeseries_PA.csv
[deleted] /home/ubuntu/apps/election-app/win_prob/H/WV/02/_work/2024_county_results_with_calcs.csv
[skip]    /home/ubuntu/apps/election-app/win_prob/H/WV/02/data_output.csv
[skip]    /home/ubuntu/apps/election-app/win_prob/H/WV/02/data_output_with_margins_old.csv
[skip]    /home/ubuntu/apps/election-app/win_prob/H/WV/02/data_output_with_margins.csv
[skip]    /home/ubuntu/apps/election-app/win_prob/H/WV/02/data_output_with_margins-statewide.csv
[deleted] /home/ubuntu/apps/election-app/win_prob/H/WV/02/snapshots_WV.csv
[deleted] /home/ubuntu/apps/election-app/win_prob/H/WV/02/data_output_WV.csv
[deleted] /home/ubuntu/apps/election-app/win_prob/H/WV/02/data_output_WV_with_margins.csv
[deleted] /home/ubuntu/apps/election-app/win_prob/H/WV/02/data_output_WV_with_margins_statewide_eevp.csv
[deleted] /home/ubuntu/apps/election-app/win_prob/H/WV/02/data_output_WV.csv.checkpoint.json
[deleted] /home/ubuntu/apps/election-app/win_prob/H/WV/02/stats.csv
[deleted] /home/ubuntu/apps/election-app/win_prob/H/WV/02/stats2.csv
[done] removed 16 file(s)
[2026-01-24 09:07:49] INFO: [PIPELINE] args: office=H state=WV district=02
[2026-01-24 09:07:49] INFO: [PIPELINE] WINPROB_DIR resolved to: /home/ubuntu/apps/election-app/win_prob/H/WV/02
[2026-01-24 09:07:49] INFO: [PIPELINE] OUTDIR set to: /home/ubuntu/apps/election-app/win_prob/H/WV/02

$ /home/ubuntu/.venv/bin/python3 /home/ubuntu/apps/election-app/stats/1-statewide.py --input /home/ubuntu/apps/election-app/win_prob/H/WV/02/stats.csv --output /home/ubuntu/apps/election-app/win_prob/H/WV/02/_work/stats_with_statewide.csv
Wrote /home/ubuntu/apps/election-app/win_prob/H/WV/02/_work/stats_with_statewide.csv (rows=27)

$ /home/ubuntu/.venv/bin/python3 /home/ubuntu/apps/election-app/stats/1-stats-2.py --input /home/ubuntu/apps/election-app/win_prob/H/WV/02/stats2.csv --output /home/ubuntu/apps/election-app/win_prob/H/WV/02/_work/stats2_final_headers.csv
Wrote /home/ubuntu/apps/election-app/win_prob/H/WV/02/_work/stats2_final_headers.csv (rows=27)

$ /home/ubuntu/.venv/bin/python3 /home/ubuntu/apps/election-app/stats/1-append-new.py
Wrote 2024_county_results_with_final-old.csv (rows=27, missing_final_matches=0)

$ /home/ubuntu/.venv/bin/python3 /home/ubuntu/apps/election-app/stats/1-change_header.py
Wrote: 2024_county_results_with_final.csv

$ /home/ubuntu/.venv/bin/python3 /home/ubuntu/apps/election-app/stats/1-cut-zero-fips.py
Wrote: 2024_county_results_with_final_1.csv
Rows before: 27
Rows after:  27
Dropped (fips == 0): 0

$ /home/ubuntu/.venv/bin/python3 /home/ubuntu/apps/election-app/stats/2-calc.py
Wrote 27 rows with calculations to /home/ubuntu/apps/election-app/win_prob/H/WV/02/_work/2024_county_results_with_calcs-old.csv

$ /home/ubuntu/.venv/bin/python3 /home/ubuntu/apps/election-app/stats/2-eevp.py
Wrote (no-op copy): 2024_county_results_with_calcs.csv
Columns:
 - timestamp
 - state
 - county
 - fips
 - trump_votes
 - harris_votes
 - other_votes
 - eevp
 - state_eevp
 - harris_votes_statewide
 - trump_votes_statewide
 - other_votes_statewide
 - final_state
 - final_county
 - final_fips
 - final_trump_votes
 - final_harris_votes
 - final_other_votes
 - harris_percent_snapshot
 - trump_percent_snapshot
 - margin_snapshot
 - harris_percent_final
 - trump_percent_final
 - margin_final
 - margin_difference
 - margin_difference_abs

$ /home/ubuntu/.venv/bin/python3 /home/ubuntu/apps/election-app/stats/3-calc-new.py
Wrote 27 rows with new columns to /home/ubuntu/apps/election-app/win_prob/H/WV/02/_work/2024_county_results_with_calcs_new.csv

$ /home/ubuntu/.venv/bin/python3 /home/ubuntu/apps/election-app/stats/4-stats.py
Reading 2024_county_results_with_calcs_new.csv...
Aggregating statewide totals...
Calculating percentages and margins...
Writing to output_statewide_stats.csv...
Done!
[2026-01-24 09:07:58] INFO: [PIPELINE] ENTER win-prob generation | states=['WV'] ts_list=['2024-11-05T15-30-22']

============================================================================
[01/1] STATE = WV
============================================================================

$ /home/ubuntu/.venv/bin/python3 /home/ubuntu/apps/election-app/stats/5-snapshots.py --state WV --input /home/ubuntu/apps/election-app/win_prob/H/WV/02/_work/output_statewide_stats.csv --output /home/ubuntu/apps/election-app/win_prob/H/WV/02/snapshots_WV.csv --start 2024-11-05T15-30-22 --end 2024-11-05T15-30-22 --use-window 1 --interval 30
Mode: windowed-one-state
Rows written: 27
Distinct states in output: WV
Rows per normalized timestamp (empty = unparseable):
  2024-11-05T15-30-22: 27
Wrote /home/ubuntu/apps/election-app/win_prob/H/WV/02/snapshots_WV.csv

$ /home/ubuntu/.venv/bin/python3 /home/ubuntu/apps/election-app/stats/6-pval.py /home/ubuntu/apps/election-app/win_prob/H/WV/02/snapshots_WV.csv -t /home/ubuntu/apps/election-app/stats/parameters.csv -o /home/ubuntu/apps/election-app/win_prob/H/WV/02/data_output_WV.csv -c 50
Done. Wrote: /home/ubuntu/apps/election-app/win_prob/H/WV/02/data_output_WV.csv
Total rows: 27 (chunked, resumable).
Computed columns for PVALS = [0.01, 0.1, 1, 2, 3, 5, 10, 15, 20, 25, 30, 35, 40, 45, 50, 55, 60, 65, 70, 75, 80, 85, 90, 95, 97, 98, 99, 99.9, 99.99]
Per p (leader): shift_{p}, margin_new_{p}, harris_percent_new_{p}, trump_percent_new_{p}, total_snapshot_{p}, total_expected_{p}, harris_votes_new_{p}, trump_votes_new_{p}
Per p (trailing): shift_trailing_{p}, margin_new_{p}_trailing, harris_percent_new_{p}_trailing, trump_percent_new_{p}_trailing, total_snapshot_{p}_trailing, total_expected_{p}_trailing, harris_votes_new_{p}_trailing, trump_votes_new_{p}_trailing
Checkpoint saved at: /home/ubuntu/apps/election-app/win_prob/H/WV/02/data_output_WV.csv.checkpoint.json

$ /home/ubuntu/.venv/bin/python3 /home/ubuntu/apps/election-app/stats/7-margin-new.py
Wrote data_output_with_margins_old.csv

$ /home/ubuntu/.venv/bin/python3 /home/ubuntu/apps/election-app/stats/7-eevp-statewide.py
Wrote data_output_with_margins.csv (copied from data_output_with_margins_old.csv)

$ /home/ubuntu/.venv/bin/python3 /home/ubuntu/apps/election-app/stats/7.py --input /home/ubuntu/apps/election-app/win_prob/H/WV/02/data_output_WV_with_margins_statewide_eevp.csv --output /home/ubuntu/apps/election-app/win_prob/H/WV/02/statewide_margin_pct_vs_percent_WV_2026.png --state WV --start 2024-11-05T15-30-22 --end 2024-11-05T15-30-22 --stats /home/ubuntu/apps/election-app/win_prob/H/WV/02/stats.csv --stats2 /home/ubuntu/apps/election-app/win_prob/H/WV/02/stats2.csv --interval 30 --year 2026 --jsonl /home/ubuntu/apps/election-app/win_prob/H/WV/02/plotdata_WV_2026_2026-01-24T09-07-49.jsonl
[info] evaluating 1 timestamps from 2024-11-05T15-30-22 to 2024-11-05T15-30-22 every 30 minutes
[saved] probs_timeseries_WV.csv  (1 points)
[saved] /home/ubuntu/apps/election-app/win_prob/H/WV/02/plotdata_WV_2026_2026-01-24T09-07-49.jsonl  (4 points)
[saved] /home/ubuntu/apps/election-app/win_prob/H/WV/02/statewide_margin_pct_vs_percent_WV_2026_box.json
[saved] /home/ubuntu/apps/election-app/win_prob/H/WV/02/statewide_margin_pct_vs_percent_WV_2026_box.png
[saved] /home/ubuntu/apps/election-app/win_prob/H/WV/02/statewide_margin_pct_vs_percent_WV_2026.png

All 50 states complete. See: /home/ubuntu/apps/election-app/win_prob/H/WV/02

$ /home/ubuntu/.venv/bin/python3 /home/ubuntu/apps/election-app/stats/8.py --root /home/ubuntu/apps/election-app/win_prob/H/WV/02/_work --outdir /home/ubuntu/apps/election-app/win_prob/H/WV/02
[info] root  = /home/ubuntu/apps/election-app/win_prob/H/WV/02/_work
[info] outdir= /home/ubuntu/apps/election-app/win_prob/H/WV/02
[deleted] /home/ubuntu/apps/election-app/win_prob/H/WV/02/_work/stats_with_statewide.csv
[deleted] /home/ubuntu/apps/election-app/win_prob/H/WV/02/_work/stats2_final_headers.csv
[deleted] /home/ubuntu/apps/election-app/win_prob/H/WV/02/_work/2024_county_results_with_final-old.csv
[deleted] /home/ubuntu/apps/election-app/win_prob/H/WV/02/_work/2024_county_results_with_final.csv
[deleted] /home/ubuntu/apps/election-app/win_prob/H/WV/02/_work/2024_county_results_with_final_1.csv
[deleted] /home/ubuntu/apps/election-app/win_prob/H/WV/02/_work/2024_county_results_with_calcs-old.csv
[deleted] /home/ubuntu/apps/election-app/win_prob/H/WV/02/_work/2024_county_results_with_calcs_new.csv
[deleted] /home/ubuntu/apps/election-app/win_prob/H/WV/02/_work/output_statewide_stats.csv
[skip]    /home/ubuntu/apps/election-app/win_prob/H/WV/02/_work/probs_timeseries_PA.csv
[deleted] /home/ubuntu/apps/election-app/win_prob/H/WV/02/_work/2024_county_results_with_calcs.csv
[skip]    /home/ubuntu/apps/election-app/win_prob/H/WV/02/data_output.csv
[skip]    /home/ubuntu/apps/election-app/win_prob/H/WV/02/data_output_with_margins_old.csv
[skip]    /home/ubuntu/apps/election-app/win_prob/H/WV/02/data_output_with_margins.csv
[skip]    /home/ubuntu/apps/election-app/win_prob/H/WV/02/data_output_with_margins-statewide.csv
[deleted] /home/ubuntu/apps/election-app/win_prob/H/WV/02/snapshots_WV.csv
[deleted] /home/ubuntu/apps/election-app/win_prob/H/WV/02/data_output_WV.csv
[deleted] /home/ubuntu/apps/election-app/win_prob/H/WV/02/data_output_WV_with_margins.csv
[deleted] /home/ubuntu/apps/election-app/win_prob/H/WV/02/data_output_WV_with_margins_statewide_eevp.csv
[deleted] /home/ubuntu/apps/election-app/win_prob/H/WV/02/data_output_WV.csv.checkpoint.json
[deleted] /home/ubuntu/apps/election-app/win_prob/H/WV/02/stats.csv
[deleted] /home/ubuntu/apps/election-app/win_prob/H/WV/02/stats2.csv
[done] removed 16 file(s)
[2026-01-24 09:14:52] INFO: [PIPELINE] args: office=H state=WV district=02
[2026-01-24 09:14:52] INFO: [PIPELINE] WINPROB_DIR resolved to: /home/ubuntu/apps/election-app/win_prob/H/WV/02
[2026-01-24 09:14:52] INFO: [PIPELINE] OUTDIR set to: /home/ubuntu/apps/election-app/win_prob/H/WV/02

$ /home/ubuntu/.venv/bin/python3 /home/ubuntu/apps/election-app/stats/1-statewide.py --input /home/ubuntu/apps/election-app/win_prob/H/WV/02/stats.csv --output /home/ubuntu/apps/election-app/win_prob/H/WV/02/_work/stats_with_statewide.csv
Wrote /home/ubuntu/apps/election-app/win_prob/H/WV/02/_work/stats_with_statewide.csv (rows=27)

$ /home/ubuntu/.venv/bin/python3 /home/ubuntu/apps/election-app/stats/1-stats-2.py --input /home/ubuntu/apps/election-app/win_prob/H/WV/02/stats2.csv --output /home/ubuntu/apps/election-app/win_prob/H/WV/02/_work/stats2_final_headers.csv
Wrote /home/ubuntu/apps/election-app/win_prob/H/WV/02/_work/stats2_final_headers.csv (rows=27)

$ /home/ubuntu/.venv/bin/python3 /home/ubuntu/apps/election-app/stats/1-append-new.py
Wrote 2024_county_results_with_final-old.csv (rows=27, missing_final_matches=0)

$ /home/ubuntu/.venv/bin/python3 /home/ubuntu/apps/election-app/stats/1-change_header.py
Wrote: 2024_county_results_with_final.csv

$ /home/ubuntu/.venv/bin/python3 /home/ubuntu/apps/election-app/stats/1-cut-zero-fips.py
Wrote: 2024_county_results_with_final_1.csv
Rows before: 27
Rows after:  27
Dropped (fips == 0): 0

$ /home/ubuntu/.venv/bin/python3 /home/ubuntu/apps/election-app/stats/2-calc.py
Wrote 27 rows with calculations to /home/ubuntu/apps/election-app/win_prob/H/WV/02/_work/2024_county_results_with_calcs-old.csv

$ /home/ubuntu/.venv/bin/python3 /home/ubuntu/apps/election-app/stats/2-eevp.py
Wrote (no-op copy): 2024_county_results_with_calcs.csv
Columns:
 - timestamp
 - state
 - county
 - fips
 - trump_votes
 - harris_votes
 - other_votes
 - eevp
 - state_eevp
 - harris_votes_statewide
 - trump_votes_statewide
 - other_votes_statewide
 - final_state
 - final_county
 - final_fips
 - final_trump_votes
 - final_harris_votes
 - final_other_votes
 - harris_percent_snapshot
 - trump_percent_snapshot
 - margin_snapshot
 - harris_percent_final
 - trump_percent_final
 - margin_final
 - margin_difference
 - margin_difference_abs

$ /home/ubuntu/.venv/bin/python3 /home/ubuntu/apps/election-app/stats/3-calc-new.py
Wrote 27 rows with new columns to /home/ubuntu/apps/election-app/win_prob/H/WV/02/_work/2024_county_results_with_calcs_new.csv

$ /home/ubuntu/.venv/bin/python3 /home/ubuntu/apps/election-app/stats/4-stats.py
Reading 2024_county_results_with_calcs_new.csv...
Aggregating statewide totals...
Calculating percentages and margins...
Writing to output_statewide_stats.csv...
Done!
[2026-01-24 09:15:01] INFO: [PIPELINE] ENTER win-prob generation | states=['WV'] ts_list=['2024-11-05T15-30-22']

============================================================================
[01/1] STATE = WV
============================================================================

$ /home/ubuntu/.venv/bin/python3 /home/ubuntu/apps/election-app/stats/5-snapshots.py --state WV --input /home/ubuntu/apps/election-app/win_prob/H/WV/02/_work/output_statewide_stats.csv --output /home/ubuntu/apps/election-app/win_prob/H/WV/02/snapshots_WV.csv --start 2024-11-05T15-30-22 --end 2024-11-05T15-30-22 --use-window 1 --interval 30
Mode: windowed-one-state
Rows written: 27
Distinct states in output: WV
Rows per normalized timestamp (empty = unparseable):
  2024-11-05T15-30-22: 27
Wrote /home/ubuntu/apps/election-app/win_prob/H/WV/02/snapshots_WV.csv

$ /home/ubuntu/.venv/bin/python3 /home/ubuntu/apps/election-app/stats/6-pval.py /home/ubuntu/apps/election-app/win_prob/H/WV/02/snapshots_WV.csv -t /home/ubuntu/apps/election-app/stats/parameters.csv -o /home/ubuntu/apps/election-app/win_prob/H/WV/02/data_output_WV.csv -c 50
Done. Wrote: /home/ubuntu/apps/election-app/win_prob/H/WV/02/data_output_WV.csv
Total rows: 27 (chunked, resumable).
Computed columns for PVALS = [0.01, 0.1, 1, 2, 3, 5, 10, 15, 20, 25, 30, 35, 40, 45, 50, 55, 60, 65, 70, 75, 80, 85, 90, 95, 97, 98, 99, 99.9, 99.99]
Per p (leader): shift_{p}, margin_new_{p}, harris_percent_new_{p}, trump_percent_new_{p}, total_snapshot_{p}, total_expected_{p}, harris_votes_new_{p}, trump_votes_new_{p}
Per p (trailing): shift_trailing_{p}, margin_new_{p}_trailing, harris_percent_new_{p}_trailing, trump_percent_new_{p}_trailing, total_snapshot_{p}_trailing, total_expected_{p}_trailing, harris_votes_new_{p}_trailing, trump_votes_new_{p}_trailing
Checkpoint saved at: /home/ubuntu/apps/election-app/win_prob/H/WV/02/data_output_WV.csv.checkpoint.json

$ /home/ubuntu/.venv/bin/python3 /home/ubuntu/apps/election-app/stats/7-margin-new.py
Wrote data_output_with_margins_old.csv

$ /home/ubuntu/.venv/bin/python3 /home/ubuntu/apps/election-app/stats/7-eevp-statewide.py
Wrote data_output_with_margins.csv (copied from data_output_with_margins_old.csv)

$ /home/ubuntu/.venv/bin/python3 /home/ubuntu/apps/election-app/stats/7.py --input /home/ubuntu/apps/election-app/win_prob/H/WV/02/data_output_WV_with_margins_statewide_eevp.csv --output /home/ubuntu/apps/election-app/win_prob/H/WV/02/statewide_margin_pct_vs_percent_WV_2026.png --state WV --start 2024-11-05T15-30-22 --end 2024-11-05T15-30-22 --stats /home/ubuntu/apps/election-app/win_prob/H/WV/02/stats.csv --stats2 /home/ubuntu/apps/election-app/win_prob/H/WV/02/stats2.csv --interval 30 --year 2026 --jsonl /home/ubuntu/apps/election-app/win_prob/H/WV/02/plotdata_WV_2026_2026-01-24T09-14-52.jsonl
[info] evaluating 1 timestamps from 2024-11-05T15-30-22 to 2024-11-05T15-30-22 every 30 minutes
[saved] probs_timeseries_WV.csv  (1 points)
[saved] /home/ubuntu/apps/election-app/win_prob/H/WV/02/plotdata_WV_2026_2026-01-24T09-14-52.jsonl  (4 points)
[saved] /home/ubuntu/apps/election-app/win_prob/H/WV/02/statewide_margin_pct_vs_percent_WV_2026_box.json
[saved] /home/ubuntu/apps/election-app/win_prob/H/WV/02/statewide_margin_pct_vs_percent_WV_2026_box.png
[saved] /home/ubuntu/apps/election-app/win_prob/H/WV/02/statewide_margin_pct_vs_percent_WV_2026.png

All 50 states complete. See: /home/ubuntu/apps/election-app/win_prob/H/WV/02

$ /home/ubuntu/.venv/bin/python3 /home/ubuntu/apps/election-app/stats/8.py --root /home/ubuntu/apps/election-app/win_prob/H/WV/02/_work --outdir /home/ubuntu/apps/election-app/win_prob/H/WV/02
[info] root  = /home/ubuntu/apps/election-app/win_prob/H/WV/02/_work
[info] outdir= /home/ubuntu/apps/election-app/win_prob/H/WV/02
[deleted] /home/ubuntu/apps/election-app/win_prob/H/WV/02/_work/stats_with_statewide.csv
[deleted] /home/ubuntu/apps/election-app/win_prob/H/WV/02/_work/stats2_final_headers.csv
[deleted] /home/ubuntu/apps/election-app/win_prob/H/WV/02/_work/2024_county_results_with_final-old.csv
[deleted] /home/ubuntu/apps/election-app/win_prob/H/WV/02/_work/2024_county_results_with_final.csv
[deleted] /home/ubuntu/apps/election-app/win_prob/H/WV/02/_work/2024_county_results_with_final_1.csv
[deleted] /home/ubuntu/apps/election-app/win_prob/H/WV/02/_work/2024_county_results_with_calcs-old.csv
[deleted] /home/ubuntu/apps/election-app/win_prob/H/WV/02/_work/2024_county_results_with_calcs_new.csv
[deleted] /home/ubuntu/apps/election-app/win_prob/H/WV/02/_work/output_statewide_stats.csv
[skip]    /home/ubuntu/apps/election-app/win_prob/H/WV/02/_work/probs_timeseries_PA.csv
[deleted] /home/ubuntu/apps/election-app/win_prob/H/WV/02/_work/2024_county_results_with_calcs.csv
[skip]    /home/ubuntu/apps/election-app/win_prob/H/WV/02/data_output.csv
[skip]    /home/ubuntu/apps/election-app/win_prob/H/WV/02/data_output_with_margins_old.csv
[skip]    /home/ubuntu/apps/election-app/win_prob/H/WV/02/data_output_with_margins.csv
[skip]    /home/ubuntu/apps/election-app/win_prob/H/WV/02/data_output_with_margins-statewide.csv
[deleted] /home/ubuntu/apps/election-app/win_prob/H/WV/02/snapshots_WV.csv
[deleted] /home/ubuntu/apps/election-app/win_prob/H/WV/02/data_output_WV.csv
[deleted] /home/ubuntu/apps/election-app/win_prob/H/WV/02/data_output_WV_with_margins.csv
[deleted] /home/ubuntu/apps/election-app/win_prob/H/WV/02/data_output_WV_with_margins_statewide_eevp.csv
[deleted] /home/ubuntu/apps/election-app/win_prob/H/WV/02/data_output_WV.csv.checkpoint.json
[deleted] /home/ubuntu/apps/election-app/win_prob/H/WV/02/stats.csv
[deleted] /home/ubuntu/apps/election-app/win_prob/H/WV/02/stats2.csv
[done] removed 16 file(s)
[2026-01-24 09:21:55] INFO: [PIPELINE] args: office=H state=WV district=02
[2026-01-24 09:21:55] INFO: [PIPELINE] WINPROB_DIR resolved to: /home/ubuntu/apps/election-app/win_prob/H/WV/02
[2026-01-24 09:21:55] INFO: [PIPELINE] OUTDIR set to: /home/ubuntu/apps/election-app/win_prob/H/WV/02

$ /home/ubuntu/.venv/bin/python3 /home/ubuntu/apps/election-app/stats/1-statewide.py --input /home/ubuntu/apps/election-app/win_prob/H/WV/02/stats.csv --output /home/ubuntu/apps/election-app/win_prob/H/WV/02/_work/stats_with_statewide.csv
Wrote /home/ubuntu/apps/election-app/win_prob/H/WV/02/_work/stats_with_statewide.csv (rows=27)

$ /home/ubuntu/.venv/bin/python3 /home/ubuntu/apps/election-app/stats/1-stats-2.py --input /home/ubuntu/apps/election-app/win_prob/H/WV/02/stats2.csv --output /home/ubuntu/apps/election-app/win_prob/H/WV/02/_work/stats2_final_headers.csv
Wrote /home/ubuntu/apps/election-app/win_prob/H/WV/02/_work/stats2_final_headers.csv (rows=27)

$ /home/ubuntu/.venv/bin/python3 /home/ubuntu/apps/election-app/stats/1-append-new.py
Wrote 2024_county_results_with_final-old.csv (rows=27, missing_final_matches=0)

$ /home/ubuntu/.venv/bin/python3 /home/ubuntu/apps/election-app/stats/1-change_header.py
Wrote: 2024_county_results_with_final.csv

$ /home/ubuntu/.venv/bin/python3 /home/ubuntu/apps/election-app/stats/1-cut-zero-fips.py
Wrote: 2024_county_results_with_final_1.csv
Rows before: 27
Rows after:  27
Dropped (fips == 0): 0

$ /home/ubuntu/.venv/bin/python3 /home/ubuntu/apps/election-app/stats/2-calc.py
Wrote 27 rows with calculations to /home/ubuntu/apps/election-app/win_prob/H/WV/02/_work/2024_county_results_with_calcs-old.csv

$ /home/ubuntu/.venv/bin/python3 /home/ubuntu/apps/election-app/stats/2-eevp.py
Wrote (no-op copy): 2024_county_results_with_calcs.csv
Columns:
 - timestamp
 - state
 - county
 - fips
 - trump_votes
 - harris_votes
 - other_votes
 - eevp
 - state_eevp
 - harris_votes_statewide
 - trump_votes_statewide
 - other_votes_statewide
 - final_state
 - final_county
 - final_fips
 - final_trump_votes
 - final_harris_votes
 - final_other_votes
 - harris_percent_snapshot
 - trump_percent_snapshot
 - margin_snapshot
 - harris_percent_final
 - trump_percent_final
 - margin_final
 - margin_difference
 - margin_difference_abs

$ /home/ubuntu/.venv/bin/python3 /home/ubuntu/apps/election-app/stats/3-calc-new.py
Wrote 27 rows with new columns to /home/ubuntu/apps/election-app/win_prob/H/WV/02/_work/2024_county_results_with_calcs_new.csv

$ /home/ubuntu/.venv/bin/python3 /home/ubuntu/apps/election-app/stats/4-stats.py
Reading 2024_county_results_with_calcs_new.csv...
Aggregating statewide totals...
Calculating percentages and margins...
Writing to output_statewide_stats.csv...
Done!
[2026-01-24 09:22:04] INFO: [PIPELINE] ENTER win-prob generation | states=['WV'] ts_list=['2024-11-05T15-30-22']

============================================================================
[01/1] STATE = WV
============================================================================

$ /home/ubuntu/.venv/bin/python3 /home/ubuntu/apps/election-app/stats/5-snapshots.py --state WV --input /home/ubuntu/apps/election-app/win_prob/H/WV/02/_work/output_statewide_stats.csv --output /home/ubuntu/apps/election-app/win_prob/H/WV/02/snapshots_WV.csv --start 2024-11-05T15-30-22 --end 2024-11-05T15-30-22 --use-window 1 --interval 30
Mode: windowed-one-state
Rows written: 27
Distinct states in output: WV
Rows per normalized timestamp (empty = unparseable):
  2024-11-05T15-30-22: 27
Wrote /home/ubuntu/apps/election-app/win_prob/H/WV/02/snapshots_WV.csv

$ /home/ubuntu/.venv/bin/python3 /home/ubuntu/apps/election-app/stats/6-pval.py /home/ubuntu/apps/election-app/win_prob/H/WV/02/snapshots_WV.csv -t /home/ubuntu/apps/election-app/stats/parameters.csv -o /home/ubuntu/apps/election-app/win_prob/H/WV/02/data_output_WV.csv -c 50
Done. Wrote: /home/ubuntu/apps/election-app/win_prob/H/WV/02/data_output_WV.csv
Total rows: 27 (chunked, resumable).
Computed columns for PVALS = [0.01, 0.1, 1, 2, 3, 5, 10, 15, 20, 25, 30, 35, 40, 45, 50, 55, 60, 65, 70, 75, 80, 85, 90, 95, 97, 98, 99, 99.9, 99.99]
Per p (leader): shift_{p}, margin_new_{p}, harris_percent_new_{p}, trump_percent_new_{p}, total_snapshot_{p}, total_expected_{p}, harris_votes_new_{p}, trump_votes_new_{p}
Per p (trailing): shift_trailing_{p}, margin_new_{p}_trailing, harris_percent_new_{p}_trailing, trump_percent_new_{p}_trailing, total_snapshot_{p}_trailing, total_expected_{p}_trailing, harris_votes_new_{p}_trailing, trump_votes_new_{p}_trailing
Checkpoint saved at: /home/ubuntu/apps/election-app/win_prob/H/WV/02/data_output_WV.csv.checkpoint.json

$ /home/ubuntu/.venv/bin/python3 /home/ubuntu/apps/election-app/stats/7-margin-new.py
Wrote data_output_with_margins_old.csv

$ /home/ubuntu/.venv/bin/python3 /home/ubuntu/apps/election-app/stats/7-eevp-statewide.py
Wrote data_output_with_margins.csv (copied from data_output_with_margins_old.csv)

$ /home/ubuntu/.venv/bin/python3 /home/ubuntu/apps/election-app/stats/7.py --input /home/ubuntu/apps/election-app/win_prob/H/WV/02/data_output_WV_with_margins_statewide_eevp.csv --output /home/ubuntu/apps/election-app/win_prob/H/WV/02/statewide_margin_pct_vs_percent_WV_2026.png --state WV --start 2024-11-05T15-30-22 --end 2024-11-05T15-30-22 --stats /home/ubuntu/apps/election-app/win_prob/H/WV/02/stats.csv --stats2 /home/ubuntu/apps/election-app/win_prob/H/WV/02/stats2.csv --interval 30 --year 2026 --jsonl /home/ubuntu/apps/election-app/win_prob/H/WV/02/plotdata_WV_2026_2026-01-24T09-21-55.jsonl
[info] evaluating 1 timestamps from 2024-11-05T15-30-22 to 2024-11-05T15-30-22 every 30 minutes
[saved] probs_timeseries_WV.csv  (1 points)
[saved] /home/ubuntu/apps/election-app/win_prob/H/WV/02/plotdata_WV_2026_2026-01-24T09-21-55.jsonl  (4 points)
[saved] /home/ubuntu/apps/election-app/win_prob/H/WV/02/statewide_margin_pct_vs_percent_WV_2026_box.json
[saved] /home/ubuntu/apps/election-app/win_prob/H/WV/02/statewide_margin_pct_vs_percent_WV_2026_box.png
[saved] /home/ubuntu/apps/election-app/win_prob/H/WV/02/statewide_margin_pct_vs_percent_WV_2026.png

All 50 states complete. See: /home/ubuntu/apps/election-app/win_prob/H/WV/02

$ /home/ubuntu/.venv/bin/python3 /home/ubuntu/apps/election-app/stats/8.py --root /home/ubuntu/apps/election-app/win_prob/H/WV/02/_work --outdir /home/ubuntu/apps/election-app/win_prob/H/WV/02
[info] root  = /home/ubuntu/apps/election-app/win_prob/H/WV/02/_work
[info] outdir= /home/ubuntu/apps/election-app/win_prob/H/WV/02
[deleted] /home/ubuntu/apps/election-app/win_prob/H/WV/02/_work/stats_with_statewide.csv
[deleted] /home/ubuntu/apps/election-app/win_prob/H/WV/02/_work/stats2_final_headers.csv
[deleted] /home/ubuntu/apps/election-app/win_prob/H/WV/02/_work/2024_county_results_with_final-old.csv
[deleted] /home/ubuntu/apps/election-app/win_prob/H/WV/02/_work/2024_county_results_with_final.csv
[deleted] /home/ubuntu/apps/election-app/win_prob/H/WV/02/_work/2024_county_results_with_final_1.csv
[deleted] /home/ubuntu/apps/election-app/win_prob/H/WV/02/_work/2024_county_results_with_calcs-old.csv
[deleted] /home/ubuntu/apps/election-app/win_prob/H/WV/02/_work/2024_county_results_with_calcs_new.csv
[deleted] /home/ubuntu/apps/election-app/win_prob/H/WV/02/_work/output_statewide_stats.csv
[skip]    /home/ubuntu/apps/election-app/win_prob/H/WV/02/_work/probs_timeseries_PA.csv
[deleted] /home/ubuntu/apps/election-app/win_prob/H/WV/02/_work/2024_county_results_with_calcs.csv
[skip]    /home/ubuntu/apps/election-app/win_prob/H/WV/02/data_output.csv
[skip]    /home/ubuntu/apps/election-app/win_prob/H/WV/02/data_output_with_margins_old.csv
[skip]    /home/ubuntu/apps/election-app/win_prob/H/WV/02/data_output_with_margins.csv
[skip]    /home/ubuntu/apps/election-app/win_prob/H/WV/02/data_output_with_margins-statewide.csv
[deleted] /home/ubuntu/apps/election-app/win_prob/H/WV/02/snapshots_WV.csv
[deleted] /home/ubuntu/apps/election-app/win_prob/H/WV/02/data_output_WV.csv
[deleted] /home/ubuntu/apps/election-app/win_prob/H/WV/02/data_output_WV_with_margins.csv
[deleted] /home/ubuntu/apps/election-app/win_prob/H/WV/02/data_output_WV_with_margins_statewide_eevp.csv
[deleted] /home/ubuntu/apps/election-app/win_prob/H/WV/02/data_output_WV.csv.checkpoint.json
[deleted] /home/ubuntu/apps/election-app/win_prob/H/WV/02/stats.csv
[deleted] /home/ubuntu/apps/election-app/win_prob/H/WV/02/stats2.csv
[done] removed 16 file(s)
[2026-01-24 09:28:56] INFO: [PIPELINE] args: office=H state=WV district=02
[2026-01-24 09:28:56] INFO: [PIPELINE] WINPROB_DIR resolved to: /home/ubuntu/apps/election-app/win_prob/H/WV/02
[2026-01-24 09:28:56] INFO: [PIPELINE] OUTDIR set to: /home/ubuntu/apps/election-app/win_prob/H/WV/02

$ /home/ubuntu/.venv/bin/python3 /home/ubuntu/apps/election-app/stats/1-statewide.py --input /home/ubuntu/apps/election-app/win_prob/H/WV/02/stats.csv --output /home/ubuntu/apps/election-app/win_prob/H/WV/02/_work/stats_with_statewide.csv
Wrote /home/ubuntu/apps/election-app/win_prob/H/WV/02/_work/stats_with_statewide.csv (rows=27)

$ /home/ubuntu/.venv/bin/python3 /home/ubuntu/apps/election-app/stats/1-stats-2.py --input /home/ubuntu/apps/election-app/win_prob/H/WV/02/stats2.csv --output /home/ubuntu/apps/election-app/win_prob/H/WV/02/_work/stats2_final_headers.csv
Wrote /home/ubuntu/apps/election-app/win_prob/H/WV/02/_work/stats2_final_headers.csv (rows=27)

$ /home/ubuntu/.venv/bin/python3 /home/ubuntu/apps/election-app/stats/1-append-new.py
Wrote 2024_county_results_with_final-old.csv (rows=27, missing_final_matches=0)

$ /home/ubuntu/.venv/bin/python3 /home/ubuntu/apps/election-app/stats/1-change_header.py
Wrote: 2024_county_results_with_final.csv

$ /home/ubuntu/.venv/bin/python3 /home/ubuntu/apps/election-app/stats/1-cut-zero-fips.py
Wrote: 2024_county_results_with_final_1.csv
Rows before: 27
Rows after:  27
Dropped (fips == 0): 0

$ /home/ubuntu/.venv/bin/python3 /home/ubuntu/apps/election-app/stats/2-calc.py
Wrote 27 rows with calculations to /home/ubuntu/apps/election-app/win_prob/H/WV/02/_work/2024_county_results_with_calcs-old.csv

$ /home/ubuntu/.venv/bin/python3 /home/ubuntu/apps/election-app/stats/2-eevp.py
Wrote (no-op copy): 2024_county_results_with_calcs.csv
Columns:
 - timestamp
 - state
 - county
 - fips
 - trump_votes
 - harris_votes
 - other_votes
 - eevp
 - state_eevp
 - harris_votes_statewide
 - trump_votes_statewide
 - other_votes_statewide
 - final_state
 - final_county
 - final_fips
 - final_trump_votes
 - final_harris_votes
 - final_other_votes
 - harris_percent_snapshot
 - trump_percent_snapshot
 - margin_snapshot
 - harris_percent_final
 - trump_percent_final
 - margin_final
 - margin_difference
 - margin_difference_abs

$ /home/ubuntu/.venv/bin/python3 /home/ubuntu/apps/election-app/stats/3-calc-new.py
Wrote 27 rows with new columns to /home/ubuntu/apps/election-app/win_prob/H/WV/02/_work/2024_county_results_with_calcs_new.csv

$ /home/ubuntu/.venv/bin/python3 /home/ubuntu/apps/election-app/stats/4-stats.py
Reading 2024_county_results_with_calcs_new.csv...
Aggregating statewide totals...
Calculating percentages and margins...
Writing to output_statewide_stats.csv...
Done!
[2026-01-24 09:29:05] INFO: [PIPELINE] ENTER win-prob generation | states=['WV'] ts_list=['2024-11-05T15-30-22']

============================================================================
[01/1] STATE = WV
============================================================================

$ /home/ubuntu/.venv/bin/python3 /home/ubuntu/apps/election-app/stats/5-snapshots.py --state WV --input /home/ubuntu/apps/election-app/win_prob/H/WV/02/_work/output_statewide_stats.csv --output /home/ubuntu/apps/election-app/win_prob/H/WV/02/snapshots_WV.csv --start 2024-11-05T15-30-22 --end 2024-11-05T15-30-22 --use-window 1 --interval 30
Mode: windowed-one-state
Rows written: 27
Distinct states in output: WV
Rows per normalized timestamp (empty = unparseable):
  2024-11-05T15-30-22: 27
Wrote /home/ubuntu/apps/election-app/win_prob/H/WV/02/snapshots_WV.csv

$ /home/ubuntu/.venv/bin/python3 /home/ubuntu/apps/election-app/stats/6-pval.py /home/ubuntu/apps/election-app/win_prob/H/WV/02/snapshots_WV.csv -t /home/ubuntu/apps/election-app/stats/parameters.csv -o /home/ubuntu/apps/election-app/win_prob/H/WV/02/data_output_WV.csv -c 50
Done. Wrote: /home/ubuntu/apps/election-app/win_prob/H/WV/02/data_output_WV.csv
Total rows: 27 (chunked, resumable).
Computed columns for PVALS = [0.01, 0.1, 1, 2, 3, 5, 10, 15, 20, 25, 30, 35, 40, 45, 50, 55, 60, 65, 70, 75, 80, 85, 90, 95, 97, 98, 99, 99.9, 99.99]
Per p (leader): shift_{p}, margin_new_{p}, harris_percent_new_{p}, trump_percent_new_{p}, total_snapshot_{p}, total_expected_{p}, harris_votes_new_{p}, trump_votes_new_{p}
Per p (trailing): shift_trailing_{p}, margin_new_{p}_trailing, harris_percent_new_{p}_trailing, trump_percent_new_{p}_trailing, total_snapshot_{p}_trailing, total_expected_{p}_trailing, harris_votes_new_{p}_trailing, trump_votes_new_{p}_trailing
Checkpoint saved at: /home/ubuntu/apps/election-app/win_prob/H/WV/02/data_output_WV.csv.checkpoint.json

$ /home/ubuntu/.venv/bin/python3 /home/ubuntu/apps/election-app/stats/7-margin-new.py
Wrote data_output_with_margins_old.csv

$ /home/ubuntu/.venv/bin/python3 /home/ubuntu/apps/election-app/stats/7-eevp-statewide.py
Wrote data_output_with_margins.csv (copied from data_output_with_margins_old.csv)

$ /home/ubuntu/.venv/bin/python3 /home/ubuntu/apps/election-app/stats/7.py --input /home/ubuntu/apps/election-app/win_prob/H/WV/02/data_output_WV_with_margins_statewide_eevp.csv --output /home/ubuntu/apps/election-app/win_prob/H/WV/02/statewide_margin_pct_vs_percent_WV_2026.png --state WV --start 2024-11-05T15-30-22 --end 2024-11-05T15-30-22 --stats /home/ubuntu/apps/election-app/win_prob/H/WV/02/stats.csv --stats2 /home/ubuntu/apps/election-app/win_prob/H/WV/02/stats2.csv --interval 30 --year 2026 --jsonl /home/ubuntu/apps/election-app/win_prob/H/WV/02/plotdata_WV_2026_2026-01-24T09-28-56.jsonl
[info] evaluating 1 timestamps from 2024-11-05T15-30-22 to 2024-11-05T15-30-22 every 30 minutes
[saved] probs_timeseries_WV.csv  (1 points)
[saved] /home/ubuntu/apps/election-app/win_prob/H/WV/02/plotdata_WV_2026_2026-01-24T09-28-56.jsonl  (4 points)
[saved] /home/ubuntu/apps/election-app/win_prob/H/WV/02/statewide_margin_pct_vs_percent_WV_2026_box.json
[saved] /home/ubuntu/apps/election-app/win_prob/H/WV/02/statewide_margin_pct_vs_percent_WV_2026_box.png
[saved] /home/ubuntu/apps/election-app/win_prob/H/WV/02/statewide_margin_pct_vs_percent_WV_2026.png

All 50 states complete. See: /home/ubuntu/apps/election-app/win_prob/H/WV/02

$ /home/ubuntu/.venv/bin/python3 /home/ubuntu/apps/election-app/stats/8.py --root /home/ubuntu/apps/election-app/win_prob/H/WV/02/_work --outdir /home/ubuntu/apps/election-app/win_prob/H/WV/02
[info] root  = /home/ubuntu/apps/election-app/win_prob/H/WV/02/_work
[info] outdir= /home/ubuntu/apps/election-app/win_prob/H/WV/02
[deleted] /home/ubuntu/apps/election-app/win_prob/H/WV/02/_work/stats_with_statewide.csv
[deleted] /home/ubuntu/apps/election-app/win_prob/H/WV/02/_work/stats2_final_headers.csv
[deleted] /home/ubuntu/apps/election-app/win_prob/H/WV/02/_work/2024_county_results_with_final-old.csv
[deleted] /home/ubuntu/apps/election-app/win_prob/H/WV/02/_work/2024_county_results_with_final.csv
[deleted] /home/ubuntu/apps/election-app/win_prob/H/WV/02/_work/2024_county_results_with_final_1.csv
[deleted] /home/ubuntu/apps/election-app/win_prob/H/WV/02/_work/2024_county_results_with_calcs-old.csv
[deleted] /home/ubuntu/apps/election-app/win_prob/H/WV/02/_work/2024_county_results_with_calcs_new.csv
[deleted] /home/ubuntu/apps/election-app/win_prob/H/WV/02/_work/output_statewide_stats.csv
[skip]    /home/ubuntu/apps/election-app/win_prob/H/WV/02/_work/probs_timeseries_PA.csv
[deleted] /home/ubuntu/apps/election-app/win_prob/H/WV/02/_work/2024_county_results_with_calcs.csv
[skip]    /home/ubuntu/apps/election-app/win_prob/H/WV/02/data_output.csv
[skip]    /home/ubuntu/apps/election-app/win_prob/H/WV/02/data_output_with_margins_old.csv
[skip]    /home/ubuntu/apps/election-app/win_prob/H/WV/02/data_output_with_margins.csv
[skip]    /home/ubuntu/apps/election-app/win_prob/H/WV/02/data_output_with_margins-statewide.csv
[deleted] /home/ubuntu/apps/election-app/win_prob/H/WV/02/snapshots_WV.csv
[deleted] /home/ubuntu/apps/election-app/win_prob/H/WV/02/data_output_WV.csv
[deleted] /home/ubuntu/apps/election-app/win_prob/H/WV/02/data_output_WV_with_margins.csv
[deleted] /home/ubuntu/apps/election-app/win_prob/H/WV/02/data_output_WV_with_margins_statewide_eevp.csv
[deleted] /home/ubuntu/apps/election-app/win_prob/H/WV/02/data_output_WV.csv.checkpoint.json
[deleted] /home/ubuntu/apps/election-app/win_prob/H/WV/02/stats.csv
[deleted] /home/ubuntu/apps/election-app/win_prob/H/WV/02/stats2.csv
[done] removed 16 file(s)
[2026-01-24 09:35:58] INFO: [PIPELINE] args: office=H state=WV district=02
[2026-01-24 09:35:58] INFO: [PIPELINE] WINPROB_DIR resolved to: /home/ubuntu/apps/election-app/win_prob/H/WV/02
[2026-01-24 09:35:58] INFO: [PIPELINE] OUTDIR set to: /home/ubuntu/apps/election-app/win_prob/H/WV/02

$ /home/ubuntu/.venv/bin/python3 /home/ubuntu/apps/election-app/stats/1-statewide.py --input /home/ubuntu/apps/election-app/win_prob/H/WV/02/stats.csv --output /home/ubuntu/apps/election-app/win_prob/H/WV/02/_work/stats_with_statewide.csv
Wrote /home/ubuntu/apps/election-app/win_prob/H/WV/02/_work/stats_with_statewide.csv (rows=27)

$ /home/ubuntu/.venv/bin/python3 /home/ubuntu/apps/election-app/stats/1-stats-2.py --input /home/ubuntu/apps/election-app/win_prob/H/WV/02/stats2.csv --output /home/ubuntu/apps/election-app/win_prob/H/WV/02/_work/stats2_final_headers.csv
Wrote /home/ubuntu/apps/election-app/win_prob/H/WV/02/_work/stats2_final_headers.csv (rows=27)

$ /home/ubuntu/.venv/bin/python3 /home/ubuntu/apps/election-app/stats/1-append-new.py
Wrote 2024_county_results_with_final-old.csv (rows=27, missing_final_matches=0)

$ /home/ubuntu/.venv/bin/python3 /home/ubuntu/apps/election-app/stats/1-change_header.py
Wrote: 2024_county_results_with_final.csv

$ /home/ubuntu/.venv/bin/python3 /home/ubuntu/apps/election-app/stats/1-cut-zero-fips.py
Wrote: 2024_county_results_with_final_1.csv
Rows before: 27
Rows after:  27
Dropped (fips == 0): 0

$ /home/ubuntu/.venv/bin/python3 /home/ubuntu/apps/election-app/stats/2-calc.py
Wrote 27 rows with calculations to /home/ubuntu/apps/election-app/win_prob/H/WV/02/_work/2024_county_results_with_calcs-old.csv

$ /home/ubuntu/.venv/bin/python3 /home/ubuntu/apps/election-app/stats/2-eevp.py
Wrote (no-op copy): 2024_county_results_with_calcs.csv
Columns:
 - timestamp
 - state
 - county
 - fips
 - trump_votes
 - harris_votes
 - other_votes
 - eevp
 - state_eevp
 - harris_votes_statewide
 - trump_votes_statewide
 - other_votes_statewide
 - final_state
 - final_county
 - final_fips
 - final_trump_votes
 - final_harris_votes
 - final_other_votes
 - harris_percent_snapshot
 - trump_percent_snapshot
 - margin_snapshot
 - harris_percent_final
 - trump_percent_final
 - margin_final
 - margin_difference
 - margin_difference_abs

$ /home/ubuntu/.venv/bin/python3 /home/ubuntu/apps/election-app/stats/3-calc-new.py
Wrote 27 rows with new columns to /home/ubuntu/apps/election-app/win_prob/H/WV/02/_work/2024_county_results_with_calcs_new.csv

$ /home/ubuntu/.venv/bin/python3 /home/ubuntu/apps/election-app/stats/4-stats.py
Reading 2024_county_results_with_calcs_new.csv...
Aggregating statewide totals...
Calculating percentages and margins...
Writing to output_statewide_stats.csv...
Done!
[2026-01-24 09:36:07] INFO: [PIPELINE] ENTER win-prob generation | states=['WV'] ts_list=['2024-11-05T15-30-22']

============================================================================
[01/1] STATE = WV
============================================================================

$ /home/ubuntu/.venv/bin/python3 /home/ubuntu/apps/election-app/stats/5-snapshots.py --state WV --input /home/ubuntu/apps/election-app/win_prob/H/WV/02/_work/output_statewide_stats.csv --output /home/ubuntu/apps/election-app/win_prob/H/WV/02/snapshots_WV.csv --start 2024-11-05T15-30-22 --end 2024-11-05T15-30-22 --use-window 1 --interval 30
Mode: windowed-one-state
Rows written: 27
Distinct states in output: WV
Rows per normalized timestamp (empty = unparseable):
  2024-11-05T15-30-22: 27
Wrote /home/ubuntu/apps/election-app/win_prob/H/WV/02/snapshots_WV.csv

$ /home/ubuntu/.venv/bin/python3 /home/ubuntu/apps/election-app/stats/6-pval.py /home/ubuntu/apps/election-app/win_prob/H/WV/02/snapshots_WV.csv -t /home/ubuntu/apps/election-app/stats/parameters.csv -o /home/ubuntu/apps/election-app/win_prob/H/WV/02/data_output_WV.csv -c 50
Done. Wrote: /home/ubuntu/apps/election-app/win_prob/H/WV/02/data_output_WV.csv
Total rows: 27 (chunked, resumable).
Computed columns for PVALS = [0.01, 0.1, 1, 2, 3, 5, 10, 15, 20, 25, 30, 35, 40, 45, 50, 55, 60, 65, 70, 75, 80, 85, 90, 95, 97, 98, 99, 99.9, 99.99]
Per p (leader): shift_{p}, margin_new_{p}, harris_percent_new_{p}, trump_percent_new_{p}, total_snapshot_{p}, total_expected_{p}, harris_votes_new_{p}, trump_votes_new_{p}
Per p (trailing): shift_trailing_{p}, margin_new_{p}_trailing, harris_percent_new_{p}_trailing, trump_percent_new_{p}_trailing, total_snapshot_{p}_trailing, total_expected_{p}_trailing, harris_votes_new_{p}_trailing, trump_votes_new_{p}_trailing
Checkpoint saved at: /home/ubuntu/apps/election-app/win_prob/H/WV/02/data_output_WV.csv.checkpoint.json

$ /home/ubuntu/.venv/bin/python3 /home/ubuntu/apps/election-app/stats/7-margin-new.py
Wrote data_output_with_margins_old.csv

$ /home/ubuntu/.venv/bin/python3 /home/ubuntu/apps/election-app/stats/7-eevp-statewide.py
Wrote data_output_with_margins.csv (copied from data_output_with_margins_old.csv)

$ /home/ubuntu/.venv/bin/python3 /home/ubuntu/apps/election-app/stats/7.py --input /home/ubuntu/apps/election-app/win_prob/H/WV/02/data_output_WV_with_margins_statewide_eevp.csv --output /home/ubuntu/apps/election-app/win_prob/H/WV/02/statewide_margin_pct_vs_percent_WV_2026.png --state WV --start 2024-11-05T15-30-22 --end 2024-11-05T15-30-22 --stats /home/ubuntu/apps/election-app/win_prob/H/WV/02/stats.csv --stats2 /home/ubuntu/apps/election-app/win_prob/H/WV/02/stats2.csv --interval 30 --year 2026 --jsonl /home/ubuntu/apps/election-app/win_prob/H/WV/02/plotdata_WV_2026_2026-01-24T09-35-58.jsonl
[info] evaluating 1 timestamps from 2024-11-05T15-30-22 to 2024-11-05T15-30-22 every 30 minutes
[saved] probs_timeseries_WV.csv  (1 points)
[saved] /home/ubuntu/apps/election-app/win_prob/H/WV/02/plotdata_WV_2026_2026-01-24T09-35-58.jsonl  (4 points)
[saved] /home/ubuntu/apps/election-app/win_prob/H/WV/02/statewide_margin_pct_vs_percent_WV_2026_box.json
[saved] /home/ubuntu/apps/election-app/win_prob/H/WV/02/statewide_margin_pct_vs_percent_WV_2026_box.png
[saved] /home/ubuntu/apps/election-app/win_prob/H/WV/02/statewide_margin_pct_vs_percent_WV_2026.png

All 50 states complete. See: /home/ubuntu/apps/election-app/win_prob/H/WV/02

$ /home/ubuntu/.venv/bin/python3 /home/ubuntu/apps/election-app/stats/8.py --root /home/ubuntu/apps/election-app/win_prob/H/WV/02/_work --outdir /home/ubuntu/apps/election-app/win_prob/H/WV/02
[info] root  = /home/ubuntu/apps/election-app/win_prob/H/WV/02/_work
[info] outdir= /home/ubuntu/apps/election-app/win_prob/H/WV/02
[deleted] /home/ubuntu/apps/election-app/win_prob/H/WV/02/_work/stats_with_statewide.csv
[deleted] /home/ubuntu/apps/election-app/win_prob/H/WV/02/_work/stats2_final_headers.csv
[deleted] /home/ubuntu/apps/election-app/win_prob/H/WV/02/_work/2024_county_results_with_final-old.csv
[deleted] /home/ubuntu/apps/election-app/win_prob/H/WV/02/_work/2024_county_results_with_final.csv
[deleted] /home/ubuntu/apps/election-app/win_prob/H/WV/02/_work/2024_county_results_with_final_1.csv
[deleted] /home/ubuntu/apps/election-app/win_prob/H/WV/02/_work/2024_county_results_with_calcs-old.csv
[deleted] /home/ubuntu/apps/election-app/win_prob/H/WV/02/_work/2024_county_results_with_calcs_new.csv
[deleted] /home/ubuntu/apps/election-app/win_prob/H/WV/02/_work/output_statewide_stats.csv
[skip]    /home/ubuntu/apps/election-app/win_prob/H/WV/02/_work/probs_timeseries_PA.csv
[deleted] /home/ubuntu/apps/election-app/win_prob/H/WV/02/_work/2024_county_results_with_calcs.csv
[skip]    /home/ubuntu/apps/election-app/win_prob/H/WV/02/data_output.csv
[skip]    /home/ubuntu/apps/election-app/win_prob/H/WV/02/data_output_with_margins_old.csv
[skip]    /home/ubuntu/apps/election-app/win_prob/H/WV/02/data_output_with_margins.csv
[skip]    /home/ubuntu/apps/election-app/win_prob/H/WV/02/data_output_with_margins-statewide.csv
[deleted] /home/ubuntu/apps/election-app/win_prob/H/WV/02/snapshots_WV.csv
[deleted] /home/ubuntu/apps/election-app/win_prob/H/WV/02/data_output_WV.csv
[deleted] /home/ubuntu/apps/election-app/win_prob/H/WV/02/data_output_WV_with_margins.csv
[deleted] /home/ubuntu/apps/election-app/win_prob/H/WV/02/data_output_WV_with_margins_statewide_eevp.csv
[deleted] /home/ubuntu/apps/election-app/win_prob/H/WV/02/data_output_WV.csv.checkpoint.json
[deleted] /home/ubuntu/apps/election-app/win_prob/H/WV/02/stats.csv
[deleted] /home/ubuntu/apps/election-app/win_prob/H/WV/02/stats2.csv
[done] removed 16 file(s)
[2026-01-24 09:43:00] INFO: [PIPELINE] args: office=H state=WV district=02
[2026-01-24 09:43:00] INFO: [PIPELINE] WINPROB_DIR resolved to: /home/ubuntu/apps/election-app/win_prob/H/WV/02
[2026-01-24 09:43:00] INFO: [PIPELINE] OUTDIR set to: /home/ubuntu/apps/election-app/win_prob/H/WV/02

$ /home/ubuntu/.venv/bin/python3 /home/ubuntu/apps/election-app/stats/1-statewide.py --input /home/ubuntu/apps/election-app/win_prob/H/WV/02/stats.csv --output /home/ubuntu/apps/election-app/win_prob/H/WV/02/_work/stats_with_statewide.csv
Wrote /home/ubuntu/apps/election-app/win_prob/H/WV/02/_work/stats_with_statewide.csv (rows=27)

$ /home/ubuntu/.venv/bin/python3 /home/ubuntu/apps/election-app/stats/1-stats-2.py --input /home/ubuntu/apps/election-app/win_prob/H/WV/02/stats2.csv --output /home/ubuntu/apps/election-app/win_prob/H/WV/02/_work/stats2_final_headers.csv
Wrote /home/ubuntu/apps/election-app/win_prob/H/WV/02/_work/stats2_final_headers.csv (rows=27)

$ /home/ubuntu/.venv/bin/python3 /home/ubuntu/apps/election-app/stats/1-append-new.py
Wrote 2024_county_results_with_final-old.csv (rows=27, missing_final_matches=0)

$ /home/ubuntu/.venv/bin/python3 /home/ubuntu/apps/election-app/stats/1-change_header.py
Wrote: 2024_county_results_with_final.csv

$ /home/ubuntu/.venv/bin/python3 /home/ubuntu/apps/election-app/stats/1-cut-zero-fips.py
Wrote: 2024_county_results_with_final_1.csv
Rows before: 27
Rows after:  27
Dropped (fips == 0): 0

$ /home/ubuntu/.venv/bin/python3 /home/ubuntu/apps/election-app/stats/2-calc.py
Wrote 27 rows with calculations to /home/ubuntu/apps/election-app/win_prob/H/WV/02/_work/2024_county_results_with_calcs-old.csv

$ /home/ubuntu/.venv/bin/python3 /home/ubuntu/apps/election-app/stats/2-eevp.py
Wrote (no-op copy): 2024_county_results_with_calcs.csv
Columns:
 - timestamp
 - state
 - county
 - fips
 - trump_votes
 - harris_votes
 - other_votes
 - eevp
 - state_eevp
 - harris_votes_statewide
 - trump_votes_statewide
 - other_votes_statewide
 - final_state
 - final_county
 - final_fips
 - final_trump_votes
 - final_harris_votes
 - final_other_votes
 - harris_percent_snapshot
 - trump_percent_snapshot
 - margin_snapshot
 - harris_percent_final
 - trump_percent_final
 - margin_final
 - margin_difference
 - margin_difference_abs

$ /home/ubuntu/.venv/bin/python3 /home/ubuntu/apps/election-app/stats/3-calc-new.py
Wrote 27 rows with new columns to /home/ubuntu/apps/election-app/win_prob/H/WV/02/_work/2024_county_results_with_calcs_new.csv

$ /home/ubuntu/.venv/bin/python3 /home/ubuntu/apps/election-app/stats/4-stats.py
Reading 2024_county_results_with_calcs_new.csv...
Aggregating statewide totals...
Calculating percentages and margins...
Writing to output_statewide_stats.csv...
Done!
[2026-01-24 09:43:08] INFO: [PIPELINE] ENTER win-prob generation | states=['WV'] ts_list=['2024-11-05T15-30-22']

============================================================================
[01/1] STATE = WV
============================================================================

$ /home/ubuntu/.venv/bin/python3 /home/ubuntu/apps/election-app/stats/5-snapshots.py --state WV --input /home/ubuntu/apps/election-app/win_prob/H/WV/02/_work/output_statewide_stats.csv --output /home/ubuntu/apps/election-app/win_prob/H/WV/02/snapshots_WV.csv --start 2024-11-05T15-30-22 --end 2024-11-05T15-30-22 --use-window 1 --interval 30
Mode: windowed-one-state
Rows written: 27
Distinct states in output: WV
Rows per normalized timestamp (empty = unparseable):
  2024-11-05T15-30-22: 27
Wrote /home/ubuntu/apps/election-app/win_prob/H/WV/02/snapshots_WV.csv

$ /home/ubuntu/.venv/bin/python3 /home/ubuntu/apps/election-app/stats/6-pval.py /home/ubuntu/apps/election-app/win_prob/H/WV/02/snapshots_WV.csv -t /home/ubuntu/apps/election-app/stats/parameters.csv -o /home/ubuntu/apps/election-app/win_prob/H/WV/02/data_output_WV.csv -c 50
Done. Wrote: /home/ubuntu/apps/election-app/win_prob/H/WV/02/data_output_WV.csv
Total rows: 27 (chunked, resumable).
Computed columns for PVALS = [0.01, 0.1, 1, 2, 3, 5, 10, 15, 20, 25, 30, 35, 40, 45, 50, 55, 60, 65, 70, 75, 80, 85, 90, 95, 97, 98, 99, 99.9, 99.99]
Per p (leader): shift_{p}, margin_new_{p}, harris_percent_new_{p}, trump_percent_new_{p}, total_snapshot_{p}, total_expected_{p}, harris_votes_new_{p}, trump_votes_new_{p}
Per p (trailing): shift_trailing_{p}, margin_new_{p}_trailing, harris_percent_new_{p}_trailing, trump_percent_new_{p}_trailing, total_snapshot_{p}_trailing, total_expected_{p}_trailing, harris_votes_new_{p}_trailing, trump_votes_new_{p}_trailing
Checkpoint saved at: /home/ubuntu/apps/election-app/win_prob/H/WV/02/data_output_WV.csv.checkpoint.json

$ /home/ubuntu/.venv/bin/python3 /home/ubuntu/apps/election-app/stats/7-margin-new.py
Wrote data_output_with_margins_old.csv

$ /home/ubuntu/.venv/bin/python3 /home/ubuntu/apps/election-app/stats/7-eevp-statewide.py
Wrote data_output_with_margins.csv (copied from data_output_with_margins_old.csv)

$ /home/ubuntu/.venv/bin/python3 /home/ubuntu/apps/election-app/stats/7.py --input /home/ubuntu/apps/election-app/win_prob/H/WV/02/data_output_WV_with_margins_statewide_eevp.csv --output /home/ubuntu/apps/election-app/win_prob/H/WV/02/statewide_margin_pct_vs_percent_WV_2026.png --state WV --start 2024-11-05T15-30-22 --end 2024-11-05T15-30-22 --stats /home/ubuntu/apps/election-app/win_prob/H/WV/02/stats.csv --stats2 /home/ubuntu/apps/election-app/win_prob/H/WV/02/stats2.csv --interval 30 --year 2026 --jsonl /home/ubuntu/apps/election-app/win_prob/H/WV/02/plotdata_WV_2026_2026-01-24T09-43-00.jsonl
[info] evaluating 1 timestamps from 2024-11-05T15-30-22 to 2024-11-05T15-30-22 every 30 minutes
[saved] probs_timeseries_WV.csv  (1 points)
[saved] /home/ubuntu/apps/election-app/win_prob/H/WV/02/plotdata_WV_2026_2026-01-24T09-43-00.jsonl  (4 points)
[saved] /home/ubuntu/apps/election-app/win_prob/H/WV/02/statewide_margin_pct_vs_percent_WV_2026_box.json
[saved] /home/ubuntu/apps/election-app/win_prob/H/WV/02/statewide_margin_pct_vs_percent_WV_2026_box.png
[saved] /home/ubuntu/apps/election-app/win_prob/H/WV/02/statewide_margin_pct_vs_percent_WV_2026.png

All 50 states complete. See: /home/ubuntu/apps/election-app/win_prob/H/WV/02

$ /home/ubuntu/.venv/bin/python3 /home/ubuntu/apps/election-app/stats/8.py --root /home/ubuntu/apps/election-app/win_prob/H/WV/02/_work --outdir /home/ubuntu/apps/election-app/win_prob/H/WV/02
[info] root  = /home/ubuntu/apps/election-app/win_prob/H/WV/02/_work
[info] outdir= /home/ubuntu/apps/election-app/win_prob/H/WV/02
[deleted] /home/ubuntu/apps/election-app/win_prob/H/WV/02/_work/stats_with_statewide.csv
[deleted] /home/ubuntu/apps/election-app/win_prob/H/WV/02/_work/stats2_final_headers.csv
[deleted] /home/ubuntu/apps/election-app/win_prob/H/WV/02/_work/2024_county_results_with_final-old.csv
[deleted] /home/ubuntu/apps/election-app/win_prob/H/WV/02/_work/2024_county_results_with_final.csv
[deleted] /home/ubuntu/apps/election-app/win_prob/H/WV/02/_work/2024_county_results_with_final_1.csv
[deleted] /home/ubuntu/apps/election-app/win_prob/H/WV/02/_work/2024_county_results_with_calcs-old.csv
[deleted] /home/ubuntu/apps/election-app/win_prob/H/WV/02/_work/2024_county_results_with_calcs_new.csv
[deleted] /home/ubuntu/apps/election-app/win_prob/H/WV/02/_work/output_statewide_stats.csv
[skip]    /home/ubuntu/apps/election-app/win_prob/H/WV/02/_work/probs_timeseries_PA.csv
[deleted] /home/ubuntu/apps/election-app/win_prob/H/WV/02/_work/2024_county_results_with_calcs.csv
[skip]    /home/ubuntu/apps/election-app/win_prob/H/WV/02/data_output.csv
[skip]    /home/ubuntu/apps/election-app/win_prob/H/WV/02/data_output_with_margins_old.csv
[skip]    /home/ubuntu/apps/election-app/win_prob/H/WV/02/data_output_with_margins.csv
[skip]    /home/ubuntu/apps/election-app/win_prob/H/WV/02/data_output_with_margins-statewide.csv
[deleted] /home/ubuntu/apps/election-app/win_prob/H/WV/02/snapshots_WV.csv
[deleted] /home/ubuntu/apps/election-app/win_prob/H/WV/02/data_output_WV.csv
[deleted] /home/ubuntu/apps/election-app/win_prob/H/WV/02/data_output_WV_with_margins.csv
[deleted] /home/ubuntu/apps/election-app/win_prob/H/WV/02/data_output_WV_with_margins_statewide_eevp.csv
[deleted] /home/ubuntu/apps/election-app/win_prob/H/WV/02/data_output_WV.csv.checkpoint.json
[deleted] /home/ubuntu/apps/election-app/win_prob/H/WV/02/stats.csv
[deleted] /home/ubuntu/apps/election-app/win_prob/H/WV/02/stats2.csv
[done] removed 16 file(s)
[2026-01-24 09:50:01] INFO: [PIPELINE] args: office=H state=WV district=02
[2026-01-24 09:50:01] INFO: [PIPELINE] WINPROB_DIR resolved to: /home/ubuntu/apps/election-app/win_prob/H/WV/02
[2026-01-24 09:50:01] INFO: [PIPELINE] OUTDIR set to: /home/ubuntu/apps/election-app/win_prob/H/WV/02

$ /home/ubuntu/.venv/bin/python3 /home/ubuntu/apps/election-app/stats/1-statewide.py --input /home/ubuntu/apps/election-app/win_prob/H/WV/02/stats.csv --output /home/ubuntu/apps/election-app/win_prob/H/WV/02/_work/stats_with_statewide.csv
Wrote /home/ubuntu/apps/election-app/win_prob/H/WV/02/_work/stats_with_statewide.csv (rows=27)

$ /home/ubuntu/.venv/bin/python3 /home/ubuntu/apps/election-app/stats/1-stats-2.py --input /home/ubuntu/apps/election-app/win_prob/H/WV/02/stats2.csv --output /home/ubuntu/apps/election-app/win_prob/H/WV/02/_work/stats2_final_headers.csv
Wrote /home/ubuntu/apps/election-app/win_prob/H/WV/02/_work/stats2_final_headers.csv (rows=27)

$ /home/ubuntu/.venv/bin/python3 /home/ubuntu/apps/election-app/stats/1-append-new.py
Wrote 2024_county_results_with_final-old.csv (rows=27, missing_final_matches=0)

$ /home/ubuntu/.venv/bin/python3 /home/ubuntu/apps/election-app/stats/1-change_header.py
Wrote: 2024_county_results_with_final.csv

$ /home/ubuntu/.venv/bin/python3 /home/ubuntu/apps/election-app/stats/1-cut-zero-fips.py
Wrote: 2024_county_results_with_final_1.csv
Rows before: 27
Rows after:  27
Dropped (fips == 0): 0

$ /home/ubuntu/.venv/bin/python3 /home/ubuntu/apps/election-app/stats/2-calc.py
Wrote 27 rows with calculations to /home/ubuntu/apps/election-app/win_prob/H/WV/02/_work/2024_county_results_with_calcs-old.csv

$ /home/ubuntu/.venv/bin/python3 /home/ubuntu/apps/election-app/stats/2-eevp.py
Wrote (no-op copy): 2024_county_results_with_calcs.csv
Columns:
 - timestamp
 - state
 - county
 - fips
 - trump_votes
 - harris_votes
 - other_votes
 - eevp
 - state_eevp
 - harris_votes_statewide
 - trump_votes_statewide
 - other_votes_statewide
 - final_state
 - final_county
 - final_fips
 - final_trump_votes
 - final_harris_votes
 - final_other_votes
 - harris_percent_snapshot
 - trump_percent_snapshot
 - margin_snapshot
 - harris_percent_final
 - trump_percent_final
 - margin_final
 - margin_difference
 - margin_difference_abs

$ /home/ubuntu/.venv/bin/python3 /home/ubuntu/apps/election-app/stats/3-calc-new.py
Wrote 27 rows with new columns to /home/ubuntu/apps/election-app/win_prob/H/WV/02/_work/2024_county_results_with_calcs_new.csv

$ /home/ubuntu/.venv/bin/python3 /home/ubuntu/apps/election-app/stats/4-stats.py
Reading 2024_county_results_with_calcs_new.csv...
Aggregating statewide totals...
Calculating percentages and margins...
Writing to output_statewide_stats.csv...
Done!
[2026-01-24 09:50:10] INFO: [PIPELINE] ENTER win-prob generation | states=['WV'] ts_list=['2024-11-05T15-30-22']

============================================================================
[01/1] STATE = WV
============================================================================

$ /home/ubuntu/.venv/bin/python3 /home/ubuntu/apps/election-app/stats/5-snapshots.py --state WV --input /home/ubuntu/apps/election-app/win_prob/H/WV/02/_work/output_statewide_stats.csv --output /home/ubuntu/apps/election-app/win_prob/H/WV/02/snapshots_WV.csv --start 2024-11-05T15-30-22 --end 2024-11-05T15-30-22 --use-window 1 --interval 30
Mode: windowed-one-state
Rows written: 27
Distinct states in output: WV
Rows per normalized timestamp (empty = unparseable):
  2024-11-05T15-30-22: 27
Wrote /home/ubuntu/apps/election-app/win_prob/H/WV/02/snapshots_WV.csv

$ /home/ubuntu/.venv/bin/python3 /home/ubuntu/apps/election-app/stats/6-pval.py /home/ubuntu/apps/election-app/win_prob/H/WV/02/snapshots_WV.csv -t /home/ubuntu/apps/election-app/stats/parameters.csv -o /home/ubuntu/apps/election-app/win_prob/H/WV/02/data_output_WV.csv -c 50
Done. Wrote: /home/ubuntu/apps/election-app/win_prob/H/WV/02/data_output_WV.csv
Total rows: 27 (chunked, resumable).
Computed columns for PVALS = [0.01, 0.1, 1, 2, 3, 5, 10, 15, 20, 25, 30, 35, 40, 45, 50, 55, 60, 65, 70, 75, 80, 85, 90, 95, 97, 98, 99, 99.9, 99.99]
Per p (leader): shift_{p}, margin_new_{p}, harris_percent_new_{p}, trump_percent_new_{p}, total_snapshot_{p}, total_expected_{p}, harris_votes_new_{p}, trump_votes_new_{p}
Per p (trailing): shift_trailing_{p}, margin_new_{p}_trailing, harris_percent_new_{p}_trailing, trump_percent_new_{p}_trailing, total_snapshot_{p}_trailing, total_expected_{p}_trailing, harris_votes_new_{p}_trailing, trump_votes_new_{p}_trailing
Checkpoint saved at: /home/ubuntu/apps/election-app/win_prob/H/WV/02/data_output_WV.csv.checkpoint.json

$ /home/ubuntu/.venv/bin/python3 /home/ubuntu/apps/election-app/stats/7-margin-new.py
Wrote data_output_with_margins_old.csv

$ /home/ubuntu/.venv/bin/python3 /home/ubuntu/apps/election-app/stats/7-eevp-statewide.py
Wrote data_output_with_margins.csv (copied from data_output_with_margins_old.csv)

$ /home/ubuntu/.venv/bin/python3 /home/ubuntu/apps/election-app/stats/7.py --input /home/ubuntu/apps/election-app/win_prob/H/WV/02/data_output_WV_with_margins_statewide_eevp.csv --output /home/ubuntu/apps/election-app/win_prob/H/WV/02/statewide_margin_pct_vs_percent_WV_2026.png --state WV --start 2024-11-05T15-30-22 --end 2024-11-05T15-30-22 --stats /home/ubuntu/apps/election-app/win_prob/H/WV/02/stats.csv --stats2 /home/ubuntu/apps/election-app/win_prob/H/WV/02/stats2.csv --interval 30 --year 2026 --jsonl /home/ubuntu/apps/election-app/win_prob/H/WV/02/plotdata_WV_2026_2026-01-24T09-50-01.jsonl
[info] evaluating 1 timestamps from 2024-11-05T15-30-22 to 2024-11-05T15-30-22 every 30 minutes
[saved] probs_timeseries_WV.csv  (1 points)
[saved] /home/ubuntu/apps/election-app/win_prob/H/WV/02/plotdata_WV_2026_2026-01-24T09-50-01.jsonl  (4 points)
[saved] /home/ubuntu/apps/election-app/win_prob/H/WV/02/statewide_margin_pct_vs_percent_WV_2026_box.json
[saved] /home/ubuntu/apps/election-app/win_prob/H/WV/02/statewide_margin_pct_vs_percent_WV_2026_box.png
[saved] /home/ubuntu/apps/election-app/win_prob/H/WV/02/statewide_margin_pct_vs_percent_WV_2026.png

All 50 states complete. See: /home/ubuntu/apps/election-app/win_prob/H/WV/02

$ /home/ubuntu/.venv/bin/python3 /home/ubuntu/apps/election-app/stats/8.py --root /home/ubuntu/apps/election-app/win_prob/H/WV/02/_work --outdir /home/ubuntu/apps/election-app/win_prob/H/WV/02
[info] root  = /home/ubuntu/apps/election-app/win_prob/H/WV/02/_work
[info] outdir= /home/ubuntu/apps/election-app/win_prob/H/WV/02
[deleted] /home/ubuntu/apps/election-app/win_prob/H/WV/02/_work/stats_with_statewide.csv
[deleted] /home/ubuntu/apps/election-app/win_prob/H/WV/02/_work/stats2_final_headers.csv
[deleted] /home/ubuntu/apps/election-app/win_prob/H/WV/02/_work/2024_county_results_with_final-old.csv
[deleted] /home/ubuntu/apps/election-app/win_prob/H/WV/02/_work/2024_county_results_with_final.csv
[deleted] /home/ubuntu/apps/election-app/win_prob/H/WV/02/_work/2024_county_results_with_final_1.csv
[deleted] /home/ubuntu/apps/election-app/win_prob/H/WV/02/_work/2024_county_results_with_calcs-old.csv
[deleted] /home/ubuntu/apps/election-app/win_prob/H/WV/02/_work/2024_county_results_with_calcs_new.csv
[deleted] /home/ubuntu/apps/election-app/win_prob/H/WV/02/_work/output_statewide_stats.csv
[skip]    /home/ubuntu/apps/election-app/win_prob/H/WV/02/_work/probs_timeseries_PA.csv
[deleted] /home/ubuntu/apps/election-app/win_prob/H/WV/02/_work/2024_county_results_with_calcs.csv
[skip]    /home/ubuntu/apps/election-app/win_prob/H/WV/02/data_output.csv
[skip]    /home/ubuntu/apps/election-app/win_prob/H/WV/02/data_output_with_margins_old.csv
[skip]    /home/ubuntu/apps/election-app/win_prob/H/WV/02/data_output_with_margins.csv
[skip]    /home/ubuntu/apps/election-app/win_prob/H/WV/02/data_output_with_margins-statewide.csv
[deleted] /home/ubuntu/apps/election-app/win_prob/H/WV/02/snapshots_WV.csv
[deleted] /home/ubuntu/apps/election-app/win_prob/H/WV/02/data_output_WV.csv
[deleted] /home/ubuntu/apps/election-app/win_prob/H/WV/02/data_output_WV_with_margins.csv
[deleted] /home/ubuntu/apps/election-app/win_prob/H/WV/02/data_output_WV_with_margins_statewide_eevp.csv
[deleted] /home/ubuntu/apps/election-app/win_prob/H/WV/02/data_output_WV.csv.checkpoint.json
[deleted] /home/ubuntu/apps/election-app/win_prob/H/WV/02/stats.csv
[deleted] /home/ubuntu/apps/election-app/win_prob/H/WV/02/stats2.csv
[done] removed 16 file(s)
[2026-01-24 09:57:03] INFO: [PIPELINE] args: office=H state=WV district=02
[2026-01-24 09:57:03] INFO: [PIPELINE] WINPROB_DIR resolved to: /home/ubuntu/apps/election-app/win_prob/H/WV/02
[2026-01-24 09:57:03] INFO: [PIPELINE] OUTDIR set to: /home/ubuntu/apps/election-app/win_prob/H/WV/02

$ /home/ubuntu/.venv/bin/python3 /home/ubuntu/apps/election-app/stats/1-statewide.py --input /home/ubuntu/apps/election-app/win_prob/H/WV/02/stats.csv --output /home/ubuntu/apps/election-app/win_prob/H/WV/02/_work/stats_with_statewide.csv
Wrote /home/ubuntu/apps/election-app/win_prob/H/WV/02/_work/stats_with_statewide.csv (rows=27)

$ /home/ubuntu/.venv/bin/python3 /home/ubuntu/apps/election-app/stats/1-stats-2.py --input /home/ubuntu/apps/election-app/win_prob/H/WV/02/stats2.csv --output /home/ubuntu/apps/election-app/win_prob/H/WV/02/_work/stats2_final_headers.csv
Wrote /home/ubuntu/apps/election-app/win_prob/H/WV/02/_work/stats2_final_headers.csv (rows=27)

$ /home/ubuntu/.venv/bin/python3 /home/ubuntu/apps/election-app/stats/1-append-new.py
Wrote 2024_county_results_with_final-old.csv (rows=27, missing_final_matches=0)

$ /home/ubuntu/.venv/bin/python3 /home/ubuntu/apps/election-app/stats/1-change_header.py
Wrote: 2024_county_results_with_final.csv

$ /home/ubuntu/.venv/bin/python3 /home/ubuntu/apps/election-app/stats/1-cut-zero-fips.py
Wrote: 2024_county_results_with_final_1.csv
Rows before: 27
Rows after:  27
Dropped (fips == 0): 0

$ /home/ubuntu/.venv/bin/python3 /home/ubuntu/apps/election-app/stats/2-calc.py
Wrote 27 rows with calculations to /home/ubuntu/apps/election-app/win_prob/H/WV/02/_work/2024_county_results_with_calcs-old.csv

$ /home/ubuntu/.venv/bin/python3 /home/ubuntu/apps/election-app/stats/2-eevp.py
Wrote (no-op copy): 2024_county_results_with_calcs.csv
Columns:
 - timestamp
 - state
 - county
 - fips
 - trump_votes
 - harris_votes
 - other_votes
 - eevp
 - state_eevp
 - harris_votes_statewide
 - trump_votes_statewide
 - other_votes_statewide
 - final_state
 - final_county
 - final_fips
 - final_trump_votes
 - final_harris_votes
 - final_other_votes
 - harris_percent_snapshot
 - trump_percent_snapshot
 - margin_snapshot
 - harris_percent_final
 - trump_percent_final
 - margin_final
 - margin_difference
 - margin_difference_abs

$ /home/ubuntu/.venv/bin/python3 /home/ubuntu/apps/election-app/stats/3-calc-new.py
Wrote 27 rows with new columns to /home/ubuntu/apps/election-app/win_prob/H/WV/02/_work/2024_county_results_with_calcs_new.csv

$ /home/ubuntu/.venv/bin/python3 /home/ubuntu/apps/election-app/stats/4-stats.py
Reading 2024_county_results_with_calcs_new.csv...
Aggregating statewide totals...
Calculating percentages and margins...
Writing to output_statewide_stats.csv...
Done!
[2026-01-24 09:57:12] INFO: [PIPELINE] ENTER win-prob generation | states=['WV'] ts_list=['2024-11-05T15-30-22']

============================================================================
[01/1] STATE = WV
============================================================================

$ /home/ubuntu/.venv/bin/python3 /home/ubuntu/apps/election-app/stats/5-snapshots.py --state WV --input /home/ubuntu/apps/election-app/win_prob/H/WV/02/_work/output_statewide_stats.csv --output /home/ubuntu/apps/election-app/win_prob/H/WV/02/snapshots_WV.csv --start 2024-11-05T15-30-22 --end 2024-11-05T15-30-22 --use-window 1 --interval 30
Mode: windowed-one-state
Rows written: 27
Distinct states in output: WV
Rows per normalized timestamp (empty = unparseable):
  2024-11-05T15-30-22: 27
Wrote /home/ubuntu/apps/election-app/win_prob/H/WV/02/snapshots_WV.csv

$ /home/ubuntu/.venv/bin/python3 /home/ubuntu/apps/election-app/stats/6-pval.py /home/ubuntu/apps/election-app/win_prob/H/WV/02/snapshots_WV.csv -t /home/ubuntu/apps/election-app/stats/parameters.csv -o /home/ubuntu/apps/election-app/win_prob/H/WV/02/data_output_WV.csv -c 50
Done. Wrote: /home/ubuntu/apps/election-app/win_prob/H/WV/02/data_output_WV.csv
Total rows: 27 (chunked, resumable).
Computed columns for PVALS = [0.01, 0.1, 1, 2, 3, 5, 10, 15, 20, 25, 30, 35, 40, 45, 50, 55, 60, 65, 70, 75, 80, 85, 90, 95, 97, 98, 99, 99.9, 99.99]
Per p (leader): shift_{p}, margin_new_{p}, harris_percent_new_{p}, trump_percent_new_{p}, total_snapshot_{p}, total_expected_{p}, harris_votes_new_{p}, trump_votes_new_{p}
Per p (trailing): shift_trailing_{p}, margin_new_{p}_trailing, harris_percent_new_{p}_trailing, trump_percent_new_{p}_trailing, total_snapshot_{p}_trailing, total_expected_{p}_trailing, harris_votes_new_{p}_trailing, trump_votes_new_{p}_trailing
Checkpoint saved at: /home/ubuntu/apps/election-app/win_prob/H/WV/02/data_output_WV.csv.checkpoint.json

$ /home/ubuntu/.venv/bin/python3 /home/ubuntu/apps/election-app/stats/7-margin-new.py
Wrote data_output_with_margins_old.csv

$ /home/ubuntu/.venv/bin/python3 /home/ubuntu/apps/election-app/stats/7-eevp-statewide.py
Wrote data_output_with_margins.csv (copied from data_output_with_margins_old.csv)

$ /home/ubuntu/.venv/bin/python3 /home/ubuntu/apps/election-app/stats/7.py --input /home/ubuntu/apps/election-app/win_prob/H/WV/02/data_output_WV_with_margins_statewide_eevp.csv --output /home/ubuntu/apps/election-app/win_prob/H/WV/02/statewide_margin_pct_vs_percent_WV_2026.png --state WV --start 2024-11-05T15-30-22 --end 2024-11-05T15-30-22 --stats /home/ubuntu/apps/election-app/win_prob/H/WV/02/stats.csv --stats2 /home/ubuntu/apps/election-app/win_prob/H/WV/02/stats2.csv --interval 30 --year 2026 --jsonl /home/ubuntu/apps/election-app/win_prob/H/WV/02/plotdata_WV_2026_2026-01-24T09-57-03.jsonl
[info] evaluating 1 timestamps from 2024-11-05T15-30-22 to 2024-11-05T15-30-22 every 30 minutes
[saved] probs_timeseries_WV.csv  (1 points)
[saved] /home/ubuntu/apps/election-app/win_prob/H/WV/02/plotdata_WV_2026_2026-01-24T09-57-03.jsonl  (4 points)
[saved] /home/ubuntu/apps/election-app/win_prob/H/WV/02/statewide_margin_pct_vs_percent_WV_2026_box.json
[saved] /home/ubuntu/apps/election-app/win_prob/H/WV/02/statewide_margin_pct_vs_percent_WV_2026_box.png
[saved] /home/ubuntu/apps/election-app/win_prob/H/WV/02/statewide_margin_pct_vs_percent_WV_2026.png

All 50 states complete. See: /home/ubuntu/apps/election-app/win_prob/H/WV/02

$ /home/ubuntu/.venv/bin/python3 /home/ubuntu/apps/election-app/stats/8.py --root /home/ubuntu/apps/election-app/win_prob/H/WV/02/_work --outdir /home/ubuntu/apps/election-app/win_prob/H/WV/02
[info] root  = /home/ubuntu/apps/election-app/win_prob/H/WV/02/_work
[info] outdir= /home/ubuntu/apps/election-app/win_prob/H/WV/02
[deleted] /home/ubuntu/apps/election-app/win_prob/H/WV/02/_work/stats_with_statewide.csv
[deleted] /home/ubuntu/apps/election-app/win_prob/H/WV/02/_work/stats2_final_headers.csv
[deleted] /home/ubuntu/apps/election-app/win_prob/H/WV/02/_work/2024_county_results_with_final-old.csv
[deleted] /home/ubuntu/apps/election-app/win_prob/H/WV/02/_work/2024_county_results_with_final.csv
[deleted] /home/ubuntu/apps/election-app/win_prob/H/WV/02/_work/2024_county_results_with_final_1.csv
[deleted] /home/ubuntu/apps/election-app/win_prob/H/WV/02/_work/2024_county_results_with_calcs-old.csv
[deleted] /home/ubuntu/apps/election-app/win_prob/H/WV/02/_work/2024_county_results_with_calcs_new.csv
[deleted] /home/ubuntu/apps/election-app/win_prob/H/WV/02/_work/output_statewide_stats.csv
[skip]    /home/ubuntu/apps/election-app/win_prob/H/WV/02/_work/probs_timeseries_PA.csv
[deleted] /home/ubuntu/apps/election-app/win_prob/H/WV/02/_work/2024_county_results_with_calcs.csv
[skip]    /home/ubuntu/apps/election-app/win_prob/H/WV/02/data_output.csv
[skip]    /home/ubuntu/apps/election-app/win_prob/H/WV/02/data_output_with_margins_old.csv
[skip]    /home/ubuntu/apps/election-app/win_prob/H/WV/02/data_output_with_margins.csv
[skip]    /home/ubuntu/apps/election-app/win_prob/H/WV/02/data_output_with_margins-statewide.csv
[deleted] /home/ubuntu/apps/election-app/win_prob/H/WV/02/snapshots_WV.csv
[deleted] /home/ubuntu/apps/election-app/win_prob/H/WV/02/data_output_WV.csv
[deleted] /home/ubuntu/apps/election-app/win_prob/H/WV/02/data_output_WV_with_margins.csv
[deleted] /home/ubuntu/apps/election-app/win_prob/H/WV/02/data_output_WV_with_margins_statewide_eevp.csv
[deleted] /home/ubuntu/apps/election-app/win_prob/H/WV/02/data_output_WV.csv.checkpoint.json
[deleted] /home/ubuntu/apps/election-app/win_prob/H/WV/02/stats.csv
[deleted] /home/ubuntu/apps/election-app/win_prob/H/WV/02/stats2.csv
[done] removed 16 file(s)
[2026-01-26 07:29:06] INFO: [PIPELINE] args: office=H state=WV district=02
[2026-01-26 07:29:06] INFO: [PIPELINE] WINPROB_DIR resolved to: /home/ubuntu/apps/election-app/win_prob/H/WV/02
[2026-01-26 07:29:06] INFO: [PIPELINE] OUTDIR set to: /home/ubuntu/apps/election-app/win_prob/H/WV/02

$ /home/ubuntu/.venv/bin/python3 /home/ubuntu/apps/election-app/stats/1-statewide.py --input /home/ubuntu/apps/election-app/win_prob/H/WV/02/stats.csv --output /home/ubuntu/apps/election-app/win_prob/H/WV/02/_work/stats_with_statewide.csv
Wrote /home/ubuntu/apps/election-app/win_prob/H/WV/02/_work/stats_with_statewide.csv (rows=27)

$ /home/ubuntu/.venv/bin/python3 /home/ubuntu/apps/election-app/stats/1-stats-2.py --input /home/ubuntu/apps/election-app/win_prob/H/WV/02/stats2.csv --output /home/ubuntu/apps/election-app/win_prob/H/WV/02/_work/stats2_final_headers.csv
Wrote /home/ubuntu/apps/election-app/win_prob/H/WV/02/_work/stats2_final_headers.csv (rows=27)

$ /home/ubuntu/.venv/bin/python3 /home/ubuntu/apps/election-app/stats/1-append-new.py
Wrote 2024_county_results_with_final-old.csv (rows=27, missing_final_matches=0)

$ /home/ubuntu/.venv/bin/python3 /home/ubuntu/apps/election-app/stats/1-change_header.py
Wrote: 2024_county_results_with_final.csv

$ /home/ubuntu/.venv/bin/python3 /home/ubuntu/apps/election-app/stats/1-cut-zero-fips.py
Wrote: 2024_county_results_with_final_1.csv
Rows before: 27
Rows after:  27
Dropped (fips == 0): 0

$ /home/ubuntu/.venv/bin/python3 /home/ubuntu/apps/election-app/stats/2-calc.py
Wrote 27 rows with calculations to /home/ubuntu/apps/election-app/win_prob/H/WV/02/_work/2024_county_results_with_calcs-old.csv

$ /home/ubuntu/.venv/bin/python3 /home/ubuntu/apps/election-app/stats/2-eevp.py
Wrote (no-op copy): 2024_county_results_with_calcs.csv
Columns:
 - timestamp
 - state
 - county
 - fips
 - trump_votes
 - harris_votes
 - other_votes
 - eevp
 - state_eevp
 - harris_votes_statewide
 - trump_votes_statewide
 - other_votes_statewide
 - final_state
 - final_county
 - final_fips
 - final_trump_votes
 - final_harris_votes
 - final_other_votes
 - harris_percent_snapshot
 - trump_percent_snapshot
 - margin_snapshot
 - harris_percent_final
 - trump_percent_final
 - margin_final
 - margin_difference
 - margin_difference_abs

$ /home/ubuntu/.venv/bin/python3 /home/ubuntu/apps/election-app/stats/3-calc-new.py
Wrote 27 rows with new columns to /home/ubuntu/apps/election-app/win_prob/H/WV/02/_work/2024_county_results_with_calcs_new.csv

$ /home/ubuntu/.venv/bin/python3 /home/ubuntu/apps/election-app/stats/4-stats.py
Reading 2024_county_results_with_calcs_new.csv...
Aggregating statewide totals...
Calculating percentages and margins...
Writing to output_statewide_stats.csv...
Done!
[2026-01-26 07:29:15] INFO: [PIPELINE] ENTER win-prob generation | states=['WV'] ts_list=['2024-11-05T15-30-22']

============================================================================
[01/1] STATE = WV
============================================================================

$ /home/ubuntu/.venv/bin/python3 /home/ubuntu/apps/election-app/stats/5-snapshots.py --state WV --input /home/ubuntu/apps/election-app/win_prob/H/WV/02/_work/output_statewide_stats.csv --output /home/ubuntu/apps/election-app/win_prob/H/WV/02/snapshots_WV.csv --start 2024-11-05T15-30-22 --end 2024-11-05T15-30-22 --use-window 1 --interval 30
Mode: windowed-one-state
Rows written: 27
Distinct states in output: WV
Rows per normalized timestamp (empty = unparseable):
  2024-11-05T15-30-22: 27
Wrote /home/ubuntu/apps/election-app/win_prob/H/WV/02/snapshots_WV.csv

$ /home/ubuntu/.venv/bin/python3 /home/ubuntu/apps/election-app/stats/6-pval.py /home/ubuntu/apps/election-app/win_prob/H/WV/02/snapshots_WV.csv -t /home/ubuntu/apps/election-app/stats/parameters.csv -o /home/ubuntu/apps/election-app/win_prob/H/WV/02/data_output_WV.csv -c 50
Done. Wrote: /home/ubuntu/apps/election-app/win_prob/H/WV/02/data_output_WV.csv
Total rows: 27 (chunked, resumable).
Computed columns for PVALS = [0.01, 0.1, 1, 2, 3, 5, 10, 15, 20, 25, 30, 35, 40, 45, 50, 55, 60, 65, 70, 75, 80, 85, 90, 95, 97, 98, 99, 99.9, 99.99]
Per p (leader): shift_{p}, margin_new_{p}, harris_percent_new_{p}, trump_percent_new_{p}, total_snapshot_{p}, total_expected_{p}, harris_votes_new_{p}, trump_votes_new_{p}
Per p (trailing): shift_trailing_{p}, margin_new_{p}_trailing, harris_percent_new_{p}_trailing, trump_percent_new_{p}_trailing, total_snapshot_{p}_trailing, total_expected_{p}_trailing, harris_votes_new_{p}_trailing, trump_votes_new_{p}_trailing
Checkpoint saved at: /home/ubuntu/apps/election-app/win_prob/H/WV/02/data_output_WV.csv.checkpoint.json

$ /home/ubuntu/.venv/bin/python3 /home/ubuntu/apps/election-app/stats/7-margin-new.py
Wrote data_output_with_margins_old.csv

$ /home/ubuntu/.venv/bin/python3 /home/ubuntu/apps/election-app/stats/7-eevp-statewide.py
Wrote data_output_with_margins.csv (copied from data_output_with_margins_old.csv)

$ /home/ubuntu/.venv/bin/python3 /home/ubuntu/apps/election-app/stats/7.py --input /home/ubuntu/apps/election-app/win_prob/H/WV/02/data_output_WV_with_margins_statewide_eevp.csv --output /home/ubuntu/apps/election-app/win_prob/H/WV/02/statewide_margin_pct_vs_percent_WV_2026.png --state WV --start 2024-11-05T15-30-22 --end 2024-11-05T15-30-22 --stats /home/ubuntu/apps/election-app/win_prob/H/WV/02/stats.csv --stats2 /home/ubuntu/apps/election-app/win_prob/H/WV/02/stats2.csv --interval 30 --year 2026 --jsonl /home/ubuntu/apps/election-app/win_prob/H/WV/02/plotdata_WV_2026_2026-01-26T07-29-06.jsonl
[info] evaluating 1 timestamps from 2024-11-05T15-30-22 to 2024-11-05T15-30-22 every 30 minutes
[saved] probs_timeseries_WV.csv  (1 points)
[saved] /home/ubuntu/apps/election-app/win_prob/H/WV/02/plotdata_WV_2026_2026-01-26T07-29-06.jsonl  (0 points)
[saved] /home/ubuntu/apps/election-app/win_prob/H/WV/02/statewide_margin_pct_vs_percent_WV_2026_box.json
[saved] /home/ubuntu/apps/election-app/win_prob/H/WV/02/statewide_margin_pct_vs_percent_WV_2026_box.png
[saved] /home/ubuntu/apps/election-app/win_prob/H/WV/02/statewide_margin_pct_vs_percent_WV_2026.png

All 50 states complete. See: /home/ubuntu/apps/election-app/win_prob/H/WV/02

$ /home/ubuntu/.venv/bin/python3 /home/ubuntu/apps/election-app/stats/8.py --root /home/ubuntu/apps/election-app/win_prob/H/WV/02/_work --outdir /home/ubuntu/apps/election-app/win_prob/H/WV/02
[info] root  = /home/ubuntu/apps/election-app/win_prob/H/WV/02/_work
[info] outdir= /home/ubuntu/apps/election-app/win_prob/H/WV/02
[deleted] /home/ubuntu/apps/election-app/win_prob/H/WV/02/_work/stats_with_statewide.csv
[deleted] /home/ubuntu/apps/election-app/win_prob/H/WV/02/_work/stats2_final_headers.csv
[deleted] /home/ubuntu/apps/election-app/win_prob/H/WV/02/_work/2024_county_results_with_final-old.csv
[deleted] /home/ubuntu/apps/election-app/win_prob/H/WV/02/_work/2024_county_results_with_final.csv
[deleted] /home/ubuntu/apps/election-app/win_prob/H/WV/02/_work/2024_county_results_with_final_1.csv
[deleted] /home/ubuntu/apps/election-app/win_prob/H/WV/02/_work/2024_county_results_with_calcs-old.csv
[deleted] /home/ubuntu/apps/election-app/win_prob/H/WV/02/_work/2024_county_results_with_calcs_new.csv
[deleted] /home/ubuntu/apps/election-app/win_prob/H/WV/02/_work/output_statewide_stats.csv
[skip]    /home/ubuntu/apps/election-app/win_prob/H/WV/02/_work/probs_timeseries_PA.csv
[deleted] /home/ubuntu/apps/election-app/win_prob/H/WV/02/_work/2024_county_results_with_calcs.csv
[skip]    /home/ubuntu/apps/election-app/win_prob/H/WV/02/data_output.csv
[skip]    /home/ubuntu/apps/election-app/win_prob/H/WV/02/data_output_with_margins_old.csv
[skip]    /home/ubuntu/apps/election-app/win_prob/H/WV/02/data_output_with_margins.csv
[skip]    /home/ubuntu/apps/election-app/win_prob/H/WV/02/data_output_with_margins-statewide.csv
[deleted] /home/ubuntu/apps/election-app/win_prob/H/WV/02/snapshots_WV.csv
[deleted] /home/ubuntu/apps/election-app/win_prob/H/WV/02/data_output_WV.csv
[deleted] /home/ubuntu/apps/election-app/win_prob/H/WV/02/data_output_WV_with_margins.csv
[deleted] /home/ubuntu/apps/election-app/win_prob/H/WV/02/data_output_WV_with_margins_statewide_eevp.csv
[deleted] /home/ubuntu/apps/election-app/win_prob/H/WV/02/data_output_WV.csv.checkpoint.json
[deleted] /home/ubuntu/apps/election-app/win_prob/H/WV/02/stats.csv
[deleted] /home/ubuntu/apps/election-app/win_prob/H/WV/02/stats2.csv
[done] removed 16 file(s)
[2026-01-26 07:36:07] INFO: [PIPELINE] args: office=H state=WV district=02
[2026-01-26 07:36:07] INFO: [PIPELINE] WINPROB_DIR resolved to: /home/ubuntu/apps/election-app/win_prob/H/WV/02
[2026-01-26 07:36:07] INFO: [PIPELINE] OUTDIR set to: /home/ubuntu/apps/election-app/win_prob/H/WV/02

$ /home/ubuntu/.venv/bin/python3 /home/ubuntu/apps/election-app/stats/1-statewide.py --input /home/ubuntu/apps/election-app/win_prob/H/WV/02/stats.csv --output /home/ubuntu/apps/election-app/win_prob/H/WV/02/_work/stats_with_statewide.csv
Wrote /home/ubuntu/apps/election-app/win_prob/H/WV/02/_work/stats_with_statewide.csv (rows=27)

$ /home/ubuntu/.venv/bin/python3 /home/ubuntu/apps/election-app/stats/1-stats-2.py --input /home/ubuntu/apps/election-app/win_prob/H/WV/02/stats2.csv --output /home/ubuntu/apps/election-app/win_prob/H/WV/02/_work/stats2_final_headers.csv
Wrote /home/ubuntu/apps/election-app/win_prob/H/WV/02/_work/stats2_final_headers.csv (rows=27)

$ /home/ubuntu/.venv/bin/python3 /home/ubuntu/apps/election-app/stats/1-append-new.py
Wrote 2024_county_results_with_final-old.csv (rows=27, missing_final_matches=0)

$ /home/ubuntu/.venv/bin/python3 /home/ubuntu/apps/election-app/stats/1-change_header.py
Wrote: 2024_county_results_with_final.csv

$ /home/ubuntu/.venv/bin/python3 /home/ubuntu/apps/election-app/stats/1-cut-zero-fips.py
Wrote: 2024_county_results_with_final_1.csv
Rows before: 27
Rows after:  27
Dropped (fips == 0): 0

$ /home/ubuntu/.venv/bin/python3 /home/ubuntu/apps/election-app/stats/2-calc.py
Wrote 27 rows with calculations to /home/ubuntu/apps/election-app/win_prob/H/WV/02/_work/2024_county_results_with_calcs-old.csv

$ /home/ubuntu/.venv/bin/python3 /home/ubuntu/apps/election-app/stats/2-eevp.py
Wrote (no-op copy): 2024_county_results_with_calcs.csv
Columns:
 - timestamp
 - state
 - county
 - fips
 - trump_votes
 - harris_votes
 - other_votes
 - eevp
 - state_eevp
 - harris_votes_statewide
 - trump_votes_statewide
 - other_votes_statewide
 - final_state
 - final_county
 - final_fips
 - final_trump_votes
 - final_harris_votes
 - final_other_votes
 - harris_percent_snapshot
 - trump_percent_snapshot
 - margin_snapshot
 - harris_percent_final
 - trump_percent_final
 - margin_final
 - margin_difference
 - margin_difference_abs

$ /home/ubuntu/.venv/bin/python3 /home/ubuntu/apps/election-app/stats/3-calc-new.py
Wrote 27 rows with new columns to /home/ubuntu/apps/election-app/win_prob/H/WV/02/_work/2024_county_results_with_calcs_new.csv

$ /home/ubuntu/.venv/bin/python3 /home/ubuntu/apps/election-app/stats/4-stats.py
Reading 2024_county_results_with_calcs_new.csv...
Aggregating statewide totals...
Calculating percentages and margins...
Writing to output_statewide_stats.csv...
Done!
[2026-01-26 07:36:16] INFO: [PIPELINE] ENTER win-prob generation | states=['WV'] ts_list=['2024-11-05T15-30-22']

============================================================================
[01/1] STATE = WV
============================================================================

$ /home/ubuntu/.venv/bin/python3 /home/ubuntu/apps/election-app/stats/5-snapshots.py --state WV --input /home/ubuntu/apps/election-app/win_prob/H/WV/02/_work/output_statewide_stats.csv --output /home/ubuntu/apps/election-app/win_prob/H/WV/02/snapshots_WV.csv --start 2024-11-05T15-30-22 --end 2024-11-05T15-30-22 --use-window 1 --interval 30
Mode: windowed-one-state
Rows written: 27
Distinct states in output: WV
Rows per normalized timestamp (empty = unparseable):
  2024-11-05T15-30-22: 27
Wrote /home/ubuntu/apps/election-app/win_prob/H/WV/02/snapshots_WV.csv

$ /home/ubuntu/.venv/bin/python3 /home/ubuntu/apps/election-app/stats/6-pval.py /home/ubuntu/apps/election-app/win_prob/H/WV/02/snapshots_WV.csv -t /home/ubuntu/apps/election-app/stats/parameters.csv -o /home/ubuntu/apps/election-app/win_prob/H/WV/02/data_output_WV.csv -c 50
Done. Wrote: /home/ubuntu/apps/election-app/win_prob/H/WV/02/data_output_WV.csv
Total rows: 27 (chunked, resumable).
Computed columns for PVALS = [0.01, 0.1, 1, 2, 3, 5, 10, 15, 20, 25, 30, 35, 40, 45, 50, 55, 60, 65, 70, 75, 80, 85, 90, 95, 97, 98, 99, 99.9, 99.99]
Per p (leader): shift_{p}, margin_new_{p}, harris_percent_new_{p}, trump_percent_new_{p}, total_snapshot_{p}, total_expected_{p}, harris_votes_new_{p}, trump_votes_new_{p}
Per p (trailing): shift_trailing_{p}, margin_new_{p}_trailing, harris_percent_new_{p}_trailing, trump_percent_new_{p}_trailing, total_snapshot_{p}_trailing, total_expected_{p}_trailing, harris_votes_new_{p}_trailing, trump_votes_new_{p}_trailing
Checkpoint saved at: /home/ubuntu/apps/election-app/win_prob/H/WV/02/data_output_WV.csv.checkpoint.json

$ /home/ubuntu/.venv/bin/python3 /home/ubuntu/apps/election-app/stats/7-margin-new.py
Wrote data_output_with_margins_old.csv

$ /home/ubuntu/.venv/bin/python3 /home/ubuntu/apps/election-app/stats/7-eevp-statewide.py
Wrote data_output_with_margins.csv (copied from data_output_with_margins_old.csv)

$ /home/ubuntu/.venv/bin/python3 /home/ubuntu/apps/election-app/stats/7.py --input /home/ubuntu/apps/election-app/win_prob/H/WV/02/data_output_WV_with_margins_statewide_eevp.csv --output /home/ubuntu/apps/election-app/win_prob/H/WV/02/statewide_margin_pct_vs_percent_WV_2026.png --state WV --start 2024-11-05T15-30-22 --end 2024-11-05T15-30-22 --stats /home/ubuntu/apps/election-app/win_prob/H/WV/02/stats.csv --stats2 /home/ubuntu/apps/election-app/win_prob/H/WV/02/stats2.csv --interval 30 --year 2026 --jsonl /home/ubuntu/apps/election-app/win_prob/H/WV/02/plotdata_WV_2026_2026-01-26T07-36-07.jsonl
[info] evaluating 1 timestamps from 2024-11-05T15-30-22 to 2024-11-05T15-30-22 every 30 minutes
[saved] probs_timeseries_WV.csv  (1 points)
[saved] /home/ubuntu/apps/election-app/win_prob/H/WV/02/plotdata_WV_2026_2026-01-26T07-36-07.jsonl  (4 points)
[saved] /home/ubuntu/apps/election-app/win_prob/H/WV/02/statewide_margin_pct_vs_percent_WV_2026_box.json
[saved] /home/ubuntu/apps/election-app/win_prob/H/WV/02/statewide_margin_pct_vs_percent_WV_2026_box.png
[saved] /home/ubuntu/apps/election-app/win_prob/H/WV/02/statewide_margin_pct_vs_percent_WV_2026.png

All 50 states complete. See: /home/ubuntu/apps/election-app/win_prob/H/WV/02

$ /home/ubuntu/.venv/bin/python3 /home/ubuntu/apps/election-app/stats/8.py --root /home/ubuntu/apps/election-app/win_prob/H/WV/02/_work --outdir /home/ubuntu/apps/election-app/win_prob/H/WV/02
[info] root  = /home/ubuntu/apps/election-app/win_prob/H/WV/02/_work
[info] outdir= /home/ubuntu/apps/election-app/win_prob/H/WV/02
[deleted] /home/ubuntu/apps/election-app/win_prob/H/WV/02/_work/stats_with_statewide.csv
[deleted] /home/ubuntu/apps/election-app/win_prob/H/WV/02/_work/stats2_final_headers.csv
[deleted] /home/ubuntu/apps/election-app/win_prob/H/WV/02/_work/2024_county_results_with_final-old.csv
[deleted] /home/ubuntu/apps/election-app/win_prob/H/WV/02/_work/2024_county_results_with_final.csv
[deleted] /home/ubuntu/apps/election-app/win_prob/H/WV/02/_work/2024_county_results_with_final_1.csv
[deleted] /home/ubuntu/apps/election-app/win_prob/H/WV/02/_work/2024_county_results_with_calcs-old.csv
[deleted] /home/ubuntu/apps/election-app/win_prob/H/WV/02/_work/2024_county_results_with_calcs_new.csv
[deleted] /home/ubuntu/apps/election-app/win_prob/H/WV/02/_work/output_statewide_stats.csv
[skip]    /home/ubuntu/apps/election-app/win_prob/H/WV/02/_work/probs_timeseries_PA.csv
[deleted] /home/ubuntu/apps/election-app/win_prob/H/WV/02/_work/2024_county_results_with_calcs.csv
[skip]    /home/ubuntu/apps/election-app/win_prob/H/WV/02/data_output.csv
[skip]    /home/ubuntu/apps/election-app/win_prob/H/WV/02/data_output_with_margins_old.csv
[skip]    /home/ubuntu/apps/election-app/win_prob/H/WV/02/data_output_with_margins.csv
[skip]    /home/ubuntu/apps/election-app/win_prob/H/WV/02/data_output_with_margins-statewide.csv
[deleted] /home/ubuntu/apps/election-app/win_prob/H/WV/02/snapshots_WV.csv
[deleted] /home/ubuntu/apps/election-app/win_prob/H/WV/02/data_output_WV.csv
[deleted] /home/ubuntu/apps/election-app/win_prob/H/WV/02/data_output_WV_with_margins.csv
[deleted] /home/ubuntu/apps/election-app/win_prob/H/WV/02/data_output_WV_with_margins_statewide_eevp.csv
[deleted] /home/ubuntu/apps/election-app/win_prob/H/WV/02/data_output_WV.csv.checkpoint.json
[deleted] /home/ubuntu/apps/election-app/win_prob/H/WV/02/stats.csv
[deleted] /home/ubuntu/apps/election-app/win_prob/H/WV/02/stats2.csv
[done] removed 16 file(s)
[2026-01-26 07:43:11] INFO: [PIPELINE] args: office=H state=WV district=02
[2026-01-26 07:43:11] INFO: [PIPELINE] WINPROB_DIR resolved to: /home/ubuntu/apps/election-app/win_prob/H/WV/02
[2026-01-26 07:43:11] INFO: [PIPELINE] OUTDIR set to: /home/ubuntu/apps/election-app/win_prob/H/WV/02

$ /home/ubuntu/.venv/bin/python3 /home/ubuntu/apps/election-app/stats/1-statewide.py --input /home/ubuntu/apps/election-app/win_prob/H/WV/02/stats.csv --output /home/ubuntu/apps/election-app/win_prob/H/WV/02/_work/stats_with_statewide.csv
Wrote /home/ubuntu/apps/election-app/win_prob/H/WV/02/_work/stats_with_statewide.csv (rows=27)

$ /home/ubuntu/.venv/bin/python3 /home/ubuntu/apps/election-app/stats/1-stats-2.py --input /home/ubuntu/apps/election-app/win_prob/H/WV/02/stats2.csv --output /home/ubuntu/apps/election-app/win_prob/H/WV/02/_work/stats2_final_headers.csv
Wrote /home/ubuntu/apps/election-app/win_prob/H/WV/02/_work/stats2_final_headers.csv (rows=27)

$ /home/ubuntu/.venv/bin/python3 /home/ubuntu/apps/election-app/stats/1-append-new.py
Wrote 2024_county_results_with_final-old.csv (rows=27, missing_final_matches=0)

$ /home/ubuntu/.venv/bin/python3 /home/ubuntu/apps/election-app/stats/1-change_header.py
Wrote: 2024_county_results_with_final.csv

$ /home/ubuntu/.venv/bin/python3 /home/ubuntu/apps/election-app/stats/1-cut-zero-fips.py
Wrote: 2024_county_results_with_final_1.csv
Rows before: 27
Rows after:  27
Dropped (fips == 0): 0

$ /home/ubuntu/.venv/bin/python3 /home/ubuntu/apps/election-app/stats/2-calc.py
Wrote 27 rows with calculations to /home/ubuntu/apps/election-app/win_prob/H/WV/02/_work/2024_county_results_with_calcs-old.csv

$ /home/ubuntu/.venv/bin/python3 /home/ubuntu/apps/election-app/stats/2-eevp.py
Wrote (no-op copy): 2024_county_results_with_calcs.csv
Columns:
 - timestamp
 - state
 - county
 - fips
 - trump_votes
 - harris_votes
 - other_votes
 - eevp
 - state_eevp
 - harris_votes_statewide
 - trump_votes_statewide
 - other_votes_statewide
 - final_state
 - final_county
 - final_fips
 - final_trump_votes
 - final_harris_votes
 - final_other_votes
 - harris_percent_snapshot
 - trump_percent_snapshot
 - margin_snapshot
 - harris_percent_final
 - trump_percent_final
 - margin_final
 - margin_difference
 - margin_difference_abs

$ /home/ubuntu/.venv/bin/python3 /home/ubuntu/apps/election-app/stats/3-calc-new.py
Wrote 27 rows with new columns to /home/ubuntu/apps/election-app/win_prob/H/WV/02/_work/2024_county_results_with_calcs_new.csv

$ /home/ubuntu/.venv/bin/python3 /home/ubuntu/apps/election-app/stats/4-stats.py
Reading 2024_county_results_with_calcs_new.csv...
Aggregating statewide totals...
Calculating percentages and margins...
Writing to output_statewide_stats.csv...
Done!
[2026-01-26 07:43:20] INFO: [PIPELINE] ENTER win-prob generation | states=['WV'] ts_list=['2024-11-05T15-30-22']

============================================================================
[01/1] STATE = WV
============================================================================

$ /home/ubuntu/.venv/bin/python3 /home/ubuntu/apps/election-app/stats/5-snapshots.py --state WV --input /home/ubuntu/apps/election-app/win_prob/H/WV/02/_work/output_statewide_stats.csv --output /home/ubuntu/apps/election-app/win_prob/H/WV/02/snapshots_WV.csv --start 2024-11-05T15-30-22 --end 2024-11-05T15-30-22 --use-window 1 --interval 30
Mode: windowed-one-state
Rows written: 27
Distinct states in output: WV
Rows per normalized timestamp (empty = unparseable):
  2024-11-05T15-30-22: 27
Wrote /home/ubuntu/apps/election-app/win_prob/H/WV/02/snapshots_WV.csv

$ /home/ubuntu/.venv/bin/python3 /home/ubuntu/apps/election-app/stats/6-pval.py /home/ubuntu/apps/election-app/win_prob/H/WV/02/snapshots_WV.csv -t /home/ubuntu/apps/election-app/stats/parameters.csv -o /home/ubuntu/apps/election-app/win_prob/H/WV/02/data_output_WV.csv -c 50
Done. Wrote: /home/ubuntu/apps/election-app/win_prob/H/WV/02/data_output_WV.csv
Total rows: 27 (chunked, resumable).
Computed columns for PVALS = [0.01, 0.1, 1, 2, 3, 5, 10, 15, 20, 25, 30, 35, 40, 45, 50, 55, 60, 65, 70, 75, 80, 85, 90, 95, 97, 98, 99, 99.9, 99.99]
Per p (leader): shift_{p}, margin_new_{p}, harris_percent_new_{p}, trump_percent_new_{p}, total_snapshot_{p}, total_expected_{p}, harris_votes_new_{p}, trump_votes_new_{p}
Per p (trailing): shift_trailing_{p}, margin_new_{p}_trailing, harris_percent_new_{p}_trailing, trump_percent_new_{p}_trailing, total_snapshot_{p}_trailing, total_expected_{p}_trailing, harris_votes_new_{p}_trailing, trump_votes_new_{p}_trailing
Checkpoint saved at: /home/ubuntu/apps/election-app/win_prob/H/WV/02/data_output_WV.csv.checkpoint.json

$ /home/ubuntu/.venv/bin/python3 /home/ubuntu/apps/election-app/stats/7-margin-new.py
Wrote data_output_with_margins_old.csv

$ /home/ubuntu/.venv/bin/python3 /home/ubuntu/apps/election-app/stats/7-eevp-statewide.py
Wrote data_output_with_margins.csv (copied from data_output_with_margins_old.csv)

$ /home/ubuntu/.venv/bin/python3 /home/ubuntu/apps/election-app/stats/7.py --input /home/ubuntu/apps/election-app/win_prob/H/WV/02/data_output_WV_with_margins_statewide_eevp.csv --output /home/ubuntu/apps/election-app/win_prob/H/WV/02/statewide_margin_pct_vs_percent_WV_2026.png --state WV --start 2024-11-05T15-30-22 --end 2024-11-05T15-30-22 --stats /home/ubuntu/apps/election-app/win_prob/H/WV/02/stats.csv --stats2 /home/ubuntu/apps/election-app/win_prob/H/WV/02/stats2.csv --interval 30 --year 2026 --jsonl /home/ubuntu/apps/election-app/win_prob/H/WV/02/plotdata_WV_2026_2026-01-26T07-43-11.jsonl
[info] evaluating 1 timestamps from 2024-11-05T15-30-22 to 2024-11-05T15-30-22 every 30 minutes
[saved] probs_timeseries_WV.csv  (1 points)
[saved] /home/ubuntu/apps/election-app/win_prob/H/WV/02/plotdata_WV_2026_2026-01-26T07-43-11.jsonl  (4 points)
[saved] /home/ubuntu/apps/election-app/win_prob/H/WV/02/statewide_margin_pct_vs_percent_WV_2026_box.json
[saved] /home/ubuntu/apps/election-app/win_prob/H/WV/02/statewide_margin_pct_vs_percent_WV_2026_box.png
[saved] /home/ubuntu/apps/election-app/win_prob/H/WV/02/statewide_margin_pct_vs_percent_WV_2026.png

All 50 states complete. See: /home/ubuntu/apps/election-app/win_prob/H/WV/02

$ /home/ubuntu/.venv/bin/python3 /home/ubuntu/apps/election-app/stats/8.py --root /home/ubuntu/apps/election-app/win_prob/H/WV/02/_work --outdir /home/ubuntu/apps/election-app/win_prob/H/WV/02
[info] root  = /home/ubuntu/apps/election-app/win_prob/H/WV/02/_work
[info] outdir= /home/ubuntu/apps/election-app/win_prob/H/WV/02
[deleted] /home/ubuntu/apps/election-app/win_prob/H/WV/02/_work/stats_with_statewide.csv
[deleted] /home/ubuntu/apps/election-app/win_prob/H/WV/02/_work/stats2_final_headers.csv
[deleted] /home/ubuntu/apps/election-app/win_prob/H/WV/02/_work/2024_county_results_with_final-old.csv
[deleted] /home/ubuntu/apps/election-app/win_prob/H/WV/02/_work/2024_county_results_with_final.csv
[deleted] /home/ubuntu/apps/election-app/win_prob/H/WV/02/_work/2024_county_results_with_final_1.csv
[deleted] /home/ubuntu/apps/election-app/win_prob/H/WV/02/_work/2024_county_results_with_calcs-old.csv
[deleted] /home/ubuntu/apps/election-app/win_prob/H/WV/02/_work/2024_county_results_with_calcs_new.csv
[deleted] /home/ubuntu/apps/election-app/win_prob/H/WV/02/_work/output_statewide_stats.csv
[skip]    /home/ubuntu/apps/election-app/win_prob/H/WV/02/_work/probs_timeseries_PA.csv
[deleted] /home/ubuntu/apps/election-app/win_prob/H/WV/02/_work/2024_county_results_with_calcs.csv
[skip]    /home/ubuntu/apps/election-app/win_prob/H/WV/02/data_output.csv
[skip]    /home/ubuntu/apps/election-app/win_prob/H/WV/02/data_output_with_margins_old.csv
[skip]    /home/ubuntu/apps/election-app/win_prob/H/WV/02/data_output_with_margins.csv
[skip]    /home/ubuntu/apps/election-app/win_prob/H/WV/02/data_output_with_margins-statewide.csv
[deleted] /home/ubuntu/apps/election-app/win_prob/H/WV/02/snapshots_WV.csv
[deleted] /home/ubuntu/apps/election-app/win_prob/H/WV/02/data_output_WV.csv
[deleted] /home/ubuntu/apps/election-app/win_prob/H/WV/02/data_output_WV_with_margins.csv
[deleted] /home/ubuntu/apps/election-app/win_prob/H/WV/02/data_output_WV_with_margins_statewide_eevp.csv
[deleted] /home/ubuntu/apps/election-app/win_prob/H/WV/02/data_output_WV.csv.checkpoint.json
[deleted] /home/ubuntu/apps/election-app/win_prob/H/WV/02/stats.csv
[deleted] /home/ubuntu/apps/election-app/win_prob/H/WV/02/stats2.csv
[done] removed 16 file(s)
[2026-01-26 07:50:13] INFO: [PIPELINE] args: office=H state=WV district=02
[2026-01-26 07:50:13] INFO: [PIPELINE] WINPROB_DIR resolved to: /home/ubuntu/apps/election-app/win_prob/H/WV/02
[2026-01-26 07:50:13] INFO: [PIPELINE] OUTDIR set to: /home/ubuntu/apps/election-app/win_prob/H/WV/02

$ /home/ubuntu/.venv/bin/python3 /home/ubuntu/apps/election-app/stats/1-statewide.py --input /home/ubuntu/apps/election-app/win_prob/H/WV/02/stats.csv --output /home/ubuntu/apps/election-app/win_prob/H/WV/02/_work/stats_with_statewide.csv
Wrote /home/ubuntu/apps/election-app/win_prob/H/WV/02/_work/stats_with_statewide.csv (rows=27)

$ /home/ubuntu/.venv/bin/python3 /home/ubuntu/apps/election-app/stats/1-stats-2.py --input /home/ubuntu/apps/election-app/win_prob/H/WV/02/stats2.csv --output /home/ubuntu/apps/election-app/win_prob/H/WV/02/_work/stats2_final_headers.csv
Wrote /home/ubuntu/apps/election-app/win_prob/H/WV/02/_work/stats2_final_headers.csv (rows=27)

$ /home/ubuntu/.venv/bin/python3 /home/ubuntu/apps/election-app/stats/1-append-new.py
Wrote 2024_county_results_with_final-old.csv (rows=27, missing_final_matches=0)

$ /home/ubuntu/.venv/bin/python3 /home/ubuntu/apps/election-app/stats/1-change_header.py
Wrote: 2024_county_results_with_final.csv

$ /home/ubuntu/.venv/bin/python3 /home/ubuntu/apps/election-app/stats/1-cut-zero-fips.py
Wrote: 2024_county_results_with_final_1.csv
Rows before: 27
Rows after:  27
Dropped (fips == 0): 0

$ /home/ubuntu/.venv/bin/python3 /home/ubuntu/apps/election-app/stats/2-calc.py
Wrote 27 rows with calculations to /home/ubuntu/apps/election-app/win_prob/H/WV/02/_work/2024_county_results_with_calcs-old.csv

$ /home/ubuntu/.venv/bin/python3 /home/ubuntu/apps/election-app/stats/2-eevp.py
Wrote (no-op copy): 2024_county_results_with_calcs.csv
Columns:
 - timestamp
 - state
 - county
 - fips
 - trump_votes
 - harris_votes
 - other_votes
 - eevp
 - state_eevp
 - harris_votes_statewide
 - trump_votes_statewide
 - other_votes_statewide
 - final_state
 - final_county
 - final_fips
 - final_trump_votes
 - final_harris_votes
 - final_other_votes
 - harris_percent_snapshot
 - trump_percent_snapshot
 - margin_snapshot
 - harris_percent_final
 - trump_percent_final
 - margin_final
 - margin_difference
 - margin_difference_abs

$ /home/ubuntu/.venv/bin/python3 /home/ubuntu/apps/election-app/stats/3-calc-new.py
Wrote 27 rows with new columns to /home/ubuntu/apps/election-app/win_prob/H/WV/02/_work/2024_county_results_with_calcs_new.csv

$ /home/ubuntu/.venv/bin/python3 /home/ubuntu/apps/election-app/stats/4-stats.py
Reading 2024_county_results_with_calcs_new.csv...
Aggregating statewide totals...
Calculating percentages and margins...
Writing to output_statewide_stats.csv...
Done!
[2026-01-26 07:50:22] INFO: [PIPELINE] ENTER win-prob generation | states=['WV'] ts_list=['2024-11-05T15-30-22']

============================================================================
[01/1] STATE = WV
============================================================================

$ /home/ubuntu/.venv/bin/python3 /home/ubuntu/apps/election-app/stats/5-snapshots.py --state WV --input /home/ubuntu/apps/election-app/win_prob/H/WV/02/_work/output_statewide_stats.csv --output /home/ubuntu/apps/election-app/win_prob/H/WV/02/snapshots_WV.csv --start 2024-11-05T15-30-22 --end 2024-11-05T15-30-22 --use-window 1 --interval 30
Mode: windowed-one-state
Rows written: 27
Distinct states in output: WV
Rows per normalized timestamp (empty = unparseable):
  2024-11-05T15-30-22: 27
Wrote /home/ubuntu/apps/election-app/win_prob/H/WV/02/snapshots_WV.csv

$ /home/ubuntu/.venv/bin/python3 /home/ubuntu/apps/election-app/stats/6-pval.py /home/ubuntu/apps/election-app/win_prob/H/WV/02/snapshots_WV.csv -t /home/ubuntu/apps/election-app/stats/parameters.csv -o /home/ubuntu/apps/election-app/win_prob/H/WV/02/data_output_WV.csv -c 50
Done. Wrote: /home/ubuntu/apps/election-app/win_prob/H/WV/02/data_output_WV.csv
Total rows: 27 (chunked, resumable).
Computed columns for PVALS = [0.01, 0.1, 1, 2, 3, 5, 10, 15, 20, 25, 30, 35, 40, 45, 50, 55, 60, 65, 70, 75, 80, 85, 90, 95, 97, 98, 99, 99.9, 99.99]
Per p (leader): shift_{p}, margin_new_{p}, harris_percent_new_{p}, trump_percent_new_{p}, total_snapshot_{p}, total_expected_{p}, harris_votes_new_{p}, trump_votes_new_{p}
Per p (trailing): shift_trailing_{p}, margin_new_{p}_trailing, harris_percent_new_{p}_trailing, trump_percent_new_{p}_trailing, total_snapshot_{p}_trailing, total_expected_{p}_trailing, harris_votes_new_{p}_trailing, trump_votes_new_{p}_trailing
Checkpoint saved at: /home/ubuntu/apps/election-app/win_prob/H/WV/02/data_output_WV.csv.checkpoint.json

$ /home/ubuntu/.venv/bin/python3 /home/ubuntu/apps/election-app/stats/7-margin-new.py
Wrote data_output_with_margins_old.csv

$ /home/ubuntu/.venv/bin/python3 /home/ubuntu/apps/election-app/stats/7-eevp-statewide.py
Wrote data_output_with_margins.csv (copied from data_output_with_margins_old.csv)

$ /home/ubuntu/.venv/bin/python3 /home/ubuntu/apps/election-app/stats/7.py --input /home/ubuntu/apps/election-app/win_prob/H/WV/02/data_output_WV_with_margins_statewide_eevp.csv --output /home/ubuntu/apps/election-app/win_prob/H/WV/02/statewide_margin_pct_vs_percent_WV_2026.png --state WV --start 2024-11-05T15-30-22 --end 2024-11-05T15-30-22 --stats /home/ubuntu/apps/election-app/win_prob/H/WV/02/stats.csv --stats2 /home/ubuntu/apps/election-app/win_prob/H/WV/02/stats2.csv --interval 30 --year 2026 --jsonl /home/ubuntu/apps/election-app/win_prob/H/WV/02/plotdata_WV_2026_2026-01-26T07-50-13.jsonl
[info] evaluating 1 timestamps from 2024-11-05T15-30-22 to 2024-11-05T15-30-22 every 30 minutes
[saved] probs_timeseries_WV.csv  (1 points)
[saved] /home/ubuntu/apps/election-app/win_prob/H/WV/02/plotdata_WV_2026_2026-01-26T07-50-13.jsonl  (4 points)
[saved] /home/ubuntu/apps/election-app/win_prob/H/WV/02/statewide_margin_pct_vs_percent_WV_2026_box.json
[saved] /home/ubuntu/apps/election-app/win_prob/H/WV/02/statewide_margin_pct_vs_percent_WV_2026_box.png
[saved] /home/ubuntu/apps/election-app/win_prob/H/WV/02/statewide_margin_pct_vs_percent_WV_2026.png

All 50 states complete. See: /home/ubuntu/apps/election-app/win_prob/H/WV/02

$ /home/ubuntu/.venv/bin/python3 /home/ubuntu/apps/election-app/stats/8.py --root /home/ubuntu/apps/election-app/win_prob/H/WV/02/_work --outdir /home/ubuntu/apps/election-app/win_prob/H/WV/02
[info] root  = /home/ubuntu/apps/election-app/win_prob/H/WV/02/_work
[info] outdir= /home/ubuntu/apps/election-app/win_prob/H/WV/02
[deleted] /home/ubuntu/apps/election-app/win_prob/H/WV/02/_work/stats_with_statewide.csv
[deleted] /home/ubuntu/apps/election-app/win_prob/H/WV/02/_work/stats2_final_headers.csv
[deleted] /home/ubuntu/apps/election-app/win_prob/H/WV/02/_work/2024_county_results_with_final-old.csv
[deleted] /home/ubuntu/apps/election-app/win_prob/H/WV/02/_work/2024_county_results_with_final.csv
[deleted] /home/ubuntu/apps/election-app/win_prob/H/WV/02/_work/2024_county_results_with_final_1.csv
[deleted] /home/ubuntu/apps/election-app/win_prob/H/WV/02/_work/2024_county_results_with_calcs-old.csv
[deleted] /home/ubuntu/apps/election-app/win_prob/H/WV/02/_work/2024_county_results_with_calcs_new.csv
[deleted] /home/ubuntu/apps/election-app/win_prob/H/WV/02/_work/output_statewide_stats.csv
[skip]    /home/ubuntu/apps/election-app/win_prob/H/WV/02/_work/probs_timeseries_PA.csv
[deleted] /home/ubuntu/apps/election-app/win_prob/H/WV/02/_work/2024_county_results_with_calcs.csv
[skip]    /home/ubuntu/apps/election-app/win_prob/H/WV/02/data_output.csv
[skip]    /home/ubuntu/apps/election-app/win_prob/H/WV/02/data_output_with_margins_old.csv
[skip]    /home/ubuntu/apps/election-app/win_prob/H/WV/02/data_output_with_margins.csv
[skip]    /home/ubuntu/apps/election-app/win_prob/H/WV/02/data_output_with_margins-statewide.csv
[deleted] /home/ubuntu/apps/election-app/win_prob/H/WV/02/snapshots_WV.csv
[deleted] /home/ubuntu/apps/election-app/win_prob/H/WV/02/data_output_WV.csv
[deleted] /home/ubuntu/apps/election-app/win_prob/H/WV/02/data_output_WV_with_margins.csv
[deleted] /home/ubuntu/apps/election-app/win_prob/H/WV/02/data_output_WV_with_margins_statewide_eevp.csv
[deleted] /home/ubuntu/apps/election-app/win_prob/H/WV/02/data_output_WV.csv.checkpoint.json
[deleted] /home/ubuntu/apps/election-app/win_prob/H/WV/02/stats.csv
[deleted] /home/ubuntu/apps/election-app/win_prob/H/WV/02/stats2.csv
[done] removed 16 file(s)
[2026-01-26 07:57:15] INFO: [PIPELINE] args: office=H state=WV district=02
[2026-01-26 07:57:15] INFO: [PIPELINE] WINPROB_DIR resolved to: /home/ubuntu/apps/election-app/win_prob/H/WV/02
[2026-01-26 07:57:15] INFO: [PIPELINE] OUTDIR set to: /home/ubuntu/apps/election-app/win_prob/H/WV/02

$ /home/ubuntu/.venv/bin/python3 /home/ubuntu/apps/election-app/stats/1-statewide.py --input /home/ubuntu/apps/election-app/win_prob/H/WV/02/stats.csv --output /home/ubuntu/apps/election-app/win_prob/H/WV/02/_work/stats_with_statewide.csv
Wrote /home/ubuntu/apps/election-app/win_prob/H/WV/02/_work/stats_with_statewide.csv (rows=27)

$ /home/ubuntu/.venv/bin/python3 /home/ubuntu/apps/election-app/stats/1-stats-2.py --input /home/ubuntu/apps/election-app/win_prob/H/WV/02/stats2.csv --output /home/ubuntu/apps/election-app/win_prob/H/WV/02/_work/stats2_final_headers.csv
Wrote /home/ubuntu/apps/election-app/win_prob/H/WV/02/_work/stats2_final_headers.csv (rows=27)

$ /home/ubuntu/.venv/bin/python3 /home/ubuntu/apps/election-app/stats/1-append-new.py
Wrote 2024_county_results_with_final-old.csv (rows=27, missing_final_matches=0)

$ /home/ubuntu/.venv/bin/python3 /home/ubuntu/apps/election-app/stats/1-change_header.py
Wrote: 2024_county_results_with_final.csv

$ /home/ubuntu/.venv/bin/python3 /home/ubuntu/apps/election-app/stats/1-cut-zero-fips.py
Wrote: 2024_county_results_with_final_1.csv
Rows before: 27
Rows after:  27
Dropped (fips == 0): 0

$ /home/ubuntu/.venv/bin/python3 /home/ubuntu/apps/election-app/stats/2-calc.py
Wrote 27 rows with calculations to /home/ubuntu/apps/election-app/win_prob/H/WV/02/_work/2024_county_results_with_calcs-old.csv

$ /home/ubuntu/.venv/bin/python3 /home/ubuntu/apps/election-app/stats/2-eevp.py
Wrote (no-op copy): 2024_county_results_with_calcs.csv
Columns:
 - timestamp
 - state
 - county
 - fips
 - trump_votes
 - harris_votes
 - other_votes
 - eevp
 - state_eevp
 - harris_votes_statewide
 - trump_votes_statewide
 - other_votes_statewide
 - final_state
 - final_county
 - final_fips
 - final_trump_votes
 - final_harris_votes
 - final_other_votes
 - harris_percent_snapshot
 - trump_percent_snapshot
 - margin_snapshot
 - harris_percent_final
 - trump_percent_final
 - margin_final
 - margin_difference
 - margin_difference_abs

$ /home/ubuntu/.venv/bin/python3 /home/ubuntu/apps/election-app/stats/3-calc-new.py
Wrote 27 rows with new columns to /home/ubuntu/apps/election-app/win_prob/H/WV/02/_work/2024_county_results_with_calcs_new.csv

$ /home/ubuntu/.venv/bin/python3 /home/ubuntu/apps/election-app/stats/4-stats.py
Reading 2024_county_results_with_calcs_new.csv...
Aggregating statewide totals...
Calculating percentages and margins...
Writing to output_statewide_stats.csv...
Done!
[2026-01-26 07:57:24] INFO: [PIPELINE] ENTER win-prob generation | states=['WV'] ts_list=['2024-11-05T15-30-22']

============================================================================
[01/1] STATE = WV
============================================================================

$ /home/ubuntu/.venv/bin/python3 /home/ubuntu/apps/election-app/stats/5-snapshots.py --state WV --input /home/ubuntu/apps/election-app/win_prob/H/WV/02/_work/output_statewide_stats.csv --output /home/ubuntu/apps/election-app/win_prob/H/WV/02/snapshots_WV.csv --start 2024-11-05T15-30-22 --end 2024-11-05T15-30-22 --use-window 1 --interval 30
Mode: windowed-one-state
Rows written: 27
Distinct states in output: WV
Rows per normalized timestamp (empty = unparseable):
  2024-11-05T15-30-22: 27
Wrote /home/ubuntu/apps/election-app/win_prob/H/WV/02/snapshots_WV.csv

$ /home/ubuntu/.venv/bin/python3 /home/ubuntu/apps/election-app/stats/6-pval.py /home/ubuntu/apps/election-app/win_prob/H/WV/02/snapshots_WV.csv -t /home/ubuntu/apps/election-app/stats/parameters.csv -o /home/ubuntu/apps/election-app/win_prob/H/WV/02/data_output_WV.csv -c 50
Done. Wrote: /home/ubuntu/apps/election-app/win_prob/H/WV/02/data_output_WV.csv
Total rows: 27 (chunked, resumable).
Computed columns for PVALS = [0.01, 0.1, 1, 2, 3, 5, 10, 15, 20, 25, 30, 35, 40, 45, 50, 55, 60, 65, 70, 75, 80, 85, 90, 95, 97, 98, 99, 99.9, 99.99]
Per p (leader): shift_{p}, margin_new_{p}, harris_percent_new_{p}, trump_percent_new_{p}, total_snapshot_{p}, total_expected_{p}, harris_votes_new_{p}, trump_votes_new_{p}
Per p (trailing): shift_trailing_{p}, margin_new_{p}_trailing, harris_percent_new_{p}_trailing, trump_percent_new_{p}_trailing, total_snapshot_{p}_trailing, total_expected_{p}_trailing, harris_votes_new_{p}_trailing, trump_votes_new_{p}_trailing
Checkpoint saved at: /home/ubuntu/apps/election-app/win_prob/H/WV/02/data_output_WV.csv.checkpoint.json

$ /home/ubuntu/.venv/bin/python3 /home/ubuntu/apps/election-app/stats/7-margin-new.py
Wrote data_output_with_margins_old.csv

$ /home/ubuntu/.venv/bin/python3 /home/ubuntu/apps/election-app/stats/7-eevp-statewide.py
Wrote data_output_with_margins.csv (copied from data_output_with_margins_old.csv)

$ /home/ubuntu/.venv/bin/python3 /home/ubuntu/apps/election-app/stats/7.py --input /home/ubuntu/apps/election-app/win_prob/H/WV/02/data_output_WV_with_margins_statewide_eevp.csv --output /home/ubuntu/apps/election-app/win_prob/H/WV/02/statewide_margin_pct_vs_percent_WV_2026.png --state WV --start 2024-11-05T15-30-22 --end 2024-11-05T15-30-22 --stats /home/ubuntu/apps/election-app/win_prob/H/WV/02/stats.csv --stats2 /home/ubuntu/apps/election-app/win_prob/H/WV/02/stats2.csv --interval 30 --year 2026 --jsonl /home/ubuntu/apps/election-app/win_prob/H/WV/02/plotdata_WV_2026_2026-01-26T07-57-15.jsonl
[info] evaluating 1 timestamps from 2024-11-05T15-30-22 to 2024-11-05T15-30-22 every 30 minutes
[saved] probs_timeseries_WV.csv  (1 points)
[saved] /home/ubuntu/apps/election-app/win_prob/H/WV/02/plotdata_WV_2026_2026-01-26T07-57-15.jsonl  (4 points)
[saved] /home/ubuntu/apps/election-app/win_prob/H/WV/02/statewide_margin_pct_vs_percent_WV_2026_box.json
[saved] /home/ubuntu/apps/election-app/win_prob/H/WV/02/statewide_margin_pct_vs_percent_WV_2026_box.png
[saved] /home/ubuntu/apps/election-app/win_prob/H/WV/02/statewide_margin_pct_vs_percent_WV_2026.png

All 50 states complete. See: /home/ubuntu/apps/election-app/win_prob/H/WV/02

$ /home/ubuntu/.venv/bin/python3 /home/ubuntu/apps/election-app/stats/8.py --root /home/ubuntu/apps/election-app/win_prob/H/WV/02/_work --outdir /home/ubuntu/apps/election-app/win_prob/H/WV/02
[info] root  = /home/ubuntu/apps/election-app/win_prob/H/WV/02/_work
[info] outdir= /home/ubuntu/apps/election-app/win_prob/H/WV/02
[deleted] /home/ubuntu/apps/election-app/win_prob/H/WV/02/_work/stats_with_statewide.csv
[deleted] /home/ubuntu/apps/election-app/win_prob/H/WV/02/_work/stats2_final_headers.csv
[deleted] /home/ubuntu/apps/election-app/win_prob/H/WV/02/_work/2024_county_results_with_final-old.csv
[deleted] /home/ubuntu/apps/election-app/win_prob/H/WV/02/_work/2024_county_results_with_final.csv
[deleted] /home/ubuntu/apps/election-app/win_prob/H/WV/02/_work/2024_county_results_with_final_1.csv
[deleted] /home/ubuntu/apps/election-app/win_prob/H/WV/02/_work/2024_county_results_with_calcs-old.csv
[deleted] /home/ubuntu/apps/election-app/win_prob/H/WV/02/_work/2024_county_results_with_calcs_new.csv
[deleted] /home/ubuntu/apps/election-app/win_prob/H/WV/02/_work/output_statewide_stats.csv
[skip]    /home/ubuntu/apps/election-app/win_prob/H/WV/02/_work/probs_timeseries_PA.csv
[deleted] /home/ubuntu/apps/election-app/win_prob/H/WV/02/_work/2024_county_results_with_calcs.csv
[skip]    /home/ubuntu/apps/election-app/win_prob/H/WV/02/data_output.csv
[skip]    /home/ubuntu/apps/election-app/win_prob/H/WV/02/data_output_with_margins_old.csv
[skip]    /home/ubuntu/apps/election-app/win_prob/H/WV/02/data_output_with_margins.csv
[skip]    /home/ubuntu/apps/election-app/win_prob/H/WV/02/data_output_with_margins-statewide.csv
[deleted] /home/ubuntu/apps/election-app/win_prob/H/WV/02/snapshots_WV.csv
[deleted] /home/ubuntu/apps/election-app/win_prob/H/WV/02/data_output_WV.csv
[deleted] /home/ubuntu/apps/election-app/win_prob/H/WV/02/data_output_WV_with_margins.csv
[deleted] /home/ubuntu/apps/election-app/win_prob/H/WV/02/data_output_WV_with_margins_statewide_eevp.csv
[deleted] /home/ubuntu/apps/election-app/win_prob/H/WV/02/data_output_WV.csv.checkpoint.json
[deleted] /home/ubuntu/apps/election-app/win_prob/H/WV/02/stats.csv
[deleted] /home/ubuntu/apps/election-app/win_prob/H/WV/02/stats2.csv
[done] removed 16 file(s)
[2026-01-26 08:04:17] INFO: [PIPELINE] args: office=H state=WV district=02
[2026-01-26 08:04:17] INFO: [PIPELINE] WINPROB_DIR resolved to: /home/ubuntu/apps/election-app/win_prob/H/WV/02
[2026-01-26 08:04:17] INFO: [PIPELINE] OUTDIR set to: /home/ubuntu/apps/election-app/win_prob/H/WV/02

$ /home/ubuntu/.venv/bin/python3 /home/ubuntu/apps/election-app/stats/1-statewide.py --input /home/ubuntu/apps/election-app/win_prob/H/WV/02/stats.csv --output /home/ubuntu/apps/election-app/win_prob/H/WV/02/_work/stats_with_statewide.csv
Wrote /home/ubuntu/apps/election-app/win_prob/H/WV/02/_work/stats_with_statewide.csv (rows=27)

$ /home/ubuntu/.venv/bin/python3 /home/ubuntu/apps/election-app/stats/1-stats-2.py --input /home/ubuntu/apps/election-app/win_prob/H/WV/02/stats2.csv --output /home/ubuntu/apps/election-app/win_prob/H/WV/02/_work/stats2_final_headers.csv
Wrote /home/ubuntu/apps/election-app/win_prob/H/WV/02/_work/stats2_final_headers.csv (rows=27)

$ /home/ubuntu/.venv/bin/python3 /home/ubuntu/apps/election-app/stats/1-append-new.py
Wrote 2024_county_results_with_final-old.csv (rows=27, missing_final_matches=0)

$ /home/ubuntu/.venv/bin/python3 /home/ubuntu/apps/election-app/stats/1-change_header.py
Wrote: 2024_county_results_with_final.csv

$ /home/ubuntu/.venv/bin/python3 /home/ubuntu/apps/election-app/stats/1-cut-zero-fips.py
Wrote: 2024_county_results_with_final_1.csv
Rows before: 27
Rows after:  27
Dropped (fips == 0): 0

$ /home/ubuntu/.venv/bin/python3 /home/ubuntu/apps/election-app/stats/2-calc.py
Wrote 27 rows with calculations to /home/ubuntu/apps/election-app/win_prob/H/WV/02/_work/2024_county_results_with_calcs-old.csv

$ /home/ubuntu/.venv/bin/python3 /home/ubuntu/apps/election-app/stats/2-eevp.py
Wrote (no-op copy): 2024_county_results_with_calcs.csv
Columns:
 - timestamp
 - state
 - county
 - fips
 - trump_votes
 - harris_votes
 - other_votes
 - eevp
 - state_eevp
 - harris_votes_statewide
 - trump_votes_statewide
 - other_votes_statewide
 - final_state
 - final_county
 - final_fips
 - final_trump_votes
 - final_harris_votes
 - final_other_votes
 - harris_percent_snapshot
 - trump_percent_snapshot
 - margin_snapshot
 - harris_percent_final
 - trump_percent_final
 - margin_final
 - margin_difference
 - margin_difference_abs

$ /home/ubuntu/.venv/bin/python3 /home/ubuntu/apps/election-app/stats/3-calc-new.py
Wrote 27 rows with new columns to /home/ubuntu/apps/election-app/win_prob/H/WV/02/_work/2024_county_results_with_calcs_new.csv

$ /home/ubuntu/.venv/bin/python3 /home/ubuntu/apps/election-app/stats/4-stats.py
Reading 2024_county_results_with_calcs_new.csv...
Aggregating statewide totals...
Calculating percentages and margins...
Writing to output_statewide_stats.csv...
Done!
[2026-01-26 08:04:26] INFO: [PIPELINE] ENTER win-prob generation | states=['WV'] ts_list=['2024-11-05T15-30-22']

============================================================================
[01/1] STATE = WV
============================================================================

$ /home/ubuntu/.venv/bin/python3 /home/ubuntu/apps/election-app/stats/5-snapshots.py --state WV --input /home/ubuntu/apps/election-app/win_prob/H/WV/02/_work/output_statewide_stats.csv --output /home/ubuntu/apps/election-app/win_prob/H/WV/02/snapshots_WV.csv --start 2024-11-05T15-30-22 --end 2024-11-05T15-30-22 --use-window 1 --interval 30
Mode: windowed-one-state
Rows written: 27
Distinct states in output: WV
Rows per normalized timestamp (empty = unparseable):
  2024-11-05T15-30-22: 27
Wrote /home/ubuntu/apps/election-app/win_prob/H/WV/02/snapshots_WV.csv

$ /home/ubuntu/.venv/bin/python3 /home/ubuntu/apps/election-app/stats/6-pval.py /home/ubuntu/apps/election-app/win_prob/H/WV/02/snapshots_WV.csv -t /home/ubuntu/apps/election-app/stats/parameters.csv -o /home/ubuntu/apps/election-app/win_prob/H/WV/02/data_output_WV.csv -c 50
Done. Wrote: /home/ubuntu/apps/election-app/win_prob/H/WV/02/data_output_WV.csv
Total rows: 27 (chunked, resumable).
Computed columns for PVALS = [0.01, 0.1, 1, 2, 3, 5, 10, 15, 20, 25, 30, 35, 40, 45, 50, 55, 60, 65, 70, 75, 80, 85, 90, 95, 97, 98, 99, 99.9, 99.99]
Per p (leader): shift_{p}, margin_new_{p}, harris_percent_new_{p}, trump_percent_new_{p}, total_snapshot_{p}, total_expected_{p}, harris_votes_new_{p}, trump_votes_new_{p}
Per p (trailing): shift_trailing_{p}, margin_new_{p}_trailing, harris_percent_new_{p}_trailing, trump_percent_new_{p}_trailing, total_snapshot_{p}_trailing, total_expected_{p}_trailing, harris_votes_new_{p}_trailing, trump_votes_new_{p}_trailing
Checkpoint saved at: /home/ubuntu/apps/election-app/win_prob/H/WV/02/data_output_WV.csv.checkpoint.json

$ /home/ubuntu/.venv/bin/python3 /home/ubuntu/apps/election-app/stats/7-margin-new.py
Wrote data_output_with_margins_old.csv

$ /home/ubuntu/.venv/bin/python3 /home/ubuntu/apps/election-app/stats/7-eevp-statewide.py
Wrote data_output_with_margins.csv (copied from data_output_with_margins_old.csv)

$ /home/ubuntu/.venv/bin/python3 /home/ubuntu/apps/election-app/stats/7.py --input /home/ubuntu/apps/election-app/win_prob/H/WV/02/data_output_WV_with_margins_statewide_eevp.csv --output /home/ubuntu/apps/election-app/win_prob/H/WV/02/statewide_margin_pct_vs_percent_WV_2026.png --state WV --start 2024-11-05T15-30-22 --end 2024-11-05T15-30-22 --stats /home/ubuntu/apps/election-app/win_prob/H/WV/02/stats.csv --stats2 /home/ubuntu/apps/election-app/win_prob/H/WV/02/stats2.csv --interval 30 --year 2026 --jsonl /home/ubuntu/apps/election-app/win_prob/H/WV/02/plotdata_WV_2026_2026-01-26T08-04-17.jsonl
[info] evaluating 1 timestamps from 2024-11-05T15-30-22 to 2024-11-05T15-30-22 every 30 minutes
[saved] probs_timeseries_WV.csv  (1 points)
[saved] /home/ubuntu/apps/election-app/win_prob/H/WV/02/plotdata_WV_2026_2026-01-26T08-04-17.jsonl  (4 points)
[saved] /home/ubuntu/apps/election-app/win_prob/H/WV/02/statewide_margin_pct_vs_percent_WV_2026_box.json
[saved] /home/ubuntu/apps/election-app/win_prob/H/WV/02/statewide_margin_pct_vs_percent_WV_2026_box.png
[saved] /home/ubuntu/apps/election-app/win_prob/H/WV/02/statewide_margin_pct_vs_percent_WV_2026.png

All 50 states complete. See: /home/ubuntu/apps/election-app/win_prob/H/WV/02

$ /home/ubuntu/.venv/bin/python3 /home/ubuntu/apps/election-app/stats/8.py --root /home/ubuntu/apps/election-app/win_prob/H/WV/02/_work --outdir /home/ubuntu/apps/election-app/win_prob/H/WV/02
[info] root  = /home/ubuntu/apps/election-app/win_prob/H/WV/02/_work
[info] outdir= /home/ubuntu/apps/election-app/win_prob/H/WV/02
[deleted] /home/ubuntu/apps/election-app/win_prob/H/WV/02/_work/stats_with_statewide.csv
[deleted] /home/ubuntu/apps/election-app/win_prob/H/WV/02/_work/stats2_final_headers.csv
[deleted] /home/ubuntu/apps/election-app/win_prob/H/WV/02/_work/2024_county_results_with_final-old.csv
[deleted] /home/ubuntu/apps/election-app/win_prob/H/WV/02/_work/2024_county_results_with_final.csv
[deleted] /home/ubuntu/apps/election-app/win_prob/H/WV/02/_work/2024_county_results_with_final_1.csv
[deleted] /home/ubuntu/apps/election-app/win_prob/H/WV/02/_work/2024_county_results_with_calcs-old.csv
[deleted] /home/ubuntu/apps/election-app/win_prob/H/WV/02/_work/2024_county_results_with_calcs_new.csv
[deleted] /home/ubuntu/apps/election-app/win_prob/H/WV/02/_work/output_statewide_stats.csv
[skip]    /home/ubuntu/apps/election-app/win_prob/H/WV/02/_work/probs_timeseries_PA.csv
[deleted] /home/ubuntu/apps/election-app/win_prob/H/WV/02/_work/2024_county_results_with_calcs.csv
[skip]    /home/ubuntu/apps/election-app/win_prob/H/WV/02/data_output.csv
[skip]    /home/ubuntu/apps/election-app/win_prob/H/WV/02/data_output_with_margins_old.csv
[skip]    /home/ubuntu/apps/election-app/win_prob/H/WV/02/data_output_with_margins.csv
[skip]    /home/ubuntu/apps/election-app/win_prob/H/WV/02/data_output_with_margins-statewide.csv
[deleted] /home/ubuntu/apps/election-app/win_prob/H/WV/02/snapshots_WV.csv
[deleted] /home/ubuntu/apps/election-app/win_prob/H/WV/02/data_output_WV.csv
[deleted] /home/ubuntu/apps/election-app/win_prob/H/WV/02/data_output_WV_with_margins.csv
[deleted] /home/ubuntu/apps/election-app/win_prob/H/WV/02/data_output_WV_with_margins_statewide_eevp.csv
[deleted] /home/ubuntu/apps/election-app/win_prob/H/WV/02/data_output_WV.csv.checkpoint.json
[deleted] /home/ubuntu/apps/election-app/win_prob/H/WV/02/stats.csv
[deleted] /home/ubuntu/apps/election-app/win_prob/H/WV/02/stats2.csv
[done] removed 16 file(s)
[2026-01-26 08:11:19] INFO: [PIPELINE] args: office=H state=WV district=02
[2026-01-26 08:11:19] INFO: [PIPELINE] WINPROB_DIR resolved to: /home/ubuntu/apps/election-app/win_prob/H/WV/02
[2026-01-26 08:11:19] INFO: [PIPELINE] OUTDIR set to: /home/ubuntu/apps/election-app/win_prob/H/WV/02

$ /home/ubuntu/.venv/bin/python3 /home/ubuntu/apps/election-app/stats/1-statewide.py --input /home/ubuntu/apps/election-app/win_prob/H/WV/02/stats.csv --output /home/ubuntu/apps/election-app/win_prob/H/WV/02/_work/stats_with_statewide.csv
Wrote /home/ubuntu/apps/election-app/win_prob/H/WV/02/_work/stats_with_statewide.csv (rows=27)

$ /home/ubuntu/.venv/bin/python3 /home/ubuntu/apps/election-app/stats/1-stats-2.py --input /home/ubuntu/apps/election-app/win_prob/H/WV/02/stats2.csv --output /home/ubuntu/apps/election-app/win_prob/H/WV/02/_work/stats2_final_headers.csv
Wrote /home/ubuntu/apps/election-app/win_prob/H/WV/02/_work/stats2_final_headers.csv (rows=27)

$ /home/ubuntu/.venv/bin/python3 /home/ubuntu/apps/election-app/stats/1-append-new.py
Wrote 2024_county_results_with_final-old.csv (rows=27, missing_final_matches=0)

$ /home/ubuntu/.venv/bin/python3 /home/ubuntu/apps/election-app/stats/1-change_header.py
Wrote: 2024_county_results_with_final.csv

$ /home/ubuntu/.venv/bin/python3 /home/ubuntu/apps/election-app/stats/1-cut-zero-fips.py
Wrote: 2024_county_results_with_final_1.csv
Rows before: 27
Rows after:  27
Dropped (fips == 0): 0

$ /home/ubuntu/.venv/bin/python3 /home/ubuntu/apps/election-app/stats/2-calc.py
Wrote 27 rows with calculations to /home/ubuntu/apps/election-app/win_prob/H/WV/02/_work/2024_county_results_with_calcs-old.csv

$ /home/ubuntu/.venv/bin/python3 /home/ubuntu/apps/election-app/stats/2-eevp.py
Wrote (no-op copy): 2024_county_results_with_calcs.csv
Columns:
 - timestamp
 - state
 - county
 - fips
 - trump_votes
 - harris_votes
 - other_votes
 - eevp
 - state_eevp
 - harris_votes_statewide
 - trump_votes_statewide
 - other_votes_statewide
 - final_state
 - final_county
 - final_fips
 - final_trump_votes
 - final_harris_votes
 - final_other_votes
 - harris_percent_snapshot
 - trump_percent_snapshot
 - margin_snapshot
 - harris_percent_final
 - trump_percent_final
 - margin_final
 - margin_difference
 - margin_difference_abs

$ /home/ubuntu/.venv/bin/python3 /home/ubuntu/apps/election-app/stats/3-calc-new.py
Wrote 27 rows with new columns to /home/ubuntu/apps/election-app/win_prob/H/WV/02/_work/2024_county_results_with_calcs_new.csv

$ /home/ubuntu/.venv/bin/python3 /home/ubuntu/apps/election-app/stats/4-stats.py
Reading 2024_county_results_with_calcs_new.csv...
Aggregating statewide totals...
Calculating percentages and margins...
Writing to output_statewide_stats.csv...
Done!
[2026-01-26 08:11:28] INFO: [PIPELINE] ENTER win-prob generation | states=['WV'] ts_list=['2024-11-05T15-30-22']

============================================================================
[01/1] STATE = WV
============================================================================

$ /home/ubuntu/.venv/bin/python3 /home/ubuntu/apps/election-app/stats/5-snapshots.py --state WV --input /home/ubuntu/apps/election-app/win_prob/H/WV/02/_work/output_statewide_stats.csv --output /home/ubuntu/apps/election-app/win_prob/H/WV/02/snapshots_WV.csv --start 2024-11-05T15-30-22 --end 2024-11-05T15-30-22 --use-window 1 --interval 30
Mode: windowed-one-state
Rows written: 27
Distinct states in output: WV
Rows per normalized timestamp (empty = unparseable):
  2024-11-05T15-30-22: 27
Wrote /home/ubuntu/apps/election-app/win_prob/H/WV/02/snapshots_WV.csv

$ /home/ubuntu/.venv/bin/python3 /home/ubuntu/apps/election-app/stats/6-pval.py /home/ubuntu/apps/election-app/win_prob/H/WV/02/snapshots_WV.csv -t /home/ubuntu/apps/election-app/stats/parameters.csv -o /home/ubuntu/apps/election-app/win_prob/H/WV/02/data_output_WV.csv -c 50
Done. Wrote: /home/ubuntu/apps/election-app/win_prob/H/WV/02/data_output_WV.csv
Total rows: 27 (chunked, resumable).
Computed columns for PVALS = [0.01, 0.1, 1, 2, 3, 5, 10, 15, 20, 25, 30, 35, 40, 45, 50, 55, 60, 65, 70, 75, 80, 85, 90, 95, 97, 98, 99, 99.9, 99.99]
Per p (leader): shift_{p}, margin_new_{p}, harris_percent_new_{p}, trump_percent_new_{p}, total_snapshot_{p}, total_expected_{p}, harris_votes_new_{p}, trump_votes_new_{p}
Per p (trailing): shift_trailing_{p}, margin_new_{p}_trailing, harris_percent_new_{p}_trailing, trump_percent_new_{p}_trailing, total_snapshot_{p}_trailing, total_expected_{p}_trailing, harris_votes_new_{p}_trailing, trump_votes_new_{p}_trailing
Checkpoint saved at: /home/ubuntu/apps/election-app/win_prob/H/WV/02/data_output_WV.csv.checkpoint.json

$ /home/ubuntu/.venv/bin/python3 /home/ubuntu/apps/election-app/stats/7-margin-new.py
Wrote data_output_with_margins_old.csv

$ /home/ubuntu/.venv/bin/python3 /home/ubuntu/apps/election-app/stats/7-eevp-statewide.py
Wrote data_output_with_margins.csv (copied from data_output_with_margins_old.csv)

$ /home/ubuntu/.venv/bin/python3 /home/ubuntu/apps/election-app/stats/7.py --input /home/ubuntu/apps/election-app/win_prob/H/WV/02/data_output_WV_with_margins_statewide_eevp.csv --output /home/ubuntu/apps/election-app/win_prob/H/WV/02/statewide_margin_pct_vs_percent_WV_2026.png --state WV --start 2024-11-05T15-30-22 --end 2024-11-05T15-30-22 --stats /home/ubuntu/apps/election-app/win_prob/H/WV/02/stats.csv --stats2 /home/ubuntu/apps/election-app/win_prob/H/WV/02/stats2.csv --interval 30 --year 2026 --jsonl /home/ubuntu/apps/election-app/win_prob/H/WV/02/plotdata_WV_2026_2026-01-26T08-11-19.jsonl
[info] evaluating 1 timestamps from 2024-11-05T15-30-22 to 2024-11-05T15-30-22 every 30 minutes
[saved] probs_timeseries_WV.csv  (1 points)
[saved] /home/ubuntu/apps/election-app/win_prob/H/WV/02/plotdata_WV_2026_2026-01-26T08-11-19.jsonl  (4 points)
[saved] /home/ubuntu/apps/election-app/win_prob/H/WV/02/statewide_margin_pct_vs_percent_WV_2026_box.json
[saved] /home/ubuntu/apps/election-app/win_prob/H/WV/02/statewide_margin_pct_vs_percent_WV_2026_box.png
[saved] /home/ubuntu/apps/election-app/win_prob/H/WV/02/statewide_margin_pct_vs_percent_WV_2026.png

All 50 states complete. See: /home/ubuntu/apps/election-app/win_prob/H/WV/02

$ /home/ubuntu/.venv/bin/python3 /home/ubuntu/apps/election-app/stats/8.py --root /home/ubuntu/apps/election-app/win_prob/H/WV/02/_work --outdir /home/ubuntu/apps/election-app/win_prob/H/WV/02
[info] root  = /home/ubuntu/apps/election-app/win_prob/H/WV/02/_work
[info] outdir= /home/ubuntu/apps/election-app/win_prob/H/WV/02
[deleted] /home/ubuntu/apps/election-app/win_prob/H/WV/02/_work/stats_with_statewide.csv
[deleted] /home/ubuntu/apps/election-app/win_prob/H/WV/02/_work/stats2_final_headers.csv
[deleted] /home/ubuntu/apps/election-app/win_prob/H/WV/02/_work/2024_county_results_with_final-old.csv
[deleted] /home/ubuntu/apps/election-app/win_prob/H/WV/02/_work/2024_county_results_with_final.csv
[deleted] /home/ubuntu/apps/election-app/win_prob/H/WV/02/_work/2024_county_results_with_final_1.csv
[deleted] /home/ubuntu/apps/election-app/win_prob/H/WV/02/_work/2024_county_results_with_calcs-old.csv
[deleted] /home/ubuntu/apps/election-app/win_prob/H/WV/02/_work/2024_county_results_with_calcs_new.csv
[deleted] /home/ubuntu/apps/election-app/win_prob/H/WV/02/_work/output_statewide_stats.csv
[skip]    /home/ubuntu/apps/election-app/win_prob/H/WV/02/_work/probs_timeseries_PA.csv
[deleted] /home/ubuntu/apps/election-app/win_prob/H/WV/02/_work/2024_county_results_with_calcs.csv
[skip]    /home/ubuntu/apps/election-app/win_prob/H/WV/02/data_output.csv
[skip]    /home/ubuntu/apps/election-app/win_prob/H/WV/02/data_output_with_margins_old.csv
[skip]    /home/ubuntu/apps/election-app/win_prob/H/WV/02/data_output_with_margins.csv
[skip]    /home/ubuntu/apps/election-app/win_prob/H/WV/02/data_output_with_margins-statewide.csv
[deleted] /home/ubuntu/apps/election-app/win_prob/H/WV/02/snapshots_WV.csv
[deleted] /home/ubuntu/apps/election-app/win_prob/H/WV/02/data_output_WV.csv
[deleted] /home/ubuntu/apps/election-app/win_prob/H/WV/02/data_output_WV_with_margins.csv
[deleted] /home/ubuntu/apps/election-app/win_prob/H/WV/02/data_output_WV_with_margins_statewide_eevp.csv
[deleted] /home/ubuntu/apps/election-app/win_prob/H/WV/02/data_output_WV.csv.checkpoint.json
[deleted] /home/ubuntu/apps/election-app/win_prob/H/WV/02/stats.csv
[deleted] /home/ubuntu/apps/election-app/win_prob/H/WV/02/stats2.csv
[done] removed 16 file(s)
[2026-01-26 08:18:21] INFO: [PIPELINE] args: office=H state=WV district=02
[2026-01-26 08:18:21] INFO: [PIPELINE] WINPROB_DIR resolved to: /home/ubuntu/apps/election-app/win_prob/H/WV/02
[2026-01-26 08:18:21] INFO: [PIPELINE] OUTDIR set to: /home/ubuntu/apps/election-app/win_prob/H/WV/02

$ /home/ubuntu/.venv/bin/python3 /home/ubuntu/apps/election-app/stats/1-statewide.py --input /home/ubuntu/apps/election-app/win_prob/H/WV/02/stats.csv --output /home/ubuntu/apps/election-app/win_prob/H/WV/02/_work/stats_with_statewide.csv
Wrote /home/ubuntu/apps/election-app/win_prob/H/WV/02/_work/stats_with_statewide.csv (rows=27)

$ /home/ubuntu/.venv/bin/python3 /home/ubuntu/apps/election-app/stats/1-stats-2.py --input /home/ubuntu/apps/election-app/win_prob/H/WV/02/stats2.csv --output /home/ubuntu/apps/election-app/win_prob/H/WV/02/_work/stats2_final_headers.csv
Wrote /home/ubuntu/apps/election-app/win_prob/H/WV/02/_work/stats2_final_headers.csv (rows=27)

$ /home/ubuntu/.venv/bin/python3 /home/ubuntu/apps/election-app/stats/1-append-new.py
Wrote 2024_county_results_with_final-old.csv (rows=27, missing_final_matches=0)

$ /home/ubuntu/.venv/bin/python3 /home/ubuntu/apps/election-app/stats/1-change_header.py
Wrote: 2024_county_results_with_final.csv

$ /home/ubuntu/.venv/bin/python3 /home/ubuntu/apps/election-app/stats/1-cut-zero-fips.py
Wrote: 2024_county_results_with_final_1.csv
Rows before: 27
Rows after:  27
Dropped (fips == 0): 0

$ /home/ubuntu/.venv/bin/python3 /home/ubuntu/apps/election-app/stats/2-calc.py
Wrote 27 rows with calculations to /home/ubuntu/apps/election-app/win_prob/H/WV/02/_work/2024_county_results_with_calcs-old.csv

$ /home/ubuntu/.venv/bin/python3 /home/ubuntu/apps/election-app/stats/2-eevp.py
Wrote (no-op copy): 2024_county_results_with_calcs.csv
Columns:
 - timestamp
 - state
 - county
 - fips
 - trump_votes
 - harris_votes
 - other_votes
 - eevp
 - state_eevp
 - harris_votes_statewide
 - trump_votes_statewide
 - other_votes_statewide
 - final_state
 - final_county
 - final_fips
 - final_trump_votes
 - final_harris_votes
 - final_other_votes
 - harris_percent_snapshot
 - trump_percent_snapshot
 - margin_snapshot
 - harris_percent_final
 - trump_percent_final
 - margin_final
 - margin_difference
 - margin_difference_abs

$ /home/ubuntu/.venv/bin/python3 /home/ubuntu/apps/election-app/stats/3-calc-new.py
Wrote 27 rows with new columns to /home/ubuntu/apps/election-app/win_prob/H/WV/02/_work/2024_county_results_with_calcs_new.csv

$ /home/ubuntu/.venv/bin/python3 /home/ubuntu/apps/election-app/stats/4-stats.py
Reading 2024_county_results_with_calcs_new.csv...
Aggregating statewide totals...
Calculating percentages and margins...
Writing to output_statewide_stats.csv...
Done!
[2026-01-26 08:18:30] INFO: [PIPELINE] ENTER win-prob generation | states=['WV'] ts_list=['2024-11-05T15-30-22']

============================================================================
[01/1] STATE = WV
============================================================================

$ /home/ubuntu/.venv/bin/python3 /home/ubuntu/apps/election-app/stats/5-snapshots.py --state WV --input /home/ubuntu/apps/election-app/win_prob/H/WV/02/_work/output_statewide_stats.csv --output /home/ubuntu/apps/election-app/win_prob/H/WV/02/snapshots_WV.csv --start 2024-11-05T15-30-22 --end 2024-11-05T15-30-22 --use-window 1 --interval 30
Mode: windowed-one-state
Rows written: 27
Distinct states in output: WV
Rows per normalized timestamp (empty = unparseable):
  2024-11-05T15-30-22: 27
Wrote /home/ubuntu/apps/election-app/win_prob/H/WV/02/snapshots_WV.csv

$ /home/ubuntu/.venv/bin/python3 /home/ubuntu/apps/election-app/stats/6-pval.py /home/ubuntu/apps/election-app/win_prob/H/WV/02/snapshots_WV.csv -t /home/ubuntu/apps/election-app/stats/parameters.csv -o /home/ubuntu/apps/election-app/win_prob/H/WV/02/data_output_WV.csv -c 50
Done. Wrote: /home/ubuntu/apps/election-app/win_prob/H/WV/02/data_output_WV.csv
Total rows: 27 (chunked, resumable).
Computed columns for PVALS = [0.01, 0.1, 1, 2, 3, 5, 10, 15, 20, 25, 30, 35, 40, 45, 50, 55, 60, 65, 70, 75, 80, 85, 90, 95, 97, 98, 99, 99.9, 99.99]
Per p (leader): shift_{p}, margin_new_{p}, harris_percent_new_{p}, trump_percent_new_{p}, total_snapshot_{p}, total_expected_{p}, harris_votes_new_{p}, trump_votes_new_{p}
Per p (trailing): shift_trailing_{p}, margin_new_{p}_trailing, harris_percent_new_{p}_trailing, trump_percent_new_{p}_trailing, total_snapshot_{p}_trailing, total_expected_{p}_trailing, harris_votes_new_{p}_trailing, trump_votes_new_{p}_trailing
Checkpoint saved at: /home/ubuntu/apps/election-app/win_prob/H/WV/02/data_output_WV.csv.checkpoint.json

$ /home/ubuntu/.venv/bin/python3 /home/ubuntu/apps/election-app/stats/7-margin-new.py
Wrote data_output_with_margins_old.csv

$ /home/ubuntu/.venv/bin/python3 /home/ubuntu/apps/election-app/stats/7-eevp-statewide.py
Wrote data_output_with_margins.csv (copied from data_output_with_margins_old.csv)

$ /home/ubuntu/.venv/bin/python3 /home/ubuntu/apps/election-app/stats/7.py --input /home/ubuntu/apps/election-app/win_prob/H/WV/02/data_output_WV_with_margins_statewide_eevp.csv --output /home/ubuntu/apps/election-app/win_prob/H/WV/02/statewide_margin_pct_vs_percent_WV_2026.png --state WV --start 2024-11-05T15-30-22 --end 2024-11-05T15-30-22 --stats /home/ubuntu/apps/election-app/win_prob/H/WV/02/stats.csv --stats2 /home/ubuntu/apps/election-app/win_prob/H/WV/02/stats2.csv --interval 30 --year 2026 --jsonl /home/ubuntu/apps/election-app/win_prob/H/WV/02/plotdata_WV_2026_2026-01-26T08-18-21.jsonl
[info] evaluating 1 timestamps from 2024-11-05T15-30-22 to 2024-11-05T15-30-22 every 30 minutes
[saved] probs_timeseries_WV.csv  (1 points)
[saved] /home/ubuntu/apps/election-app/win_prob/H/WV/02/plotdata_WV_2026_2026-01-26T08-18-21.jsonl  (4 points)
[saved] /home/ubuntu/apps/election-app/win_prob/H/WV/02/statewide_margin_pct_vs_percent_WV_2026_box.json
[saved] /home/ubuntu/apps/election-app/win_prob/H/WV/02/statewide_margin_pct_vs_percent_WV_2026_box.png
[saved] /home/ubuntu/apps/election-app/win_prob/H/WV/02/statewide_margin_pct_vs_percent_WV_2026.png

All 50 states complete. See: /home/ubuntu/apps/election-app/win_prob/H/WV/02

$ /home/ubuntu/.venv/bin/python3 /home/ubuntu/apps/election-app/stats/8.py --root /home/ubuntu/apps/election-app/win_prob/H/WV/02/_work --outdir /home/ubuntu/apps/election-app/win_prob/H/WV/02
[info] root  = /home/ubuntu/apps/election-app/win_prob/H/WV/02/_work
[info] outdir= /home/ubuntu/apps/election-app/win_prob/H/WV/02
[deleted] /home/ubuntu/apps/election-app/win_prob/H/WV/02/_work/stats_with_statewide.csv
[deleted] /home/ubuntu/apps/election-app/win_prob/H/WV/02/_work/stats2_final_headers.csv
[deleted] /home/ubuntu/apps/election-app/win_prob/H/WV/02/_work/2024_county_results_with_final-old.csv
[deleted] /home/ubuntu/apps/election-app/win_prob/H/WV/02/_work/2024_county_results_with_final.csv
[deleted] /home/ubuntu/apps/election-app/win_prob/H/WV/02/_work/2024_county_results_with_final_1.csv
[deleted] /home/ubuntu/apps/election-app/win_prob/H/WV/02/_work/2024_county_results_with_calcs-old.csv
[deleted] /home/ubuntu/apps/election-app/win_prob/H/WV/02/_work/2024_county_results_with_calcs_new.csv
[deleted] /home/ubuntu/apps/election-app/win_prob/H/WV/02/_work/output_statewide_stats.csv
[skip]    /home/ubuntu/apps/election-app/win_prob/H/WV/02/_work/probs_timeseries_PA.csv
[deleted] /home/ubuntu/apps/election-app/win_prob/H/WV/02/_work/2024_county_results_with_calcs.csv
[skip]    /home/ubuntu/apps/election-app/win_prob/H/WV/02/data_output.csv
[skip]    /home/ubuntu/apps/election-app/win_prob/H/WV/02/data_output_with_margins_old.csv
[skip]    /home/ubuntu/apps/election-app/win_prob/H/WV/02/data_output_with_margins.csv
[skip]    /home/ubuntu/apps/election-app/win_prob/H/WV/02/data_output_with_margins-statewide.csv
[deleted] /home/ubuntu/apps/election-app/win_prob/H/WV/02/snapshots_WV.csv
[deleted] /home/ubuntu/apps/election-app/win_prob/H/WV/02/data_output_WV.csv
[deleted] /home/ubuntu/apps/election-app/win_prob/H/WV/02/data_output_WV_with_margins.csv
[deleted] /home/ubuntu/apps/election-app/win_prob/H/WV/02/data_output_WV_with_margins_statewide_eevp.csv
[deleted] /home/ubuntu/apps/election-app/win_prob/H/WV/02/data_output_WV.csv.checkpoint.json
[deleted] /home/ubuntu/apps/election-app/win_prob/H/WV/02/stats.csv
[deleted] /home/ubuntu/apps/election-app/win_prob/H/WV/02/stats2.csv
[done] removed 16 file(s)
[2026-01-26 08:25:22] INFO: [PIPELINE] args: office=H state=WV district=02
[2026-01-26 08:25:22] INFO: [PIPELINE] WINPROB_DIR resolved to: /home/ubuntu/apps/election-app/win_prob/H/WV/02
[2026-01-26 08:25:22] INFO: [PIPELINE] OUTDIR set to: /home/ubuntu/apps/election-app/win_prob/H/WV/02

$ /home/ubuntu/.venv/bin/python3 /home/ubuntu/apps/election-app/stats/1-statewide.py --input /home/ubuntu/apps/election-app/win_prob/H/WV/02/stats.csv --output /home/ubuntu/apps/election-app/win_prob/H/WV/02/_work/stats_with_statewide.csv
Wrote /home/ubuntu/apps/election-app/win_prob/H/WV/02/_work/stats_with_statewide.csv (rows=27)

$ /home/ubuntu/.venv/bin/python3 /home/ubuntu/apps/election-app/stats/1-stats-2.py --input /home/ubuntu/apps/election-app/win_prob/H/WV/02/stats2.csv --output /home/ubuntu/apps/election-app/win_prob/H/WV/02/_work/stats2_final_headers.csv
Wrote /home/ubuntu/apps/election-app/win_prob/H/WV/02/_work/stats2_final_headers.csv (rows=27)

$ /home/ubuntu/.venv/bin/python3 /home/ubuntu/apps/election-app/stats/1-append-new.py
Wrote 2024_county_results_with_final-old.csv (rows=27, missing_final_matches=0)

$ /home/ubuntu/.venv/bin/python3 /home/ubuntu/apps/election-app/stats/1-change_header.py
Wrote: 2024_county_results_with_final.csv

$ /home/ubuntu/.venv/bin/python3 /home/ubuntu/apps/election-app/stats/1-cut-zero-fips.py
Wrote: 2024_county_results_with_final_1.csv
Rows before: 27
Rows after:  27
Dropped (fips == 0): 0

$ /home/ubuntu/.venv/bin/python3 /home/ubuntu/apps/election-app/stats/2-calc.py
Wrote 27 rows with calculations to /home/ubuntu/apps/election-app/win_prob/H/WV/02/_work/2024_county_results_with_calcs-old.csv

$ /home/ubuntu/.venv/bin/python3 /home/ubuntu/apps/election-app/stats/2-eevp.py
Wrote (no-op copy): 2024_county_results_with_calcs.csv
Columns:
 - timestamp
 - state
 - county
 - fips
 - trump_votes
 - harris_votes
 - other_votes
 - eevp
 - state_eevp
 - harris_votes_statewide
 - trump_votes_statewide
 - other_votes_statewide
 - final_state
 - final_county
 - final_fips
 - final_trump_votes
 - final_harris_votes
 - final_other_votes
 - harris_percent_snapshot
 - trump_percent_snapshot
 - margin_snapshot
 - harris_percent_final
 - trump_percent_final
 - margin_final
 - margin_difference
 - margin_difference_abs

$ /home/ubuntu/.venv/bin/python3 /home/ubuntu/apps/election-app/stats/3-calc-new.py
Wrote 27 rows with new columns to /home/ubuntu/apps/election-app/win_prob/H/WV/02/_work/2024_county_results_with_calcs_new.csv

$ /home/ubuntu/.venv/bin/python3 /home/ubuntu/apps/election-app/stats/4-stats.py
Reading 2024_county_results_with_calcs_new.csv...
Aggregating statewide totals...
Calculating percentages and margins...
Writing to output_statewide_stats.csv...
Done!
[2026-01-26 08:25:31] INFO: [PIPELINE] ENTER win-prob generation | states=['WV'] ts_list=['2024-11-05T15-30-22']

============================================================================
[01/1] STATE = WV
============================================================================

$ /home/ubuntu/.venv/bin/python3 /home/ubuntu/apps/election-app/stats/5-snapshots.py --state WV --input /home/ubuntu/apps/election-app/win_prob/H/WV/02/_work/output_statewide_stats.csv --output /home/ubuntu/apps/election-app/win_prob/H/WV/02/snapshots_WV.csv --start 2024-11-05T15-30-22 --end 2024-11-05T15-30-22 --use-window 1 --interval 30
Mode: windowed-one-state
Rows written: 27
Distinct states in output: WV
Rows per normalized timestamp (empty = unparseable):
  2024-11-05T15-30-22: 27
Wrote /home/ubuntu/apps/election-app/win_prob/H/WV/02/snapshots_WV.csv

$ /home/ubuntu/.venv/bin/python3 /home/ubuntu/apps/election-app/stats/6-pval.py /home/ubuntu/apps/election-app/win_prob/H/WV/02/snapshots_WV.csv -t /home/ubuntu/apps/election-app/stats/parameters.csv -o /home/ubuntu/apps/election-app/win_prob/H/WV/02/data_output_WV.csv -c 50
Done. Wrote: /home/ubuntu/apps/election-app/win_prob/H/WV/02/data_output_WV.csv
Total rows: 27 (chunked, resumable).
Computed columns for PVALS = [0.01, 0.1, 1, 2, 3, 5, 10, 15, 20, 25, 30, 35, 40, 45, 50, 55, 60, 65, 70, 75, 80, 85, 90, 95, 97, 98, 99, 99.9, 99.99]
Per p (leader): shift_{p}, margin_new_{p}, harris_percent_new_{p}, trump_percent_new_{p}, total_snapshot_{p}, total_expected_{p}, harris_votes_new_{p}, trump_votes_new_{p}
Per p (trailing): shift_trailing_{p}, margin_new_{p}_trailing, harris_percent_new_{p}_trailing, trump_percent_new_{p}_trailing, total_snapshot_{p}_trailing, total_expected_{p}_trailing, harris_votes_new_{p}_trailing, trump_votes_new_{p}_trailing
Checkpoint saved at: /home/ubuntu/apps/election-app/win_prob/H/WV/02/data_output_WV.csv.checkpoint.json

$ /home/ubuntu/.venv/bin/python3 /home/ubuntu/apps/election-app/stats/7-margin-new.py
Wrote data_output_with_margins_old.csv

$ /home/ubuntu/.venv/bin/python3 /home/ubuntu/apps/election-app/stats/7-eevp-statewide.py
Wrote data_output_with_margins.csv (copied from data_output_with_margins_old.csv)

$ /home/ubuntu/.venv/bin/python3 /home/ubuntu/apps/election-app/stats/7.py --input /home/ubuntu/apps/election-app/win_prob/H/WV/02/data_output_WV_with_margins_statewide_eevp.csv --output /home/ubuntu/apps/election-app/win_prob/H/WV/02/statewide_margin_pct_vs_percent_WV_2026.png --state WV --start 2024-11-05T15-30-22 --end 2024-11-05T15-30-22 --stats /home/ubuntu/apps/election-app/win_prob/H/WV/02/stats.csv --stats2 /home/ubuntu/apps/election-app/win_prob/H/WV/02/stats2.csv --interval 30 --year 2026 --jsonl /home/ubuntu/apps/election-app/win_prob/H/WV/02/plotdata_WV_2026_2026-01-26T08-25-22.jsonl
[info] evaluating 1 timestamps from 2024-11-05T15-30-22 to 2024-11-05T15-30-22 every 30 minutes
[saved] probs_timeseries_WV.csv  (1 points)
[saved] /home/ubuntu/apps/election-app/win_prob/H/WV/02/plotdata_WV_2026_2026-01-26T08-25-22.jsonl  (4 points)
[saved] /home/ubuntu/apps/election-app/win_prob/H/WV/02/statewide_margin_pct_vs_percent_WV_2026_box.json
[saved] /home/ubuntu/apps/election-app/win_prob/H/WV/02/statewide_margin_pct_vs_percent_WV_2026_box.png
[saved] /home/ubuntu/apps/election-app/win_prob/H/WV/02/statewide_margin_pct_vs_percent_WV_2026.png

All 50 states complete. See: /home/ubuntu/apps/election-app/win_prob/H/WV/02

$ /home/ubuntu/.venv/bin/python3 /home/ubuntu/apps/election-app/stats/8.py --root /home/ubuntu/apps/election-app/win_prob/H/WV/02/_work --outdir /home/ubuntu/apps/election-app/win_prob/H/WV/02
[info] root  = /home/ubuntu/apps/election-app/win_prob/H/WV/02/_work
[info] outdir= /home/ubuntu/apps/election-app/win_prob/H/WV/02
[deleted] /home/ubuntu/apps/election-app/win_prob/H/WV/02/_work/stats_with_statewide.csv
[deleted] /home/ubuntu/apps/election-app/win_prob/H/WV/02/_work/stats2_final_headers.csv
[deleted] /home/ubuntu/apps/election-app/win_prob/H/WV/02/_work/2024_county_results_with_final-old.csv
[deleted] /home/ubuntu/apps/election-app/win_prob/H/WV/02/_work/2024_county_results_with_final.csv
[deleted] /home/ubuntu/apps/election-app/win_prob/H/WV/02/_work/2024_county_results_with_final_1.csv
[deleted] /home/ubuntu/apps/election-app/win_prob/H/WV/02/_work/2024_county_results_with_calcs-old.csv
[deleted] /home/ubuntu/apps/election-app/win_prob/H/WV/02/_work/2024_county_results_with_calcs_new.csv
[deleted] /home/ubuntu/apps/election-app/win_prob/H/WV/02/_work/output_statewide_stats.csv
[skip]    /home/ubuntu/apps/election-app/win_prob/H/WV/02/_work/probs_timeseries_PA.csv
[deleted] /home/ubuntu/apps/election-app/win_prob/H/WV/02/_work/2024_county_results_with_calcs.csv
[skip]    /home/ubuntu/apps/election-app/win_prob/H/WV/02/data_output.csv
[skip]    /home/ubuntu/apps/election-app/win_prob/H/WV/02/data_output_with_margins_old.csv
[skip]    /home/ubuntu/apps/election-app/win_prob/H/WV/02/data_output_with_margins.csv
[skip]    /home/ubuntu/apps/election-app/win_prob/H/WV/02/data_output_with_margins-statewide.csv
[deleted] /home/ubuntu/apps/election-app/win_prob/H/WV/02/snapshots_WV.csv
[deleted] /home/ubuntu/apps/election-app/win_prob/H/WV/02/data_output_WV.csv
[deleted] /home/ubuntu/apps/election-app/win_prob/H/WV/02/data_output_WV_with_margins.csv
[deleted] /home/ubuntu/apps/election-app/win_prob/H/WV/02/data_output_WV_with_margins_statewide_eevp.csv
[deleted] /home/ubuntu/apps/election-app/win_prob/H/WV/02/data_output_WV.csv.checkpoint.json
[deleted] /home/ubuntu/apps/election-app/win_prob/H/WV/02/stats.csv
[deleted] /home/ubuntu/apps/election-app/win_prob/H/WV/02/stats2.csv
[done] removed 16 file(s)
[2026-02-04 17:22:56] INFO: [PIPELINE] args: office=H state=WV district=02
[2026-02-04 17:22:56] INFO: [PIPELINE] WINPROB_DIR resolved to: /home/ubuntu/apps/election-app/win_prob/H/WV/02
[2026-02-04 17:22:56] INFO: [PIPELINE] OUTDIR set to: /home/ubuntu/apps/election-app/win_prob/H/WV/02

$ /home/ubuntu/.venv/bin/python3 /home/ubuntu/apps/election-app/stats/1-statewide.py --input /home/ubuntu/apps/election-app/win_prob/H/WV/02/stats.csv --output /home/ubuntu/apps/election-app/win_prob/H/WV/02/_work/stats_with_statewide.csv
Wrote /home/ubuntu/apps/election-app/win_prob/H/WV/02/_work/stats_with_statewide.csv (rows=27)

$ /home/ubuntu/.venv/bin/python3 /home/ubuntu/apps/election-app/stats/1-stats-2.py --input /home/ubuntu/apps/election-app/win_prob/H/WV/02/stats2.csv --output /home/ubuntu/apps/election-app/win_prob/H/WV/02/_work/stats2_final_headers.csv
Wrote /home/ubuntu/apps/election-app/win_prob/H/WV/02/_work/stats2_final_headers.csv (rows=27)

$ /home/ubuntu/.venv/bin/python3 /home/ubuntu/apps/election-app/stats/1-append-new.py
Wrote 2024_county_results_with_final-old.csv (rows=27, missing_final_matches=0)

$ /home/ubuntu/.venv/bin/python3 /home/ubuntu/apps/election-app/stats/1-change_header.py
Wrote: 2024_county_results_with_final.csv

$ /home/ubuntu/.venv/bin/python3 /home/ubuntu/apps/election-app/stats/1-cut-zero-fips.py
Wrote: 2024_county_results_with_final_1.csv
Rows before: 27
Rows after:  27
Dropped (fips == 0): 0

$ /home/ubuntu/.venv/bin/python3 /home/ubuntu/apps/election-app/stats/2-calc.py
Wrote 27 rows with calculations to /home/ubuntu/apps/election-app/win_prob/H/WV/02/_work/2024_county_results_with_calcs-old.csv

$ /home/ubuntu/.venv/bin/python3 /home/ubuntu/apps/election-app/stats/2-eevp.py
Wrote (no-op copy): 2024_county_results_with_calcs.csv
Columns:
 - timestamp
 - state
 - county
 - fips
 - trump_votes
 - harris_votes
 - other_votes
 - eevp
 - state_eevp
 - harris_votes_statewide
 - trump_votes_statewide
 - other_votes_statewide
 - final_state
 - final_county
 - final_fips
 - final_trump_votes
 - final_harris_votes
 - final_other_votes
 - harris_percent_snapshot
 - trump_percent_snapshot
 - margin_snapshot
 - harris_percent_final
 - trump_percent_final
 - margin_final
 - margin_difference
 - margin_difference_abs

$ /home/ubuntu/.venv/bin/python3 /home/ubuntu/apps/election-app/stats/3-calc-new.py
Wrote 27 rows with new columns to /home/ubuntu/apps/election-app/win_prob/H/WV/02/_work/2024_county_results_with_calcs_new.csv

$ /home/ubuntu/.venv/bin/python3 /home/ubuntu/apps/election-app/stats/4-stats.py
Reading 2024_county_results_with_calcs_new.csv...
Aggregating statewide totals...
Calculating percentages and margins...
Writing to output_statewide_stats.csv...
Done!
[2026-02-04 17:23:06] INFO: [PIPELINE] ENTER win-prob generation | states=['WV'] ts_list=['2024-11-05T15-30-22']

============================================================================
[01/1] STATE = WV
============================================================================

$ /home/ubuntu/.venv/bin/python3 /home/ubuntu/apps/election-app/stats/5-snapshots.py --state WV --input /home/ubuntu/apps/election-app/win_prob/H/WV/02/_work/output_statewide_stats.csv --output /home/ubuntu/apps/election-app/win_prob/H/WV/02/snapshots_WV.csv --start 2024-11-05T15-30-22 --end 2024-11-05T15-30-22 --use-window 1 --interval 30
Mode: windowed-one-state
Rows written: 27
Distinct states in output: WV
Rows per normalized timestamp (empty = unparseable):
  2024-11-05T15-30-22: 27
Wrote /home/ubuntu/apps/election-app/win_prob/H/WV/02/snapshots_WV.csv

$ /home/ubuntu/.venv/bin/python3 /home/ubuntu/apps/election-app/stats/6-pval.py /home/ubuntu/apps/election-app/win_prob/H/WV/02/snapshots_WV.csv -t /home/ubuntu/apps/election-app/stats/parameters.csv -o /home/ubuntu/apps/election-app/win_prob/H/WV/02/data_output_WV.csv -c 50
Done. Wrote: /home/ubuntu/apps/election-app/win_prob/H/WV/02/data_output_WV.csv
Total rows: 27 (chunked, resumable).
Computed columns for PVALS = [0.01, 0.1, 1, 2, 3, 5, 10, 15, 20, 25, 30, 35, 40, 45, 50, 55, 60, 65, 70, 75, 80, 85, 90, 95, 97, 98, 99, 99.9, 99.99]
Per p (leader): shift_{p}, margin_new_{p}, harris_percent_new_{p}, trump_percent_new_{p}, total_snapshot_{p}, total_expected_{p}, harris_votes_new_{p}, trump_votes_new_{p}
Per p (trailing): shift_trailing_{p}, margin_new_{p}_trailing, harris_percent_new_{p}_trailing, trump_percent_new_{p}_trailing, total_snapshot_{p}_trailing, total_expected_{p}_trailing, harris_votes_new_{p}_trailing, trump_votes_new_{p}_trailing
Checkpoint saved at: /home/ubuntu/apps/election-app/win_prob/H/WV/02/data_output_WV.csv.checkpoint.json

$ /home/ubuntu/.venv/bin/python3 /home/ubuntu/apps/election-app/stats/7-margin-new.py
Wrote data_output_with_margins_old.csv

$ /home/ubuntu/.venv/bin/python3 /home/ubuntu/apps/election-app/stats/7-eevp-statewide.py
Wrote data_output_with_margins.csv (copied from data_output_with_margins_old.csv)

$ /home/ubuntu/.venv/bin/python3 /home/ubuntu/apps/election-app/stats/7.py --input /home/ubuntu/apps/election-app/win_prob/H/WV/02/data_output_WV_with_margins_statewide_eevp.csv --output /home/ubuntu/apps/election-app/win_prob/H/WV/02/statewide_margin_pct_vs_percent_WV_2026.png --state WV --start 2024-11-05T15-30-22 --end 2024-11-05T15-30-22 --stats /home/ubuntu/apps/election-app/win_prob/H/WV/02/stats.csv --stats2 /home/ubuntu/apps/election-app/win_prob/H/WV/02/stats2.csv --interval 30 --year 2026 --jsonl /home/ubuntu/apps/election-app/win_prob/H/WV/02/plotdata_WV_2026_2026-02-04T17-22-56.jsonl
[info] evaluating 1 timestamps from 2024-11-05T15-30-22 to 2024-11-05T15-30-22 every 30 minutes
[saved] probs_timeseries_WV.csv  (1 points)
[saved] /home/ubuntu/apps/election-app/win_prob/H/WV/02/plotdata_WV_2026_2026-02-04T17-22-56.jsonl  (4 points)
[saved] /home/ubuntu/apps/election-app/win_prob/H/WV/02/statewide_margin_pct_vs_percent_WV_2026_box.json
[saved] /home/ubuntu/apps/election-app/win_prob/H/WV/02/statewide_margin_pct_vs_percent_WV_2026_box.png
[saved] /home/ubuntu/apps/election-app/win_prob/H/WV/02/statewide_margin_pct_vs_percent_WV_2026.png

All 50 states complete. See: /home/ubuntu/apps/election-app/win_prob/H/WV/02

$ /home/ubuntu/.venv/bin/python3 /home/ubuntu/apps/election-app/stats/8.py --root /home/ubuntu/apps/election-app/win_prob/H/WV/02/_work --outdir /home/ubuntu/apps/election-app/win_prob/H/WV/02
[info] root  = /home/ubuntu/apps/election-app/win_prob/H/WV/02/_work
[info] outdir= /home/ubuntu/apps/election-app/win_prob/H/WV/02
[deleted] /home/ubuntu/apps/election-app/win_prob/H/WV/02/_work/stats_with_statewide.csv
[deleted] /home/ubuntu/apps/election-app/win_prob/H/WV/02/_work/stats2_final_headers.csv
[deleted] /home/ubuntu/apps/election-app/win_prob/H/WV/02/_work/2024_county_results_with_final-old.csv
[deleted] /home/ubuntu/apps/election-app/win_prob/H/WV/02/_work/2024_county_results_with_final.csv
[deleted] /home/ubuntu/apps/election-app/win_prob/H/WV/02/_work/2024_county_results_with_final_1.csv
[deleted] /home/ubuntu/apps/election-app/win_prob/H/WV/02/_work/2024_county_results_with_calcs-old.csv
[deleted] /home/ubuntu/apps/election-app/win_prob/H/WV/02/_work/2024_county_results_with_calcs_new.csv
[deleted] /home/ubuntu/apps/election-app/win_prob/H/WV/02/_work/output_statewide_stats.csv
[skip]    /home/ubuntu/apps/election-app/win_prob/H/WV/02/_work/probs_timeseries_PA.csv
[deleted] /home/ubuntu/apps/election-app/win_prob/H/WV/02/_work/2024_county_results_with_calcs.csv
[skip]    /home/ubuntu/apps/election-app/win_prob/H/WV/02/data_output.csv
[skip]    /home/ubuntu/apps/election-app/win_prob/H/WV/02/data_output_with_margins_old.csv
[skip]    /home/ubuntu/apps/election-app/win_prob/H/WV/02/data_output_with_margins.csv
[skip]    /home/ubuntu/apps/election-app/win_prob/H/WV/02/data_output_with_margins-statewide.csv
[deleted] /home/ubuntu/apps/election-app/win_prob/H/WV/02/snapshots_WV.csv
[deleted] /home/ubuntu/apps/election-app/win_prob/H/WV/02/data_output_WV.csv
[deleted] /home/ubuntu/apps/election-app/win_prob/H/WV/02/data_output_WV_with_margins.csv
[deleted] /home/ubuntu/apps/election-app/win_prob/H/WV/02/data_output_WV_with_margins_statewide_eevp.csv
[deleted] /home/ubuntu/apps/election-app/win_prob/H/WV/02/data_output_WV.csv.checkpoint.json
[deleted] /home/ubuntu/apps/election-app/win_prob/H/WV/02/stats.csv
[deleted] /home/ubuntu/apps/election-app/win_prob/H/WV/02/stats2.csv
[done] removed 16 file(s)
