[2026-01-24 06:54:43] INFO: [PIPELINE] args: office=H state=VA district=06
[2026-01-24 06:54:43] INFO: [PIPELINE] WINPROB_DIR resolved to: /home/ubuntu/apps/election-app/win_prob/H/VA/06
[2026-01-24 06:54:43] INFO: [PIPELINE] OUTDIR set to: /home/ubuntu/apps/election-app/win_prob/H/VA/06

$ /home/ubuntu/.venv/bin/python3 /home/ubuntu/apps/election-app/stats/1-statewide.py --input /home/ubuntu/apps/election-app/win_prob/H/VA/06/stats.csv --output /home/ubuntu/apps/election-app/win_prob/H/VA/06/_work/stats_with_statewide.csv
Wrote /home/ubuntu/apps/election-app/win_prob/H/VA/06/_work/stats_with_statewide.csv (rows=23)

$ /home/ubuntu/.venv/bin/python3 /home/ubuntu/apps/election-app/stats/1-stats-2.py --input /home/ubuntu/apps/election-app/win_prob/H/VA/06/stats2.csv --output /home/ubuntu/apps/election-app/win_prob/H/VA/06/_work/stats2_final_headers.csv
Wrote /home/ubuntu/apps/election-app/win_prob/H/VA/06/_work/stats2_final_headers.csv (rows=23)

$ /home/ubuntu/.venv/bin/python3 /home/ubuntu/apps/election-app/stats/1-append-new.py
Wrote 2024_county_results_with_final-old.csv (rows=23, missing_final_matches=0)

$ /home/ubuntu/.venv/bin/python3 /home/ubuntu/apps/election-app/stats/1-change_header.py
Wrote: 2024_county_results_with_final.csv

$ /home/ubuntu/.venv/bin/python3 /home/ubuntu/apps/election-app/stats/1-cut-zero-fips.py
Wrote: 2024_county_results_with_final_1.csv
Rows before: 23
Rows after:  23
Dropped (fips == 0): 0

$ /home/ubuntu/.venv/bin/python3 /home/ubuntu/apps/election-app/stats/2-calc.py
Wrote 23 rows with calculations to /home/ubuntu/apps/election-app/win_prob/H/VA/06/_work/2024_county_results_with_calcs-old.csv

$ /home/ubuntu/.venv/bin/python3 /home/ubuntu/apps/election-app/stats/2-eevp.py
Wrote (no-op copy): 2024_county_results_with_calcs.csv
Columns:
 - timestamp
 - state
 - county
 - fips
 - trump_votes
 - harris_votes
 - other_votes
 - eevp
 - state_eevp
 - harris_votes_statewide
 - trump_votes_statewide
 - other_votes_statewide
 - final_state
 - final_county
 - final_fips
 - final_trump_votes
 - final_harris_votes
 - final_other_votes
 - harris_percent_snapshot
 - trump_percent_snapshot
 - margin_snapshot
 - harris_percent_final
 - trump_percent_final
 - margin_final
 - margin_difference
 - margin_difference_abs

$ /home/ubuntu/.venv/bin/python3 /home/ubuntu/apps/election-app/stats/3-calc-new.py
Wrote 23 rows with new columns to /home/ubuntu/apps/election-app/win_prob/H/VA/06/_work/2024_county_results_with_calcs_new.csv

$ /home/ubuntu/.venv/bin/python3 /home/ubuntu/apps/election-app/stats/4-stats.py
Reading 2024_county_results_with_calcs_new.csv...
Aggregating statewide totals...
Calculating percentages and margins...
Writing to output_statewide_stats.csv...
Done!
[2026-01-24 06:54:52] INFO: [PIPELINE] ENTER win-prob generation | states=['VA'] ts_list=['2024-11-05T15-30-22']

============================================================================
[01/1] STATE = VA
============================================================================

$ /home/ubuntu/.venv/bin/python3 /home/ubuntu/apps/election-app/stats/5-snapshots.py --state VA --input /home/ubuntu/apps/election-app/win_prob/H/VA/06/_work/output_statewide_stats.csv --output /home/ubuntu/apps/election-app/win_prob/H/VA/06/snapshots_VA.csv --start 2024-11-05T15-30-22 --end 2024-11-05T15-30-22 --use-window 1 --interval 30
Mode: windowed-one-state
Rows written: 23
Distinct states in output: VA
Rows per normalized timestamp (empty = unparseable):
  2024-11-05T15-30-22: 23
Wrote /home/ubuntu/apps/election-app/win_prob/H/VA/06/snapshots_VA.csv

$ /home/ubuntu/.venv/bin/python3 /home/ubuntu/apps/election-app/stats/6-pval.py /home/ubuntu/apps/election-app/win_prob/H/VA/06/snapshots_VA.csv -t /home/ubuntu/apps/election-app/stats/parameters.csv -o /home/ubuntu/apps/election-app/win_prob/H/VA/06/data_output_VA.csv -c 50
Done. Wrote: /home/ubuntu/apps/election-app/win_prob/H/VA/06/data_output_VA.csv
Total rows: 23 (chunked, resumable).
Computed columns for PVALS = [0.01, 0.1, 1, 2, 3, 5, 10, 15, 20, 25, 30, 35, 40, 45, 50, 55, 60, 65, 70, 75, 80, 85, 90, 95, 97, 98, 99, 99.9, 99.99]
Per p (leader): shift_{p}, margin_new_{p}, harris_percent_new_{p}, trump_percent_new_{p}, total_snapshot_{p}, total_expected_{p}, harris_votes_new_{p}, trump_votes_new_{p}
Per p (trailing): shift_trailing_{p}, margin_new_{p}_trailing, harris_percent_new_{p}_trailing, trump_percent_new_{p}_trailing, total_snapshot_{p}_trailing, total_expected_{p}_trailing, harris_votes_new_{p}_trailing, trump_votes_new_{p}_trailing
Checkpoint saved at: /home/ubuntu/apps/election-app/win_prob/H/VA/06/data_output_VA.csv.checkpoint.json

$ /home/ubuntu/.venv/bin/python3 /home/ubuntu/apps/election-app/stats/7-margin-new.py
Wrote data_output_with_margins_old.csv

$ /home/ubuntu/.venv/bin/python3 /home/ubuntu/apps/election-app/stats/7-eevp-statewide.py
Wrote data_output_with_margins.csv (copied from data_output_with_margins_old.csv)

$ /home/ubuntu/.venv/bin/python3 /home/ubuntu/apps/election-app/stats/7.py --input /home/ubuntu/apps/election-app/win_prob/H/VA/06/data_output_VA_with_margins_statewide_eevp.csv --output /home/ubuntu/apps/election-app/win_prob/H/VA/06/statewide_margin_pct_vs_percent_VA_2026.png --state VA --start 2024-11-05T15-30-22 --end 2024-11-05T15-30-22 --stats /home/ubuntu/apps/election-app/win_prob/H/VA/06/stats.csv --stats2 /home/ubuntu/apps/election-app/win_prob/H/VA/06/stats2.csv --interval 30 --year 2026 --jsonl /home/ubuntu/apps/election-app/win_prob/H/VA/06/plotdata_VA_2026_2026-01-24T06-54-43.jsonl
[info] evaluating 1 timestamps from 2024-11-05T15-30-22 to 2024-11-05T15-30-22 every 30 minutes
[saved] probs_timeseries_VA.csv  (1 points)
[saved] /home/ubuntu/apps/election-app/win_prob/H/VA/06/plotdata_VA_2026_2026-01-24T06-54-43.jsonl  (0 points)
[saved] /home/ubuntu/apps/election-app/win_prob/H/VA/06/statewide_margin_pct_vs_percent_VA_2026_box.json
[saved] /home/ubuntu/apps/election-app/win_prob/H/VA/06/statewide_margin_pct_vs_percent_VA_2026_box.png
[saved] /home/ubuntu/apps/election-app/win_prob/H/VA/06/statewide_margin_pct_vs_percent_VA_2026.png

All 50 states complete. See: /home/ubuntu/apps/election-app/win_prob/H/VA/06

$ /home/ubuntu/.venv/bin/python3 /home/ubuntu/apps/election-app/stats/8.py --root /home/ubuntu/apps/election-app/win_prob/H/VA/06/_work --outdir /home/ubuntu/apps/election-app/win_prob/H/VA/06
[info] root  = /home/ubuntu/apps/election-app/win_prob/H/VA/06/_work
[info] outdir= /home/ubuntu/apps/election-app/win_prob/H/VA/06
[deleted] /home/ubuntu/apps/election-app/win_prob/H/VA/06/_work/stats_with_statewide.csv
[deleted] /home/ubuntu/apps/election-app/win_prob/H/VA/06/_work/stats2_final_headers.csv
[deleted] /home/ubuntu/apps/election-app/win_prob/H/VA/06/_work/2024_county_results_with_final-old.csv
[deleted] /home/ubuntu/apps/election-app/win_prob/H/VA/06/_work/2024_county_results_with_final.csv
[deleted] /home/ubuntu/apps/election-app/win_prob/H/VA/06/_work/2024_county_results_with_final_1.csv
[deleted] /home/ubuntu/apps/election-app/win_prob/H/VA/06/_work/2024_county_results_with_calcs-old.csv
[deleted] /home/ubuntu/apps/election-app/win_prob/H/VA/06/_work/2024_county_results_with_calcs_new.csv
[deleted] /home/ubuntu/apps/election-app/win_prob/H/VA/06/_work/output_statewide_stats.csv
[skip]    /home/ubuntu/apps/election-app/win_prob/H/VA/06/_work/probs_timeseries_PA.csv
[deleted] /home/ubuntu/apps/election-app/win_prob/H/VA/06/_work/2024_county_results_with_calcs.csv
[skip]    /home/ubuntu/apps/election-app/win_prob/H/VA/06/data_output.csv
[skip]    /home/ubuntu/apps/election-app/win_prob/H/VA/06/data_output_with_margins_old.csv
[skip]    /home/ubuntu/apps/election-app/win_prob/H/VA/06/data_output_with_margins.csv
[skip]    /home/ubuntu/apps/election-app/win_prob/H/VA/06/data_output_with_margins-statewide.csv
[deleted] /home/ubuntu/apps/election-app/win_prob/H/VA/06/snapshots_VA.csv
[deleted] /home/ubuntu/apps/election-app/win_prob/H/VA/06/data_output_VA_with_margins.csv
[deleted] /home/ubuntu/apps/election-app/win_prob/H/VA/06/data_output_VA_with_margins_statewide_eevp.csv
[deleted] /home/ubuntu/apps/election-app/win_prob/H/VA/06/data_output_VA.csv
[deleted] /home/ubuntu/apps/election-app/win_prob/H/VA/06/data_output_VA.csv.checkpoint.json
[deleted] /home/ubuntu/apps/election-app/win_prob/H/VA/06/stats.csv
[deleted] /home/ubuntu/apps/election-app/win_prob/H/VA/06/stats2.csv
[done] removed 16 file(s)
[2026-01-24 07:01:53] INFO: [PIPELINE] args: office=H state=VA district=06
[2026-01-24 07:01:53] INFO: [PIPELINE] WINPROB_DIR resolved to: /home/ubuntu/apps/election-app/win_prob/H/VA/06
[2026-01-24 07:01:53] INFO: [PIPELINE] OUTDIR set to: /home/ubuntu/apps/election-app/win_prob/H/VA/06

$ /home/ubuntu/.venv/bin/python3 /home/ubuntu/apps/election-app/stats/1-statewide.py --input /home/ubuntu/apps/election-app/win_prob/H/VA/06/stats.csv --output /home/ubuntu/apps/election-app/win_prob/H/VA/06/_work/stats_with_statewide.csv
Wrote /home/ubuntu/apps/election-app/win_prob/H/VA/06/_work/stats_with_statewide.csv (rows=23)

$ /home/ubuntu/.venv/bin/python3 /home/ubuntu/apps/election-app/stats/1-stats-2.py --input /home/ubuntu/apps/election-app/win_prob/H/VA/06/stats2.csv --output /home/ubuntu/apps/election-app/win_prob/H/VA/06/_work/stats2_final_headers.csv
Wrote /home/ubuntu/apps/election-app/win_prob/H/VA/06/_work/stats2_final_headers.csv (rows=23)

$ /home/ubuntu/.venv/bin/python3 /home/ubuntu/apps/election-app/stats/1-append-new.py
Wrote 2024_county_results_with_final-old.csv (rows=23, missing_final_matches=0)

$ /home/ubuntu/.venv/bin/python3 /home/ubuntu/apps/election-app/stats/1-change_header.py
Wrote: 2024_county_results_with_final.csv

$ /home/ubuntu/.venv/bin/python3 /home/ubuntu/apps/election-app/stats/1-cut-zero-fips.py
Wrote: 2024_county_results_with_final_1.csv
Rows before: 23
Rows after:  23
Dropped (fips == 0): 0

$ /home/ubuntu/.venv/bin/python3 /home/ubuntu/apps/election-app/stats/2-calc.py
Wrote 23 rows with calculations to /home/ubuntu/apps/election-app/win_prob/H/VA/06/_work/2024_county_results_with_calcs-old.csv

$ /home/ubuntu/.venv/bin/python3 /home/ubuntu/apps/election-app/stats/2-eevp.py
Wrote (no-op copy): 2024_county_results_with_calcs.csv
Columns:
 - timestamp
 - state
 - county
 - fips
 - trump_votes
 - harris_votes
 - other_votes
 - eevp
 - state_eevp
 - harris_votes_statewide
 - trump_votes_statewide
 - other_votes_statewide
 - final_state
 - final_county
 - final_fips
 - final_trump_votes
 - final_harris_votes
 - final_other_votes
 - harris_percent_snapshot
 - trump_percent_snapshot
 - margin_snapshot
 - harris_percent_final
 - trump_percent_final
 - margin_final
 - margin_difference
 - margin_difference_abs

$ /home/ubuntu/.venv/bin/python3 /home/ubuntu/apps/election-app/stats/3-calc-new.py
Wrote 23 rows with new columns to /home/ubuntu/apps/election-app/win_prob/H/VA/06/_work/2024_county_results_with_calcs_new.csv

$ /home/ubuntu/.venv/bin/python3 /home/ubuntu/apps/election-app/stats/4-stats.py
Reading 2024_county_results_with_calcs_new.csv...
Aggregating statewide totals...
Calculating percentages and margins...
Writing to output_statewide_stats.csv...
Done!
[2026-01-24 07:02:02] INFO: [PIPELINE] ENTER win-prob generation | states=['VA'] ts_list=['2024-11-05T15-30-22']

============================================================================
[01/1] STATE = VA
============================================================================

$ /home/ubuntu/.venv/bin/python3 /home/ubuntu/apps/election-app/stats/5-snapshots.py --state VA --input /home/ubuntu/apps/election-app/win_prob/H/VA/06/_work/output_statewide_stats.csv --output /home/ubuntu/apps/election-app/win_prob/H/VA/06/snapshots_VA.csv --start 2024-11-05T15-30-22 --end 2024-11-05T15-30-22 --use-window 1 --interval 30
Mode: windowed-one-state
Rows written: 23
Distinct states in output: VA
Rows per normalized timestamp (empty = unparseable):
  2024-11-05T15-30-22: 23
Wrote /home/ubuntu/apps/election-app/win_prob/H/VA/06/snapshots_VA.csv

$ /home/ubuntu/.venv/bin/python3 /home/ubuntu/apps/election-app/stats/6-pval.py /home/ubuntu/apps/election-app/win_prob/H/VA/06/snapshots_VA.csv -t /home/ubuntu/apps/election-app/stats/parameters.csv -o /home/ubuntu/apps/election-app/win_prob/H/VA/06/data_output_VA.csv -c 50
Done. Wrote: /home/ubuntu/apps/election-app/win_prob/H/VA/06/data_output_VA.csv
Total rows: 23 (chunked, resumable).
Computed columns for PVALS = [0.01, 0.1, 1, 2, 3, 5, 10, 15, 20, 25, 30, 35, 40, 45, 50, 55, 60, 65, 70, 75, 80, 85, 90, 95, 97, 98, 99, 99.9, 99.99]
Per p (leader): shift_{p}, margin_new_{p}, harris_percent_new_{p}, trump_percent_new_{p}, total_snapshot_{p}, total_expected_{p}, harris_votes_new_{p}, trump_votes_new_{p}
Per p (trailing): shift_trailing_{p}, margin_new_{p}_trailing, harris_percent_new_{p}_trailing, trump_percent_new_{p}_trailing, total_snapshot_{p}_trailing, total_expected_{p}_trailing, harris_votes_new_{p}_trailing, trump_votes_new_{p}_trailing
Checkpoint saved at: /home/ubuntu/apps/election-app/win_prob/H/VA/06/data_output_VA.csv.checkpoint.json

$ /home/ubuntu/.venv/bin/python3 /home/ubuntu/apps/election-app/stats/7-margin-new.py
Wrote data_output_with_margins_old.csv

$ /home/ubuntu/.venv/bin/python3 /home/ubuntu/apps/election-app/stats/7-eevp-statewide.py
Wrote data_output_with_margins.csv (copied from data_output_with_margins_old.csv)

$ /home/ubuntu/.venv/bin/python3 /home/ubuntu/apps/election-app/stats/7.py --input /home/ubuntu/apps/election-app/win_prob/H/VA/06/data_output_VA_with_margins_statewide_eevp.csv --output /home/ubuntu/apps/election-app/win_prob/H/VA/06/statewide_margin_pct_vs_percent_VA_2026.png --state VA --start 2024-11-05T15-30-22 --end 2024-11-05T15-30-22 --stats /home/ubuntu/apps/election-app/win_prob/H/VA/06/stats.csv --stats2 /home/ubuntu/apps/election-app/win_prob/H/VA/06/stats2.csv --interval 30 --year 2026 --jsonl /home/ubuntu/apps/election-app/win_prob/H/VA/06/plotdata_VA_2026_2026-01-24T07-01-53.jsonl
[info] evaluating 1 timestamps from 2024-11-05T15-30-22 to 2024-11-05T15-30-22 every 30 minutes
[saved] probs_timeseries_VA.csv  (1 points)
[saved] /home/ubuntu/apps/election-app/win_prob/H/VA/06/plotdata_VA_2026_2026-01-24T07-01-53.jsonl  (4 points)
[saved] /home/ubuntu/apps/election-app/win_prob/H/VA/06/statewide_margin_pct_vs_percent_VA_2026_box.json
[saved] /home/ubuntu/apps/election-app/win_prob/H/VA/06/statewide_margin_pct_vs_percent_VA_2026_box.png
[saved] /home/ubuntu/apps/election-app/win_prob/H/VA/06/statewide_margin_pct_vs_percent_VA_2026.png

All 50 states complete. See: /home/ubuntu/apps/election-app/win_prob/H/VA/06

$ /home/ubuntu/.venv/bin/python3 /home/ubuntu/apps/election-app/stats/8.py --root /home/ubuntu/apps/election-app/win_prob/H/VA/06/_work --outdir /home/ubuntu/apps/election-app/win_prob/H/VA/06
[info] root  = /home/ubuntu/apps/election-app/win_prob/H/VA/06/_work
[info] outdir= /home/ubuntu/apps/election-app/win_prob/H/VA/06
[deleted] /home/ubuntu/apps/election-app/win_prob/H/VA/06/_work/stats_with_statewide.csv
[deleted] /home/ubuntu/apps/election-app/win_prob/H/VA/06/_work/stats2_final_headers.csv
[deleted] /home/ubuntu/apps/election-app/win_prob/H/VA/06/_work/2024_county_results_with_final-old.csv
[deleted] /home/ubuntu/apps/election-app/win_prob/H/VA/06/_work/2024_county_results_with_final.csv
[deleted] /home/ubuntu/apps/election-app/win_prob/H/VA/06/_work/2024_county_results_with_final_1.csv
[deleted] /home/ubuntu/apps/election-app/win_prob/H/VA/06/_work/2024_county_results_with_calcs-old.csv
[deleted] /home/ubuntu/apps/election-app/win_prob/H/VA/06/_work/2024_county_results_with_calcs_new.csv
[deleted] /home/ubuntu/apps/election-app/win_prob/H/VA/06/_work/output_statewide_stats.csv
[skip]    /home/ubuntu/apps/election-app/win_prob/H/VA/06/_work/probs_timeseries_PA.csv
[deleted] /home/ubuntu/apps/election-app/win_prob/H/VA/06/_work/2024_county_results_with_calcs.csv
[skip]    /home/ubuntu/apps/election-app/win_prob/H/VA/06/data_output.csv
[skip]    /home/ubuntu/apps/election-app/win_prob/H/VA/06/data_output_with_margins_old.csv
[skip]    /home/ubuntu/apps/election-app/win_prob/H/VA/06/data_output_with_margins.csv
[skip]    /home/ubuntu/apps/election-app/win_prob/H/VA/06/data_output_with_margins-statewide.csv
[deleted] /home/ubuntu/apps/election-app/win_prob/H/VA/06/snapshots_VA.csv
[deleted] /home/ubuntu/apps/election-app/win_prob/H/VA/06/data_output_VA_with_margins.csv
[deleted] /home/ubuntu/apps/election-app/win_prob/H/VA/06/data_output_VA_with_margins_statewide_eevp.csv
[deleted] /home/ubuntu/apps/election-app/win_prob/H/VA/06/data_output_VA.csv
[deleted] /home/ubuntu/apps/election-app/win_prob/H/VA/06/data_output_VA.csv.checkpoint.json
[deleted] /home/ubuntu/apps/election-app/win_prob/H/VA/06/stats.csv
[deleted] /home/ubuntu/apps/election-app/win_prob/H/VA/06/stats2.csv
[done] removed 16 file(s)
[2026-01-24 07:08:57] INFO: [PIPELINE] args: office=H state=VA district=06
[2026-01-24 07:08:57] INFO: [PIPELINE] WINPROB_DIR resolved to: /home/ubuntu/apps/election-app/win_prob/H/VA/06
[2026-01-24 07:08:57] INFO: [PIPELINE] OUTDIR set to: /home/ubuntu/apps/election-app/win_prob/H/VA/06

$ /home/ubuntu/.venv/bin/python3 /home/ubuntu/apps/election-app/stats/1-statewide.py --input /home/ubuntu/apps/election-app/win_prob/H/VA/06/stats.csv --output /home/ubuntu/apps/election-app/win_prob/H/VA/06/_work/stats_with_statewide.csv
Wrote /home/ubuntu/apps/election-app/win_prob/H/VA/06/_work/stats_with_statewide.csv (rows=23)

$ /home/ubuntu/.venv/bin/python3 /home/ubuntu/apps/election-app/stats/1-stats-2.py --input /home/ubuntu/apps/election-app/win_prob/H/VA/06/stats2.csv --output /home/ubuntu/apps/election-app/win_prob/H/VA/06/_work/stats2_final_headers.csv
Wrote /home/ubuntu/apps/election-app/win_prob/H/VA/06/_work/stats2_final_headers.csv (rows=23)

$ /home/ubuntu/.venv/bin/python3 /home/ubuntu/apps/election-app/stats/1-append-new.py
Wrote 2024_county_results_with_final-old.csv (rows=23, missing_final_matches=0)

$ /home/ubuntu/.venv/bin/python3 /home/ubuntu/apps/election-app/stats/1-change_header.py
Wrote: 2024_county_results_with_final.csv

$ /home/ubuntu/.venv/bin/python3 /home/ubuntu/apps/election-app/stats/1-cut-zero-fips.py
Wrote: 2024_county_results_with_final_1.csv
Rows before: 23
Rows after:  23
Dropped (fips == 0): 0

$ /home/ubuntu/.venv/bin/python3 /home/ubuntu/apps/election-app/stats/2-calc.py
Wrote 23 rows with calculations to /home/ubuntu/apps/election-app/win_prob/H/VA/06/_work/2024_county_results_with_calcs-old.csv

$ /home/ubuntu/.venv/bin/python3 /home/ubuntu/apps/election-app/stats/2-eevp.py
Wrote (no-op copy): 2024_county_results_with_calcs.csv
Columns:
 - timestamp
 - state
 - county
 - fips
 - trump_votes
 - harris_votes
 - other_votes
 - eevp
 - state_eevp
 - harris_votes_statewide
 - trump_votes_statewide
 - other_votes_statewide
 - final_state
 - final_county
 - final_fips
 - final_trump_votes
 - final_harris_votes
 - final_other_votes
 - harris_percent_snapshot
 - trump_percent_snapshot
 - margin_snapshot
 - harris_percent_final
 - trump_percent_final
 - margin_final
 - margin_difference
 - margin_difference_abs

$ /home/ubuntu/.venv/bin/python3 /home/ubuntu/apps/election-app/stats/3-calc-new.py
Wrote 23 rows with new columns to /home/ubuntu/apps/election-app/win_prob/H/VA/06/_work/2024_county_results_with_calcs_new.csv

$ /home/ubuntu/.venv/bin/python3 /home/ubuntu/apps/election-app/stats/4-stats.py
Reading 2024_county_results_with_calcs_new.csv...
Aggregating statewide totals...
Calculating percentages and margins...
Writing to output_statewide_stats.csv...
Done!
[2026-01-24 07:09:06] INFO: [PIPELINE] ENTER win-prob generation | states=['VA'] ts_list=['2024-11-05T15-30-22']

============================================================================
[01/1] STATE = VA
============================================================================

$ /home/ubuntu/.venv/bin/python3 /home/ubuntu/apps/election-app/stats/5-snapshots.py --state VA --input /home/ubuntu/apps/election-app/win_prob/H/VA/06/_work/output_statewide_stats.csv --output /home/ubuntu/apps/election-app/win_prob/H/VA/06/snapshots_VA.csv --start 2024-11-05T15-30-22 --end 2024-11-05T15-30-22 --use-window 1 --interval 30
Mode: windowed-one-state
Rows written: 23
Distinct states in output: VA
Rows per normalized timestamp (empty = unparseable):
  2024-11-05T15-30-22: 23
Wrote /home/ubuntu/apps/election-app/win_prob/H/VA/06/snapshots_VA.csv

$ /home/ubuntu/.venv/bin/python3 /home/ubuntu/apps/election-app/stats/6-pval.py /home/ubuntu/apps/election-app/win_prob/H/VA/06/snapshots_VA.csv -t /home/ubuntu/apps/election-app/stats/parameters.csv -o /home/ubuntu/apps/election-app/win_prob/H/VA/06/data_output_VA.csv -c 50
Done. Wrote: /home/ubuntu/apps/election-app/win_prob/H/VA/06/data_output_VA.csv
Total rows: 23 (chunked, resumable).
Computed columns for PVALS = [0.01, 0.1, 1, 2, 3, 5, 10, 15, 20, 25, 30, 35, 40, 45, 50, 55, 60, 65, 70, 75, 80, 85, 90, 95, 97, 98, 99, 99.9, 99.99]
Per p (leader): shift_{p}, margin_new_{p}, harris_percent_new_{p}, trump_percent_new_{p}, total_snapshot_{p}, total_expected_{p}, harris_votes_new_{p}, trump_votes_new_{p}
Per p (trailing): shift_trailing_{p}, margin_new_{p}_trailing, harris_percent_new_{p}_trailing, trump_percent_new_{p}_trailing, total_snapshot_{p}_trailing, total_expected_{p}_trailing, harris_votes_new_{p}_trailing, trump_votes_new_{p}_trailing
Checkpoint saved at: /home/ubuntu/apps/election-app/win_prob/H/VA/06/data_output_VA.csv.checkpoint.json

$ /home/ubuntu/.venv/bin/python3 /home/ubuntu/apps/election-app/stats/7-margin-new.py
Wrote data_output_with_margins_old.csv

$ /home/ubuntu/.venv/bin/python3 /home/ubuntu/apps/election-app/stats/7-eevp-statewide.py
Wrote data_output_with_margins.csv (copied from data_output_with_margins_old.csv)

$ /home/ubuntu/.venv/bin/python3 /home/ubuntu/apps/election-app/stats/7.py --input /home/ubuntu/apps/election-app/win_prob/H/VA/06/data_output_VA_with_margins_statewide_eevp.csv --output /home/ubuntu/apps/election-app/win_prob/H/VA/06/statewide_margin_pct_vs_percent_VA_2026.png --state VA --start 2024-11-05T15-30-22 --end 2024-11-05T15-30-22 --stats /home/ubuntu/apps/election-app/win_prob/H/VA/06/stats.csv --stats2 /home/ubuntu/apps/election-app/win_prob/H/VA/06/stats2.csv --interval 30 --year 2026 --jsonl /home/ubuntu/apps/election-app/win_prob/H/VA/06/plotdata_VA_2026_2026-01-24T07-08-57.jsonl
[info] evaluating 1 timestamps from 2024-11-05T15-30-22 to 2024-11-05T15-30-22 every 30 minutes
[saved] probs_timeseries_VA.csv  (1 points)
[saved] /home/ubuntu/apps/election-app/win_prob/H/VA/06/plotdata_VA_2026_2026-01-24T07-08-57.jsonl  (4 points)
[saved] /home/ubuntu/apps/election-app/win_prob/H/VA/06/statewide_margin_pct_vs_percent_VA_2026_box.json
[saved] /home/ubuntu/apps/election-app/win_prob/H/VA/06/statewide_margin_pct_vs_percent_VA_2026_box.png
[saved] /home/ubuntu/apps/election-app/win_prob/H/VA/06/statewide_margin_pct_vs_percent_VA_2026.png

All 50 states complete. See: /home/ubuntu/apps/election-app/win_prob/H/VA/06

$ /home/ubuntu/.venv/bin/python3 /home/ubuntu/apps/election-app/stats/8.py --root /home/ubuntu/apps/election-app/win_prob/H/VA/06/_work --outdir /home/ubuntu/apps/election-app/win_prob/H/VA/06
[info] root  = /home/ubuntu/apps/election-app/win_prob/H/VA/06/_work
[info] outdir= /home/ubuntu/apps/election-app/win_prob/H/VA/06
[deleted] /home/ubuntu/apps/election-app/win_prob/H/VA/06/_work/stats_with_statewide.csv
[deleted] /home/ubuntu/apps/election-app/win_prob/H/VA/06/_work/stats2_final_headers.csv
[deleted] /home/ubuntu/apps/election-app/win_prob/H/VA/06/_work/2024_county_results_with_final-old.csv
[deleted] /home/ubuntu/apps/election-app/win_prob/H/VA/06/_work/2024_county_results_with_final.csv
[deleted] /home/ubuntu/apps/election-app/win_prob/H/VA/06/_work/2024_county_results_with_final_1.csv
[deleted] /home/ubuntu/apps/election-app/win_prob/H/VA/06/_work/2024_county_results_with_calcs-old.csv
[deleted] /home/ubuntu/apps/election-app/win_prob/H/VA/06/_work/2024_county_results_with_calcs_new.csv
[deleted] /home/ubuntu/apps/election-app/win_prob/H/VA/06/_work/output_statewide_stats.csv
[skip]    /home/ubuntu/apps/election-app/win_prob/H/VA/06/_work/probs_timeseries_PA.csv
[deleted] /home/ubuntu/apps/election-app/win_prob/H/VA/06/_work/2024_county_results_with_calcs.csv
[skip]    /home/ubuntu/apps/election-app/win_prob/H/VA/06/data_output.csv
[skip]    /home/ubuntu/apps/election-app/win_prob/H/VA/06/data_output_with_margins_old.csv
[skip]    /home/ubuntu/apps/election-app/win_prob/H/VA/06/data_output_with_margins.csv
[skip]    /home/ubuntu/apps/election-app/win_prob/H/VA/06/data_output_with_margins-statewide.csv
[deleted] /home/ubuntu/apps/election-app/win_prob/H/VA/06/snapshots_VA.csv
[deleted] /home/ubuntu/apps/election-app/win_prob/H/VA/06/data_output_VA_with_margins.csv
[deleted] /home/ubuntu/apps/election-app/win_prob/H/VA/06/data_output_VA_with_margins_statewide_eevp.csv
[deleted] /home/ubuntu/apps/election-app/win_prob/H/VA/06/data_output_VA.csv
[deleted] /home/ubuntu/apps/election-app/win_prob/H/VA/06/data_output_VA.csv.checkpoint.json
[deleted] /home/ubuntu/apps/election-app/win_prob/H/VA/06/stats.csv
[deleted] /home/ubuntu/apps/election-app/win_prob/H/VA/06/stats2.csv
[done] removed 16 file(s)
[2026-01-24 07:15:59] INFO: [PIPELINE] args: office=H state=VA district=06
[2026-01-24 07:15:59] INFO: [PIPELINE] WINPROB_DIR resolved to: /home/ubuntu/apps/election-app/win_prob/H/VA/06
[2026-01-24 07:15:59] INFO: [PIPELINE] OUTDIR set to: /home/ubuntu/apps/election-app/win_prob/H/VA/06

$ /home/ubuntu/.venv/bin/python3 /home/ubuntu/apps/election-app/stats/1-statewide.py --input /home/ubuntu/apps/election-app/win_prob/H/VA/06/stats.csv --output /home/ubuntu/apps/election-app/win_prob/H/VA/06/_work/stats_with_statewide.csv
Wrote /home/ubuntu/apps/election-app/win_prob/H/VA/06/_work/stats_with_statewide.csv (rows=23)

$ /home/ubuntu/.venv/bin/python3 /home/ubuntu/apps/election-app/stats/1-stats-2.py --input /home/ubuntu/apps/election-app/win_prob/H/VA/06/stats2.csv --output /home/ubuntu/apps/election-app/win_prob/H/VA/06/_work/stats2_final_headers.csv
Wrote /home/ubuntu/apps/election-app/win_prob/H/VA/06/_work/stats2_final_headers.csv (rows=23)

$ /home/ubuntu/.venv/bin/python3 /home/ubuntu/apps/election-app/stats/1-append-new.py
Wrote 2024_county_results_with_final-old.csv (rows=23, missing_final_matches=0)

$ /home/ubuntu/.venv/bin/python3 /home/ubuntu/apps/election-app/stats/1-change_header.py
Wrote: 2024_county_results_with_final.csv

$ /home/ubuntu/.venv/bin/python3 /home/ubuntu/apps/election-app/stats/1-cut-zero-fips.py
Wrote: 2024_county_results_with_final_1.csv
Rows before: 23
Rows after:  23
Dropped (fips == 0): 0

$ /home/ubuntu/.venv/bin/python3 /home/ubuntu/apps/election-app/stats/2-calc.py
Wrote 23 rows with calculations to /home/ubuntu/apps/election-app/win_prob/H/VA/06/_work/2024_county_results_with_calcs-old.csv

$ /home/ubuntu/.venv/bin/python3 /home/ubuntu/apps/election-app/stats/2-eevp.py
Wrote (no-op copy): 2024_county_results_with_calcs.csv
Columns:
 - timestamp
 - state
 - county
 - fips
 - trump_votes
 - harris_votes
 - other_votes
 - eevp
 - state_eevp
 - harris_votes_statewide
 - trump_votes_statewide
 - other_votes_statewide
 - final_state
 - final_county
 - final_fips
 - final_trump_votes
 - final_harris_votes
 - final_other_votes
 - harris_percent_snapshot
 - trump_percent_snapshot
 - margin_snapshot
 - harris_percent_final
 - trump_percent_final
 - margin_final
 - margin_difference
 - margin_difference_abs

$ /home/ubuntu/.venv/bin/python3 /home/ubuntu/apps/election-app/stats/3-calc-new.py
Wrote 23 rows with new columns to /home/ubuntu/apps/election-app/win_prob/H/VA/06/_work/2024_county_results_with_calcs_new.csv

$ /home/ubuntu/.venv/bin/python3 /home/ubuntu/apps/election-app/stats/4-stats.py
Reading 2024_county_results_with_calcs_new.csv...
Aggregating statewide totals...
Calculating percentages and margins...
Writing to output_statewide_stats.csv...
Done!
[2026-01-24 07:16:08] INFO: [PIPELINE] ENTER win-prob generation | states=['VA'] ts_list=['2024-11-05T15-30-22']

============================================================================
[01/1] STATE = VA
============================================================================

$ /home/ubuntu/.venv/bin/python3 /home/ubuntu/apps/election-app/stats/5-snapshots.py --state VA --input /home/ubuntu/apps/election-app/win_prob/H/VA/06/_work/output_statewide_stats.csv --output /home/ubuntu/apps/election-app/win_prob/H/VA/06/snapshots_VA.csv --start 2024-11-05T15-30-22 --end 2024-11-05T15-30-22 --use-window 1 --interval 30
Mode: windowed-one-state
Rows written: 23
Distinct states in output: VA
Rows per normalized timestamp (empty = unparseable):
  2024-11-05T15-30-22: 23
Wrote /home/ubuntu/apps/election-app/win_prob/H/VA/06/snapshots_VA.csv

$ /home/ubuntu/.venv/bin/python3 /home/ubuntu/apps/election-app/stats/6-pval.py /home/ubuntu/apps/election-app/win_prob/H/VA/06/snapshots_VA.csv -t /home/ubuntu/apps/election-app/stats/parameters.csv -o /home/ubuntu/apps/election-app/win_prob/H/VA/06/data_output_VA.csv -c 50
Done. Wrote: /home/ubuntu/apps/election-app/win_prob/H/VA/06/data_output_VA.csv
Total rows: 23 (chunked, resumable).
Computed columns for PVALS = [0.01, 0.1, 1, 2, 3, 5, 10, 15, 20, 25, 30, 35, 40, 45, 50, 55, 60, 65, 70, 75, 80, 85, 90, 95, 97, 98, 99, 99.9, 99.99]
Per p (leader): shift_{p}, margin_new_{p}, harris_percent_new_{p}, trump_percent_new_{p}, total_snapshot_{p}, total_expected_{p}, harris_votes_new_{p}, trump_votes_new_{p}
Per p (trailing): shift_trailing_{p}, margin_new_{p}_trailing, harris_percent_new_{p}_trailing, trump_percent_new_{p}_trailing, total_snapshot_{p}_trailing, total_expected_{p}_trailing, harris_votes_new_{p}_trailing, trump_votes_new_{p}_trailing
Checkpoint saved at: /home/ubuntu/apps/election-app/win_prob/H/VA/06/data_output_VA.csv.checkpoint.json

$ /home/ubuntu/.venv/bin/python3 /home/ubuntu/apps/election-app/stats/7-margin-new.py
Wrote data_output_with_margins_old.csv

$ /home/ubuntu/.venv/bin/python3 /home/ubuntu/apps/election-app/stats/7-eevp-statewide.py
Wrote data_output_with_margins.csv (copied from data_output_with_margins_old.csv)

$ /home/ubuntu/.venv/bin/python3 /home/ubuntu/apps/election-app/stats/7.py --input /home/ubuntu/apps/election-app/win_prob/H/VA/06/data_output_VA_with_margins_statewide_eevp.csv --output /home/ubuntu/apps/election-app/win_prob/H/VA/06/statewide_margin_pct_vs_percent_VA_2026.png --state VA --start 2024-11-05T15-30-22 --end 2024-11-05T15-30-22 --stats /home/ubuntu/apps/election-app/win_prob/H/VA/06/stats.csv --stats2 /home/ubuntu/apps/election-app/win_prob/H/VA/06/stats2.csv --interval 30 --year 2026 --jsonl /home/ubuntu/apps/election-app/win_prob/H/VA/06/plotdata_VA_2026_2026-01-24T07-15-59.jsonl
[info] evaluating 1 timestamps from 2024-11-05T15-30-22 to 2024-11-05T15-30-22 every 30 minutes
[saved] probs_timeseries_VA.csv  (1 points)
[saved] /home/ubuntu/apps/election-app/win_prob/H/VA/06/plotdata_VA_2026_2026-01-24T07-15-59.jsonl  (4 points)
[saved] /home/ubuntu/apps/election-app/win_prob/H/VA/06/statewide_margin_pct_vs_percent_VA_2026_box.json
[saved] /home/ubuntu/apps/election-app/win_prob/H/VA/06/statewide_margin_pct_vs_percent_VA_2026_box.png
[saved] /home/ubuntu/apps/election-app/win_prob/H/VA/06/statewide_margin_pct_vs_percent_VA_2026.png

All 50 states complete. See: /home/ubuntu/apps/election-app/win_prob/H/VA/06

$ /home/ubuntu/.venv/bin/python3 /home/ubuntu/apps/election-app/stats/8.py --root /home/ubuntu/apps/election-app/win_prob/H/VA/06/_work --outdir /home/ubuntu/apps/election-app/win_prob/H/VA/06
[info] root  = /home/ubuntu/apps/election-app/win_prob/H/VA/06/_work
[info] outdir= /home/ubuntu/apps/election-app/win_prob/H/VA/06
[deleted] /home/ubuntu/apps/election-app/win_prob/H/VA/06/_work/stats_with_statewide.csv
[deleted] /home/ubuntu/apps/election-app/win_prob/H/VA/06/_work/stats2_final_headers.csv
[deleted] /home/ubuntu/apps/election-app/win_prob/H/VA/06/_work/2024_county_results_with_final-old.csv
[deleted] /home/ubuntu/apps/election-app/win_prob/H/VA/06/_work/2024_county_results_with_final.csv
[deleted] /home/ubuntu/apps/election-app/win_prob/H/VA/06/_work/2024_county_results_with_final_1.csv
[deleted] /home/ubuntu/apps/election-app/win_prob/H/VA/06/_work/2024_county_results_with_calcs-old.csv
[deleted] /home/ubuntu/apps/election-app/win_prob/H/VA/06/_work/2024_county_results_with_calcs_new.csv
[deleted] /home/ubuntu/apps/election-app/win_prob/H/VA/06/_work/output_statewide_stats.csv
[skip]    /home/ubuntu/apps/election-app/win_prob/H/VA/06/_work/probs_timeseries_PA.csv
[deleted] /home/ubuntu/apps/election-app/win_prob/H/VA/06/_work/2024_county_results_with_calcs.csv
[skip]    /home/ubuntu/apps/election-app/win_prob/H/VA/06/data_output.csv
[skip]    /home/ubuntu/apps/election-app/win_prob/H/VA/06/data_output_with_margins_old.csv
[skip]    /home/ubuntu/apps/election-app/win_prob/H/VA/06/data_output_with_margins.csv
[skip]    /home/ubuntu/apps/election-app/win_prob/H/VA/06/data_output_with_margins-statewide.csv
[deleted] /home/ubuntu/apps/election-app/win_prob/H/VA/06/snapshots_VA.csv
[deleted] /home/ubuntu/apps/election-app/win_prob/H/VA/06/data_output_VA_with_margins.csv
[deleted] /home/ubuntu/apps/election-app/win_prob/H/VA/06/data_output_VA_with_margins_statewide_eevp.csv
[deleted] /home/ubuntu/apps/election-app/win_prob/H/VA/06/data_output_VA.csv
[deleted] /home/ubuntu/apps/election-app/win_prob/H/VA/06/data_output_VA.csv.checkpoint.json
[deleted] /home/ubuntu/apps/election-app/win_prob/H/VA/06/stats.csv
[deleted] /home/ubuntu/apps/election-app/win_prob/H/VA/06/stats2.csv
[done] removed 16 file(s)
[2026-01-24 07:23:03] INFO: [PIPELINE] args: office=H state=VA district=06
[2026-01-24 07:23:03] INFO: [PIPELINE] WINPROB_DIR resolved to: /home/ubuntu/apps/election-app/win_prob/H/VA/06
[2026-01-24 07:23:03] INFO: [PIPELINE] OUTDIR set to: /home/ubuntu/apps/election-app/win_prob/H/VA/06

$ /home/ubuntu/.venv/bin/python3 /home/ubuntu/apps/election-app/stats/1-statewide.py --input /home/ubuntu/apps/election-app/win_prob/H/VA/06/stats.csv --output /home/ubuntu/apps/election-app/win_prob/H/VA/06/_work/stats_with_statewide.csv
Wrote /home/ubuntu/apps/election-app/win_prob/H/VA/06/_work/stats_with_statewide.csv (rows=23)

$ /home/ubuntu/.venv/bin/python3 /home/ubuntu/apps/election-app/stats/1-stats-2.py --input /home/ubuntu/apps/election-app/win_prob/H/VA/06/stats2.csv --output /home/ubuntu/apps/election-app/win_prob/H/VA/06/_work/stats2_final_headers.csv
Wrote /home/ubuntu/apps/election-app/win_prob/H/VA/06/_work/stats2_final_headers.csv (rows=23)

$ /home/ubuntu/.venv/bin/python3 /home/ubuntu/apps/election-app/stats/1-append-new.py
Wrote 2024_county_results_with_final-old.csv (rows=23, missing_final_matches=0)

$ /home/ubuntu/.venv/bin/python3 /home/ubuntu/apps/election-app/stats/1-change_header.py
Wrote: 2024_county_results_with_final.csv

$ /home/ubuntu/.venv/bin/python3 /home/ubuntu/apps/election-app/stats/1-cut-zero-fips.py
Wrote: 2024_county_results_with_final_1.csv
Rows before: 23
Rows after:  23
Dropped (fips == 0): 0

$ /home/ubuntu/.venv/bin/python3 /home/ubuntu/apps/election-app/stats/2-calc.py
Wrote 23 rows with calculations to /home/ubuntu/apps/election-app/win_prob/H/VA/06/_work/2024_county_results_with_calcs-old.csv

$ /home/ubuntu/.venv/bin/python3 /home/ubuntu/apps/election-app/stats/2-eevp.py
Wrote (no-op copy): 2024_county_results_with_calcs.csv
Columns:
 - timestamp
 - state
 - county
 - fips
 - trump_votes
 - harris_votes
 - other_votes
 - eevp
 - state_eevp
 - harris_votes_statewide
 - trump_votes_statewide
 - other_votes_statewide
 - final_state
 - final_county
 - final_fips
 - final_trump_votes
 - final_harris_votes
 - final_other_votes
 - harris_percent_snapshot
 - trump_percent_snapshot
 - margin_snapshot
 - harris_percent_final
 - trump_percent_final
 - margin_final
 - margin_difference
 - margin_difference_abs

$ /home/ubuntu/.venv/bin/python3 /home/ubuntu/apps/election-app/stats/3-calc-new.py
Wrote 23 rows with new columns to /home/ubuntu/apps/election-app/win_prob/H/VA/06/_work/2024_county_results_with_calcs_new.csv

$ /home/ubuntu/.venv/bin/python3 /home/ubuntu/apps/election-app/stats/4-stats.py
Reading 2024_county_results_with_calcs_new.csv...
Aggregating statewide totals...
Calculating percentages and margins...
Writing to output_statewide_stats.csv...
Done!
[2026-01-24 07:23:12] INFO: [PIPELINE] ENTER win-prob generation | states=['VA'] ts_list=['2024-11-05T15-30-22']

============================================================================
[01/1] STATE = VA
============================================================================

$ /home/ubuntu/.venv/bin/python3 /home/ubuntu/apps/election-app/stats/5-snapshots.py --state VA --input /home/ubuntu/apps/election-app/win_prob/H/VA/06/_work/output_statewide_stats.csv --output /home/ubuntu/apps/election-app/win_prob/H/VA/06/snapshots_VA.csv --start 2024-11-05T15-30-22 --end 2024-11-05T15-30-22 --use-window 1 --interval 30
Mode: windowed-one-state
Rows written: 23
Distinct states in output: VA
Rows per normalized timestamp (empty = unparseable):
  2024-11-05T15-30-22: 23
Wrote /home/ubuntu/apps/election-app/win_prob/H/VA/06/snapshots_VA.csv

$ /home/ubuntu/.venv/bin/python3 /home/ubuntu/apps/election-app/stats/6-pval.py /home/ubuntu/apps/election-app/win_prob/H/VA/06/snapshots_VA.csv -t /home/ubuntu/apps/election-app/stats/parameters.csv -o /home/ubuntu/apps/election-app/win_prob/H/VA/06/data_output_VA.csv -c 50
Done. Wrote: /home/ubuntu/apps/election-app/win_prob/H/VA/06/data_output_VA.csv
Total rows: 23 (chunked, resumable).
Computed columns for PVALS = [0.01, 0.1, 1, 2, 3, 5, 10, 15, 20, 25, 30, 35, 40, 45, 50, 55, 60, 65, 70, 75, 80, 85, 90, 95, 97, 98, 99, 99.9, 99.99]
Per p (leader): shift_{p}, margin_new_{p}, harris_percent_new_{p}, trump_percent_new_{p}, total_snapshot_{p}, total_expected_{p}, harris_votes_new_{p}, trump_votes_new_{p}
Per p (trailing): shift_trailing_{p}, margin_new_{p}_trailing, harris_percent_new_{p}_trailing, trump_percent_new_{p}_trailing, total_snapshot_{p}_trailing, total_expected_{p}_trailing, harris_votes_new_{p}_trailing, trump_votes_new_{p}_trailing
Checkpoint saved at: /home/ubuntu/apps/election-app/win_prob/H/VA/06/data_output_VA.csv.checkpoint.json

$ /home/ubuntu/.venv/bin/python3 /home/ubuntu/apps/election-app/stats/7-margin-new.py
Wrote data_output_with_margins_old.csv

$ /home/ubuntu/.venv/bin/python3 /home/ubuntu/apps/election-app/stats/7-eevp-statewide.py
Wrote data_output_with_margins.csv (copied from data_output_with_margins_old.csv)

$ /home/ubuntu/.venv/bin/python3 /home/ubuntu/apps/election-app/stats/7.py --input /home/ubuntu/apps/election-app/win_prob/H/VA/06/data_output_VA_with_margins_statewide_eevp.csv --output /home/ubuntu/apps/election-app/win_prob/H/VA/06/statewide_margin_pct_vs_percent_VA_2026.png --state VA --start 2024-11-05T15-30-22 --end 2024-11-05T15-30-22 --stats /home/ubuntu/apps/election-app/win_prob/H/VA/06/stats.csv --stats2 /home/ubuntu/apps/election-app/win_prob/H/VA/06/stats2.csv --interval 30 --year 2026 --jsonl /home/ubuntu/apps/election-app/win_prob/H/VA/06/plotdata_VA_2026_2026-01-24T07-23-03.jsonl
[info] evaluating 1 timestamps from 2024-11-05T15-30-22 to 2024-11-05T15-30-22 every 30 minutes
[saved] probs_timeseries_VA.csv  (1 points)
[saved] /home/ubuntu/apps/election-app/win_prob/H/VA/06/plotdata_VA_2026_2026-01-24T07-23-03.jsonl  (4 points)
[saved] /home/ubuntu/apps/election-app/win_prob/H/VA/06/statewide_margin_pct_vs_percent_VA_2026_box.json
[saved] /home/ubuntu/apps/election-app/win_prob/H/VA/06/statewide_margin_pct_vs_percent_VA_2026_box.png
[saved] /home/ubuntu/apps/election-app/win_prob/H/VA/06/statewide_margin_pct_vs_percent_VA_2026.png

All 50 states complete. See: /home/ubuntu/apps/election-app/win_prob/H/VA/06

$ /home/ubuntu/.venv/bin/python3 /home/ubuntu/apps/election-app/stats/8.py --root /home/ubuntu/apps/election-app/win_prob/H/VA/06/_work --outdir /home/ubuntu/apps/election-app/win_prob/H/VA/06
[info] root  = /home/ubuntu/apps/election-app/win_prob/H/VA/06/_work
[info] outdir= /home/ubuntu/apps/election-app/win_prob/H/VA/06
[deleted] /home/ubuntu/apps/election-app/win_prob/H/VA/06/_work/stats_with_statewide.csv
[deleted] /home/ubuntu/apps/election-app/win_prob/H/VA/06/_work/stats2_final_headers.csv
[deleted] /home/ubuntu/apps/election-app/win_prob/H/VA/06/_work/2024_county_results_with_final-old.csv
[deleted] /home/ubuntu/apps/election-app/win_prob/H/VA/06/_work/2024_county_results_with_final.csv
[deleted] /home/ubuntu/apps/election-app/win_prob/H/VA/06/_work/2024_county_results_with_final_1.csv
[deleted] /home/ubuntu/apps/election-app/win_prob/H/VA/06/_work/2024_county_results_with_calcs-old.csv
[deleted] /home/ubuntu/apps/election-app/win_prob/H/VA/06/_work/2024_county_results_with_calcs_new.csv
[deleted] /home/ubuntu/apps/election-app/win_prob/H/VA/06/_work/output_statewide_stats.csv
[skip]    /home/ubuntu/apps/election-app/win_prob/H/VA/06/_work/probs_timeseries_PA.csv
[deleted] /home/ubuntu/apps/election-app/win_prob/H/VA/06/_work/2024_county_results_with_calcs.csv
[skip]    /home/ubuntu/apps/election-app/win_prob/H/VA/06/data_output.csv
[skip]    /home/ubuntu/apps/election-app/win_prob/H/VA/06/data_output_with_margins_old.csv
[skip]    /home/ubuntu/apps/election-app/win_prob/H/VA/06/data_output_with_margins.csv
[skip]    /home/ubuntu/apps/election-app/win_prob/H/VA/06/data_output_with_margins-statewide.csv
[deleted] /home/ubuntu/apps/election-app/win_prob/H/VA/06/snapshots_VA.csv
[deleted] /home/ubuntu/apps/election-app/win_prob/H/VA/06/data_output_VA_with_margins.csv
[deleted] /home/ubuntu/apps/election-app/win_prob/H/VA/06/data_output_VA_with_margins_statewide_eevp.csv
[deleted] /home/ubuntu/apps/election-app/win_prob/H/VA/06/data_output_VA.csv
[deleted] /home/ubuntu/apps/election-app/win_prob/H/VA/06/data_output_VA.csv.checkpoint.json
[deleted] /home/ubuntu/apps/election-app/win_prob/H/VA/06/stats.csv
[deleted] /home/ubuntu/apps/election-app/win_prob/H/VA/06/stats2.csv
[done] removed 16 file(s)
[2026-01-24 07:30:06] INFO: [PIPELINE] args: office=H state=VA district=06
[2026-01-24 07:30:06] INFO: [PIPELINE] WINPROB_DIR resolved to: /home/ubuntu/apps/election-app/win_prob/H/VA/06
[2026-01-24 07:30:06] INFO: [PIPELINE] OUTDIR set to: /home/ubuntu/apps/election-app/win_prob/H/VA/06

$ /home/ubuntu/.venv/bin/python3 /home/ubuntu/apps/election-app/stats/1-statewide.py --input /home/ubuntu/apps/election-app/win_prob/H/VA/06/stats.csv --output /home/ubuntu/apps/election-app/win_prob/H/VA/06/_work/stats_with_statewide.csv
Wrote /home/ubuntu/apps/election-app/win_prob/H/VA/06/_work/stats_with_statewide.csv (rows=23)

$ /home/ubuntu/.venv/bin/python3 /home/ubuntu/apps/election-app/stats/1-stats-2.py --input /home/ubuntu/apps/election-app/win_prob/H/VA/06/stats2.csv --output /home/ubuntu/apps/election-app/win_prob/H/VA/06/_work/stats2_final_headers.csv
Wrote /home/ubuntu/apps/election-app/win_prob/H/VA/06/_work/stats2_final_headers.csv (rows=23)

$ /home/ubuntu/.venv/bin/python3 /home/ubuntu/apps/election-app/stats/1-append-new.py
Wrote 2024_county_results_with_final-old.csv (rows=23, missing_final_matches=0)

$ /home/ubuntu/.venv/bin/python3 /home/ubuntu/apps/election-app/stats/1-change_header.py
Wrote: 2024_county_results_with_final.csv

$ /home/ubuntu/.venv/bin/python3 /home/ubuntu/apps/election-app/stats/1-cut-zero-fips.py
Wrote: 2024_county_results_with_final_1.csv
Rows before: 23
Rows after:  23
Dropped (fips == 0): 0

$ /home/ubuntu/.venv/bin/python3 /home/ubuntu/apps/election-app/stats/2-calc.py
Wrote 23 rows with calculations to /home/ubuntu/apps/election-app/win_prob/H/VA/06/_work/2024_county_results_with_calcs-old.csv

$ /home/ubuntu/.venv/bin/python3 /home/ubuntu/apps/election-app/stats/2-eevp.py
Wrote (no-op copy): 2024_county_results_with_calcs.csv
Columns:
 - timestamp
 - state
 - county
 - fips
 - trump_votes
 - harris_votes
 - other_votes
 - eevp
 - state_eevp
 - harris_votes_statewide
 - trump_votes_statewide
 - other_votes_statewide
 - final_state
 - final_county
 - final_fips
 - final_trump_votes
 - final_harris_votes
 - final_other_votes
 - harris_percent_snapshot
 - trump_percent_snapshot
 - margin_snapshot
 - harris_percent_final
 - trump_percent_final
 - margin_final
 - margin_difference
 - margin_difference_abs

$ /home/ubuntu/.venv/bin/python3 /home/ubuntu/apps/election-app/stats/3-calc-new.py
Wrote 23 rows with new columns to /home/ubuntu/apps/election-app/win_prob/H/VA/06/_work/2024_county_results_with_calcs_new.csv

$ /home/ubuntu/.venv/bin/python3 /home/ubuntu/apps/election-app/stats/4-stats.py
Reading 2024_county_results_with_calcs_new.csv...
Aggregating statewide totals...
Calculating percentages and margins...
Writing to output_statewide_stats.csv...
Done!
[2026-01-24 07:30:16] INFO: [PIPELINE] ENTER win-prob generation | states=['VA'] ts_list=['2024-11-05T15-30-22']

============================================================================
[01/1] STATE = VA
============================================================================

$ /home/ubuntu/.venv/bin/python3 /home/ubuntu/apps/election-app/stats/5-snapshots.py --state VA --input /home/ubuntu/apps/election-app/win_prob/H/VA/06/_work/output_statewide_stats.csv --output /home/ubuntu/apps/election-app/win_prob/H/VA/06/snapshots_VA.csv --start 2024-11-05T15-30-22 --end 2024-11-05T15-30-22 --use-window 1 --interval 30
Mode: windowed-one-state
Rows written: 23
Distinct states in output: VA
Rows per normalized timestamp (empty = unparseable):
  2024-11-05T15-30-22: 23
Wrote /home/ubuntu/apps/election-app/win_prob/H/VA/06/snapshots_VA.csv

$ /home/ubuntu/.venv/bin/python3 /home/ubuntu/apps/election-app/stats/6-pval.py /home/ubuntu/apps/election-app/win_prob/H/VA/06/snapshots_VA.csv -t /home/ubuntu/apps/election-app/stats/parameters.csv -o /home/ubuntu/apps/election-app/win_prob/H/VA/06/data_output_VA.csv -c 50
Done. Wrote: /home/ubuntu/apps/election-app/win_prob/H/VA/06/data_output_VA.csv
Total rows: 23 (chunked, resumable).
Computed columns for PVALS = [0.01, 0.1, 1, 2, 3, 5, 10, 15, 20, 25, 30, 35, 40, 45, 50, 55, 60, 65, 70, 75, 80, 85, 90, 95, 97, 98, 99, 99.9, 99.99]
Per p (leader): shift_{p}, margin_new_{p}, harris_percent_new_{p}, trump_percent_new_{p}, total_snapshot_{p}, total_expected_{p}, harris_votes_new_{p}, trump_votes_new_{p}
Per p (trailing): shift_trailing_{p}, margin_new_{p}_trailing, harris_percent_new_{p}_trailing, trump_percent_new_{p}_trailing, total_snapshot_{p}_trailing, total_expected_{p}_trailing, harris_votes_new_{p}_trailing, trump_votes_new_{p}_trailing
Checkpoint saved at: /home/ubuntu/apps/election-app/win_prob/H/VA/06/data_output_VA.csv.checkpoint.json

$ /home/ubuntu/.venv/bin/python3 /home/ubuntu/apps/election-app/stats/7-margin-new.py
Wrote data_output_with_margins_old.csv

$ /home/ubuntu/.venv/bin/python3 /home/ubuntu/apps/election-app/stats/7-eevp-statewide.py
Wrote data_output_with_margins.csv (copied from data_output_with_margins_old.csv)

$ /home/ubuntu/.venv/bin/python3 /home/ubuntu/apps/election-app/stats/7.py --input /home/ubuntu/apps/election-app/win_prob/H/VA/06/data_output_VA_with_margins_statewide_eevp.csv --output /home/ubuntu/apps/election-app/win_prob/H/VA/06/statewide_margin_pct_vs_percent_VA_2026.png --state VA --start 2024-11-05T15-30-22 --end 2024-11-05T15-30-22 --stats /home/ubuntu/apps/election-app/win_prob/H/VA/06/stats.csv --stats2 /home/ubuntu/apps/election-app/win_prob/H/VA/06/stats2.csv --interval 30 --year 2026 --jsonl /home/ubuntu/apps/election-app/win_prob/H/VA/06/plotdata_VA_2026_2026-01-24T07-30-06.jsonl
[info] evaluating 1 timestamps from 2024-11-05T15-30-22 to 2024-11-05T15-30-22 every 30 minutes
[saved] probs_timeseries_VA.csv  (1 points)
[saved] /home/ubuntu/apps/election-app/win_prob/H/VA/06/plotdata_VA_2026_2026-01-24T07-30-06.jsonl  (4 points)
[saved] /home/ubuntu/apps/election-app/win_prob/H/VA/06/statewide_margin_pct_vs_percent_VA_2026_box.json
[saved] /home/ubuntu/apps/election-app/win_prob/H/VA/06/statewide_margin_pct_vs_percent_VA_2026_box.png
[saved] /home/ubuntu/apps/election-app/win_prob/H/VA/06/statewide_margin_pct_vs_percent_VA_2026.png

All 50 states complete. See: /home/ubuntu/apps/election-app/win_prob/H/VA/06

$ /home/ubuntu/.venv/bin/python3 /home/ubuntu/apps/election-app/stats/8.py --root /home/ubuntu/apps/election-app/win_prob/H/VA/06/_work --outdir /home/ubuntu/apps/election-app/win_prob/H/VA/06
[info] root  = /home/ubuntu/apps/election-app/win_prob/H/VA/06/_work
[info] outdir= /home/ubuntu/apps/election-app/win_prob/H/VA/06
[deleted] /home/ubuntu/apps/election-app/win_prob/H/VA/06/_work/stats_with_statewide.csv
[deleted] /home/ubuntu/apps/election-app/win_prob/H/VA/06/_work/stats2_final_headers.csv
[deleted] /home/ubuntu/apps/election-app/win_prob/H/VA/06/_work/2024_county_results_with_final-old.csv
[deleted] /home/ubuntu/apps/election-app/win_prob/H/VA/06/_work/2024_county_results_with_final.csv
[deleted] /home/ubuntu/apps/election-app/win_prob/H/VA/06/_work/2024_county_results_with_final_1.csv
[deleted] /home/ubuntu/apps/election-app/win_prob/H/VA/06/_work/2024_county_results_with_calcs-old.csv
[deleted] /home/ubuntu/apps/election-app/win_prob/H/VA/06/_work/2024_county_results_with_calcs_new.csv
[deleted] /home/ubuntu/apps/election-app/win_prob/H/VA/06/_work/output_statewide_stats.csv
[skip]    /home/ubuntu/apps/election-app/win_prob/H/VA/06/_work/probs_timeseries_PA.csv
[deleted] /home/ubuntu/apps/election-app/win_prob/H/VA/06/_work/2024_county_results_with_calcs.csv
[skip]    /home/ubuntu/apps/election-app/win_prob/H/VA/06/data_output.csv
[skip]    /home/ubuntu/apps/election-app/win_prob/H/VA/06/data_output_with_margins_old.csv
[skip]    /home/ubuntu/apps/election-app/win_prob/H/VA/06/data_output_with_margins.csv
[skip]    /home/ubuntu/apps/election-app/win_prob/H/VA/06/data_output_with_margins-statewide.csv
[deleted] /home/ubuntu/apps/election-app/win_prob/H/VA/06/snapshots_VA.csv
[deleted] /home/ubuntu/apps/election-app/win_prob/H/VA/06/data_output_VA_with_margins.csv
[deleted] /home/ubuntu/apps/election-app/win_prob/H/VA/06/data_output_VA_with_margins_statewide_eevp.csv
[deleted] /home/ubuntu/apps/election-app/win_prob/H/VA/06/data_output_VA.csv
[deleted] /home/ubuntu/apps/election-app/win_prob/H/VA/06/data_output_VA.csv.checkpoint.json
[deleted] /home/ubuntu/apps/election-app/win_prob/H/VA/06/stats.csv
[deleted] /home/ubuntu/apps/election-app/win_prob/H/VA/06/stats2.csv
[done] removed 16 file(s)
[2026-01-24 07:37:07] INFO: [PIPELINE] args: office=H state=VA district=06
[2026-01-24 07:37:07] INFO: [PIPELINE] WINPROB_DIR resolved to: /home/ubuntu/apps/election-app/win_prob/H/VA/06
[2026-01-24 07:37:07] INFO: [PIPELINE] OUTDIR set to: /home/ubuntu/apps/election-app/win_prob/H/VA/06

$ /home/ubuntu/.venv/bin/python3 /home/ubuntu/apps/election-app/stats/1-statewide.py --input /home/ubuntu/apps/election-app/win_prob/H/VA/06/stats.csv --output /home/ubuntu/apps/election-app/win_prob/H/VA/06/_work/stats_with_statewide.csv
Wrote /home/ubuntu/apps/election-app/win_prob/H/VA/06/_work/stats_with_statewide.csv (rows=23)

$ /home/ubuntu/.venv/bin/python3 /home/ubuntu/apps/election-app/stats/1-stats-2.py --input /home/ubuntu/apps/election-app/win_prob/H/VA/06/stats2.csv --output /home/ubuntu/apps/election-app/win_prob/H/VA/06/_work/stats2_final_headers.csv
Wrote /home/ubuntu/apps/election-app/win_prob/H/VA/06/_work/stats2_final_headers.csv (rows=23)

$ /home/ubuntu/.venv/bin/python3 /home/ubuntu/apps/election-app/stats/1-append-new.py
Wrote 2024_county_results_with_final-old.csv (rows=23, missing_final_matches=0)

$ /home/ubuntu/.venv/bin/python3 /home/ubuntu/apps/election-app/stats/1-change_header.py
Wrote: 2024_county_results_with_final.csv

$ /home/ubuntu/.venv/bin/python3 /home/ubuntu/apps/election-app/stats/1-cut-zero-fips.py
Wrote: 2024_county_results_with_final_1.csv
Rows before: 23
Rows after:  23
Dropped (fips == 0): 0

$ /home/ubuntu/.venv/bin/python3 /home/ubuntu/apps/election-app/stats/2-calc.py
Wrote 23 rows with calculations to /home/ubuntu/apps/election-app/win_prob/H/VA/06/_work/2024_county_results_with_calcs-old.csv

$ /home/ubuntu/.venv/bin/python3 /home/ubuntu/apps/election-app/stats/2-eevp.py
Wrote (no-op copy): 2024_county_results_with_calcs.csv
Columns:
 - timestamp
 - state
 - county
 - fips
 - trump_votes
 - harris_votes
 - other_votes
 - eevp
 - state_eevp
 - harris_votes_statewide
 - trump_votes_statewide
 - other_votes_statewide
 - final_state
 - final_county
 - final_fips
 - final_trump_votes
 - final_harris_votes
 - final_other_votes
 - harris_percent_snapshot
 - trump_percent_snapshot
 - margin_snapshot
 - harris_percent_final
 - trump_percent_final
 - margin_final
 - margin_difference
 - margin_difference_abs

$ /home/ubuntu/.venv/bin/python3 /home/ubuntu/apps/election-app/stats/3-calc-new.py
Wrote 23 rows with new columns to /home/ubuntu/apps/election-app/win_prob/H/VA/06/_work/2024_county_results_with_calcs_new.csv

$ /home/ubuntu/.venv/bin/python3 /home/ubuntu/apps/election-app/stats/4-stats.py
Reading 2024_county_results_with_calcs_new.csv...
Aggregating statewide totals...
Calculating percentages and margins...
Writing to output_statewide_stats.csv...
Done!
[2026-01-24 07:37:16] INFO: [PIPELINE] ENTER win-prob generation | states=['VA'] ts_list=['2024-11-05T15-30-22']

============================================================================
[01/1] STATE = VA
============================================================================

$ /home/ubuntu/.venv/bin/python3 /home/ubuntu/apps/election-app/stats/5-snapshots.py --state VA --input /home/ubuntu/apps/election-app/win_prob/H/VA/06/_work/output_statewide_stats.csv --output /home/ubuntu/apps/election-app/win_prob/H/VA/06/snapshots_VA.csv --start 2024-11-05T15-30-22 --end 2024-11-05T15-30-22 --use-window 1 --interval 30
Mode: windowed-one-state
Rows written: 23
Distinct states in output: VA
Rows per normalized timestamp (empty = unparseable):
  2024-11-05T15-30-22: 23
Wrote /home/ubuntu/apps/election-app/win_prob/H/VA/06/snapshots_VA.csv

$ /home/ubuntu/.venv/bin/python3 /home/ubuntu/apps/election-app/stats/6-pval.py /home/ubuntu/apps/election-app/win_prob/H/VA/06/snapshots_VA.csv -t /home/ubuntu/apps/election-app/stats/parameters.csv -o /home/ubuntu/apps/election-app/win_prob/H/VA/06/data_output_VA.csv -c 50
Done. Wrote: /home/ubuntu/apps/election-app/win_prob/H/VA/06/data_output_VA.csv
Total rows: 23 (chunked, resumable).
Computed columns for PVALS = [0.01, 0.1, 1, 2, 3, 5, 10, 15, 20, 25, 30, 35, 40, 45, 50, 55, 60, 65, 70, 75, 80, 85, 90, 95, 97, 98, 99, 99.9, 99.99]
Per p (leader): shift_{p}, margin_new_{p}, harris_percent_new_{p}, trump_percent_new_{p}, total_snapshot_{p}, total_expected_{p}, harris_votes_new_{p}, trump_votes_new_{p}
Per p (trailing): shift_trailing_{p}, margin_new_{p}_trailing, harris_percent_new_{p}_trailing, trump_percent_new_{p}_trailing, total_snapshot_{p}_trailing, total_expected_{p}_trailing, harris_votes_new_{p}_trailing, trump_votes_new_{p}_trailing
Checkpoint saved at: /home/ubuntu/apps/election-app/win_prob/H/VA/06/data_output_VA.csv.checkpoint.json

$ /home/ubuntu/.venv/bin/python3 /home/ubuntu/apps/election-app/stats/7-margin-new.py
Wrote data_output_with_margins_old.csv

$ /home/ubuntu/.venv/bin/python3 /home/ubuntu/apps/election-app/stats/7-eevp-statewide.py
Wrote data_output_with_margins.csv (copied from data_output_with_margins_old.csv)

$ /home/ubuntu/.venv/bin/python3 /home/ubuntu/apps/election-app/stats/7.py --input /home/ubuntu/apps/election-app/win_prob/H/VA/06/data_output_VA_with_margins_statewide_eevp.csv --output /home/ubuntu/apps/election-app/win_prob/H/VA/06/statewide_margin_pct_vs_percent_VA_2026.png --state VA --start 2024-11-05T15-30-22 --end 2024-11-05T15-30-22 --stats /home/ubuntu/apps/election-app/win_prob/H/VA/06/stats.csv --stats2 /home/ubuntu/apps/election-app/win_prob/H/VA/06/stats2.csv --interval 30 --year 2026 --jsonl /home/ubuntu/apps/election-app/win_prob/H/VA/06/plotdata_VA_2026_2026-01-24T07-37-07.jsonl
[info] evaluating 1 timestamps from 2024-11-05T15-30-22 to 2024-11-05T15-30-22 every 30 minutes
[saved] probs_timeseries_VA.csv  (1 points)
[saved] /home/ubuntu/apps/election-app/win_prob/H/VA/06/plotdata_VA_2026_2026-01-24T07-37-07.jsonl  (4 points)
[saved] /home/ubuntu/apps/election-app/win_prob/H/VA/06/statewide_margin_pct_vs_percent_VA_2026_box.json
[saved] /home/ubuntu/apps/election-app/win_prob/H/VA/06/statewide_margin_pct_vs_percent_VA_2026_box.png
[saved] /home/ubuntu/apps/election-app/win_prob/H/VA/06/statewide_margin_pct_vs_percent_VA_2026.png

All 50 states complete. See: /home/ubuntu/apps/election-app/win_prob/H/VA/06

$ /home/ubuntu/.venv/bin/python3 /home/ubuntu/apps/election-app/stats/8.py --root /home/ubuntu/apps/election-app/win_prob/H/VA/06/_work --outdir /home/ubuntu/apps/election-app/win_prob/H/VA/06
[info] root  = /home/ubuntu/apps/election-app/win_prob/H/VA/06/_work
[info] outdir= /home/ubuntu/apps/election-app/win_prob/H/VA/06
[deleted] /home/ubuntu/apps/election-app/win_prob/H/VA/06/_work/stats_with_statewide.csv
[deleted] /home/ubuntu/apps/election-app/win_prob/H/VA/06/_work/stats2_final_headers.csv
[deleted] /home/ubuntu/apps/election-app/win_prob/H/VA/06/_work/2024_county_results_with_final-old.csv
[deleted] /home/ubuntu/apps/election-app/win_prob/H/VA/06/_work/2024_county_results_with_final.csv
[deleted] /home/ubuntu/apps/election-app/win_prob/H/VA/06/_work/2024_county_results_with_final_1.csv
[deleted] /home/ubuntu/apps/election-app/win_prob/H/VA/06/_work/2024_county_results_with_calcs-old.csv
[deleted] /home/ubuntu/apps/election-app/win_prob/H/VA/06/_work/2024_county_results_with_calcs_new.csv
[deleted] /home/ubuntu/apps/election-app/win_prob/H/VA/06/_work/output_statewide_stats.csv
[skip]    /home/ubuntu/apps/election-app/win_prob/H/VA/06/_work/probs_timeseries_PA.csv
[deleted] /home/ubuntu/apps/election-app/win_prob/H/VA/06/_work/2024_county_results_with_calcs.csv
[skip]    /home/ubuntu/apps/election-app/win_prob/H/VA/06/data_output.csv
[skip]    /home/ubuntu/apps/election-app/win_prob/H/VA/06/data_output_with_margins_old.csv
[skip]    /home/ubuntu/apps/election-app/win_prob/H/VA/06/data_output_with_margins.csv
[skip]    /home/ubuntu/apps/election-app/win_prob/H/VA/06/data_output_with_margins-statewide.csv
[deleted] /home/ubuntu/apps/election-app/win_prob/H/VA/06/snapshots_VA.csv
[deleted] /home/ubuntu/apps/election-app/win_prob/H/VA/06/data_output_VA_with_margins.csv
[deleted] /home/ubuntu/apps/election-app/win_prob/H/VA/06/data_output_VA_with_margins_statewide_eevp.csv
[deleted] /home/ubuntu/apps/election-app/win_prob/H/VA/06/data_output_VA.csv
[deleted] /home/ubuntu/apps/election-app/win_prob/H/VA/06/data_output_VA.csv.checkpoint.json
[deleted] /home/ubuntu/apps/election-app/win_prob/H/VA/06/stats.csv
[deleted] /home/ubuntu/apps/election-app/win_prob/H/VA/06/stats2.csv
[done] removed 16 file(s)
[2026-01-24 07:44:11] INFO: [PIPELINE] args: office=H state=VA district=06
[2026-01-24 07:44:11] INFO: [PIPELINE] WINPROB_DIR resolved to: /home/ubuntu/apps/election-app/win_prob/H/VA/06
[2026-01-24 07:44:11] INFO: [PIPELINE] OUTDIR set to: /home/ubuntu/apps/election-app/win_prob/H/VA/06

$ /home/ubuntu/.venv/bin/python3 /home/ubuntu/apps/election-app/stats/1-statewide.py --input /home/ubuntu/apps/election-app/win_prob/H/VA/06/stats.csv --output /home/ubuntu/apps/election-app/win_prob/H/VA/06/_work/stats_with_statewide.csv
Wrote /home/ubuntu/apps/election-app/win_prob/H/VA/06/_work/stats_with_statewide.csv (rows=23)

$ /home/ubuntu/.venv/bin/python3 /home/ubuntu/apps/election-app/stats/1-stats-2.py --input /home/ubuntu/apps/election-app/win_prob/H/VA/06/stats2.csv --output /home/ubuntu/apps/election-app/win_prob/H/VA/06/_work/stats2_final_headers.csv
Wrote /home/ubuntu/apps/election-app/win_prob/H/VA/06/_work/stats2_final_headers.csv (rows=23)

$ /home/ubuntu/.venv/bin/python3 /home/ubuntu/apps/election-app/stats/1-append-new.py
Wrote 2024_county_results_with_final-old.csv (rows=23, missing_final_matches=0)

$ /home/ubuntu/.venv/bin/python3 /home/ubuntu/apps/election-app/stats/1-change_header.py
Wrote: 2024_county_results_with_final.csv

$ /home/ubuntu/.venv/bin/python3 /home/ubuntu/apps/election-app/stats/1-cut-zero-fips.py
Wrote: 2024_county_results_with_final_1.csv
Rows before: 23
Rows after:  23
Dropped (fips == 0): 0

$ /home/ubuntu/.venv/bin/python3 /home/ubuntu/apps/election-app/stats/2-calc.py
Wrote 23 rows with calculations to /home/ubuntu/apps/election-app/win_prob/H/VA/06/_work/2024_county_results_with_calcs-old.csv

$ /home/ubuntu/.venv/bin/python3 /home/ubuntu/apps/election-app/stats/2-eevp.py
Wrote (no-op copy): 2024_county_results_with_calcs.csv
Columns:
 - timestamp
 - state
 - county
 - fips
 - trump_votes
 - harris_votes
 - other_votes
 - eevp
 - state_eevp
 - harris_votes_statewide
 - trump_votes_statewide
 - other_votes_statewide
 - final_state
 - final_county
 - final_fips
 - final_trump_votes
 - final_harris_votes
 - final_other_votes
 - harris_percent_snapshot
 - trump_percent_snapshot
 - margin_snapshot
 - harris_percent_final
 - trump_percent_final
 - margin_final
 - margin_difference
 - margin_difference_abs

$ /home/ubuntu/.venv/bin/python3 /home/ubuntu/apps/election-app/stats/3-calc-new.py
Wrote 23 rows with new columns to /home/ubuntu/apps/election-app/win_prob/H/VA/06/_work/2024_county_results_with_calcs_new.csv

$ /home/ubuntu/.venv/bin/python3 /home/ubuntu/apps/election-app/stats/4-stats.py
Reading 2024_county_results_with_calcs_new.csv...
Aggregating statewide totals...
Calculating percentages and margins...
Writing to output_statewide_stats.csv...
Done!
[2026-01-24 07:44:20] INFO: [PIPELINE] ENTER win-prob generation | states=['VA'] ts_list=['2024-11-05T15-30-22']

============================================================================
[01/1] STATE = VA
============================================================================

$ /home/ubuntu/.venv/bin/python3 /home/ubuntu/apps/election-app/stats/5-snapshots.py --state VA --input /home/ubuntu/apps/election-app/win_prob/H/VA/06/_work/output_statewide_stats.csv --output /home/ubuntu/apps/election-app/win_prob/H/VA/06/snapshots_VA.csv --start 2024-11-05T15-30-22 --end 2024-11-05T15-30-22 --use-window 1 --interval 30
Mode: windowed-one-state
Rows written: 23
Distinct states in output: VA
Rows per normalized timestamp (empty = unparseable):
  2024-11-05T15-30-22: 23
Wrote /home/ubuntu/apps/election-app/win_prob/H/VA/06/snapshots_VA.csv

$ /home/ubuntu/.venv/bin/python3 /home/ubuntu/apps/election-app/stats/6-pval.py /home/ubuntu/apps/election-app/win_prob/H/VA/06/snapshots_VA.csv -t /home/ubuntu/apps/election-app/stats/parameters.csv -o /home/ubuntu/apps/election-app/win_prob/H/VA/06/data_output_VA.csv -c 50
Done. Wrote: /home/ubuntu/apps/election-app/win_prob/H/VA/06/data_output_VA.csv
Total rows: 23 (chunked, resumable).
Computed columns for PVALS = [0.01, 0.1, 1, 2, 3, 5, 10, 15, 20, 25, 30, 35, 40, 45, 50, 55, 60, 65, 70, 75, 80, 85, 90, 95, 97, 98, 99, 99.9, 99.99]
Per p (leader): shift_{p}, margin_new_{p}, harris_percent_new_{p}, trump_percent_new_{p}, total_snapshot_{p}, total_expected_{p}, harris_votes_new_{p}, trump_votes_new_{p}
Per p (trailing): shift_trailing_{p}, margin_new_{p}_trailing, harris_percent_new_{p}_trailing, trump_percent_new_{p}_trailing, total_snapshot_{p}_trailing, total_expected_{p}_trailing, harris_votes_new_{p}_trailing, trump_votes_new_{p}_trailing
Checkpoint saved at: /home/ubuntu/apps/election-app/win_prob/H/VA/06/data_output_VA.csv.checkpoint.json

$ /home/ubuntu/.venv/bin/python3 /home/ubuntu/apps/election-app/stats/7-margin-new.py
Wrote data_output_with_margins_old.csv

$ /home/ubuntu/.venv/bin/python3 /home/ubuntu/apps/election-app/stats/7-eevp-statewide.py
Wrote data_output_with_margins.csv (copied from data_output_with_margins_old.csv)

$ /home/ubuntu/.venv/bin/python3 /home/ubuntu/apps/election-app/stats/7.py --input /home/ubuntu/apps/election-app/win_prob/H/VA/06/data_output_VA_with_margins_statewide_eevp.csv --output /home/ubuntu/apps/election-app/win_prob/H/VA/06/statewide_margin_pct_vs_percent_VA_2026.png --state VA --start 2024-11-05T15-30-22 --end 2024-11-05T15-30-22 --stats /home/ubuntu/apps/election-app/win_prob/H/VA/06/stats.csv --stats2 /home/ubuntu/apps/election-app/win_prob/H/VA/06/stats2.csv --interval 30 --year 2026 --jsonl /home/ubuntu/apps/election-app/win_prob/H/VA/06/plotdata_VA_2026_2026-01-24T07-44-11.jsonl
[info] evaluating 1 timestamps from 2024-11-05T15-30-22 to 2024-11-05T15-30-22 every 30 minutes
[saved] probs_timeseries_VA.csv  (1 points)
[saved] /home/ubuntu/apps/election-app/win_prob/H/VA/06/plotdata_VA_2026_2026-01-24T07-44-11.jsonl  (4 points)
[saved] /home/ubuntu/apps/election-app/win_prob/H/VA/06/statewide_margin_pct_vs_percent_VA_2026_box.json
[saved] /home/ubuntu/apps/election-app/win_prob/H/VA/06/statewide_margin_pct_vs_percent_VA_2026_box.png
[saved] /home/ubuntu/apps/election-app/win_prob/H/VA/06/statewide_margin_pct_vs_percent_VA_2026.png

All 50 states complete. See: /home/ubuntu/apps/election-app/win_prob/H/VA/06

$ /home/ubuntu/.venv/bin/python3 /home/ubuntu/apps/election-app/stats/8.py --root /home/ubuntu/apps/election-app/win_prob/H/VA/06/_work --outdir /home/ubuntu/apps/election-app/win_prob/H/VA/06
[info] root  = /home/ubuntu/apps/election-app/win_prob/H/VA/06/_work
[info] outdir= /home/ubuntu/apps/election-app/win_prob/H/VA/06
[deleted] /home/ubuntu/apps/election-app/win_prob/H/VA/06/_work/stats_with_statewide.csv
[deleted] /home/ubuntu/apps/election-app/win_prob/H/VA/06/_work/stats2_final_headers.csv
[deleted] /home/ubuntu/apps/election-app/win_prob/H/VA/06/_work/2024_county_results_with_final-old.csv
[deleted] /home/ubuntu/apps/election-app/win_prob/H/VA/06/_work/2024_county_results_with_final.csv
[deleted] /home/ubuntu/apps/election-app/win_prob/H/VA/06/_work/2024_county_results_with_final_1.csv
[deleted] /home/ubuntu/apps/election-app/win_prob/H/VA/06/_work/2024_county_results_with_calcs-old.csv
[deleted] /home/ubuntu/apps/election-app/win_prob/H/VA/06/_work/2024_county_results_with_calcs_new.csv
[deleted] /home/ubuntu/apps/election-app/win_prob/H/VA/06/_work/output_statewide_stats.csv
[skip]    /home/ubuntu/apps/election-app/win_prob/H/VA/06/_work/probs_timeseries_PA.csv
[deleted] /home/ubuntu/apps/election-app/win_prob/H/VA/06/_work/2024_county_results_with_calcs.csv
[skip]    /home/ubuntu/apps/election-app/win_prob/H/VA/06/data_output.csv
[skip]    /home/ubuntu/apps/election-app/win_prob/H/VA/06/data_output_with_margins_old.csv
[skip]    /home/ubuntu/apps/election-app/win_prob/H/VA/06/data_output_with_margins.csv
[skip]    /home/ubuntu/apps/election-app/win_prob/H/VA/06/data_output_with_margins-statewide.csv
[deleted] /home/ubuntu/apps/election-app/win_prob/H/VA/06/snapshots_VA.csv
[deleted] /home/ubuntu/apps/election-app/win_prob/H/VA/06/data_output_VA_with_margins.csv
[deleted] /home/ubuntu/apps/election-app/win_prob/H/VA/06/data_output_VA_with_margins_statewide_eevp.csv
[deleted] /home/ubuntu/apps/election-app/win_prob/H/VA/06/data_output_VA.csv
[deleted] /home/ubuntu/apps/election-app/win_prob/H/VA/06/data_output_VA.csv.checkpoint.json
[deleted] /home/ubuntu/apps/election-app/win_prob/H/VA/06/stats.csv
[deleted] /home/ubuntu/apps/election-app/win_prob/H/VA/06/stats2.csv
[done] removed 16 file(s)
[2026-01-26 05:23:01] INFO: [PIPELINE] args: office=H state=VA district=06
[2026-01-26 05:23:01] INFO: [PIPELINE] WINPROB_DIR resolved to: /home/ubuntu/apps/election-app/win_prob/H/VA/06
[2026-01-26 05:23:01] INFO: [PIPELINE] OUTDIR set to: /home/ubuntu/apps/election-app/win_prob/H/VA/06

$ /home/ubuntu/.venv/bin/python3 /home/ubuntu/apps/election-app/stats/1-statewide.py --input /home/ubuntu/apps/election-app/win_prob/H/VA/06/stats.csv --output /home/ubuntu/apps/election-app/win_prob/H/VA/06/_work/stats_with_statewide.csv
Wrote /home/ubuntu/apps/election-app/win_prob/H/VA/06/_work/stats_with_statewide.csv (rows=23)

$ /home/ubuntu/.venv/bin/python3 /home/ubuntu/apps/election-app/stats/1-stats-2.py --input /home/ubuntu/apps/election-app/win_prob/H/VA/06/stats2.csv --output /home/ubuntu/apps/election-app/win_prob/H/VA/06/_work/stats2_final_headers.csv
Wrote /home/ubuntu/apps/election-app/win_prob/H/VA/06/_work/stats2_final_headers.csv (rows=23)

$ /home/ubuntu/.venv/bin/python3 /home/ubuntu/apps/election-app/stats/1-append-new.py
Wrote 2024_county_results_with_final-old.csv (rows=23, missing_final_matches=0)

$ /home/ubuntu/.venv/bin/python3 /home/ubuntu/apps/election-app/stats/1-change_header.py
Wrote: 2024_county_results_with_final.csv

$ /home/ubuntu/.venv/bin/python3 /home/ubuntu/apps/election-app/stats/1-cut-zero-fips.py
Wrote: 2024_county_results_with_final_1.csv
Rows before: 23
Rows after:  23
Dropped (fips == 0): 0

$ /home/ubuntu/.venv/bin/python3 /home/ubuntu/apps/election-app/stats/2-calc.py
Wrote 23 rows with calculations to /home/ubuntu/apps/election-app/win_prob/H/VA/06/_work/2024_county_results_with_calcs-old.csv

$ /home/ubuntu/.venv/bin/python3 /home/ubuntu/apps/election-app/stats/2-eevp.py
Wrote (no-op copy): 2024_county_results_with_calcs.csv
Columns:
 - timestamp
 - state
 - county
 - fips
 - trump_votes
 - harris_votes
 - other_votes
 - eevp
 - state_eevp
 - harris_votes_statewide
 - trump_votes_statewide
 - other_votes_statewide
 - final_state
 - final_county
 - final_fips
 - final_trump_votes
 - final_harris_votes
 - final_other_votes
 - harris_percent_snapshot
 - trump_percent_snapshot
 - margin_snapshot
 - harris_percent_final
 - trump_percent_final
 - margin_final
 - margin_difference
 - margin_difference_abs

$ /home/ubuntu/.venv/bin/python3 /home/ubuntu/apps/election-app/stats/3-calc-new.py
Wrote 23 rows with new columns to /home/ubuntu/apps/election-app/win_prob/H/VA/06/_work/2024_county_results_with_calcs_new.csv

$ /home/ubuntu/.venv/bin/python3 /home/ubuntu/apps/election-app/stats/4-stats.py
Reading 2024_county_results_with_calcs_new.csv...
Aggregating statewide totals...
Calculating percentages and margins...
Writing to output_statewide_stats.csv...
Done!
[2026-01-26 05:23:11] INFO: [PIPELINE] ENTER win-prob generation | states=['VA'] ts_list=['2024-11-05T15-30-22']

============================================================================
[01/1] STATE = VA
============================================================================

$ /home/ubuntu/.venv/bin/python3 /home/ubuntu/apps/election-app/stats/5-snapshots.py --state VA --input /home/ubuntu/apps/election-app/win_prob/H/VA/06/_work/output_statewide_stats.csv --output /home/ubuntu/apps/election-app/win_prob/H/VA/06/snapshots_VA.csv --start 2024-11-05T15-30-22 --end 2024-11-05T15-30-22 --use-window 1 --interval 30
Mode: windowed-one-state
Rows written: 23
Distinct states in output: VA
Rows per normalized timestamp (empty = unparseable):
  2024-11-05T15-30-22: 23
Wrote /home/ubuntu/apps/election-app/win_prob/H/VA/06/snapshots_VA.csv

$ /home/ubuntu/.venv/bin/python3 /home/ubuntu/apps/election-app/stats/6-pval.py /home/ubuntu/apps/election-app/win_prob/H/VA/06/snapshots_VA.csv -t /home/ubuntu/apps/election-app/stats/parameters.csv -o /home/ubuntu/apps/election-app/win_prob/H/VA/06/data_output_VA.csv -c 50
Done. Wrote: /home/ubuntu/apps/election-app/win_prob/H/VA/06/data_output_VA.csv
Total rows: 23 (chunked, resumable).
Computed columns for PVALS = [0.01, 0.1, 1, 2, 3, 5, 10, 15, 20, 25, 30, 35, 40, 45, 50, 55, 60, 65, 70, 75, 80, 85, 90, 95, 97, 98, 99, 99.9, 99.99]
Per p (leader): shift_{p}, margin_new_{p}, harris_percent_new_{p}, trump_percent_new_{p}, total_snapshot_{p}, total_expected_{p}, harris_votes_new_{p}, trump_votes_new_{p}
Per p (trailing): shift_trailing_{p}, margin_new_{p}_trailing, harris_percent_new_{p}_trailing, trump_percent_new_{p}_trailing, total_snapshot_{p}_trailing, total_expected_{p}_trailing, harris_votes_new_{p}_trailing, trump_votes_new_{p}_trailing
Checkpoint saved at: /home/ubuntu/apps/election-app/win_prob/H/VA/06/data_output_VA.csv.checkpoint.json

$ /home/ubuntu/.venv/bin/python3 /home/ubuntu/apps/election-app/stats/7-margin-new.py
Wrote data_output_with_margins_old.csv

$ /home/ubuntu/.venv/bin/python3 /home/ubuntu/apps/election-app/stats/7-eevp-statewide.py
Wrote data_output_with_margins.csv (copied from data_output_with_margins_old.csv)

$ /home/ubuntu/.venv/bin/python3 /home/ubuntu/apps/election-app/stats/7.py --input /home/ubuntu/apps/election-app/win_prob/H/VA/06/data_output_VA_with_margins_statewide_eevp.csv --output /home/ubuntu/apps/election-app/win_prob/H/VA/06/statewide_margin_pct_vs_percent_VA_2026.png --state VA --start 2024-11-05T15-30-22 --end 2024-11-05T15-30-22 --stats /home/ubuntu/apps/election-app/win_prob/H/VA/06/stats.csv --stats2 /home/ubuntu/apps/election-app/win_prob/H/VA/06/stats2.csv --interval 30 --year 2026 --jsonl /home/ubuntu/apps/election-app/win_prob/H/VA/06/plotdata_VA_2026_2026-01-26T05-23-01.jsonl
[info] evaluating 1 timestamps from 2024-11-05T15-30-22 to 2024-11-05T15-30-22 every 30 minutes
[saved] probs_timeseries_VA.csv  (1 points)
[saved] /home/ubuntu/apps/election-app/win_prob/H/VA/06/plotdata_VA_2026_2026-01-26T05-23-01.jsonl  (0 points)
[saved] /home/ubuntu/apps/election-app/win_prob/H/VA/06/statewide_margin_pct_vs_percent_VA_2026_box.json
[saved] /home/ubuntu/apps/election-app/win_prob/H/VA/06/statewide_margin_pct_vs_percent_VA_2026_box.png
[saved] /home/ubuntu/apps/election-app/win_prob/H/VA/06/statewide_margin_pct_vs_percent_VA_2026.png

All 50 states complete. See: /home/ubuntu/apps/election-app/win_prob/H/VA/06

$ /home/ubuntu/.venv/bin/python3 /home/ubuntu/apps/election-app/stats/8.py --root /home/ubuntu/apps/election-app/win_prob/H/VA/06/_work --outdir /home/ubuntu/apps/election-app/win_prob/H/VA/06
[info] root  = /home/ubuntu/apps/election-app/win_prob/H/VA/06/_work
[info] outdir= /home/ubuntu/apps/election-app/win_prob/H/VA/06
[deleted] /home/ubuntu/apps/election-app/win_prob/H/VA/06/_work/stats_with_statewide.csv
[deleted] /home/ubuntu/apps/election-app/win_prob/H/VA/06/_work/stats2_final_headers.csv
[deleted] /home/ubuntu/apps/election-app/win_prob/H/VA/06/_work/2024_county_results_with_final-old.csv
[deleted] /home/ubuntu/apps/election-app/win_prob/H/VA/06/_work/2024_county_results_with_final.csv
[deleted] /home/ubuntu/apps/election-app/win_prob/H/VA/06/_work/2024_county_results_with_final_1.csv
[deleted] /home/ubuntu/apps/election-app/win_prob/H/VA/06/_work/2024_county_results_with_calcs-old.csv
[deleted] /home/ubuntu/apps/election-app/win_prob/H/VA/06/_work/2024_county_results_with_calcs_new.csv
[deleted] /home/ubuntu/apps/election-app/win_prob/H/VA/06/_work/output_statewide_stats.csv
[skip]    /home/ubuntu/apps/election-app/win_prob/H/VA/06/_work/probs_timeseries_PA.csv
[deleted] /home/ubuntu/apps/election-app/win_prob/H/VA/06/_work/2024_county_results_with_calcs.csv
[skip]    /home/ubuntu/apps/election-app/win_prob/H/VA/06/data_output.csv
[skip]    /home/ubuntu/apps/election-app/win_prob/H/VA/06/data_output_with_margins_old.csv
[skip]    /home/ubuntu/apps/election-app/win_prob/H/VA/06/data_output_with_margins.csv
[skip]    /home/ubuntu/apps/election-app/win_prob/H/VA/06/data_output_with_margins-statewide.csv
[deleted] /home/ubuntu/apps/election-app/win_prob/H/VA/06/snapshots_VA.csv
[deleted] /home/ubuntu/apps/election-app/win_prob/H/VA/06/data_output_VA_with_margins.csv
[deleted] /home/ubuntu/apps/election-app/win_prob/H/VA/06/data_output_VA_with_margins_statewide_eevp.csv
[deleted] /home/ubuntu/apps/election-app/win_prob/H/VA/06/data_output_VA.csv
[deleted] /home/ubuntu/apps/election-app/win_prob/H/VA/06/data_output_VA.csv.checkpoint.json
[deleted] /home/ubuntu/apps/election-app/win_prob/H/VA/06/stats.csv
[deleted] /home/ubuntu/apps/election-app/win_prob/H/VA/06/stats2.csv
[done] removed 16 file(s)
[2026-01-26 05:30:10] INFO: [PIPELINE] args: office=H state=VA district=06
[2026-01-26 05:30:10] INFO: [PIPELINE] WINPROB_DIR resolved to: /home/ubuntu/apps/election-app/win_prob/H/VA/06
[2026-01-26 05:30:10] INFO: [PIPELINE] OUTDIR set to: /home/ubuntu/apps/election-app/win_prob/H/VA/06

$ /home/ubuntu/.venv/bin/python3 /home/ubuntu/apps/election-app/stats/1-statewide.py --input /home/ubuntu/apps/election-app/win_prob/H/VA/06/stats.csv --output /home/ubuntu/apps/election-app/win_prob/H/VA/06/_work/stats_with_statewide.csv
Wrote /home/ubuntu/apps/election-app/win_prob/H/VA/06/_work/stats_with_statewide.csv (rows=23)

$ /home/ubuntu/.venv/bin/python3 /home/ubuntu/apps/election-app/stats/1-stats-2.py --input /home/ubuntu/apps/election-app/win_prob/H/VA/06/stats2.csv --output /home/ubuntu/apps/election-app/win_prob/H/VA/06/_work/stats2_final_headers.csv
Wrote /home/ubuntu/apps/election-app/win_prob/H/VA/06/_work/stats2_final_headers.csv (rows=23)

$ /home/ubuntu/.venv/bin/python3 /home/ubuntu/apps/election-app/stats/1-append-new.py
Wrote 2024_county_results_with_final-old.csv (rows=23, missing_final_matches=0)

$ /home/ubuntu/.venv/bin/python3 /home/ubuntu/apps/election-app/stats/1-change_header.py
Wrote: 2024_county_results_with_final.csv

$ /home/ubuntu/.venv/bin/python3 /home/ubuntu/apps/election-app/stats/1-cut-zero-fips.py
Wrote: 2024_county_results_with_final_1.csv
Rows before: 23
Rows after:  23
Dropped (fips == 0): 0

$ /home/ubuntu/.venv/bin/python3 /home/ubuntu/apps/election-app/stats/2-calc.py
Wrote 23 rows with calculations to /home/ubuntu/apps/election-app/win_prob/H/VA/06/_work/2024_county_results_with_calcs-old.csv

$ /home/ubuntu/.venv/bin/python3 /home/ubuntu/apps/election-app/stats/2-eevp.py
Wrote (no-op copy): 2024_county_results_with_calcs.csv
Columns:
 - timestamp
 - state
 - county
 - fips
 - trump_votes
 - harris_votes
 - other_votes
 - eevp
 - state_eevp
 - harris_votes_statewide
 - trump_votes_statewide
 - other_votes_statewide
 - final_state
 - final_county
 - final_fips
 - final_trump_votes
 - final_harris_votes
 - final_other_votes
 - harris_percent_snapshot
 - trump_percent_snapshot
 - margin_snapshot
 - harris_percent_final
 - trump_percent_final
 - margin_final
 - margin_difference
 - margin_difference_abs

$ /home/ubuntu/.venv/bin/python3 /home/ubuntu/apps/election-app/stats/3-calc-new.py
Wrote 23 rows with new columns to /home/ubuntu/apps/election-app/win_prob/H/VA/06/_work/2024_county_results_with_calcs_new.csv

$ /home/ubuntu/.venv/bin/python3 /home/ubuntu/apps/election-app/stats/4-stats.py
Reading 2024_county_results_with_calcs_new.csv...
Aggregating statewide totals...
Calculating percentages and margins...
Writing to output_statewide_stats.csv...
Done!
[2026-01-26 05:30:19] INFO: [PIPELINE] ENTER win-prob generation | states=['VA'] ts_list=['2024-11-05T15-30-22']

============================================================================
[01/1] STATE = VA
============================================================================

$ /home/ubuntu/.venv/bin/python3 /home/ubuntu/apps/election-app/stats/5-snapshots.py --state VA --input /home/ubuntu/apps/election-app/win_prob/H/VA/06/_work/output_statewide_stats.csv --output /home/ubuntu/apps/election-app/win_prob/H/VA/06/snapshots_VA.csv --start 2024-11-05T15-30-22 --end 2024-11-05T15-30-22 --use-window 1 --interval 30
Mode: windowed-one-state
Rows written: 23
Distinct states in output: VA
Rows per normalized timestamp (empty = unparseable):
  2024-11-05T15-30-22: 23
Wrote /home/ubuntu/apps/election-app/win_prob/H/VA/06/snapshots_VA.csv

$ /home/ubuntu/.venv/bin/python3 /home/ubuntu/apps/election-app/stats/6-pval.py /home/ubuntu/apps/election-app/win_prob/H/VA/06/snapshots_VA.csv -t /home/ubuntu/apps/election-app/stats/parameters.csv -o /home/ubuntu/apps/election-app/win_prob/H/VA/06/data_output_VA.csv -c 50
Done. Wrote: /home/ubuntu/apps/election-app/win_prob/H/VA/06/data_output_VA.csv
Total rows: 23 (chunked, resumable).
Computed columns for PVALS = [0.01, 0.1, 1, 2, 3, 5, 10, 15, 20, 25, 30, 35, 40, 45, 50, 55, 60, 65, 70, 75, 80, 85, 90, 95, 97, 98, 99, 99.9, 99.99]
Per p (leader): shift_{p}, margin_new_{p}, harris_percent_new_{p}, trump_percent_new_{p}, total_snapshot_{p}, total_expected_{p}, harris_votes_new_{p}, trump_votes_new_{p}
Per p (trailing): shift_trailing_{p}, margin_new_{p}_trailing, harris_percent_new_{p}_trailing, trump_percent_new_{p}_trailing, total_snapshot_{p}_trailing, total_expected_{p}_trailing, harris_votes_new_{p}_trailing, trump_votes_new_{p}_trailing
Checkpoint saved at: /home/ubuntu/apps/election-app/win_prob/H/VA/06/data_output_VA.csv.checkpoint.json

$ /home/ubuntu/.venv/bin/python3 /home/ubuntu/apps/election-app/stats/7-margin-new.py
Wrote data_output_with_margins_old.csv

$ /home/ubuntu/.venv/bin/python3 /home/ubuntu/apps/election-app/stats/7-eevp-statewide.py
Wrote data_output_with_margins.csv (copied from data_output_with_margins_old.csv)

$ /home/ubuntu/.venv/bin/python3 /home/ubuntu/apps/election-app/stats/7.py --input /home/ubuntu/apps/election-app/win_prob/H/VA/06/data_output_VA_with_margins_statewide_eevp.csv --output /home/ubuntu/apps/election-app/win_prob/H/VA/06/statewide_margin_pct_vs_percent_VA_2026.png --state VA --start 2024-11-05T15-30-22 --end 2024-11-05T15-30-22 --stats /home/ubuntu/apps/election-app/win_prob/H/VA/06/stats.csv --stats2 /home/ubuntu/apps/election-app/win_prob/H/VA/06/stats2.csv --interval 30 --year 2026 --jsonl /home/ubuntu/apps/election-app/win_prob/H/VA/06/plotdata_VA_2026_2026-01-26T05-30-10.jsonl
[info] evaluating 1 timestamps from 2024-11-05T15-30-22 to 2024-11-05T15-30-22 every 30 minutes
[saved] probs_timeseries_VA.csv  (1 points)
[saved] /home/ubuntu/apps/election-app/win_prob/H/VA/06/plotdata_VA_2026_2026-01-26T05-30-10.jsonl  (4 points)
[saved] /home/ubuntu/apps/election-app/win_prob/H/VA/06/statewide_margin_pct_vs_percent_VA_2026_box.json
[saved] /home/ubuntu/apps/election-app/win_prob/H/VA/06/statewide_margin_pct_vs_percent_VA_2026_box.png
[saved] /home/ubuntu/apps/election-app/win_prob/H/VA/06/statewide_margin_pct_vs_percent_VA_2026.png

All 50 states complete. See: /home/ubuntu/apps/election-app/win_prob/H/VA/06

$ /home/ubuntu/.venv/bin/python3 /home/ubuntu/apps/election-app/stats/8.py --root /home/ubuntu/apps/election-app/win_prob/H/VA/06/_work --outdir /home/ubuntu/apps/election-app/win_prob/H/VA/06
[info] root  = /home/ubuntu/apps/election-app/win_prob/H/VA/06/_work
[info] outdir= /home/ubuntu/apps/election-app/win_prob/H/VA/06
[deleted] /home/ubuntu/apps/election-app/win_prob/H/VA/06/_work/stats_with_statewide.csv
[deleted] /home/ubuntu/apps/election-app/win_prob/H/VA/06/_work/stats2_final_headers.csv
[deleted] /home/ubuntu/apps/election-app/win_prob/H/VA/06/_work/2024_county_results_with_final-old.csv
[deleted] /home/ubuntu/apps/election-app/win_prob/H/VA/06/_work/2024_county_results_with_final.csv
[deleted] /home/ubuntu/apps/election-app/win_prob/H/VA/06/_work/2024_county_results_with_final_1.csv
[deleted] /home/ubuntu/apps/election-app/win_prob/H/VA/06/_work/2024_county_results_with_calcs-old.csv
[deleted] /home/ubuntu/apps/election-app/win_prob/H/VA/06/_work/2024_county_results_with_calcs_new.csv
[deleted] /home/ubuntu/apps/election-app/win_prob/H/VA/06/_work/output_statewide_stats.csv
[skip]    /home/ubuntu/apps/election-app/win_prob/H/VA/06/_work/probs_timeseries_PA.csv
[deleted] /home/ubuntu/apps/election-app/win_prob/H/VA/06/_work/2024_county_results_with_calcs.csv
[skip]    /home/ubuntu/apps/election-app/win_prob/H/VA/06/data_output.csv
[skip]    /home/ubuntu/apps/election-app/win_prob/H/VA/06/data_output_with_margins_old.csv
[skip]    /home/ubuntu/apps/election-app/win_prob/H/VA/06/data_output_with_margins.csv
[skip]    /home/ubuntu/apps/election-app/win_prob/H/VA/06/data_output_with_margins-statewide.csv
[deleted] /home/ubuntu/apps/election-app/win_prob/H/VA/06/snapshots_VA.csv
[deleted] /home/ubuntu/apps/election-app/win_prob/H/VA/06/data_output_VA_with_margins.csv
[deleted] /home/ubuntu/apps/election-app/win_prob/H/VA/06/data_output_VA_with_margins_statewide_eevp.csv
[deleted] /home/ubuntu/apps/election-app/win_prob/H/VA/06/data_output_VA.csv
[deleted] /home/ubuntu/apps/election-app/win_prob/H/VA/06/data_output_VA.csv.checkpoint.json
[deleted] /home/ubuntu/apps/election-app/win_prob/H/VA/06/stats.csv
[deleted] /home/ubuntu/apps/election-app/win_prob/H/VA/06/stats2.csv
[done] removed 16 file(s)
[2026-01-26 05:37:15] INFO: [PIPELINE] args: office=H state=VA district=06
[2026-01-26 05:37:15] INFO: [PIPELINE] WINPROB_DIR resolved to: /home/ubuntu/apps/election-app/win_prob/H/VA/06
[2026-01-26 05:37:15] INFO: [PIPELINE] OUTDIR set to: /home/ubuntu/apps/election-app/win_prob/H/VA/06

$ /home/ubuntu/.venv/bin/python3 /home/ubuntu/apps/election-app/stats/1-statewide.py --input /home/ubuntu/apps/election-app/win_prob/H/VA/06/stats.csv --output /home/ubuntu/apps/election-app/win_prob/H/VA/06/_work/stats_with_statewide.csv
Wrote /home/ubuntu/apps/election-app/win_prob/H/VA/06/_work/stats_with_statewide.csv (rows=23)

$ /home/ubuntu/.venv/bin/python3 /home/ubuntu/apps/election-app/stats/1-stats-2.py --input /home/ubuntu/apps/election-app/win_prob/H/VA/06/stats2.csv --output /home/ubuntu/apps/election-app/win_prob/H/VA/06/_work/stats2_final_headers.csv
Wrote /home/ubuntu/apps/election-app/win_prob/H/VA/06/_work/stats2_final_headers.csv (rows=23)

$ /home/ubuntu/.venv/bin/python3 /home/ubuntu/apps/election-app/stats/1-append-new.py
Wrote 2024_county_results_with_final-old.csv (rows=23, missing_final_matches=0)

$ /home/ubuntu/.venv/bin/python3 /home/ubuntu/apps/election-app/stats/1-change_header.py
Wrote: 2024_county_results_with_final.csv

$ /home/ubuntu/.venv/bin/python3 /home/ubuntu/apps/election-app/stats/1-cut-zero-fips.py
Wrote: 2024_county_results_with_final_1.csv
Rows before: 23
Rows after:  23
Dropped (fips == 0): 0

$ /home/ubuntu/.venv/bin/python3 /home/ubuntu/apps/election-app/stats/2-calc.py
Wrote 23 rows with calculations to /home/ubuntu/apps/election-app/win_prob/H/VA/06/_work/2024_county_results_with_calcs-old.csv

$ /home/ubuntu/.venv/bin/python3 /home/ubuntu/apps/election-app/stats/2-eevp.py
Wrote (no-op copy): 2024_county_results_with_calcs.csv
Columns:
 - timestamp
 - state
 - county
 - fips
 - trump_votes
 - harris_votes
 - other_votes
 - eevp
 - state_eevp
 - harris_votes_statewide
 - trump_votes_statewide
 - other_votes_statewide
 - final_state
 - final_county
 - final_fips
 - final_trump_votes
 - final_harris_votes
 - final_other_votes
 - harris_percent_snapshot
 - trump_percent_snapshot
 - margin_snapshot
 - harris_percent_final
 - trump_percent_final
 - margin_final
 - margin_difference
 - margin_difference_abs

$ /home/ubuntu/.venv/bin/python3 /home/ubuntu/apps/election-app/stats/3-calc-new.py
Wrote 23 rows with new columns to /home/ubuntu/apps/election-app/win_prob/H/VA/06/_work/2024_county_results_with_calcs_new.csv

$ /home/ubuntu/.venv/bin/python3 /home/ubuntu/apps/election-app/stats/4-stats.py
Reading 2024_county_results_with_calcs_new.csv...
Aggregating statewide totals...
Calculating percentages and margins...
Writing to output_statewide_stats.csv...
Done!
[2026-01-26 05:37:24] INFO: [PIPELINE] ENTER win-prob generation | states=['VA'] ts_list=['2024-11-05T15-30-22']

============================================================================
[01/1] STATE = VA
============================================================================

$ /home/ubuntu/.venv/bin/python3 /home/ubuntu/apps/election-app/stats/5-snapshots.py --state VA --input /home/ubuntu/apps/election-app/win_prob/H/VA/06/_work/output_statewide_stats.csv --output /home/ubuntu/apps/election-app/win_prob/H/VA/06/snapshots_VA.csv --start 2024-11-05T15-30-22 --end 2024-11-05T15-30-22 --use-window 1 --interval 30
Mode: windowed-one-state
Rows written: 23
Distinct states in output: VA
Rows per normalized timestamp (empty = unparseable):
  2024-11-05T15-30-22: 23
Wrote /home/ubuntu/apps/election-app/win_prob/H/VA/06/snapshots_VA.csv

$ /home/ubuntu/.venv/bin/python3 /home/ubuntu/apps/election-app/stats/6-pval.py /home/ubuntu/apps/election-app/win_prob/H/VA/06/snapshots_VA.csv -t /home/ubuntu/apps/election-app/stats/parameters.csv -o /home/ubuntu/apps/election-app/win_prob/H/VA/06/data_output_VA.csv -c 50
Done. Wrote: /home/ubuntu/apps/election-app/win_prob/H/VA/06/data_output_VA.csv
Total rows: 23 (chunked, resumable).
Computed columns for PVALS = [0.01, 0.1, 1, 2, 3, 5, 10, 15, 20, 25, 30, 35, 40, 45, 50, 55, 60, 65, 70, 75, 80, 85, 90, 95, 97, 98, 99, 99.9, 99.99]
Per p (leader): shift_{p}, margin_new_{p}, harris_percent_new_{p}, trump_percent_new_{p}, total_snapshot_{p}, total_expected_{p}, harris_votes_new_{p}, trump_votes_new_{p}
Per p (trailing): shift_trailing_{p}, margin_new_{p}_trailing, harris_percent_new_{p}_trailing, trump_percent_new_{p}_trailing, total_snapshot_{p}_trailing, total_expected_{p}_trailing, harris_votes_new_{p}_trailing, trump_votes_new_{p}_trailing
Checkpoint saved at: /home/ubuntu/apps/election-app/win_prob/H/VA/06/data_output_VA.csv.checkpoint.json

$ /home/ubuntu/.venv/bin/python3 /home/ubuntu/apps/election-app/stats/7-margin-new.py
Wrote data_output_with_margins_old.csv

$ /home/ubuntu/.venv/bin/python3 /home/ubuntu/apps/election-app/stats/7-eevp-statewide.py
Wrote data_output_with_margins.csv (copied from data_output_with_margins_old.csv)

$ /home/ubuntu/.venv/bin/python3 /home/ubuntu/apps/election-app/stats/7.py --input /home/ubuntu/apps/election-app/win_prob/H/VA/06/data_output_VA_with_margins_statewide_eevp.csv --output /home/ubuntu/apps/election-app/win_prob/H/VA/06/statewide_margin_pct_vs_percent_VA_2026.png --state VA --start 2024-11-05T15-30-22 --end 2024-11-05T15-30-22 --stats /home/ubuntu/apps/election-app/win_prob/H/VA/06/stats.csv --stats2 /home/ubuntu/apps/election-app/win_prob/H/VA/06/stats2.csv --interval 30 --year 2026 --jsonl /home/ubuntu/apps/election-app/win_prob/H/VA/06/plotdata_VA_2026_2026-01-26T05-37-15.jsonl
[info] evaluating 1 timestamps from 2024-11-05T15-30-22 to 2024-11-05T15-30-22 every 30 minutes
[saved] probs_timeseries_VA.csv  (1 points)
[saved] /home/ubuntu/apps/election-app/win_prob/H/VA/06/plotdata_VA_2026_2026-01-26T05-37-15.jsonl  (4 points)
[saved] /home/ubuntu/apps/election-app/win_prob/H/VA/06/statewide_margin_pct_vs_percent_VA_2026_box.json
[saved] /home/ubuntu/apps/election-app/win_prob/H/VA/06/statewide_margin_pct_vs_percent_VA_2026_box.png
[saved] /home/ubuntu/apps/election-app/win_prob/H/VA/06/statewide_margin_pct_vs_percent_VA_2026.png

All 50 states complete. See: /home/ubuntu/apps/election-app/win_prob/H/VA/06

$ /home/ubuntu/.venv/bin/python3 /home/ubuntu/apps/election-app/stats/8.py --root /home/ubuntu/apps/election-app/win_prob/H/VA/06/_work --outdir /home/ubuntu/apps/election-app/win_prob/H/VA/06
[info] root  = /home/ubuntu/apps/election-app/win_prob/H/VA/06/_work
[info] outdir= /home/ubuntu/apps/election-app/win_prob/H/VA/06
[deleted] /home/ubuntu/apps/election-app/win_prob/H/VA/06/_work/stats_with_statewide.csv
[deleted] /home/ubuntu/apps/election-app/win_prob/H/VA/06/_work/stats2_final_headers.csv
[deleted] /home/ubuntu/apps/election-app/win_prob/H/VA/06/_work/2024_county_results_with_final-old.csv
[deleted] /home/ubuntu/apps/election-app/win_prob/H/VA/06/_work/2024_county_results_with_final.csv
[deleted] /home/ubuntu/apps/election-app/win_prob/H/VA/06/_work/2024_county_results_with_final_1.csv
[deleted] /home/ubuntu/apps/election-app/win_prob/H/VA/06/_work/2024_county_results_with_calcs-old.csv
[deleted] /home/ubuntu/apps/election-app/win_prob/H/VA/06/_work/2024_county_results_with_calcs_new.csv
[deleted] /home/ubuntu/apps/election-app/win_prob/H/VA/06/_work/output_statewide_stats.csv
[skip]    /home/ubuntu/apps/election-app/win_prob/H/VA/06/_work/probs_timeseries_PA.csv
[deleted] /home/ubuntu/apps/election-app/win_prob/H/VA/06/_work/2024_county_results_with_calcs.csv
[skip]    /home/ubuntu/apps/election-app/win_prob/H/VA/06/data_output.csv
[skip]    /home/ubuntu/apps/election-app/win_prob/H/VA/06/data_output_with_margins_old.csv
[skip]    /home/ubuntu/apps/election-app/win_prob/H/VA/06/data_output_with_margins.csv
[skip]    /home/ubuntu/apps/election-app/win_prob/H/VA/06/data_output_with_margins-statewide.csv
[deleted] /home/ubuntu/apps/election-app/win_prob/H/VA/06/snapshots_VA.csv
[deleted] /home/ubuntu/apps/election-app/win_prob/H/VA/06/data_output_VA_with_margins.csv
[deleted] /home/ubuntu/apps/election-app/win_prob/H/VA/06/data_output_VA_with_margins_statewide_eevp.csv
[deleted] /home/ubuntu/apps/election-app/win_prob/H/VA/06/data_output_VA.csv
[deleted] /home/ubuntu/apps/election-app/win_prob/H/VA/06/data_output_VA.csv.checkpoint.json
[deleted] /home/ubuntu/apps/election-app/win_prob/H/VA/06/stats.csv
[deleted] /home/ubuntu/apps/election-app/win_prob/H/VA/06/stats2.csv
[done] removed 16 file(s)
[2026-01-26 05:44:18] INFO: [PIPELINE] args: office=H state=VA district=06
[2026-01-26 05:44:18] INFO: [PIPELINE] WINPROB_DIR resolved to: /home/ubuntu/apps/election-app/win_prob/H/VA/06
[2026-01-26 05:44:18] INFO: [PIPELINE] OUTDIR set to: /home/ubuntu/apps/election-app/win_prob/H/VA/06

$ /home/ubuntu/.venv/bin/python3 /home/ubuntu/apps/election-app/stats/1-statewide.py --input /home/ubuntu/apps/election-app/win_prob/H/VA/06/stats.csv --output /home/ubuntu/apps/election-app/win_prob/H/VA/06/_work/stats_with_statewide.csv
Wrote /home/ubuntu/apps/election-app/win_prob/H/VA/06/_work/stats_with_statewide.csv (rows=23)

$ /home/ubuntu/.venv/bin/python3 /home/ubuntu/apps/election-app/stats/1-stats-2.py --input /home/ubuntu/apps/election-app/win_prob/H/VA/06/stats2.csv --output /home/ubuntu/apps/election-app/win_prob/H/VA/06/_work/stats2_final_headers.csv
Wrote /home/ubuntu/apps/election-app/win_prob/H/VA/06/_work/stats2_final_headers.csv (rows=23)

$ /home/ubuntu/.venv/bin/python3 /home/ubuntu/apps/election-app/stats/1-append-new.py
Wrote 2024_county_results_with_final-old.csv (rows=23, missing_final_matches=0)

$ /home/ubuntu/.venv/bin/python3 /home/ubuntu/apps/election-app/stats/1-change_header.py
Wrote: 2024_county_results_with_final.csv

$ /home/ubuntu/.venv/bin/python3 /home/ubuntu/apps/election-app/stats/1-cut-zero-fips.py
Wrote: 2024_county_results_with_final_1.csv
Rows before: 23
Rows after:  23
Dropped (fips == 0): 0

$ /home/ubuntu/.venv/bin/python3 /home/ubuntu/apps/election-app/stats/2-calc.py
Wrote 23 rows with calculations to /home/ubuntu/apps/election-app/win_prob/H/VA/06/_work/2024_county_results_with_calcs-old.csv

$ /home/ubuntu/.venv/bin/python3 /home/ubuntu/apps/election-app/stats/2-eevp.py
Wrote (no-op copy): 2024_county_results_with_calcs.csv
Columns:
 - timestamp
 - state
 - county
 - fips
 - trump_votes
 - harris_votes
 - other_votes
 - eevp
 - state_eevp
 - harris_votes_statewide
 - trump_votes_statewide
 - other_votes_statewide
 - final_state
 - final_county
 - final_fips
 - final_trump_votes
 - final_harris_votes
 - final_other_votes
 - harris_percent_snapshot
 - trump_percent_snapshot
 - margin_snapshot
 - harris_percent_final
 - trump_percent_final
 - margin_final
 - margin_difference
 - margin_difference_abs

$ /home/ubuntu/.venv/bin/python3 /home/ubuntu/apps/election-app/stats/3-calc-new.py
Wrote 23 rows with new columns to /home/ubuntu/apps/election-app/win_prob/H/VA/06/_work/2024_county_results_with_calcs_new.csv

$ /home/ubuntu/.venv/bin/python3 /home/ubuntu/apps/election-app/stats/4-stats.py
Reading 2024_county_results_with_calcs_new.csv...
Aggregating statewide totals...
Calculating percentages and margins...
Writing to output_statewide_stats.csv...
Done!
[2026-01-26 05:44:27] INFO: [PIPELINE] ENTER win-prob generation | states=['VA'] ts_list=['2024-11-05T15-30-22']

============================================================================
[01/1] STATE = VA
============================================================================

$ /home/ubuntu/.venv/bin/python3 /home/ubuntu/apps/election-app/stats/5-snapshots.py --state VA --input /home/ubuntu/apps/election-app/win_prob/H/VA/06/_work/output_statewide_stats.csv --output /home/ubuntu/apps/election-app/win_prob/H/VA/06/snapshots_VA.csv --start 2024-11-05T15-30-22 --end 2024-11-05T15-30-22 --use-window 1 --interval 30
Mode: windowed-one-state
Rows written: 23
Distinct states in output: VA
Rows per normalized timestamp (empty = unparseable):
  2024-11-05T15-30-22: 23
Wrote /home/ubuntu/apps/election-app/win_prob/H/VA/06/snapshots_VA.csv

$ /home/ubuntu/.venv/bin/python3 /home/ubuntu/apps/election-app/stats/6-pval.py /home/ubuntu/apps/election-app/win_prob/H/VA/06/snapshots_VA.csv -t /home/ubuntu/apps/election-app/stats/parameters.csv -o /home/ubuntu/apps/election-app/win_prob/H/VA/06/data_output_VA.csv -c 50
Done. Wrote: /home/ubuntu/apps/election-app/win_prob/H/VA/06/data_output_VA.csv
Total rows: 23 (chunked, resumable).
Computed columns for PVALS = [0.01, 0.1, 1, 2, 3, 5, 10, 15, 20, 25, 30, 35, 40, 45, 50, 55, 60, 65, 70, 75, 80, 85, 90, 95, 97, 98, 99, 99.9, 99.99]
Per p (leader): shift_{p}, margin_new_{p}, harris_percent_new_{p}, trump_percent_new_{p}, total_snapshot_{p}, total_expected_{p}, harris_votes_new_{p}, trump_votes_new_{p}
Per p (trailing): shift_trailing_{p}, margin_new_{p}_trailing, harris_percent_new_{p}_trailing, trump_percent_new_{p}_trailing, total_snapshot_{p}_trailing, total_expected_{p}_trailing, harris_votes_new_{p}_trailing, trump_votes_new_{p}_trailing
Checkpoint saved at: /home/ubuntu/apps/election-app/win_prob/H/VA/06/data_output_VA.csv.checkpoint.json

$ /home/ubuntu/.venv/bin/python3 /home/ubuntu/apps/election-app/stats/7-margin-new.py
Wrote data_output_with_margins_old.csv

$ /home/ubuntu/.venv/bin/python3 /home/ubuntu/apps/election-app/stats/7-eevp-statewide.py
Wrote data_output_with_margins.csv (copied from data_output_with_margins_old.csv)

$ /home/ubuntu/.venv/bin/python3 /home/ubuntu/apps/election-app/stats/7.py --input /home/ubuntu/apps/election-app/win_prob/H/VA/06/data_output_VA_with_margins_statewide_eevp.csv --output /home/ubuntu/apps/election-app/win_prob/H/VA/06/statewide_margin_pct_vs_percent_VA_2026.png --state VA --start 2024-11-05T15-30-22 --end 2024-11-05T15-30-22 --stats /home/ubuntu/apps/election-app/win_prob/H/VA/06/stats.csv --stats2 /home/ubuntu/apps/election-app/win_prob/H/VA/06/stats2.csv --interval 30 --year 2026 --jsonl /home/ubuntu/apps/election-app/win_prob/H/VA/06/plotdata_VA_2026_2026-01-26T05-44-18.jsonl
[info] evaluating 1 timestamps from 2024-11-05T15-30-22 to 2024-11-05T15-30-22 every 30 minutes
[saved] probs_timeseries_VA.csv  (1 points)
[saved] /home/ubuntu/apps/election-app/win_prob/H/VA/06/plotdata_VA_2026_2026-01-26T05-44-18.jsonl  (4 points)
[saved] /home/ubuntu/apps/election-app/win_prob/H/VA/06/statewide_margin_pct_vs_percent_VA_2026_box.json
[saved] /home/ubuntu/apps/election-app/win_prob/H/VA/06/statewide_margin_pct_vs_percent_VA_2026_box.png
[saved] /home/ubuntu/apps/election-app/win_prob/H/VA/06/statewide_margin_pct_vs_percent_VA_2026.png

All 50 states complete. See: /home/ubuntu/apps/election-app/win_prob/H/VA/06

$ /home/ubuntu/.venv/bin/python3 /home/ubuntu/apps/election-app/stats/8.py --root /home/ubuntu/apps/election-app/win_prob/H/VA/06/_work --outdir /home/ubuntu/apps/election-app/win_prob/H/VA/06
[info] root  = /home/ubuntu/apps/election-app/win_prob/H/VA/06/_work
[info] outdir= /home/ubuntu/apps/election-app/win_prob/H/VA/06
[deleted] /home/ubuntu/apps/election-app/win_prob/H/VA/06/_work/stats_with_statewide.csv
[deleted] /home/ubuntu/apps/election-app/win_prob/H/VA/06/_work/stats2_final_headers.csv
[deleted] /home/ubuntu/apps/election-app/win_prob/H/VA/06/_work/2024_county_results_with_final-old.csv
[deleted] /home/ubuntu/apps/election-app/win_prob/H/VA/06/_work/2024_county_results_with_final.csv
[deleted] /home/ubuntu/apps/election-app/win_prob/H/VA/06/_work/2024_county_results_with_final_1.csv
[deleted] /home/ubuntu/apps/election-app/win_prob/H/VA/06/_work/2024_county_results_with_calcs-old.csv
[deleted] /home/ubuntu/apps/election-app/win_prob/H/VA/06/_work/2024_county_results_with_calcs_new.csv
[deleted] /home/ubuntu/apps/election-app/win_prob/H/VA/06/_work/output_statewide_stats.csv
[skip]    /home/ubuntu/apps/election-app/win_prob/H/VA/06/_work/probs_timeseries_PA.csv
[deleted] /home/ubuntu/apps/election-app/win_prob/H/VA/06/_work/2024_county_results_with_calcs.csv
[skip]    /home/ubuntu/apps/election-app/win_prob/H/VA/06/data_output.csv
[skip]    /home/ubuntu/apps/election-app/win_prob/H/VA/06/data_output_with_margins_old.csv
[skip]    /home/ubuntu/apps/election-app/win_prob/H/VA/06/data_output_with_margins.csv
[skip]    /home/ubuntu/apps/election-app/win_prob/H/VA/06/data_output_with_margins-statewide.csv
[deleted] /home/ubuntu/apps/election-app/win_prob/H/VA/06/snapshots_VA.csv
[deleted] /home/ubuntu/apps/election-app/win_prob/H/VA/06/data_output_VA_with_margins.csv
[deleted] /home/ubuntu/apps/election-app/win_prob/H/VA/06/data_output_VA_with_margins_statewide_eevp.csv
[deleted] /home/ubuntu/apps/election-app/win_prob/H/VA/06/data_output_VA.csv
[deleted] /home/ubuntu/apps/election-app/win_prob/H/VA/06/data_output_VA.csv.checkpoint.json
[deleted] /home/ubuntu/apps/election-app/win_prob/H/VA/06/stats.csv
[deleted] /home/ubuntu/apps/election-app/win_prob/H/VA/06/stats2.csv
[done] removed 16 file(s)
[2026-01-26 05:51:22] INFO: [PIPELINE] args: office=H state=VA district=06
[2026-01-26 05:51:22] INFO: [PIPELINE] WINPROB_DIR resolved to: /home/ubuntu/apps/election-app/win_prob/H/VA/06
[2026-01-26 05:51:22] INFO: [PIPELINE] OUTDIR set to: /home/ubuntu/apps/election-app/win_prob/H/VA/06

$ /home/ubuntu/.venv/bin/python3 /home/ubuntu/apps/election-app/stats/1-statewide.py --input /home/ubuntu/apps/election-app/win_prob/H/VA/06/stats.csv --output /home/ubuntu/apps/election-app/win_prob/H/VA/06/_work/stats_with_statewide.csv
Wrote /home/ubuntu/apps/election-app/win_prob/H/VA/06/_work/stats_with_statewide.csv (rows=23)

$ /home/ubuntu/.venv/bin/python3 /home/ubuntu/apps/election-app/stats/1-stats-2.py --input /home/ubuntu/apps/election-app/win_prob/H/VA/06/stats2.csv --output /home/ubuntu/apps/election-app/win_prob/H/VA/06/_work/stats2_final_headers.csv
Wrote /home/ubuntu/apps/election-app/win_prob/H/VA/06/_work/stats2_final_headers.csv (rows=23)

$ /home/ubuntu/.venv/bin/python3 /home/ubuntu/apps/election-app/stats/1-append-new.py
Wrote 2024_county_results_with_final-old.csv (rows=23, missing_final_matches=0)

$ /home/ubuntu/.venv/bin/python3 /home/ubuntu/apps/election-app/stats/1-change_header.py
Wrote: 2024_county_results_with_final.csv

$ /home/ubuntu/.venv/bin/python3 /home/ubuntu/apps/election-app/stats/1-cut-zero-fips.py
Wrote: 2024_county_results_with_final_1.csv
Rows before: 23
Rows after:  23
Dropped (fips == 0): 0

$ /home/ubuntu/.venv/bin/python3 /home/ubuntu/apps/election-app/stats/2-calc.py
Wrote 23 rows with calculations to /home/ubuntu/apps/election-app/win_prob/H/VA/06/_work/2024_county_results_with_calcs-old.csv

$ /home/ubuntu/.venv/bin/python3 /home/ubuntu/apps/election-app/stats/2-eevp.py
Wrote (no-op copy): 2024_county_results_with_calcs.csv
Columns:
 - timestamp
 - state
 - county
 - fips
 - trump_votes
 - harris_votes
 - other_votes
 - eevp
 - state_eevp
 - harris_votes_statewide
 - trump_votes_statewide
 - other_votes_statewide
 - final_state
 - final_county
 - final_fips
 - final_trump_votes
 - final_harris_votes
 - final_other_votes
 - harris_percent_snapshot
 - trump_percent_snapshot
 - margin_snapshot
 - harris_percent_final
 - trump_percent_final
 - margin_final
 - margin_difference
 - margin_difference_abs

$ /home/ubuntu/.venv/bin/python3 /home/ubuntu/apps/election-app/stats/3-calc-new.py
Wrote 23 rows with new columns to /home/ubuntu/apps/election-app/win_prob/H/VA/06/_work/2024_county_results_with_calcs_new.csv

$ /home/ubuntu/.venv/bin/python3 /home/ubuntu/apps/election-app/stats/4-stats.py
Reading 2024_county_results_with_calcs_new.csv...
Aggregating statewide totals...
Calculating percentages and margins...
Writing to output_statewide_stats.csv...
Done!
[2026-01-26 05:51:31] INFO: [PIPELINE] ENTER win-prob generation | states=['VA'] ts_list=['2024-11-05T15-30-22']

============================================================================
[01/1] STATE = VA
============================================================================

$ /home/ubuntu/.venv/bin/python3 /home/ubuntu/apps/election-app/stats/5-snapshots.py --state VA --input /home/ubuntu/apps/election-app/win_prob/H/VA/06/_work/output_statewide_stats.csv --output /home/ubuntu/apps/election-app/win_prob/H/VA/06/snapshots_VA.csv --start 2024-11-05T15-30-22 --end 2024-11-05T15-30-22 --use-window 1 --interval 30
Mode: windowed-one-state
Rows written: 23
Distinct states in output: VA
Rows per normalized timestamp (empty = unparseable):
  2024-11-05T15-30-22: 23
Wrote /home/ubuntu/apps/election-app/win_prob/H/VA/06/snapshots_VA.csv

$ /home/ubuntu/.venv/bin/python3 /home/ubuntu/apps/election-app/stats/6-pval.py /home/ubuntu/apps/election-app/win_prob/H/VA/06/snapshots_VA.csv -t /home/ubuntu/apps/election-app/stats/parameters.csv -o /home/ubuntu/apps/election-app/win_prob/H/VA/06/data_output_VA.csv -c 50
Done. Wrote: /home/ubuntu/apps/election-app/win_prob/H/VA/06/data_output_VA.csv
Total rows: 23 (chunked, resumable).
Computed columns for PVALS = [0.01, 0.1, 1, 2, 3, 5, 10, 15, 20, 25, 30, 35, 40, 45, 50, 55, 60, 65, 70, 75, 80, 85, 90, 95, 97, 98, 99, 99.9, 99.99]
Per p (leader): shift_{p}, margin_new_{p}, harris_percent_new_{p}, trump_percent_new_{p}, total_snapshot_{p}, total_expected_{p}, harris_votes_new_{p}, trump_votes_new_{p}
Per p (trailing): shift_trailing_{p}, margin_new_{p}_trailing, harris_percent_new_{p}_trailing, trump_percent_new_{p}_trailing, total_snapshot_{p}_trailing, total_expected_{p}_trailing, harris_votes_new_{p}_trailing, trump_votes_new_{p}_trailing
Checkpoint saved at: /home/ubuntu/apps/election-app/win_prob/H/VA/06/data_output_VA.csv.checkpoint.json

$ /home/ubuntu/.venv/bin/python3 /home/ubuntu/apps/election-app/stats/7-margin-new.py
Wrote data_output_with_margins_old.csv

$ /home/ubuntu/.venv/bin/python3 /home/ubuntu/apps/election-app/stats/7-eevp-statewide.py
Wrote data_output_with_margins.csv (copied from data_output_with_margins_old.csv)

$ /home/ubuntu/.venv/bin/python3 /home/ubuntu/apps/election-app/stats/7.py --input /home/ubuntu/apps/election-app/win_prob/H/VA/06/data_output_VA_with_margins_statewide_eevp.csv --output /home/ubuntu/apps/election-app/win_prob/H/VA/06/statewide_margin_pct_vs_percent_VA_2026.png --state VA --start 2024-11-05T15-30-22 --end 2024-11-05T15-30-22 --stats /home/ubuntu/apps/election-app/win_prob/H/VA/06/stats.csv --stats2 /home/ubuntu/apps/election-app/win_prob/H/VA/06/stats2.csv --interval 30 --year 2026 --jsonl /home/ubuntu/apps/election-app/win_prob/H/VA/06/plotdata_VA_2026_2026-01-26T05-51-22.jsonl
[info] evaluating 1 timestamps from 2024-11-05T15-30-22 to 2024-11-05T15-30-22 every 30 minutes
[saved] probs_timeseries_VA.csv  (1 points)
[saved] /home/ubuntu/apps/election-app/win_prob/H/VA/06/plotdata_VA_2026_2026-01-26T05-51-22.jsonl  (4 points)
[saved] /home/ubuntu/apps/election-app/win_prob/H/VA/06/statewide_margin_pct_vs_percent_VA_2026_box.json
[saved] /home/ubuntu/apps/election-app/win_prob/H/VA/06/statewide_margin_pct_vs_percent_VA_2026_box.png
[saved] /home/ubuntu/apps/election-app/win_prob/H/VA/06/statewide_margin_pct_vs_percent_VA_2026.png

All 50 states complete. See: /home/ubuntu/apps/election-app/win_prob/H/VA/06

$ /home/ubuntu/.venv/bin/python3 /home/ubuntu/apps/election-app/stats/8.py --root /home/ubuntu/apps/election-app/win_prob/H/VA/06/_work --outdir /home/ubuntu/apps/election-app/win_prob/H/VA/06
[info] root  = /home/ubuntu/apps/election-app/win_prob/H/VA/06/_work
[info] outdir= /home/ubuntu/apps/election-app/win_prob/H/VA/06
[deleted] /home/ubuntu/apps/election-app/win_prob/H/VA/06/_work/stats_with_statewide.csv
[deleted] /home/ubuntu/apps/election-app/win_prob/H/VA/06/_work/stats2_final_headers.csv
[deleted] /home/ubuntu/apps/election-app/win_prob/H/VA/06/_work/2024_county_results_with_final-old.csv
[deleted] /home/ubuntu/apps/election-app/win_prob/H/VA/06/_work/2024_county_results_with_final.csv
[deleted] /home/ubuntu/apps/election-app/win_prob/H/VA/06/_work/2024_county_results_with_final_1.csv
[deleted] /home/ubuntu/apps/election-app/win_prob/H/VA/06/_work/2024_county_results_with_calcs-old.csv
[deleted] /home/ubuntu/apps/election-app/win_prob/H/VA/06/_work/2024_county_results_with_calcs_new.csv
[deleted] /home/ubuntu/apps/election-app/win_prob/H/VA/06/_work/output_statewide_stats.csv
[skip]    /home/ubuntu/apps/election-app/win_prob/H/VA/06/_work/probs_timeseries_PA.csv
[deleted] /home/ubuntu/apps/election-app/win_prob/H/VA/06/_work/2024_county_results_with_calcs.csv
[skip]    /home/ubuntu/apps/election-app/win_prob/H/VA/06/data_output.csv
[skip]    /home/ubuntu/apps/election-app/win_prob/H/VA/06/data_output_with_margins_old.csv
[skip]    /home/ubuntu/apps/election-app/win_prob/H/VA/06/data_output_with_margins.csv
[skip]    /home/ubuntu/apps/election-app/win_prob/H/VA/06/data_output_with_margins-statewide.csv
[deleted] /home/ubuntu/apps/election-app/win_prob/H/VA/06/snapshots_VA.csv
[deleted] /home/ubuntu/apps/election-app/win_prob/H/VA/06/data_output_VA_with_margins.csv
[deleted] /home/ubuntu/apps/election-app/win_prob/H/VA/06/data_output_VA_with_margins_statewide_eevp.csv
[deleted] /home/ubuntu/apps/election-app/win_prob/H/VA/06/data_output_VA.csv
[deleted] /home/ubuntu/apps/election-app/win_prob/H/VA/06/data_output_VA.csv.checkpoint.json
[deleted] /home/ubuntu/apps/election-app/win_prob/H/VA/06/stats.csv
[deleted] /home/ubuntu/apps/election-app/win_prob/H/VA/06/stats2.csv
[done] removed 16 file(s)
[2026-01-26 05:58:24] INFO: [PIPELINE] args: office=H state=VA district=06
[2026-01-26 05:58:24] INFO: [PIPELINE] WINPROB_DIR resolved to: /home/ubuntu/apps/election-app/win_prob/H/VA/06
[2026-01-26 05:58:24] INFO: [PIPELINE] OUTDIR set to: /home/ubuntu/apps/election-app/win_prob/H/VA/06

$ /home/ubuntu/.venv/bin/python3 /home/ubuntu/apps/election-app/stats/1-statewide.py --input /home/ubuntu/apps/election-app/win_prob/H/VA/06/stats.csv --output /home/ubuntu/apps/election-app/win_prob/H/VA/06/_work/stats_with_statewide.csv
Wrote /home/ubuntu/apps/election-app/win_prob/H/VA/06/_work/stats_with_statewide.csv (rows=23)

$ /home/ubuntu/.venv/bin/python3 /home/ubuntu/apps/election-app/stats/1-stats-2.py --input /home/ubuntu/apps/election-app/win_prob/H/VA/06/stats2.csv --output /home/ubuntu/apps/election-app/win_prob/H/VA/06/_work/stats2_final_headers.csv
Wrote /home/ubuntu/apps/election-app/win_prob/H/VA/06/_work/stats2_final_headers.csv (rows=23)

$ /home/ubuntu/.venv/bin/python3 /home/ubuntu/apps/election-app/stats/1-append-new.py
Wrote 2024_county_results_with_final-old.csv (rows=23, missing_final_matches=0)

$ /home/ubuntu/.venv/bin/python3 /home/ubuntu/apps/election-app/stats/1-change_header.py
Wrote: 2024_county_results_with_final.csv

$ /home/ubuntu/.venv/bin/python3 /home/ubuntu/apps/election-app/stats/1-cut-zero-fips.py
Wrote: 2024_county_results_with_final_1.csv
Rows before: 23
Rows after:  23
Dropped (fips == 0): 0

$ /home/ubuntu/.venv/bin/python3 /home/ubuntu/apps/election-app/stats/2-calc.py
Wrote 23 rows with calculations to /home/ubuntu/apps/election-app/win_prob/H/VA/06/_work/2024_county_results_with_calcs-old.csv

$ /home/ubuntu/.venv/bin/python3 /home/ubuntu/apps/election-app/stats/2-eevp.py
Wrote (no-op copy): 2024_county_results_with_calcs.csv
Columns:
 - timestamp
 - state
 - county
 - fips
 - trump_votes
 - harris_votes
 - other_votes
 - eevp
 - state_eevp
 - harris_votes_statewide
 - trump_votes_statewide
 - other_votes_statewide
 - final_state
 - final_county
 - final_fips
 - final_trump_votes
 - final_harris_votes
 - final_other_votes
 - harris_percent_snapshot
 - trump_percent_snapshot
 - margin_snapshot
 - harris_percent_final
 - trump_percent_final
 - margin_final
 - margin_difference
 - margin_difference_abs

$ /home/ubuntu/.venv/bin/python3 /home/ubuntu/apps/election-app/stats/3-calc-new.py
Wrote 23 rows with new columns to /home/ubuntu/apps/election-app/win_prob/H/VA/06/_work/2024_county_results_with_calcs_new.csv

$ /home/ubuntu/.venv/bin/python3 /home/ubuntu/apps/election-app/stats/4-stats.py
Reading 2024_county_results_with_calcs_new.csv...
Aggregating statewide totals...
Calculating percentages and margins...
Writing to output_statewide_stats.csv...
Done!
[2026-01-26 05:58:34] INFO: [PIPELINE] ENTER win-prob generation | states=['VA'] ts_list=['2024-11-05T15-30-22']

============================================================================
[01/1] STATE = VA
============================================================================

$ /home/ubuntu/.venv/bin/python3 /home/ubuntu/apps/election-app/stats/5-snapshots.py --state VA --input /home/ubuntu/apps/election-app/win_prob/H/VA/06/_work/output_statewide_stats.csv --output /home/ubuntu/apps/election-app/win_prob/H/VA/06/snapshots_VA.csv --start 2024-11-05T15-30-22 --end 2024-11-05T15-30-22 --use-window 1 --interval 30
Mode: windowed-one-state
Rows written: 23
Distinct states in output: VA
Rows per normalized timestamp (empty = unparseable):
  2024-11-05T15-30-22: 23
Wrote /home/ubuntu/apps/election-app/win_prob/H/VA/06/snapshots_VA.csv

$ /home/ubuntu/.venv/bin/python3 /home/ubuntu/apps/election-app/stats/6-pval.py /home/ubuntu/apps/election-app/win_prob/H/VA/06/snapshots_VA.csv -t /home/ubuntu/apps/election-app/stats/parameters.csv -o /home/ubuntu/apps/election-app/win_prob/H/VA/06/data_output_VA.csv -c 50
Done. Wrote: /home/ubuntu/apps/election-app/win_prob/H/VA/06/data_output_VA.csv
Total rows: 23 (chunked, resumable).
Computed columns for PVALS = [0.01, 0.1, 1, 2, 3, 5, 10, 15, 20, 25, 30, 35, 40, 45, 50, 55, 60, 65, 70, 75, 80, 85, 90, 95, 97, 98, 99, 99.9, 99.99]
Per p (leader): shift_{p}, margin_new_{p}, harris_percent_new_{p}, trump_percent_new_{p}, total_snapshot_{p}, total_expected_{p}, harris_votes_new_{p}, trump_votes_new_{p}
Per p (trailing): shift_trailing_{p}, margin_new_{p}_trailing, harris_percent_new_{p}_trailing, trump_percent_new_{p}_trailing, total_snapshot_{p}_trailing, total_expected_{p}_trailing, harris_votes_new_{p}_trailing, trump_votes_new_{p}_trailing
Checkpoint saved at: /home/ubuntu/apps/election-app/win_prob/H/VA/06/data_output_VA.csv.checkpoint.json

$ /home/ubuntu/.venv/bin/python3 /home/ubuntu/apps/election-app/stats/7-margin-new.py
Wrote data_output_with_margins_old.csv

$ /home/ubuntu/.venv/bin/python3 /home/ubuntu/apps/election-app/stats/7-eevp-statewide.py
Wrote data_output_with_margins.csv (copied from data_output_with_margins_old.csv)

$ /home/ubuntu/.venv/bin/python3 /home/ubuntu/apps/election-app/stats/7.py --input /home/ubuntu/apps/election-app/win_prob/H/VA/06/data_output_VA_with_margins_statewide_eevp.csv --output /home/ubuntu/apps/election-app/win_prob/H/VA/06/statewide_margin_pct_vs_percent_VA_2026.png --state VA --start 2024-11-05T15-30-22 --end 2024-11-05T15-30-22 --stats /home/ubuntu/apps/election-app/win_prob/H/VA/06/stats.csv --stats2 /home/ubuntu/apps/election-app/win_prob/H/VA/06/stats2.csv --interval 30 --year 2026 --jsonl /home/ubuntu/apps/election-app/win_prob/H/VA/06/plotdata_VA_2026_2026-01-26T05-58-24.jsonl
[info] evaluating 1 timestamps from 2024-11-05T15-30-22 to 2024-11-05T15-30-22 every 30 minutes
[saved] probs_timeseries_VA.csv  (1 points)
[saved] /home/ubuntu/apps/election-app/win_prob/H/VA/06/plotdata_VA_2026_2026-01-26T05-58-24.jsonl  (4 points)
[saved] /home/ubuntu/apps/election-app/win_prob/H/VA/06/statewide_margin_pct_vs_percent_VA_2026_box.json
[saved] /home/ubuntu/apps/election-app/win_prob/H/VA/06/statewide_margin_pct_vs_percent_VA_2026_box.png
[saved] /home/ubuntu/apps/election-app/win_prob/H/VA/06/statewide_margin_pct_vs_percent_VA_2026.png

All 50 states complete. See: /home/ubuntu/apps/election-app/win_prob/H/VA/06

$ /home/ubuntu/.venv/bin/python3 /home/ubuntu/apps/election-app/stats/8.py --root /home/ubuntu/apps/election-app/win_prob/H/VA/06/_work --outdir /home/ubuntu/apps/election-app/win_prob/H/VA/06
[info] root  = /home/ubuntu/apps/election-app/win_prob/H/VA/06/_work
[info] outdir= /home/ubuntu/apps/election-app/win_prob/H/VA/06
[deleted] /home/ubuntu/apps/election-app/win_prob/H/VA/06/_work/stats_with_statewide.csv
[deleted] /home/ubuntu/apps/election-app/win_prob/H/VA/06/_work/stats2_final_headers.csv
[deleted] /home/ubuntu/apps/election-app/win_prob/H/VA/06/_work/2024_county_results_with_final-old.csv
[deleted] /home/ubuntu/apps/election-app/win_prob/H/VA/06/_work/2024_county_results_with_final.csv
[deleted] /home/ubuntu/apps/election-app/win_prob/H/VA/06/_work/2024_county_results_with_final_1.csv
[deleted] /home/ubuntu/apps/election-app/win_prob/H/VA/06/_work/2024_county_results_with_calcs-old.csv
[deleted] /home/ubuntu/apps/election-app/win_prob/H/VA/06/_work/2024_county_results_with_calcs_new.csv
[deleted] /home/ubuntu/apps/election-app/win_prob/H/VA/06/_work/output_statewide_stats.csv
[skip]    /home/ubuntu/apps/election-app/win_prob/H/VA/06/_work/probs_timeseries_PA.csv
[deleted] /home/ubuntu/apps/election-app/win_prob/H/VA/06/_work/2024_county_results_with_calcs.csv
[skip]    /home/ubuntu/apps/election-app/win_prob/H/VA/06/data_output.csv
[skip]    /home/ubuntu/apps/election-app/win_prob/H/VA/06/data_output_with_margins_old.csv
[skip]    /home/ubuntu/apps/election-app/win_prob/H/VA/06/data_output_with_margins.csv
[skip]    /home/ubuntu/apps/election-app/win_prob/H/VA/06/data_output_with_margins-statewide.csv
[deleted] /home/ubuntu/apps/election-app/win_prob/H/VA/06/snapshots_VA.csv
[deleted] /home/ubuntu/apps/election-app/win_prob/H/VA/06/data_output_VA_with_margins.csv
[deleted] /home/ubuntu/apps/election-app/win_prob/H/VA/06/data_output_VA_with_margins_statewide_eevp.csv
[deleted] /home/ubuntu/apps/election-app/win_prob/H/VA/06/data_output_VA.csv
[deleted] /home/ubuntu/apps/election-app/win_prob/H/VA/06/data_output_VA.csv.checkpoint.json
[deleted] /home/ubuntu/apps/election-app/win_prob/H/VA/06/stats.csv
[deleted] /home/ubuntu/apps/election-app/win_prob/H/VA/06/stats2.csv
[done] removed 16 file(s)
[2026-01-26 06:05:24] INFO: [PIPELINE] args: office=H state=VA district=06
[2026-01-26 06:05:24] INFO: [PIPELINE] WINPROB_DIR resolved to: /home/ubuntu/apps/election-app/win_prob/H/VA/06
[2026-01-26 06:05:24] INFO: [PIPELINE] OUTDIR set to: /home/ubuntu/apps/election-app/win_prob/H/VA/06

$ /home/ubuntu/.venv/bin/python3 /home/ubuntu/apps/election-app/stats/1-statewide.py --input /home/ubuntu/apps/election-app/win_prob/H/VA/06/stats.csv --output /home/ubuntu/apps/election-app/win_prob/H/VA/06/_work/stats_with_statewide.csv
Wrote /home/ubuntu/apps/election-app/win_prob/H/VA/06/_work/stats_with_statewide.csv (rows=23)

$ /home/ubuntu/.venv/bin/python3 /home/ubuntu/apps/election-app/stats/1-stats-2.py --input /home/ubuntu/apps/election-app/win_prob/H/VA/06/stats2.csv --output /home/ubuntu/apps/election-app/win_prob/H/VA/06/_work/stats2_final_headers.csv
Wrote /home/ubuntu/apps/election-app/win_prob/H/VA/06/_work/stats2_final_headers.csv (rows=23)

$ /home/ubuntu/.venv/bin/python3 /home/ubuntu/apps/election-app/stats/1-append-new.py
Wrote 2024_county_results_with_final-old.csv (rows=23, missing_final_matches=0)

$ /home/ubuntu/.venv/bin/python3 /home/ubuntu/apps/election-app/stats/1-change_header.py
Wrote: 2024_county_results_with_final.csv

$ /home/ubuntu/.venv/bin/python3 /home/ubuntu/apps/election-app/stats/1-cut-zero-fips.py
Wrote: 2024_county_results_with_final_1.csv
Rows before: 23
Rows after:  23
Dropped (fips == 0): 0

$ /home/ubuntu/.venv/bin/python3 /home/ubuntu/apps/election-app/stats/2-calc.py
Wrote 23 rows with calculations to /home/ubuntu/apps/election-app/win_prob/H/VA/06/_work/2024_county_results_with_calcs-old.csv

$ /home/ubuntu/.venv/bin/python3 /home/ubuntu/apps/election-app/stats/2-eevp.py
Wrote (no-op copy): 2024_county_results_with_calcs.csv
Columns:
 - timestamp
 - state
 - county
 - fips
 - trump_votes
 - harris_votes
 - other_votes
 - eevp
 - state_eevp
 - harris_votes_statewide
 - trump_votes_statewide
 - other_votes_statewide
 - final_state
 - final_county
 - final_fips
 - final_trump_votes
 - final_harris_votes
 - final_other_votes
 - harris_percent_snapshot
 - trump_percent_snapshot
 - margin_snapshot
 - harris_percent_final
 - trump_percent_final
 - margin_final
 - margin_difference
 - margin_difference_abs

$ /home/ubuntu/.venv/bin/python3 /home/ubuntu/apps/election-app/stats/3-calc-new.py
Wrote 23 rows with new columns to /home/ubuntu/apps/election-app/win_prob/H/VA/06/_work/2024_county_results_with_calcs_new.csv

$ /home/ubuntu/.venv/bin/python3 /home/ubuntu/apps/election-app/stats/4-stats.py
Reading 2024_county_results_with_calcs_new.csv...
Aggregating statewide totals...
Calculating percentages and margins...
Writing to output_statewide_stats.csv...
Done!
[2026-01-26 06:05:33] INFO: [PIPELINE] ENTER win-prob generation | states=['VA'] ts_list=['2024-11-05T15-30-22']

============================================================================
[01/1] STATE = VA
============================================================================

$ /home/ubuntu/.venv/bin/python3 /home/ubuntu/apps/election-app/stats/5-snapshots.py --state VA --input /home/ubuntu/apps/election-app/win_prob/H/VA/06/_work/output_statewide_stats.csv --output /home/ubuntu/apps/election-app/win_prob/H/VA/06/snapshots_VA.csv --start 2024-11-05T15-30-22 --end 2024-11-05T15-30-22 --use-window 1 --interval 30
Mode: windowed-one-state
Rows written: 23
Distinct states in output: VA
Rows per normalized timestamp (empty = unparseable):
  2024-11-05T15-30-22: 23
Wrote /home/ubuntu/apps/election-app/win_prob/H/VA/06/snapshots_VA.csv

$ /home/ubuntu/.venv/bin/python3 /home/ubuntu/apps/election-app/stats/6-pval.py /home/ubuntu/apps/election-app/win_prob/H/VA/06/snapshots_VA.csv -t /home/ubuntu/apps/election-app/stats/parameters.csv -o /home/ubuntu/apps/election-app/win_prob/H/VA/06/data_output_VA.csv -c 50
Done. Wrote: /home/ubuntu/apps/election-app/win_prob/H/VA/06/data_output_VA.csv
Total rows: 23 (chunked, resumable).
Computed columns for PVALS = [0.01, 0.1, 1, 2, 3, 5, 10, 15, 20, 25, 30, 35, 40, 45, 50, 55, 60, 65, 70, 75, 80, 85, 90, 95, 97, 98, 99, 99.9, 99.99]
Per p (leader): shift_{p}, margin_new_{p}, harris_percent_new_{p}, trump_percent_new_{p}, total_snapshot_{p}, total_expected_{p}, harris_votes_new_{p}, trump_votes_new_{p}
Per p (trailing): shift_trailing_{p}, margin_new_{p}_trailing, harris_percent_new_{p}_trailing, trump_percent_new_{p}_trailing, total_snapshot_{p}_trailing, total_expected_{p}_trailing, harris_votes_new_{p}_trailing, trump_votes_new_{p}_trailing
Checkpoint saved at: /home/ubuntu/apps/election-app/win_prob/H/VA/06/data_output_VA.csv.checkpoint.json

$ /home/ubuntu/.venv/bin/python3 /home/ubuntu/apps/election-app/stats/7-margin-new.py
Wrote data_output_with_margins_old.csv

$ /home/ubuntu/.venv/bin/python3 /home/ubuntu/apps/election-app/stats/7-eevp-statewide.py
Wrote data_output_with_margins.csv (copied from data_output_with_margins_old.csv)

$ /home/ubuntu/.venv/bin/python3 /home/ubuntu/apps/election-app/stats/7.py --input /home/ubuntu/apps/election-app/win_prob/H/VA/06/data_output_VA_with_margins_statewide_eevp.csv --output /home/ubuntu/apps/election-app/win_prob/H/VA/06/statewide_margin_pct_vs_percent_VA_2026.png --state VA --start 2024-11-05T15-30-22 --end 2024-11-05T15-30-22 --stats /home/ubuntu/apps/election-app/win_prob/H/VA/06/stats.csv --stats2 /home/ubuntu/apps/election-app/win_prob/H/VA/06/stats2.csv --interval 30 --year 2026 --jsonl /home/ubuntu/apps/election-app/win_prob/H/VA/06/plotdata_VA_2026_2026-01-26T06-05-24.jsonl
[info] evaluating 1 timestamps from 2024-11-05T15-30-22 to 2024-11-05T15-30-22 every 30 minutes
[saved] probs_timeseries_VA.csv  (1 points)
[saved] /home/ubuntu/apps/election-app/win_prob/H/VA/06/plotdata_VA_2026_2026-01-26T06-05-24.jsonl  (4 points)
[saved] /home/ubuntu/apps/election-app/win_prob/H/VA/06/statewide_margin_pct_vs_percent_VA_2026_box.json
[saved] /home/ubuntu/apps/election-app/win_prob/H/VA/06/statewide_margin_pct_vs_percent_VA_2026_box.png
[saved] /home/ubuntu/apps/election-app/win_prob/H/VA/06/statewide_margin_pct_vs_percent_VA_2026.png

All 50 states complete. See: /home/ubuntu/apps/election-app/win_prob/H/VA/06

$ /home/ubuntu/.venv/bin/python3 /home/ubuntu/apps/election-app/stats/8.py --root /home/ubuntu/apps/election-app/win_prob/H/VA/06/_work --outdir /home/ubuntu/apps/election-app/win_prob/H/VA/06
[info] root  = /home/ubuntu/apps/election-app/win_prob/H/VA/06/_work
[info] outdir= /home/ubuntu/apps/election-app/win_prob/H/VA/06
[deleted] /home/ubuntu/apps/election-app/win_prob/H/VA/06/_work/stats_with_statewide.csv
[deleted] /home/ubuntu/apps/election-app/win_prob/H/VA/06/_work/stats2_final_headers.csv
[deleted] /home/ubuntu/apps/election-app/win_prob/H/VA/06/_work/2024_county_results_with_final-old.csv
[deleted] /home/ubuntu/apps/election-app/win_prob/H/VA/06/_work/2024_county_results_with_final.csv
[deleted] /home/ubuntu/apps/election-app/win_prob/H/VA/06/_work/2024_county_results_with_final_1.csv
[deleted] /home/ubuntu/apps/election-app/win_prob/H/VA/06/_work/2024_county_results_with_calcs-old.csv
[deleted] /home/ubuntu/apps/election-app/win_prob/H/VA/06/_work/2024_county_results_with_calcs_new.csv
[deleted] /home/ubuntu/apps/election-app/win_prob/H/VA/06/_work/output_statewide_stats.csv
[skip]    /home/ubuntu/apps/election-app/win_prob/H/VA/06/_work/probs_timeseries_PA.csv
[deleted] /home/ubuntu/apps/election-app/win_prob/H/VA/06/_work/2024_county_results_with_calcs.csv
[skip]    /home/ubuntu/apps/election-app/win_prob/H/VA/06/data_output.csv
[skip]    /home/ubuntu/apps/election-app/win_prob/H/VA/06/data_output_with_margins_old.csv
[skip]    /home/ubuntu/apps/election-app/win_prob/H/VA/06/data_output_with_margins.csv
[skip]    /home/ubuntu/apps/election-app/win_prob/H/VA/06/data_output_with_margins-statewide.csv
[deleted] /home/ubuntu/apps/election-app/win_prob/H/VA/06/snapshots_VA.csv
[deleted] /home/ubuntu/apps/election-app/win_prob/H/VA/06/data_output_VA_with_margins.csv
[deleted] /home/ubuntu/apps/election-app/win_prob/H/VA/06/data_output_VA_with_margins_statewide_eevp.csv
[deleted] /home/ubuntu/apps/election-app/win_prob/H/VA/06/data_output_VA.csv
[deleted] /home/ubuntu/apps/election-app/win_prob/H/VA/06/data_output_VA.csv.checkpoint.json
[deleted] /home/ubuntu/apps/election-app/win_prob/H/VA/06/stats.csv
[deleted] /home/ubuntu/apps/election-app/win_prob/H/VA/06/stats2.csv
[done] removed 16 file(s)
[2026-01-26 06:12:30] INFO: [PIPELINE] args: office=H state=VA district=06
[2026-01-26 06:12:30] INFO: [PIPELINE] WINPROB_DIR resolved to: /home/ubuntu/apps/election-app/win_prob/H/VA/06
[2026-01-26 06:12:30] INFO: [PIPELINE] OUTDIR set to: /home/ubuntu/apps/election-app/win_prob/H/VA/06

$ /home/ubuntu/.venv/bin/python3 /home/ubuntu/apps/election-app/stats/1-statewide.py --input /home/ubuntu/apps/election-app/win_prob/H/VA/06/stats.csv --output /home/ubuntu/apps/election-app/win_prob/H/VA/06/_work/stats_with_statewide.csv
Wrote /home/ubuntu/apps/election-app/win_prob/H/VA/06/_work/stats_with_statewide.csv (rows=23)

$ /home/ubuntu/.venv/bin/python3 /home/ubuntu/apps/election-app/stats/1-stats-2.py --input /home/ubuntu/apps/election-app/win_prob/H/VA/06/stats2.csv --output /home/ubuntu/apps/election-app/win_prob/H/VA/06/_work/stats2_final_headers.csv
Wrote /home/ubuntu/apps/election-app/win_prob/H/VA/06/_work/stats2_final_headers.csv (rows=23)

$ /home/ubuntu/.venv/bin/python3 /home/ubuntu/apps/election-app/stats/1-append-new.py
Wrote 2024_county_results_with_final-old.csv (rows=23, missing_final_matches=0)

$ /home/ubuntu/.venv/bin/python3 /home/ubuntu/apps/election-app/stats/1-change_header.py
Wrote: 2024_county_results_with_final.csv

$ /home/ubuntu/.venv/bin/python3 /home/ubuntu/apps/election-app/stats/1-cut-zero-fips.py
Wrote: 2024_county_results_with_final_1.csv
Rows before: 23
Rows after:  23
Dropped (fips == 0): 0

$ /home/ubuntu/.venv/bin/python3 /home/ubuntu/apps/election-app/stats/2-calc.py
Wrote 23 rows with calculations to /home/ubuntu/apps/election-app/win_prob/H/VA/06/_work/2024_county_results_with_calcs-old.csv

$ /home/ubuntu/.venv/bin/python3 /home/ubuntu/apps/election-app/stats/2-eevp.py
Wrote (no-op copy): 2024_county_results_with_calcs.csv
Columns:
 - timestamp
 - state
 - county
 - fips
 - trump_votes
 - harris_votes
 - other_votes
 - eevp
 - state_eevp
 - harris_votes_statewide
 - trump_votes_statewide
 - other_votes_statewide
 - final_state
 - final_county
 - final_fips
 - final_trump_votes
 - final_harris_votes
 - final_other_votes
 - harris_percent_snapshot
 - trump_percent_snapshot
 - margin_snapshot
 - harris_percent_final
 - trump_percent_final
 - margin_final
 - margin_difference
 - margin_difference_abs

$ /home/ubuntu/.venv/bin/python3 /home/ubuntu/apps/election-app/stats/3-calc-new.py
Wrote 23 rows with new columns to /home/ubuntu/apps/election-app/win_prob/H/VA/06/_work/2024_county_results_with_calcs_new.csv

$ /home/ubuntu/.venv/bin/python3 /home/ubuntu/apps/election-app/stats/4-stats.py
Reading 2024_county_results_with_calcs_new.csv...
Aggregating statewide totals...
Calculating percentages and margins...
Writing to output_statewide_stats.csv...
Done!
[2026-01-26 06:12:39] INFO: [PIPELINE] ENTER win-prob generation | states=['VA'] ts_list=['2024-11-05T15-30-22']

============================================================================
[01/1] STATE = VA
============================================================================

$ /home/ubuntu/.venv/bin/python3 /home/ubuntu/apps/election-app/stats/5-snapshots.py --state VA --input /home/ubuntu/apps/election-app/win_prob/H/VA/06/_work/output_statewide_stats.csv --output /home/ubuntu/apps/election-app/win_prob/H/VA/06/snapshots_VA.csv --start 2024-11-05T15-30-22 --end 2024-11-05T15-30-22 --use-window 1 --interval 30
Mode: windowed-one-state
Rows written: 23
Distinct states in output: VA
Rows per normalized timestamp (empty = unparseable):
  2024-11-05T15-30-22: 23
Wrote /home/ubuntu/apps/election-app/win_prob/H/VA/06/snapshots_VA.csv

$ /home/ubuntu/.venv/bin/python3 /home/ubuntu/apps/election-app/stats/6-pval.py /home/ubuntu/apps/election-app/win_prob/H/VA/06/snapshots_VA.csv -t /home/ubuntu/apps/election-app/stats/parameters.csv -o /home/ubuntu/apps/election-app/win_prob/H/VA/06/data_output_VA.csv -c 50
Done. Wrote: /home/ubuntu/apps/election-app/win_prob/H/VA/06/data_output_VA.csv
Total rows: 23 (chunked, resumable).
Computed columns for PVALS = [0.01, 0.1, 1, 2, 3, 5, 10, 15, 20, 25, 30, 35, 40, 45, 50, 55, 60, 65, 70, 75, 80, 85, 90, 95, 97, 98, 99, 99.9, 99.99]
Per p (leader): shift_{p}, margin_new_{p}, harris_percent_new_{p}, trump_percent_new_{p}, total_snapshot_{p}, total_expected_{p}, harris_votes_new_{p}, trump_votes_new_{p}
Per p (trailing): shift_trailing_{p}, margin_new_{p}_trailing, harris_percent_new_{p}_trailing, trump_percent_new_{p}_trailing, total_snapshot_{p}_trailing, total_expected_{p}_trailing, harris_votes_new_{p}_trailing, trump_votes_new_{p}_trailing
Checkpoint saved at: /home/ubuntu/apps/election-app/win_prob/H/VA/06/data_output_VA.csv.checkpoint.json

$ /home/ubuntu/.venv/bin/python3 /home/ubuntu/apps/election-app/stats/7-margin-new.py
Wrote data_output_with_margins_old.csv

$ /home/ubuntu/.venv/bin/python3 /home/ubuntu/apps/election-app/stats/7-eevp-statewide.py
Wrote data_output_with_margins.csv (copied from data_output_with_margins_old.csv)

$ /home/ubuntu/.venv/bin/python3 /home/ubuntu/apps/election-app/stats/7.py --input /home/ubuntu/apps/election-app/win_prob/H/VA/06/data_output_VA_with_margins_statewide_eevp.csv --output /home/ubuntu/apps/election-app/win_prob/H/VA/06/statewide_margin_pct_vs_percent_VA_2026.png --state VA --start 2024-11-05T15-30-22 --end 2024-11-05T15-30-22 --stats /home/ubuntu/apps/election-app/win_prob/H/VA/06/stats.csv --stats2 /home/ubuntu/apps/election-app/win_prob/H/VA/06/stats2.csv --interval 30 --year 2026 --jsonl /home/ubuntu/apps/election-app/win_prob/H/VA/06/plotdata_VA_2026_2026-01-26T06-12-30.jsonl
[info] evaluating 1 timestamps from 2024-11-05T15-30-22 to 2024-11-05T15-30-22 every 30 minutes
[saved] probs_timeseries_VA.csv  (1 points)
[saved] /home/ubuntu/apps/election-app/win_prob/H/VA/06/plotdata_VA_2026_2026-01-26T06-12-30.jsonl  (4 points)
[saved] /home/ubuntu/apps/election-app/win_prob/H/VA/06/statewide_margin_pct_vs_percent_VA_2026_box.json
[saved] /home/ubuntu/apps/election-app/win_prob/H/VA/06/statewide_margin_pct_vs_percent_VA_2026_box.png
[saved] /home/ubuntu/apps/election-app/win_prob/H/VA/06/statewide_margin_pct_vs_percent_VA_2026.png

All 50 states complete. See: /home/ubuntu/apps/election-app/win_prob/H/VA/06

$ /home/ubuntu/.venv/bin/python3 /home/ubuntu/apps/election-app/stats/8.py --root /home/ubuntu/apps/election-app/win_prob/H/VA/06/_work --outdir /home/ubuntu/apps/election-app/win_prob/H/VA/06
[info] root  = /home/ubuntu/apps/election-app/win_prob/H/VA/06/_work
[info] outdir= /home/ubuntu/apps/election-app/win_prob/H/VA/06
[deleted] /home/ubuntu/apps/election-app/win_prob/H/VA/06/_work/stats_with_statewide.csv
[deleted] /home/ubuntu/apps/election-app/win_prob/H/VA/06/_work/stats2_final_headers.csv
[deleted] /home/ubuntu/apps/election-app/win_prob/H/VA/06/_work/2024_county_results_with_final-old.csv
[deleted] /home/ubuntu/apps/election-app/win_prob/H/VA/06/_work/2024_county_results_with_final.csv
[deleted] /home/ubuntu/apps/election-app/win_prob/H/VA/06/_work/2024_county_results_with_final_1.csv
[deleted] /home/ubuntu/apps/election-app/win_prob/H/VA/06/_work/2024_county_results_with_calcs-old.csv
[deleted] /home/ubuntu/apps/election-app/win_prob/H/VA/06/_work/2024_county_results_with_calcs_new.csv
[deleted] /home/ubuntu/apps/election-app/win_prob/H/VA/06/_work/output_statewide_stats.csv
[skip]    /home/ubuntu/apps/election-app/win_prob/H/VA/06/_work/probs_timeseries_PA.csv
[deleted] /home/ubuntu/apps/election-app/win_prob/H/VA/06/_work/2024_county_results_with_calcs.csv
[skip]    /home/ubuntu/apps/election-app/win_prob/H/VA/06/data_output.csv
[skip]    /home/ubuntu/apps/election-app/win_prob/H/VA/06/data_output_with_margins_old.csv
[skip]    /home/ubuntu/apps/election-app/win_prob/H/VA/06/data_output_with_margins.csv
[skip]    /home/ubuntu/apps/election-app/win_prob/H/VA/06/data_output_with_margins-statewide.csv
[deleted] /home/ubuntu/apps/election-app/win_prob/H/VA/06/snapshots_VA.csv
[deleted] /home/ubuntu/apps/election-app/win_prob/H/VA/06/data_output_VA_with_margins.csv
[deleted] /home/ubuntu/apps/election-app/win_prob/H/VA/06/data_output_VA_with_margins_statewide_eevp.csv
[deleted] /home/ubuntu/apps/election-app/win_prob/H/VA/06/data_output_VA.csv
[deleted] /home/ubuntu/apps/election-app/win_prob/H/VA/06/data_output_VA.csv.checkpoint.json
[deleted] /home/ubuntu/apps/election-app/win_prob/H/VA/06/stats.csv
[deleted] /home/ubuntu/apps/election-app/win_prob/H/VA/06/stats2.csv
[done] removed 16 file(s)
[2026-02-04 16:44:16] INFO: [PIPELINE] args: office=H state=VA district=06
[2026-02-04 16:44:16] INFO: [PIPELINE] WINPROB_DIR resolved to: /home/ubuntu/apps/election-app/win_prob/H/VA/06
[2026-02-04 16:44:16] INFO: [PIPELINE] OUTDIR set to: /home/ubuntu/apps/election-app/win_prob/H/VA/06

$ /home/ubuntu/.venv/bin/python3 /home/ubuntu/apps/election-app/stats/1-statewide.py --input /home/ubuntu/apps/election-app/win_prob/H/VA/06/stats.csv --output /home/ubuntu/apps/election-app/win_prob/H/VA/06/_work/stats_with_statewide.csv
Wrote /home/ubuntu/apps/election-app/win_prob/H/VA/06/_work/stats_with_statewide.csv (rows=23)

$ /home/ubuntu/.venv/bin/python3 /home/ubuntu/apps/election-app/stats/1-stats-2.py --input /home/ubuntu/apps/election-app/win_prob/H/VA/06/stats2.csv --output /home/ubuntu/apps/election-app/win_prob/H/VA/06/_work/stats2_final_headers.csv
Wrote /home/ubuntu/apps/election-app/win_prob/H/VA/06/_work/stats2_final_headers.csv (rows=23)

$ /home/ubuntu/.venv/bin/python3 /home/ubuntu/apps/election-app/stats/1-append-new.py
Wrote 2024_county_results_with_final-old.csv (rows=23, missing_final_matches=0)

$ /home/ubuntu/.venv/bin/python3 /home/ubuntu/apps/election-app/stats/1-change_header.py
Wrote: 2024_county_results_with_final.csv

$ /home/ubuntu/.venv/bin/python3 /home/ubuntu/apps/election-app/stats/1-cut-zero-fips.py
Wrote: 2024_county_results_with_final_1.csv
Rows before: 23
Rows after:  23
Dropped (fips == 0): 0

$ /home/ubuntu/.venv/bin/python3 /home/ubuntu/apps/election-app/stats/2-calc.py
Wrote 23 rows with calculations to /home/ubuntu/apps/election-app/win_prob/H/VA/06/_work/2024_county_results_with_calcs-old.csv

$ /home/ubuntu/.venv/bin/python3 /home/ubuntu/apps/election-app/stats/2-eevp.py
Wrote (no-op copy): 2024_county_results_with_calcs.csv
Columns:
 - timestamp
 - state
 - county
 - fips
 - trump_votes
 - harris_votes
 - other_votes
 - eevp
 - state_eevp
 - harris_votes_statewide
 - trump_votes_statewide
 - other_votes_statewide
 - final_state
 - final_county
 - final_fips
 - final_trump_votes
 - final_harris_votes
 - final_other_votes
 - harris_percent_snapshot
 - trump_percent_snapshot
 - margin_snapshot
 - harris_percent_final
 - trump_percent_final
 - margin_final
 - margin_difference
 - margin_difference_abs

$ /home/ubuntu/.venv/bin/python3 /home/ubuntu/apps/election-app/stats/3-calc-new.py
Wrote 23 rows with new columns to /home/ubuntu/apps/election-app/win_prob/H/VA/06/_work/2024_county_results_with_calcs_new.csv

$ /home/ubuntu/.venv/bin/python3 /home/ubuntu/apps/election-app/stats/4-stats.py
Reading 2024_county_results_with_calcs_new.csv...
Aggregating statewide totals...
Calculating percentages and margins...
Writing to output_statewide_stats.csv...
Done!
[2026-02-04 16:44:25] INFO: [PIPELINE] ENTER win-prob generation | states=['VA'] ts_list=['2024-11-05T15-30-22']

============================================================================
[01/1] STATE = VA
============================================================================

$ /home/ubuntu/.venv/bin/python3 /home/ubuntu/apps/election-app/stats/5-snapshots.py --state VA --input /home/ubuntu/apps/election-app/win_prob/H/VA/06/_work/output_statewide_stats.csv --output /home/ubuntu/apps/election-app/win_prob/H/VA/06/snapshots_VA.csv --start 2024-11-05T15-30-22 --end 2024-11-05T15-30-22 --use-window 1 --interval 30
Mode: windowed-one-state
Rows written: 23
Distinct states in output: VA
Rows per normalized timestamp (empty = unparseable):
  2024-11-05T15-30-22: 23
Wrote /home/ubuntu/apps/election-app/win_prob/H/VA/06/snapshots_VA.csv

$ /home/ubuntu/.venv/bin/python3 /home/ubuntu/apps/election-app/stats/6-pval.py /home/ubuntu/apps/election-app/win_prob/H/VA/06/snapshots_VA.csv -t /home/ubuntu/apps/election-app/stats/parameters.csv -o /home/ubuntu/apps/election-app/win_prob/H/VA/06/data_output_VA.csv -c 50
Done. Wrote: /home/ubuntu/apps/election-app/win_prob/H/VA/06/data_output_VA.csv
Total rows: 23 (chunked, resumable).
Computed columns for PVALS = [0.01, 0.1, 1, 2, 3, 5, 10, 15, 20, 25, 30, 35, 40, 45, 50, 55, 60, 65, 70, 75, 80, 85, 90, 95, 97, 98, 99, 99.9, 99.99]
Per p (leader): shift_{p}, margin_new_{p}, harris_percent_new_{p}, trump_percent_new_{p}, total_snapshot_{p}, total_expected_{p}, harris_votes_new_{p}, trump_votes_new_{p}
Per p (trailing): shift_trailing_{p}, margin_new_{p}_trailing, harris_percent_new_{p}_trailing, trump_percent_new_{p}_trailing, total_snapshot_{p}_trailing, total_expected_{p}_trailing, harris_votes_new_{p}_trailing, trump_votes_new_{p}_trailing
Checkpoint saved at: /home/ubuntu/apps/election-app/win_prob/H/VA/06/data_output_VA.csv.checkpoint.json

$ /home/ubuntu/.venv/bin/python3 /home/ubuntu/apps/election-app/stats/7-margin-new.py
Wrote data_output_with_margins_old.csv

$ /home/ubuntu/.venv/bin/python3 /home/ubuntu/apps/election-app/stats/7-eevp-statewide.py
Wrote data_output_with_margins.csv (copied from data_output_with_margins_old.csv)

$ /home/ubuntu/.venv/bin/python3 /home/ubuntu/apps/election-app/stats/7.py --input /home/ubuntu/apps/election-app/win_prob/H/VA/06/data_output_VA_with_margins_statewide_eevp.csv --output /home/ubuntu/apps/election-app/win_prob/H/VA/06/statewide_margin_pct_vs_percent_VA_2026.png --state VA --start 2024-11-05T15-30-22 --end 2024-11-05T15-30-22 --stats /home/ubuntu/apps/election-app/win_prob/H/VA/06/stats.csv --stats2 /home/ubuntu/apps/election-app/win_prob/H/VA/06/stats2.csv --interval 30 --year 2026 --jsonl /home/ubuntu/apps/election-app/win_prob/H/VA/06/plotdata_VA_2026_2026-02-04T16-44-16.jsonl
[info] evaluating 1 timestamps from 2024-11-05T15-30-22 to 2024-11-05T15-30-22 every 30 minutes
[saved] probs_timeseries_VA.csv  (1 points)
[saved] /home/ubuntu/apps/election-app/win_prob/H/VA/06/plotdata_VA_2026_2026-02-04T16-44-16.jsonl  (4 points)
[saved] /home/ubuntu/apps/election-app/win_prob/H/VA/06/statewide_margin_pct_vs_percent_VA_2026_box.json
[saved] /home/ubuntu/apps/election-app/win_prob/H/VA/06/statewide_margin_pct_vs_percent_VA_2026_box.png
[saved] /home/ubuntu/apps/election-app/win_prob/H/VA/06/statewide_margin_pct_vs_percent_VA_2026.png

All 50 states complete. See: /home/ubuntu/apps/election-app/win_prob/H/VA/06

$ /home/ubuntu/.venv/bin/python3 /home/ubuntu/apps/election-app/stats/8.py --root /home/ubuntu/apps/election-app/win_prob/H/VA/06/_work --outdir /home/ubuntu/apps/election-app/win_prob/H/VA/06
[info] root  = /home/ubuntu/apps/election-app/win_prob/H/VA/06/_work
[info] outdir= /home/ubuntu/apps/election-app/win_prob/H/VA/06
[deleted] /home/ubuntu/apps/election-app/win_prob/H/VA/06/_work/stats_with_statewide.csv
[deleted] /home/ubuntu/apps/election-app/win_prob/H/VA/06/_work/stats2_final_headers.csv
[deleted] /home/ubuntu/apps/election-app/win_prob/H/VA/06/_work/2024_county_results_with_final-old.csv
[deleted] /home/ubuntu/apps/election-app/win_prob/H/VA/06/_work/2024_county_results_with_final.csv
[deleted] /home/ubuntu/apps/election-app/win_prob/H/VA/06/_work/2024_county_results_with_final_1.csv
[deleted] /home/ubuntu/apps/election-app/win_prob/H/VA/06/_work/2024_county_results_with_calcs-old.csv
[deleted] /home/ubuntu/apps/election-app/win_prob/H/VA/06/_work/2024_county_results_with_calcs_new.csv
[deleted] /home/ubuntu/apps/election-app/win_prob/H/VA/06/_work/output_statewide_stats.csv
[skip]    /home/ubuntu/apps/election-app/win_prob/H/VA/06/_work/probs_timeseries_PA.csv
[deleted] /home/ubuntu/apps/election-app/win_prob/H/VA/06/_work/2024_county_results_with_calcs.csv
[skip]    /home/ubuntu/apps/election-app/win_prob/H/VA/06/data_output.csv
[skip]    /home/ubuntu/apps/election-app/win_prob/H/VA/06/data_output_with_margins_old.csv
[skip]    /home/ubuntu/apps/election-app/win_prob/H/VA/06/data_output_with_margins.csv
[skip]    /home/ubuntu/apps/election-app/win_prob/H/VA/06/data_output_with_margins-statewide.csv
[deleted] /home/ubuntu/apps/election-app/win_prob/H/VA/06/snapshots_VA.csv
[deleted] /home/ubuntu/apps/election-app/win_prob/H/VA/06/data_output_VA_with_margins.csv
[deleted] /home/ubuntu/apps/election-app/win_prob/H/VA/06/data_output_VA_with_margins_statewide_eevp.csv
[deleted] /home/ubuntu/apps/election-app/win_prob/H/VA/06/data_output_VA.csv
[deleted] /home/ubuntu/apps/election-app/win_prob/H/VA/06/data_output_VA.csv.checkpoint.json
[deleted] /home/ubuntu/apps/election-app/win_prob/H/VA/06/stats.csv
[deleted] /home/ubuntu/apps/election-app/win_prob/H/VA/06/stats2.csv
[done] removed 16 file(s)
