[2026-01-23 06:38:29] INFO: [PIPELINE] args: office=P state=LA district=None
[2026-01-23 06:38:29] INFO: [PIPELINE] WINPROB_DIR resolved to: /home/ubuntu/apps/election-app/win_prob/P/LA
[2026-01-23 06:38:29] INFO: [PIPELINE] OUTDIR set to: /home/ubuntu/apps/election-app/win_prob/P/LA

$ /home/ubuntu/.venv/bin/python3 /home/ubuntu/apps/election-app/stats/1-statewide.py --input /home/ubuntu/apps/election-app/win_prob/P/LA/stats.csv --output /home/ubuntu/apps/election-app/win_prob/P/LA/_work/stats_with_statewide.csv
Wrote /home/ubuntu/apps/election-app/win_prob/P/LA/_work/stats_with_statewide.csv (rows=64)

$ /home/ubuntu/.venv/bin/python3 /home/ubuntu/apps/election-app/stats/1-stats-2.py --input /home/ubuntu/apps/election-app/win_prob/P/LA/stats2.csv --output /home/ubuntu/apps/election-app/win_prob/P/LA/_work/stats2_final_headers.csv
Wrote /home/ubuntu/apps/election-app/win_prob/P/LA/_work/stats2_final_headers.csv (rows=64)

$ /home/ubuntu/.venv/bin/python3 /home/ubuntu/apps/election-app/stats/1-append-new.py
Wrote 2024_county_results_with_final-old.csv (rows=64, missing_final_matches=0)

$ /home/ubuntu/.venv/bin/python3 /home/ubuntu/apps/election-app/stats/1-change_header.py
Wrote: 2024_county_results_with_final.csv

$ /home/ubuntu/.venv/bin/python3 /home/ubuntu/apps/election-app/stats/1-cut-zero-fips.py
Wrote: 2024_county_results_with_final_1.csv
Rows before: 64
Rows after:  64
Dropped (fips == 0): 0

$ /home/ubuntu/.venv/bin/python3 /home/ubuntu/apps/election-app/stats/2-calc.py
Wrote 64 rows with calculations to /home/ubuntu/apps/election-app/win_prob/P/LA/_work/2024_county_results_with_calcs-old.csv

$ /home/ubuntu/.venv/bin/python3 /home/ubuntu/apps/election-app/stats/2-eevp.py
Wrote (no-op copy): 2024_county_results_with_calcs.csv
Columns:
 - timestamp
 - state
 - county
 - fips
 - trump_votes
 - harris_votes
 - other_votes
 - eevp
 - state_eevp
 - harris_votes_statewide
 - trump_votes_statewide
 - other_votes_statewide
 - final_state
 - final_county
 - final_fips
 - final_trump_votes
 - final_harris_votes
 - final_other_votes
 - harris_percent_snapshot
 - trump_percent_snapshot
 - margin_snapshot
 - harris_percent_final
 - trump_percent_final
 - margin_final
 - margin_difference
 - margin_difference_abs

$ /home/ubuntu/.venv/bin/python3 /home/ubuntu/apps/election-app/stats/3-calc-new.py
Wrote 64 rows with new columns to /home/ubuntu/apps/election-app/win_prob/P/LA/_work/2024_county_results_with_calcs_new.csv

$ /home/ubuntu/.venv/bin/python3 /home/ubuntu/apps/election-app/stats/4-stats.py
Reading 2024_county_results_with_calcs_new.csv...
Aggregating statewide totals...
Calculating percentages and margins...
Writing to output_statewide_stats.csv...
Done!
[2026-01-23 06:38:38] INFO: [PIPELINE] ENTER win-prob generation | states=['LA'] ts_list=['2024-11-05T15-30-22']

============================================================================
[01/1] STATE = LA
============================================================================

$ /home/ubuntu/.venv/bin/python3 /home/ubuntu/apps/election-app/stats/5-snapshots.py --state LA --input /home/ubuntu/apps/election-app/win_prob/P/LA/_work/output_statewide_stats.csv --output /home/ubuntu/apps/election-app/win_prob/P/LA/snapshots_LA.csv --start 2024-11-05T15-30-22 --end 2024-11-05T15-30-22 --use-window 1 --interval 30
Mode: windowed-one-state
Rows written: 64
Distinct states in output: LA
Rows per normalized timestamp (empty = unparseable):
  2024-11-05T15-30-22: 64
Wrote /home/ubuntu/apps/election-app/win_prob/P/LA/snapshots_LA.csv

$ /home/ubuntu/.venv/bin/python3 /home/ubuntu/apps/election-app/stats/6-pval.py /home/ubuntu/apps/election-app/win_prob/P/LA/snapshots_LA.csv -t /home/ubuntu/apps/election-app/stats/parameters.csv -o /home/ubuntu/apps/election-app/win_prob/P/LA/data_output_LA.csv -c 50
Done. Wrote: /home/ubuntu/apps/election-app/win_prob/P/LA/data_output_LA.csv
Total rows: 64 (chunked, resumable).
Computed columns for PVALS = [0.01, 0.1, 1, 2, 3, 5, 10, 15, 20, 25, 30, 35, 40, 45, 50, 55, 60, 65, 70, 75, 80, 85, 90, 95, 97, 98, 99, 99.9, 99.99]
Per p (leader): shift_{p}, margin_new_{p}, harris_percent_new_{p}, trump_percent_new_{p}, total_snapshot_{p}, total_expected_{p}, harris_votes_new_{p}, trump_votes_new_{p}
Per p (trailing): shift_trailing_{p}, margin_new_{p}_trailing, harris_percent_new_{p}_trailing, trump_percent_new_{p}_trailing, total_snapshot_{p}_trailing, total_expected_{p}_trailing, harris_votes_new_{p}_trailing, trump_votes_new_{p}_trailing
Checkpoint saved at: /home/ubuntu/apps/election-app/win_prob/P/LA/data_output_LA.csv.checkpoint.json

$ /home/ubuntu/.venv/bin/python3 /home/ubuntu/apps/election-app/stats/7-margin-new.py
Wrote data_output_with_margins_old.csv

$ /home/ubuntu/.venv/bin/python3 /home/ubuntu/apps/election-app/stats/7-eevp-statewide.py
Wrote data_output_with_margins.csv (copied from data_output_with_margins_old.csv)

$ /home/ubuntu/.venv/bin/python3 /home/ubuntu/apps/election-app/stats/7.py --input /home/ubuntu/apps/election-app/win_prob/P/LA/data_output_LA_with_margins_statewide_eevp.csv --output /home/ubuntu/apps/election-app/win_prob/P/LA/statewide_margin_pct_vs_percent_LA_2026.png --state LA --start 2024-11-05T15-30-22 --end 2024-11-05T15-30-22 --stats /home/ubuntu/apps/election-app/win_prob/P/LA/stats.csv --stats2 /home/ubuntu/apps/election-app/win_prob/P/LA/stats2.csv --interval 30 --year 2026 --jsonl /home/ubuntu/apps/election-app/win_prob/P/LA/plotdata_LA_2026_2026-01-23T06-38-29.jsonl
[info] evaluating 1 timestamps from 2024-11-05T15-30-22 to 2024-11-05T15-30-22 every 30 minutes
[saved] probs_timeseries_LA.csv  (1 points)
[saved] /home/ubuntu/apps/election-app/win_prob/P/LA/plotdata_LA_2026_2026-01-23T06-38-29.jsonl  (0 points)
[saved] /home/ubuntu/apps/election-app/win_prob/P/LA/statewide_margin_pct_vs_percent_LA_2026_box.json
[saved] /home/ubuntu/apps/election-app/win_prob/P/LA/statewide_margin_pct_vs_percent_LA_2026_box.png
[saved] /home/ubuntu/apps/election-app/win_prob/P/LA/statewide_margin_pct_vs_percent_LA_2026.png

All 50 states complete. See: /home/ubuntu/apps/election-app/win_prob/P/LA

$ /home/ubuntu/.venv/bin/python3 /home/ubuntu/apps/election-app/stats/8.py --root /home/ubuntu/apps/election-app/win_prob/P/LA/_work --outdir /home/ubuntu/apps/election-app/win_prob/P/LA
[info] root  = /home/ubuntu/apps/election-app/win_prob/P/LA/_work
[info] outdir= /home/ubuntu/apps/election-app/win_prob/P/LA
[deleted] /home/ubuntu/apps/election-app/win_prob/P/LA/_work/stats_with_statewide.csv
[deleted] /home/ubuntu/apps/election-app/win_prob/P/LA/_work/stats2_final_headers.csv
[deleted] /home/ubuntu/apps/election-app/win_prob/P/LA/_work/2024_county_results_with_final-old.csv
[deleted] /home/ubuntu/apps/election-app/win_prob/P/LA/_work/2024_county_results_with_final.csv
[deleted] /home/ubuntu/apps/election-app/win_prob/P/LA/_work/2024_county_results_with_final_1.csv
[deleted] /home/ubuntu/apps/election-app/win_prob/P/LA/_work/2024_county_results_with_calcs-old.csv
[deleted] /home/ubuntu/apps/election-app/win_prob/P/LA/_work/2024_county_results_with_calcs_new.csv
[deleted] /home/ubuntu/apps/election-app/win_prob/P/LA/_work/output_statewide_stats.csv
[skip]    /home/ubuntu/apps/election-app/win_prob/P/LA/_work/probs_timeseries_PA.csv
[deleted] /home/ubuntu/apps/election-app/win_prob/P/LA/_work/2024_county_results_with_calcs.csv
[skip]    /home/ubuntu/apps/election-app/win_prob/P/LA/data_output.csv
[skip]    /home/ubuntu/apps/election-app/win_prob/P/LA/data_output_with_margins_old.csv
[skip]    /home/ubuntu/apps/election-app/win_prob/P/LA/data_output_with_margins.csv
[skip]    /home/ubuntu/apps/election-app/win_prob/P/LA/data_output_with_margins-statewide.csv
[deleted] /home/ubuntu/apps/election-app/win_prob/P/LA/snapshots_LA.csv
[deleted] /home/ubuntu/apps/election-app/win_prob/P/LA/data_output_LA.csv
[deleted] /home/ubuntu/apps/election-app/win_prob/P/LA/data_output_LA_with_margins.csv
[deleted] /home/ubuntu/apps/election-app/win_prob/P/LA/data_output_LA_with_margins_statewide_eevp.csv
[deleted] /home/ubuntu/apps/election-app/win_prob/P/LA/data_output_LA.csv.checkpoint.json
[deleted] /home/ubuntu/apps/election-app/win_prob/P/LA/stats.csv
[deleted] /home/ubuntu/apps/election-app/win_prob/P/LA/stats2.csv
[done] removed 16 file(s)
[2026-01-23 06:52:31] INFO: [PIPELINE] args: office=P state=LA district=None
[2026-01-23 06:52:31] INFO: [PIPELINE] WINPROB_DIR resolved to: /home/ubuntu/apps/election-app/win_prob/P/LA
[2026-01-23 06:52:31] INFO: [PIPELINE] OUTDIR set to: /home/ubuntu/apps/election-app/win_prob/P/LA

$ /home/ubuntu/.venv/bin/python3 /home/ubuntu/apps/election-app/stats/1-statewide.py --input /home/ubuntu/apps/election-app/win_prob/P/LA/stats.csv --output /home/ubuntu/apps/election-app/win_prob/P/LA/_work/stats_with_statewide.csv
Wrote /home/ubuntu/apps/election-app/win_prob/P/LA/_work/stats_with_statewide.csv (rows=64)

$ /home/ubuntu/.venv/bin/python3 /home/ubuntu/apps/election-app/stats/1-stats-2.py --input /home/ubuntu/apps/election-app/win_prob/P/LA/stats2.csv --output /home/ubuntu/apps/election-app/win_prob/P/LA/_work/stats2_final_headers.csv
Wrote /home/ubuntu/apps/election-app/win_prob/P/LA/_work/stats2_final_headers.csv (rows=64)

$ /home/ubuntu/.venv/bin/python3 /home/ubuntu/apps/election-app/stats/1-append-new.py
Wrote 2024_county_results_with_final-old.csv (rows=64, missing_final_matches=0)

$ /home/ubuntu/.venv/bin/python3 /home/ubuntu/apps/election-app/stats/1-change_header.py
Wrote: 2024_county_results_with_final.csv

$ /home/ubuntu/.venv/bin/python3 /home/ubuntu/apps/election-app/stats/1-cut-zero-fips.py
Wrote: 2024_county_results_with_final_1.csv
Rows before: 64
Rows after:  64
Dropped (fips == 0): 0

$ /home/ubuntu/.venv/bin/python3 /home/ubuntu/apps/election-app/stats/2-calc.py
Wrote 64 rows with calculations to /home/ubuntu/apps/election-app/win_prob/P/LA/_work/2024_county_results_with_calcs-old.csv

$ /home/ubuntu/.venv/bin/python3 /home/ubuntu/apps/election-app/stats/2-eevp.py
Wrote (no-op copy): 2024_county_results_with_calcs.csv
Columns:
 - timestamp
 - state
 - county
 - fips
 - trump_votes
 - harris_votes
 - other_votes
 - eevp
 - state_eevp
 - harris_votes_statewide
 - trump_votes_statewide
 - other_votes_statewide
 - final_state
 - final_county
 - final_fips
 - final_trump_votes
 - final_harris_votes
 - final_other_votes
 - harris_percent_snapshot
 - trump_percent_snapshot
 - margin_snapshot
 - harris_percent_final
 - trump_percent_final
 - margin_final
 - margin_difference
 - margin_difference_abs

$ /home/ubuntu/.venv/bin/python3 /home/ubuntu/apps/election-app/stats/3-calc-new.py
Wrote 64 rows with new columns to /home/ubuntu/apps/election-app/win_prob/P/LA/_work/2024_county_results_with_calcs_new.csv

$ /home/ubuntu/.venv/bin/python3 /home/ubuntu/apps/election-app/stats/4-stats.py
Reading 2024_county_results_with_calcs_new.csv...
Aggregating statewide totals...
Calculating percentages and margins...
Writing to output_statewide_stats.csv...
Done!
[2026-01-23 06:52:40] INFO: [PIPELINE] ENTER win-prob generation | states=['LA'] ts_list=['2024-11-05T15-30-22']

============================================================================
[01/1] STATE = LA
============================================================================

$ /home/ubuntu/.venv/bin/python3 /home/ubuntu/apps/election-app/stats/5-snapshots.py --state LA --input /home/ubuntu/apps/election-app/win_prob/P/LA/_work/output_statewide_stats.csv --output /home/ubuntu/apps/election-app/win_prob/P/LA/snapshots_LA.csv --start 2024-11-05T15-30-22 --end 2024-11-05T15-30-22 --use-window 1 --interval 30
Mode: windowed-one-state
Rows written: 64
Distinct states in output: LA
Rows per normalized timestamp (empty = unparseable):
  2024-11-05T15-30-22: 64
Wrote /home/ubuntu/apps/election-app/win_prob/P/LA/snapshots_LA.csv

$ /home/ubuntu/.venv/bin/python3 /home/ubuntu/apps/election-app/stats/6-pval.py /home/ubuntu/apps/election-app/win_prob/P/LA/snapshots_LA.csv -t /home/ubuntu/apps/election-app/stats/parameters.csv -o /home/ubuntu/apps/election-app/win_prob/P/LA/data_output_LA.csv -c 50
Done. Wrote: /home/ubuntu/apps/election-app/win_prob/P/LA/data_output_LA.csv
Total rows: 64 (chunked, resumable).
Computed columns for PVALS = [0.01, 0.1, 1, 2, 3, 5, 10, 15, 20, 25, 30, 35, 40, 45, 50, 55, 60, 65, 70, 75, 80, 85, 90, 95, 97, 98, 99, 99.9, 99.99]
Per p (leader): shift_{p}, margin_new_{p}, harris_percent_new_{p}, trump_percent_new_{p}, total_snapshot_{p}, total_expected_{p}, harris_votes_new_{p}, trump_votes_new_{p}
Per p (trailing): shift_trailing_{p}, margin_new_{p}_trailing, harris_percent_new_{p}_trailing, trump_percent_new_{p}_trailing, total_snapshot_{p}_trailing, total_expected_{p}_trailing, harris_votes_new_{p}_trailing, trump_votes_new_{p}_trailing
Checkpoint saved at: /home/ubuntu/apps/election-app/win_prob/P/LA/data_output_LA.csv.checkpoint.json

$ /home/ubuntu/.venv/bin/python3 /home/ubuntu/apps/election-app/stats/7-margin-new.py
Wrote data_output_with_margins_old.csv

$ /home/ubuntu/.venv/bin/python3 /home/ubuntu/apps/election-app/stats/7-eevp-statewide.py
Wrote data_output_with_margins.csv (copied from data_output_with_margins_old.csv)

$ /home/ubuntu/.venv/bin/python3 /home/ubuntu/apps/election-app/stats/7.py --input /home/ubuntu/apps/election-app/win_prob/P/LA/data_output_LA_with_margins_statewide_eevp.csv --output /home/ubuntu/apps/election-app/win_prob/P/LA/statewide_margin_pct_vs_percent_LA_2026.png --state LA --start 2024-11-05T15-30-22 --end 2024-11-05T15-30-22 --stats /home/ubuntu/apps/election-app/win_prob/P/LA/stats.csv --stats2 /home/ubuntu/apps/election-app/win_prob/P/LA/stats2.csv --interval 30 --year 2026 --jsonl /home/ubuntu/apps/election-app/win_prob/P/LA/plotdata_LA_2026_2026-01-23T06-52-31.jsonl
[info] evaluating 1 timestamps from 2024-11-05T15-30-22 to 2024-11-05T15-30-22 every 30 minutes
[saved] probs_timeseries_LA.csv  (1 points)
[saved] /home/ubuntu/apps/election-app/win_prob/P/LA/plotdata_LA_2026_2026-01-23T06-52-31.jsonl  (4 points)
[saved] /home/ubuntu/apps/election-app/win_prob/P/LA/statewide_margin_pct_vs_percent_LA_2026_box.json
[saved] /home/ubuntu/apps/election-app/win_prob/P/LA/statewide_margin_pct_vs_percent_LA_2026_box.png
[saved] /home/ubuntu/apps/election-app/win_prob/P/LA/statewide_margin_pct_vs_percent_LA_2026.png

All 50 states complete. See: /home/ubuntu/apps/election-app/win_prob/P/LA

$ /home/ubuntu/.venv/bin/python3 /home/ubuntu/apps/election-app/stats/8.py --root /home/ubuntu/apps/election-app/win_prob/P/LA/_work --outdir /home/ubuntu/apps/election-app/win_prob/P/LA
[info] root  = /home/ubuntu/apps/election-app/win_prob/P/LA/_work
[info] outdir= /home/ubuntu/apps/election-app/win_prob/P/LA
[deleted] /home/ubuntu/apps/election-app/win_prob/P/LA/_work/stats_with_statewide.csv
[deleted] /home/ubuntu/apps/election-app/win_prob/P/LA/_work/stats2_final_headers.csv
[deleted] /home/ubuntu/apps/election-app/win_prob/P/LA/_work/2024_county_results_with_final-old.csv
[deleted] /home/ubuntu/apps/election-app/win_prob/P/LA/_work/2024_county_results_with_final.csv
[deleted] /home/ubuntu/apps/election-app/win_prob/P/LA/_work/2024_county_results_with_final_1.csv
[deleted] /home/ubuntu/apps/election-app/win_prob/P/LA/_work/2024_county_results_with_calcs-old.csv
[deleted] /home/ubuntu/apps/election-app/win_prob/P/LA/_work/2024_county_results_with_calcs_new.csv
[deleted] /home/ubuntu/apps/election-app/win_prob/P/LA/_work/output_statewide_stats.csv
[skip]    /home/ubuntu/apps/election-app/win_prob/P/LA/_work/probs_timeseries_PA.csv
[deleted] /home/ubuntu/apps/election-app/win_prob/P/LA/_work/2024_county_results_with_calcs.csv
[skip]    /home/ubuntu/apps/election-app/win_prob/P/LA/data_output.csv
[skip]    /home/ubuntu/apps/election-app/win_prob/P/LA/data_output_with_margins_old.csv
[skip]    /home/ubuntu/apps/election-app/win_prob/P/LA/data_output_with_margins.csv
[skip]    /home/ubuntu/apps/election-app/win_prob/P/LA/data_output_with_margins-statewide.csv
[deleted] /home/ubuntu/apps/election-app/win_prob/P/LA/snapshots_LA.csv
[deleted] /home/ubuntu/apps/election-app/win_prob/P/LA/data_output_LA.csv
[deleted] /home/ubuntu/apps/election-app/win_prob/P/LA/data_output_LA_with_margins.csv
[deleted] /home/ubuntu/apps/election-app/win_prob/P/LA/data_output_LA_with_margins_statewide_eevp.csv
[deleted] /home/ubuntu/apps/election-app/win_prob/P/LA/data_output_LA.csv.checkpoint.json
[deleted] /home/ubuntu/apps/election-app/win_prob/P/LA/stats.csv
[deleted] /home/ubuntu/apps/election-app/win_prob/P/LA/stats2.csv
[done] removed 16 file(s)
[2026-01-23 06:59:32] INFO: [PIPELINE] args: office=P state=LA district=None
[2026-01-23 06:59:32] INFO: [PIPELINE] WINPROB_DIR resolved to: /home/ubuntu/apps/election-app/win_prob/P/LA
[2026-01-23 06:59:32] INFO: [PIPELINE] OUTDIR set to: /home/ubuntu/apps/election-app/win_prob/P/LA

$ /home/ubuntu/.venv/bin/python3 /home/ubuntu/apps/election-app/stats/1-statewide.py --input /home/ubuntu/apps/election-app/win_prob/P/LA/stats.csv --output /home/ubuntu/apps/election-app/win_prob/P/LA/_work/stats_with_statewide.csv
Wrote /home/ubuntu/apps/election-app/win_prob/P/LA/_work/stats_with_statewide.csv (rows=64)

$ /home/ubuntu/.venv/bin/python3 /home/ubuntu/apps/election-app/stats/1-stats-2.py --input /home/ubuntu/apps/election-app/win_prob/P/LA/stats2.csv --output /home/ubuntu/apps/election-app/win_prob/P/LA/_work/stats2_final_headers.csv
Wrote /home/ubuntu/apps/election-app/win_prob/P/LA/_work/stats2_final_headers.csv (rows=64)

$ /home/ubuntu/.venv/bin/python3 /home/ubuntu/apps/election-app/stats/1-append-new.py
Wrote 2024_county_results_with_final-old.csv (rows=64, missing_final_matches=0)

$ /home/ubuntu/.venv/bin/python3 /home/ubuntu/apps/election-app/stats/1-change_header.py
Wrote: 2024_county_results_with_final.csv

$ /home/ubuntu/.venv/bin/python3 /home/ubuntu/apps/election-app/stats/1-cut-zero-fips.py
Wrote: 2024_county_results_with_final_1.csv
Rows before: 64
Rows after:  64
Dropped (fips == 0): 0

$ /home/ubuntu/.venv/bin/python3 /home/ubuntu/apps/election-app/stats/2-calc.py
Wrote 64 rows with calculations to /home/ubuntu/apps/election-app/win_prob/P/LA/_work/2024_county_results_with_calcs-old.csv

$ /home/ubuntu/.venv/bin/python3 /home/ubuntu/apps/election-app/stats/2-eevp.py
Wrote (no-op copy): 2024_county_results_with_calcs.csv
Columns:
 - timestamp
 - state
 - county
 - fips
 - trump_votes
 - harris_votes
 - other_votes
 - eevp
 - state_eevp
 - harris_votes_statewide
 - trump_votes_statewide
 - other_votes_statewide
 - final_state
 - final_county
 - final_fips
 - final_trump_votes
 - final_harris_votes
 - final_other_votes
 - harris_percent_snapshot
 - trump_percent_snapshot
 - margin_snapshot
 - harris_percent_final
 - trump_percent_final
 - margin_final
 - margin_difference
 - margin_difference_abs

$ /home/ubuntu/.venv/bin/python3 /home/ubuntu/apps/election-app/stats/3-calc-new.py
Wrote 64 rows with new columns to /home/ubuntu/apps/election-app/win_prob/P/LA/_work/2024_county_results_with_calcs_new.csv

$ /home/ubuntu/.venv/bin/python3 /home/ubuntu/apps/election-app/stats/4-stats.py
Reading 2024_county_results_with_calcs_new.csv...
Aggregating statewide totals...
Calculating percentages and margins...
Writing to output_statewide_stats.csv...
Done!
[2026-01-23 06:59:40] INFO: [PIPELINE] ENTER win-prob generation | states=['LA'] ts_list=['2024-11-05T15-30-22']

============================================================================
[01/1] STATE = LA
============================================================================

$ /home/ubuntu/.venv/bin/python3 /home/ubuntu/apps/election-app/stats/5-snapshots.py --state LA --input /home/ubuntu/apps/election-app/win_prob/P/LA/_work/output_statewide_stats.csv --output /home/ubuntu/apps/election-app/win_prob/P/LA/snapshots_LA.csv --start 2024-11-05T15-30-22 --end 2024-11-05T15-30-22 --use-window 1 --interval 30
Mode: windowed-one-state
Rows written: 64
Distinct states in output: LA
Rows per normalized timestamp (empty = unparseable):
  2024-11-05T15-30-22: 64
Wrote /home/ubuntu/apps/election-app/win_prob/P/LA/snapshots_LA.csv

$ /home/ubuntu/.venv/bin/python3 /home/ubuntu/apps/election-app/stats/6-pval.py /home/ubuntu/apps/election-app/win_prob/P/LA/snapshots_LA.csv -t /home/ubuntu/apps/election-app/stats/parameters.csv -o /home/ubuntu/apps/election-app/win_prob/P/LA/data_output_LA.csv -c 50
Done. Wrote: /home/ubuntu/apps/election-app/win_prob/P/LA/data_output_LA.csv
Total rows: 64 (chunked, resumable).
Computed columns for PVALS = [0.01, 0.1, 1, 2, 3, 5, 10, 15, 20, 25, 30, 35, 40, 45, 50, 55, 60, 65, 70, 75, 80, 85, 90, 95, 97, 98, 99, 99.9, 99.99]
Per p (leader): shift_{p}, margin_new_{p}, harris_percent_new_{p}, trump_percent_new_{p}, total_snapshot_{p}, total_expected_{p}, harris_votes_new_{p}, trump_votes_new_{p}
Per p (trailing): shift_trailing_{p}, margin_new_{p}_trailing, harris_percent_new_{p}_trailing, trump_percent_new_{p}_trailing, total_snapshot_{p}_trailing, total_expected_{p}_trailing, harris_votes_new_{p}_trailing, trump_votes_new_{p}_trailing
Checkpoint saved at: /home/ubuntu/apps/election-app/win_prob/P/LA/data_output_LA.csv.checkpoint.json

$ /home/ubuntu/.venv/bin/python3 /home/ubuntu/apps/election-app/stats/7-margin-new.py
Wrote data_output_with_margins_old.csv

$ /home/ubuntu/.venv/bin/python3 /home/ubuntu/apps/election-app/stats/7-eevp-statewide.py
Wrote data_output_with_margins.csv (copied from data_output_with_margins_old.csv)

$ /home/ubuntu/.venv/bin/python3 /home/ubuntu/apps/election-app/stats/7.py --input /home/ubuntu/apps/election-app/win_prob/P/LA/data_output_LA_with_margins_statewide_eevp.csv --output /home/ubuntu/apps/election-app/win_prob/P/LA/statewide_margin_pct_vs_percent_LA_2026.png --state LA --start 2024-11-05T15-30-22 --end 2024-11-05T15-30-22 --stats /home/ubuntu/apps/election-app/win_prob/P/LA/stats.csv --stats2 /home/ubuntu/apps/election-app/win_prob/P/LA/stats2.csv --interval 30 --year 2026 --jsonl /home/ubuntu/apps/election-app/win_prob/P/LA/plotdata_LA_2026_2026-01-23T06-59-32.jsonl
[info] evaluating 1 timestamps from 2024-11-05T15-30-22 to 2024-11-05T15-30-22 every 30 minutes
[saved] probs_timeseries_LA.csv  (1 points)
[saved] /home/ubuntu/apps/election-app/win_prob/P/LA/plotdata_LA_2026_2026-01-23T06-59-32.jsonl  (4 points)
[saved] /home/ubuntu/apps/election-app/win_prob/P/LA/statewide_margin_pct_vs_percent_LA_2026_box.json
[saved] /home/ubuntu/apps/election-app/win_prob/P/LA/statewide_margin_pct_vs_percent_LA_2026_box.png
[saved] /home/ubuntu/apps/election-app/win_prob/P/LA/statewide_margin_pct_vs_percent_LA_2026.png

All 50 states complete. See: /home/ubuntu/apps/election-app/win_prob/P/LA

$ /home/ubuntu/.venv/bin/python3 /home/ubuntu/apps/election-app/stats/8.py --root /home/ubuntu/apps/election-app/win_prob/P/LA/_work --outdir /home/ubuntu/apps/election-app/win_prob/P/LA
[info] root  = /home/ubuntu/apps/election-app/win_prob/P/LA/_work
[info] outdir= /home/ubuntu/apps/election-app/win_prob/P/LA
[deleted] /home/ubuntu/apps/election-app/win_prob/P/LA/_work/stats_with_statewide.csv
[deleted] /home/ubuntu/apps/election-app/win_prob/P/LA/_work/stats2_final_headers.csv
[deleted] /home/ubuntu/apps/election-app/win_prob/P/LA/_work/2024_county_results_with_final-old.csv
[deleted] /home/ubuntu/apps/election-app/win_prob/P/LA/_work/2024_county_results_with_final.csv
[deleted] /home/ubuntu/apps/election-app/win_prob/P/LA/_work/2024_county_results_with_final_1.csv
[deleted] /home/ubuntu/apps/election-app/win_prob/P/LA/_work/2024_county_results_with_calcs-old.csv
[deleted] /home/ubuntu/apps/election-app/win_prob/P/LA/_work/2024_county_results_with_calcs_new.csv
[deleted] /home/ubuntu/apps/election-app/win_prob/P/LA/_work/output_statewide_stats.csv
[skip]    /home/ubuntu/apps/election-app/win_prob/P/LA/_work/probs_timeseries_PA.csv
[deleted] /home/ubuntu/apps/election-app/win_prob/P/LA/_work/2024_county_results_with_calcs.csv
[skip]    /home/ubuntu/apps/election-app/win_prob/P/LA/data_output.csv
[skip]    /home/ubuntu/apps/election-app/win_prob/P/LA/data_output_with_margins_old.csv
[skip]    /home/ubuntu/apps/election-app/win_prob/P/LA/data_output_with_margins.csv
[skip]    /home/ubuntu/apps/election-app/win_prob/P/LA/data_output_with_margins-statewide.csv
[deleted] /home/ubuntu/apps/election-app/win_prob/P/LA/snapshots_LA.csv
[deleted] /home/ubuntu/apps/election-app/win_prob/P/LA/data_output_LA.csv
[deleted] /home/ubuntu/apps/election-app/win_prob/P/LA/data_output_LA_with_margins.csv
[deleted] /home/ubuntu/apps/election-app/win_prob/P/LA/data_output_LA_with_margins_statewide_eevp.csv
[deleted] /home/ubuntu/apps/election-app/win_prob/P/LA/data_output_LA.csv.checkpoint.json
[deleted] /home/ubuntu/apps/election-app/win_prob/P/LA/stats.csv
[deleted] /home/ubuntu/apps/election-app/win_prob/P/LA/stats2.csv
[done] removed 16 file(s)
[2026-01-23 07:06:32] INFO: [PIPELINE] args: office=P state=LA district=None
[2026-01-23 07:06:32] INFO: [PIPELINE] WINPROB_DIR resolved to: /home/ubuntu/apps/election-app/win_prob/P/LA
[2026-01-23 07:06:32] INFO: [PIPELINE] OUTDIR set to: /home/ubuntu/apps/election-app/win_prob/P/LA

$ /home/ubuntu/.venv/bin/python3 /home/ubuntu/apps/election-app/stats/1-statewide.py --input /home/ubuntu/apps/election-app/win_prob/P/LA/stats.csv --output /home/ubuntu/apps/election-app/win_prob/P/LA/_work/stats_with_statewide.csv
Wrote /home/ubuntu/apps/election-app/win_prob/P/LA/_work/stats_with_statewide.csv (rows=64)

$ /home/ubuntu/.venv/bin/python3 /home/ubuntu/apps/election-app/stats/1-stats-2.py --input /home/ubuntu/apps/election-app/win_prob/P/LA/stats2.csv --output /home/ubuntu/apps/election-app/win_prob/P/LA/_work/stats2_final_headers.csv
Wrote /home/ubuntu/apps/election-app/win_prob/P/LA/_work/stats2_final_headers.csv (rows=64)

$ /home/ubuntu/.venv/bin/python3 /home/ubuntu/apps/election-app/stats/1-append-new.py
Wrote 2024_county_results_with_final-old.csv (rows=64, missing_final_matches=0)

$ /home/ubuntu/.venv/bin/python3 /home/ubuntu/apps/election-app/stats/1-change_header.py
Wrote: 2024_county_results_with_final.csv

$ /home/ubuntu/.venv/bin/python3 /home/ubuntu/apps/election-app/stats/1-cut-zero-fips.py
Wrote: 2024_county_results_with_final_1.csv
Rows before: 64
Rows after:  64
Dropped (fips == 0): 0

$ /home/ubuntu/.venv/bin/python3 /home/ubuntu/apps/election-app/stats/2-calc.py
Wrote 64 rows with calculations to /home/ubuntu/apps/election-app/win_prob/P/LA/_work/2024_county_results_with_calcs-old.csv

$ /home/ubuntu/.venv/bin/python3 /home/ubuntu/apps/election-app/stats/2-eevp.py
Wrote (no-op copy): 2024_county_results_with_calcs.csv
Columns:
 - timestamp
 - state
 - county
 - fips
 - trump_votes
 - harris_votes
 - other_votes
 - eevp
 - state_eevp
 - harris_votes_statewide
 - trump_votes_statewide
 - other_votes_statewide
 - final_state
 - final_county
 - final_fips
 - final_trump_votes
 - final_harris_votes
 - final_other_votes
 - harris_percent_snapshot
 - trump_percent_snapshot
 - margin_snapshot
 - harris_percent_final
 - trump_percent_final
 - margin_final
 - margin_difference
 - margin_difference_abs

$ /home/ubuntu/.venv/bin/python3 /home/ubuntu/apps/election-app/stats/3-calc-new.py
Wrote 64 rows with new columns to /home/ubuntu/apps/election-app/win_prob/P/LA/_work/2024_county_results_with_calcs_new.csv

$ /home/ubuntu/.venv/bin/python3 /home/ubuntu/apps/election-app/stats/4-stats.py
Reading 2024_county_results_with_calcs_new.csv...
Aggregating statewide totals...
Calculating percentages and margins...
Writing to output_statewide_stats.csv...
Done!
[2026-01-23 07:06:41] INFO: [PIPELINE] ENTER win-prob generation | states=['LA'] ts_list=['2024-11-05T15-30-22']

============================================================================
[01/1] STATE = LA
============================================================================

$ /home/ubuntu/.venv/bin/python3 /home/ubuntu/apps/election-app/stats/5-snapshots.py --state LA --input /home/ubuntu/apps/election-app/win_prob/P/LA/_work/output_statewide_stats.csv --output /home/ubuntu/apps/election-app/win_prob/P/LA/snapshots_LA.csv --start 2024-11-05T15-30-22 --end 2024-11-05T15-30-22 --use-window 1 --interval 30
Mode: windowed-one-state
Rows written: 64
Distinct states in output: LA
Rows per normalized timestamp (empty = unparseable):
  2024-11-05T15-30-22: 64
Wrote /home/ubuntu/apps/election-app/win_prob/P/LA/snapshots_LA.csv

$ /home/ubuntu/.venv/bin/python3 /home/ubuntu/apps/election-app/stats/6-pval.py /home/ubuntu/apps/election-app/win_prob/P/LA/snapshots_LA.csv -t /home/ubuntu/apps/election-app/stats/parameters.csv -o /home/ubuntu/apps/election-app/win_prob/P/LA/data_output_LA.csv -c 50
Done. Wrote: /home/ubuntu/apps/election-app/win_prob/P/LA/data_output_LA.csv
Total rows: 64 (chunked, resumable).
Computed columns for PVALS = [0.01, 0.1, 1, 2, 3, 5, 10, 15, 20, 25, 30, 35, 40, 45, 50, 55, 60, 65, 70, 75, 80, 85, 90, 95, 97, 98, 99, 99.9, 99.99]
Per p (leader): shift_{p}, margin_new_{p}, harris_percent_new_{p}, trump_percent_new_{p}, total_snapshot_{p}, total_expected_{p}, harris_votes_new_{p}, trump_votes_new_{p}
Per p (trailing): shift_trailing_{p}, margin_new_{p}_trailing, harris_percent_new_{p}_trailing, trump_percent_new_{p}_trailing, total_snapshot_{p}_trailing, total_expected_{p}_trailing, harris_votes_new_{p}_trailing, trump_votes_new_{p}_trailing
Checkpoint saved at: /home/ubuntu/apps/election-app/win_prob/P/LA/data_output_LA.csv.checkpoint.json

$ /home/ubuntu/.venv/bin/python3 /home/ubuntu/apps/election-app/stats/7-margin-new.py
Wrote data_output_with_margins_old.csv

$ /home/ubuntu/.venv/bin/python3 /home/ubuntu/apps/election-app/stats/7-eevp-statewide.py
Wrote data_output_with_margins.csv (copied from data_output_with_margins_old.csv)

$ /home/ubuntu/.venv/bin/python3 /home/ubuntu/apps/election-app/stats/7.py --input /home/ubuntu/apps/election-app/win_prob/P/LA/data_output_LA_with_margins_statewide_eevp.csv --output /home/ubuntu/apps/election-app/win_prob/P/LA/statewide_margin_pct_vs_percent_LA_2026.png --state LA --start 2024-11-05T15-30-22 --end 2024-11-05T15-30-22 --stats /home/ubuntu/apps/election-app/win_prob/P/LA/stats.csv --stats2 /home/ubuntu/apps/election-app/win_prob/P/LA/stats2.csv --interval 30 --year 2026 --jsonl /home/ubuntu/apps/election-app/win_prob/P/LA/plotdata_LA_2026_2026-01-23T07-06-32.jsonl
[info] evaluating 1 timestamps from 2024-11-05T15-30-22 to 2024-11-05T15-30-22 every 30 minutes
[saved] probs_timeseries_LA.csv  (1 points)
[saved] /home/ubuntu/apps/election-app/win_prob/P/LA/plotdata_LA_2026_2026-01-23T07-06-32.jsonl  (4 points)
[saved] /home/ubuntu/apps/election-app/win_prob/P/LA/statewide_margin_pct_vs_percent_LA_2026_box.json
[saved] /home/ubuntu/apps/election-app/win_prob/P/LA/statewide_margin_pct_vs_percent_LA_2026_box.png
[saved] /home/ubuntu/apps/election-app/win_prob/P/LA/statewide_margin_pct_vs_percent_LA_2026.png

All 50 states complete. See: /home/ubuntu/apps/election-app/win_prob/P/LA

$ /home/ubuntu/.venv/bin/python3 /home/ubuntu/apps/election-app/stats/8.py --root /home/ubuntu/apps/election-app/win_prob/P/LA/_work --outdir /home/ubuntu/apps/election-app/win_prob/P/LA
[info] root  = /home/ubuntu/apps/election-app/win_prob/P/LA/_work
[info] outdir= /home/ubuntu/apps/election-app/win_prob/P/LA
[deleted] /home/ubuntu/apps/election-app/win_prob/P/LA/_work/stats_with_statewide.csv
[deleted] /home/ubuntu/apps/election-app/win_prob/P/LA/_work/stats2_final_headers.csv
[deleted] /home/ubuntu/apps/election-app/win_prob/P/LA/_work/2024_county_results_with_final-old.csv
[deleted] /home/ubuntu/apps/election-app/win_prob/P/LA/_work/2024_county_results_with_final.csv
[deleted] /home/ubuntu/apps/election-app/win_prob/P/LA/_work/2024_county_results_with_final_1.csv
[deleted] /home/ubuntu/apps/election-app/win_prob/P/LA/_work/2024_county_results_with_calcs-old.csv
[deleted] /home/ubuntu/apps/election-app/win_prob/P/LA/_work/2024_county_results_with_calcs_new.csv
[deleted] /home/ubuntu/apps/election-app/win_prob/P/LA/_work/output_statewide_stats.csv
[skip]    /home/ubuntu/apps/election-app/win_prob/P/LA/_work/probs_timeseries_PA.csv
[deleted] /home/ubuntu/apps/election-app/win_prob/P/LA/_work/2024_county_results_with_calcs.csv
[skip]    /home/ubuntu/apps/election-app/win_prob/P/LA/data_output.csv
[skip]    /home/ubuntu/apps/election-app/win_prob/P/LA/data_output_with_margins_old.csv
[skip]    /home/ubuntu/apps/election-app/win_prob/P/LA/data_output_with_margins.csv
[skip]    /home/ubuntu/apps/election-app/win_prob/P/LA/data_output_with_margins-statewide.csv
[deleted] /home/ubuntu/apps/election-app/win_prob/P/LA/snapshots_LA.csv
[deleted] /home/ubuntu/apps/election-app/win_prob/P/LA/data_output_LA.csv
[deleted] /home/ubuntu/apps/election-app/win_prob/P/LA/data_output_LA_with_margins.csv
[deleted] /home/ubuntu/apps/election-app/win_prob/P/LA/data_output_LA_with_margins_statewide_eevp.csv
[deleted] /home/ubuntu/apps/election-app/win_prob/P/LA/data_output_LA.csv.checkpoint.json
[deleted] /home/ubuntu/apps/election-app/win_prob/P/LA/stats.csv
[deleted] /home/ubuntu/apps/election-app/win_prob/P/LA/stats2.csv
[done] removed 16 file(s)
[2026-01-23 07:13:33] INFO: [PIPELINE] args: office=P state=LA district=None
[2026-01-23 07:13:33] INFO: [PIPELINE] WINPROB_DIR resolved to: /home/ubuntu/apps/election-app/win_prob/P/LA
[2026-01-23 07:13:33] INFO: [PIPELINE] OUTDIR set to: /home/ubuntu/apps/election-app/win_prob/P/LA

$ /home/ubuntu/.venv/bin/python3 /home/ubuntu/apps/election-app/stats/1-statewide.py --input /home/ubuntu/apps/election-app/win_prob/P/LA/stats.csv --output /home/ubuntu/apps/election-app/win_prob/P/LA/_work/stats_with_statewide.csv
Wrote /home/ubuntu/apps/election-app/win_prob/P/LA/_work/stats_with_statewide.csv (rows=64)

$ /home/ubuntu/.venv/bin/python3 /home/ubuntu/apps/election-app/stats/1-stats-2.py --input /home/ubuntu/apps/election-app/win_prob/P/LA/stats2.csv --output /home/ubuntu/apps/election-app/win_prob/P/LA/_work/stats2_final_headers.csv
Wrote /home/ubuntu/apps/election-app/win_prob/P/LA/_work/stats2_final_headers.csv (rows=64)

$ /home/ubuntu/.venv/bin/python3 /home/ubuntu/apps/election-app/stats/1-append-new.py
Wrote 2024_county_results_with_final-old.csv (rows=64, missing_final_matches=0)

$ /home/ubuntu/.venv/bin/python3 /home/ubuntu/apps/election-app/stats/1-change_header.py
Wrote: 2024_county_results_with_final.csv

$ /home/ubuntu/.venv/bin/python3 /home/ubuntu/apps/election-app/stats/1-cut-zero-fips.py
Wrote: 2024_county_results_with_final_1.csv
Rows before: 64
Rows after:  64
Dropped (fips == 0): 0

$ /home/ubuntu/.venv/bin/python3 /home/ubuntu/apps/election-app/stats/2-calc.py
Wrote 64 rows with calculations to /home/ubuntu/apps/election-app/win_prob/P/LA/_work/2024_county_results_with_calcs-old.csv

$ /home/ubuntu/.venv/bin/python3 /home/ubuntu/apps/election-app/stats/2-eevp.py
Wrote (no-op copy): 2024_county_results_with_calcs.csv
Columns:
 - timestamp
 - state
 - county
 - fips
 - trump_votes
 - harris_votes
 - other_votes
 - eevp
 - state_eevp
 - harris_votes_statewide
 - trump_votes_statewide
 - other_votes_statewide
 - final_state
 - final_county
 - final_fips
 - final_trump_votes
 - final_harris_votes
 - final_other_votes
 - harris_percent_snapshot
 - trump_percent_snapshot
 - margin_snapshot
 - harris_percent_final
 - trump_percent_final
 - margin_final
 - margin_difference
 - margin_difference_abs

$ /home/ubuntu/.venv/bin/python3 /home/ubuntu/apps/election-app/stats/3-calc-new.py
Wrote 64 rows with new columns to /home/ubuntu/apps/election-app/win_prob/P/LA/_work/2024_county_results_with_calcs_new.csv

$ /home/ubuntu/.venv/bin/python3 /home/ubuntu/apps/election-app/stats/4-stats.py
Reading 2024_county_results_with_calcs_new.csv...
Aggregating statewide totals...
Calculating percentages and margins...
Writing to output_statewide_stats.csv...
Done!
[2026-01-23 07:13:42] INFO: [PIPELINE] ENTER win-prob generation | states=['LA'] ts_list=['2024-11-05T15-30-22']

============================================================================
[01/1] STATE = LA
============================================================================

$ /home/ubuntu/.venv/bin/python3 /home/ubuntu/apps/election-app/stats/5-snapshots.py --state LA --input /home/ubuntu/apps/election-app/win_prob/P/LA/_work/output_statewide_stats.csv --output /home/ubuntu/apps/election-app/win_prob/P/LA/snapshots_LA.csv --start 2024-11-05T15-30-22 --end 2024-11-05T15-30-22 --use-window 1 --interval 30
Mode: windowed-one-state
Rows written: 64
Distinct states in output: LA
Rows per normalized timestamp (empty = unparseable):
  2024-11-05T15-30-22: 64
Wrote /home/ubuntu/apps/election-app/win_prob/P/LA/snapshots_LA.csv

$ /home/ubuntu/.venv/bin/python3 /home/ubuntu/apps/election-app/stats/6-pval.py /home/ubuntu/apps/election-app/win_prob/P/LA/snapshots_LA.csv -t /home/ubuntu/apps/election-app/stats/parameters.csv -o /home/ubuntu/apps/election-app/win_prob/P/LA/data_output_LA.csv -c 50
Done. Wrote: /home/ubuntu/apps/election-app/win_prob/P/LA/data_output_LA.csv
Total rows: 64 (chunked, resumable).
Computed columns for PVALS = [0.01, 0.1, 1, 2, 3, 5, 10, 15, 20, 25, 30, 35, 40, 45, 50, 55, 60, 65, 70, 75, 80, 85, 90, 95, 97, 98, 99, 99.9, 99.99]
Per p (leader): shift_{p}, margin_new_{p}, harris_percent_new_{p}, trump_percent_new_{p}, total_snapshot_{p}, total_expected_{p}, harris_votes_new_{p}, trump_votes_new_{p}
Per p (trailing): shift_trailing_{p}, margin_new_{p}_trailing, harris_percent_new_{p}_trailing, trump_percent_new_{p}_trailing, total_snapshot_{p}_trailing, total_expected_{p}_trailing, harris_votes_new_{p}_trailing, trump_votes_new_{p}_trailing
Checkpoint saved at: /home/ubuntu/apps/election-app/win_prob/P/LA/data_output_LA.csv.checkpoint.json

$ /home/ubuntu/.venv/bin/python3 /home/ubuntu/apps/election-app/stats/7-margin-new.py
Wrote data_output_with_margins_old.csv

$ /home/ubuntu/.venv/bin/python3 /home/ubuntu/apps/election-app/stats/7-eevp-statewide.py
Wrote data_output_with_margins.csv (copied from data_output_with_margins_old.csv)

$ /home/ubuntu/.venv/bin/python3 /home/ubuntu/apps/election-app/stats/7.py --input /home/ubuntu/apps/election-app/win_prob/P/LA/data_output_LA_with_margins_statewide_eevp.csv --output /home/ubuntu/apps/election-app/win_prob/P/LA/statewide_margin_pct_vs_percent_LA_2026.png --state LA --start 2024-11-05T15-30-22 --end 2024-11-05T15-30-22 --stats /home/ubuntu/apps/election-app/win_prob/P/LA/stats.csv --stats2 /home/ubuntu/apps/election-app/win_prob/P/LA/stats2.csv --interval 30 --year 2026 --jsonl /home/ubuntu/apps/election-app/win_prob/P/LA/plotdata_LA_2026_2026-01-23T07-13-33.jsonl
[info] evaluating 1 timestamps from 2024-11-05T15-30-22 to 2024-11-05T15-30-22 every 30 minutes
[saved] probs_timeseries_LA.csv  (1 points)
[saved] /home/ubuntu/apps/election-app/win_prob/P/LA/plotdata_LA_2026_2026-01-23T07-13-33.jsonl  (4 points)
[saved] /home/ubuntu/apps/election-app/win_prob/P/LA/statewide_margin_pct_vs_percent_LA_2026_box.json
[saved] /home/ubuntu/apps/election-app/win_prob/P/LA/statewide_margin_pct_vs_percent_LA_2026_box.png
[saved] /home/ubuntu/apps/election-app/win_prob/P/LA/statewide_margin_pct_vs_percent_LA_2026.png

All 50 states complete. See: /home/ubuntu/apps/election-app/win_prob/P/LA

$ /home/ubuntu/.venv/bin/python3 /home/ubuntu/apps/election-app/stats/8.py --root /home/ubuntu/apps/election-app/win_prob/P/LA/_work --outdir /home/ubuntu/apps/election-app/win_prob/P/LA
[info] root  = /home/ubuntu/apps/election-app/win_prob/P/LA/_work
[info] outdir= /home/ubuntu/apps/election-app/win_prob/P/LA
[deleted] /home/ubuntu/apps/election-app/win_prob/P/LA/_work/stats_with_statewide.csv
[deleted] /home/ubuntu/apps/election-app/win_prob/P/LA/_work/stats2_final_headers.csv
[deleted] /home/ubuntu/apps/election-app/win_prob/P/LA/_work/2024_county_results_with_final-old.csv
[deleted] /home/ubuntu/apps/election-app/win_prob/P/LA/_work/2024_county_results_with_final.csv
[deleted] /home/ubuntu/apps/election-app/win_prob/P/LA/_work/2024_county_results_with_final_1.csv
[deleted] /home/ubuntu/apps/election-app/win_prob/P/LA/_work/2024_county_results_with_calcs-old.csv
[deleted] /home/ubuntu/apps/election-app/win_prob/P/LA/_work/2024_county_results_with_calcs_new.csv
[deleted] /home/ubuntu/apps/election-app/win_prob/P/LA/_work/output_statewide_stats.csv
[skip]    /home/ubuntu/apps/election-app/win_prob/P/LA/_work/probs_timeseries_PA.csv
[deleted] /home/ubuntu/apps/election-app/win_prob/P/LA/_work/2024_county_results_with_calcs.csv
[skip]    /home/ubuntu/apps/election-app/win_prob/P/LA/data_output.csv
[skip]    /home/ubuntu/apps/election-app/win_prob/P/LA/data_output_with_margins_old.csv
[skip]    /home/ubuntu/apps/election-app/win_prob/P/LA/data_output_with_margins.csv
[skip]    /home/ubuntu/apps/election-app/win_prob/P/LA/data_output_with_margins-statewide.csv
[deleted] /home/ubuntu/apps/election-app/win_prob/P/LA/snapshots_LA.csv
[deleted] /home/ubuntu/apps/election-app/win_prob/P/LA/data_output_LA.csv
[deleted] /home/ubuntu/apps/election-app/win_prob/P/LA/data_output_LA_with_margins.csv
[deleted] /home/ubuntu/apps/election-app/win_prob/P/LA/data_output_LA_with_margins_statewide_eevp.csv
[deleted] /home/ubuntu/apps/election-app/win_prob/P/LA/data_output_LA.csv.checkpoint.json
[deleted] /home/ubuntu/apps/election-app/win_prob/P/LA/stats.csv
[deleted] /home/ubuntu/apps/election-app/win_prob/P/LA/stats2.csv
[done] removed 16 file(s)
[2026-01-23 07:27:34] INFO: [PIPELINE] args: office=P state=LA district=None
[2026-01-23 07:27:34] INFO: [PIPELINE] WINPROB_DIR resolved to: /home/ubuntu/apps/election-app/win_prob/P/LA
[2026-01-23 07:27:34] INFO: [PIPELINE] OUTDIR set to: /home/ubuntu/apps/election-app/win_prob/P/LA

$ /home/ubuntu/.venv/bin/python3 /home/ubuntu/apps/election-app/stats/1-statewide.py --input /home/ubuntu/apps/election-app/win_prob/P/LA/stats.csv --output /home/ubuntu/apps/election-app/win_prob/P/LA/_work/stats_with_statewide.csv
Wrote /home/ubuntu/apps/election-app/win_prob/P/LA/_work/stats_with_statewide.csv (rows=64)

$ /home/ubuntu/.venv/bin/python3 /home/ubuntu/apps/election-app/stats/1-stats-2.py --input /home/ubuntu/apps/election-app/win_prob/P/LA/stats2.csv --output /home/ubuntu/apps/election-app/win_prob/P/LA/_work/stats2_final_headers.csv
Wrote /home/ubuntu/apps/election-app/win_prob/P/LA/_work/stats2_final_headers.csv (rows=64)

$ /home/ubuntu/.venv/bin/python3 /home/ubuntu/apps/election-app/stats/1-append-new.py
Wrote 2024_county_results_with_final-old.csv (rows=64, missing_final_matches=0)

$ /home/ubuntu/.venv/bin/python3 /home/ubuntu/apps/election-app/stats/1-change_header.py
Wrote: 2024_county_results_with_final.csv

$ /home/ubuntu/.venv/bin/python3 /home/ubuntu/apps/election-app/stats/1-cut-zero-fips.py
Wrote: 2024_county_results_with_final_1.csv
Rows before: 64
Rows after:  64
Dropped (fips == 0): 0

$ /home/ubuntu/.venv/bin/python3 /home/ubuntu/apps/election-app/stats/2-calc.py
Wrote 64 rows with calculations to /home/ubuntu/apps/election-app/win_prob/P/LA/_work/2024_county_results_with_calcs-old.csv

$ /home/ubuntu/.venv/bin/python3 /home/ubuntu/apps/election-app/stats/2-eevp.py
Wrote (no-op copy): 2024_county_results_with_calcs.csv
Columns:
 - timestamp
 - state
 - county
 - fips
 - trump_votes
 - harris_votes
 - other_votes
 - eevp
 - state_eevp
 - harris_votes_statewide
 - trump_votes_statewide
 - other_votes_statewide
 - final_state
 - final_county
 - final_fips
 - final_trump_votes
 - final_harris_votes
 - final_other_votes
 - harris_percent_snapshot
 - trump_percent_snapshot
 - margin_snapshot
 - harris_percent_final
 - trump_percent_final
 - margin_final
 - margin_difference
 - margin_difference_abs

$ /home/ubuntu/.venv/bin/python3 /home/ubuntu/apps/election-app/stats/3-calc-new.py
Wrote 64 rows with new columns to /home/ubuntu/apps/election-app/win_prob/P/LA/_work/2024_county_results_with_calcs_new.csv

$ /home/ubuntu/.venv/bin/python3 /home/ubuntu/apps/election-app/stats/4-stats.py
Reading 2024_county_results_with_calcs_new.csv...
Aggregating statewide totals...
Calculating percentages and margins...
Writing to output_statewide_stats.csv...
Done!
[2026-01-23 07:27:43] INFO: [PIPELINE] ENTER win-prob generation | states=['LA'] ts_list=['2024-11-05T15-30-22']

============================================================================
[01/1] STATE = LA
============================================================================

$ /home/ubuntu/.venv/bin/python3 /home/ubuntu/apps/election-app/stats/5-snapshots.py --state LA --input /home/ubuntu/apps/election-app/win_prob/P/LA/_work/output_statewide_stats.csv --output /home/ubuntu/apps/election-app/win_prob/P/LA/snapshots_LA.csv --start 2024-11-05T15-30-22 --end 2024-11-05T15-30-22 --use-window 1 --interval 30
Mode: windowed-one-state
Rows written: 64
Distinct states in output: LA
Rows per normalized timestamp (empty = unparseable):
  2024-11-05T15-30-22: 64
Wrote /home/ubuntu/apps/election-app/win_prob/P/LA/snapshots_LA.csv

$ /home/ubuntu/.venv/bin/python3 /home/ubuntu/apps/election-app/stats/6-pval.py /home/ubuntu/apps/election-app/win_prob/P/LA/snapshots_LA.csv -t /home/ubuntu/apps/election-app/stats/parameters.csv -o /home/ubuntu/apps/election-app/win_prob/P/LA/data_output_LA.csv -c 50
Done. Wrote: /home/ubuntu/apps/election-app/win_prob/P/LA/data_output_LA.csv
Total rows: 64 (chunked, resumable).
Computed columns for PVALS = [0.01, 0.1, 1, 2, 3, 5, 10, 15, 20, 25, 30, 35, 40, 45, 50, 55, 60, 65, 70, 75, 80, 85, 90, 95, 97, 98, 99, 99.9, 99.99]
Per p (leader): shift_{p}, margin_new_{p}, harris_percent_new_{p}, trump_percent_new_{p}, total_snapshot_{p}, total_expected_{p}, harris_votes_new_{p}, trump_votes_new_{p}
Per p (trailing): shift_trailing_{p}, margin_new_{p}_trailing, harris_percent_new_{p}_trailing, trump_percent_new_{p}_trailing, total_snapshot_{p}_trailing, total_expected_{p}_trailing, harris_votes_new_{p}_trailing, trump_votes_new_{p}_trailing
Checkpoint saved at: /home/ubuntu/apps/election-app/win_prob/P/LA/data_output_LA.csv.checkpoint.json

$ /home/ubuntu/.venv/bin/python3 /home/ubuntu/apps/election-app/stats/7-margin-new.py
Wrote data_output_with_margins_old.csv

$ /home/ubuntu/.venv/bin/python3 /home/ubuntu/apps/election-app/stats/7-eevp-statewide.py
Wrote data_output_with_margins.csv (copied from data_output_with_margins_old.csv)

$ /home/ubuntu/.venv/bin/python3 /home/ubuntu/apps/election-app/stats/7.py --input /home/ubuntu/apps/election-app/win_prob/P/LA/data_output_LA_with_margins_statewide_eevp.csv --output /home/ubuntu/apps/election-app/win_prob/P/LA/statewide_margin_pct_vs_percent_LA_2026.png --state LA --start 2024-11-05T15-30-22 --end 2024-11-05T15-30-22 --stats /home/ubuntu/apps/election-app/win_prob/P/LA/stats.csv --stats2 /home/ubuntu/apps/election-app/win_prob/P/LA/stats2.csv --interval 30 --year 2026 --jsonl /home/ubuntu/apps/election-app/win_prob/P/LA/plotdata_LA_2026_2026-01-23T07-27-34.jsonl
[info] evaluating 1 timestamps from 2024-11-05T15-30-22 to 2024-11-05T15-30-22 every 30 minutes
[saved] probs_timeseries_LA.csv  (1 points)
[saved] /home/ubuntu/apps/election-app/win_prob/P/LA/plotdata_LA_2026_2026-01-23T07-27-34.jsonl  (4 points)
[saved] /home/ubuntu/apps/election-app/win_prob/P/LA/statewide_margin_pct_vs_percent_LA_2026_box.json
[saved] /home/ubuntu/apps/election-app/win_prob/P/LA/statewide_margin_pct_vs_percent_LA_2026_box.png
[saved] /home/ubuntu/apps/election-app/win_prob/P/LA/statewide_margin_pct_vs_percent_LA_2026.png

All 50 states complete. See: /home/ubuntu/apps/election-app/win_prob/P/LA

$ /home/ubuntu/.venv/bin/python3 /home/ubuntu/apps/election-app/stats/8.py --root /home/ubuntu/apps/election-app/win_prob/P/LA/_work --outdir /home/ubuntu/apps/election-app/win_prob/P/LA
[info] root  = /home/ubuntu/apps/election-app/win_prob/P/LA/_work
[info] outdir= /home/ubuntu/apps/election-app/win_prob/P/LA
[deleted] /home/ubuntu/apps/election-app/win_prob/P/LA/_work/stats_with_statewide.csv
[deleted] /home/ubuntu/apps/election-app/win_prob/P/LA/_work/stats2_final_headers.csv
[deleted] /home/ubuntu/apps/election-app/win_prob/P/LA/_work/2024_county_results_with_final-old.csv
[deleted] /home/ubuntu/apps/election-app/win_prob/P/LA/_work/2024_county_results_with_final.csv
[deleted] /home/ubuntu/apps/election-app/win_prob/P/LA/_work/2024_county_results_with_final_1.csv
[deleted] /home/ubuntu/apps/election-app/win_prob/P/LA/_work/2024_county_results_with_calcs-old.csv
[deleted] /home/ubuntu/apps/election-app/win_prob/P/LA/_work/2024_county_results_with_calcs_new.csv
[deleted] /home/ubuntu/apps/election-app/win_prob/P/LA/_work/output_statewide_stats.csv
[skip]    /home/ubuntu/apps/election-app/win_prob/P/LA/_work/probs_timeseries_PA.csv
[deleted] /home/ubuntu/apps/election-app/win_prob/P/LA/_work/2024_county_results_with_calcs.csv
[skip]    /home/ubuntu/apps/election-app/win_prob/P/LA/data_output.csv
[skip]    /home/ubuntu/apps/election-app/win_prob/P/LA/data_output_with_margins_old.csv
[skip]    /home/ubuntu/apps/election-app/win_prob/P/LA/data_output_with_margins.csv
[skip]    /home/ubuntu/apps/election-app/win_prob/P/LA/data_output_with_margins-statewide.csv
[deleted] /home/ubuntu/apps/election-app/win_prob/P/LA/snapshots_LA.csv
[deleted] /home/ubuntu/apps/election-app/win_prob/P/LA/data_output_LA.csv
[deleted] /home/ubuntu/apps/election-app/win_prob/P/LA/data_output_LA_with_margins.csv
[deleted] /home/ubuntu/apps/election-app/win_prob/P/LA/data_output_LA_with_margins_statewide_eevp.csv
[deleted] /home/ubuntu/apps/election-app/win_prob/P/LA/data_output_LA.csv.checkpoint.json
[deleted] /home/ubuntu/apps/election-app/win_prob/P/LA/stats.csv
[deleted] /home/ubuntu/apps/election-app/win_prob/P/LA/stats2.csv
[done] removed 16 file(s)
[2026-01-23 07:34:35] INFO: [PIPELINE] args: office=P state=LA district=None
[2026-01-23 07:34:35] INFO: [PIPELINE] WINPROB_DIR resolved to: /home/ubuntu/apps/election-app/win_prob/P/LA
[2026-01-23 07:34:35] INFO: [PIPELINE] OUTDIR set to: /home/ubuntu/apps/election-app/win_prob/P/LA

$ /home/ubuntu/.venv/bin/python3 /home/ubuntu/apps/election-app/stats/1-statewide.py --input /home/ubuntu/apps/election-app/win_prob/P/LA/stats.csv --output /home/ubuntu/apps/election-app/win_prob/P/LA/_work/stats_with_statewide.csv
Wrote /home/ubuntu/apps/election-app/win_prob/P/LA/_work/stats_with_statewide.csv (rows=64)

$ /home/ubuntu/.venv/bin/python3 /home/ubuntu/apps/election-app/stats/1-stats-2.py --input /home/ubuntu/apps/election-app/win_prob/P/LA/stats2.csv --output /home/ubuntu/apps/election-app/win_prob/P/LA/_work/stats2_final_headers.csv
Wrote /home/ubuntu/apps/election-app/win_prob/P/LA/_work/stats2_final_headers.csv (rows=64)

$ /home/ubuntu/.venv/bin/python3 /home/ubuntu/apps/election-app/stats/1-append-new.py
Wrote 2024_county_results_with_final-old.csv (rows=64, missing_final_matches=0)

$ /home/ubuntu/.venv/bin/python3 /home/ubuntu/apps/election-app/stats/1-change_header.py
Wrote: 2024_county_results_with_final.csv

$ /home/ubuntu/.venv/bin/python3 /home/ubuntu/apps/election-app/stats/1-cut-zero-fips.py
Wrote: 2024_county_results_with_final_1.csv
Rows before: 64
Rows after:  64
Dropped (fips == 0): 0

$ /home/ubuntu/.venv/bin/python3 /home/ubuntu/apps/election-app/stats/2-calc.py
Wrote 64 rows with calculations to /home/ubuntu/apps/election-app/win_prob/P/LA/_work/2024_county_results_with_calcs-old.csv

$ /home/ubuntu/.venv/bin/python3 /home/ubuntu/apps/election-app/stats/2-eevp.py
Wrote (no-op copy): 2024_county_results_with_calcs.csv
Columns:
 - timestamp
 - state
 - county
 - fips
 - trump_votes
 - harris_votes
 - other_votes
 - eevp
 - state_eevp
 - harris_votes_statewide
 - trump_votes_statewide
 - other_votes_statewide
 - final_state
 - final_county
 - final_fips
 - final_trump_votes
 - final_harris_votes
 - final_other_votes
 - harris_percent_snapshot
 - trump_percent_snapshot
 - margin_snapshot
 - harris_percent_final
 - trump_percent_final
 - margin_final
 - margin_difference
 - margin_difference_abs

$ /home/ubuntu/.venv/bin/python3 /home/ubuntu/apps/election-app/stats/3-calc-new.py
Wrote 64 rows with new columns to /home/ubuntu/apps/election-app/win_prob/P/LA/_work/2024_county_results_with_calcs_new.csv

$ /home/ubuntu/.venv/bin/python3 /home/ubuntu/apps/election-app/stats/4-stats.py
Reading 2024_county_results_with_calcs_new.csv...
Aggregating statewide totals...
Calculating percentages and margins...
Writing to output_statewide_stats.csv...
Done!
[2026-01-23 07:34:44] INFO: [PIPELINE] ENTER win-prob generation | states=['LA'] ts_list=['2024-11-05T15-30-22']

============================================================================
[01/1] STATE = LA
============================================================================

$ /home/ubuntu/.venv/bin/python3 /home/ubuntu/apps/election-app/stats/5-snapshots.py --state LA --input /home/ubuntu/apps/election-app/win_prob/P/LA/_work/output_statewide_stats.csv --output /home/ubuntu/apps/election-app/win_prob/P/LA/snapshots_LA.csv --start 2024-11-05T15-30-22 --end 2024-11-05T15-30-22 --use-window 1 --interval 30
Mode: windowed-one-state
Rows written: 64
Distinct states in output: LA
Rows per normalized timestamp (empty = unparseable):
  2024-11-05T15-30-22: 64
Wrote /home/ubuntu/apps/election-app/win_prob/P/LA/snapshots_LA.csv

$ /home/ubuntu/.venv/bin/python3 /home/ubuntu/apps/election-app/stats/6-pval.py /home/ubuntu/apps/election-app/win_prob/P/LA/snapshots_LA.csv -t /home/ubuntu/apps/election-app/stats/parameters.csv -o /home/ubuntu/apps/election-app/win_prob/P/LA/data_output_LA.csv -c 50
Done. Wrote: /home/ubuntu/apps/election-app/win_prob/P/LA/data_output_LA.csv
Total rows: 64 (chunked, resumable).
Computed columns for PVALS = [0.01, 0.1, 1, 2, 3, 5, 10, 15, 20, 25, 30, 35, 40, 45, 50, 55, 60, 65, 70, 75, 80, 85, 90, 95, 97, 98, 99, 99.9, 99.99]
Per p (leader): shift_{p}, margin_new_{p}, harris_percent_new_{p}, trump_percent_new_{p}, total_snapshot_{p}, total_expected_{p}, harris_votes_new_{p}, trump_votes_new_{p}
Per p (trailing): shift_trailing_{p}, margin_new_{p}_trailing, harris_percent_new_{p}_trailing, trump_percent_new_{p}_trailing, total_snapshot_{p}_trailing, total_expected_{p}_trailing, harris_votes_new_{p}_trailing, trump_votes_new_{p}_trailing
Checkpoint saved at: /home/ubuntu/apps/election-app/win_prob/P/LA/data_output_LA.csv.checkpoint.json

$ /home/ubuntu/.venv/bin/python3 /home/ubuntu/apps/election-app/stats/7-margin-new.py
Wrote data_output_with_margins_old.csv

$ /home/ubuntu/.venv/bin/python3 /home/ubuntu/apps/election-app/stats/7-eevp-statewide.py
Wrote data_output_with_margins.csv (copied from data_output_with_margins_old.csv)

$ /home/ubuntu/.venv/bin/python3 /home/ubuntu/apps/election-app/stats/7.py --input /home/ubuntu/apps/election-app/win_prob/P/LA/data_output_LA_with_margins_statewide_eevp.csv --output /home/ubuntu/apps/election-app/win_prob/P/LA/statewide_margin_pct_vs_percent_LA_2026.png --state LA --start 2024-11-05T15-30-22 --end 2024-11-05T15-30-22 --stats /home/ubuntu/apps/election-app/win_prob/P/LA/stats.csv --stats2 /home/ubuntu/apps/election-app/win_prob/P/LA/stats2.csv --interval 30 --year 2026 --jsonl /home/ubuntu/apps/election-app/win_prob/P/LA/plotdata_LA_2026_2026-01-23T07-34-35.jsonl
[info] evaluating 1 timestamps from 2024-11-05T15-30-22 to 2024-11-05T15-30-22 every 30 minutes
[saved] probs_timeseries_LA.csv  (1 points)
[saved] /home/ubuntu/apps/election-app/win_prob/P/LA/plotdata_LA_2026_2026-01-23T07-34-35.jsonl  (4 points)
[saved] /home/ubuntu/apps/election-app/win_prob/P/LA/statewide_margin_pct_vs_percent_LA_2026_box.json
[saved] /home/ubuntu/apps/election-app/win_prob/P/LA/statewide_margin_pct_vs_percent_LA_2026_box.png
[saved] /home/ubuntu/apps/election-app/win_prob/P/LA/statewide_margin_pct_vs_percent_LA_2026.png

All 50 states complete. See: /home/ubuntu/apps/election-app/win_prob/P/LA

$ /home/ubuntu/.venv/bin/python3 /home/ubuntu/apps/election-app/stats/8.py --root /home/ubuntu/apps/election-app/win_prob/P/LA/_work --outdir /home/ubuntu/apps/election-app/win_prob/P/LA
[info] root  = /home/ubuntu/apps/election-app/win_prob/P/LA/_work
[info] outdir= /home/ubuntu/apps/election-app/win_prob/P/LA
[deleted] /home/ubuntu/apps/election-app/win_prob/P/LA/_work/stats_with_statewide.csv
[deleted] /home/ubuntu/apps/election-app/win_prob/P/LA/_work/stats2_final_headers.csv
[deleted] /home/ubuntu/apps/election-app/win_prob/P/LA/_work/2024_county_results_with_final-old.csv
[deleted] /home/ubuntu/apps/election-app/win_prob/P/LA/_work/2024_county_results_with_final.csv
[deleted] /home/ubuntu/apps/election-app/win_prob/P/LA/_work/2024_county_results_with_final_1.csv
[deleted] /home/ubuntu/apps/election-app/win_prob/P/LA/_work/2024_county_results_with_calcs-old.csv
[deleted] /home/ubuntu/apps/election-app/win_prob/P/LA/_work/2024_county_results_with_calcs_new.csv
[deleted] /home/ubuntu/apps/election-app/win_prob/P/LA/_work/output_statewide_stats.csv
[skip]    /home/ubuntu/apps/election-app/win_prob/P/LA/_work/probs_timeseries_PA.csv
[deleted] /home/ubuntu/apps/election-app/win_prob/P/LA/_work/2024_county_results_with_calcs.csv
[skip]    /home/ubuntu/apps/election-app/win_prob/P/LA/data_output.csv
[skip]    /home/ubuntu/apps/election-app/win_prob/P/LA/data_output_with_margins_old.csv
[skip]    /home/ubuntu/apps/election-app/win_prob/P/LA/data_output_with_margins.csv
[skip]    /home/ubuntu/apps/election-app/win_prob/P/LA/data_output_with_margins-statewide.csv
[deleted] /home/ubuntu/apps/election-app/win_prob/P/LA/snapshots_LA.csv
[deleted] /home/ubuntu/apps/election-app/win_prob/P/LA/data_output_LA.csv
[deleted] /home/ubuntu/apps/election-app/win_prob/P/LA/data_output_LA_with_margins.csv
[deleted] /home/ubuntu/apps/election-app/win_prob/P/LA/data_output_LA_with_margins_statewide_eevp.csv
[deleted] /home/ubuntu/apps/election-app/win_prob/P/LA/data_output_LA.csv.checkpoint.json
[deleted] /home/ubuntu/apps/election-app/win_prob/P/LA/stats.csv
[deleted] /home/ubuntu/apps/election-app/win_prob/P/LA/stats2.csv
[done] removed 16 file(s)
[2026-01-25 05:07:52] INFO: [PIPELINE] args: office=P state=LA district=None
[2026-01-25 05:07:52] INFO: [PIPELINE] WINPROB_DIR resolved to: /home/ubuntu/apps/election-app/win_prob/P/LA
[2026-01-25 05:07:52] INFO: [PIPELINE] OUTDIR set to: /home/ubuntu/apps/election-app/win_prob/P/LA

$ /home/ubuntu/.venv/bin/python3 /home/ubuntu/apps/election-app/stats/1-statewide.py --input /home/ubuntu/apps/election-app/win_prob/P/LA/stats.csv --output /home/ubuntu/apps/election-app/win_prob/P/LA/_work/stats_with_statewide.csv
Wrote /home/ubuntu/apps/election-app/win_prob/P/LA/_work/stats_with_statewide.csv (rows=64)

$ /home/ubuntu/.venv/bin/python3 /home/ubuntu/apps/election-app/stats/1-stats-2.py --input /home/ubuntu/apps/election-app/win_prob/P/LA/stats2.csv --output /home/ubuntu/apps/election-app/win_prob/P/LA/_work/stats2_final_headers.csv
Wrote /home/ubuntu/apps/election-app/win_prob/P/LA/_work/stats2_final_headers.csv (rows=64)

$ /home/ubuntu/.venv/bin/python3 /home/ubuntu/apps/election-app/stats/1-append-new.py
Wrote 2024_county_results_with_final-old.csv (rows=64, missing_final_matches=0)

$ /home/ubuntu/.venv/bin/python3 /home/ubuntu/apps/election-app/stats/1-change_header.py
Wrote: 2024_county_results_with_final.csv

$ /home/ubuntu/.venv/bin/python3 /home/ubuntu/apps/election-app/stats/1-cut-zero-fips.py
Wrote: 2024_county_results_with_final_1.csv
Rows before: 64
Rows after:  64
Dropped (fips == 0): 0

$ /home/ubuntu/.venv/bin/python3 /home/ubuntu/apps/election-app/stats/2-calc.py
Wrote 64 rows with calculations to /home/ubuntu/apps/election-app/win_prob/P/LA/_work/2024_county_results_with_calcs-old.csv

$ /home/ubuntu/.venv/bin/python3 /home/ubuntu/apps/election-app/stats/2-eevp.py
Wrote (no-op copy): 2024_county_results_with_calcs.csv
Columns:
 - timestamp
 - state
 - county
 - fips
 - trump_votes
 - harris_votes
 - other_votes
 - eevp
 - state_eevp
 - harris_votes_statewide
 - trump_votes_statewide
 - other_votes_statewide
 - final_state
 - final_county
 - final_fips
 - final_trump_votes
 - final_harris_votes
 - final_other_votes
 - harris_percent_snapshot
 - trump_percent_snapshot
 - margin_snapshot
 - harris_percent_final
 - trump_percent_final
 - margin_final
 - margin_difference
 - margin_difference_abs

$ /home/ubuntu/.venv/bin/python3 /home/ubuntu/apps/election-app/stats/3-calc-new.py
Wrote 64 rows with new columns to /home/ubuntu/apps/election-app/win_prob/P/LA/_work/2024_county_results_with_calcs_new.csv

$ /home/ubuntu/.venv/bin/python3 /home/ubuntu/apps/election-app/stats/4-stats.py
Reading 2024_county_results_with_calcs_new.csv...
Aggregating statewide totals...
Calculating percentages and margins...
Writing to output_statewide_stats.csv...
Done!
[2026-01-25 05:08:01] INFO: [PIPELINE] ENTER win-prob generation | states=['LA'] ts_list=['2024-11-05T15-30-22']

============================================================================
[01/1] STATE = LA
============================================================================

$ /home/ubuntu/.venv/bin/python3 /home/ubuntu/apps/election-app/stats/5-snapshots.py --state LA --input /home/ubuntu/apps/election-app/win_prob/P/LA/_work/output_statewide_stats.csv --output /home/ubuntu/apps/election-app/win_prob/P/LA/snapshots_LA.csv --start 2024-11-05T15-30-22 --end 2024-11-05T15-30-22 --use-window 1 --interval 30
Mode: windowed-one-state
Rows written: 64
Distinct states in output: LA
Rows per normalized timestamp (empty = unparseable):
  2024-11-05T15-30-22: 64
Wrote /home/ubuntu/apps/election-app/win_prob/P/LA/snapshots_LA.csv

$ /home/ubuntu/.venv/bin/python3 /home/ubuntu/apps/election-app/stats/6-pval.py /home/ubuntu/apps/election-app/win_prob/P/LA/snapshots_LA.csv -t /home/ubuntu/apps/election-app/stats/parameters.csv -o /home/ubuntu/apps/election-app/win_prob/P/LA/data_output_LA.csv -c 50
Done. Wrote: /home/ubuntu/apps/election-app/win_prob/P/LA/data_output_LA.csv
Total rows: 64 (chunked, resumable).
Computed columns for PVALS = [0.01, 0.1, 1, 2, 3, 5, 10, 15, 20, 25, 30, 35, 40, 45, 50, 55, 60, 65, 70, 75, 80, 85, 90, 95, 97, 98, 99, 99.9, 99.99]
Per p (leader): shift_{p}, margin_new_{p}, harris_percent_new_{p}, trump_percent_new_{p}, total_snapshot_{p}, total_expected_{p}, harris_votes_new_{p}, trump_votes_new_{p}
Per p (trailing): shift_trailing_{p}, margin_new_{p}_trailing, harris_percent_new_{p}_trailing, trump_percent_new_{p}_trailing, total_snapshot_{p}_trailing, total_expected_{p}_trailing, harris_votes_new_{p}_trailing, trump_votes_new_{p}_trailing
Checkpoint saved at: /home/ubuntu/apps/election-app/win_prob/P/LA/data_output_LA.csv.checkpoint.json

$ /home/ubuntu/.venv/bin/python3 /home/ubuntu/apps/election-app/stats/7-margin-new.py
Wrote data_output_with_margins_old.csv

$ /home/ubuntu/.venv/bin/python3 /home/ubuntu/apps/election-app/stats/7-eevp-statewide.py
Wrote data_output_with_margins.csv (copied from data_output_with_margins_old.csv)

$ /home/ubuntu/.venv/bin/python3 /home/ubuntu/apps/election-app/stats/7.py --input /home/ubuntu/apps/election-app/win_prob/P/LA/data_output_LA_with_margins_statewide_eevp.csv --output /home/ubuntu/apps/election-app/win_prob/P/LA/statewide_margin_pct_vs_percent_LA_2026.png --state LA --start 2024-11-05T15-30-22 --end 2024-11-05T15-30-22 --stats /home/ubuntu/apps/election-app/win_prob/P/LA/stats.csv --stats2 /home/ubuntu/apps/election-app/win_prob/P/LA/stats2.csv --interval 30 --year 2026 --jsonl /home/ubuntu/apps/election-app/win_prob/P/LA/plotdata_LA_2026_2026-01-25T05-07-52.jsonl
[info] evaluating 1 timestamps from 2024-11-05T15-30-22 to 2024-11-05T15-30-22 every 30 minutes
[saved] probs_timeseries_LA.csv  (1 points)
[saved] /home/ubuntu/apps/election-app/win_prob/P/LA/plotdata_LA_2026_2026-01-25T05-07-52.jsonl  (0 points)
[saved] /home/ubuntu/apps/election-app/win_prob/P/LA/statewide_margin_pct_vs_percent_LA_2026_box.json
[saved] /home/ubuntu/apps/election-app/win_prob/P/LA/statewide_margin_pct_vs_percent_LA_2026_box.png
[saved] /home/ubuntu/apps/election-app/win_prob/P/LA/statewide_margin_pct_vs_percent_LA_2026.png

All 50 states complete. See: /home/ubuntu/apps/election-app/win_prob/P/LA

$ /home/ubuntu/.venv/bin/python3 /home/ubuntu/apps/election-app/stats/8.py --root /home/ubuntu/apps/election-app/win_prob/P/LA/_work --outdir /home/ubuntu/apps/election-app/win_prob/P/LA
[info] root  = /home/ubuntu/apps/election-app/win_prob/P/LA/_work
[info] outdir= /home/ubuntu/apps/election-app/win_prob/P/LA
[deleted] /home/ubuntu/apps/election-app/win_prob/P/LA/_work/stats_with_statewide.csv
[deleted] /home/ubuntu/apps/election-app/win_prob/P/LA/_work/stats2_final_headers.csv
[deleted] /home/ubuntu/apps/election-app/win_prob/P/LA/_work/2024_county_results_with_final-old.csv
[deleted] /home/ubuntu/apps/election-app/win_prob/P/LA/_work/2024_county_results_with_final.csv
[deleted] /home/ubuntu/apps/election-app/win_prob/P/LA/_work/2024_county_results_with_final_1.csv
[deleted] /home/ubuntu/apps/election-app/win_prob/P/LA/_work/2024_county_results_with_calcs-old.csv
[deleted] /home/ubuntu/apps/election-app/win_prob/P/LA/_work/2024_county_results_with_calcs_new.csv
[deleted] /home/ubuntu/apps/election-app/win_prob/P/LA/_work/output_statewide_stats.csv
[skip]    /home/ubuntu/apps/election-app/win_prob/P/LA/_work/probs_timeseries_PA.csv
[deleted] /home/ubuntu/apps/election-app/win_prob/P/LA/_work/2024_county_results_with_calcs.csv
[skip]    /home/ubuntu/apps/election-app/win_prob/P/LA/data_output.csv
[skip]    /home/ubuntu/apps/election-app/win_prob/P/LA/data_output_with_margins_old.csv
[skip]    /home/ubuntu/apps/election-app/win_prob/P/LA/data_output_with_margins.csv
[skip]    /home/ubuntu/apps/election-app/win_prob/P/LA/data_output_with_margins-statewide.csv
[deleted] /home/ubuntu/apps/election-app/win_prob/P/LA/snapshots_LA.csv
[deleted] /home/ubuntu/apps/election-app/win_prob/P/LA/data_output_LA.csv
[deleted] /home/ubuntu/apps/election-app/win_prob/P/LA/data_output_LA_with_margins.csv
[deleted] /home/ubuntu/apps/election-app/win_prob/P/LA/data_output_LA_with_margins_statewide_eevp.csv
[deleted] /home/ubuntu/apps/election-app/win_prob/P/LA/data_output_LA.csv.checkpoint.json
[deleted] /home/ubuntu/apps/election-app/win_prob/P/LA/stats.csv
[deleted] /home/ubuntu/apps/election-app/win_prob/P/LA/stats2.csv
[done] removed 16 file(s)
[2026-01-25 05:21:54] INFO: [PIPELINE] args: office=P state=LA district=None
[2026-01-25 05:21:54] INFO: [PIPELINE] WINPROB_DIR resolved to: /home/ubuntu/apps/election-app/win_prob/P/LA
[2026-01-25 05:21:54] INFO: [PIPELINE] OUTDIR set to: /home/ubuntu/apps/election-app/win_prob/P/LA

$ /home/ubuntu/.venv/bin/python3 /home/ubuntu/apps/election-app/stats/1-statewide.py --input /home/ubuntu/apps/election-app/win_prob/P/LA/stats.csv --output /home/ubuntu/apps/election-app/win_prob/P/LA/_work/stats_with_statewide.csv
Wrote /home/ubuntu/apps/election-app/win_prob/P/LA/_work/stats_with_statewide.csv (rows=64)

$ /home/ubuntu/.venv/bin/python3 /home/ubuntu/apps/election-app/stats/1-stats-2.py --input /home/ubuntu/apps/election-app/win_prob/P/LA/stats2.csv --output /home/ubuntu/apps/election-app/win_prob/P/LA/_work/stats2_final_headers.csv
Wrote /home/ubuntu/apps/election-app/win_prob/P/LA/_work/stats2_final_headers.csv (rows=64)

$ /home/ubuntu/.venv/bin/python3 /home/ubuntu/apps/election-app/stats/1-append-new.py
Wrote 2024_county_results_with_final-old.csv (rows=64, missing_final_matches=0)

$ /home/ubuntu/.venv/bin/python3 /home/ubuntu/apps/election-app/stats/1-change_header.py
Wrote: 2024_county_results_with_final.csv

$ /home/ubuntu/.venv/bin/python3 /home/ubuntu/apps/election-app/stats/1-cut-zero-fips.py
Wrote: 2024_county_results_with_final_1.csv
Rows before: 64
Rows after:  64
Dropped (fips == 0): 0

$ /home/ubuntu/.venv/bin/python3 /home/ubuntu/apps/election-app/stats/2-calc.py
Wrote 64 rows with calculations to /home/ubuntu/apps/election-app/win_prob/P/LA/_work/2024_county_results_with_calcs-old.csv

$ /home/ubuntu/.venv/bin/python3 /home/ubuntu/apps/election-app/stats/2-eevp.py
Wrote (no-op copy): 2024_county_results_with_calcs.csv
Columns:
 - timestamp
 - state
 - county
 - fips
 - trump_votes
 - harris_votes
 - other_votes
 - eevp
 - state_eevp
 - harris_votes_statewide
 - trump_votes_statewide
 - other_votes_statewide
 - final_state
 - final_county
 - final_fips
 - final_trump_votes
 - final_harris_votes
 - final_other_votes
 - harris_percent_snapshot
 - trump_percent_snapshot
 - margin_snapshot
 - harris_percent_final
 - trump_percent_final
 - margin_final
 - margin_difference
 - margin_difference_abs

$ /home/ubuntu/.venv/bin/python3 /home/ubuntu/apps/election-app/stats/3-calc-new.py
Wrote 64 rows with new columns to /home/ubuntu/apps/election-app/win_prob/P/LA/_work/2024_county_results_with_calcs_new.csv

$ /home/ubuntu/.venv/bin/python3 /home/ubuntu/apps/election-app/stats/4-stats.py
Reading 2024_county_results_with_calcs_new.csv...
Aggregating statewide totals...
Calculating percentages and margins...
Writing to output_statewide_stats.csv...
Done!
[2026-01-25 05:22:03] INFO: [PIPELINE] ENTER win-prob generation | states=['LA'] ts_list=['2024-11-05T15-30-22']

============================================================================
[01/1] STATE = LA
============================================================================

$ /home/ubuntu/.venv/bin/python3 /home/ubuntu/apps/election-app/stats/5-snapshots.py --state LA --input /home/ubuntu/apps/election-app/win_prob/P/LA/_work/output_statewide_stats.csv --output /home/ubuntu/apps/election-app/win_prob/P/LA/snapshots_LA.csv --start 2024-11-05T15-30-22 --end 2024-11-05T15-30-22 --use-window 1 --interval 30
Mode: windowed-one-state
Rows written: 64
Distinct states in output: LA
Rows per normalized timestamp (empty = unparseable):
  2024-11-05T15-30-22: 64
Wrote /home/ubuntu/apps/election-app/win_prob/P/LA/snapshots_LA.csv

$ /home/ubuntu/.venv/bin/python3 /home/ubuntu/apps/election-app/stats/6-pval.py /home/ubuntu/apps/election-app/win_prob/P/LA/snapshots_LA.csv -t /home/ubuntu/apps/election-app/stats/parameters.csv -o /home/ubuntu/apps/election-app/win_prob/P/LA/data_output_LA.csv -c 50
Done. Wrote: /home/ubuntu/apps/election-app/win_prob/P/LA/data_output_LA.csv
Total rows: 64 (chunked, resumable).
Computed columns for PVALS = [0.01, 0.1, 1, 2, 3, 5, 10, 15, 20, 25, 30, 35, 40, 45, 50, 55, 60, 65, 70, 75, 80, 85, 90, 95, 97, 98, 99, 99.9, 99.99]
Per p (leader): shift_{p}, margin_new_{p}, harris_percent_new_{p}, trump_percent_new_{p}, total_snapshot_{p}, total_expected_{p}, harris_votes_new_{p}, trump_votes_new_{p}
Per p (trailing): shift_trailing_{p}, margin_new_{p}_trailing, harris_percent_new_{p}_trailing, trump_percent_new_{p}_trailing, total_snapshot_{p}_trailing, total_expected_{p}_trailing, harris_votes_new_{p}_trailing, trump_votes_new_{p}_trailing
Checkpoint saved at: /home/ubuntu/apps/election-app/win_prob/P/LA/data_output_LA.csv.checkpoint.json

$ /home/ubuntu/.venv/bin/python3 /home/ubuntu/apps/election-app/stats/7-margin-new.py
Wrote data_output_with_margins_old.csv

$ /home/ubuntu/.venv/bin/python3 /home/ubuntu/apps/election-app/stats/7-eevp-statewide.py
Wrote data_output_with_margins.csv (copied from data_output_with_margins_old.csv)

$ /home/ubuntu/.venv/bin/python3 /home/ubuntu/apps/election-app/stats/7.py --input /home/ubuntu/apps/election-app/win_prob/P/LA/data_output_LA_with_margins_statewide_eevp.csv --output /home/ubuntu/apps/election-app/win_prob/P/LA/statewide_margin_pct_vs_percent_LA_2026.png --state LA --start 2024-11-05T15-30-22 --end 2024-11-05T15-30-22 --stats /home/ubuntu/apps/election-app/win_prob/P/LA/stats.csv --stats2 /home/ubuntu/apps/election-app/win_prob/P/LA/stats2.csv --interval 30 --year 2026 --jsonl /home/ubuntu/apps/election-app/win_prob/P/LA/plotdata_LA_2026_2026-01-25T05-21-54.jsonl
[info] evaluating 1 timestamps from 2024-11-05T15-30-22 to 2024-11-05T15-30-22 every 30 minutes
[saved] probs_timeseries_LA.csv  (1 points)
[saved] /home/ubuntu/apps/election-app/win_prob/P/LA/plotdata_LA_2026_2026-01-25T05-21-54.jsonl  (4 points)
[saved] /home/ubuntu/apps/election-app/win_prob/P/LA/statewide_margin_pct_vs_percent_LA_2026_box.json
[saved] /home/ubuntu/apps/election-app/win_prob/P/LA/statewide_margin_pct_vs_percent_LA_2026_box.png
[saved] /home/ubuntu/apps/election-app/win_prob/P/LA/statewide_margin_pct_vs_percent_LA_2026.png

All 50 states complete. See: /home/ubuntu/apps/election-app/win_prob/P/LA

$ /home/ubuntu/.venv/bin/python3 /home/ubuntu/apps/election-app/stats/8.py --root /home/ubuntu/apps/election-app/win_prob/P/LA/_work --outdir /home/ubuntu/apps/election-app/win_prob/P/LA
[info] root  = /home/ubuntu/apps/election-app/win_prob/P/LA/_work
[info] outdir= /home/ubuntu/apps/election-app/win_prob/P/LA
[deleted] /home/ubuntu/apps/election-app/win_prob/P/LA/_work/stats_with_statewide.csv
[deleted] /home/ubuntu/apps/election-app/win_prob/P/LA/_work/stats2_final_headers.csv
[deleted] /home/ubuntu/apps/election-app/win_prob/P/LA/_work/2024_county_results_with_final-old.csv
[deleted] /home/ubuntu/apps/election-app/win_prob/P/LA/_work/2024_county_results_with_final.csv
[deleted] /home/ubuntu/apps/election-app/win_prob/P/LA/_work/2024_county_results_with_final_1.csv
[deleted] /home/ubuntu/apps/election-app/win_prob/P/LA/_work/2024_county_results_with_calcs-old.csv
[deleted] /home/ubuntu/apps/election-app/win_prob/P/LA/_work/2024_county_results_with_calcs_new.csv
[deleted] /home/ubuntu/apps/election-app/win_prob/P/LA/_work/output_statewide_stats.csv
[skip]    /home/ubuntu/apps/election-app/win_prob/P/LA/_work/probs_timeseries_PA.csv
[deleted] /home/ubuntu/apps/election-app/win_prob/P/LA/_work/2024_county_results_with_calcs.csv
[skip]    /home/ubuntu/apps/election-app/win_prob/P/LA/data_output.csv
[skip]    /home/ubuntu/apps/election-app/win_prob/P/LA/data_output_with_margins_old.csv
[skip]    /home/ubuntu/apps/election-app/win_prob/P/LA/data_output_with_margins.csv
[skip]    /home/ubuntu/apps/election-app/win_prob/P/LA/data_output_with_margins-statewide.csv
[deleted] /home/ubuntu/apps/election-app/win_prob/P/LA/snapshots_LA.csv
[deleted] /home/ubuntu/apps/election-app/win_prob/P/LA/data_output_LA.csv
[deleted] /home/ubuntu/apps/election-app/win_prob/P/LA/data_output_LA_with_margins.csv
[deleted] /home/ubuntu/apps/election-app/win_prob/P/LA/data_output_LA_with_margins_statewide_eevp.csv
[deleted] /home/ubuntu/apps/election-app/win_prob/P/LA/data_output_LA.csv.checkpoint.json
[deleted] /home/ubuntu/apps/election-app/win_prob/P/LA/stats.csv
[deleted] /home/ubuntu/apps/election-app/win_prob/P/LA/stats2.csv
[done] removed 16 file(s)
[2026-01-25 05:28:54] INFO: [PIPELINE] args: office=P state=LA district=None
[2026-01-25 05:28:54] INFO: [PIPELINE] WINPROB_DIR resolved to: /home/ubuntu/apps/election-app/win_prob/P/LA
[2026-01-25 05:28:54] INFO: [PIPELINE] OUTDIR set to: /home/ubuntu/apps/election-app/win_prob/P/LA

$ /home/ubuntu/.venv/bin/python3 /home/ubuntu/apps/election-app/stats/1-statewide.py --input /home/ubuntu/apps/election-app/win_prob/P/LA/stats.csv --output /home/ubuntu/apps/election-app/win_prob/P/LA/_work/stats_with_statewide.csv
Wrote /home/ubuntu/apps/election-app/win_prob/P/LA/_work/stats_with_statewide.csv (rows=64)

$ /home/ubuntu/.venv/bin/python3 /home/ubuntu/apps/election-app/stats/1-stats-2.py --input /home/ubuntu/apps/election-app/win_prob/P/LA/stats2.csv --output /home/ubuntu/apps/election-app/win_prob/P/LA/_work/stats2_final_headers.csv
Wrote /home/ubuntu/apps/election-app/win_prob/P/LA/_work/stats2_final_headers.csv (rows=64)

$ /home/ubuntu/.venv/bin/python3 /home/ubuntu/apps/election-app/stats/1-append-new.py
Wrote 2024_county_results_with_final-old.csv (rows=64, missing_final_matches=0)

$ /home/ubuntu/.venv/bin/python3 /home/ubuntu/apps/election-app/stats/1-change_header.py
Wrote: 2024_county_results_with_final.csv

$ /home/ubuntu/.venv/bin/python3 /home/ubuntu/apps/election-app/stats/1-cut-zero-fips.py
Wrote: 2024_county_results_with_final_1.csv
Rows before: 64
Rows after:  64
Dropped (fips == 0): 0

$ /home/ubuntu/.venv/bin/python3 /home/ubuntu/apps/election-app/stats/2-calc.py
Wrote 64 rows with calculations to /home/ubuntu/apps/election-app/win_prob/P/LA/_work/2024_county_results_with_calcs-old.csv

$ /home/ubuntu/.venv/bin/python3 /home/ubuntu/apps/election-app/stats/2-eevp.py
Wrote (no-op copy): 2024_county_results_with_calcs.csv
Columns:
 - timestamp
 - state
 - county
 - fips
 - trump_votes
 - harris_votes
 - other_votes
 - eevp
 - state_eevp
 - harris_votes_statewide
 - trump_votes_statewide
 - other_votes_statewide
 - final_state
 - final_county
 - final_fips
 - final_trump_votes
 - final_harris_votes
 - final_other_votes
 - harris_percent_snapshot
 - trump_percent_snapshot
 - margin_snapshot
 - harris_percent_final
 - trump_percent_final
 - margin_final
 - margin_difference
 - margin_difference_abs

$ /home/ubuntu/.venv/bin/python3 /home/ubuntu/apps/election-app/stats/3-calc-new.py
Wrote 64 rows with new columns to /home/ubuntu/apps/election-app/win_prob/P/LA/_work/2024_county_results_with_calcs_new.csv

$ /home/ubuntu/.venv/bin/python3 /home/ubuntu/apps/election-app/stats/4-stats.py
Reading 2024_county_results_with_calcs_new.csv...
Aggregating statewide totals...
Calculating percentages and margins...
Writing to output_statewide_stats.csv...
Done!
[2026-01-25 05:29:03] INFO: [PIPELINE] ENTER win-prob generation | states=['LA'] ts_list=['2024-11-05T15-30-22']

============================================================================
[01/1] STATE = LA
============================================================================

$ /home/ubuntu/.venv/bin/python3 /home/ubuntu/apps/election-app/stats/5-snapshots.py --state LA --input /home/ubuntu/apps/election-app/win_prob/P/LA/_work/output_statewide_stats.csv --output /home/ubuntu/apps/election-app/win_prob/P/LA/snapshots_LA.csv --start 2024-11-05T15-30-22 --end 2024-11-05T15-30-22 --use-window 1 --interval 30
Mode: windowed-one-state
Rows written: 64
Distinct states in output: LA
Rows per normalized timestamp (empty = unparseable):
  2024-11-05T15-30-22: 64
Wrote /home/ubuntu/apps/election-app/win_prob/P/LA/snapshots_LA.csv

$ /home/ubuntu/.venv/bin/python3 /home/ubuntu/apps/election-app/stats/6-pval.py /home/ubuntu/apps/election-app/win_prob/P/LA/snapshots_LA.csv -t /home/ubuntu/apps/election-app/stats/parameters.csv -o /home/ubuntu/apps/election-app/win_prob/P/LA/data_output_LA.csv -c 50
Done. Wrote: /home/ubuntu/apps/election-app/win_prob/P/LA/data_output_LA.csv
Total rows: 64 (chunked, resumable).
Computed columns for PVALS = [0.01, 0.1, 1, 2, 3, 5, 10, 15, 20, 25, 30, 35, 40, 45, 50, 55, 60, 65, 70, 75, 80, 85, 90, 95, 97, 98, 99, 99.9, 99.99]
Per p (leader): shift_{p}, margin_new_{p}, harris_percent_new_{p}, trump_percent_new_{p}, total_snapshot_{p}, total_expected_{p}, harris_votes_new_{p}, trump_votes_new_{p}
Per p (trailing): shift_trailing_{p}, margin_new_{p}_trailing, harris_percent_new_{p}_trailing, trump_percent_new_{p}_trailing, total_snapshot_{p}_trailing, total_expected_{p}_trailing, harris_votes_new_{p}_trailing, trump_votes_new_{p}_trailing
Checkpoint saved at: /home/ubuntu/apps/election-app/win_prob/P/LA/data_output_LA.csv.checkpoint.json

$ /home/ubuntu/.venv/bin/python3 /home/ubuntu/apps/election-app/stats/7-margin-new.py
Wrote data_output_with_margins_old.csv

$ /home/ubuntu/.venv/bin/python3 /home/ubuntu/apps/election-app/stats/7-eevp-statewide.py
Wrote data_output_with_margins.csv (copied from data_output_with_margins_old.csv)

$ /home/ubuntu/.venv/bin/python3 /home/ubuntu/apps/election-app/stats/7.py --input /home/ubuntu/apps/election-app/win_prob/P/LA/data_output_LA_with_margins_statewide_eevp.csv --output /home/ubuntu/apps/election-app/win_prob/P/LA/statewide_margin_pct_vs_percent_LA_2026.png --state LA --start 2024-11-05T15-30-22 --end 2024-11-05T15-30-22 --stats /home/ubuntu/apps/election-app/win_prob/P/LA/stats.csv --stats2 /home/ubuntu/apps/election-app/win_prob/P/LA/stats2.csv --interval 30 --year 2026 --jsonl /home/ubuntu/apps/election-app/win_prob/P/LA/plotdata_LA_2026_2026-01-25T05-28-54.jsonl
[info] evaluating 1 timestamps from 2024-11-05T15-30-22 to 2024-11-05T15-30-22 every 30 minutes
[saved] probs_timeseries_LA.csv  (1 points)
[saved] /home/ubuntu/apps/election-app/win_prob/P/LA/plotdata_LA_2026_2026-01-25T05-28-54.jsonl  (4 points)
[saved] /home/ubuntu/apps/election-app/win_prob/P/LA/statewide_margin_pct_vs_percent_LA_2026_box.json
[saved] /home/ubuntu/apps/election-app/win_prob/P/LA/statewide_margin_pct_vs_percent_LA_2026_box.png
[saved] /home/ubuntu/apps/election-app/win_prob/P/LA/statewide_margin_pct_vs_percent_LA_2026.png

All 50 states complete. See: /home/ubuntu/apps/election-app/win_prob/P/LA

$ /home/ubuntu/.venv/bin/python3 /home/ubuntu/apps/election-app/stats/8.py --root /home/ubuntu/apps/election-app/win_prob/P/LA/_work --outdir /home/ubuntu/apps/election-app/win_prob/P/LA
[info] root  = /home/ubuntu/apps/election-app/win_prob/P/LA/_work
[info] outdir= /home/ubuntu/apps/election-app/win_prob/P/LA
[deleted] /home/ubuntu/apps/election-app/win_prob/P/LA/_work/stats_with_statewide.csv
[deleted] /home/ubuntu/apps/election-app/win_prob/P/LA/_work/stats2_final_headers.csv
[deleted] /home/ubuntu/apps/election-app/win_prob/P/LA/_work/2024_county_results_with_final-old.csv
[deleted] /home/ubuntu/apps/election-app/win_prob/P/LA/_work/2024_county_results_with_final.csv
[deleted] /home/ubuntu/apps/election-app/win_prob/P/LA/_work/2024_county_results_with_final_1.csv
[deleted] /home/ubuntu/apps/election-app/win_prob/P/LA/_work/2024_county_results_with_calcs-old.csv
[deleted] /home/ubuntu/apps/election-app/win_prob/P/LA/_work/2024_county_results_with_calcs_new.csv
[deleted] /home/ubuntu/apps/election-app/win_prob/P/LA/_work/output_statewide_stats.csv
[skip]    /home/ubuntu/apps/election-app/win_prob/P/LA/_work/probs_timeseries_PA.csv
[deleted] /home/ubuntu/apps/election-app/win_prob/P/LA/_work/2024_county_results_with_calcs.csv
[skip]    /home/ubuntu/apps/election-app/win_prob/P/LA/data_output.csv
[skip]    /home/ubuntu/apps/election-app/win_prob/P/LA/data_output_with_margins_old.csv
[skip]    /home/ubuntu/apps/election-app/win_prob/P/LA/data_output_with_margins.csv
[skip]    /home/ubuntu/apps/election-app/win_prob/P/LA/data_output_with_margins-statewide.csv
[deleted] /home/ubuntu/apps/election-app/win_prob/P/LA/snapshots_LA.csv
[deleted] /home/ubuntu/apps/election-app/win_prob/P/LA/data_output_LA.csv
[deleted] /home/ubuntu/apps/election-app/win_prob/P/LA/data_output_LA_with_margins.csv
[deleted] /home/ubuntu/apps/election-app/win_prob/P/LA/data_output_LA_with_margins_statewide_eevp.csv
[deleted] /home/ubuntu/apps/election-app/win_prob/P/LA/data_output_LA.csv.checkpoint.json
[deleted] /home/ubuntu/apps/election-app/win_prob/P/LA/stats.csv
[deleted] /home/ubuntu/apps/election-app/win_prob/P/LA/stats2.csv
[done] removed 16 file(s)
[2026-01-25 05:35:55] INFO: [PIPELINE] args: office=P state=LA district=None
[2026-01-25 05:35:55] INFO: [PIPELINE] WINPROB_DIR resolved to: /home/ubuntu/apps/election-app/win_prob/P/LA
[2026-01-25 05:35:55] INFO: [PIPELINE] OUTDIR set to: /home/ubuntu/apps/election-app/win_prob/P/LA

$ /home/ubuntu/.venv/bin/python3 /home/ubuntu/apps/election-app/stats/1-statewide.py --input /home/ubuntu/apps/election-app/win_prob/P/LA/stats.csv --output /home/ubuntu/apps/election-app/win_prob/P/LA/_work/stats_with_statewide.csv
Wrote /home/ubuntu/apps/election-app/win_prob/P/LA/_work/stats_with_statewide.csv (rows=64)

$ /home/ubuntu/.venv/bin/python3 /home/ubuntu/apps/election-app/stats/1-stats-2.py --input /home/ubuntu/apps/election-app/win_prob/P/LA/stats2.csv --output /home/ubuntu/apps/election-app/win_prob/P/LA/_work/stats2_final_headers.csv
Wrote /home/ubuntu/apps/election-app/win_prob/P/LA/_work/stats2_final_headers.csv (rows=64)

$ /home/ubuntu/.venv/bin/python3 /home/ubuntu/apps/election-app/stats/1-append-new.py
Wrote 2024_county_results_with_final-old.csv (rows=64, missing_final_matches=0)

$ /home/ubuntu/.venv/bin/python3 /home/ubuntu/apps/election-app/stats/1-change_header.py
Wrote: 2024_county_results_with_final.csv

$ /home/ubuntu/.venv/bin/python3 /home/ubuntu/apps/election-app/stats/1-cut-zero-fips.py
Wrote: 2024_county_results_with_final_1.csv
Rows before: 64
Rows after:  64
Dropped (fips == 0): 0

$ /home/ubuntu/.venv/bin/python3 /home/ubuntu/apps/election-app/stats/2-calc.py
Wrote 64 rows with calculations to /home/ubuntu/apps/election-app/win_prob/P/LA/_work/2024_county_results_with_calcs-old.csv

$ /home/ubuntu/.venv/bin/python3 /home/ubuntu/apps/election-app/stats/2-eevp.py
Wrote (no-op copy): 2024_county_results_with_calcs.csv
Columns:
 - timestamp
 - state
 - county
 - fips
 - trump_votes
 - harris_votes
 - other_votes
 - eevp
 - state_eevp
 - harris_votes_statewide
 - trump_votes_statewide
 - other_votes_statewide
 - final_state
 - final_county
 - final_fips
 - final_trump_votes
 - final_harris_votes
 - final_other_votes
 - harris_percent_snapshot
 - trump_percent_snapshot
 - margin_snapshot
 - harris_percent_final
 - trump_percent_final
 - margin_final
 - margin_difference
 - margin_difference_abs

$ /home/ubuntu/.venv/bin/python3 /home/ubuntu/apps/election-app/stats/3-calc-new.py
Wrote 64 rows with new columns to /home/ubuntu/apps/election-app/win_prob/P/LA/_work/2024_county_results_with_calcs_new.csv

$ /home/ubuntu/.venv/bin/python3 /home/ubuntu/apps/election-app/stats/4-stats.py
Reading 2024_county_results_with_calcs_new.csv...
Aggregating statewide totals...
Calculating percentages and margins...
Writing to output_statewide_stats.csv...
Done!
[2026-01-25 05:36:04] INFO: [PIPELINE] ENTER win-prob generation | states=['LA'] ts_list=['2024-11-05T15-30-22']

============================================================================
[01/1] STATE = LA
============================================================================

$ /home/ubuntu/.venv/bin/python3 /home/ubuntu/apps/election-app/stats/5-snapshots.py --state LA --input /home/ubuntu/apps/election-app/win_prob/P/LA/_work/output_statewide_stats.csv --output /home/ubuntu/apps/election-app/win_prob/P/LA/snapshots_LA.csv --start 2024-11-05T15-30-22 --end 2024-11-05T15-30-22 --use-window 1 --interval 30
Mode: windowed-one-state
Rows written: 64
Distinct states in output: LA
Rows per normalized timestamp (empty = unparseable):
  2024-11-05T15-30-22: 64
Wrote /home/ubuntu/apps/election-app/win_prob/P/LA/snapshots_LA.csv

$ /home/ubuntu/.venv/bin/python3 /home/ubuntu/apps/election-app/stats/6-pval.py /home/ubuntu/apps/election-app/win_prob/P/LA/snapshots_LA.csv -t /home/ubuntu/apps/election-app/stats/parameters.csv -o /home/ubuntu/apps/election-app/win_prob/P/LA/data_output_LA.csv -c 50
Done. Wrote: /home/ubuntu/apps/election-app/win_prob/P/LA/data_output_LA.csv
Total rows: 64 (chunked, resumable).
Computed columns for PVALS = [0.01, 0.1, 1, 2, 3, 5, 10, 15, 20, 25, 30, 35, 40, 45, 50, 55, 60, 65, 70, 75, 80, 85, 90, 95, 97, 98, 99, 99.9, 99.99]
Per p (leader): shift_{p}, margin_new_{p}, harris_percent_new_{p}, trump_percent_new_{p}, total_snapshot_{p}, total_expected_{p}, harris_votes_new_{p}, trump_votes_new_{p}
Per p (trailing): shift_trailing_{p}, margin_new_{p}_trailing, harris_percent_new_{p}_trailing, trump_percent_new_{p}_trailing, total_snapshot_{p}_trailing, total_expected_{p}_trailing, harris_votes_new_{p}_trailing, trump_votes_new_{p}_trailing
Checkpoint saved at: /home/ubuntu/apps/election-app/win_prob/P/LA/data_output_LA.csv.checkpoint.json

$ /home/ubuntu/.venv/bin/python3 /home/ubuntu/apps/election-app/stats/7-margin-new.py
Wrote data_output_with_margins_old.csv

$ /home/ubuntu/.venv/bin/python3 /home/ubuntu/apps/election-app/stats/7-eevp-statewide.py
Wrote data_output_with_margins.csv (copied from data_output_with_margins_old.csv)

$ /home/ubuntu/.venv/bin/python3 /home/ubuntu/apps/election-app/stats/7.py --input /home/ubuntu/apps/election-app/win_prob/P/LA/data_output_LA_with_margins_statewide_eevp.csv --output /home/ubuntu/apps/election-app/win_prob/P/LA/statewide_margin_pct_vs_percent_LA_2026.png --state LA --start 2024-11-05T15-30-22 --end 2024-11-05T15-30-22 --stats /home/ubuntu/apps/election-app/win_prob/P/LA/stats.csv --stats2 /home/ubuntu/apps/election-app/win_prob/P/LA/stats2.csv --interval 30 --year 2026 --jsonl /home/ubuntu/apps/election-app/win_prob/P/LA/plotdata_LA_2026_2026-01-25T05-35-55.jsonl
[info] evaluating 1 timestamps from 2024-11-05T15-30-22 to 2024-11-05T15-30-22 every 30 minutes
[saved] probs_timeseries_LA.csv  (1 points)
[saved] /home/ubuntu/apps/election-app/win_prob/P/LA/plotdata_LA_2026_2026-01-25T05-35-55.jsonl  (4 points)
[saved] /home/ubuntu/apps/election-app/win_prob/P/LA/statewide_margin_pct_vs_percent_LA_2026_box.json
[saved] /home/ubuntu/apps/election-app/win_prob/P/LA/statewide_margin_pct_vs_percent_LA_2026_box.png
[saved] /home/ubuntu/apps/election-app/win_prob/P/LA/statewide_margin_pct_vs_percent_LA_2026.png

All 50 states complete. See: /home/ubuntu/apps/election-app/win_prob/P/LA

$ /home/ubuntu/.venv/bin/python3 /home/ubuntu/apps/election-app/stats/8.py --root /home/ubuntu/apps/election-app/win_prob/P/LA/_work --outdir /home/ubuntu/apps/election-app/win_prob/P/LA
[info] root  = /home/ubuntu/apps/election-app/win_prob/P/LA/_work
[info] outdir= /home/ubuntu/apps/election-app/win_prob/P/LA
[deleted] /home/ubuntu/apps/election-app/win_prob/P/LA/_work/stats_with_statewide.csv
[deleted] /home/ubuntu/apps/election-app/win_prob/P/LA/_work/stats2_final_headers.csv
[deleted] /home/ubuntu/apps/election-app/win_prob/P/LA/_work/2024_county_results_with_final-old.csv
[deleted] /home/ubuntu/apps/election-app/win_prob/P/LA/_work/2024_county_results_with_final.csv
[deleted] /home/ubuntu/apps/election-app/win_prob/P/LA/_work/2024_county_results_with_final_1.csv
[deleted] /home/ubuntu/apps/election-app/win_prob/P/LA/_work/2024_county_results_with_calcs-old.csv
[deleted] /home/ubuntu/apps/election-app/win_prob/P/LA/_work/2024_county_results_with_calcs_new.csv
[deleted] /home/ubuntu/apps/election-app/win_prob/P/LA/_work/output_statewide_stats.csv
[skip]    /home/ubuntu/apps/election-app/win_prob/P/LA/_work/probs_timeseries_PA.csv
[deleted] /home/ubuntu/apps/election-app/win_prob/P/LA/_work/2024_county_results_with_calcs.csv
[skip]    /home/ubuntu/apps/election-app/win_prob/P/LA/data_output.csv
[skip]    /home/ubuntu/apps/election-app/win_prob/P/LA/data_output_with_margins_old.csv
[skip]    /home/ubuntu/apps/election-app/win_prob/P/LA/data_output_with_margins.csv
[skip]    /home/ubuntu/apps/election-app/win_prob/P/LA/data_output_with_margins-statewide.csv
[deleted] /home/ubuntu/apps/election-app/win_prob/P/LA/snapshots_LA.csv
[deleted] /home/ubuntu/apps/election-app/win_prob/P/LA/data_output_LA.csv
[deleted] /home/ubuntu/apps/election-app/win_prob/P/LA/data_output_LA_with_margins.csv
[deleted] /home/ubuntu/apps/election-app/win_prob/P/LA/data_output_LA_with_margins_statewide_eevp.csv
[deleted] /home/ubuntu/apps/election-app/win_prob/P/LA/data_output_LA.csv.checkpoint.json
[deleted] /home/ubuntu/apps/election-app/win_prob/P/LA/stats.csv
[deleted] /home/ubuntu/apps/election-app/win_prob/P/LA/stats2.csv
[done] removed 16 file(s)
[2026-01-25 05:42:56] INFO: [PIPELINE] args: office=P state=LA district=None
[2026-01-25 05:42:56] INFO: [PIPELINE] WINPROB_DIR resolved to: /home/ubuntu/apps/election-app/win_prob/P/LA
[2026-01-25 05:42:56] INFO: [PIPELINE] OUTDIR set to: /home/ubuntu/apps/election-app/win_prob/P/LA

$ /home/ubuntu/.venv/bin/python3 /home/ubuntu/apps/election-app/stats/1-statewide.py --input /home/ubuntu/apps/election-app/win_prob/P/LA/stats.csv --output /home/ubuntu/apps/election-app/win_prob/P/LA/_work/stats_with_statewide.csv
Wrote /home/ubuntu/apps/election-app/win_prob/P/LA/_work/stats_with_statewide.csv (rows=64)

$ /home/ubuntu/.venv/bin/python3 /home/ubuntu/apps/election-app/stats/1-stats-2.py --input /home/ubuntu/apps/election-app/win_prob/P/LA/stats2.csv --output /home/ubuntu/apps/election-app/win_prob/P/LA/_work/stats2_final_headers.csv
Wrote /home/ubuntu/apps/election-app/win_prob/P/LA/_work/stats2_final_headers.csv (rows=64)

$ /home/ubuntu/.venv/bin/python3 /home/ubuntu/apps/election-app/stats/1-append-new.py
Wrote 2024_county_results_with_final-old.csv (rows=64, missing_final_matches=0)

$ /home/ubuntu/.venv/bin/python3 /home/ubuntu/apps/election-app/stats/1-change_header.py
Wrote: 2024_county_results_with_final.csv

$ /home/ubuntu/.venv/bin/python3 /home/ubuntu/apps/election-app/stats/1-cut-zero-fips.py
Wrote: 2024_county_results_with_final_1.csv
Rows before: 64
Rows after:  64
Dropped (fips == 0): 0

$ /home/ubuntu/.venv/bin/python3 /home/ubuntu/apps/election-app/stats/2-calc.py
Wrote 64 rows with calculations to /home/ubuntu/apps/election-app/win_prob/P/LA/_work/2024_county_results_with_calcs-old.csv

$ /home/ubuntu/.venv/bin/python3 /home/ubuntu/apps/election-app/stats/2-eevp.py
Wrote (no-op copy): 2024_county_results_with_calcs.csv
Columns:
 - timestamp
 - state
 - county
 - fips
 - trump_votes
 - harris_votes
 - other_votes
 - eevp
 - state_eevp
 - harris_votes_statewide
 - trump_votes_statewide
 - other_votes_statewide
 - final_state
 - final_county
 - final_fips
 - final_trump_votes
 - final_harris_votes
 - final_other_votes
 - harris_percent_snapshot
 - trump_percent_snapshot
 - margin_snapshot
 - harris_percent_final
 - trump_percent_final
 - margin_final
 - margin_difference
 - margin_difference_abs

$ /home/ubuntu/.venv/bin/python3 /home/ubuntu/apps/election-app/stats/3-calc-new.py
Wrote 64 rows with new columns to /home/ubuntu/apps/election-app/win_prob/P/LA/_work/2024_county_results_with_calcs_new.csv

$ /home/ubuntu/.venv/bin/python3 /home/ubuntu/apps/election-app/stats/4-stats.py
Reading 2024_county_results_with_calcs_new.csv...
Aggregating statewide totals...
Calculating percentages and margins...
Writing to output_statewide_stats.csv...
Done!
[2026-01-25 05:43:05] INFO: [PIPELINE] ENTER win-prob generation | states=['LA'] ts_list=['2024-11-05T15-30-22']

============================================================================
[01/1] STATE = LA
============================================================================

$ /home/ubuntu/.venv/bin/python3 /home/ubuntu/apps/election-app/stats/5-snapshots.py --state LA --input /home/ubuntu/apps/election-app/win_prob/P/LA/_work/output_statewide_stats.csv --output /home/ubuntu/apps/election-app/win_prob/P/LA/snapshots_LA.csv --start 2024-11-05T15-30-22 --end 2024-11-05T15-30-22 --use-window 1 --interval 30
Mode: windowed-one-state
Rows written: 64
Distinct states in output: LA
Rows per normalized timestamp (empty = unparseable):
  2024-11-05T15-30-22: 64
Wrote /home/ubuntu/apps/election-app/win_prob/P/LA/snapshots_LA.csv

$ /home/ubuntu/.venv/bin/python3 /home/ubuntu/apps/election-app/stats/6-pval.py /home/ubuntu/apps/election-app/win_prob/P/LA/snapshots_LA.csv -t /home/ubuntu/apps/election-app/stats/parameters.csv -o /home/ubuntu/apps/election-app/win_prob/P/LA/data_output_LA.csv -c 50
Done. Wrote: /home/ubuntu/apps/election-app/win_prob/P/LA/data_output_LA.csv
Total rows: 64 (chunked, resumable).
Computed columns for PVALS = [0.01, 0.1, 1, 2, 3, 5, 10, 15, 20, 25, 30, 35, 40, 45, 50, 55, 60, 65, 70, 75, 80, 85, 90, 95, 97, 98, 99, 99.9, 99.99]
Per p (leader): shift_{p}, margin_new_{p}, harris_percent_new_{p}, trump_percent_new_{p}, total_snapshot_{p}, total_expected_{p}, harris_votes_new_{p}, trump_votes_new_{p}
Per p (trailing): shift_trailing_{p}, margin_new_{p}_trailing, harris_percent_new_{p}_trailing, trump_percent_new_{p}_trailing, total_snapshot_{p}_trailing, total_expected_{p}_trailing, harris_votes_new_{p}_trailing, trump_votes_new_{p}_trailing
Checkpoint saved at: /home/ubuntu/apps/election-app/win_prob/P/LA/data_output_LA.csv.checkpoint.json

$ /home/ubuntu/.venv/bin/python3 /home/ubuntu/apps/election-app/stats/7-margin-new.py
Wrote data_output_with_margins_old.csv

$ /home/ubuntu/.venv/bin/python3 /home/ubuntu/apps/election-app/stats/7-eevp-statewide.py
Wrote data_output_with_margins.csv (copied from data_output_with_margins_old.csv)

$ /home/ubuntu/.venv/bin/python3 /home/ubuntu/apps/election-app/stats/7.py --input /home/ubuntu/apps/election-app/win_prob/P/LA/data_output_LA_with_margins_statewide_eevp.csv --output /home/ubuntu/apps/election-app/win_prob/P/LA/statewide_margin_pct_vs_percent_LA_2026.png --state LA --start 2024-11-05T15-30-22 --end 2024-11-05T15-30-22 --stats /home/ubuntu/apps/election-app/win_prob/P/LA/stats.csv --stats2 /home/ubuntu/apps/election-app/win_prob/P/LA/stats2.csv --interval 30 --year 2026 --jsonl /home/ubuntu/apps/election-app/win_prob/P/LA/plotdata_LA_2026_2026-01-25T05-42-56.jsonl
[info] evaluating 1 timestamps from 2024-11-05T15-30-22 to 2024-11-05T15-30-22 every 30 minutes
[saved] probs_timeseries_LA.csv  (1 points)
[saved] /home/ubuntu/apps/election-app/win_prob/P/LA/plotdata_LA_2026_2026-01-25T05-42-56.jsonl  (4 points)
[saved] /home/ubuntu/apps/election-app/win_prob/P/LA/statewide_margin_pct_vs_percent_LA_2026_box.json
[saved] /home/ubuntu/apps/election-app/win_prob/P/LA/statewide_margin_pct_vs_percent_LA_2026_box.png
[saved] /home/ubuntu/apps/election-app/win_prob/P/LA/statewide_margin_pct_vs_percent_LA_2026.png

All 50 states complete. See: /home/ubuntu/apps/election-app/win_prob/P/LA

$ /home/ubuntu/.venv/bin/python3 /home/ubuntu/apps/election-app/stats/8.py --root /home/ubuntu/apps/election-app/win_prob/P/LA/_work --outdir /home/ubuntu/apps/election-app/win_prob/P/LA
[info] root  = /home/ubuntu/apps/election-app/win_prob/P/LA/_work
[info] outdir= /home/ubuntu/apps/election-app/win_prob/P/LA
[deleted] /home/ubuntu/apps/election-app/win_prob/P/LA/_work/stats_with_statewide.csv
[deleted] /home/ubuntu/apps/election-app/win_prob/P/LA/_work/stats2_final_headers.csv
[deleted] /home/ubuntu/apps/election-app/win_prob/P/LA/_work/2024_county_results_with_final-old.csv
[deleted] /home/ubuntu/apps/election-app/win_prob/P/LA/_work/2024_county_results_with_final.csv
[deleted] /home/ubuntu/apps/election-app/win_prob/P/LA/_work/2024_county_results_with_final_1.csv
[deleted] /home/ubuntu/apps/election-app/win_prob/P/LA/_work/2024_county_results_with_calcs-old.csv
[deleted] /home/ubuntu/apps/election-app/win_prob/P/LA/_work/2024_county_results_with_calcs_new.csv
[deleted] /home/ubuntu/apps/election-app/win_prob/P/LA/_work/output_statewide_stats.csv
[skip]    /home/ubuntu/apps/election-app/win_prob/P/LA/_work/probs_timeseries_PA.csv
[deleted] /home/ubuntu/apps/election-app/win_prob/P/LA/_work/2024_county_results_with_calcs.csv
[skip]    /home/ubuntu/apps/election-app/win_prob/P/LA/data_output.csv
[skip]    /home/ubuntu/apps/election-app/win_prob/P/LA/data_output_with_margins_old.csv
[skip]    /home/ubuntu/apps/election-app/win_prob/P/LA/data_output_with_margins.csv
[skip]    /home/ubuntu/apps/election-app/win_prob/P/LA/data_output_with_margins-statewide.csv
[deleted] /home/ubuntu/apps/election-app/win_prob/P/LA/snapshots_LA.csv
[deleted] /home/ubuntu/apps/election-app/win_prob/P/LA/data_output_LA.csv
[deleted] /home/ubuntu/apps/election-app/win_prob/P/LA/data_output_LA_with_margins.csv
[deleted] /home/ubuntu/apps/election-app/win_prob/P/LA/data_output_LA_with_margins_statewide_eevp.csv
[deleted] /home/ubuntu/apps/election-app/win_prob/P/LA/data_output_LA.csv.checkpoint.json
[deleted] /home/ubuntu/apps/election-app/win_prob/P/LA/stats.csv
[deleted] /home/ubuntu/apps/election-app/win_prob/P/LA/stats2.csv
[done] removed 16 file(s)
[2026-01-25 05:56:57] INFO: [PIPELINE] args: office=P state=LA district=None
[2026-01-25 05:56:57] INFO: [PIPELINE] WINPROB_DIR resolved to: /home/ubuntu/apps/election-app/win_prob/P/LA
[2026-01-25 05:56:57] INFO: [PIPELINE] OUTDIR set to: /home/ubuntu/apps/election-app/win_prob/P/LA

$ /home/ubuntu/.venv/bin/python3 /home/ubuntu/apps/election-app/stats/1-statewide.py --input /home/ubuntu/apps/election-app/win_prob/P/LA/stats.csv --output /home/ubuntu/apps/election-app/win_prob/P/LA/_work/stats_with_statewide.csv
Wrote /home/ubuntu/apps/election-app/win_prob/P/LA/_work/stats_with_statewide.csv (rows=64)

$ /home/ubuntu/.venv/bin/python3 /home/ubuntu/apps/election-app/stats/1-stats-2.py --input /home/ubuntu/apps/election-app/win_prob/P/LA/stats2.csv --output /home/ubuntu/apps/election-app/win_prob/P/LA/_work/stats2_final_headers.csv
Wrote /home/ubuntu/apps/election-app/win_prob/P/LA/_work/stats2_final_headers.csv (rows=64)

$ /home/ubuntu/.venv/bin/python3 /home/ubuntu/apps/election-app/stats/1-append-new.py
Wrote 2024_county_results_with_final-old.csv (rows=64, missing_final_matches=0)

$ /home/ubuntu/.venv/bin/python3 /home/ubuntu/apps/election-app/stats/1-change_header.py
Wrote: 2024_county_results_with_final.csv

$ /home/ubuntu/.venv/bin/python3 /home/ubuntu/apps/election-app/stats/1-cut-zero-fips.py
Wrote: 2024_county_results_with_final_1.csv
Rows before: 64
Rows after:  64
Dropped (fips == 0): 0

$ /home/ubuntu/.venv/bin/python3 /home/ubuntu/apps/election-app/stats/2-calc.py
Wrote 64 rows with calculations to /home/ubuntu/apps/election-app/win_prob/P/LA/_work/2024_county_results_with_calcs-old.csv

$ /home/ubuntu/.venv/bin/python3 /home/ubuntu/apps/election-app/stats/2-eevp.py
Wrote (no-op copy): 2024_county_results_with_calcs.csv
Columns:
 - timestamp
 - state
 - county
 - fips
 - trump_votes
 - harris_votes
 - other_votes
 - eevp
 - state_eevp
 - harris_votes_statewide
 - trump_votes_statewide
 - other_votes_statewide
 - final_state
 - final_county
 - final_fips
 - final_trump_votes
 - final_harris_votes
 - final_other_votes
 - harris_percent_snapshot
 - trump_percent_snapshot
 - margin_snapshot
 - harris_percent_final
 - trump_percent_final
 - margin_final
 - margin_difference
 - margin_difference_abs

$ /home/ubuntu/.venv/bin/python3 /home/ubuntu/apps/election-app/stats/3-calc-new.py
Wrote 64 rows with new columns to /home/ubuntu/apps/election-app/win_prob/P/LA/_work/2024_county_results_with_calcs_new.csv

$ /home/ubuntu/.venv/bin/python3 /home/ubuntu/apps/election-app/stats/4-stats.py
Reading 2024_county_results_with_calcs_new.csv...
Aggregating statewide totals...
Calculating percentages and margins...
Writing to output_statewide_stats.csv...
Done!
[2026-01-25 05:57:06] INFO: [PIPELINE] ENTER win-prob generation | states=['LA'] ts_list=['2024-11-05T15-30-22']

============================================================================
[01/1] STATE = LA
============================================================================

$ /home/ubuntu/.venv/bin/python3 /home/ubuntu/apps/election-app/stats/5-snapshots.py --state LA --input /home/ubuntu/apps/election-app/win_prob/P/LA/_work/output_statewide_stats.csv --output /home/ubuntu/apps/election-app/win_prob/P/LA/snapshots_LA.csv --start 2024-11-05T15-30-22 --end 2024-11-05T15-30-22 --use-window 1 --interval 30
Mode: windowed-one-state
Rows written: 64
Distinct states in output: LA
Rows per normalized timestamp (empty = unparseable):
  2024-11-05T15-30-22: 64
Wrote /home/ubuntu/apps/election-app/win_prob/P/LA/snapshots_LA.csv

$ /home/ubuntu/.venv/bin/python3 /home/ubuntu/apps/election-app/stats/6-pval.py /home/ubuntu/apps/election-app/win_prob/P/LA/snapshots_LA.csv -t /home/ubuntu/apps/election-app/stats/parameters.csv -o /home/ubuntu/apps/election-app/win_prob/P/LA/data_output_LA.csv -c 50
Done. Wrote: /home/ubuntu/apps/election-app/win_prob/P/LA/data_output_LA.csv
Total rows: 64 (chunked, resumable).
Computed columns for PVALS = [0.01, 0.1, 1, 2, 3, 5, 10, 15, 20, 25, 30, 35, 40, 45, 50, 55, 60, 65, 70, 75, 80, 85, 90, 95, 97, 98, 99, 99.9, 99.99]
Per p (leader): shift_{p}, margin_new_{p}, harris_percent_new_{p}, trump_percent_new_{p}, total_snapshot_{p}, total_expected_{p}, harris_votes_new_{p}, trump_votes_new_{p}
Per p (trailing): shift_trailing_{p}, margin_new_{p}_trailing, harris_percent_new_{p}_trailing, trump_percent_new_{p}_trailing, total_snapshot_{p}_trailing, total_expected_{p}_trailing, harris_votes_new_{p}_trailing, trump_votes_new_{p}_trailing
Checkpoint saved at: /home/ubuntu/apps/election-app/win_prob/P/LA/data_output_LA.csv.checkpoint.json

$ /home/ubuntu/.venv/bin/python3 /home/ubuntu/apps/election-app/stats/7-margin-new.py
Wrote data_output_with_margins_old.csv

$ /home/ubuntu/.venv/bin/python3 /home/ubuntu/apps/election-app/stats/7-eevp-statewide.py
Wrote data_output_with_margins.csv (copied from data_output_with_margins_old.csv)

$ /home/ubuntu/.venv/bin/python3 /home/ubuntu/apps/election-app/stats/7.py --input /home/ubuntu/apps/election-app/win_prob/P/LA/data_output_LA_with_margins_statewide_eevp.csv --output /home/ubuntu/apps/election-app/win_prob/P/LA/statewide_margin_pct_vs_percent_LA_2026.png --state LA --start 2024-11-05T15-30-22 --end 2024-11-05T15-30-22 --stats /home/ubuntu/apps/election-app/win_prob/P/LA/stats.csv --stats2 /home/ubuntu/apps/election-app/win_prob/P/LA/stats2.csv --interval 30 --year 2026 --jsonl /home/ubuntu/apps/election-app/win_prob/P/LA/plotdata_LA_2026_2026-01-25T05-56-57.jsonl
[info] evaluating 1 timestamps from 2024-11-05T15-30-22 to 2024-11-05T15-30-22 every 30 minutes
[saved] probs_timeseries_LA.csv  (1 points)
[saved] /home/ubuntu/apps/election-app/win_prob/P/LA/plotdata_LA_2026_2026-01-25T05-56-57.jsonl  (4 points)
[saved] /home/ubuntu/apps/election-app/win_prob/P/LA/statewide_margin_pct_vs_percent_LA_2026_box.json
[saved] /home/ubuntu/apps/election-app/win_prob/P/LA/statewide_margin_pct_vs_percent_LA_2026_box.png
[saved] /home/ubuntu/apps/election-app/win_prob/P/LA/statewide_margin_pct_vs_percent_LA_2026.png

All 50 states complete. See: /home/ubuntu/apps/election-app/win_prob/P/LA

$ /home/ubuntu/.venv/bin/python3 /home/ubuntu/apps/election-app/stats/8.py --root /home/ubuntu/apps/election-app/win_prob/P/LA/_work --outdir /home/ubuntu/apps/election-app/win_prob/P/LA
[info] root  = /home/ubuntu/apps/election-app/win_prob/P/LA/_work
[info] outdir= /home/ubuntu/apps/election-app/win_prob/P/LA
[deleted] /home/ubuntu/apps/election-app/win_prob/P/LA/_work/stats_with_statewide.csv
[deleted] /home/ubuntu/apps/election-app/win_prob/P/LA/_work/stats2_final_headers.csv
[deleted] /home/ubuntu/apps/election-app/win_prob/P/LA/_work/2024_county_results_with_final-old.csv
[deleted] /home/ubuntu/apps/election-app/win_prob/P/LA/_work/2024_county_results_with_final.csv
[deleted] /home/ubuntu/apps/election-app/win_prob/P/LA/_work/2024_county_results_with_final_1.csv
[deleted] /home/ubuntu/apps/election-app/win_prob/P/LA/_work/2024_county_results_with_calcs-old.csv
[deleted] /home/ubuntu/apps/election-app/win_prob/P/LA/_work/2024_county_results_with_calcs_new.csv
[deleted] /home/ubuntu/apps/election-app/win_prob/P/LA/_work/output_statewide_stats.csv
[skip]    /home/ubuntu/apps/election-app/win_prob/P/LA/_work/probs_timeseries_PA.csv
[deleted] /home/ubuntu/apps/election-app/win_prob/P/LA/_work/2024_county_results_with_calcs.csv
[skip]    /home/ubuntu/apps/election-app/win_prob/P/LA/data_output.csv
[skip]    /home/ubuntu/apps/election-app/win_prob/P/LA/data_output_with_margins_old.csv
[skip]    /home/ubuntu/apps/election-app/win_prob/P/LA/data_output_with_margins.csv
[skip]    /home/ubuntu/apps/election-app/win_prob/P/LA/data_output_with_margins-statewide.csv
[deleted] /home/ubuntu/apps/election-app/win_prob/P/LA/snapshots_LA.csv
[deleted] /home/ubuntu/apps/election-app/win_prob/P/LA/data_output_LA.csv
[deleted] /home/ubuntu/apps/election-app/win_prob/P/LA/data_output_LA_with_margins.csv
[deleted] /home/ubuntu/apps/election-app/win_prob/P/LA/data_output_LA_with_margins_statewide_eevp.csv
[deleted] /home/ubuntu/apps/election-app/win_prob/P/LA/data_output_LA.csv.checkpoint.json
[deleted] /home/ubuntu/apps/election-app/win_prob/P/LA/stats.csv
[deleted] /home/ubuntu/apps/election-app/win_prob/P/LA/stats2.csv
[done] removed 16 file(s)
[2026-01-25 06:03:58] INFO: [PIPELINE] args: office=P state=LA district=None
[2026-01-25 06:03:58] INFO: [PIPELINE] WINPROB_DIR resolved to: /home/ubuntu/apps/election-app/win_prob/P/LA
[2026-01-25 06:03:58] INFO: [PIPELINE] OUTDIR set to: /home/ubuntu/apps/election-app/win_prob/P/LA

$ /home/ubuntu/.venv/bin/python3 /home/ubuntu/apps/election-app/stats/1-statewide.py --input /home/ubuntu/apps/election-app/win_prob/P/LA/stats.csv --output /home/ubuntu/apps/election-app/win_prob/P/LA/_work/stats_with_statewide.csv
Wrote /home/ubuntu/apps/election-app/win_prob/P/LA/_work/stats_with_statewide.csv (rows=64)

$ /home/ubuntu/.venv/bin/python3 /home/ubuntu/apps/election-app/stats/1-stats-2.py --input /home/ubuntu/apps/election-app/win_prob/P/LA/stats2.csv --output /home/ubuntu/apps/election-app/win_prob/P/LA/_work/stats2_final_headers.csv
Wrote /home/ubuntu/apps/election-app/win_prob/P/LA/_work/stats2_final_headers.csv (rows=64)

$ /home/ubuntu/.venv/bin/python3 /home/ubuntu/apps/election-app/stats/1-append-new.py
Wrote 2024_county_results_with_final-old.csv (rows=64, missing_final_matches=0)

$ /home/ubuntu/.venv/bin/python3 /home/ubuntu/apps/election-app/stats/1-change_header.py
Wrote: 2024_county_results_with_final.csv

$ /home/ubuntu/.venv/bin/python3 /home/ubuntu/apps/election-app/stats/1-cut-zero-fips.py
Wrote: 2024_county_results_with_final_1.csv
Rows before: 64
Rows after:  64
Dropped (fips == 0): 0

$ /home/ubuntu/.venv/bin/python3 /home/ubuntu/apps/election-app/stats/2-calc.py
Wrote 64 rows with calculations to /home/ubuntu/apps/election-app/win_prob/P/LA/_work/2024_county_results_with_calcs-old.csv

$ /home/ubuntu/.venv/bin/python3 /home/ubuntu/apps/election-app/stats/2-eevp.py
Wrote (no-op copy): 2024_county_results_with_calcs.csv
Columns:
 - timestamp
 - state
 - county
 - fips
 - trump_votes
 - harris_votes
 - other_votes
 - eevp
 - state_eevp
 - harris_votes_statewide
 - trump_votes_statewide
 - other_votes_statewide
 - final_state
 - final_county
 - final_fips
 - final_trump_votes
 - final_harris_votes
 - final_other_votes
 - harris_percent_snapshot
 - trump_percent_snapshot
 - margin_snapshot
 - harris_percent_final
 - trump_percent_final
 - margin_final
 - margin_difference
 - margin_difference_abs

$ /home/ubuntu/.venv/bin/python3 /home/ubuntu/apps/election-app/stats/3-calc-new.py
Wrote 64 rows with new columns to /home/ubuntu/apps/election-app/win_prob/P/LA/_work/2024_county_results_with_calcs_new.csv

$ /home/ubuntu/.venv/bin/python3 /home/ubuntu/apps/election-app/stats/4-stats.py
Reading 2024_county_results_with_calcs_new.csv...
Aggregating statewide totals...
Calculating percentages and margins...
Writing to output_statewide_stats.csv...
Done!
[2026-01-25 06:04:07] INFO: [PIPELINE] ENTER win-prob generation | states=['LA'] ts_list=['2024-11-05T15-30-22']

============================================================================
[01/1] STATE = LA
============================================================================

$ /home/ubuntu/.venv/bin/python3 /home/ubuntu/apps/election-app/stats/5-snapshots.py --state LA --input /home/ubuntu/apps/election-app/win_prob/P/LA/_work/output_statewide_stats.csv --output /home/ubuntu/apps/election-app/win_prob/P/LA/snapshots_LA.csv --start 2024-11-05T15-30-22 --end 2024-11-05T15-30-22 --use-window 1 --interval 30
Mode: windowed-one-state
Rows written: 64
Distinct states in output: LA
Rows per normalized timestamp (empty = unparseable):
  2024-11-05T15-30-22: 64
Wrote /home/ubuntu/apps/election-app/win_prob/P/LA/snapshots_LA.csv

$ /home/ubuntu/.venv/bin/python3 /home/ubuntu/apps/election-app/stats/6-pval.py /home/ubuntu/apps/election-app/win_prob/P/LA/snapshots_LA.csv -t /home/ubuntu/apps/election-app/stats/parameters.csv -o /home/ubuntu/apps/election-app/win_prob/P/LA/data_output_LA.csv -c 50
Done. Wrote: /home/ubuntu/apps/election-app/win_prob/P/LA/data_output_LA.csv
Total rows: 64 (chunked, resumable).
Computed columns for PVALS = [0.01, 0.1, 1, 2, 3, 5, 10, 15, 20, 25, 30, 35, 40, 45, 50, 55, 60, 65, 70, 75, 80, 85, 90, 95, 97, 98, 99, 99.9, 99.99]
Per p (leader): shift_{p}, margin_new_{p}, harris_percent_new_{p}, trump_percent_new_{p}, total_snapshot_{p}, total_expected_{p}, harris_votes_new_{p}, trump_votes_new_{p}
Per p (trailing): shift_trailing_{p}, margin_new_{p}_trailing, harris_percent_new_{p}_trailing, trump_percent_new_{p}_trailing, total_snapshot_{p}_trailing, total_expected_{p}_trailing, harris_votes_new_{p}_trailing, trump_votes_new_{p}_trailing
Checkpoint saved at: /home/ubuntu/apps/election-app/win_prob/P/LA/data_output_LA.csv.checkpoint.json

$ /home/ubuntu/.venv/bin/python3 /home/ubuntu/apps/election-app/stats/7-margin-new.py
Wrote data_output_with_margins_old.csv

$ /home/ubuntu/.venv/bin/python3 /home/ubuntu/apps/election-app/stats/7-eevp-statewide.py
Wrote data_output_with_margins.csv (copied from data_output_with_margins_old.csv)

$ /home/ubuntu/.venv/bin/python3 /home/ubuntu/apps/election-app/stats/7.py --input /home/ubuntu/apps/election-app/win_prob/P/LA/data_output_LA_with_margins_statewide_eevp.csv --output /home/ubuntu/apps/election-app/win_prob/P/LA/statewide_margin_pct_vs_percent_LA_2026.png --state LA --start 2024-11-05T15-30-22 --end 2024-11-05T15-30-22 --stats /home/ubuntu/apps/election-app/win_prob/P/LA/stats.csv --stats2 /home/ubuntu/apps/election-app/win_prob/P/LA/stats2.csv --interval 30 --year 2026 --jsonl /home/ubuntu/apps/election-app/win_prob/P/LA/plotdata_LA_2026_2026-01-25T06-03-58.jsonl
[info] evaluating 1 timestamps from 2024-11-05T15-30-22 to 2024-11-05T15-30-22 every 30 minutes
[saved] probs_timeseries_LA.csv  (1 points)
[saved] /home/ubuntu/apps/election-app/win_prob/P/LA/plotdata_LA_2026_2026-01-25T06-03-58.jsonl  (4 points)
[saved] /home/ubuntu/apps/election-app/win_prob/P/LA/statewide_margin_pct_vs_percent_LA_2026_box.json
[saved] /home/ubuntu/apps/election-app/win_prob/P/LA/statewide_margin_pct_vs_percent_LA_2026_box.png
[saved] /home/ubuntu/apps/election-app/win_prob/P/LA/statewide_margin_pct_vs_percent_LA_2026.png

All 50 states complete. See: /home/ubuntu/apps/election-app/win_prob/P/LA

$ /home/ubuntu/.venv/bin/python3 /home/ubuntu/apps/election-app/stats/8.py --root /home/ubuntu/apps/election-app/win_prob/P/LA/_work --outdir /home/ubuntu/apps/election-app/win_prob/P/LA
[info] root  = /home/ubuntu/apps/election-app/win_prob/P/LA/_work
[info] outdir= /home/ubuntu/apps/election-app/win_prob/P/LA
[deleted] /home/ubuntu/apps/election-app/win_prob/P/LA/_work/stats_with_statewide.csv
[deleted] /home/ubuntu/apps/election-app/win_prob/P/LA/_work/stats2_final_headers.csv
[deleted] /home/ubuntu/apps/election-app/win_prob/P/LA/_work/2024_county_results_with_final-old.csv
[deleted] /home/ubuntu/apps/election-app/win_prob/P/LA/_work/2024_county_results_with_final.csv
[deleted] /home/ubuntu/apps/election-app/win_prob/P/LA/_work/2024_county_results_with_final_1.csv
[deleted] /home/ubuntu/apps/election-app/win_prob/P/LA/_work/2024_county_results_with_calcs-old.csv
[deleted] /home/ubuntu/apps/election-app/win_prob/P/LA/_work/2024_county_results_with_calcs_new.csv
[deleted] /home/ubuntu/apps/election-app/win_prob/P/LA/_work/output_statewide_stats.csv
[skip]    /home/ubuntu/apps/election-app/win_prob/P/LA/_work/probs_timeseries_PA.csv
[deleted] /home/ubuntu/apps/election-app/win_prob/P/LA/_work/2024_county_results_with_calcs.csv
[skip]    /home/ubuntu/apps/election-app/win_prob/P/LA/data_output.csv
[skip]    /home/ubuntu/apps/election-app/win_prob/P/LA/data_output_with_margins_old.csv
[skip]    /home/ubuntu/apps/election-app/win_prob/P/LA/data_output_with_margins.csv
[skip]    /home/ubuntu/apps/election-app/win_prob/P/LA/data_output_with_margins-statewide.csv
[deleted] /home/ubuntu/apps/election-app/win_prob/P/LA/snapshots_LA.csv
[deleted] /home/ubuntu/apps/election-app/win_prob/P/LA/data_output_LA.csv
[deleted] /home/ubuntu/apps/election-app/win_prob/P/LA/data_output_LA_with_margins.csv
[deleted] /home/ubuntu/apps/election-app/win_prob/P/LA/data_output_LA_with_margins_statewide_eevp.csv
[deleted] /home/ubuntu/apps/election-app/win_prob/P/LA/data_output_LA.csv.checkpoint.json
[deleted] /home/ubuntu/apps/election-app/win_prob/P/LA/stats.csv
[deleted] /home/ubuntu/apps/election-app/win_prob/P/LA/stats2.csv
[done] removed 16 file(s)
[2026-02-04 18:14:48] INFO: [PIPELINE] args: office=P state=LA district=None
[2026-02-04 18:14:48] INFO: [PIPELINE] WINPROB_DIR resolved to: /home/ubuntu/apps/election-app/win_prob/P/LA
[2026-02-04 18:14:48] INFO: [PIPELINE] OUTDIR set to: /home/ubuntu/apps/election-app/win_prob/P/LA

$ /home/ubuntu/.venv/bin/python3 /home/ubuntu/apps/election-app/stats/1-statewide.py --input /home/ubuntu/apps/election-app/win_prob/P/LA/stats.csv --output /home/ubuntu/apps/election-app/win_prob/P/LA/_work/stats_with_statewide.csv
Wrote /home/ubuntu/apps/election-app/win_prob/P/LA/_work/stats_with_statewide.csv (rows=64)

$ /home/ubuntu/.venv/bin/python3 /home/ubuntu/apps/election-app/stats/1-stats-2.py --input /home/ubuntu/apps/election-app/win_prob/P/LA/stats2.csv --output /home/ubuntu/apps/election-app/win_prob/P/LA/_work/stats2_final_headers.csv
Wrote /home/ubuntu/apps/election-app/win_prob/P/LA/_work/stats2_final_headers.csv (rows=64)

$ /home/ubuntu/.venv/bin/python3 /home/ubuntu/apps/election-app/stats/1-append-new.py
Wrote 2024_county_results_with_final-old.csv (rows=64, missing_final_matches=0)

$ /home/ubuntu/.venv/bin/python3 /home/ubuntu/apps/election-app/stats/1-change_header.py
Wrote: 2024_county_results_with_final.csv

$ /home/ubuntu/.venv/bin/python3 /home/ubuntu/apps/election-app/stats/1-cut-zero-fips.py
Wrote: 2024_county_results_with_final_1.csv
Rows before: 64
Rows after:  64
Dropped (fips == 0): 0

$ /home/ubuntu/.venv/bin/python3 /home/ubuntu/apps/election-app/stats/2-calc.py
Wrote 64 rows with calculations to /home/ubuntu/apps/election-app/win_prob/P/LA/_work/2024_county_results_with_calcs-old.csv

$ /home/ubuntu/.venv/bin/python3 /home/ubuntu/apps/election-app/stats/2-eevp.py
Wrote (no-op copy): 2024_county_results_with_calcs.csv
Columns:
 - timestamp
 - state
 - county
 - fips
 - trump_votes
 - harris_votes
 - other_votes
 - eevp
 - state_eevp
 - harris_votes_statewide
 - trump_votes_statewide
 - other_votes_statewide
 - final_state
 - final_county
 - final_fips
 - final_trump_votes
 - final_harris_votes
 - final_other_votes
 - harris_percent_snapshot
 - trump_percent_snapshot
 - margin_snapshot
 - harris_percent_final
 - trump_percent_final
 - margin_final
 - margin_difference
 - margin_difference_abs

$ /home/ubuntu/.venv/bin/python3 /home/ubuntu/apps/election-app/stats/3-calc-new.py
Wrote 64 rows with new columns to /home/ubuntu/apps/election-app/win_prob/P/LA/_work/2024_county_results_with_calcs_new.csv

$ /home/ubuntu/.venv/bin/python3 /home/ubuntu/apps/election-app/stats/4-stats.py
Reading 2024_county_results_with_calcs_new.csv...
Aggregating statewide totals...
Calculating percentages and margins...
Writing to output_statewide_stats.csv...
Done!
[2026-02-04 18:14:59] INFO: [PIPELINE] ENTER win-prob generation | states=['LA'] ts_list=['2024-11-05T15-30-22']

============================================================================
[01/1] STATE = LA
============================================================================

$ /home/ubuntu/.venv/bin/python3 /home/ubuntu/apps/election-app/stats/5-snapshots.py --state LA --input /home/ubuntu/apps/election-app/win_prob/P/LA/_work/output_statewide_stats.csv --output /home/ubuntu/apps/election-app/win_prob/P/LA/snapshots_LA.csv --start 2024-11-05T15-30-22 --end 2024-11-05T15-30-22 --use-window 1 --interval 30
Mode: windowed-one-state
Rows written: 64
Distinct states in output: LA
Rows per normalized timestamp (empty = unparseable):
  2024-11-05T15-30-22: 64
Wrote /home/ubuntu/apps/election-app/win_prob/P/LA/snapshots_LA.csv

$ /home/ubuntu/.venv/bin/python3 /home/ubuntu/apps/election-app/stats/6-pval.py /home/ubuntu/apps/election-app/win_prob/P/LA/snapshots_LA.csv -t /home/ubuntu/apps/election-app/stats/parameters.csv -o /home/ubuntu/apps/election-app/win_prob/P/LA/data_output_LA.csv -c 50
Done. Wrote: /home/ubuntu/apps/election-app/win_prob/P/LA/data_output_LA.csv
Total rows: 64 (chunked, resumable).
Computed columns for PVALS = [0.01, 0.1, 1, 2, 3, 5, 10, 15, 20, 25, 30, 35, 40, 45, 50, 55, 60, 65, 70, 75, 80, 85, 90, 95, 97, 98, 99, 99.9, 99.99]
Per p (leader): shift_{p}, margin_new_{p}, harris_percent_new_{p}, trump_percent_new_{p}, total_snapshot_{p}, total_expected_{p}, harris_votes_new_{p}, trump_votes_new_{p}
Per p (trailing): shift_trailing_{p}, margin_new_{p}_trailing, harris_percent_new_{p}_trailing, trump_percent_new_{p}_trailing, total_snapshot_{p}_trailing, total_expected_{p}_trailing, harris_votes_new_{p}_trailing, trump_votes_new_{p}_trailing
Checkpoint saved at: /home/ubuntu/apps/election-app/win_prob/P/LA/data_output_LA.csv.checkpoint.json

$ /home/ubuntu/.venv/bin/python3 /home/ubuntu/apps/election-app/stats/7-margin-new.py
Wrote data_output_with_margins_old.csv

$ /home/ubuntu/.venv/bin/python3 /home/ubuntu/apps/election-app/stats/7-eevp-statewide.py
Wrote data_output_with_margins.csv (copied from data_output_with_margins_old.csv)

$ /home/ubuntu/.venv/bin/python3 /home/ubuntu/apps/election-app/stats/7.py --input /home/ubuntu/apps/election-app/win_prob/P/LA/data_output_LA_with_margins_statewide_eevp.csv --output /home/ubuntu/apps/election-app/win_prob/P/LA/statewide_margin_pct_vs_percent_LA_2026.png --state LA --start 2024-11-05T15-30-22 --end 2024-11-05T15-30-22 --stats /home/ubuntu/apps/election-app/win_prob/P/LA/stats.csv --stats2 /home/ubuntu/apps/election-app/win_prob/P/LA/stats2.csv --interval 30 --year 2026 --jsonl /home/ubuntu/apps/election-app/win_prob/P/LA/plotdata_LA_2026_2026-02-04T18-14-48.jsonl
[info] evaluating 1 timestamps from 2024-11-05T15-30-22 to 2024-11-05T15-30-22 every 30 minutes
[saved] probs_timeseries_LA.csv  (1 points)
[saved] /home/ubuntu/apps/election-app/win_prob/P/LA/plotdata_LA_2026_2026-02-04T18-14-48.jsonl  (4 points)
[saved] /home/ubuntu/apps/election-app/win_prob/P/LA/statewide_margin_pct_vs_percent_LA_2026_box.json
[saved] /home/ubuntu/apps/election-app/win_prob/P/LA/statewide_margin_pct_vs_percent_LA_2026_box.png
[saved] /home/ubuntu/apps/election-app/win_prob/P/LA/statewide_margin_pct_vs_percent_LA_2026.png

All 50 states complete. See: /home/ubuntu/apps/election-app/win_prob/P/LA

$ /home/ubuntu/.venv/bin/python3 /home/ubuntu/apps/election-app/stats/8.py --root /home/ubuntu/apps/election-app/win_prob/P/LA/_work --outdir /home/ubuntu/apps/election-app/win_prob/P/LA
[info] root  = /home/ubuntu/apps/election-app/win_prob/P/LA/_work
[info] outdir= /home/ubuntu/apps/election-app/win_prob/P/LA
[deleted] /home/ubuntu/apps/election-app/win_prob/P/LA/_work/stats_with_statewide.csv
[deleted] /home/ubuntu/apps/election-app/win_prob/P/LA/_work/stats2_final_headers.csv
[deleted] /home/ubuntu/apps/election-app/win_prob/P/LA/_work/2024_county_results_with_final-old.csv
[deleted] /home/ubuntu/apps/election-app/win_prob/P/LA/_work/2024_county_results_with_final.csv
[deleted] /home/ubuntu/apps/election-app/win_prob/P/LA/_work/2024_county_results_with_final_1.csv
[deleted] /home/ubuntu/apps/election-app/win_prob/P/LA/_work/2024_county_results_with_calcs-old.csv
[deleted] /home/ubuntu/apps/election-app/win_prob/P/LA/_work/2024_county_results_with_calcs_new.csv
[deleted] /home/ubuntu/apps/election-app/win_prob/P/LA/_work/output_statewide_stats.csv
[skip]    /home/ubuntu/apps/election-app/win_prob/P/LA/_work/probs_timeseries_PA.csv
[deleted] /home/ubuntu/apps/election-app/win_prob/P/LA/_work/2024_county_results_with_calcs.csv
[skip]    /home/ubuntu/apps/election-app/win_prob/P/LA/data_output.csv
[skip]    /home/ubuntu/apps/election-app/win_prob/P/LA/data_output_with_margins_old.csv
[skip]    /home/ubuntu/apps/election-app/win_prob/P/LA/data_output_with_margins.csv
[skip]    /home/ubuntu/apps/election-app/win_prob/P/LA/data_output_with_margins-statewide.csv
[deleted] /home/ubuntu/apps/election-app/win_prob/P/LA/snapshots_LA.csv
[deleted] /home/ubuntu/apps/election-app/win_prob/P/LA/data_output_LA.csv
[deleted] /home/ubuntu/apps/election-app/win_prob/P/LA/data_output_LA_with_margins.csv
[deleted] /home/ubuntu/apps/election-app/win_prob/P/LA/data_output_LA_with_margins_statewide_eevp.csv
[deleted] /home/ubuntu/apps/election-app/win_prob/P/LA/data_output_LA.csv.checkpoint.json
[deleted] /home/ubuntu/apps/election-app/win_prob/P/LA/stats.csv
[deleted] /home/ubuntu/apps/election-app/win_prob/P/LA/stats2.csv
[done] removed 16 file(s)
