[2026-01-22 13:42:11] INFO: [PIPELINE] args: office=H state=AL district=06
[2026-01-22 13:42:11] INFO: [PIPELINE] WINPROB_DIR resolved to: /home/ubuntu/apps/election-app/win_prob/H/AL/06
[2026-01-22 13:42:11] INFO: [PIPELINE] OUTDIR set to: /home/ubuntu/apps/election-app/win_prob/H/AL/06

$ /home/ubuntu/.venv/bin/python3 /home/ubuntu/apps/election-app/stats/1-statewide.py --input /home/ubuntu/apps/election-app/win_prob/H/AL/06/stats.csv --output /home/ubuntu/apps/election-app/win_prob/H/AL/06/_work/stats_with_statewide.csv
Wrote /home/ubuntu/apps/election-app/win_prob/H/AL/06/_work/stats_with_statewide.csv (rows=8)

$ /home/ubuntu/.venv/bin/python3 /home/ubuntu/apps/election-app/stats/1-stats-2.py --input /home/ubuntu/apps/election-app/win_prob/H/AL/06/stats2.csv --output /home/ubuntu/apps/election-app/win_prob/H/AL/06/_work/stats2_final_headers.csv
Wrote /home/ubuntu/apps/election-app/win_prob/H/AL/06/_work/stats2_final_headers.csv (rows=5)

$ /home/ubuntu/.venv/bin/python3 /home/ubuntu/apps/election-app/stats/1-append-new.py
[warn] stats/stats2 row+fips mismatch detected; will fill missing final_* with 10
Wrote 2024_county_results_with_final-old.csv (rows=8, missing_final_matches=4)

$ /home/ubuntu/.venv/bin/python3 /home/ubuntu/apps/election-app/stats/1-change_header.py
Wrote: 2024_county_results_with_final.csv

$ /home/ubuntu/.venv/bin/python3 /home/ubuntu/apps/election-app/stats/1-cut-zero-fips.py
Wrote: 2024_county_results_with_final_1.csv
Rows before: 8
Rows after:  8
Dropped (fips == 0): 0

$ /home/ubuntu/.venv/bin/python3 /home/ubuntu/apps/election-app/stats/2-calc.py
Wrote 8 rows with calculations to /home/ubuntu/apps/election-app/win_prob/H/AL/06/_work/2024_county_results_with_calcs-old.csv

$ /home/ubuntu/.venv/bin/python3 /home/ubuntu/apps/election-app/stats/2-eevp.py
Wrote (no-op copy): 2024_county_results_with_calcs.csv
Columns:
 - timestamp
 - state
 - county
 - fips
 - trump_votes
 - harris_votes
 - other_votes
 - eevp
 - state_eevp
 - harris_votes_statewide
 - trump_votes_statewide
 - other_votes_statewide
 - final_state
 - final_county
 - final_fips
 - final_trump_votes
 - final_harris_votes
 - final_other_votes
 - harris_percent_snapshot
 - trump_percent_snapshot
 - margin_snapshot
 - harris_percent_final
 - trump_percent_final
 - margin_final
 - margin_difference
 - margin_difference_abs

$ /home/ubuntu/.venv/bin/python3 /home/ubuntu/apps/election-app/stats/3-calc-new.py
Wrote 8 rows with new columns to /home/ubuntu/apps/election-app/win_prob/H/AL/06/_work/2024_county_results_with_calcs_new.csv

$ /home/ubuntu/.venv/bin/python3 /home/ubuntu/apps/election-app/stats/4-stats.py
Reading 2024_county_results_with_calcs_new.csv...
Aggregating statewide totals...
Calculating percentages and margins...
Writing to output_statewide_stats.csv...
Done!
[2026-01-22 13:42:20] INFO: [PIPELINE] ENTER win-prob generation | states=['AL'] ts_list=['2024-11-05T15-30-22']

============================================================================
[01/1] STATE = AL
============================================================================

$ /home/ubuntu/.venv/bin/python3 /home/ubuntu/apps/election-app/stats/5-snapshots.py --state AL --input /home/ubuntu/apps/election-app/win_prob/H/AL/06/_work/output_statewide_stats.csv --output /home/ubuntu/apps/election-app/win_prob/H/AL/06/snapshots_AL.csv --start 2024-11-05T15-30-22 --end 2024-11-05T15-30-22 --use-window 1 --interval 30
Mode: windowed-one-state
Rows written: 8
Distinct states in output: AL
Rows per normalized timestamp (empty = unparseable):
  2024-11-05T15-30-22: 8
Wrote /home/ubuntu/apps/election-app/win_prob/H/AL/06/snapshots_AL.csv

$ /home/ubuntu/.venv/bin/python3 /home/ubuntu/apps/election-app/stats/6-pval.py /home/ubuntu/apps/election-app/win_prob/H/AL/06/snapshots_AL.csv -t /home/ubuntu/apps/election-app/stats/parameters.csv -o /home/ubuntu/apps/election-app/win_prob/H/AL/06/data_output_AL.csv -c 50
Done. Wrote: /home/ubuntu/apps/election-app/win_prob/H/AL/06/data_output_AL.csv
Total rows: 8 (chunked, resumable).
Computed columns for PVALS = [0.01, 0.1, 1, 2, 3, 5, 10, 15, 20, 25, 30, 35, 40, 45, 50, 55, 60, 65, 70, 75, 80, 85, 90, 95, 97, 98, 99, 99.9, 99.99]
Per p (leader): shift_{p}, margin_new_{p}, harris_percent_new_{p}, trump_percent_new_{p}, total_snapshot_{p}, total_expected_{p}, harris_votes_new_{p}, trump_votes_new_{p}
Per p (trailing): shift_trailing_{p}, margin_new_{p}_trailing, harris_percent_new_{p}_trailing, trump_percent_new_{p}_trailing, total_snapshot_{p}_trailing, total_expected_{p}_trailing, harris_votes_new_{p}_trailing, trump_votes_new_{p}_trailing
Checkpoint saved at: /home/ubuntu/apps/election-app/win_prob/H/AL/06/data_output_AL.csv.checkpoint.json

$ /home/ubuntu/.venv/bin/python3 /home/ubuntu/apps/election-app/stats/7-margin-new.py
Wrote data_output_with_margins_old.csv

$ /home/ubuntu/.venv/bin/python3 /home/ubuntu/apps/election-app/stats/7-eevp-statewide.py
Wrote data_output_with_margins.csv (copied from data_output_with_margins_old.csv)

$ /home/ubuntu/.venv/bin/python3 /home/ubuntu/apps/election-app/stats/7.py --input /home/ubuntu/apps/election-app/win_prob/H/AL/06/data_output_AL_with_margins_statewide_eevp.csv --output /home/ubuntu/apps/election-app/win_prob/H/AL/06/statewide_margin_pct_vs_percent_AL_2026.png --state AL --start 2024-11-05T15-30-22 --end 2024-11-05T15-30-22 --stats /home/ubuntu/apps/election-app/win_prob/H/AL/06/stats.csv --stats2 /home/ubuntu/apps/election-app/win_prob/H/AL/06/stats2.csv --interval 30 --year 2026 --jsonl /home/ubuntu/apps/election-app/win_prob/H/AL/06/plotdata_AL_2026_2026-01-22T13-42-11.jsonl
[warn] stats/stats2 FIPS mismatch for state=AL; will apply penalty_pts=100 only if %nodata>0
[info] evaluating 1 timestamps from 2024-11-05T15-30-22 to 2024-11-05T15-30-22 every 30 minutes
[saved] probs_timeseries_AL.csv  (1 points)
[saved] /home/ubuntu/apps/election-app/win_prob/H/AL/06/plotdata_AL_2026_2026-01-22T13-42-11.jsonl  (0 points)
[saved] /home/ubuntu/apps/election-app/win_prob/H/AL/06/statewide_margin_pct_vs_percent_AL_2026_box.json
[saved] /home/ubuntu/apps/election-app/win_prob/H/AL/06/statewide_margin_pct_vs_percent_AL_2026_box.png
[saved] /home/ubuntu/apps/election-app/win_prob/H/AL/06/statewide_margin_pct_vs_percent_AL_2026.png

All 50 states complete. See: /home/ubuntu/apps/election-app/win_prob/H/AL/06

$ /home/ubuntu/.venv/bin/python3 /home/ubuntu/apps/election-app/stats/8.py --root /home/ubuntu/apps/election-app/win_prob/H/AL/06/_work --outdir /home/ubuntu/apps/election-app/win_prob/H/AL/06
[info] root  = /home/ubuntu/apps/election-app/win_prob/H/AL/06/_work
[info] outdir= /home/ubuntu/apps/election-app/win_prob/H/AL/06
[deleted] /home/ubuntu/apps/election-app/win_prob/H/AL/06/_work/stats_with_statewide.csv
[deleted] /home/ubuntu/apps/election-app/win_prob/H/AL/06/_work/stats2_final_headers.csv
[deleted] /home/ubuntu/apps/election-app/win_prob/H/AL/06/_work/2024_county_results_with_final-old.csv
[deleted] /home/ubuntu/apps/election-app/win_prob/H/AL/06/_work/2024_county_results_with_final.csv
[deleted] /home/ubuntu/apps/election-app/win_prob/H/AL/06/_work/2024_county_results_with_final_1.csv
[deleted] /home/ubuntu/apps/election-app/win_prob/H/AL/06/_work/2024_county_results_with_calcs-old.csv
[deleted] /home/ubuntu/apps/election-app/win_prob/H/AL/06/_work/2024_county_results_with_calcs_new.csv
[deleted] /home/ubuntu/apps/election-app/win_prob/H/AL/06/_work/output_statewide_stats.csv
[skip]    /home/ubuntu/apps/election-app/win_prob/H/AL/06/_work/probs_timeseries_PA.csv
[deleted] /home/ubuntu/apps/election-app/win_prob/H/AL/06/_work/2024_county_results_with_calcs.csv
[skip]    /home/ubuntu/apps/election-app/win_prob/H/AL/06/data_output.csv
[skip]    /home/ubuntu/apps/election-app/win_prob/H/AL/06/data_output_with_margins_old.csv
[skip]    /home/ubuntu/apps/election-app/win_prob/H/AL/06/data_output_with_margins.csv
[skip]    /home/ubuntu/apps/election-app/win_prob/H/AL/06/data_output_with_margins-statewide.csv
[deleted] /home/ubuntu/apps/election-app/win_prob/H/AL/06/snapshots_AL.csv
[deleted] /home/ubuntu/apps/election-app/win_prob/H/AL/06/data_output_AL.csv
[deleted] /home/ubuntu/apps/election-app/win_prob/H/AL/06/data_output_AL_with_margins_statewide_eevp.csv
[deleted] /home/ubuntu/apps/election-app/win_prob/H/AL/06/data_output_AL_with_margins.csv
[deleted] /home/ubuntu/apps/election-app/win_prob/H/AL/06/data_output_AL.csv.checkpoint.json
[deleted] /home/ubuntu/apps/election-app/win_prob/H/AL/06/stats.csv
[deleted] /home/ubuntu/apps/election-app/win_prob/H/AL/06/stats2.csv
[done] removed 16 file(s)
[2026-01-22 13:54:53] INFO: [PIPELINE] args: office=H state=AL district=06
[2026-01-22 13:54:53] INFO: [PIPELINE] WINPROB_DIR resolved to: /home/ubuntu/apps/election-app/win_prob/H/AL/06
[2026-01-22 13:54:53] INFO: [PIPELINE] OUTDIR set to: /home/ubuntu/apps/election-app/win_prob/H/AL/06

$ /home/ubuntu/.venv/bin/python3 /home/ubuntu/apps/election-app/stats/1-statewide.py --input /home/ubuntu/apps/election-app/win_prob/H/AL/06/stats.csv --output /home/ubuntu/apps/election-app/win_prob/H/AL/06/_work/stats_with_statewide.csv
Wrote /home/ubuntu/apps/election-app/win_prob/H/AL/06/_work/stats_with_statewide.csv (rows=8)

$ /home/ubuntu/.venv/bin/python3 /home/ubuntu/apps/election-app/stats/1-stats-2.py --input /home/ubuntu/apps/election-app/win_prob/H/AL/06/stats2.csv --output /home/ubuntu/apps/election-app/win_prob/H/AL/06/_work/stats2_final_headers.csv
Wrote /home/ubuntu/apps/election-app/win_prob/H/AL/06/_work/stats2_final_headers.csv (rows=5)

$ /home/ubuntu/.venv/bin/python3 /home/ubuntu/apps/election-app/stats/1-append-new.py
[warn] stats/stats2 row+fips mismatch detected; will fill missing final_* with 10
Wrote 2024_county_results_with_final-old.csv (rows=8, missing_final_matches=4)

$ /home/ubuntu/.venv/bin/python3 /home/ubuntu/apps/election-app/stats/1-change_header.py
Wrote: 2024_county_results_with_final.csv

$ /home/ubuntu/.venv/bin/python3 /home/ubuntu/apps/election-app/stats/1-cut-zero-fips.py
Wrote: 2024_county_results_with_final_1.csv
Rows before: 8
Rows after:  8
Dropped (fips == 0): 0

$ /home/ubuntu/.venv/bin/python3 /home/ubuntu/apps/election-app/stats/2-calc.py
Wrote 8 rows with calculations to /home/ubuntu/apps/election-app/win_prob/H/AL/06/_work/2024_county_results_with_calcs-old.csv

$ /home/ubuntu/.venv/bin/python3 /home/ubuntu/apps/election-app/stats/2-eevp.py
Wrote (no-op copy): 2024_county_results_with_calcs.csv
Columns:
 - timestamp
 - state
 - county
 - fips
 - trump_votes
 - harris_votes
 - other_votes
 - eevp
 - state_eevp
 - harris_votes_statewide
 - trump_votes_statewide
 - other_votes_statewide
 - final_state
 - final_county
 - final_fips
 - final_trump_votes
 - final_harris_votes
 - final_other_votes
 - harris_percent_snapshot
 - trump_percent_snapshot
 - margin_snapshot
 - harris_percent_final
 - trump_percent_final
 - margin_final
 - margin_difference
 - margin_difference_abs

$ /home/ubuntu/.venv/bin/python3 /home/ubuntu/apps/election-app/stats/3-calc-new.py
Wrote 8 rows with new columns to /home/ubuntu/apps/election-app/win_prob/H/AL/06/_work/2024_county_results_with_calcs_new.csv

$ /home/ubuntu/.venv/bin/python3 /home/ubuntu/apps/election-app/stats/4-stats.py
Reading 2024_county_results_with_calcs_new.csv...
Aggregating statewide totals...
Calculating percentages and margins...
Writing to output_statewide_stats.csv...
Done!
[2026-01-22 13:55:04] INFO: [PIPELINE] ENTER win-prob generation | states=['AL'] ts_list=['2024-11-05T15-30-22']

============================================================================
[01/1] STATE = AL
============================================================================

$ /home/ubuntu/.venv/bin/python3 /home/ubuntu/apps/election-app/stats/5-snapshots.py --state AL --input /home/ubuntu/apps/election-app/win_prob/H/AL/06/_work/output_statewide_stats.csv --output /home/ubuntu/apps/election-app/win_prob/H/AL/06/snapshots_AL.csv --start 2024-11-05T15-30-22 --end 2024-11-05T15-30-22 --use-window 1 --interval 30
Mode: windowed-one-state
Rows written: 8
Distinct states in output: AL
Rows per normalized timestamp (empty = unparseable):
  2024-11-05T15-30-22: 8
Wrote /home/ubuntu/apps/election-app/win_prob/H/AL/06/snapshots_AL.csv

$ /home/ubuntu/.venv/bin/python3 /home/ubuntu/apps/election-app/stats/6-pval.py /home/ubuntu/apps/election-app/win_prob/H/AL/06/snapshots_AL.csv -t /home/ubuntu/apps/election-app/stats/parameters.csv -o /home/ubuntu/apps/election-app/win_prob/H/AL/06/data_output_AL.csv -c 50
Done. Wrote: /home/ubuntu/apps/election-app/win_prob/H/AL/06/data_output_AL.csv
Total rows: 8 (chunked, resumable).
Computed columns for PVALS = [0.01, 0.1, 1, 2, 3, 5, 10, 15, 20, 25, 30, 35, 40, 45, 50, 55, 60, 65, 70, 75, 80, 85, 90, 95, 97, 98, 99, 99.9, 99.99]
Per p (leader): shift_{p}, margin_new_{p}, harris_percent_new_{p}, trump_percent_new_{p}, total_snapshot_{p}, total_expected_{p}, harris_votes_new_{p}, trump_votes_new_{p}
Per p (trailing): shift_trailing_{p}, margin_new_{p}_trailing, harris_percent_new_{p}_trailing, trump_percent_new_{p}_trailing, total_snapshot_{p}_trailing, total_expected_{p}_trailing, harris_votes_new_{p}_trailing, trump_votes_new_{p}_trailing
Checkpoint saved at: /home/ubuntu/apps/election-app/win_prob/H/AL/06/data_output_AL.csv.checkpoint.json

$ /home/ubuntu/.venv/bin/python3 /home/ubuntu/apps/election-app/stats/7-margin-new.py
Wrote data_output_with_margins_old.csv

$ /home/ubuntu/.venv/bin/python3 /home/ubuntu/apps/election-app/stats/7-eevp-statewide.py
Wrote data_output_with_margins.csv (copied from data_output_with_margins_old.csv)

$ /home/ubuntu/.venv/bin/python3 /home/ubuntu/apps/election-app/stats/7.py --input /home/ubuntu/apps/election-app/win_prob/H/AL/06/data_output_AL_with_margins_statewide_eevp.csv --output /home/ubuntu/apps/election-app/win_prob/H/AL/06/statewide_margin_pct_vs_percent_AL_2026.png --state AL --start 2024-11-05T15-30-22 --end 2024-11-05T15-30-22 --stats /home/ubuntu/apps/election-app/win_prob/H/AL/06/stats.csv --stats2 /home/ubuntu/apps/election-app/win_prob/H/AL/06/stats2.csv --interval 30 --year 2026 --jsonl /home/ubuntu/apps/election-app/win_prob/H/AL/06/plotdata_AL_2026_2026-01-22T13-54-53.jsonl
[warn] stats/stats2 FIPS mismatch for state=AL; will apply penalty_pts=100 only if %nodata>0
[info] evaluating 1 timestamps from 2024-11-05T15-30-22 to 2024-11-05T15-30-22 every 30 minutes
[saved] probs_timeseries_AL.csv  (1 points)
[saved] /home/ubuntu/apps/election-app/win_prob/H/AL/06/plotdata_AL_2026_2026-01-22T13-54-53.jsonl  (4 points)
[saved] /home/ubuntu/apps/election-app/win_prob/H/AL/06/statewide_margin_pct_vs_percent_AL_2026_box.json
[saved] /home/ubuntu/apps/election-app/win_prob/H/AL/06/statewide_margin_pct_vs_percent_AL_2026_box.png
[saved] /home/ubuntu/apps/election-app/win_prob/H/AL/06/statewide_margin_pct_vs_percent_AL_2026.png

All 50 states complete. See: /home/ubuntu/apps/election-app/win_prob/H/AL/06

$ /home/ubuntu/.venv/bin/python3 /home/ubuntu/apps/election-app/stats/8.py --root /home/ubuntu/apps/election-app/win_prob/H/AL/06/_work --outdir /home/ubuntu/apps/election-app/win_prob/H/AL/06
[info] root  = /home/ubuntu/apps/election-app/win_prob/H/AL/06/_work
[info] outdir= /home/ubuntu/apps/election-app/win_prob/H/AL/06
[deleted] /home/ubuntu/apps/election-app/win_prob/H/AL/06/_work/stats_with_statewide.csv
[deleted] /home/ubuntu/apps/election-app/win_prob/H/AL/06/_work/stats2_final_headers.csv
[deleted] /home/ubuntu/apps/election-app/win_prob/H/AL/06/_work/2024_county_results_with_final-old.csv
[deleted] /home/ubuntu/apps/election-app/win_prob/H/AL/06/_work/2024_county_results_with_final.csv
[deleted] /home/ubuntu/apps/election-app/win_prob/H/AL/06/_work/2024_county_results_with_final_1.csv
[deleted] /home/ubuntu/apps/election-app/win_prob/H/AL/06/_work/2024_county_results_with_calcs-old.csv
[deleted] /home/ubuntu/apps/election-app/win_prob/H/AL/06/_work/2024_county_results_with_calcs_new.csv
[deleted] /home/ubuntu/apps/election-app/win_prob/H/AL/06/_work/output_statewide_stats.csv
[skip]    /home/ubuntu/apps/election-app/win_prob/H/AL/06/_work/probs_timeseries_PA.csv
[deleted] /home/ubuntu/apps/election-app/win_prob/H/AL/06/_work/2024_county_results_with_calcs.csv
[skip]    /home/ubuntu/apps/election-app/win_prob/H/AL/06/data_output.csv
[skip]    /home/ubuntu/apps/election-app/win_prob/H/AL/06/data_output_with_margins_old.csv
[skip]    /home/ubuntu/apps/election-app/win_prob/H/AL/06/data_output_with_margins.csv
[skip]    /home/ubuntu/apps/election-app/win_prob/H/AL/06/data_output_with_margins-statewide.csv
[deleted] /home/ubuntu/apps/election-app/win_prob/H/AL/06/snapshots_AL.csv
[deleted] /home/ubuntu/apps/election-app/win_prob/H/AL/06/data_output_AL.csv
[deleted] /home/ubuntu/apps/election-app/win_prob/H/AL/06/data_output_AL_with_margins_statewide_eevp.csv
[deleted] /home/ubuntu/apps/election-app/win_prob/H/AL/06/data_output_AL_with_margins.csv
[deleted] /home/ubuntu/apps/election-app/win_prob/H/AL/06/data_output_AL.csv.checkpoint.json
[deleted] /home/ubuntu/apps/election-app/win_prob/H/AL/06/stats.csv
[deleted] /home/ubuntu/apps/election-app/win_prob/H/AL/06/stats2.csv
[done] removed 16 file(s)
[2026-01-22 14:01:55] INFO: [PIPELINE] args: office=H state=AL district=06
[2026-01-22 14:01:55] INFO: [PIPELINE] WINPROB_DIR resolved to: /home/ubuntu/apps/election-app/win_prob/H/AL/06
[2026-01-22 14:01:55] INFO: [PIPELINE] OUTDIR set to: /home/ubuntu/apps/election-app/win_prob/H/AL/06

$ /home/ubuntu/.venv/bin/python3 /home/ubuntu/apps/election-app/stats/1-statewide.py --input /home/ubuntu/apps/election-app/win_prob/H/AL/06/stats.csv --output /home/ubuntu/apps/election-app/win_prob/H/AL/06/_work/stats_with_statewide.csv
Wrote /home/ubuntu/apps/election-app/win_prob/H/AL/06/_work/stats_with_statewide.csv (rows=8)

$ /home/ubuntu/.venv/bin/python3 /home/ubuntu/apps/election-app/stats/1-stats-2.py --input /home/ubuntu/apps/election-app/win_prob/H/AL/06/stats2.csv --output /home/ubuntu/apps/election-app/win_prob/H/AL/06/_work/stats2_final_headers.csv
Wrote /home/ubuntu/apps/election-app/win_prob/H/AL/06/_work/stats2_final_headers.csv (rows=5)

$ /home/ubuntu/.venv/bin/python3 /home/ubuntu/apps/election-app/stats/1-append-new.py
[warn] stats/stats2 row+fips mismatch detected; will fill missing final_* with 10
Wrote 2024_county_results_with_final-old.csv (rows=8, missing_final_matches=4)

$ /home/ubuntu/.venv/bin/python3 /home/ubuntu/apps/election-app/stats/1-change_header.py
Wrote: 2024_county_results_with_final.csv

$ /home/ubuntu/.venv/bin/python3 /home/ubuntu/apps/election-app/stats/1-cut-zero-fips.py
Wrote: 2024_county_results_with_final_1.csv
Rows before: 8
Rows after:  8
Dropped (fips == 0): 0

$ /home/ubuntu/.venv/bin/python3 /home/ubuntu/apps/election-app/stats/2-calc.py
Wrote 8 rows with calculations to /home/ubuntu/apps/election-app/win_prob/H/AL/06/_work/2024_county_results_with_calcs-old.csv

$ /home/ubuntu/.venv/bin/python3 /home/ubuntu/apps/election-app/stats/2-eevp.py
Wrote (no-op copy): 2024_county_results_with_calcs.csv
Columns:
 - timestamp
 - state
 - county
 - fips
 - trump_votes
 - harris_votes
 - other_votes
 - eevp
 - state_eevp
 - harris_votes_statewide
 - trump_votes_statewide
 - other_votes_statewide
 - final_state
 - final_county
 - final_fips
 - final_trump_votes
 - final_harris_votes
 - final_other_votes
 - harris_percent_snapshot
 - trump_percent_snapshot
 - margin_snapshot
 - harris_percent_final
 - trump_percent_final
 - margin_final
 - margin_difference
 - margin_difference_abs

$ /home/ubuntu/.venv/bin/python3 /home/ubuntu/apps/election-app/stats/3-calc-new.py
Wrote 8 rows with new columns to /home/ubuntu/apps/election-app/win_prob/H/AL/06/_work/2024_county_results_with_calcs_new.csv

$ /home/ubuntu/.venv/bin/python3 /home/ubuntu/apps/election-app/stats/4-stats.py
Reading 2024_county_results_with_calcs_new.csv...
Aggregating statewide totals...
Calculating percentages and margins...
Writing to output_statewide_stats.csv...
Done!
[2026-01-22 14:02:06] INFO: [PIPELINE] ENTER win-prob generation | states=['AL'] ts_list=['2024-11-05T15-30-22']

============================================================================
[01/1] STATE = AL
============================================================================

$ /home/ubuntu/.venv/bin/python3 /home/ubuntu/apps/election-app/stats/5-snapshots.py --state AL --input /home/ubuntu/apps/election-app/win_prob/H/AL/06/_work/output_statewide_stats.csv --output /home/ubuntu/apps/election-app/win_prob/H/AL/06/snapshots_AL.csv --start 2024-11-05T15-30-22 --end 2024-11-05T15-30-22 --use-window 1 --interval 30
Mode: windowed-one-state
Rows written: 8
Distinct states in output: AL
Rows per normalized timestamp (empty = unparseable):
  2024-11-05T15-30-22: 8
Wrote /home/ubuntu/apps/election-app/win_prob/H/AL/06/snapshots_AL.csv

$ /home/ubuntu/.venv/bin/python3 /home/ubuntu/apps/election-app/stats/6-pval.py /home/ubuntu/apps/election-app/win_prob/H/AL/06/snapshots_AL.csv -t /home/ubuntu/apps/election-app/stats/parameters.csv -o /home/ubuntu/apps/election-app/win_prob/H/AL/06/data_output_AL.csv -c 50
Done. Wrote: /home/ubuntu/apps/election-app/win_prob/H/AL/06/data_output_AL.csv
Total rows: 8 (chunked, resumable).
Computed columns for PVALS = [0.01, 0.1, 1, 2, 3, 5, 10, 15, 20, 25, 30, 35, 40, 45, 50, 55, 60, 65, 70, 75, 80, 85, 90, 95, 97, 98, 99, 99.9, 99.99]
Per p (leader): shift_{p}, margin_new_{p}, harris_percent_new_{p}, trump_percent_new_{p}, total_snapshot_{p}, total_expected_{p}, harris_votes_new_{p}, trump_votes_new_{p}
Per p (trailing): shift_trailing_{p}, margin_new_{p}_trailing, harris_percent_new_{p}_trailing, trump_percent_new_{p}_trailing, total_snapshot_{p}_trailing, total_expected_{p}_trailing, harris_votes_new_{p}_trailing, trump_votes_new_{p}_trailing
Checkpoint saved at: /home/ubuntu/apps/election-app/win_prob/H/AL/06/data_output_AL.csv.checkpoint.json

$ /home/ubuntu/.venv/bin/python3 /home/ubuntu/apps/election-app/stats/7-margin-new.py
Wrote data_output_with_margins_old.csv

$ /home/ubuntu/.venv/bin/python3 /home/ubuntu/apps/election-app/stats/7-eevp-statewide.py
Wrote data_output_with_margins.csv (copied from data_output_with_margins_old.csv)

$ /home/ubuntu/.venv/bin/python3 /home/ubuntu/apps/election-app/stats/7.py --input /home/ubuntu/apps/election-app/win_prob/H/AL/06/data_output_AL_with_margins_statewide_eevp.csv --output /home/ubuntu/apps/election-app/win_prob/H/AL/06/statewide_margin_pct_vs_percent_AL_2026.png --state AL --start 2024-11-05T15-30-22 --end 2024-11-05T15-30-22 --stats /home/ubuntu/apps/election-app/win_prob/H/AL/06/stats.csv --stats2 /home/ubuntu/apps/election-app/win_prob/H/AL/06/stats2.csv --interval 30 --year 2026 --jsonl /home/ubuntu/apps/election-app/win_prob/H/AL/06/plotdata_AL_2026_2026-01-22T14-01-55.jsonl
[warn] stats/stats2 FIPS mismatch for state=AL; will apply penalty_pts=100 only if %nodata>0
[info] evaluating 1 timestamps from 2024-11-05T15-30-22 to 2024-11-05T15-30-22 every 30 minutes
[saved] probs_timeseries_AL.csv  (1 points)
[saved] /home/ubuntu/apps/election-app/win_prob/H/AL/06/plotdata_AL_2026_2026-01-22T14-01-55.jsonl  (4 points)
[saved] /home/ubuntu/apps/election-app/win_prob/H/AL/06/statewide_margin_pct_vs_percent_AL_2026_box.json
[saved] /home/ubuntu/apps/election-app/win_prob/H/AL/06/statewide_margin_pct_vs_percent_AL_2026_box.png
[saved] /home/ubuntu/apps/election-app/win_prob/H/AL/06/statewide_margin_pct_vs_percent_AL_2026.png

All 50 states complete. See: /home/ubuntu/apps/election-app/win_prob/H/AL/06

$ /home/ubuntu/.venv/bin/python3 /home/ubuntu/apps/election-app/stats/8.py --root /home/ubuntu/apps/election-app/win_prob/H/AL/06/_work --outdir /home/ubuntu/apps/election-app/win_prob/H/AL/06
[info] root  = /home/ubuntu/apps/election-app/win_prob/H/AL/06/_work
[info] outdir= /home/ubuntu/apps/election-app/win_prob/H/AL/06
[deleted] /home/ubuntu/apps/election-app/win_prob/H/AL/06/_work/stats_with_statewide.csv
[deleted] /home/ubuntu/apps/election-app/win_prob/H/AL/06/_work/stats2_final_headers.csv
[deleted] /home/ubuntu/apps/election-app/win_prob/H/AL/06/_work/2024_county_results_with_final-old.csv
[deleted] /home/ubuntu/apps/election-app/win_prob/H/AL/06/_work/2024_county_results_with_final.csv
[deleted] /home/ubuntu/apps/election-app/win_prob/H/AL/06/_work/2024_county_results_with_final_1.csv
[deleted] /home/ubuntu/apps/election-app/win_prob/H/AL/06/_work/2024_county_results_with_calcs-old.csv
[deleted] /home/ubuntu/apps/election-app/win_prob/H/AL/06/_work/2024_county_results_with_calcs_new.csv
[deleted] /home/ubuntu/apps/election-app/win_prob/H/AL/06/_work/output_statewide_stats.csv
[skip]    /home/ubuntu/apps/election-app/win_prob/H/AL/06/_work/probs_timeseries_PA.csv
[deleted] /home/ubuntu/apps/election-app/win_prob/H/AL/06/_work/2024_county_results_with_calcs.csv
[skip]    /home/ubuntu/apps/election-app/win_prob/H/AL/06/data_output.csv
[skip]    /home/ubuntu/apps/election-app/win_prob/H/AL/06/data_output_with_margins_old.csv
[skip]    /home/ubuntu/apps/election-app/win_prob/H/AL/06/data_output_with_margins.csv
[skip]    /home/ubuntu/apps/election-app/win_prob/H/AL/06/data_output_with_margins-statewide.csv
[deleted] /home/ubuntu/apps/election-app/win_prob/H/AL/06/snapshots_AL.csv
[deleted] /home/ubuntu/apps/election-app/win_prob/H/AL/06/data_output_AL.csv
[deleted] /home/ubuntu/apps/election-app/win_prob/H/AL/06/data_output_AL_with_margins_statewide_eevp.csv
[deleted] /home/ubuntu/apps/election-app/win_prob/H/AL/06/data_output_AL_with_margins.csv
[deleted] /home/ubuntu/apps/election-app/win_prob/H/AL/06/data_output_AL.csv.checkpoint.json
[deleted] /home/ubuntu/apps/election-app/win_prob/H/AL/06/stats.csv
[deleted] /home/ubuntu/apps/election-app/win_prob/H/AL/06/stats2.csv
[done] removed 16 file(s)
[2026-01-22 14:08:56] INFO: [PIPELINE] args: office=H state=AL district=06
[2026-01-22 14:08:56] INFO: [PIPELINE] WINPROB_DIR resolved to: /home/ubuntu/apps/election-app/win_prob/H/AL/06
[2026-01-22 14:08:56] INFO: [PIPELINE] OUTDIR set to: /home/ubuntu/apps/election-app/win_prob/H/AL/06

$ /home/ubuntu/.venv/bin/python3 /home/ubuntu/apps/election-app/stats/1-statewide.py --input /home/ubuntu/apps/election-app/win_prob/H/AL/06/stats.csv --output /home/ubuntu/apps/election-app/win_prob/H/AL/06/_work/stats_with_statewide.csv
Wrote /home/ubuntu/apps/election-app/win_prob/H/AL/06/_work/stats_with_statewide.csv (rows=8)

$ /home/ubuntu/.venv/bin/python3 /home/ubuntu/apps/election-app/stats/1-stats-2.py --input /home/ubuntu/apps/election-app/win_prob/H/AL/06/stats2.csv --output /home/ubuntu/apps/election-app/win_prob/H/AL/06/_work/stats2_final_headers.csv
Wrote /home/ubuntu/apps/election-app/win_prob/H/AL/06/_work/stats2_final_headers.csv (rows=5)

$ /home/ubuntu/.venv/bin/python3 /home/ubuntu/apps/election-app/stats/1-append-new.py
[warn] stats/stats2 row+fips mismatch detected; will fill missing final_* with 10
Wrote 2024_county_results_with_final-old.csv (rows=8, missing_final_matches=4)

$ /home/ubuntu/.venv/bin/python3 /home/ubuntu/apps/election-app/stats/1-change_header.py
Wrote: 2024_county_results_with_final.csv

$ /home/ubuntu/.venv/bin/python3 /home/ubuntu/apps/election-app/stats/1-cut-zero-fips.py
Wrote: 2024_county_results_with_final_1.csv
Rows before: 8
Rows after:  8
Dropped (fips == 0): 0

$ /home/ubuntu/.venv/bin/python3 /home/ubuntu/apps/election-app/stats/2-calc.py
Wrote 8 rows with calculations to /home/ubuntu/apps/election-app/win_prob/H/AL/06/_work/2024_county_results_with_calcs-old.csv

$ /home/ubuntu/.venv/bin/python3 /home/ubuntu/apps/election-app/stats/2-eevp.py
Wrote (no-op copy): 2024_county_results_with_calcs.csv
Columns:
 - timestamp
 - state
 - county
 - fips
 - trump_votes
 - harris_votes
 - other_votes
 - eevp
 - state_eevp
 - harris_votes_statewide
 - trump_votes_statewide
 - other_votes_statewide
 - final_state
 - final_county
 - final_fips
 - final_trump_votes
 - final_harris_votes
 - final_other_votes
 - harris_percent_snapshot
 - trump_percent_snapshot
 - margin_snapshot
 - harris_percent_final
 - trump_percent_final
 - margin_final
 - margin_difference
 - margin_difference_abs

$ /home/ubuntu/.venv/bin/python3 /home/ubuntu/apps/election-app/stats/3-calc-new.py
Wrote 8 rows with new columns to /home/ubuntu/apps/election-app/win_prob/H/AL/06/_work/2024_county_results_with_calcs_new.csv

$ /home/ubuntu/.venv/bin/python3 /home/ubuntu/apps/election-app/stats/4-stats.py
Reading 2024_county_results_with_calcs_new.csv...
Aggregating statewide totals...
Calculating percentages and margins...
Writing to output_statewide_stats.csv...
Done!
[2026-01-22 14:09:07] INFO: [PIPELINE] ENTER win-prob generation | states=['AL'] ts_list=['2024-11-05T15-30-22']

============================================================================
[01/1] STATE = AL
============================================================================

$ /home/ubuntu/.venv/bin/python3 /home/ubuntu/apps/election-app/stats/5-snapshots.py --state AL --input /home/ubuntu/apps/election-app/win_prob/H/AL/06/_work/output_statewide_stats.csv --output /home/ubuntu/apps/election-app/win_prob/H/AL/06/snapshots_AL.csv --start 2024-11-05T15-30-22 --end 2024-11-05T15-30-22 --use-window 1 --interval 30
Mode: windowed-one-state
Rows written: 8
Distinct states in output: AL
Rows per normalized timestamp (empty = unparseable):
  2024-11-05T15-30-22: 8
Wrote /home/ubuntu/apps/election-app/win_prob/H/AL/06/snapshots_AL.csv

$ /home/ubuntu/.venv/bin/python3 /home/ubuntu/apps/election-app/stats/6-pval.py /home/ubuntu/apps/election-app/win_prob/H/AL/06/snapshots_AL.csv -t /home/ubuntu/apps/election-app/stats/parameters.csv -o /home/ubuntu/apps/election-app/win_prob/H/AL/06/data_output_AL.csv -c 50
Done. Wrote: /home/ubuntu/apps/election-app/win_prob/H/AL/06/data_output_AL.csv
Total rows: 8 (chunked, resumable).
Computed columns for PVALS = [0.01, 0.1, 1, 2, 3, 5, 10, 15, 20, 25, 30, 35, 40, 45, 50, 55, 60, 65, 70, 75, 80, 85, 90, 95, 97, 98, 99, 99.9, 99.99]
Per p (leader): shift_{p}, margin_new_{p}, harris_percent_new_{p}, trump_percent_new_{p}, total_snapshot_{p}, total_expected_{p}, harris_votes_new_{p}, trump_votes_new_{p}
Per p (trailing): shift_trailing_{p}, margin_new_{p}_trailing, harris_percent_new_{p}_trailing, trump_percent_new_{p}_trailing, total_snapshot_{p}_trailing, total_expected_{p}_trailing, harris_votes_new_{p}_trailing, trump_votes_new_{p}_trailing
Checkpoint saved at: /home/ubuntu/apps/election-app/win_prob/H/AL/06/data_output_AL.csv.checkpoint.json

$ /home/ubuntu/.venv/bin/python3 /home/ubuntu/apps/election-app/stats/7-margin-new.py
Wrote data_output_with_margins_old.csv

$ /home/ubuntu/.venv/bin/python3 /home/ubuntu/apps/election-app/stats/7-eevp-statewide.py
Wrote data_output_with_margins.csv (copied from data_output_with_margins_old.csv)

$ /home/ubuntu/.venv/bin/python3 /home/ubuntu/apps/election-app/stats/7.py --input /home/ubuntu/apps/election-app/win_prob/H/AL/06/data_output_AL_with_margins_statewide_eevp.csv --output /home/ubuntu/apps/election-app/win_prob/H/AL/06/statewide_margin_pct_vs_percent_AL_2026.png --state AL --start 2024-11-05T15-30-22 --end 2024-11-05T15-30-22 --stats /home/ubuntu/apps/election-app/win_prob/H/AL/06/stats.csv --stats2 /home/ubuntu/apps/election-app/win_prob/H/AL/06/stats2.csv --interval 30 --year 2026 --jsonl /home/ubuntu/apps/election-app/win_prob/H/AL/06/plotdata_AL_2026_2026-01-22T14-08-56.jsonl
[warn] stats/stats2 FIPS mismatch for state=AL; will apply penalty_pts=100 only if %nodata>0
[info] evaluating 1 timestamps from 2024-11-05T15-30-22 to 2024-11-05T15-30-22 every 30 minutes
[saved] probs_timeseries_AL.csv  (1 points)
[saved] /home/ubuntu/apps/election-app/win_prob/H/AL/06/plotdata_AL_2026_2026-01-22T14-08-56.jsonl  (4 points)
[saved] /home/ubuntu/apps/election-app/win_prob/H/AL/06/statewide_margin_pct_vs_percent_AL_2026_box.json
[saved] /home/ubuntu/apps/election-app/win_prob/H/AL/06/statewide_margin_pct_vs_percent_AL_2026_box.png
[saved] /home/ubuntu/apps/election-app/win_prob/H/AL/06/statewide_margin_pct_vs_percent_AL_2026.png

All 50 states complete. See: /home/ubuntu/apps/election-app/win_prob/H/AL/06

$ /home/ubuntu/.venv/bin/python3 /home/ubuntu/apps/election-app/stats/8.py --root /home/ubuntu/apps/election-app/win_prob/H/AL/06/_work --outdir /home/ubuntu/apps/election-app/win_prob/H/AL/06
[info] root  = /home/ubuntu/apps/election-app/win_prob/H/AL/06/_work
[info] outdir= /home/ubuntu/apps/election-app/win_prob/H/AL/06
[deleted] /home/ubuntu/apps/election-app/win_prob/H/AL/06/_work/stats_with_statewide.csv
[deleted] /home/ubuntu/apps/election-app/win_prob/H/AL/06/_work/stats2_final_headers.csv
[deleted] /home/ubuntu/apps/election-app/win_prob/H/AL/06/_work/2024_county_results_with_final-old.csv
[deleted] /home/ubuntu/apps/election-app/win_prob/H/AL/06/_work/2024_county_results_with_final.csv
[deleted] /home/ubuntu/apps/election-app/win_prob/H/AL/06/_work/2024_county_results_with_final_1.csv
[deleted] /home/ubuntu/apps/election-app/win_prob/H/AL/06/_work/2024_county_results_with_calcs-old.csv
[deleted] /home/ubuntu/apps/election-app/win_prob/H/AL/06/_work/2024_county_results_with_calcs_new.csv
[deleted] /home/ubuntu/apps/election-app/win_prob/H/AL/06/_work/output_statewide_stats.csv
[skip]    /home/ubuntu/apps/election-app/win_prob/H/AL/06/_work/probs_timeseries_PA.csv
[deleted] /home/ubuntu/apps/election-app/win_prob/H/AL/06/_work/2024_county_results_with_calcs.csv
[skip]    /home/ubuntu/apps/election-app/win_prob/H/AL/06/data_output.csv
[skip]    /home/ubuntu/apps/election-app/win_prob/H/AL/06/data_output_with_margins_old.csv
[skip]    /home/ubuntu/apps/election-app/win_prob/H/AL/06/data_output_with_margins.csv
[skip]    /home/ubuntu/apps/election-app/win_prob/H/AL/06/data_output_with_margins-statewide.csv
[deleted] /home/ubuntu/apps/election-app/win_prob/H/AL/06/snapshots_AL.csv
[deleted] /home/ubuntu/apps/election-app/win_prob/H/AL/06/data_output_AL.csv
[deleted] /home/ubuntu/apps/election-app/win_prob/H/AL/06/data_output_AL_with_margins_statewide_eevp.csv
[deleted] /home/ubuntu/apps/election-app/win_prob/H/AL/06/data_output_AL_with_margins.csv
[deleted] /home/ubuntu/apps/election-app/win_prob/H/AL/06/data_output_AL.csv.checkpoint.json
[deleted] /home/ubuntu/apps/election-app/win_prob/H/AL/06/stats.csv
[deleted] /home/ubuntu/apps/election-app/win_prob/H/AL/06/stats2.csv
[done] removed 16 file(s)
[2026-01-22 14:15:58] INFO: [PIPELINE] args: office=H state=AL district=06
[2026-01-22 14:15:58] INFO: [PIPELINE] WINPROB_DIR resolved to: /home/ubuntu/apps/election-app/win_prob/H/AL/06
[2026-01-22 14:15:58] INFO: [PIPELINE] OUTDIR set to: /home/ubuntu/apps/election-app/win_prob/H/AL/06

$ /home/ubuntu/.venv/bin/python3 /home/ubuntu/apps/election-app/stats/1-statewide.py --input /home/ubuntu/apps/election-app/win_prob/H/AL/06/stats.csv --output /home/ubuntu/apps/election-app/win_prob/H/AL/06/_work/stats_with_statewide.csv
Wrote /home/ubuntu/apps/election-app/win_prob/H/AL/06/_work/stats_with_statewide.csv (rows=8)

$ /home/ubuntu/.venv/bin/python3 /home/ubuntu/apps/election-app/stats/1-stats-2.py --input /home/ubuntu/apps/election-app/win_prob/H/AL/06/stats2.csv --output /home/ubuntu/apps/election-app/win_prob/H/AL/06/_work/stats2_final_headers.csv
Wrote /home/ubuntu/apps/election-app/win_prob/H/AL/06/_work/stats2_final_headers.csv (rows=5)

$ /home/ubuntu/.venv/bin/python3 /home/ubuntu/apps/election-app/stats/1-append-new.py
[warn] stats/stats2 row+fips mismatch detected; will fill missing final_* with 10
Wrote 2024_county_results_with_final-old.csv (rows=8, missing_final_matches=4)

$ /home/ubuntu/.venv/bin/python3 /home/ubuntu/apps/election-app/stats/1-change_header.py
Wrote: 2024_county_results_with_final.csv

$ /home/ubuntu/.venv/bin/python3 /home/ubuntu/apps/election-app/stats/1-cut-zero-fips.py
Wrote: 2024_county_results_with_final_1.csv
Rows before: 8
Rows after:  8
Dropped (fips == 0): 0

$ /home/ubuntu/.venv/bin/python3 /home/ubuntu/apps/election-app/stats/2-calc.py
Wrote 8 rows with calculations to /home/ubuntu/apps/election-app/win_prob/H/AL/06/_work/2024_county_results_with_calcs-old.csv

$ /home/ubuntu/.venv/bin/python3 /home/ubuntu/apps/election-app/stats/2-eevp.py
Wrote (no-op copy): 2024_county_results_with_calcs.csv
Columns:
 - timestamp
 - state
 - county
 - fips
 - trump_votes
 - harris_votes
 - other_votes
 - eevp
 - state_eevp
 - harris_votes_statewide
 - trump_votes_statewide
 - other_votes_statewide
 - final_state
 - final_county
 - final_fips
 - final_trump_votes
 - final_harris_votes
 - final_other_votes
 - harris_percent_snapshot
 - trump_percent_snapshot
 - margin_snapshot
 - harris_percent_final
 - trump_percent_final
 - margin_final
 - margin_difference
 - margin_difference_abs

$ /home/ubuntu/.venv/bin/python3 /home/ubuntu/apps/election-app/stats/3-calc-new.py
Wrote 8 rows with new columns to /home/ubuntu/apps/election-app/win_prob/H/AL/06/_work/2024_county_results_with_calcs_new.csv

$ /home/ubuntu/.venv/bin/python3 /home/ubuntu/apps/election-app/stats/4-stats.py
Reading 2024_county_results_with_calcs_new.csv...
Aggregating statewide totals...
Calculating percentages and margins...
Writing to output_statewide_stats.csv...
Done!
[2026-01-22 14:16:09] INFO: [PIPELINE] ENTER win-prob generation | states=['AL'] ts_list=['2024-11-05T15-30-22']

============================================================================
[01/1] STATE = AL
============================================================================

$ /home/ubuntu/.venv/bin/python3 /home/ubuntu/apps/election-app/stats/5-snapshots.py --state AL --input /home/ubuntu/apps/election-app/win_prob/H/AL/06/_work/output_statewide_stats.csv --output /home/ubuntu/apps/election-app/win_prob/H/AL/06/snapshots_AL.csv --start 2024-11-05T15-30-22 --end 2024-11-05T15-30-22 --use-window 1 --interval 30
Mode: windowed-one-state
Rows written: 8
Distinct states in output: AL
Rows per normalized timestamp (empty = unparseable):
  2024-11-05T15-30-22: 8
Wrote /home/ubuntu/apps/election-app/win_prob/H/AL/06/snapshots_AL.csv

$ /home/ubuntu/.venv/bin/python3 /home/ubuntu/apps/election-app/stats/6-pval.py /home/ubuntu/apps/election-app/win_prob/H/AL/06/snapshots_AL.csv -t /home/ubuntu/apps/election-app/stats/parameters.csv -o /home/ubuntu/apps/election-app/win_prob/H/AL/06/data_output_AL.csv -c 50
Done. Wrote: /home/ubuntu/apps/election-app/win_prob/H/AL/06/data_output_AL.csv
Total rows: 8 (chunked, resumable).
Computed columns for PVALS = [0.01, 0.1, 1, 2, 3, 5, 10, 15, 20, 25, 30, 35, 40, 45, 50, 55, 60, 65, 70, 75, 80, 85, 90, 95, 97, 98, 99, 99.9, 99.99]
Per p (leader): shift_{p}, margin_new_{p}, harris_percent_new_{p}, trump_percent_new_{p}, total_snapshot_{p}, total_expected_{p}, harris_votes_new_{p}, trump_votes_new_{p}
Per p (trailing): shift_trailing_{p}, margin_new_{p}_trailing, harris_percent_new_{p}_trailing, trump_percent_new_{p}_trailing, total_snapshot_{p}_trailing, total_expected_{p}_trailing, harris_votes_new_{p}_trailing, trump_votes_new_{p}_trailing
Checkpoint saved at: /home/ubuntu/apps/election-app/win_prob/H/AL/06/data_output_AL.csv.checkpoint.json

$ /home/ubuntu/.venv/bin/python3 /home/ubuntu/apps/election-app/stats/7-margin-new.py
Wrote data_output_with_margins_old.csv

$ /home/ubuntu/.venv/bin/python3 /home/ubuntu/apps/election-app/stats/7-eevp-statewide.py
Wrote data_output_with_margins.csv (copied from data_output_with_margins_old.csv)

$ /home/ubuntu/.venv/bin/python3 /home/ubuntu/apps/election-app/stats/7.py --input /home/ubuntu/apps/election-app/win_prob/H/AL/06/data_output_AL_with_margins_statewide_eevp.csv --output /home/ubuntu/apps/election-app/win_prob/H/AL/06/statewide_margin_pct_vs_percent_AL_2026.png --state AL --start 2024-11-05T15-30-22 --end 2024-11-05T15-30-22 --stats /home/ubuntu/apps/election-app/win_prob/H/AL/06/stats.csv --stats2 /home/ubuntu/apps/election-app/win_prob/H/AL/06/stats2.csv --interval 30 --year 2026 --jsonl /home/ubuntu/apps/election-app/win_prob/H/AL/06/plotdata_AL_2026_2026-01-22T14-15-58.jsonl
[warn] stats/stats2 FIPS mismatch for state=AL; will apply penalty_pts=100 only if %nodata>0
[info] evaluating 1 timestamps from 2024-11-05T15-30-22 to 2024-11-05T15-30-22 every 30 minutes
[saved] probs_timeseries_AL.csv  (1 points)
[saved] /home/ubuntu/apps/election-app/win_prob/H/AL/06/plotdata_AL_2026_2026-01-22T14-15-58.jsonl  (4 points)
[saved] /home/ubuntu/apps/election-app/win_prob/H/AL/06/statewide_margin_pct_vs_percent_AL_2026_box.json
[saved] /home/ubuntu/apps/election-app/win_prob/H/AL/06/statewide_margin_pct_vs_percent_AL_2026_box.png
[saved] /home/ubuntu/apps/election-app/win_prob/H/AL/06/statewide_margin_pct_vs_percent_AL_2026.png

All 50 states complete. See: /home/ubuntu/apps/election-app/win_prob/H/AL/06

$ /home/ubuntu/.venv/bin/python3 /home/ubuntu/apps/election-app/stats/8.py --root /home/ubuntu/apps/election-app/win_prob/H/AL/06/_work --outdir /home/ubuntu/apps/election-app/win_prob/H/AL/06
[info] root  = /home/ubuntu/apps/election-app/win_prob/H/AL/06/_work
[info] outdir= /home/ubuntu/apps/election-app/win_prob/H/AL/06
[deleted] /home/ubuntu/apps/election-app/win_prob/H/AL/06/_work/stats_with_statewide.csv
[deleted] /home/ubuntu/apps/election-app/win_prob/H/AL/06/_work/stats2_final_headers.csv
[deleted] /home/ubuntu/apps/election-app/win_prob/H/AL/06/_work/2024_county_results_with_final-old.csv
[deleted] /home/ubuntu/apps/election-app/win_prob/H/AL/06/_work/2024_county_results_with_final.csv
[deleted] /home/ubuntu/apps/election-app/win_prob/H/AL/06/_work/2024_county_results_with_final_1.csv
[deleted] /home/ubuntu/apps/election-app/win_prob/H/AL/06/_work/2024_county_results_with_calcs-old.csv
[deleted] /home/ubuntu/apps/election-app/win_prob/H/AL/06/_work/2024_county_results_with_calcs_new.csv
[deleted] /home/ubuntu/apps/election-app/win_prob/H/AL/06/_work/output_statewide_stats.csv
[skip]    /home/ubuntu/apps/election-app/win_prob/H/AL/06/_work/probs_timeseries_PA.csv
[deleted] /home/ubuntu/apps/election-app/win_prob/H/AL/06/_work/2024_county_results_with_calcs.csv
[skip]    /home/ubuntu/apps/election-app/win_prob/H/AL/06/data_output.csv
[skip]    /home/ubuntu/apps/election-app/win_prob/H/AL/06/data_output_with_margins_old.csv
[skip]    /home/ubuntu/apps/election-app/win_prob/H/AL/06/data_output_with_margins.csv
[skip]    /home/ubuntu/apps/election-app/win_prob/H/AL/06/data_output_with_margins-statewide.csv
[deleted] /home/ubuntu/apps/election-app/win_prob/H/AL/06/snapshots_AL.csv
[deleted] /home/ubuntu/apps/election-app/win_prob/H/AL/06/data_output_AL.csv
[deleted] /home/ubuntu/apps/election-app/win_prob/H/AL/06/data_output_AL_with_margins_statewide_eevp.csv
[deleted] /home/ubuntu/apps/election-app/win_prob/H/AL/06/data_output_AL_with_margins.csv
[deleted] /home/ubuntu/apps/election-app/win_prob/H/AL/06/data_output_AL.csv.checkpoint.json
[deleted] /home/ubuntu/apps/election-app/win_prob/H/AL/06/stats.csv
[deleted] /home/ubuntu/apps/election-app/win_prob/H/AL/06/stats2.csv
[done] removed 16 file(s)
[2026-01-22 14:22:59] INFO: [PIPELINE] args: office=H state=AL district=06
[2026-01-22 14:22:59] INFO: [PIPELINE] WINPROB_DIR resolved to: /home/ubuntu/apps/election-app/win_prob/H/AL/06
[2026-01-22 14:22:59] INFO: [PIPELINE] OUTDIR set to: /home/ubuntu/apps/election-app/win_prob/H/AL/06

$ /home/ubuntu/.venv/bin/python3 /home/ubuntu/apps/election-app/stats/1-statewide.py --input /home/ubuntu/apps/election-app/win_prob/H/AL/06/stats.csv --output /home/ubuntu/apps/election-app/win_prob/H/AL/06/_work/stats_with_statewide.csv
Wrote /home/ubuntu/apps/election-app/win_prob/H/AL/06/_work/stats_with_statewide.csv (rows=8)

$ /home/ubuntu/.venv/bin/python3 /home/ubuntu/apps/election-app/stats/1-stats-2.py --input /home/ubuntu/apps/election-app/win_prob/H/AL/06/stats2.csv --output /home/ubuntu/apps/election-app/win_prob/H/AL/06/_work/stats2_final_headers.csv
Wrote /home/ubuntu/apps/election-app/win_prob/H/AL/06/_work/stats2_final_headers.csv (rows=5)

$ /home/ubuntu/.venv/bin/python3 /home/ubuntu/apps/election-app/stats/1-append-new.py
[warn] stats/stats2 row+fips mismatch detected; will fill missing final_* with 10
Wrote 2024_county_results_with_final-old.csv (rows=8, missing_final_matches=4)

$ /home/ubuntu/.venv/bin/python3 /home/ubuntu/apps/election-app/stats/1-change_header.py
Wrote: 2024_county_results_with_final.csv

$ /home/ubuntu/.venv/bin/python3 /home/ubuntu/apps/election-app/stats/1-cut-zero-fips.py
Wrote: 2024_county_results_with_final_1.csv
Rows before: 8
Rows after:  8
Dropped (fips == 0): 0

$ /home/ubuntu/.venv/bin/python3 /home/ubuntu/apps/election-app/stats/2-calc.py
Wrote 8 rows with calculations to /home/ubuntu/apps/election-app/win_prob/H/AL/06/_work/2024_county_results_with_calcs-old.csv

$ /home/ubuntu/.venv/bin/python3 /home/ubuntu/apps/election-app/stats/2-eevp.py
Wrote (no-op copy): 2024_county_results_with_calcs.csv
Columns:
 - timestamp
 - state
 - county
 - fips
 - trump_votes
 - harris_votes
 - other_votes
 - eevp
 - state_eevp
 - harris_votes_statewide
 - trump_votes_statewide
 - other_votes_statewide
 - final_state
 - final_county
 - final_fips
 - final_trump_votes
 - final_harris_votes
 - final_other_votes
 - harris_percent_snapshot
 - trump_percent_snapshot
 - margin_snapshot
 - harris_percent_final
 - trump_percent_final
 - margin_final
 - margin_difference
 - margin_difference_abs

$ /home/ubuntu/.venv/bin/python3 /home/ubuntu/apps/election-app/stats/3-calc-new.py
Wrote 8 rows with new columns to /home/ubuntu/apps/election-app/win_prob/H/AL/06/_work/2024_county_results_with_calcs_new.csv

$ /home/ubuntu/.venv/bin/python3 /home/ubuntu/apps/election-app/stats/4-stats.py
Reading 2024_county_results_with_calcs_new.csv...
Aggregating statewide totals...
Calculating percentages and margins...
Writing to output_statewide_stats.csv...
Done!
[2026-01-22 14:23:10] INFO: [PIPELINE] ENTER win-prob generation | states=['AL'] ts_list=['2024-11-05T15-30-22']

============================================================================
[01/1] STATE = AL
============================================================================

$ /home/ubuntu/.venv/bin/python3 /home/ubuntu/apps/election-app/stats/5-snapshots.py --state AL --input /home/ubuntu/apps/election-app/win_prob/H/AL/06/_work/output_statewide_stats.csv --output /home/ubuntu/apps/election-app/win_prob/H/AL/06/snapshots_AL.csv --start 2024-11-05T15-30-22 --end 2024-11-05T15-30-22 --use-window 1 --interval 30
Mode: windowed-one-state
Rows written: 8
Distinct states in output: AL
Rows per normalized timestamp (empty = unparseable):
  2024-11-05T15-30-22: 8
Wrote /home/ubuntu/apps/election-app/win_prob/H/AL/06/snapshots_AL.csv

$ /home/ubuntu/.venv/bin/python3 /home/ubuntu/apps/election-app/stats/6-pval.py /home/ubuntu/apps/election-app/win_prob/H/AL/06/snapshots_AL.csv -t /home/ubuntu/apps/election-app/stats/parameters.csv -o /home/ubuntu/apps/election-app/win_prob/H/AL/06/data_output_AL.csv -c 50
Done. Wrote: /home/ubuntu/apps/election-app/win_prob/H/AL/06/data_output_AL.csv
Total rows: 8 (chunked, resumable).
Computed columns for PVALS = [0.01, 0.1, 1, 2, 3, 5, 10, 15, 20, 25, 30, 35, 40, 45, 50, 55, 60, 65, 70, 75, 80, 85, 90, 95, 97, 98, 99, 99.9, 99.99]
Per p (leader): shift_{p}, margin_new_{p}, harris_percent_new_{p}, trump_percent_new_{p}, total_snapshot_{p}, total_expected_{p}, harris_votes_new_{p}, trump_votes_new_{p}
Per p (trailing): shift_trailing_{p}, margin_new_{p}_trailing, harris_percent_new_{p}_trailing, trump_percent_new_{p}_trailing, total_snapshot_{p}_trailing, total_expected_{p}_trailing, harris_votes_new_{p}_trailing, trump_votes_new_{p}_trailing
Checkpoint saved at: /home/ubuntu/apps/election-app/win_prob/H/AL/06/data_output_AL.csv.checkpoint.json

$ /home/ubuntu/.venv/bin/python3 /home/ubuntu/apps/election-app/stats/7-margin-new.py
Wrote data_output_with_margins_old.csv

$ /home/ubuntu/.venv/bin/python3 /home/ubuntu/apps/election-app/stats/7-eevp-statewide.py
Wrote data_output_with_margins.csv (copied from data_output_with_margins_old.csv)

$ /home/ubuntu/.venv/bin/python3 /home/ubuntu/apps/election-app/stats/7.py --input /home/ubuntu/apps/election-app/win_prob/H/AL/06/data_output_AL_with_margins_statewide_eevp.csv --output /home/ubuntu/apps/election-app/win_prob/H/AL/06/statewide_margin_pct_vs_percent_AL_2026.png --state AL --start 2024-11-05T15-30-22 --end 2024-11-05T15-30-22 --stats /home/ubuntu/apps/election-app/win_prob/H/AL/06/stats.csv --stats2 /home/ubuntu/apps/election-app/win_prob/H/AL/06/stats2.csv --interval 30 --year 2026 --jsonl /home/ubuntu/apps/election-app/win_prob/H/AL/06/plotdata_AL_2026_2026-01-22T14-22-59.jsonl
[warn] stats/stats2 FIPS mismatch for state=AL; will apply penalty_pts=100 only if %nodata>0
[info] evaluating 1 timestamps from 2024-11-05T15-30-22 to 2024-11-05T15-30-22 every 30 minutes
[saved] probs_timeseries_AL.csv  (1 points)
[saved] /home/ubuntu/apps/election-app/win_prob/H/AL/06/plotdata_AL_2026_2026-01-22T14-22-59.jsonl  (4 points)
[saved] /home/ubuntu/apps/election-app/win_prob/H/AL/06/statewide_margin_pct_vs_percent_AL_2026_box.json
[saved] /home/ubuntu/apps/election-app/win_prob/H/AL/06/statewide_margin_pct_vs_percent_AL_2026_box.png
[saved] /home/ubuntu/apps/election-app/win_prob/H/AL/06/statewide_margin_pct_vs_percent_AL_2026.png

All 50 states complete. See: /home/ubuntu/apps/election-app/win_prob/H/AL/06

$ /home/ubuntu/.venv/bin/python3 /home/ubuntu/apps/election-app/stats/8.py --root /home/ubuntu/apps/election-app/win_prob/H/AL/06/_work --outdir /home/ubuntu/apps/election-app/win_prob/H/AL/06
[info] root  = /home/ubuntu/apps/election-app/win_prob/H/AL/06/_work
[info] outdir= /home/ubuntu/apps/election-app/win_prob/H/AL/06
[deleted] /home/ubuntu/apps/election-app/win_prob/H/AL/06/_work/stats_with_statewide.csv
[deleted] /home/ubuntu/apps/election-app/win_prob/H/AL/06/_work/stats2_final_headers.csv
[deleted] /home/ubuntu/apps/election-app/win_prob/H/AL/06/_work/2024_county_results_with_final-old.csv
[deleted] /home/ubuntu/apps/election-app/win_prob/H/AL/06/_work/2024_county_results_with_final.csv
[deleted] /home/ubuntu/apps/election-app/win_prob/H/AL/06/_work/2024_county_results_with_final_1.csv
[deleted] /home/ubuntu/apps/election-app/win_prob/H/AL/06/_work/2024_county_results_with_calcs-old.csv
[deleted] /home/ubuntu/apps/election-app/win_prob/H/AL/06/_work/2024_county_results_with_calcs_new.csv
[deleted] /home/ubuntu/apps/election-app/win_prob/H/AL/06/_work/output_statewide_stats.csv
[skip]    /home/ubuntu/apps/election-app/win_prob/H/AL/06/_work/probs_timeseries_PA.csv
[deleted] /home/ubuntu/apps/election-app/win_prob/H/AL/06/_work/2024_county_results_with_calcs.csv
[skip]    /home/ubuntu/apps/election-app/win_prob/H/AL/06/data_output.csv
[skip]    /home/ubuntu/apps/election-app/win_prob/H/AL/06/data_output_with_margins_old.csv
[skip]    /home/ubuntu/apps/election-app/win_prob/H/AL/06/data_output_with_margins.csv
[skip]    /home/ubuntu/apps/election-app/win_prob/H/AL/06/data_output_with_margins-statewide.csv
[deleted] /home/ubuntu/apps/election-app/win_prob/H/AL/06/snapshots_AL.csv
[deleted] /home/ubuntu/apps/election-app/win_prob/H/AL/06/data_output_AL.csv
[deleted] /home/ubuntu/apps/election-app/win_prob/H/AL/06/data_output_AL_with_margins_statewide_eevp.csv
[deleted] /home/ubuntu/apps/election-app/win_prob/H/AL/06/data_output_AL_with_margins.csv
[deleted] /home/ubuntu/apps/election-app/win_prob/H/AL/06/data_output_AL.csv.checkpoint.json
[deleted] /home/ubuntu/apps/election-app/win_prob/H/AL/06/stats.csv
[deleted] /home/ubuntu/apps/election-app/win_prob/H/AL/06/stats2.csv
[done] removed 16 file(s)
[2026-01-22 14:30:01] INFO: [PIPELINE] args: office=H state=AL district=06
[2026-01-22 14:30:01] INFO: [PIPELINE] WINPROB_DIR resolved to: /home/ubuntu/apps/election-app/win_prob/H/AL/06
[2026-01-22 14:30:01] INFO: [PIPELINE] OUTDIR set to: /home/ubuntu/apps/election-app/win_prob/H/AL/06

$ /home/ubuntu/.venv/bin/python3 /home/ubuntu/apps/election-app/stats/1-statewide.py --input /home/ubuntu/apps/election-app/win_prob/H/AL/06/stats.csv --output /home/ubuntu/apps/election-app/win_prob/H/AL/06/_work/stats_with_statewide.csv
Wrote /home/ubuntu/apps/election-app/win_prob/H/AL/06/_work/stats_with_statewide.csv (rows=8)

$ /home/ubuntu/.venv/bin/python3 /home/ubuntu/apps/election-app/stats/1-stats-2.py --input /home/ubuntu/apps/election-app/win_prob/H/AL/06/stats2.csv --output /home/ubuntu/apps/election-app/win_prob/H/AL/06/_work/stats2_final_headers.csv
Wrote /home/ubuntu/apps/election-app/win_prob/H/AL/06/_work/stats2_final_headers.csv (rows=5)

$ /home/ubuntu/.venv/bin/python3 /home/ubuntu/apps/election-app/stats/1-append-new.py
[warn] stats/stats2 row+fips mismatch detected; will fill missing final_* with 10
Wrote 2024_county_results_with_final-old.csv (rows=8, missing_final_matches=4)

$ /home/ubuntu/.venv/bin/python3 /home/ubuntu/apps/election-app/stats/1-change_header.py
Wrote: 2024_county_results_with_final.csv

$ /home/ubuntu/.venv/bin/python3 /home/ubuntu/apps/election-app/stats/1-cut-zero-fips.py
Wrote: 2024_county_results_with_final_1.csv
Rows before: 8
Rows after:  8
Dropped (fips == 0): 0

$ /home/ubuntu/.venv/bin/python3 /home/ubuntu/apps/election-app/stats/2-calc.py
Wrote 8 rows with calculations to /home/ubuntu/apps/election-app/win_prob/H/AL/06/_work/2024_county_results_with_calcs-old.csv

$ /home/ubuntu/.venv/bin/python3 /home/ubuntu/apps/election-app/stats/2-eevp.py
Wrote (no-op copy): 2024_county_results_with_calcs.csv
Columns:
 - timestamp
 - state
 - county
 - fips
 - trump_votes
 - harris_votes
 - other_votes
 - eevp
 - state_eevp
 - harris_votes_statewide
 - trump_votes_statewide
 - other_votes_statewide
 - final_state
 - final_county
 - final_fips
 - final_trump_votes
 - final_harris_votes
 - final_other_votes
 - harris_percent_snapshot
 - trump_percent_snapshot
 - margin_snapshot
 - harris_percent_final
 - trump_percent_final
 - margin_final
 - margin_difference
 - margin_difference_abs

$ /home/ubuntu/.venv/bin/python3 /home/ubuntu/apps/election-app/stats/3-calc-new.py
Wrote 8 rows with new columns to /home/ubuntu/apps/election-app/win_prob/H/AL/06/_work/2024_county_results_with_calcs_new.csv

$ /home/ubuntu/.venv/bin/python3 /home/ubuntu/apps/election-app/stats/4-stats.py
Reading 2024_county_results_with_calcs_new.csv...
Aggregating statewide totals...
Calculating percentages and margins...
Writing to output_statewide_stats.csv...
Done!
[2026-01-22 14:30:12] INFO: [PIPELINE] ENTER win-prob generation | states=['AL'] ts_list=['2024-11-05T15-30-22']

============================================================================
[01/1] STATE = AL
============================================================================

$ /home/ubuntu/.venv/bin/python3 /home/ubuntu/apps/election-app/stats/5-snapshots.py --state AL --input /home/ubuntu/apps/election-app/win_prob/H/AL/06/_work/output_statewide_stats.csv --output /home/ubuntu/apps/election-app/win_prob/H/AL/06/snapshots_AL.csv --start 2024-11-05T15-30-22 --end 2024-11-05T15-30-22 --use-window 1 --interval 30
Mode: windowed-one-state
Rows written: 8
Distinct states in output: AL
Rows per normalized timestamp (empty = unparseable):
  2024-11-05T15-30-22: 8
Wrote /home/ubuntu/apps/election-app/win_prob/H/AL/06/snapshots_AL.csv

$ /home/ubuntu/.venv/bin/python3 /home/ubuntu/apps/election-app/stats/6-pval.py /home/ubuntu/apps/election-app/win_prob/H/AL/06/snapshots_AL.csv -t /home/ubuntu/apps/election-app/stats/parameters.csv -o /home/ubuntu/apps/election-app/win_prob/H/AL/06/data_output_AL.csv -c 50
Done. Wrote: /home/ubuntu/apps/election-app/win_prob/H/AL/06/data_output_AL.csv
Total rows: 8 (chunked, resumable).
Computed columns for PVALS = [0.01, 0.1, 1, 2, 3, 5, 10, 15, 20, 25, 30, 35, 40, 45, 50, 55, 60, 65, 70, 75, 80, 85, 90, 95, 97, 98, 99, 99.9, 99.99]
Per p (leader): shift_{p}, margin_new_{p}, harris_percent_new_{p}, trump_percent_new_{p}, total_snapshot_{p}, total_expected_{p}, harris_votes_new_{p}, trump_votes_new_{p}
Per p (trailing): shift_trailing_{p}, margin_new_{p}_trailing, harris_percent_new_{p}_trailing, trump_percent_new_{p}_trailing, total_snapshot_{p}_trailing, total_expected_{p}_trailing, harris_votes_new_{p}_trailing, trump_votes_new_{p}_trailing
Checkpoint saved at: /home/ubuntu/apps/election-app/win_prob/H/AL/06/data_output_AL.csv.checkpoint.json

$ /home/ubuntu/.venv/bin/python3 /home/ubuntu/apps/election-app/stats/7-margin-new.py
Wrote data_output_with_margins_old.csv

$ /home/ubuntu/.venv/bin/python3 /home/ubuntu/apps/election-app/stats/7-eevp-statewide.py
Wrote data_output_with_margins.csv (copied from data_output_with_margins_old.csv)

$ /home/ubuntu/.venv/bin/python3 /home/ubuntu/apps/election-app/stats/7.py --input /home/ubuntu/apps/election-app/win_prob/H/AL/06/data_output_AL_with_margins_statewide_eevp.csv --output /home/ubuntu/apps/election-app/win_prob/H/AL/06/statewide_margin_pct_vs_percent_AL_2026.png --state AL --start 2024-11-05T15-30-22 --end 2024-11-05T15-30-22 --stats /home/ubuntu/apps/election-app/win_prob/H/AL/06/stats.csv --stats2 /home/ubuntu/apps/election-app/win_prob/H/AL/06/stats2.csv --interval 30 --year 2026 --jsonl /home/ubuntu/apps/election-app/win_prob/H/AL/06/plotdata_AL_2026_2026-01-22T14-30-01.jsonl
[warn] stats/stats2 FIPS mismatch for state=AL; will apply penalty_pts=100 only if %nodata>0
[info] evaluating 1 timestamps from 2024-11-05T15-30-22 to 2024-11-05T15-30-22 every 30 minutes
[saved] probs_timeseries_AL.csv  (1 points)
[saved] /home/ubuntu/apps/election-app/win_prob/H/AL/06/plotdata_AL_2026_2026-01-22T14-30-01.jsonl  (4 points)
[saved] /home/ubuntu/apps/election-app/win_prob/H/AL/06/statewide_margin_pct_vs_percent_AL_2026_box.json
[saved] /home/ubuntu/apps/election-app/win_prob/H/AL/06/statewide_margin_pct_vs_percent_AL_2026_box.png
[saved] /home/ubuntu/apps/election-app/win_prob/H/AL/06/statewide_margin_pct_vs_percent_AL_2026.png

All 50 states complete. See: /home/ubuntu/apps/election-app/win_prob/H/AL/06

$ /home/ubuntu/.venv/bin/python3 /home/ubuntu/apps/election-app/stats/8.py --root /home/ubuntu/apps/election-app/win_prob/H/AL/06/_work --outdir /home/ubuntu/apps/election-app/win_prob/H/AL/06
[info] root  = /home/ubuntu/apps/election-app/win_prob/H/AL/06/_work
[info] outdir= /home/ubuntu/apps/election-app/win_prob/H/AL/06
[deleted] /home/ubuntu/apps/election-app/win_prob/H/AL/06/_work/stats_with_statewide.csv
[deleted] /home/ubuntu/apps/election-app/win_prob/H/AL/06/_work/stats2_final_headers.csv
[deleted] /home/ubuntu/apps/election-app/win_prob/H/AL/06/_work/2024_county_results_with_final-old.csv
[deleted] /home/ubuntu/apps/election-app/win_prob/H/AL/06/_work/2024_county_results_with_final.csv
[deleted] /home/ubuntu/apps/election-app/win_prob/H/AL/06/_work/2024_county_results_with_final_1.csv
[deleted] /home/ubuntu/apps/election-app/win_prob/H/AL/06/_work/2024_county_results_with_calcs-old.csv
[deleted] /home/ubuntu/apps/election-app/win_prob/H/AL/06/_work/2024_county_results_with_calcs_new.csv
[deleted] /home/ubuntu/apps/election-app/win_prob/H/AL/06/_work/output_statewide_stats.csv
[skip]    /home/ubuntu/apps/election-app/win_prob/H/AL/06/_work/probs_timeseries_PA.csv
[deleted] /home/ubuntu/apps/election-app/win_prob/H/AL/06/_work/2024_county_results_with_calcs.csv
[skip]    /home/ubuntu/apps/election-app/win_prob/H/AL/06/data_output.csv
[skip]    /home/ubuntu/apps/election-app/win_prob/H/AL/06/data_output_with_margins_old.csv
[skip]    /home/ubuntu/apps/election-app/win_prob/H/AL/06/data_output_with_margins.csv
[skip]    /home/ubuntu/apps/election-app/win_prob/H/AL/06/data_output_with_margins-statewide.csv
[deleted] /home/ubuntu/apps/election-app/win_prob/H/AL/06/snapshots_AL.csv
[deleted] /home/ubuntu/apps/election-app/win_prob/H/AL/06/data_output_AL.csv
[deleted] /home/ubuntu/apps/election-app/win_prob/H/AL/06/data_output_AL_with_margins_statewide_eevp.csv
[deleted] /home/ubuntu/apps/election-app/win_prob/H/AL/06/data_output_AL_with_margins.csv
[deleted] /home/ubuntu/apps/election-app/win_prob/H/AL/06/data_output_AL.csv.checkpoint.json
[deleted] /home/ubuntu/apps/election-app/win_prob/H/AL/06/stats.csv
[deleted] /home/ubuntu/apps/election-app/win_prob/H/AL/06/stats2.csv
[done] removed 16 file(s)
[2026-01-22 14:37:02] INFO: [PIPELINE] args: office=H state=AL district=06
[2026-01-22 14:37:02] INFO: [PIPELINE] WINPROB_DIR resolved to: /home/ubuntu/apps/election-app/win_prob/H/AL/06
[2026-01-22 14:37:02] INFO: [PIPELINE] OUTDIR set to: /home/ubuntu/apps/election-app/win_prob/H/AL/06

$ /home/ubuntu/.venv/bin/python3 /home/ubuntu/apps/election-app/stats/1-statewide.py --input /home/ubuntu/apps/election-app/win_prob/H/AL/06/stats.csv --output /home/ubuntu/apps/election-app/win_prob/H/AL/06/_work/stats_with_statewide.csv
Wrote /home/ubuntu/apps/election-app/win_prob/H/AL/06/_work/stats_with_statewide.csv (rows=8)

$ /home/ubuntu/.venv/bin/python3 /home/ubuntu/apps/election-app/stats/1-stats-2.py --input /home/ubuntu/apps/election-app/win_prob/H/AL/06/stats2.csv --output /home/ubuntu/apps/election-app/win_prob/H/AL/06/_work/stats2_final_headers.csv
Wrote /home/ubuntu/apps/election-app/win_prob/H/AL/06/_work/stats2_final_headers.csv (rows=5)

$ /home/ubuntu/.venv/bin/python3 /home/ubuntu/apps/election-app/stats/1-append-new.py
[warn] stats/stats2 row+fips mismatch detected; will fill missing final_* with 10
Wrote 2024_county_results_with_final-old.csv (rows=8, missing_final_matches=4)

$ /home/ubuntu/.venv/bin/python3 /home/ubuntu/apps/election-app/stats/1-change_header.py
Wrote: 2024_county_results_with_final.csv

$ /home/ubuntu/.venv/bin/python3 /home/ubuntu/apps/election-app/stats/1-cut-zero-fips.py
Wrote: 2024_county_results_with_final_1.csv
Rows before: 8
Rows after:  8
Dropped (fips == 0): 0

$ /home/ubuntu/.venv/bin/python3 /home/ubuntu/apps/election-app/stats/2-calc.py
Wrote 8 rows with calculations to /home/ubuntu/apps/election-app/win_prob/H/AL/06/_work/2024_county_results_with_calcs-old.csv

$ /home/ubuntu/.venv/bin/python3 /home/ubuntu/apps/election-app/stats/2-eevp.py
Wrote (no-op copy): 2024_county_results_with_calcs.csv
Columns:
 - timestamp
 - state
 - county
 - fips
 - trump_votes
 - harris_votes
 - other_votes
 - eevp
 - state_eevp
 - harris_votes_statewide
 - trump_votes_statewide
 - other_votes_statewide
 - final_state
 - final_county
 - final_fips
 - final_trump_votes
 - final_harris_votes
 - final_other_votes
 - harris_percent_snapshot
 - trump_percent_snapshot
 - margin_snapshot
 - harris_percent_final
 - trump_percent_final
 - margin_final
 - margin_difference
 - margin_difference_abs

$ /home/ubuntu/.venv/bin/python3 /home/ubuntu/apps/election-app/stats/3-calc-new.py
Wrote 8 rows with new columns to /home/ubuntu/apps/election-app/win_prob/H/AL/06/_work/2024_county_results_with_calcs_new.csv

$ /home/ubuntu/.venv/bin/python3 /home/ubuntu/apps/election-app/stats/4-stats.py
Reading 2024_county_results_with_calcs_new.csv...
Aggregating statewide totals...
Calculating percentages and margins...
Writing to output_statewide_stats.csv...
Done!
[2026-01-22 14:37:13] INFO: [PIPELINE] ENTER win-prob generation | states=['AL'] ts_list=['2024-11-05T15-30-22']

============================================================================
[01/1] STATE = AL
============================================================================

$ /home/ubuntu/.venv/bin/python3 /home/ubuntu/apps/election-app/stats/5-snapshots.py --state AL --input /home/ubuntu/apps/election-app/win_prob/H/AL/06/_work/output_statewide_stats.csv --output /home/ubuntu/apps/election-app/win_prob/H/AL/06/snapshots_AL.csv --start 2024-11-05T15-30-22 --end 2024-11-05T15-30-22 --use-window 1 --interval 30
Mode: windowed-one-state
Rows written: 8
Distinct states in output: AL
Rows per normalized timestamp (empty = unparseable):
  2024-11-05T15-30-22: 8
Wrote /home/ubuntu/apps/election-app/win_prob/H/AL/06/snapshots_AL.csv

$ /home/ubuntu/.venv/bin/python3 /home/ubuntu/apps/election-app/stats/6-pval.py /home/ubuntu/apps/election-app/win_prob/H/AL/06/snapshots_AL.csv -t /home/ubuntu/apps/election-app/stats/parameters.csv -o /home/ubuntu/apps/election-app/win_prob/H/AL/06/data_output_AL.csv -c 50
Done. Wrote: /home/ubuntu/apps/election-app/win_prob/H/AL/06/data_output_AL.csv
Total rows: 8 (chunked, resumable).
Computed columns for PVALS = [0.01, 0.1, 1, 2, 3, 5, 10, 15, 20, 25, 30, 35, 40, 45, 50, 55, 60, 65, 70, 75, 80, 85, 90, 95, 97, 98, 99, 99.9, 99.99]
Per p (leader): shift_{p}, margin_new_{p}, harris_percent_new_{p}, trump_percent_new_{p}, total_snapshot_{p}, total_expected_{p}, harris_votes_new_{p}, trump_votes_new_{p}
Per p (trailing): shift_trailing_{p}, margin_new_{p}_trailing, harris_percent_new_{p}_trailing, trump_percent_new_{p}_trailing, total_snapshot_{p}_trailing, total_expected_{p}_trailing, harris_votes_new_{p}_trailing, trump_votes_new_{p}_trailing
Checkpoint saved at: /home/ubuntu/apps/election-app/win_prob/H/AL/06/data_output_AL.csv.checkpoint.json

$ /home/ubuntu/.venv/bin/python3 /home/ubuntu/apps/election-app/stats/7-margin-new.py
Wrote data_output_with_margins_old.csv

$ /home/ubuntu/.venv/bin/python3 /home/ubuntu/apps/election-app/stats/7-eevp-statewide.py
Wrote data_output_with_margins.csv (copied from data_output_with_margins_old.csv)

$ /home/ubuntu/.venv/bin/python3 /home/ubuntu/apps/election-app/stats/7.py --input /home/ubuntu/apps/election-app/win_prob/H/AL/06/data_output_AL_with_margins_statewide_eevp.csv --output /home/ubuntu/apps/election-app/win_prob/H/AL/06/statewide_margin_pct_vs_percent_AL_2026.png --state AL --start 2024-11-05T15-30-22 --end 2024-11-05T15-30-22 --stats /home/ubuntu/apps/election-app/win_prob/H/AL/06/stats.csv --stats2 /home/ubuntu/apps/election-app/win_prob/H/AL/06/stats2.csv --interval 30 --year 2026 --jsonl /home/ubuntu/apps/election-app/win_prob/H/AL/06/plotdata_AL_2026_2026-01-22T14-37-02.jsonl
[warn] stats/stats2 FIPS mismatch for state=AL; will apply penalty_pts=100 only if %nodata>0
[info] evaluating 1 timestamps from 2024-11-05T15-30-22 to 2024-11-05T15-30-22 every 30 minutes
[saved] probs_timeseries_AL.csv  (1 points)
[saved] /home/ubuntu/apps/election-app/win_prob/H/AL/06/plotdata_AL_2026_2026-01-22T14-37-02.jsonl  (4 points)
[saved] /home/ubuntu/apps/election-app/win_prob/H/AL/06/statewide_margin_pct_vs_percent_AL_2026_box.json
[saved] /home/ubuntu/apps/election-app/win_prob/H/AL/06/statewide_margin_pct_vs_percent_AL_2026_box.png
[saved] /home/ubuntu/apps/election-app/win_prob/H/AL/06/statewide_margin_pct_vs_percent_AL_2026.png

All 50 states complete. See: /home/ubuntu/apps/election-app/win_prob/H/AL/06

$ /home/ubuntu/.venv/bin/python3 /home/ubuntu/apps/election-app/stats/8.py --root /home/ubuntu/apps/election-app/win_prob/H/AL/06/_work --outdir /home/ubuntu/apps/election-app/win_prob/H/AL/06
[info] root  = /home/ubuntu/apps/election-app/win_prob/H/AL/06/_work
[info] outdir= /home/ubuntu/apps/election-app/win_prob/H/AL/06
[deleted] /home/ubuntu/apps/election-app/win_prob/H/AL/06/_work/stats_with_statewide.csv
[deleted] /home/ubuntu/apps/election-app/win_prob/H/AL/06/_work/stats2_final_headers.csv
[deleted] /home/ubuntu/apps/election-app/win_prob/H/AL/06/_work/2024_county_results_with_final-old.csv
[deleted] /home/ubuntu/apps/election-app/win_prob/H/AL/06/_work/2024_county_results_with_final.csv
[deleted] /home/ubuntu/apps/election-app/win_prob/H/AL/06/_work/2024_county_results_with_final_1.csv
[deleted] /home/ubuntu/apps/election-app/win_prob/H/AL/06/_work/2024_county_results_with_calcs-old.csv
[deleted] /home/ubuntu/apps/election-app/win_prob/H/AL/06/_work/2024_county_results_with_calcs_new.csv
[deleted] /home/ubuntu/apps/election-app/win_prob/H/AL/06/_work/output_statewide_stats.csv
[skip]    /home/ubuntu/apps/election-app/win_prob/H/AL/06/_work/probs_timeseries_PA.csv
[deleted] /home/ubuntu/apps/election-app/win_prob/H/AL/06/_work/2024_county_results_with_calcs.csv
[skip]    /home/ubuntu/apps/election-app/win_prob/H/AL/06/data_output.csv
[skip]    /home/ubuntu/apps/election-app/win_prob/H/AL/06/data_output_with_margins_old.csv
[skip]    /home/ubuntu/apps/election-app/win_prob/H/AL/06/data_output_with_margins.csv
[skip]    /home/ubuntu/apps/election-app/win_prob/H/AL/06/data_output_with_margins-statewide.csv
[deleted] /home/ubuntu/apps/election-app/win_prob/H/AL/06/snapshots_AL.csv
[deleted] /home/ubuntu/apps/election-app/win_prob/H/AL/06/data_output_AL.csv
[deleted] /home/ubuntu/apps/election-app/win_prob/H/AL/06/data_output_AL_with_margins_statewide_eevp.csv
[deleted] /home/ubuntu/apps/election-app/win_prob/H/AL/06/data_output_AL_with_margins.csv
[deleted] /home/ubuntu/apps/election-app/win_prob/H/AL/06/data_output_AL.csv.checkpoint.json
[deleted] /home/ubuntu/apps/election-app/win_prob/H/AL/06/stats.csv
[deleted] /home/ubuntu/apps/election-app/win_prob/H/AL/06/stats2.csv
[done] removed 16 file(s)
[2026-01-22 14:44:04] INFO: [PIPELINE] args: office=H state=AL district=06
[2026-01-22 14:44:04] INFO: [PIPELINE] WINPROB_DIR resolved to: /home/ubuntu/apps/election-app/win_prob/H/AL/06
[2026-01-22 14:44:04] INFO: [PIPELINE] OUTDIR set to: /home/ubuntu/apps/election-app/win_prob/H/AL/06

$ /home/ubuntu/.venv/bin/python3 /home/ubuntu/apps/election-app/stats/1-statewide.py --input /home/ubuntu/apps/election-app/win_prob/H/AL/06/stats.csv --output /home/ubuntu/apps/election-app/win_prob/H/AL/06/_work/stats_with_statewide.csv
Wrote /home/ubuntu/apps/election-app/win_prob/H/AL/06/_work/stats_with_statewide.csv (rows=8)

$ /home/ubuntu/.venv/bin/python3 /home/ubuntu/apps/election-app/stats/1-stats-2.py --input /home/ubuntu/apps/election-app/win_prob/H/AL/06/stats2.csv --output /home/ubuntu/apps/election-app/win_prob/H/AL/06/_work/stats2_final_headers.csv
Wrote /home/ubuntu/apps/election-app/win_prob/H/AL/06/_work/stats2_final_headers.csv (rows=5)

$ /home/ubuntu/.venv/bin/python3 /home/ubuntu/apps/election-app/stats/1-append-new.py
[warn] stats/stats2 row+fips mismatch detected; will fill missing final_* with 10
Wrote 2024_county_results_with_final-old.csv (rows=8, missing_final_matches=4)

$ /home/ubuntu/.venv/bin/python3 /home/ubuntu/apps/election-app/stats/1-change_header.py
Wrote: 2024_county_results_with_final.csv

$ /home/ubuntu/.venv/bin/python3 /home/ubuntu/apps/election-app/stats/1-cut-zero-fips.py
Wrote: 2024_county_results_with_final_1.csv
Rows before: 8
Rows after:  8
Dropped (fips == 0): 0

$ /home/ubuntu/.venv/bin/python3 /home/ubuntu/apps/election-app/stats/2-calc.py
Wrote 8 rows with calculations to /home/ubuntu/apps/election-app/win_prob/H/AL/06/_work/2024_county_results_with_calcs-old.csv

$ /home/ubuntu/.venv/bin/python3 /home/ubuntu/apps/election-app/stats/2-eevp.py
Wrote (no-op copy): 2024_county_results_with_calcs.csv
Columns:
 - timestamp
 - state
 - county
 - fips
 - trump_votes
 - harris_votes
 - other_votes
 - eevp
 - state_eevp
 - harris_votes_statewide
 - trump_votes_statewide
 - other_votes_statewide
 - final_state
 - final_county
 - final_fips
 - final_trump_votes
 - final_harris_votes
 - final_other_votes
 - harris_percent_snapshot
 - trump_percent_snapshot
 - margin_snapshot
 - harris_percent_final
 - trump_percent_final
 - margin_final
 - margin_difference
 - margin_difference_abs

$ /home/ubuntu/.venv/bin/python3 /home/ubuntu/apps/election-app/stats/3-calc-new.py
Wrote 8 rows with new columns to /home/ubuntu/apps/election-app/win_prob/H/AL/06/_work/2024_county_results_with_calcs_new.csv

$ /home/ubuntu/.venv/bin/python3 /home/ubuntu/apps/election-app/stats/4-stats.py
Reading 2024_county_results_with_calcs_new.csv...
Aggregating statewide totals...
Calculating percentages and margins...
Writing to output_statewide_stats.csv...
Done!
[2026-01-22 14:44:14] INFO: [PIPELINE] ENTER win-prob generation | states=['AL'] ts_list=['2024-11-05T15-30-22']

============================================================================
[01/1] STATE = AL
============================================================================

$ /home/ubuntu/.venv/bin/python3 /home/ubuntu/apps/election-app/stats/5-snapshots.py --state AL --input /home/ubuntu/apps/election-app/win_prob/H/AL/06/_work/output_statewide_stats.csv --output /home/ubuntu/apps/election-app/win_prob/H/AL/06/snapshots_AL.csv --start 2024-11-05T15-30-22 --end 2024-11-05T15-30-22 --use-window 1 --interval 30
Mode: windowed-one-state
Rows written: 8
Distinct states in output: AL
Rows per normalized timestamp (empty = unparseable):
  2024-11-05T15-30-22: 8
Wrote /home/ubuntu/apps/election-app/win_prob/H/AL/06/snapshots_AL.csv

$ /home/ubuntu/.venv/bin/python3 /home/ubuntu/apps/election-app/stats/6-pval.py /home/ubuntu/apps/election-app/win_prob/H/AL/06/snapshots_AL.csv -t /home/ubuntu/apps/election-app/stats/parameters.csv -o /home/ubuntu/apps/election-app/win_prob/H/AL/06/data_output_AL.csv -c 50
Done. Wrote: /home/ubuntu/apps/election-app/win_prob/H/AL/06/data_output_AL.csv
Total rows: 8 (chunked, resumable).
Computed columns for PVALS = [0.01, 0.1, 1, 2, 3, 5, 10, 15, 20, 25, 30, 35, 40, 45, 50, 55, 60, 65, 70, 75, 80, 85, 90, 95, 97, 98, 99, 99.9, 99.99]
Per p (leader): shift_{p}, margin_new_{p}, harris_percent_new_{p}, trump_percent_new_{p}, total_snapshot_{p}, total_expected_{p}, harris_votes_new_{p}, trump_votes_new_{p}
Per p (trailing): shift_trailing_{p}, margin_new_{p}_trailing, harris_percent_new_{p}_trailing, trump_percent_new_{p}_trailing, total_snapshot_{p}_trailing, total_expected_{p}_trailing, harris_votes_new_{p}_trailing, trump_votes_new_{p}_trailing
Checkpoint saved at: /home/ubuntu/apps/election-app/win_prob/H/AL/06/data_output_AL.csv.checkpoint.json

$ /home/ubuntu/.venv/bin/python3 /home/ubuntu/apps/election-app/stats/7-margin-new.py
Wrote data_output_with_margins_old.csv

$ /home/ubuntu/.venv/bin/python3 /home/ubuntu/apps/election-app/stats/7-eevp-statewide.py
Wrote data_output_with_margins.csv (copied from data_output_with_margins_old.csv)

$ /home/ubuntu/.venv/bin/python3 /home/ubuntu/apps/election-app/stats/7.py --input /home/ubuntu/apps/election-app/win_prob/H/AL/06/data_output_AL_with_margins_statewide_eevp.csv --output /home/ubuntu/apps/election-app/win_prob/H/AL/06/statewide_margin_pct_vs_percent_AL_2026.png --state AL --start 2024-11-05T15-30-22 --end 2024-11-05T15-30-22 --stats /home/ubuntu/apps/election-app/win_prob/H/AL/06/stats.csv --stats2 /home/ubuntu/apps/election-app/win_prob/H/AL/06/stats2.csv --interval 30 --year 2026 --jsonl /home/ubuntu/apps/election-app/win_prob/H/AL/06/plotdata_AL_2026_2026-01-22T14-44-04.jsonl
[warn] stats/stats2 FIPS mismatch for state=AL; will apply penalty_pts=100 only if %nodata>0
[info] evaluating 1 timestamps from 2024-11-05T15-30-22 to 2024-11-05T15-30-22 every 30 minutes
[saved] probs_timeseries_AL.csv  (1 points)
[saved] /home/ubuntu/apps/election-app/win_prob/H/AL/06/plotdata_AL_2026_2026-01-22T14-44-04.jsonl  (4 points)
[saved] /home/ubuntu/apps/election-app/win_prob/H/AL/06/statewide_margin_pct_vs_percent_AL_2026_box.json
[saved] /home/ubuntu/apps/election-app/win_prob/H/AL/06/statewide_margin_pct_vs_percent_AL_2026_box.png
[saved] /home/ubuntu/apps/election-app/win_prob/H/AL/06/statewide_margin_pct_vs_percent_AL_2026.png

All 50 states complete. See: /home/ubuntu/apps/election-app/win_prob/H/AL/06

$ /home/ubuntu/.venv/bin/python3 /home/ubuntu/apps/election-app/stats/8.py --root /home/ubuntu/apps/election-app/win_prob/H/AL/06/_work --outdir /home/ubuntu/apps/election-app/win_prob/H/AL/06
[info] root  = /home/ubuntu/apps/election-app/win_prob/H/AL/06/_work
[info] outdir= /home/ubuntu/apps/election-app/win_prob/H/AL/06
[deleted] /home/ubuntu/apps/election-app/win_prob/H/AL/06/_work/stats_with_statewide.csv
[deleted] /home/ubuntu/apps/election-app/win_prob/H/AL/06/_work/stats2_final_headers.csv
[deleted] /home/ubuntu/apps/election-app/win_prob/H/AL/06/_work/2024_county_results_with_final-old.csv
[deleted] /home/ubuntu/apps/election-app/win_prob/H/AL/06/_work/2024_county_results_with_final.csv
[deleted] /home/ubuntu/apps/election-app/win_prob/H/AL/06/_work/2024_county_results_with_final_1.csv
[deleted] /home/ubuntu/apps/election-app/win_prob/H/AL/06/_work/2024_county_results_with_calcs-old.csv
[deleted] /home/ubuntu/apps/election-app/win_prob/H/AL/06/_work/2024_county_results_with_calcs_new.csv
[deleted] /home/ubuntu/apps/election-app/win_prob/H/AL/06/_work/output_statewide_stats.csv
[skip]    /home/ubuntu/apps/election-app/win_prob/H/AL/06/_work/probs_timeseries_PA.csv
[deleted] /home/ubuntu/apps/election-app/win_prob/H/AL/06/_work/2024_county_results_with_calcs.csv
[skip]    /home/ubuntu/apps/election-app/win_prob/H/AL/06/data_output.csv
[skip]    /home/ubuntu/apps/election-app/win_prob/H/AL/06/data_output_with_margins_old.csv
[skip]    /home/ubuntu/apps/election-app/win_prob/H/AL/06/data_output_with_margins.csv
[skip]    /home/ubuntu/apps/election-app/win_prob/H/AL/06/data_output_with_margins-statewide.csv
[deleted] /home/ubuntu/apps/election-app/win_prob/H/AL/06/snapshots_AL.csv
[deleted] /home/ubuntu/apps/election-app/win_prob/H/AL/06/data_output_AL.csv
[deleted] /home/ubuntu/apps/election-app/win_prob/H/AL/06/data_output_AL_with_margins_statewide_eevp.csv
[deleted] /home/ubuntu/apps/election-app/win_prob/H/AL/06/data_output_AL_with_margins.csv
[deleted] /home/ubuntu/apps/election-app/win_prob/H/AL/06/data_output_AL.csv.checkpoint.json
[deleted] /home/ubuntu/apps/election-app/win_prob/H/AL/06/stats.csv
[deleted] /home/ubuntu/apps/election-app/win_prob/H/AL/06/stats2.csv
[done] removed 16 file(s)
[2026-01-24 12:09:22] INFO: [PIPELINE] args: office=H state=AL district=06
[2026-01-24 12:09:22] INFO: [PIPELINE] WINPROB_DIR resolved to: /home/ubuntu/apps/election-app/win_prob/H/AL/06
[2026-01-24 12:09:22] INFO: [PIPELINE] OUTDIR set to: /home/ubuntu/apps/election-app/win_prob/H/AL/06

$ /home/ubuntu/.venv/bin/python3 /home/ubuntu/apps/election-app/stats/1-statewide.py --input /home/ubuntu/apps/election-app/win_prob/H/AL/06/stats.csv --output /home/ubuntu/apps/election-app/win_prob/H/AL/06/_work/stats_with_statewide.csv
Wrote /home/ubuntu/apps/election-app/win_prob/H/AL/06/_work/stats_with_statewide.csv (rows=8)

$ /home/ubuntu/.venv/bin/python3 /home/ubuntu/apps/election-app/stats/1-stats-2.py --input /home/ubuntu/apps/election-app/win_prob/H/AL/06/stats2.csv --output /home/ubuntu/apps/election-app/win_prob/H/AL/06/_work/stats2_final_headers.csv
Wrote /home/ubuntu/apps/election-app/win_prob/H/AL/06/_work/stats2_final_headers.csv (rows=5)

$ /home/ubuntu/.venv/bin/python3 /home/ubuntu/apps/election-app/stats/1-append-new.py
[warn] stats/stats2 row+fips mismatch detected; will fill missing final_* with 10
Wrote 2024_county_results_with_final-old.csv (rows=8, missing_final_matches=4)

$ /home/ubuntu/.venv/bin/python3 /home/ubuntu/apps/election-app/stats/1-change_header.py
Wrote: 2024_county_results_with_final.csv

$ /home/ubuntu/.venv/bin/python3 /home/ubuntu/apps/election-app/stats/1-cut-zero-fips.py
Wrote: 2024_county_results_with_final_1.csv
Rows before: 8
Rows after:  8
Dropped (fips == 0): 0

$ /home/ubuntu/.venv/bin/python3 /home/ubuntu/apps/election-app/stats/2-calc.py
Wrote 8 rows with calculations to /home/ubuntu/apps/election-app/win_prob/H/AL/06/_work/2024_county_results_with_calcs-old.csv

$ /home/ubuntu/.venv/bin/python3 /home/ubuntu/apps/election-app/stats/2-eevp.py
Wrote (no-op copy): 2024_county_results_with_calcs.csv
Columns:
 - timestamp
 - state
 - county
 - fips
 - trump_votes
 - harris_votes
 - other_votes
 - eevp
 - state_eevp
 - harris_votes_statewide
 - trump_votes_statewide
 - other_votes_statewide
 - final_state
 - final_county
 - final_fips
 - final_trump_votes
 - final_harris_votes
 - final_other_votes
 - harris_percent_snapshot
 - trump_percent_snapshot
 - margin_snapshot
 - harris_percent_final
 - trump_percent_final
 - margin_final
 - margin_difference
 - margin_difference_abs

$ /home/ubuntu/.venv/bin/python3 /home/ubuntu/apps/election-app/stats/3-calc-new.py
Wrote 8 rows with new columns to /home/ubuntu/apps/election-app/win_prob/H/AL/06/_work/2024_county_results_with_calcs_new.csv

$ /home/ubuntu/.venv/bin/python3 /home/ubuntu/apps/election-app/stats/4-stats.py
Reading 2024_county_results_with_calcs_new.csv...
Aggregating statewide totals...
Calculating percentages and margins...
Writing to output_statewide_stats.csv...
Done!
[2026-01-24 12:09:32] INFO: [PIPELINE] ENTER win-prob generation | states=['AL'] ts_list=['2024-11-05T15-30-22']

============================================================================
[01/1] STATE = AL
============================================================================

$ /home/ubuntu/.venv/bin/python3 /home/ubuntu/apps/election-app/stats/5-snapshots.py --state AL --input /home/ubuntu/apps/election-app/win_prob/H/AL/06/_work/output_statewide_stats.csv --output /home/ubuntu/apps/election-app/win_prob/H/AL/06/snapshots_AL.csv --start 2024-11-05T15-30-22 --end 2024-11-05T15-30-22 --use-window 1 --interval 30
Mode: windowed-one-state
Rows written: 8
Distinct states in output: AL
Rows per normalized timestamp (empty = unparseable):
  2024-11-05T15-30-22: 8
Wrote /home/ubuntu/apps/election-app/win_prob/H/AL/06/snapshots_AL.csv

$ /home/ubuntu/.venv/bin/python3 /home/ubuntu/apps/election-app/stats/6-pval.py /home/ubuntu/apps/election-app/win_prob/H/AL/06/snapshots_AL.csv -t /home/ubuntu/apps/election-app/stats/parameters.csv -o /home/ubuntu/apps/election-app/win_prob/H/AL/06/data_output_AL.csv -c 50
Done. Wrote: /home/ubuntu/apps/election-app/win_prob/H/AL/06/data_output_AL.csv
Total rows: 8 (chunked, resumable).
Computed columns for PVALS = [0.01, 0.1, 1, 2, 3, 5, 10, 15, 20, 25, 30, 35, 40, 45, 50, 55, 60, 65, 70, 75, 80, 85, 90, 95, 97, 98, 99, 99.9, 99.99]
Per p (leader): shift_{p}, margin_new_{p}, harris_percent_new_{p}, trump_percent_new_{p}, total_snapshot_{p}, total_expected_{p}, harris_votes_new_{p}, trump_votes_new_{p}
Per p (trailing): shift_trailing_{p}, margin_new_{p}_trailing, harris_percent_new_{p}_trailing, trump_percent_new_{p}_trailing, total_snapshot_{p}_trailing, total_expected_{p}_trailing, harris_votes_new_{p}_trailing, trump_votes_new_{p}_trailing
Checkpoint saved at: /home/ubuntu/apps/election-app/win_prob/H/AL/06/data_output_AL.csv.checkpoint.json

$ /home/ubuntu/.venv/bin/python3 /home/ubuntu/apps/election-app/stats/7-margin-new.py
Wrote data_output_with_margins_old.csv

$ /home/ubuntu/.venv/bin/python3 /home/ubuntu/apps/election-app/stats/7-eevp-statewide.py
Wrote data_output_with_margins.csv (copied from data_output_with_margins_old.csv)

$ /home/ubuntu/.venv/bin/python3 /home/ubuntu/apps/election-app/stats/7.py --input /home/ubuntu/apps/election-app/win_prob/H/AL/06/data_output_AL_with_margins_statewide_eevp.csv --output /home/ubuntu/apps/election-app/win_prob/H/AL/06/statewide_margin_pct_vs_percent_AL_2026.png --state AL --start 2024-11-05T15-30-22 --end 2024-11-05T15-30-22 --stats /home/ubuntu/apps/election-app/win_prob/H/AL/06/stats.csv --stats2 /home/ubuntu/apps/election-app/win_prob/H/AL/06/stats2.csv --interval 30 --year 2026 --jsonl /home/ubuntu/apps/election-app/win_prob/H/AL/06/plotdata_AL_2026_2026-01-24T12-09-22.jsonl
[warn] stats/stats2 FIPS mismatch for state=AL; will apply penalty_pts=100 only if %nodata>0
[info] evaluating 1 timestamps from 2024-11-05T15-30-22 to 2024-11-05T15-30-22 every 30 minutes
[saved] probs_timeseries_AL.csv  (1 points)
[saved] /home/ubuntu/apps/election-app/win_prob/H/AL/06/plotdata_AL_2026_2026-01-24T12-09-22.jsonl  (0 points)
[saved] /home/ubuntu/apps/election-app/win_prob/H/AL/06/statewide_margin_pct_vs_percent_AL_2026_box.json
[saved] /home/ubuntu/apps/election-app/win_prob/H/AL/06/statewide_margin_pct_vs_percent_AL_2026_box.png
[saved] /home/ubuntu/apps/election-app/win_prob/H/AL/06/statewide_margin_pct_vs_percent_AL_2026.png

All 50 states complete. See: /home/ubuntu/apps/election-app/win_prob/H/AL/06

$ /home/ubuntu/.venv/bin/python3 /home/ubuntu/apps/election-app/stats/8.py --root /home/ubuntu/apps/election-app/win_prob/H/AL/06/_work --outdir /home/ubuntu/apps/election-app/win_prob/H/AL/06
[info] root  = /home/ubuntu/apps/election-app/win_prob/H/AL/06/_work
[info] outdir= /home/ubuntu/apps/election-app/win_prob/H/AL/06
[deleted] /home/ubuntu/apps/election-app/win_prob/H/AL/06/_work/stats_with_statewide.csv
[deleted] /home/ubuntu/apps/election-app/win_prob/H/AL/06/_work/stats2_final_headers.csv
[deleted] /home/ubuntu/apps/election-app/win_prob/H/AL/06/_work/2024_county_results_with_final-old.csv
[deleted] /home/ubuntu/apps/election-app/win_prob/H/AL/06/_work/2024_county_results_with_final.csv
[deleted] /home/ubuntu/apps/election-app/win_prob/H/AL/06/_work/2024_county_results_with_final_1.csv
[deleted] /home/ubuntu/apps/election-app/win_prob/H/AL/06/_work/2024_county_results_with_calcs-old.csv
[deleted] /home/ubuntu/apps/election-app/win_prob/H/AL/06/_work/2024_county_results_with_calcs_new.csv
[deleted] /home/ubuntu/apps/election-app/win_prob/H/AL/06/_work/output_statewide_stats.csv
[skip]    /home/ubuntu/apps/election-app/win_prob/H/AL/06/_work/probs_timeseries_PA.csv
[deleted] /home/ubuntu/apps/election-app/win_prob/H/AL/06/_work/2024_county_results_with_calcs.csv
[skip]    /home/ubuntu/apps/election-app/win_prob/H/AL/06/data_output.csv
[skip]    /home/ubuntu/apps/election-app/win_prob/H/AL/06/data_output_with_margins_old.csv
[skip]    /home/ubuntu/apps/election-app/win_prob/H/AL/06/data_output_with_margins.csv
[skip]    /home/ubuntu/apps/election-app/win_prob/H/AL/06/data_output_with_margins-statewide.csv
[deleted] /home/ubuntu/apps/election-app/win_prob/H/AL/06/snapshots_AL.csv
[deleted] /home/ubuntu/apps/election-app/win_prob/H/AL/06/data_output_AL.csv
[deleted] /home/ubuntu/apps/election-app/win_prob/H/AL/06/data_output_AL_with_margins_statewide_eevp.csv
[deleted] /home/ubuntu/apps/election-app/win_prob/H/AL/06/data_output_AL_with_margins.csv
[deleted] /home/ubuntu/apps/election-app/win_prob/H/AL/06/data_output_AL.csv.checkpoint.json
[deleted] /home/ubuntu/apps/election-app/win_prob/H/AL/06/stats.csv
[deleted] /home/ubuntu/apps/election-app/win_prob/H/AL/06/stats2.csv
[done] removed 16 file(s)
[2026-01-24 12:23:24] INFO: [PIPELINE] args: office=H state=AL district=06
[2026-01-24 12:23:24] INFO: [PIPELINE] WINPROB_DIR resolved to: /home/ubuntu/apps/election-app/win_prob/H/AL/06
[2026-01-24 12:23:24] INFO: [PIPELINE] OUTDIR set to: /home/ubuntu/apps/election-app/win_prob/H/AL/06

$ /home/ubuntu/.venv/bin/python3 /home/ubuntu/apps/election-app/stats/1-statewide.py --input /home/ubuntu/apps/election-app/win_prob/H/AL/06/stats.csv --output /home/ubuntu/apps/election-app/win_prob/H/AL/06/_work/stats_with_statewide.csv
Wrote /home/ubuntu/apps/election-app/win_prob/H/AL/06/_work/stats_with_statewide.csv (rows=8)

$ /home/ubuntu/.venv/bin/python3 /home/ubuntu/apps/election-app/stats/1-stats-2.py --input /home/ubuntu/apps/election-app/win_prob/H/AL/06/stats2.csv --output /home/ubuntu/apps/election-app/win_prob/H/AL/06/_work/stats2_final_headers.csv
Wrote /home/ubuntu/apps/election-app/win_prob/H/AL/06/_work/stats2_final_headers.csv (rows=5)

$ /home/ubuntu/.venv/bin/python3 /home/ubuntu/apps/election-app/stats/1-append-new.py
[warn] stats/stats2 row+fips mismatch detected; will fill missing final_* with 10
Wrote 2024_county_results_with_final-old.csv (rows=8, missing_final_matches=4)

$ /home/ubuntu/.venv/bin/python3 /home/ubuntu/apps/election-app/stats/1-change_header.py
Wrote: 2024_county_results_with_final.csv

$ /home/ubuntu/.venv/bin/python3 /home/ubuntu/apps/election-app/stats/1-cut-zero-fips.py
Wrote: 2024_county_results_with_final_1.csv
Rows before: 8
Rows after:  8
Dropped (fips == 0): 0

$ /home/ubuntu/.venv/bin/python3 /home/ubuntu/apps/election-app/stats/2-calc.py
Wrote 8 rows with calculations to /home/ubuntu/apps/election-app/win_prob/H/AL/06/_work/2024_county_results_with_calcs-old.csv

$ /home/ubuntu/.venv/bin/python3 /home/ubuntu/apps/election-app/stats/2-eevp.py
Wrote (no-op copy): 2024_county_results_with_calcs.csv
Columns:
 - timestamp
 - state
 - county
 - fips
 - trump_votes
 - harris_votes
 - other_votes
 - eevp
 - state_eevp
 - harris_votes_statewide
 - trump_votes_statewide
 - other_votes_statewide
 - final_state
 - final_county
 - final_fips
 - final_trump_votes
 - final_harris_votes
 - final_other_votes
 - harris_percent_snapshot
 - trump_percent_snapshot
 - margin_snapshot
 - harris_percent_final
 - trump_percent_final
 - margin_final
 - margin_difference
 - margin_difference_abs

$ /home/ubuntu/.venv/bin/python3 /home/ubuntu/apps/election-app/stats/3-calc-new.py
Wrote 8 rows with new columns to /home/ubuntu/apps/election-app/win_prob/H/AL/06/_work/2024_county_results_with_calcs_new.csv

$ /home/ubuntu/.venv/bin/python3 /home/ubuntu/apps/election-app/stats/4-stats.py
Reading 2024_county_results_with_calcs_new.csv...
Aggregating statewide totals...
Calculating percentages and margins...
Writing to output_statewide_stats.csv...
Done!
[2026-01-24 12:23:35] INFO: [PIPELINE] ENTER win-prob generation | states=['AL'] ts_list=['2024-11-05T15-30-22']

============================================================================
[01/1] STATE = AL
============================================================================

$ /home/ubuntu/.venv/bin/python3 /home/ubuntu/apps/election-app/stats/5-snapshots.py --state AL --input /home/ubuntu/apps/election-app/win_prob/H/AL/06/_work/output_statewide_stats.csv --output /home/ubuntu/apps/election-app/win_prob/H/AL/06/snapshots_AL.csv --start 2024-11-05T15-30-22 --end 2024-11-05T15-30-22 --use-window 1 --interval 30
Mode: windowed-one-state
Rows written: 8
Distinct states in output: AL
Rows per normalized timestamp (empty = unparseable):
  2024-11-05T15-30-22: 8
Wrote /home/ubuntu/apps/election-app/win_prob/H/AL/06/snapshots_AL.csv

$ /home/ubuntu/.venv/bin/python3 /home/ubuntu/apps/election-app/stats/6-pval.py /home/ubuntu/apps/election-app/win_prob/H/AL/06/snapshots_AL.csv -t /home/ubuntu/apps/election-app/stats/parameters.csv -o /home/ubuntu/apps/election-app/win_prob/H/AL/06/data_output_AL.csv -c 50
Done. Wrote: /home/ubuntu/apps/election-app/win_prob/H/AL/06/data_output_AL.csv
Total rows: 8 (chunked, resumable).
Computed columns for PVALS = [0.01, 0.1, 1, 2, 3, 5, 10, 15, 20, 25, 30, 35, 40, 45, 50, 55, 60, 65, 70, 75, 80, 85, 90, 95, 97, 98, 99, 99.9, 99.99]
Per p (leader): shift_{p}, margin_new_{p}, harris_percent_new_{p}, trump_percent_new_{p}, total_snapshot_{p}, total_expected_{p}, harris_votes_new_{p}, trump_votes_new_{p}
Per p (trailing): shift_trailing_{p}, margin_new_{p}_trailing, harris_percent_new_{p}_trailing, trump_percent_new_{p}_trailing, total_snapshot_{p}_trailing, total_expected_{p}_trailing, harris_votes_new_{p}_trailing, trump_votes_new_{p}_trailing
Checkpoint saved at: /home/ubuntu/apps/election-app/win_prob/H/AL/06/data_output_AL.csv.checkpoint.json

$ /home/ubuntu/.venv/bin/python3 /home/ubuntu/apps/election-app/stats/7-margin-new.py
Wrote data_output_with_margins_old.csv

$ /home/ubuntu/.venv/bin/python3 /home/ubuntu/apps/election-app/stats/7-eevp-statewide.py
Wrote data_output_with_margins.csv (copied from data_output_with_margins_old.csv)

$ /home/ubuntu/.venv/bin/python3 /home/ubuntu/apps/election-app/stats/7.py --input /home/ubuntu/apps/election-app/win_prob/H/AL/06/data_output_AL_with_margins_statewide_eevp.csv --output /home/ubuntu/apps/election-app/win_prob/H/AL/06/statewide_margin_pct_vs_percent_AL_2026.png --state AL --start 2024-11-05T15-30-22 --end 2024-11-05T15-30-22 --stats /home/ubuntu/apps/election-app/win_prob/H/AL/06/stats.csv --stats2 /home/ubuntu/apps/election-app/win_prob/H/AL/06/stats2.csv --interval 30 --year 2026 --jsonl /home/ubuntu/apps/election-app/win_prob/H/AL/06/plotdata_AL_2026_2026-01-24T12-23-24.jsonl
[warn] stats/stats2 FIPS mismatch for state=AL; will apply penalty_pts=100 only if %nodata>0
[info] evaluating 1 timestamps from 2024-11-05T15-30-22 to 2024-11-05T15-30-22 every 30 minutes
[saved] probs_timeseries_AL.csv  (1 points)
[saved] /home/ubuntu/apps/election-app/win_prob/H/AL/06/plotdata_AL_2026_2026-01-24T12-23-24.jsonl  (4 points)
[saved] /home/ubuntu/apps/election-app/win_prob/H/AL/06/statewide_margin_pct_vs_percent_AL_2026_box.json
[saved] /home/ubuntu/apps/election-app/win_prob/H/AL/06/statewide_margin_pct_vs_percent_AL_2026_box.png
[saved] /home/ubuntu/apps/election-app/win_prob/H/AL/06/statewide_margin_pct_vs_percent_AL_2026.png

All 50 states complete. See: /home/ubuntu/apps/election-app/win_prob/H/AL/06

$ /home/ubuntu/.venv/bin/python3 /home/ubuntu/apps/election-app/stats/8.py --root /home/ubuntu/apps/election-app/win_prob/H/AL/06/_work --outdir /home/ubuntu/apps/election-app/win_prob/H/AL/06
[info] root  = /home/ubuntu/apps/election-app/win_prob/H/AL/06/_work
[info] outdir= /home/ubuntu/apps/election-app/win_prob/H/AL/06
[deleted] /home/ubuntu/apps/election-app/win_prob/H/AL/06/_work/stats_with_statewide.csv
[deleted] /home/ubuntu/apps/election-app/win_prob/H/AL/06/_work/stats2_final_headers.csv
[deleted] /home/ubuntu/apps/election-app/win_prob/H/AL/06/_work/2024_county_results_with_final-old.csv
[deleted] /home/ubuntu/apps/election-app/win_prob/H/AL/06/_work/2024_county_results_with_final.csv
[deleted] /home/ubuntu/apps/election-app/win_prob/H/AL/06/_work/2024_county_results_with_final_1.csv
[deleted] /home/ubuntu/apps/election-app/win_prob/H/AL/06/_work/2024_county_results_with_calcs-old.csv
[deleted] /home/ubuntu/apps/election-app/win_prob/H/AL/06/_work/2024_county_results_with_calcs_new.csv
[deleted] /home/ubuntu/apps/election-app/win_prob/H/AL/06/_work/output_statewide_stats.csv
[skip]    /home/ubuntu/apps/election-app/win_prob/H/AL/06/_work/probs_timeseries_PA.csv
[deleted] /home/ubuntu/apps/election-app/win_prob/H/AL/06/_work/2024_county_results_with_calcs.csv
[skip]    /home/ubuntu/apps/election-app/win_prob/H/AL/06/data_output.csv
[skip]    /home/ubuntu/apps/election-app/win_prob/H/AL/06/data_output_with_margins_old.csv
[skip]    /home/ubuntu/apps/election-app/win_prob/H/AL/06/data_output_with_margins.csv
[skip]    /home/ubuntu/apps/election-app/win_prob/H/AL/06/data_output_with_margins-statewide.csv
[deleted] /home/ubuntu/apps/election-app/win_prob/H/AL/06/snapshots_AL.csv
[deleted] /home/ubuntu/apps/election-app/win_prob/H/AL/06/data_output_AL.csv
[deleted] /home/ubuntu/apps/election-app/win_prob/H/AL/06/data_output_AL_with_margins_statewide_eevp.csv
[deleted] /home/ubuntu/apps/election-app/win_prob/H/AL/06/data_output_AL_with_margins.csv
[deleted] /home/ubuntu/apps/election-app/win_prob/H/AL/06/data_output_AL.csv.checkpoint.json
[deleted] /home/ubuntu/apps/election-app/win_prob/H/AL/06/stats.csv
[deleted] /home/ubuntu/apps/election-app/win_prob/H/AL/06/stats2.csv
[done] removed 16 file(s)
[2026-01-24 12:30:26] INFO: [PIPELINE] args: office=H state=AL district=06
[2026-01-24 12:30:26] INFO: [PIPELINE] WINPROB_DIR resolved to: /home/ubuntu/apps/election-app/win_prob/H/AL/06
[2026-01-24 12:30:26] INFO: [PIPELINE] OUTDIR set to: /home/ubuntu/apps/election-app/win_prob/H/AL/06

$ /home/ubuntu/.venv/bin/python3 /home/ubuntu/apps/election-app/stats/1-statewide.py --input /home/ubuntu/apps/election-app/win_prob/H/AL/06/stats.csv --output /home/ubuntu/apps/election-app/win_prob/H/AL/06/_work/stats_with_statewide.csv
Wrote /home/ubuntu/apps/election-app/win_prob/H/AL/06/_work/stats_with_statewide.csv (rows=8)

$ /home/ubuntu/.venv/bin/python3 /home/ubuntu/apps/election-app/stats/1-stats-2.py --input /home/ubuntu/apps/election-app/win_prob/H/AL/06/stats2.csv --output /home/ubuntu/apps/election-app/win_prob/H/AL/06/_work/stats2_final_headers.csv
Wrote /home/ubuntu/apps/election-app/win_prob/H/AL/06/_work/stats2_final_headers.csv (rows=5)

$ /home/ubuntu/.venv/bin/python3 /home/ubuntu/apps/election-app/stats/1-append-new.py
[warn] stats/stats2 row+fips mismatch detected; will fill missing final_* with 10
Wrote 2024_county_results_with_final-old.csv (rows=8, missing_final_matches=4)

$ /home/ubuntu/.venv/bin/python3 /home/ubuntu/apps/election-app/stats/1-change_header.py
Wrote: 2024_county_results_with_final.csv

$ /home/ubuntu/.venv/bin/python3 /home/ubuntu/apps/election-app/stats/1-cut-zero-fips.py
Wrote: 2024_county_results_with_final_1.csv
Rows before: 8
Rows after:  8
Dropped (fips == 0): 0

$ /home/ubuntu/.venv/bin/python3 /home/ubuntu/apps/election-app/stats/2-calc.py
Wrote 8 rows with calculations to /home/ubuntu/apps/election-app/win_prob/H/AL/06/_work/2024_county_results_with_calcs-old.csv

$ /home/ubuntu/.venv/bin/python3 /home/ubuntu/apps/election-app/stats/2-eevp.py
Wrote (no-op copy): 2024_county_results_with_calcs.csv
Columns:
 - timestamp
 - state
 - county
 - fips
 - trump_votes
 - harris_votes
 - other_votes
 - eevp
 - state_eevp
 - harris_votes_statewide
 - trump_votes_statewide
 - other_votes_statewide
 - final_state
 - final_county
 - final_fips
 - final_trump_votes
 - final_harris_votes
 - final_other_votes
 - harris_percent_snapshot
 - trump_percent_snapshot
 - margin_snapshot
 - harris_percent_final
 - trump_percent_final
 - margin_final
 - margin_difference
 - margin_difference_abs

$ /home/ubuntu/.venv/bin/python3 /home/ubuntu/apps/election-app/stats/3-calc-new.py
Wrote 8 rows with new columns to /home/ubuntu/apps/election-app/win_prob/H/AL/06/_work/2024_county_results_with_calcs_new.csv

$ /home/ubuntu/.venv/bin/python3 /home/ubuntu/apps/election-app/stats/4-stats.py
Reading 2024_county_results_with_calcs_new.csv...
Aggregating statewide totals...
Calculating percentages and margins...
Writing to output_statewide_stats.csv...
Done!
[2026-01-24 12:30:37] INFO: [PIPELINE] ENTER win-prob generation | states=['AL'] ts_list=['2024-11-05T15-30-22']

============================================================================
[01/1] STATE = AL
============================================================================

$ /home/ubuntu/.venv/bin/python3 /home/ubuntu/apps/election-app/stats/5-snapshots.py --state AL --input /home/ubuntu/apps/election-app/win_prob/H/AL/06/_work/output_statewide_stats.csv --output /home/ubuntu/apps/election-app/win_prob/H/AL/06/snapshots_AL.csv --start 2024-11-05T15-30-22 --end 2024-11-05T15-30-22 --use-window 1 --interval 30
Mode: windowed-one-state
Rows written: 8
Distinct states in output: AL
Rows per normalized timestamp (empty = unparseable):
  2024-11-05T15-30-22: 8
Wrote /home/ubuntu/apps/election-app/win_prob/H/AL/06/snapshots_AL.csv

$ /home/ubuntu/.venv/bin/python3 /home/ubuntu/apps/election-app/stats/6-pval.py /home/ubuntu/apps/election-app/win_prob/H/AL/06/snapshots_AL.csv -t /home/ubuntu/apps/election-app/stats/parameters.csv -o /home/ubuntu/apps/election-app/win_prob/H/AL/06/data_output_AL.csv -c 50
Done. Wrote: /home/ubuntu/apps/election-app/win_prob/H/AL/06/data_output_AL.csv
Total rows: 8 (chunked, resumable).
Computed columns for PVALS = [0.01, 0.1, 1, 2, 3, 5, 10, 15, 20, 25, 30, 35, 40, 45, 50, 55, 60, 65, 70, 75, 80, 85, 90, 95, 97, 98, 99, 99.9, 99.99]
Per p (leader): shift_{p}, margin_new_{p}, harris_percent_new_{p}, trump_percent_new_{p}, total_snapshot_{p}, total_expected_{p}, harris_votes_new_{p}, trump_votes_new_{p}
Per p (trailing): shift_trailing_{p}, margin_new_{p}_trailing, harris_percent_new_{p}_trailing, trump_percent_new_{p}_trailing, total_snapshot_{p}_trailing, total_expected_{p}_trailing, harris_votes_new_{p}_trailing, trump_votes_new_{p}_trailing
Checkpoint saved at: /home/ubuntu/apps/election-app/win_prob/H/AL/06/data_output_AL.csv.checkpoint.json

$ /home/ubuntu/.venv/bin/python3 /home/ubuntu/apps/election-app/stats/7-margin-new.py
Wrote data_output_with_margins_old.csv

$ /home/ubuntu/.venv/bin/python3 /home/ubuntu/apps/election-app/stats/7-eevp-statewide.py
Wrote data_output_with_margins.csv (copied from data_output_with_margins_old.csv)

$ /home/ubuntu/.venv/bin/python3 /home/ubuntu/apps/election-app/stats/7.py --input /home/ubuntu/apps/election-app/win_prob/H/AL/06/data_output_AL_with_margins_statewide_eevp.csv --output /home/ubuntu/apps/election-app/win_prob/H/AL/06/statewide_margin_pct_vs_percent_AL_2026.png --state AL --start 2024-11-05T15-30-22 --end 2024-11-05T15-30-22 --stats /home/ubuntu/apps/election-app/win_prob/H/AL/06/stats.csv --stats2 /home/ubuntu/apps/election-app/win_prob/H/AL/06/stats2.csv --interval 30 --year 2026 --jsonl /home/ubuntu/apps/election-app/win_prob/H/AL/06/plotdata_AL_2026_2026-01-24T12-30-26.jsonl
[warn] stats/stats2 FIPS mismatch for state=AL; will apply penalty_pts=100 only if %nodata>0
[info] evaluating 1 timestamps from 2024-11-05T15-30-22 to 2024-11-05T15-30-22 every 30 minutes
[saved] probs_timeseries_AL.csv  (1 points)
[saved] /home/ubuntu/apps/election-app/win_prob/H/AL/06/plotdata_AL_2026_2026-01-24T12-30-26.jsonl  (4 points)
[saved] /home/ubuntu/apps/election-app/win_prob/H/AL/06/statewide_margin_pct_vs_percent_AL_2026_box.json
[saved] /home/ubuntu/apps/election-app/win_prob/H/AL/06/statewide_margin_pct_vs_percent_AL_2026_box.png
[saved] /home/ubuntu/apps/election-app/win_prob/H/AL/06/statewide_margin_pct_vs_percent_AL_2026.png

All 50 states complete. See: /home/ubuntu/apps/election-app/win_prob/H/AL/06

$ /home/ubuntu/.venv/bin/python3 /home/ubuntu/apps/election-app/stats/8.py --root /home/ubuntu/apps/election-app/win_prob/H/AL/06/_work --outdir /home/ubuntu/apps/election-app/win_prob/H/AL/06
[info] root  = /home/ubuntu/apps/election-app/win_prob/H/AL/06/_work
[info] outdir= /home/ubuntu/apps/election-app/win_prob/H/AL/06
[deleted] /home/ubuntu/apps/election-app/win_prob/H/AL/06/_work/stats_with_statewide.csv
[deleted] /home/ubuntu/apps/election-app/win_prob/H/AL/06/_work/stats2_final_headers.csv
[deleted] /home/ubuntu/apps/election-app/win_prob/H/AL/06/_work/2024_county_results_with_final-old.csv
[deleted] /home/ubuntu/apps/election-app/win_prob/H/AL/06/_work/2024_county_results_with_final.csv
[deleted] /home/ubuntu/apps/election-app/win_prob/H/AL/06/_work/2024_county_results_with_final_1.csv
[deleted] /home/ubuntu/apps/election-app/win_prob/H/AL/06/_work/2024_county_results_with_calcs-old.csv
[deleted] /home/ubuntu/apps/election-app/win_prob/H/AL/06/_work/2024_county_results_with_calcs_new.csv
[deleted] /home/ubuntu/apps/election-app/win_prob/H/AL/06/_work/output_statewide_stats.csv
[skip]    /home/ubuntu/apps/election-app/win_prob/H/AL/06/_work/probs_timeseries_PA.csv
[deleted] /home/ubuntu/apps/election-app/win_prob/H/AL/06/_work/2024_county_results_with_calcs.csv
[skip]    /home/ubuntu/apps/election-app/win_prob/H/AL/06/data_output.csv
[skip]    /home/ubuntu/apps/election-app/win_prob/H/AL/06/data_output_with_margins_old.csv
[skip]    /home/ubuntu/apps/election-app/win_prob/H/AL/06/data_output_with_margins.csv
[skip]    /home/ubuntu/apps/election-app/win_prob/H/AL/06/data_output_with_margins-statewide.csv
[deleted] /home/ubuntu/apps/election-app/win_prob/H/AL/06/snapshots_AL.csv
[deleted] /home/ubuntu/apps/election-app/win_prob/H/AL/06/data_output_AL.csv
[deleted] /home/ubuntu/apps/election-app/win_prob/H/AL/06/data_output_AL_with_margins_statewide_eevp.csv
[deleted] /home/ubuntu/apps/election-app/win_prob/H/AL/06/data_output_AL_with_margins.csv
[deleted] /home/ubuntu/apps/election-app/win_prob/H/AL/06/data_output_AL.csv.checkpoint.json
[deleted] /home/ubuntu/apps/election-app/win_prob/H/AL/06/stats.csv
[deleted] /home/ubuntu/apps/election-app/win_prob/H/AL/06/stats2.csv
[done] removed 16 file(s)
[2026-01-24 12:37:28] INFO: [PIPELINE] args: office=H state=AL district=06
[2026-01-24 12:37:28] INFO: [PIPELINE] WINPROB_DIR resolved to: /home/ubuntu/apps/election-app/win_prob/H/AL/06
[2026-01-24 12:37:28] INFO: [PIPELINE] OUTDIR set to: /home/ubuntu/apps/election-app/win_prob/H/AL/06

$ /home/ubuntu/.venv/bin/python3 /home/ubuntu/apps/election-app/stats/1-statewide.py --input /home/ubuntu/apps/election-app/win_prob/H/AL/06/stats.csv --output /home/ubuntu/apps/election-app/win_prob/H/AL/06/_work/stats_with_statewide.csv
Wrote /home/ubuntu/apps/election-app/win_prob/H/AL/06/_work/stats_with_statewide.csv (rows=8)

$ /home/ubuntu/.venv/bin/python3 /home/ubuntu/apps/election-app/stats/1-stats-2.py --input /home/ubuntu/apps/election-app/win_prob/H/AL/06/stats2.csv --output /home/ubuntu/apps/election-app/win_prob/H/AL/06/_work/stats2_final_headers.csv
Wrote /home/ubuntu/apps/election-app/win_prob/H/AL/06/_work/stats2_final_headers.csv (rows=5)

$ /home/ubuntu/.venv/bin/python3 /home/ubuntu/apps/election-app/stats/1-append-new.py
[warn] stats/stats2 row+fips mismatch detected; will fill missing final_* with 10
Wrote 2024_county_results_with_final-old.csv (rows=8, missing_final_matches=4)

$ /home/ubuntu/.venv/bin/python3 /home/ubuntu/apps/election-app/stats/1-change_header.py
Wrote: 2024_county_results_with_final.csv

$ /home/ubuntu/.venv/bin/python3 /home/ubuntu/apps/election-app/stats/1-cut-zero-fips.py
Wrote: 2024_county_results_with_final_1.csv
Rows before: 8
Rows after:  8
Dropped (fips == 0): 0

$ /home/ubuntu/.venv/bin/python3 /home/ubuntu/apps/election-app/stats/2-calc.py
Wrote 8 rows with calculations to /home/ubuntu/apps/election-app/win_prob/H/AL/06/_work/2024_county_results_with_calcs-old.csv

$ /home/ubuntu/.venv/bin/python3 /home/ubuntu/apps/election-app/stats/2-eevp.py
Wrote (no-op copy): 2024_county_results_with_calcs.csv
Columns:
 - timestamp
 - state
 - county
 - fips
 - trump_votes
 - harris_votes
 - other_votes
 - eevp
 - state_eevp
 - harris_votes_statewide
 - trump_votes_statewide
 - other_votes_statewide
 - final_state
 - final_county
 - final_fips
 - final_trump_votes
 - final_harris_votes
 - final_other_votes
 - harris_percent_snapshot
 - trump_percent_snapshot
 - margin_snapshot
 - harris_percent_final
 - trump_percent_final
 - margin_final
 - margin_difference
 - margin_difference_abs

$ /home/ubuntu/.venv/bin/python3 /home/ubuntu/apps/election-app/stats/3-calc-new.py
Wrote 8 rows with new columns to /home/ubuntu/apps/election-app/win_prob/H/AL/06/_work/2024_county_results_with_calcs_new.csv

$ /home/ubuntu/.venv/bin/python3 /home/ubuntu/apps/election-app/stats/4-stats.py
Reading 2024_county_results_with_calcs_new.csv...
Aggregating statewide totals...
Calculating percentages and margins...
Writing to output_statewide_stats.csv...
Done!
[2026-01-24 12:37:38] INFO: [PIPELINE] ENTER win-prob generation | states=['AL'] ts_list=['2024-11-05T15-30-22']

============================================================================
[01/1] STATE = AL
============================================================================

$ /home/ubuntu/.venv/bin/python3 /home/ubuntu/apps/election-app/stats/5-snapshots.py --state AL --input /home/ubuntu/apps/election-app/win_prob/H/AL/06/_work/output_statewide_stats.csv --output /home/ubuntu/apps/election-app/win_prob/H/AL/06/snapshots_AL.csv --start 2024-11-05T15-30-22 --end 2024-11-05T15-30-22 --use-window 1 --interval 30
Mode: windowed-one-state
Rows written: 8
Distinct states in output: AL
Rows per normalized timestamp (empty = unparseable):
  2024-11-05T15-30-22: 8
Wrote /home/ubuntu/apps/election-app/win_prob/H/AL/06/snapshots_AL.csv

$ /home/ubuntu/.venv/bin/python3 /home/ubuntu/apps/election-app/stats/6-pval.py /home/ubuntu/apps/election-app/win_prob/H/AL/06/snapshots_AL.csv -t /home/ubuntu/apps/election-app/stats/parameters.csv -o /home/ubuntu/apps/election-app/win_prob/H/AL/06/data_output_AL.csv -c 50
Done. Wrote: /home/ubuntu/apps/election-app/win_prob/H/AL/06/data_output_AL.csv
Total rows: 8 (chunked, resumable).
Computed columns for PVALS = [0.01, 0.1, 1, 2, 3, 5, 10, 15, 20, 25, 30, 35, 40, 45, 50, 55, 60, 65, 70, 75, 80, 85, 90, 95, 97, 98, 99, 99.9, 99.99]
Per p (leader): shift_{p}, margin_new_{p}, harris_percent_new_{p}, trump_percent_new_{p}, total_snapshot_{p}, total_expected_{p}, harris_votes_new_{p}, trump_votes_new_{p}
Per p (trailing): shift_trailing_{p}, margin_new_{p}_trailing, harris_percent_new_{p}_trailing, trump_percent_new_{p}_trailing, total_snapshot_{p}_trailing, total_expected_{p}_trailing, harris_votes_new_{p}_trailing, trump_votes_new_{p}_trailing
Checkpoint saved at: /home/ubuntu/apps/election-app/win_prob/H/AL/06/data_output_AL.csv.checkpoint.json

$ /home/ubuntu/.venv/bin/python3 /home/ubuntu/apps/election-app/stats/7-margin-new.py
Wrote data_output_with_margins_old.csv

$ /home/ubuntu/.venv/bin/python3 /home/ubuntu/apps/election-app/stats/7-eevp-statewide.py
Wrote data_output_with_margins.csv (copied from data_output_with_margins_old.csv)

$ /home/ubuntu/.venv/bin/python3 /home/ubuntu/apps/election-app/stats/7.py --input /home/ubuntu/apps/election-app/win_prob/H/AL/06/data_output_AL_with_margins_statewide_eevp.csv --output /home/ubuntu/apps/election-app/win_prob/H/AL/06/statewide_margin_pct_vs_percent_AL_2026.png --state AL --start 2024-11-05T15-30-22 --end 2024-11-05T15-30-22 --stats /home/ubuntu/apps/election-app/win_prob/H/AL/06/stats.csv --stats2 /home/ubuntu/apps/election-app/win_prob/H/AL/06/stats2.csv --interval 30 --year 2026 --jsonl /home/ubuntu/apps/election-app/win_prob/H/AL/06/plotdata_AL_2026_2026-01-24T12-37-28.jsonl
[warn] stats/stats2 FIPS mismatch for state=AL; will apply penalty_pts=100 only if %nodata>0
[info] evaluating 1 timestamps from 2024-11-05T15-30-22 to 2024-11-05T15-30-22 every 30 minutes
[saved] probs_timeseries_AL.csv  (1 points)
[saved] /home/ubuntu/apps/election-app/win_prob/H/AL/06/plotdata_AL_2026_2026-01-24T12-37-28.jsonl  (4 points)
[saved] /home/ubuntu/apps/election-app/win_prob/H/AL/06/statewide_margin_pct_vs_percent_AL_2026_box.json
[saved] /home/ubuntu/apps/election-app/win_prob/H/AL/06/statewide_margin_pct_vs_percent_AL_2026_box.png
[saved] /home/ubuntu/apps/election-app/win_prob/H/AL/06/statewide_margin_pct_vs_percent_AL_2026.png

All 50 states complete. See: /home/ubuntu/apps/election-app/win_prob/H/AL/06

$ /home/ubuntu/.venv/bin/python3 /home/ubuntu/apps/election-app/stats/8.py --root /home/ubuntu/apps/election-app/win_prob/H/AL/06/_work --outdir /home/ubuntu/apps/election-app/win_prob/H/AL/06
[info] root  = /home/ubuntu/apps/election-app/win_prob/H/AL/06/_work
[info] outdir= /home/ubuntu/apps/election-app/win_prob/H/AL/06
[deleted] /home/ubuntu/apps/election-app/win_prob/H/AL/06/_work/stats_with_statewide.csv
[deleted] /home/ubuntu/apps/election-app/win_prob/H/AL/06/_work/stats2_final_headers.csv
[deleted] /home/ubuntu/apps/election-app/win_prob/H/AL/06/_work/2024_county_results_with_final-old.csv
[deleted] /home/ubuntu/apps/election-app/win_prob/H/AL/06/_work/2024_county_results_with_final.csv
[deleted] /home/ubuntu/apps/election-app/win_prob/H/AL/06/_work/2024_county_results_with_final_1.csv
[deleted] /home/ubuntu/apps/election-app/win_prob/H/AL/06/_work/2024_county_results_with_calcs-old.csv
[deleted] /home/ubuntu/apps/election-app/win_prob/H/AL/06/_work/2024_county_results_with_calcs_new.csv
[deleted] /home/ubuntu/apps/election-app/win_prob/H/AL/06/_work/output_statewide_stats.csv
[skip]    /home/ubuntu/apps/election-app/win_prob/H/AL/06/_work/probs_timeseries_PA.csv
[deleted] /home/ubuntu/apps/election-app/win_prob/H/AL/06/_work/2024_county_results_with_calcs.csv
[skip]    /home/ubuntu/apps/election-app/win_prob/H/AL/06/data_output.csv
[skip]    /home/ubuntu/apps/election-app/win_prob/H/AL/06/data_output_with_margins_old.csv
[skip]    /home/ubuntu/apps/election-app/win_prob/H/AL/06/data_output_with_margins.csv
[skip]    /home/ubuntu/apps/election-app/win_prob/H/AL/06/data_output_with_margins-statewide.csv
[deleted] /home/ubuntu/apps/election-app/win_prob/H/AL/06/snapshots_AL.csv
[deleted] /home/ubuntu/apps/election-app/win_prob/H/AL/06/data_output_AL.csv
[deleted] /home/ubuntu/apps/election-app/win_prob/H/AL/06/data_output_AL_with_margins_statewide_eevp.csv
[deleted] /home/ubuntu/apps/election-app/win_prob/H/AL/06/data_output_AL_with_margins.csv
[deleted] /home/ubuntu/apps/election-app/win_prob/H/AL/06/data_output_AL.csv.checkpoint.json
[deleted] /home/ubuntu/apps/election-app/win_prob/H/AL/06/stats.csv
[deleted] /home/ubuntu/apps/election-app/win_prob/H/AL/06/stats2.csv
[done] removed 16 file(s)
[2026-01-24 12:44:29] INFO: [PIPELINE] args: office=H state=AL district=06
[2026-01-24 12:44:29] INFO: [PIPELINE] WINPROB_DIR resolved to: /home/ubuntu/apps/election-app/win_prob/H/AL/06
[2026-01-24 12:44:29] INFO: [PIPELINE] OUTDIR set to: /home/ubuntu/apps/election-app/win_prob/H/AL/06

$ /home/ubuntu/.venv/bin/python3 /home/ubuntu/apps/election-app/stats/1-statewide.py --input /home/ubuntu/apps/election-app/win_prob/H/AL/06/stats.csv --output /home/ubuntu/apps/election-app/win_prob/H/AL/06/_work/stats_with_statewide.csv
Wrote /home/ubuntu/apps/election-app/win_prob/H/AL/06/_work/stats_with_statewide.csv (rows=8)

$ /home/ubuntu/.venv/bin/python3 /home/ubuntu/apps/election-app/stats/1-stats-2.py --input /home/ubuntu/apps/election-app/win_prob/H/AL/06/stats2.csv --output /home/ubuntu/apps/election-app/win_prob/H/AL/06/_work/stats2_final_headers.csv
Wrote /home/ubuntu/apps/election-app/win_prob/H/AL/06/_work/stats2_final_headers.csv (rows=5)

$ /home/ubuntu/.venv/bin/python3 /home/ubuntu/apps/election-app/stats/1-append-new.py
[warn] stats/stats2 row+fips mismatch detected; will fill missing final_* with 10
Wrote 2024_county_results_with_final-old.csv (rows=8, missing_final_matches=4)

$ /home/ubuntu/.venv/bin/python3 /home/ubuntu/apps/election-app/stats/1-change_header.py
Wrote: 2024_county_results_with_final.csv

$ /home/ubuntu/.venv/bin/python3 /home/ubuntu/apps/election-app/stats/1-cut-zero-fips.py
Wrote: 2024_county_results_with_final_1.csv
Rows before: 8
Rows after:  8
Dropped (fips == 0): 0

$ /home/ubuntu/.venv/bin/python3 /home/ubuntu/apps/election-app/stats/2-calc.py
Wrote 8 rows with calculations to /home/ubuntu/apps/election-app/win_prob/H/AL/06/_work/2024_county_results_with_calcs-old.csv

$ /home/ubuntu/.venv/bin/python3 /home/ubuntu/apps/election-app/stats/2-eevp.py
Wrote (no-op copy): 2024_county_results_with_calcs.csv
Columns:
 - timestamp
 - state
 - county
 - fips
 - trump_votes
 - harris_votes
 - other_votes
 - eevp
 - state_eevp
 - harris_votes_statewide
 - trump_votes_statewide
 - other_votes_statewide
 - final_state
 - final_county
 - final_fips
 - final_trump_votes
 - final_harris_votes
 - final_other_votes
 - harris_percent_snapshot
 - trump_percent_snapshot
 - margin_snapshot
 - harris_percent_final
 - trump_percent_final
 - margin_final
 - margin_difference
 - margin_difference_abs

$ /home/ubuntu/.venv/bin/python3 /home/ubuntu/apps/election-app/stats/3-calc-new.py
Wrote 8 rows with new columns to /home/ubuntu/apps/election-app/win_prob/H/AL/06/_work/2024_county_results_with_calcs_new.csv

$ /home/ubuntu/.venv/bin/python3 /home/ubuntu/apps/election-app/stats/4-stats.py
Reading 2024_county_results_with_calcs_new.csv...
Aggregating statewide totals...
Calculating percentages and margins...
Writing to output_statewide_stats.csv...
Done!
[2026-01-24 12:44:40] INFO: [PIPELINE] ENTER win-prob generation | states=['AL'] ts_list=['2024-11-05T15-30-22']

============================================================================
[01/1] STATE = AL
============================================================================

$ /home/ubuntu/.venv/bin/python3 /home/ubuntu/apps/election-app/stats/5-snapshots.py --state AL --input /home/ubuntu/apps/election-app/win_prob/H/AL/06/_work/output_statewide_stats.csv --output /home/ubuntu/apps/election-app/win_prob/H/AL/06/snapshots_AL.csv --start 2024-11-05T15-30-22 --end 2024-11-05T15-30-22 --use-window 1 --interval 30
Mode: windowed-one-state
Rows written: 8
Distinct states in output: AL
Rows per normalized timestamp (empty = unparseable):
  2024-11-05T15-30-22: 8
Wrote /home/ubuntu/apps/election-app/win_prob/H/AL/06/snapshots_AL.csv

$ /home/ubuntu/.venv/bin/python3 /home/ubuntu/apps/election-app/stats/6-pval.py /home/ubuntu/apps/election-app/win_prob/H/AL/06/snapshots_AL.csv -t /home/ubuntu/apps/election-app/stats/parameters.csv -o /home/ubuntu/apps/election-app/win_prob/H/AL/06/data_output_AL.csv -c 50
Done. Wrote: /home/ubuntu/apps/election-app/win_prob/H/AL/06/data_output_AL.csv
Total rows: 8 (chunked, resumable).
Computed columns for PVALS = [0.01, 0.1, 1, 2, 3, 5, 10, 15, 20, 25, 30, 35, 40, 45, 50, 55, 60, 65, 70, 75, 80, 85, 90, 95, 97, 98, 99, 99.9, 99.99]
Per p (leader): shift_{p}, margin_new_{p}, harris_percent_new_{p}, trump_percent_new_{p}, total_snapshot_{p}, total_expected_{p}, harris_votes_new_{p}, trump_votes_new_{p}
Per p (trailing): shift_trailing_{p}, margin_new_{p}_trailing, harris_percent_new_{p}_trailing, trump_percent_new_{p}_trailing, total_snapshot_{p}_trailing, total_expected_{p}_trailing, harris_votes_new_{p}_trailing, trump_votes_new_{p}_trailing
Checkpoint saved at: /home/ubuntu/apps/election-app/win_prob/H/AL/06/data_output_AL.csv.checkpoint.json

$ /home/ubuntu/.venv/bin/python3 /home/ubuntu/apps/election-app/stats/7-margin-new.py
Wrote data_output_with_margins_old.csv

$ /home/ubuntu/.venv/bin/python3 /home/ubuntu/apps/election-app/stats/7-eevp-statewide.py
Wrote data_output_with_margins.csv (copied from data_output_with_margins_old.csv)

$ /home/ubuntu/.venv/bin/python3 /home/ubuntu/apps/election-app/stats/7.py --input /home/ubuntu/apps/election-app/win_prob/H/AL/06/data_output_AL_with_margins_statewide_eevp.csv --output /home/ubuntu/apps/election-app/win_prob/H/AL/06/statewide_margin_pct_vs_percent_AL_2026.png --state AL --start 2024-11-05T15-30-22 --end 2024-11-05T15-30-22 --stats /home/ubuntu/apps/election-app/win_prob/H/AL/06/stats.csv --stats2 /home/ubuntu/apps/election-app/win_prob/H/AL/06/stats2.csv --interval 30 --year 2026 --jsonl /home/ubuntu/apps/election-app/win_prob/H/AL/06/plotdata_AL_2026_2026-01-24T12-44-29.jsonl
[warn] stats/stats2 FIPS mismatch for state=AL; will apply penalty_pts=100 only if %nodata>0
[info] evaluating 1 timestamps from 2024-11-05T15-30-22 to 2024-11-05T15-30-22 every 30 minutes
[saved] probs_timeseries_AL.csv  (1 points)
[saved] /home/ubuntu/apps/election-app/win_prob/H/AL/06/plotdata_AL_2026_2026-01-24T12-44-29.jsonl  (4 points)
[saved] /home/ubuntu/apps/election-app/win_prob/H/AL/06/statewide_margin_pct_vs_percent_AL_2026_box.json
[saved] /home/ubuntu/apps/election-app/win_prob/H/AL/06/statewide_margin_pct_vs_percent_AL_2026_box.png
[saved] /home/ubuntu/apps/election-app/win_prob/H/AL/06/statewide_margin_pct_vs_percent_AL_2026.png

All 50 states complete. See: /home/ubuntu/apps/election-app/win_prob/H/AL/06

$ /home/ubuntu/.venv/bin/python3 /home/ubuntu/apps/election-app/stats/8.py --root /home/ubuntu/apps/election-app/win_prob/H/AL/06/_work --outdir /home/ubuntu/apps/election-app/win_prob/H/AL/06
[info] root  = /home/ubuntu/apps/election-app/win_prob/H/AL/06/_work
[info] outdir= /home/ubuntu/apps/election-app/win_prob/H/AL/06
[deleted] /home/ubuntu/apps/election-app/win_prob/H/AL/06/_work/stats_with_statewide.csv
[deleted] /home/ubuntu/apps/election-app/win_prob/H/AL/06/_work/stats2_final_headers.csv
[deleted] /home/ubuntu/apps/election-app/win_prob/H/AL/06/_work/2024_county_results_with_final-old.csv
[deleted] /home/ubuntu/apps/election-app/win_prob/H/AL/06/_work/2024_county_results_with_final.csv
[deleted] /home/ubuntu/apps/election-app/win_prob/H/AL/06/_work/2024_county_results_with_final_1.csv
[deleted] /home/ubuntu/apps/election-app/win_prob/H/AL/06/_work/2024_county_results_with_calcs-old.csv
[deleted] /home/ubuntu/apps/election-app/win_prob/H/AL/06/_work/2024_county_results_with_calcs_new.csv
[deleted] /home/ubuntu/apps/election-app/win_prob/H/AL/06/_work/output_statewide_stats.csv
[skip]    /home/ubuntu/apps/election-app/win_prob/H/AL/06/_work/probs_timeseries_PA.csv
[deleted] /home/ubuntu/apps/election-app/win_prob/H/AL/06/_work/2024_county_results_with_calcs.csv
[skip]    /home/ubuntu/apps/election-app/win_prob/H/AL/06/data_output.csv
[skip]    /home/ubuntu/apps/election-app/win_prob/H/AL/06/data_output_with_margins_old.csv
[skip]    /home/ubuntu/apps/election-app/win_prob/H/AL/06/data_output_with_margins.csv
[skip]    /home/ubuntu/apps/election-app/win_prob/H/AL/06/data_output_with_margins-statewide.csv
[deleted] /home/ubuntu/apps/election-app/win_prob/H/AL/06/snapshots_AL.csv
[deleted] /home/ubuntu/apps/election-app/win_prob/H/AL/06/data_output_AL.csv
[deleted] /home/ubuntu/apps/election-app/win_prob/H/AL/06/data_output_AL_with_margins_statewide_eevp.csv
[deleted] /home/ubuntu/apps/election-app/win_prob/H/AL/06/data_output_AL_with_margins.csv
[deleted] /home/ubuntu/apps/election-app/win_prob/H/AL/06/data_output_AL.csv.checkpoint.json
[deleted] /home/ubuntu/apps/election-app/win_prob/H/AL/06/stats.csv
[deleted] /home/ubuntu/apps/election-app/win_prob/H/AL/06/stats2.csv
[done] removed 16 file(s)
[2026-01-24 12:51:31] INFO: [PIPELINE] args: office=H state=AL district=06
[2026-01-24 12:51:31] INFO: [PIPELINE] WINPROB_DIR resolved to: /home/ubuntu/apps/election-app/win_prob/H/AL/06
[2026-01-24 12:51:31] INFO: [PIPELINE] OUTDIR set to: /home/ubuntu/apps/election-app/win_prob/H/AL/06

$ /home/ubuntu/.venv/bin/python3 /home/ubuntu/apps/election-app/stats/1-statewide.py --input /home/ubuntu/apps/election-app/win_prob/H/AL/06/stats.csv --output /home/ubuntu/apps/election-app/win_prob/H/AL/06/_work/stats_with_statewide.csv
Wrote /home/ubuntu/apps/election-app/win_prob/H/AL/06/_work/stats_with_statewide.csv (rows=8)

$ /home/ubuntu/.venv/bin/python3 /home/ubuntu/apps/election-app/stats/1-stats-2.py --input /home/ubuntu/apps/election-app/win_prob/H/AL/06/stats2.csv --output /home/ubuntu/apps/election-app/win_prob/H/AL/06/_work/stats2_final_headers.csv
Wrote /home/ubuntu/apps/election-app/win_prob/H/AL/06/_work/stats2_final_headers.csv (rows=5)

$ /home/ubuntu/.venv/bin/python3 /home/ubuntu/apps/election-app/stats/1-append-new.py
[warn] stats/stats2 row+fips mismatch detected; will fill missing final_* with 10
Wrote 2024_county_results_with_final-old.csv (rows=8, missing_final_matches=4)

$ /home/ubuntu/.venv/bin/python3 /home/ubuntu/apps/election-app/stats/1-change_header.py
Wrote: 2024_county_results_with_final.csv

$ /home/ubuntu/.venv/bin/python3 /home/ubuntu/apps/election-app/stats/1-cut-zero-fips.py
Wrote: 2024_county_results_with_final_1.csv
Rows before: 8
Rows after:  8
Dropped (fips == 0): 0

$ /home/ubuntu/.venv/bin/python3 /home/ubuntu/apps/election-app/stats/2-calc.py
Wrote 8 rows with calculations to /home/ubuntu/apps/election-app/win_prob/H/AL/06/_work/2024_county_results_with_calcs-old.csv

$ /home/ubuntu/.venv/bin/python3 /home/ubuntu/apps/election-app/stats/2-eevp.py
Wrote (no-op copy): 2024_county_results_with_calcs.csv
Columns:
 - timestamp
 - state
 - county
 - fips
 - trump_votes
 - harris_votes
 - other_votes
 - eevp
 - state_eevp
 - harris_votes_statewide
 - trump_votes_statewide
 - other_votes_statewide
 - final_state
 - final_county
 - final_fips
 - final_trump_votes
 - final_harris_votes
 - final_other_votes
 - harris_percent_snapshot
 - trump_percent_snapshot
 - margin_snapshot
 - harris_percent_final
 - trump_percent_final
 - margin_final
 - margin_difference
 - margin_difference_abs

$ /home/ubuntu/.venv/bin/python3 /home/ubuntu/apps/election-app/stats/3-calc-new.py
Wrote 8 rows with new columns to /home/ubuntu/apps/election-app/win_prob/H/AL/06/_work/2024_county_results_with_calcs_new.csv

$ /home/ubuntu/.venv/bin/python3 /home/ubuntu/apps/election-app/stats/4-stats.py
Reading 2024_county_results_with_calcs_new.csv...
Aggregating statewide totals...
Calculating percentages and margins...
Writing to output_statewide_stats.csv...
Done!
[2026-01-24 12:51:41] INFO: [PIPELINE] ENTER win-prob generation | states=['AL'] ts_list=['2024-11-05T15-30-22']

============================================================================
[01/1] STATE = AL
============================================================================

$ /home/ubuntu/.venv/bin/python3 /home/ubuntu/apps/election-app/stats/5-snapshots.py --state AL --input /home/ubuntu/apps/election-app/win_prob/H/AL/06/_work/output_statewide_stats.csv --output /home/ubuntu/apps/election-app/win_prob/H/AL/06/snapshots_AL.csv --start 2024-11-05T15-30-22 --end 2024-11-05T15-30-22 --use-window 1 --interval 30
Mode: windowed-one-state
Rows written: 8
Distinct states in output: AL
Rows per normalized timestamp (empty = unparseable):
  2024-11-05T15-30-22: 8
Wrote /home/ubuntu/apps/election-app/win_prob/H/AL/06/snapshots_AL.csv

$ /home/ubuntu/.venv/bin/python3 /home/ubuntu/apps/election-app/stats/6-pval.py /home/ubuntu/apps/election-app/win_prob/H/AL/06/snapshots_AL.csv -t /home/ubuntu/apps/election-app/stats/parameters.csv -o /home/ubuntu/apps/election-app/win_prob/H/AL/06/data_output_AL.csv -c 50
Done. Wrote: /home/ubuntu/apps/election-app/win_prob/H/AL/06/data_output_AL.csv
Total rows: 8 (chunked, resumable).
Computed columns for PVALS = [0.01, 0.1, 1, 2, 3, 5, 10, 15, 20, 25, 30, 35, 40, 45, 50, 55, 60, 65, 70, 75, 80, 85, 90, 95, 97, 98, 99, 99.9, 99.99]
Per p (leader): shift_{p}, margin_new_{p}, harris_percent_new_{p}, trump_percent_new_{p}, total_snapshot_{p}, total_expected_{p}, harris_votes_new_{p}, trump_votes_new_{p}
Per p (trailing): shift_trailing_{p}, margin_new_{p}_trailing, harris_percent_new_{p}_trailing, trump_percent_new_{p}_trailing, total_snapshot_{p}_trailing, total_expected_{p}_trailing, harris_votes_new_{p}_trailing, trump_votes_new_{p}_trailing
Checkpoint saved at: /home/ubuntu/apps/election-app/win_prob/H/AL/06/data_output_AL.csv.checkpoint.json

$ /home/ubuntu/.venv/bin/python3 /home/ubuntu/apps/election-app/stats/7-margin-new.py
Wrote data_output_with_margins_old.csv

$ /home/ubuntu/.venv/bin/python3 /home/ubuntu/apps/election-app/stats/7-eevp-statewide.py
Wrote data_output_with_margins.csv (copied from data_output_with_margins_old.csv)

$ /home/ubuntu/.venv/bin/python3 /home/ubuntu/apps/election-app/stats/7.py --input /home/ubuntu/apps/election-app/win_prob/H/AL/06/data_output_AL_with_margins_statewide_eevp.csv --output /home/ubuntu/apps/election-app/win_prob/H/AL/06/statewide_margin_pct_vs_percent_AL_2026.png --state AL --start 2024-11-05T15-30-22 --end 2024-11-05T15-30-22 --stats /home/ubuntu/apps/election-app/win_prob/H/AL/06/stats.csv --stats2 /home/ubuntu/apps/election-app/win_prob/H/AL/06/stats2.csv --interval 30 --year 2026 --jsonl /home/ubuntu/apps/election-app/win_prob/H/AL/06/plotdata_AL_2026_2026-01-24T12-51-31.jsonl
[warn] stats/stats2 FIPS mismatch for state=AL; will apply penalty_pts=100 only if %nodata>0
[info] evaluating 1 timestamps from 2024-11-05T15-30-22 to 2024-11-05T15-30-22 every 30 minutes
[saved] probs_timeseries_AL.csv  (1 points)
[saved] /home/ubuntu/apps/election-app/win_prob/H/AL/06/plotdata_AL_2026_2026-01-24T12-51-31.jsonl  (4 points)
[saved] /home/ubuntu/apps/election-app/win_prob/H/AL/06/statewide_margin_pct_vs_percent_AL_2026_box.json
[saved] /home/ubuntu/apps/election-app/win_prob/H/AL/06/statewide_margin_pct_vs_percent_AL_2026_box.png
[saved] /home/ubuntu/apps/election-app/win_prob/H/AL/06/statewide_margin_pct_vs_percent_AL_2026.png

All 50 states complete. See: /home/ubuntu/apps/election-app/win_prob/H/AL/06

$ /home/ubuntu/.venv/bin/python3 /home/ubuntu/apps/election-app/stats/8.py --root /home/ubuntu/apps/election-app/win_prob/H/AL/06/_work --outdir /home/ubuntu/apps/election-app/win_prob/H/AL/06
[info] root  = /home/ubuntu/apps/election-app/win_prob/H/AL/06/_work
[info] outdir= /home/ubuntu/apps/election-app/win_prob/H/AL/06
[deleted] /home/ubuntu/apps/election-app/win_prob/H/AL/06/_work/stats_with_statewide.csv
[deleted] /home/ubuntu/apps/election-app/win_prob/H/AL/06/_work/stats2_final_headers.csv
[deleted] /home/ubuntu/apps/election-app/win_prob/H/AL/06/_work/2024_county_results_with_final-old.csv
[deleted] /home/ubuntu/apps/election-app/win_prob/H/AL/06/_work/2024_county_results_with_final.csv
[deleted] /home/ubuntu/apps/election-app/win_prob/H/AL/06/_work/2024_county_results_with_final_1.csv
[deleted] /home/ubuntu/apps/election-app/win_prob/H/AL/06/_work/2024_county_results_with_calcs-old.csv
[deleted] /home/ubuntu/apps/election-app/win_prob/H/AL/06/_work/2024_county_results_with_calcs_new.csv
[deleted] /home/ubuntu/apps/election-app/win_prob/H/AL/06/_work/output_statewide_stats.csv
[skip]    /home/ubuntu/apps/election-app/win_prob/H/AL/06/_work/probs_timeseries_PA.csv
[deleted] /home/ubuntu/apps/election-app/win_prob/H/AL/06/_work/2024_county_results_with_calcs.csv
[skip]    /home/ubuntu/apps/election-app/win_prob/H/AL/06/data_output.csv
[skip]    /home/ubuntu/apps/election-app/win_prob/H/AL/06/data_output_with_margins_old.csv
[skip]    /home/ubuntu/apps/election-app/win_prob/H/AL/06/data_output_with_margins.csv
[skip]    /home/ubuntu/apps/election-app/win_prob/H/AL/06/data_output_with_margins-statewide.csv
[deleted] /home/ubuntu/apps/election-app/win_prob/H/AL/06/snapshots_AL.csv
[deleted] /home/ubuntu/apps/election-app/win_prob/H/AL/06/data_output_AL.csv
[deleted] /home/ubuntu/apps/election-app/win_prob/H/AL/06/data_output_AL_with_margins_statewide_eevp.csv
[deleted] /home/ubuntu/apps/election-app/win_prob/H/AL/06/data_output_AL_with_margins.csv
[deleted] /home/ubuntu/apps/election-app/win_prob/H/AL/06/data_output_AL.csv.checkpoint.json
[deleted] /home/ubuntu/apps/election-app/win_prob/H/AL/06/stats.csv
[deleted] /home/ubuntu/apps/election-app/win_prob/H/AL/06/stats2.csv
[done] removed 16 file(s)
[2026-01-24 12:58:32] INFO: [PIPELINE] args: office=H state=AL district=06
[2026-01-24 12:58:32] INFO: [PIPELINE] WINPROB_DIR resolved to: /home/ubuntu/apps/election-app/win_prob/H/AL/06
[2026-01-24 12:58:32] INFO: [PIPELINE] OUTDIR set to: /home/ubuntu/apps/election-app/win_prob/H/AL/06

$ /home/ubuntu/.venv/bin/python3 /home/ubuntu/apps/election-app/stats/1-statewide.py --input /home/ubuntu/apps/election-app/win_prob/H/AL/06/stats.csv --output /home/ubuntu/apps/election-app/win_prob/H/AL/06/_work/stats_with_statewide.csv
Wrote /home/ubuntu/apps/election-app/win_prob/H/AL/06/_work/stats_with_statewide.csv (rows=8)

$ /home/ubuntu/.venv/bin/python3 /home/ubuntu/apps/election-app/stats/1-stats-2.py --input /home/ubuntu/apps/election-app/win_prob/H/AL/06/stats2.csv --output /home/ubuntu/apps/election-app/win_prob/H/AL/06/_work/stats2_final_headers.csv
Wrote /home/ubuntu/apps/election-app/win_prob/H/AL/06/_work/stats2_final_headers.csv (rows=5)

$ /home/ubuntu/.venv/bin/python3 /home/ubuntu/apps/election-app/stats/1-append-new.py
[warn] stats/stats2 row+fips mismatch detected; will fill missing final_* with 10
Wrote 2024_county_results_with_final-old.csv (rows=8, missing_final_matches=4)

$ /home/ubuntu/.venv/bin/python3 /home/ubuntu/apps/election-app/stats/1-change_header.py
Wrote: 2024_county_results_with_final.csv

$ /home/ubuntu/.venv/bin/python3 /home/ubuntu/apps/election-app/stats/1-cut-zero-fips.py
Wrote: 2024_county_results_with_final_1.csv
Rows before: 8
Rows after:  8
Dropped (fips == 0): 0

$ /home/ubuntu/.venv/bin/python3 /home/ubuntu/apps/election-app/stats/2-calc.py
Wrote 8 rows with calculations to /home/ubuntu/apps/election-app/win_prob/H/AL/06/_work/2024_county_results_with_calcs-old.csv

$ /home/ubuntu/.venv/bin/python3 /home/ubuntu/apps/election-app/stats/2-eevp.py
Wrote (no-op copy): 2024_county_results_with_calcs.csv
Columns:
 - timestamp
 - state
 - county
 - fips
 - trump_votes
 - harris_votes
 - other_votes
 - eevp
 - state_eevp
 - harris_votes_statewide
 - trump_votes_statewide
 - other_votes_statewide
 - final_state
 - final_county
 - final_fips
 - final_trump_votes
 - final_harris_votes
 - final_other_votes
 - harris_percent_snapshot
 - trump_percent_snapshot
 - margin_snapshot
 - harris_percent_final
 - trump_percent_final
 - margin_final
 - margin_difference
 - margin_difference_abs

$ /home/ubuntu/.venv/bin/python3 /home/ubuntu/apps/election-app/stats/3-calc-new.py
Wrote 8 rows with new columns to /home/ubuntu/apps/election-app/win_prob/H/AL/06/_work/2024_county_results_with_calcs_new.csv

$ /home/ubuntu/.venv/bin/python3 /home/ubuntu/apps/election-app/stats/4-stats.py
Reading 2024_county_results_with_calcs_new.csv...
Aggregating statewide totals...
Calculating percentages and margins...
Writing to output_statewide_stats.csv...
Done!
[2026-01-24 12:58:43] INFO: [PIPELINE] ENTER win-prob generation | states=['AL'] ts_list=['2024-11-05T15-30-22']

============================================================================
[01/1] STATE = AL
============================================================================

$ /home/ubuntu/.venv/bin/python3 /home/ubuntu/apps/election-app/stats/5-snapshots.py --state AL --input /home/ubuntu/apps/election-app/win_prob/H/AL/06/_work/output_statewide_stats.csv --output /home/ubuntu/apps/election-app/win_prob/H/AL/06/snapshots_AL.csv --start 2024-11-05T15-30-22 --end 2024-11-05T15-30-22 --use-window 1 --interval 30
Mode: windowed-one-state
Rows written: 8
Distinct states in output: AL
Rows per normalized timestamp (empty = unparseable):
  2024-11-05T15-30-22: 8
Wrote /home/ubuntu/apps/election-app/win_prob/H/AL/06/snapshots_AL.csv

$ /home/ubuntu/.venv/bin/python3 /home/ubuntu/apps/election-app/stats/6-pval.py /home/ubuntu/apps/election-app/win_prob/H/AL/06/snapshots_AL.csv -t /home/ubuntu/apps/election-app/stats/parameters.csv -o /home/ubuntu/apps/election-app/win_prob/H/AL/06/data_output_AL.csv -c 50
Done. Wrote: /home/ubuntu/apps/election-app/win_prob/H/AL/06/data_output_AL.csv
Total rows: 8 (chunked, resumable).
Computed columns for PVALS = [0.01, 0.1, 1, 2, 3, 5, 10, 15, 20, 25, 30, 35, 40, 45, 50, 55, 60, 65, 70, 75, 80, 85, 90, 95, 97, 98, 99, 99.9, 99.99]
Per p (leader): shift_{p}, margin_new_{p}, harris_percent_new_{p}, trump_percent_new_{p}, total_snapshot_{p}, total_expected_{p}, harris_votes_new_{p}, trump_votes_new_{p}
Per p (trailing): shift_trailing_{p}, margin_new_{p}_trailing, harris_percent_new_{p}_trailing, trump_percent_new_{p}_trailing, total_snapshot_{p}_trailing, total_expected_{p}_trailing, harris_votes_new_{p}_trailing, trump_votes_new_{p}_trailing
Checkpoint saved at: /home/ubuntu/apps/election-app/win_prob/H/AL/06/data_output_AL.csv.checkpoint.json

$ /home/ubuntu/.venv/bin/python3 /home/ubuntu/apps/election-app/stats/7-margin-new.py
Wrote data_output_with_margins_old.csv

$ /home/ubuntu/.venv/bin/python3 /home/ubuntu/apps/election-app/stats/7-eevp-statewide.py
Wrote data_output_with_margins.csv (copied from data_output_with_margins_old.csv)

$ /home/ubuntu/.venv/bin/python3 /home/ubuntu/apps/election-app/stats/7.py --input /home/ubuntu/apps/election-app/win_prob/H/AL/06/data_output_AL_with_margins_statewide_eevp.csv --output /home/ubuntu/apps/election-app/win_prob/H/AL/06/statewide_margin_pct_vs_percent_AL_2026.png --state AL --start 2024-11-05T15-30-22 --end 2024-11-05T15-30-22 --stats /home/ubuntu/apps/election-app/win_prob/H/AL/06/stats.csv --stats2 /home/ubuntu/apps/election-app/win_prob/H/AL/06/stats2.csv --interval 30 --year 2026 --jsonl /home/ubuntu/apps/election-app/win_prob/H/AL/06/plotdata_AL_2026_2026-01-24T12-58-32.jsonl
[warn] stats/stats2 FIPS mismatch for state=AL; will apply penalty_pts=100 only if %nodata>0
[info] evaluating 1 timestamps from 2024-11-05T15-30-22 to 2024-11-05T15-30-22 every 30 minutes
[saved] probs_timeseries_AL.csv  (1 points)
[saved] /home/ubuntu/apps/election-app/win_prob/H/AL/06/plotdata_AL_2026_2026-01-24T12-58-32.jsonl  (4 points)
[saved] /home/ubuntu/apps/election-app/win_prob/H/AL/06/statewide_margin_pct_vs_percent_AL_2026_box.json
[saved] /home/ubuntu/apps/election-app/win_prob/H/AL/06/statewide_margin_pct_vs_percent_AL_2026_box.png
[saved] /home/ubuntu/apps/election-app/win_prob/H/AL/06/statewide_margin_pct_vs_percent_AL_2026.png

All 50 states complete. See: /home/ubuntu/apps/election-app/win_prob/H/AL/06

$ /home/ubuntu/.venv/bin/python3 /home/ubuntu/apps/election-app/stats/8.py --root /home/ubuntu/apps/election-app/win_prob/H/AL/06/_work --outdir /home/ubuntu/apps/election-app/win_prob/H/AL/06
[info] root  = /home/ubuntu/apps/election-app/win_prob/H/AL/06/_work
[info] outdir= /home/ubuntu/apps/election-app/win_prob/H/AL/06
[deleted] /home/ubuntu/apps/election-app/win_prob/H/AL/06/_work/stats_with_statewide.csv
[deleted] /home/ubuntu/apps/election-app/win_prob/H/AL/06/_work/stats2_final_headers.csv
[deleted] /home/ubuntu/apps/election-app/win_prob/H/AL/06/_work/2024_county_results_with_final-old.csv
[deleted] /home/ubuntu/apps/election-app/win_prob/H/AL/06/_work/2024_county_results_with_final.csv
[deleted] /home/ubuntu/apps/election-app/win_prob/H/AL/06/_work/2024_county_results_with_final_1.csv
[deleted] /home/ubuntu/apps/election-app/win_prob/H/AL/06/_work/2024_county_results_with_calcs-old.csv
[deleted] /home/ubuntu/apps/election-app/win_prob/H/AL/06/_work/2024_county_results_with_calcs_new.csv
[deleted] /home/ubuntu/apps/election-app/win_prob/H/AL/06/_work/output_statewide_stats.csv
[skip]    /home/ubuntu/apps/election-app/win_prob/H/AL/06/_work/probs_timeseries_PA.csv
[deleted] /home/ubuntu/apps/election-app/win_prob/H/AL/06/_work/2024_county_results_with_calcs.csv
[skip]    /home/ubuntu/apps/election-app/win_prob/H/AL/06/data_output.csv
[skip]    /home/ubuntu/apps/election-app/win_prob/H/AL/06/data_output_with_margins_old.csv
[skip]    /home/ubuntu/apps/election-app/win_prob/H/AL/06/data_output_with_margins.csv
[skip]    /home/ubuntu/apps/election-app/win_prob/H/AL/06/data_output_with_margins-statewide.csv
[deleted] /home/ubuntu/apps/election-app/win_prob/H/AL/06/snapshots_AL.csv
[deleted] /home/ubuntu/apps/election-app/win_prob/H/AL/06/data_output_AL.csv
[deleted] /home/ubuntu/apps/election-app/win_prob/H/AL/06/data_output_AL_with_margins_statewide_eevp.csv
[deleted] /home/ubuntu/apps/election-app/win_prob/H/AL/06/data_output_AL_with_margins.csv
[deleted] /home/ubuntu/apps/election-app/win_prob/H/AL/06/data_output_AL.csv.checkpoint.json
[deleted] /home/ubuntu/apps/election-app/win_prob/H/AL/06/stats.csv
[deleted] /home/ubuntu/apps/election-app/win_prob/H/AL/06/stats2.csv
[done] removed 16 file(s)
[2026-01-24 13:05:34] INFO: [PIPELINE] args: office=H state=AL district=06
[2026-01-24 13:05:34] INFO: [PIPELINE] WINPROB_DIR resolved to: /home/ubuntu/apps/election-app/win_prob/H/AL/06
[2026-01-24 13:05:34] INFO: [PIPELINE] OUTDIR set to: /home/ubuntu/apps/election-app/win_prob/H/AL/06

$ /home/ubuntu/.venv/bin/python3 /home/ubuntu/apps/election-app/stats/1-statewide.py --input /home/ubuntu/apps/election-app/win_prob/H/AL/06/stats.csv --output /home/ubuntu/apps/election-app/win_prob/H/AL/06/_work/stats_with_statewide.csv
Wrote /home/ubuntu/apps/election-app/win_prob/H/AL/06/_work/stats_with_statewide.csv (rows=8)

$ /home/ubuntu/.venv/bin/python3 /home/ubuntu/apps/election-app/stats/1-stats-2.py --input /home/ubuntu/apps/election-app/win_prob/H/AL/06/stats2.csv --output /home/ubuntu/apps/election-app/win_prob/H/AL/06/_work/stats2_final_headers.csv
Wrote /home/ubuntu/apps/election-app/win_prob/H/AL/06/_work/stats2_final_headers.csv (rows=5)

$ /home/ubuntu/.venv/bin/python3 /home/ubuntu/apps/election-app/stats/1-append-new.py
[warn] stats/stats2 row+fips mismatch detected; will fill missing final_* with 10
Wrote 2024_county_results_with_final-old.csv (rows=8, missing_final_matches=4)

$ /home/ubuntu/.venv/bin/python3 /home/ubuntu/apps/election-app/stats/1-change_header.py
Wrote: 2024_county_results_with_final.csv

$ /home/ubuntu/.venv/bin/python3 /home/ubuntu/apps/election-app/stats/1-cut-zero-fips.py
Wrote: 2024_county_results_with_final_1.csv
Rows before: 8
Rows after:  8
Dropped (fips == 0): 0

$ /home/ubuntu/.venv/bin/python3 /home/ubuntu/apps/election-app/stats/2-calc.py
Wrote 8 rows with calculations to /home/ubuntu/apps/election-app/win_prob/H/AL/06/_work/2024_county_results_with_calcs-old.csv

$ /home/ubuntu/.venv/bin/python3 /home/ubuntu/apps/election-app/stats/2-eevp.py
Wrote (no-op copy): 2024_county_results_with_calcs.csv
Columns:
 - timestamp
 - state
 - county
 - fips
 - trump_votes
 - harris_votes
 - other_votes
 - eevp
 - state_eevp
 - harris_votes_statewide
 - trump_votes_statewide
 - other_votes_statewide
 - final_state
 - final_county
 - final_fips
 - final_trump_votes
 - final_harris_votes
 - final_other_votes
 - harris_percent_snapshot
 - trump_percent_snapshot
 - margin_snapshot
 - harris_percent_final
 - trump_percent_final
 - margin_final
 - margin_difference
 - margin_difference_abs

$ /home/ubuntu/.venv/bin/python3 /home/ubuntu/apps/election-app/stats/3-calc-new.py
Wrote 8 rows with new columns to /home/ubuntu/apps/election-app/win_prob/H/AL/06/_work/2024_county_results_with_calcs_new.csv

$ /home/ubuntu/.venv/bin/python3 /home/ubuntu/apps/election-app/stats/4-stats.py
Reading 2024_county_results_with_calcs_new.csv...
Aggregating statewide totals...
Calculating percentages and margins...
Writing to output_statewide_stats.csv...
Done!
[2026-01-24 13:05:44] INFO: [PIPELINE] ENTER win-prob generation | states=['AL'] ts_list=['2024-11-05T15-30-22']

============================================================================
[01/1] STATE = AL
============================================================================

$ /home/ubuntu/.venv/bin/python3 /home/ubuntu/apps/election-app/stats/5-snapshots.py --state AL --input /home/ubuntu/apps/election-app/win_prob/H/AL/06/_work/output_statewide_stats.csv --output /home/ubuntu/apps/election-app/win_prob/H/AL/06/snapshots_AL.csv --start 2024-11-05T15-30-22 --end 2024-11-05T15-30-22 --use-window 1 --interval 30
Mode: windowed-one-state
Rows written: 8
Distinct states in output: AL
Rows per normalized timestamp (empty = unparseable):
  2024-11-05T15-30-22: 8
Wrote /home/ubuntu/apps/election-app/win_prob/H/AL/06/snapshots_AL.csv

$ /home/ubuntu/.venv/bin/python3 /home/ubuntu/apps/election-app/stats/6-pval.py /home/ubuntu/apps/election-app/win_prob/H/AL/06/snapshots_AL.csv -t /home/ubuntu/apps/election-app/stats/parameters.csv -o /home/ubuntu/apps/election-app/win_prob/H/AL/06/data_output_AL.csv -c 50
Done. Wrote: /home/ubuntu/apps/election-app/win_prob/H/AL/06/data_output_AL.csv
Total rows: 8 (chunked, resumable).
Computed columns for PVALS = [0.01, 0.1, 1, 2, 3, 5, 10, 15, 20, 25, 30, 35, 40, 45, 50, 55, 60, 65, 70, 75, 80, 85, 90, 95, 97, 98, 99, 99.9, 99.99]
Per p (leader): shift_{p}, margin_new_{p}, harris_percent_new_{p}, trump_percent_new_{p}, total_snapshot_{p}, total_expected_{p}, harris_votes_new_{p}, trump_votes_new_{p}
Per p (trailing): shift_trailing_{p}, margin_new_{p}_trailing, harris_percent_new_{p}_trailing, trump_percent_new_{p}_trailing, total_snapshot_{p}_trailing, total_expected_{p}_trailing, harris_votes_new_{p}_trailing, trump_votes_new_{p}_trailing
Checkpoint saved at: /home/ubuntu/apps/election-app/win_prob/H/AL/06/data_output_AL.csv.checkpoint.json

$ /home/ubuntu/.venv/bin/python3 /home/ubuntu/apps/election-app/stats/7-margin-new.py
Wrote data_output_with_margins_old.csv

$ /home/ubuntu/.venv/bin/python3 /home/ubuntu/apps/election-app/stats/7-eevp-statewide.py
Wrote data_output_with_margins.csv (copied from data_output_with_margins_old.csv)

$ /home/ubuntu/.venv/bin/python3 /home/ubuntu/apps/election-app/stats/7.py --input /home/ubuntu/apps/election-app/win_prob/H/AL/06/data_output_AL_with_margins_statewide_eevp.csv --output /home/ubuntu/apps/election-app/win_prob/H/AL/06/statewide_margin_pct_vs_percent_AL_2026.png --state AL --start 2024-11-05T15-30-22 --end 2024-11-05T15-30-22 --stats /home/ubuntu/apps/election-app/win_prob/H/AL/06/stats.csv --stats2 /home/ubuntu/apps/election-app/win_prob/H/AL/06/stats2.csv --interval 30 --year 2026 --jsonl /home/ubuntu/apps/election-app/win_prob/H/AL/06/plotdata_AL_2026_2026-01-24T13-05-34.jsonl
[warn] stats/stats2 FIPS mismatch for state=AL; will apply penalty_pts=100 only if %nodata>0
[info] evaluating 1 timestamps from 2024-11-05T15-30-22 to 2024-11-05T15-30-22 every 30 minutes
[saved] probs_timeseries_AL.csv  (1 points)
[saved] /home/ubuntu/apps/election-app/win_prob/H/AL/06/plotdata_AL_2026_2026-01-24T13-05-34.jsonl  (4 points)
[saved] /home/ubuntu/apps/election-app/win_prob/H/AL/06/statewide_margin_pct_vs_percent_AL_2026_box.json
[saved] /home/ubuntu/apps/election-app/win_prob/H/AL/06/statewide_margin_pct_vs_percent_AL_2026_box.png
[saved] /home/ubuntu/apps/election-app/win_prob/H/AL/06/statewide_margin_pct_vs_percent_AL_2026.png

All 50 states complete. See: /home/ubuntu/apps/election-app/win_prob/H/AL/06

$ /home/ubuntu/.venv/bin/python3 /home/ubuntu/apps/election-app/stats/8.py --root /home/ubuntu/apps/election-app/win_prob/H/AL/06/_work --outdir /home/ubuntu/apps/election-app/win_prob/H/AL/06
[info] root  = /home/ubuntu/apps/election-app/win_prob/H/AL/06/_work
[info] outdir= /home/ubuntu/apps/election-app/win_prob/H/AL/06
[deleted] /home/ubuntu/apps/election-app/win_prob/H/AL/06/_work/stats_with_statewide.csv
[deleted] /home/ubuntu/apps/election-app/win_prob/H/AL/06/_work/stats2_final_headers.csv
[deleted] /home/ubuntu/apps/election-app/win_prob/H/AL/06/_work/2024_county_results_with_final-old.csv
[deleted] /home/ubuntu/apps/election-app/win_prob/H/AL/06/_work/2024_county_results_with_final.csv
[deleted] /home/ubuntu/apps/election-app/win_prob/H/AL/06/_work/2024_county_results_with_final_1.csv
[deleted] /home/ubuntu/apps/election-app/win_prob/H/AL/06/_work/2024_county_results_with_calcs-old.csv
[deleted] /home/ubuntu/apps/election-app/win_prob/H/AL/06/_work/2024_county_results_with_calcs_new.csv
[deleted] /home/ubuntu/apps/election-app/win_prob/H/AL/06/_work/output_statewide_stats.csv
[skip]    /home/ubuntu/apps/election-app/win_prob/H/AL/06/_work/probs_timeseries_PA.csv
[deleted] /home/ubuntu/apps/election-app/win_prob/H/AL/06/_work/2024_county_results_with_calcs.csv
[skip]    /home/ubuntu/apps/election-app/win_prob/H/AL/06/data_output.csv
[skip]    /home/ubuntu/apps/election-app/win_prob/H/AL/06/data_output_with_margins_old.csv
[skip]    /home/ubuntu/apps/election-app/win_prob/H/AL/06/data_output_with_margins.csv
[skip]    /home/ubuntu/apps/election-app/win_prob/H/AL/06/data_output_with_margins-statewide.csv
[deleted] /home/ubuntu/apps/election-app/win_prob/H/AL/06/snapshots_AL.csv
[deleted] /home/ubuntu/apps/election-app/win_prob/H/AL/06/data_output_AL.csv
[deleted] /home/ubuntu/apps/election-app/win_prob/H/AL/06/data_output_AL_with_margins_statewide_eevp.csv
[deleted] /home/ubuntu/apps/election-app/win_prob/H/AL/06/data_output_AL_with_margins.csv
[deleted] /home/ubuntu/apps/election-app/win_prob/H/AL/06/data_output_AL.csv.checkpoint.json
[deleted] /home/ubuntu/apps/election-app/win_prob/H/AL/06/stats.csv
[deleted] /home/ubuntu/apps/election-app/win_prob/H/AL/06/stats2.csv
[done] removed 16 file(s)
[2026-01-24 13:12:35] INFO: [PIPELINE] args: office=H state=AL district=06
[2026-01-24 13:12:35] INFO: [PIPELINE] WINPROB_DIR resolved to: /home/ubuntu/apps/election-app/win_prob/H/AL/06
[2026-01-24 13:12:35] INFO: [PIPELINE] OUTDIR set to: /home/ubuntu/apps/election-app/win_prob/H/AL/06

$ /home/ubuntu/.venv/bin/python3 /home/ubuntu/apps/election-app/stats/1-statewide.py --input /home/ubuntu/apps/election-app/win_prob/H/AL/06/stats.csv --output /home/ubuntu/apps/election-app/win_prob/H/AL/06/_work/stats_with_statewide.csv
Wrote /home/ubuntu/apps/election-app/win_prob/H/AL/06/_work/stats_with_statewide.csv (rows=8)

$ /home/ubuntu/.venv/bin/python3 /home/ubuntu/apps/election-app/stats/1-stats-2.py --input /home/ubuntu/apps/election-app/win_prob/H/AL/06/stats2.csv --output /home/ubuntu/apps/election-app/win_prob/H/AL/06/_work/stats2_final_headers.csv
Wrote /home/ubuntu/apps/election-app/win_prob/H/AL/06/_work/stats2_final_headers.csv (rows=5)

$ /home/ubuntu/.venv/bin/python3 /home/ubuntu/apps/election-app/stats/1-append-new.py
[warn] stats/stats2 row+fips mismatch detected; will fill missing final_* with 10
Wrote 2024_county_results_with_final-old.csv (rows=8, missing_final_matches=4)

$ /home/ubuntu/.venv/bin/python3 /home/ubuntu/apps/election-app/stats/1-change_header.py
Wrote: 2024_county_results_with_final.csv

$ /home/ubuntu/.venv/bin/python3 /home/ubuntu/apps/election-app/stats/1-cut-zero-fips.py
Wrote: 2024_county_results_with_final_1.csv
Rows before: 8
Rows after:  8
Dropped (fips == 0): 0

$ /home/ubuntu/.venv/bin/python3 /home/ubuntu/apps/election-app/stats/2-calc.py
Wrote 8 rows with calculations to /home/ubuntu/apps/election-app/win_prob/H/AL/06/_work/2024_county_results_with_calcs-old.csv

$ /home/ubuntu/.venv/bin/python3 /home/ubuntu/apps/election-app/stats/2-eevp.py
Wrote (no-op copy): 2024_county_results_with_calcs.csv
Columns:
 - timestamp
 - state
 - county
 - fips
 - trump_votes
 - harris_votes
 - other_votes
 - eevp
 - state_eevp
 - harris_votes_statewide
 - trump_votes_statewide
 - other_votes_statewide
 - final_state
 - final_county
 - final_fips
 - final_trump_votes
 - final_harris_votes
 - final_other_votes
 - harris_percent_snapshot
 - trump_percent_snapshot
 - margin_snapshot
 - harris_percent_final
 - trump_percent_final
 - margin_final
 - margin_difference
 - margin_difference_abs

$ /home/ubuntu/.venv/bin/python3 /home/ubuntu/apps/election-app/stats/3-calc-new.py
Wrote 8 rows with new columns to /home/ubuntu/apps/election-app/win_prob/H/AL/06/_work/2024_county_results_with_calcs_new.csv

$ /home/ubuntu/.venv/bin/python3 /home/ubuntu/apps/election-app/stats/4-stats.py
Reading 2024_county_results_with_calcs_new.csv...
Aggregating statewide totals...
Calculating percentages and margins...
Writing to output_statewide_stats.csv...
Done!
[2026-01-24 13:12:46] INFO: [PIPELINE] ENTER win-prob generation | states=['AL'] ts_list=['2024-11-05T15-30-22']

============================================================================
[01/1] STATE = AL
============================================================================

$ /home/ubuntu/.venv/bin/python3 /home/ubuntu/apps/election-app/stats/5-snapshots.py --state AL --input /home/ubuntu/apps/election-app/win_prob/H/AL/06/_work/output_statewide_stats.csv --output /home/ubuntu/apps/election-app/win_prob/H/AL/06/snapshots_AL.csv --start 2024-11-05T15-30-22 --end 2024-11-05T15-30-22 --use-window 1 --interval 30
Mode: windowed-one-state
Rows written: 8
Distinct states in output: AL
Rows per normalized timestamp (empty = unparseable):
  2024-11-05T15-30-22: 8
Wrote /home/ubuntu/apps/election-app/win_prob/H/AL/06/snapshots_AL.csv

$ /home/ubuntu/.venv/bin/python3 /home/ubuntu/apps/election-app/stats/6-pval.py /home/ubuntu/apps/election-app/win_prob/H/AL/06/snapshots_AL.csv -t /home/ubuntu/apps/election-app/stats/parameters.csv -o /home/ubuntu/apps/election-app/win_prob/H/AL/06/data_output_AL.csv -c 50
Done. Wrote: /home/ubuntu/apps/election-app/win_prob/H/AL/06/data_output_AL.csv
Total rows: 8 (chunked, resumable).
Computed columns for PVALS = [0.01, 0.1, 1, 2, 3, 5, 10, 15, 20, 25, 30, 35, 40, 45, 50, 55, 60, 65, 70, 75, 80, 85, 90, 95, 97, 98, 99, 99.9, 99.99]
Per p (leader): shift_{p}, margin_new_{p}, harris_percent_new_{p}, trump_percent_new_{p}, total_snapshot_{p}, total_expected_{p}, harris_votes_new_{p}, trump_votes_new_{p}
Per p (trailing): shift_trailing_{p}, margin_new_{p}_trailing, harris_percent_new_{p}_trailing, trump_percent_new_{p}_trailing, total_snapshot_{p}_trailing, total_expected_{p}_trailing, harris_votes_new_{p}_trailing, trump_votes_new_{p}_trailing
Checkpoint saved at: /home/ubuntu/apps/election-app/win_prob/H/AL/06/data_output_AL.csv.checkpoint.json

$ /home/ubuntu/.venv/bin/python3 /home/ubuntu/apps/election-app/stats/7-margin-new.py
Wrote data_output_with_margins_old.csv

$ /home/ubuntu/.venv/bin/python3 /home/ubuntu/apps/election-app/stats/7-eevp-statewide.py
Wrote data_output_with_margins.csv (copied from data_output_with_margins_old.csv)

$ /home/ubuntu/.venv/bin/python3 /home/ubuntu/apps/election-app/stats/7.py --input /home/ubuntu/apps/election-app/win_prob/H/AL/06/data_output_AL_with_margins_statewide_eevp.csv --output /home/ubuntu/apps/election-app/win_prob/H/AL/06/statewide_margin_pct_vs_percent_AL_2026.png --state AL --start 2024-11-05T15-30-22 --end 2024-11-05T15-30-22 --stats /home/ubuntu/apps/election-app/win_prob/H/AL/06/stats.csv --stats2 /home/ubuntu/apps/election-app/win_prob/H/AL/06/stats2.csv --interval 30 --year 2026 --jsonl /home/ubuntu/apps/election-app/win_prob/H/AL/06/plotdata_AL_2026_2026-01-24T13-12-35.jsonl
[warn] stats/stats2 FIPS mismatch for state=AL; will apply penalty_pts=100 only if %nodata>0
[info] evaluating 1 timestamps from 2024-11-05T15-30-22 to 2024-11-05T15-30-22 every 30 minutes
[saved] probs_timeseries_AL.csv  (1 points)
[saved] /home/ubuntu/apps/election-app/win_prob/H/AL/06/plotdata_AL_2026_2026-01-24T13-12-35.jsonl  (4 points)
[saved] /home/ubuntu/apps/election-app/win_prob/H/AL/06/statewide_margin_pct_vs_percent_AL_2026_box.json
[saved] /home/ubuntu/apps/election-app/win_prob/H/AL/06/statewide_margin_pct_vs_percent_AL_2026_box.png
[saved] /home/ubuntu/apps/election-app/win_prob/H/AL/06/statewide_margin_pct_vs_percent_AL_2026.png

All 50 states complete. See: /home/ubuntu/apps/election-app/win_prob/H/AL/06

$ /home/ubuntu/.venv/bin/python3 /home/ubuntu/apps/election-app/stats/8.py --root /home/ubuntu/apps/election-app/win_prob/H/AL/06/_work --outdir /home/ubuntu/apps/election-app/win_prob/H/AL/06
[info] root  = /home/ubuntu/apps/election-app/win_prob/H/AL/06/_work
[info] outdir= /home/ubuntu/apps/election-app/win_prob/H/AL/06
[deleted] /home/ubuntu/apps/election-app/win_prob/H/AL/06/_work/stats_with_statewide.csv
[deleted] /home/ubuntu/apps/election-app/win_prob/H/AL/06/_work/stats2_final_headers.csv
[deleted] /home/ubuntu/apps/election-app/win_prob/H/AL/06/_work/2024_county_results_with_final-old.csv
[deleted] /home/ubuntu/apps/election-app/win_prob/H/AL/06/_work/2024_county_results_with_final.csv
[deleted] /home/ubuntu/apps/election-app/win_prob/H/AL/06/_work/2024_county_results_with_final_1.csv
[deleted] /home/ubuntu/apps/election-app/win_prob/H/AL/06/_work/2024_county_results_with_calcs-old.csv
[deleted] /home/ubuntu/apps/election-app/win_prob/H/AL/06/_work/2024_county_results_with_calcs_new.csv
[deleted] /home/ubuntu/apps/election-app/win_prob/H/AL/06/_work/output_statewide_stats.csv
[skip]    /home/ubuntu/apps/election-app/win_prob/H/AL/06/_work/probs_timeseries_PA.csv
[deleted] /home/ubuntu/apps/election-app/win_prob/H/AL/06/_work/2024_county_results_with_calcs.csv
[skip]    /home/ubuntu/apps/election-app/win_prob/H/AL/06/data_output.csv
[skip]    /home/ubuntu/apps/election-app/win_prob/H/AL/06/data_output_with_margins_old.csv
[skip]    /home/ubuntu/apps/election-app/win_prob/H/AL/06/data_output_with_margins.csv
[skip]    /home/ubuntu/apps/election-app/win_prob/H/AL/06/data_output_with_margins-statewide.csv
[deleted] /home/ubuntu/apps/election-app/win_prob/H/AL/06/snapshots_AL.csv
[deleted] /home/ubuntu/apps/election-app/win_prob/H/AL/06/data_output_AL.csv
[deleted] /home/ubuntu/apps/election-app/win_prob/H/AL/06/data_output_AL_with_margins_statewide_eevp.csv
[deleted] /home/ubuntu/apps/election-app/win_prob/H/AL/06/data_output_AL_with_margins.csv
[deleted] /home/ubuntu/apps/election-app/win_prob/H/AL/06/data_output_AL.csv.checkpoint.json
[deleted] /home/ubuntu/apps/election-app/win_prob/H/AL/06/stats.csv
[deleted] /home/ubuntu/apps/election-app/win_prob/H/AL/06/stats2.csv
[done] removed 16 file(s)
[2026-01-26 10:37:40] INFO: [PIPELINE] args: office=H state=AL district=06
[2026-01-26 10:37:40] INFO: [PIPELINE] WINPROB_DIR resolved to: /home/ubuntu/apps/election-app/win_prob/H/AL/06
[2026-01-26 10:37:40] INFO: [PIPELINE] OUTDIR set to: /home/ubuntu/apps/election-app/win_prob/H/AL/06

$ /home/ubuntu/.venv/bin/python3 /home/ubuntu/apps/election-app/stats/1-statewide.py --input /home/ubuntu/apps/election-app/win_prob/H/AL/06/stats.csv --output /home/ubuntu/apps/election-app/win_prob/H/AL/06/_work/stats_with_statewide.csv
Wrote /home/ubuntu/apps/election-app/win_prob/H/AL/06/_work/stats_with_statewide.csv (rows=8)

$ /home/ubuntu/.venv/bin/python3 /home/ubuntu/apps/election-app/stats/1-stats-2.py --input /home/ubuntu/apps/election-app/win_prob/H/AL/06/stats2.csv --output /home/ubuntu/apps/election-app/win_prob/H/AL/06/_work/stats2_final_headers.csv
Wrote /home/ubuntu/apps/election-app/win_prob/H/AL/06/_work/stats2_final_headers.csv (rows=5)

$ /home/ubuntu/.venv/bin/python3 /home/ubuntu/apps/election-app/stats/1-append-new.py
[warn] stats/stats2 row+fips mismatch detected; will fill missing final_* with 10
Wrote 2024_county_results_with_final-old.csv (rows=8, missing_final_matches=4)

$ /home/ubuntu/.venv/bin/python3 /home/ubuntu/apps/election-app/stats/1-change_header.py
Wrote: 2024_county_results_with_final.csv

$ /home/ubuntu/.venv/bin/python3 /home/ubuntu/apps/election-app/stats/1-cut-zero-fips.py
Wrote: 2024_county_results_with_final_1.csv
Rows before: 8
Rows after:  8
Dropped (fips == 0): 0

$ /home/ubuntu/.venv/bin/python3 /home/ubuntu/apps/election-app/stats/2-calc.py
Wrote 8 rows with calculations to /home/ubuntu/apps/election-app/win_prob/H/AL/06/_work/2024_county_results_with_calcs-old.csv

$ /home/ubuntu/.venv/bin/python3 /home/ubuntu/apps/election-app/stats/2-eevp.py
Wrote (no-op copy): 2024_county_results_with_calcs.csv
Columns:
 - timestamp
 - state
 - county
 - fips
 - trump_votes
 - harris_votes
 - other_votes
 - eevp
 - state_eevp
 - harris_votes_statewide
 - trump_votes_statewide
 - other_votes_statewide
 - final_state
 - final_county
 - final_fips
 - final_trump_votes
 - final_harris_votes
 - final_other_votes
 - harris_percent_snapshot
 - trump_percent_snapshot
 - margin_snapshot
 - harris_percent_final
 - trump_percent_final
 - margin_final
 - margin_difference
 - margin_difference_abs

$ /home/ubuntu/.venv/bin/python3 /home/ubuntu/apps/election-app/stats/3-calc-new.py
Wrote 8 rows with new columns to /home/ubuntu/apps/election-app/win_prob/H/AL/06/_work/2024_county_results_with_calcs_new.csv

$ /home/ubuntu/.venv/bin/python3 /home/ubuntu/apps/election-app/stats/4-stats.py
Reading 2024_county_results_with_calcs_new.csv...
Aggregating statewide totals...
Calculating percentages and margins...
Writing to output_statewide_stats.csv...
Done!
[2026-01-26 10:37:51] INFO: [PIPELINE] ENTER win-prob generation | states=['AL'] ts_list=['2024-11-05T15-30-22']

============================================================================
[01/1] STATE = AL
============================================================================

$ /home/ubuntu/.venv/bin/python3 /home/ubuntu/apps/election-app/stats/5-snapshots.py --state AL --input /home/ubuntu/apps/election-app/win_prob/H/AL/06/_work/output_statewide_stats.csv --output /home/ubuntu/apps/election-app/win_prob/H/AL/06/snapshots_AL.csv --start 2024-11-05T15-30-22 --end 2024-11-05T15-30-22 --use-window 1 --interval 30
Mode: windowed-one-state
Rows written: 8
Distinct states in output: AL
Rows per normalized timestamp (empty = unparseable):
  2024-11-05T15-30-22: 8
Wrote /home/ubuntu/apps/election-app/win_prob/H/AL/06/snapshots_AL.csv

$ /home/ubuntu/.venv/bin/python3 /home/ubuntu/apps/election-app/stats/6-pval.py /home/ubuntu/apps/election-app/win_prob/H/AL/06/snapshots_AL.csv -t /home/ubuntu/apps/election-app/stats/parameters.csv -o /home/ubuntu/apps/election-app/win_prob/H/AL/06/data_output_AL.csv -c 50
Done. Wrote: /home/ubuntu/apps/election-app/win_prob/H/AL/06/data_output_AL.csv
Total rows: 8 (chunked, resumable).
Computed columns for PVALS = [0.01, 0.1, 1, 2, 3, 5, 10, 15, 20, 25, 30, 35, 40, 45, 50, 55, 60, 65, 70, 75, 80, 85, 90, 95, 97, 98, 99, 99.9, 99.99]
Per p (leader): shift_{p}, margin_new_{p}, harris_percent_new_{p}, trump_percent_new_{p}, total_snapshot_{p}, total_expected_{p}, harris_votes_new_{p}, trump_votes_new_{p}
Per p (trailing): shift_trailing_{p}, margin_new_{p}_trailing, harris_percent_new_{p}_trailing, trump_percent_new_{p}_trailing, total_snapshot_{p}_trailing, total_expected_{p}_trailing, harris_votes_new_{p}_trailing, trump_votes_new_{p}_trailing
Checkpoint saved at: /home/ubuntu/apps/election-app/win_prob/H/AL/06/data_output_AL.csv.checkpoint.json

$ /home/ubuntu/.venv/bin/python3 /home/ubuntu/apps/election-app/stats/7-margin-new.py
Wrote data_output_with_margins_old.csv

$ /home/ubuntu/.venv/bin/python3 /home/ubuntu/apps/election-app/stats/7-eevp-statewide.py
Wrote data_output_with_margins.csv (copied from data_output_with_margins_old.csv)

$ /home/ubuntu/.venv/bin/python3 /home/ubuntu/apps/election-app/stats/7.py --input /home/ubuntu/apps/election-app/win_prob/H/AL/06/data_output_AL_with_margins_statewide_eevp.csv --output /home/ubuntu/apps/election-app/win_prob/H/AL/06/statewide_margin_pct_vs_percent_AL_2026.png --state AL --start 2024-11-05T15-30-22 --end 2024-11-05T15-30-22 --stats /home/ubuntu/apps/election-app/win_prob/H/AL/06/stats.csv --stats2 /home/ubuntu/apps/election-app/win_prob/H/AL/06/stats2.csv --interval 30 --year 2026 --jsonl /home/ubuntu/apps/election-app/win_prob/H/AL/06/plotdata_AL_2026_2026-01-26T10-37-40.jsonl
[warn] stats/stats2 FIPS mismatch for state=AL; will apply penalty_pts=100 only if %nodata>0
[info] evaluating 1 timestamps from 2024-11-05T15-30-22 to 2024-11-05T15-30-22 every 30 minutes
[saved] probs_timeseries_AL.csv  (1 points)
[saved] /home/ubuntu/apps/election-app/win_prob/H/AL/06/plotdata_AL_2026_2026-01-26T10-37-40.jsonl  (0 points)
[saved] /home/ubuntu/apps/election-app/win_prob/H/AL/06/statewide_margin_pct_vs_percent_AL_2026_box.json
[saved] /home/ubuntu/apps/election-app/win_prob/H/AL/06/statewide_margin_pct_vs_percent_AL_2026_box.png
[saved] /home/ubuntu/apps/election-app/win_prob/H/AL/06/statewide_margin_pct_vs_percent_AL_2026.png

All 50 states complete. See: /home/ubuntu/apps/election-app/win_prob/H/AL/06

$ /home/ubuntu/.venv/bin/python3 /home/ubuntu/apps/election-app/stats/8.py --root /home/ubuntu/apps/election-app/win_prob/H/AL/06/_work --outdir /home/ubuntu/apps/election-app/win_prob/H/AL/06
[info] root  = /home/ubuntu/apps/election-app/win_prob/H/AL/06/_work
[info] outdir= /home/ubuntu/apps/election-app/win_prob/H/AL/06
[deleted] /home/ubuntu/apps/election-app/win_prob/H/AL/06/_work/stats_with_statewide.csv
[deleted] /home/ubuntu/apps/election-app/win_prob/H/AL/06/_work/stats2_final_headers.csv
[deleted] /home/ubuntu/apps/election-app/win_prob/H/AL/06/_work/2024_county_results_with_final-old.csv
[deleted] /home/ubuntu/apps/election-app/win_prob/H/AL/06/_work/2024_county_results_with_final.csv
[deleted] /home/ubuntu/apps/election-app/win_prob/H/AL/06/_work/2024_county_results_with_final_1.csv
[deleted] /home/ubuntu/apps/election-app/win_prob/H/AL/06/_work/2024_county_results_with_calcs-old.csv
[deleted] /home/ubuntu/apps/election-app/win_prob/H/AL/06/_work/2024_county_results_with_calcs_new.csv
[deleted] /home/ubuntu/apps/election-app/win_prob/H/AL/06/_work/output_statewide_stats.csv
[skip]    /home/ubuntu/apps/election-app/win_prob/H/AL/06/_work/probs_timeseries_PA.csv
[deleted] /home/ubuntu/apps/election-app/win_prob/H/AL/06/_work/2024_county_results_with_calcs.csv
[skip]    /home/ubuntu/apps/election-app/win_prob/H/AL/06/data_output.csv
[skip]    /home/ubuntu/apps/election-app/win_prob/H/AL/06/data_output_with_margins_old.csv
[skip]    /home/ubuntu/apps/election-app/win_prob/H/AL/06/data_output_with_margins.csv
[skip]    /home/ubuntu/apps/election-app/win_prob/H/AL/06/data_output_with_margins-statewide.csv
[deleted] /home/ubuntu/apps/election-app/win_prob/H/AL/06/snapshots_AL.csv
[deleted] /home/ubuntu/apps/election-app/win_prob/H/AL/06/data_output_AL.csv
[deleted] /home/ubuntu/apps/election-app/win_prob/H/AL/06/data_output_AL_with_margins_statewide_eevp.csv
[deleted] /home/ubuntu/apps/election-app/win_prob/H/AL/06/data_output_AL_with_margins.csv
[deleted] /home/ubuntu/apps/election-app/win_prob/H/AL/06/data_output_AL.csv.checkpoint.json
[deleted] /home/ubuntu/apps/election-app/win_prob/H/AL/06/stats.csv
[deleted] /home/ubuntu/apps/election-app/win_prob/H/AL/06/stats2.csv
[done] removed 16 file(s)
[2026-01-26 10:51:43] INFO: [PIPELINE] args: office=H state=AL district=06
[2026-01-26 10:51:43] INFO: [PIPELINE] WINPROB_DIR resolved to: /home/ubuntu/apps/election-app/win_prob/H/AL/06
[2026-01-26 10:51:43] INFO: [PIPELINE] OUTDIR set to: /home/ubuntu/apps/election-app/win_prob/H/AL/06

$ /home/ubuntu/.venv/bin/python3 /home/ubuntu/apps/election-app/stats/1-statewide.py --input /home/ubuntu/apps/election-app/win_prob/H/AL/06/stats.csv --output /home/ubuntu/apps/election-app/win_prob/H/AL/06/_work/stats_with_statewide.csv
Wrote /home/ubuntu/apps/election-app/win_prob/H/AL/06/_work/stats_with_statewide.csv (rows=8)

$ /home/ubuntu/.venv/bin/python3 /home/ubuntu/apps/election-app/stats/1-stats-2.py --input /home/ubuntu/apps/election-app/win_prob/H/AL/06/stats2.csv --output /home/ubuntu/apps/election-app/win_prob/H/AL/06/_work/stats2_final_headers.csv
Wrote /home/ubuntu/apps/election-app/win_prob/H/AL/06/_work/stats2_final_headers.csv (rows=5)

$ /home/ubuntu/.venv/bin/python3 /home/ubuntu/apps/election-app/stats/1-append-new.py
[warn] stats/stats2 row+fips mismatch detected; will fill missing final_* with 10
Wrote 2024_county_results_with_final-old.csv (rows=8, missing_final_matches=4)

$ /home/ubuntu/.venv/bin/python3 /home/ubuntu/apps/election-app/stats/1-change_header.py
Wrote: 2024_county_results_with_final.csv

$ /home/ubuntu/.venv/bin/python3 /home/ubuntu/apps/election-app/stats/1-cut-zero-fips.py
Wrote: 2024_county_results_with_final_1.csv
Rows before: 8
Rows after:  8
Dropped (fips == 0): 0

$ /home/ubuntu/.venv/bin/python3 /home/ubuntu/apps/election-app/stats/2-calc.py
Wrote 8 rows with calculations to /home/ubuntu/apps/election-app/win_prob/H/AL/06/_work/2024_county_results_with_calcs-old.csv

$ /home/ubuntu/.venv/bin/python3 /home/ubuntu/apps/election-app/stats/2-eevp.py
Wrote (no-op copy): 2024_county_results_with_calcs.csv
Columns:
 - timestamp
 - state
 - county
 - fips
 - trump_votes
 - harris_votes
 - other_votes
 - eevp
 - state_eevp
 - harris_votes_statewide
 - trump_votes_statewide
 - other_votes_statewide
 - final_state
 - final_county
 - final_fips
 - final_trump_votes
 - final_harris_votes
 - final_other_votes
 - harris_percent_snapshot
 - trump_percent_snapshot
 - margin_snapshot
 - harris_percent_final
 - trump_percent_final
 - margin_final
 - margin_difference
 - margin_difference_abs

$ /home/ubuntu/.venv/bin/python3 /home/ubuntu/apps/election-app/stats/3-calc-new.py
Wrote 8 rows with new columns to /home/ubuntu/apps/election-app/win_prob/H/AL/06/_work/2024_county_results_with_calcs_new.csv

$ /home/ubuntu/.venv/bin/python3 /home/ubuntu/apps/election-app/stats/4-stats.py
Reading 2024_county_results_with_calcs_new.csv...
Aggregating statewide totals...
Calculating percentages and margins...
Writing to output_statewide_stats.csv...
Done!
[2026-01-26 10:51:53] INFO: [PIPELINE] ENTER win-prob generation | states=['AL'] ts_list=['2024-11-05T15-30-22']

============================================================================
[01/1] STATE = AL
============================================================================

$ /home/ubuntu/.venv/bin/python3 /home/ubuntu/apps/election-app/stats/5-snapshots.py --state AL --input /home/ubuntu/apps/election-app/win_prob/H/AL/06/_work/output_statewide_stats.csv --output /home/ubuntu/apps/election-app/win_prob/H/AL/06/snapshots_AL.csv --start 2024-11-05T15-30-22 --end 2024-11-05T15-30-22 --use-window 1 --interval 30
Mode: windowed-one-state
Rows written: 8
Distinct states in output: AL
Rows per normalized timestamp (empty = unparseable):
  2024-11-05T15-30-22: 8
Wrote /home/ubuntu/apps/election-app/win_prob/H/AL/06/snapshots_AL.csv

$ /home/ubuntu/.venv/bin/python3 /home/ubuntu/apps/election-app/stats/6-pval.py /home/ubuntu/apps/election-app/win_prob/H/AL/06/snapshots_AL.csv -t /home/ubuntu/apps/election-app/stats/parameters.csv -o /home/ubuntu/apps/election-app/win_prob/H/AL/06/data_output_AL.csv -c 50
Done. Wrote: /home/ubuntu/apps/election-app/win_prob/H/AL/06/data_output_AL.csv
Total rows: 8 (chunked, resumable).
Computed columns for PVALS = [0.01, 0.1, 1, 2, 3, 5, 10, 15, 20, 25, 30, 35, 40, 45, 50, 55, 60, 65, 70, 75, 80, 85, 90, 95, 97, 98, 99, 99.9, 99.99]
Per p (leader): shift_{p}, margin_new_{p}, harris_percent_new_{p}, trump_percent_new_{p}, total_snapshot_{p}, total_expected_{p}, harris_votes_new_{p}, trump_votes_new_{p}
Per p (trailing): shift_trailing_{p}, margin_new_{p}_trailing, harris_percent_new_{p}_trailing, trump_percent_new_{p}_trailing, total_snapshot_{p}_trailing, total_expected_{p}_trailing, harris_votes_new_{p}_trailing, trump_votes_new_{p}_trailing
Checkpoint saved at: /home/ubuntu/apps/election-app/win_prob/H/AL/06/data_output_AL.csv.checkpoint.json

$ /home/ubuntu/.venv/bin/python3 /home/ubuntu/apps/election-app/stats/7-margin-new.py
Wrote data_output_with_margins_old.csv

$ /home/ubuntu/.venv/bin/python3 /home/ubuntu/apps/election-app/stats/7-eevp-statewide.py
Wrote data_output_with_margins.csv (copied from data_output_with_margins_old.csv)

$ /home/ubuntu/.venv/bin/python3 /home/ubuntu/apps/election-app/stats/7.py --input /home/ubuntu/apps/election-app/win_prob/H/AL/06/data_output_AL_with_margins_statewide_eevp.csv --output /home/ubuntu/apps/election-app/win_prob/H/AL/06/statewide_margin_pct_vs_percent_AL_2026.png --state AL --start 2024-11-05T15-30-22 --end 2024-11-05T15-30-22 --stats /home/ubuntu/apps/election-app/win_prob/H/AL/06/stats.csv --stats2 /home/ubuntu/apps/election-app/win_prob/H/AL/06/stats2.csv --interval 30 --year 2026 --jsonl /home/ubuntu/apps/election-app/win_prob/H/AL/06/plotdata_AL_2026_2026-01-26T10-51-43.jsonl
[warn] stats/stats2 FIPS mismatch for state=AL; will apply penalty_pts=100 only if %nodata>0
[info] evaluating 1 timestamps from 2024-11-05T15-30-22 to 2024-11-05T15-30-22 every 30 minutes
[saved] probs_timeseries_AL.csv  (1 points)
[saved] /home/ubuntu/apps/election-app/win_prob/H/AL/06/plotdata_AL_2026_2026-01-26T10-51-43.jsonl  (4 points)
[saved] /home/ubuntu/apps/election-app/win_prob/H/AL/06/statewide_margin_pct_vs_percent_AL_2026_box.json
[saved] /home/ubuntu/apps/election-app/win_prob/H/AL/06/statewide_margin_pct_vs_percent_AL_2026_box.png
[saved] /home/ubuntu/apps/election-app/win_prob/H/AL/06/statewide_margin_pct_vs_percent_AL_2026.png

All 50 states complete. See: /home/ubuntu/apps/election-app/win_prob/H/AL/06

$ /home/ubuntu/.venv/bin/python3 /home/ubuntu/apps/election-app/stats/8.py --root /home/ubuntu/apps/election-app/win_prob/H/AL/06/_work --outdir /home/ubuntu/apps/election-app/win_prob/H/AL/06
[info] root  = /home/ubuntu/apps/election-app/win_prob/H/AL/06/_work
[info] outdir= /home/ubuntu/apps/election-app/win_prob/H/AL/06
[deleted] /home/ubuntu/apps/election-app/win_prob/H/AL/06/_work/stats_with_statewide.csv
[deleted] /home/ubuntu/apps/election-app/win_prob/H/AL/06/_work/stats2_final_headers.csv
[deleted] /home/ubuntu/apps/election-app/win_prob/H/AL/06/_work/2024_county_results_with_final-old.csv
[deleted] /home/ubuntu/apps/election-app/win_prob/H/AL/06/_work/2024_county_results_with_final.csv
[deleted] /home/ubuntu/apps/election-app/win_prob/H/AL/06/_work/2024_county_results_with_final_1.csv
[deleted] /home/ubuntu/apps/election-app/win_prob/H/AL/06/_work/2024_county_results_with_calcs-old.csv
[deleted] /home/ubuntu/apps/election-app/win_prob/H/AL/06/_work/2024_county_results_with_calcs_new.csv
[deleted] /home/ubuntu/apps/election-app/win_prob/H/AL/06/_work/output_statewide_stats.csv
[skip]    /home/ubuntu/apps/election-app/win_prob/H/AL/06/_work/probs_timeseries_PA.csv
[deleted] /home/ubuntu/apps/election-app/win_prob/H/AL/06/_work/2024_county_results_with_calcs.csv
[skip]    /home/ubuntu/apps/election-app/win_prob/H/AL/06/data_output.csv
[skip]    /home/ubuntu/apps/election-app/win_prob/H/AL/06/data_output_with_margins_old.csv
[skip]    /home/ubuntu/apps/election-app/win_prob/H/AL/06/data_output_with_margins.csv
[skip]    /home/ubuntu/apps/election-app/win_prob/H/AL/06/data_output_with_margins-statewide.csv
[deleted] /home/ubuntu/apps/election-app/win_prob/H/AL/06/snapshots_AL.csv
[deleted] /home/ubuntu/apps/election-app/win_prob/H/AL/06/data_output_AL.csv
[deleted] /home/ubuntu/apps/election-app/win_prob/H/AL/06/data_output_AL_with_margins_statewide_eevp.csv
[deleted] /home/ubuntu/apps/election-app/win_prob/H/AL/06/data_output_AL_with_margins.csv
[deleted] /home/ubuntu/apps/election-app/win_prob/H/AL/06/data_output_AL.csv.checkpoint.json
[deleted] /home/ubuntu/apps/election-app/win_prob/H/AL/06/stats.csv
[deleted] /home/ubuntu/apps/election-app/win_prob/H/AL/06/stats2.csv
[done] removed 16 file(s)
[2026-01-26 10:58:24] INFO: [PIPELINE] args: office=H state=AL district=06
[2026-01-26 10:58:24] INFO: [PIPELINE] WINPROB_DIR resolved to: /home/ubuntu/apps/election-app/win_prob/H/AL/06
[2026-01-26 10:58:24] INFO: [PIPELINE] OUTDIR set to: /home/ubuntu/apps/election-app/win_prob/H/AL/06

$ /home/ubuntu/.venv/bin/python3 /home/ubuntu/apps/election-app/stats/1-statewide.py --input /home/ubuntu/apps/election-app/win_prob/H/AL/06/stats.csv --output /home/ubuntu/apps/election-app/win_prob/H/AL/06/_work/stats_with_statewide.csv
Wrote /home/ubuntu/apps/election-app/win_prob/H/AL/06/_work/stats_with_statewide.csv (rows=8)

$ /home/ubuntu/.venv/bin/python3 /home/ubuntu/apps/election-app/stats/1-stats-2.py --input /home/ubuntu/apps/election-app/win_prob/H/AL/06/stats2.csv --output /home/ubuntu/apps/election-app/win_prob/H/AL/06/_work/stats2_final_headers.csv
Wrote /home/ubuntu/apps/election-app/win_prob/H/AL/06/_work/stats2_final_headers.csv (rows=5)

$ /home/ubuntu/.venv/bin/python3 /home/ubuntu/apps/election-app/stats/1-append-new.py
[warn] stats/stats2 row+fips mismatch detected; will fill missing final_* with 10
Wrote 2024_county_results_with_final-old.csv (rows=8, missing_final_matches=4)

$ /home/ubuntu/.venv/bin/python3 /home/ubuntu/apps/election-app/stats/1-change_header.py
Wrote: 2024_county_results_with_final.csv

$ /home/ubuntu/.venv/bin/python3 /home/ubuntu/apps/election-app/stats/1-cut-zero-fips.py
Wrote: 2024_county_results_with_final_1.csv
Rows before: 8
Rows after:  8
Dropped (fips == 0): 0

$ /home/ubuntu/.venv/bin/python3 /home/ubuntu/apps/election-app/stats/2-calc.py
Wrote 8 rows with calculations to /home/ubuntu/apps/election-app/win_prob/H/AL/06/_work/2024_county_results_with_calcs-old.csv

$ /home/ubuntu/.venv/bin/python3 /home/ubuntu/apps/election-app/stats/2-eevp.py
Wrote (no-op copy): 2024_county_results_with_calcs.csv
Columns:
 - timestamp
 - state
 - county
 - fips
 - trump_votes
 - harris_votes
 - other_votes
 - eevp
 - state_eevp
 - harris_votes_statewide
 - trump_votes_statewide
 - other_votes_statewide
 - final_state
 - final_county
 - final_fips
 - final_trump_votes
 - final_harris_votes
 - final_other_votes
 - harris_percent_snapshot
 - trump_percent_snapshot
 - margin_snapshot
 - harris_percent_final
 - trump_percent_final
 - margin_final
 - margin_difference
 - margin_difference_abs

$ /home/ubuntu/.venv/bin/python3 /home/ubuntu/apps/election-app/stats/3-calc-new.py
Wrote 8 rows with new columns to /home/ubuntu/apps/election-app/win_prob/H/AL/06/_work/2024_county_results_with_calcs_new.csv

$ /home/ubuntu/.venv/bin/python3 /home/ubuntu/apps/election-app/stats/4-stats.py
Reading 2024_county_results_with_calcs_new.csv...
Aggregating statewide totals...
Calculating percentages and margins...
Writing to output_statewide_stats.csv...
Done!
[2026-01-26 10:58:35] INFO: [PIPELINE] ENTER win-prob generation | states=['AL'] ts_list=['2024-11-05T15-30-22']

============================================================================
[01/1] STATE = AL
============================================================================

$ /home/ubuntu/.venv/bin/python3 /home/ubuntu/apps/election-app/stats/5-snapshots.py --state AL --input /home/ubuntu/apps/election-app/win_prob/H/AL/06/_work/output_statewide_stats.csv --output /home/ubuntu/apps/election-app/win_prob/H/AL/06/snapshots_AL.csv --start 2024-11-05T15-30-22 --end 2024-11-05T15-30-22 --use-window 1 --interval 30
Mode: windowed-one-state
Rows written: 8
Distinct states in output: AL
Rows per normalized timestamp (empty = unparseable):
  2024-11-05T15-30-22: 8
Wrote /home/ubuntu/apps/election-app/win_prob/H/AL/06/snapshots_AL.csv

$ /home/ubuntu/.venv/bin/python3 /home/ubuntu/apps/election-app/stats/6-pval.py /home/ubuntu/apps/election-app/win_prob/H/AL/06/snapshots_AL.csv -t /home/ubuntu/apps/election-app/stats/parameters.csv -o /home/ubuntu/apps/election-app/win_prob/H/AL/06/data_output_AL.csv -c 50
Done. Wrote: /home/ubuntu/apps/election-app/win_prob/H/AL/06/data_output_AL.csv
Total rows: 8 (chunked, resumable).
Computed columns for PVALS = [0.01, 0.1, 1, 2, 3, 5, 10, 15, 20, 25, 30, 35, 40, 45, 50, 55, 60, 65, 70, 75, 80, 85, 90, 95, 97, 98, 99, 99.9, 99.99]
Per p (leader): shift_{p}, margin_new_{p}, harris_percent_new_{p}, trump_percent_new_{p}, total_snapshot_{p}, total_expected_{p}, harris_votes_new_{p}, trump_votes_new_{p}
Per p (trailing): shift_trailing_{p}, margin_new_{p}_trailing, harris_percent_new_{p}_trailing, trump_percent_new_{p}_trailing, total_snapshot_{p}_trailing, total_expected_{p}_trailing, harris_votes_new_{p}_trailing, trump_votes_new_{p}_trailing
Checkpoint saved at: /home/ubuntu/apps/election-app/win_prob/H/AL/06/data_output_AL.csv.checkpoint.json

$ /home/ubuntu/.venv/bin/python3 /home/ubuntu/apps/election-app/stats/7-margin-new.py
Wrote data_output_with_margins_old.csv

$ /home/ubuntu/.venv/bin/python3 /home/ubuntu/apps/election-app/stats/7-eevp-statewide.py
Wrote data_output_with_margins.csv (copied from data_output_with_margins_old.csv)

$ /home/ubuntu/.venv/bin/python3 /home/ubuntu/apps/election-app/stats/7.py --input /home/ubuntu/apps/election-app/win_prob/H/AL/06/data_output_AL_with_margins_statewide_eevp.csv --output /home/ubuntu/apps/election-app/win_prob/H/AL/06/statewide_margin_pct_vs_percent_AL_2026.png --state AL --start 2024-11-05T15-30-22 --end 2024-11-05T15-30-22 --stats /home/ubuntu/apps/election-app/win_prob/H/AL/06/stats.csv --stats2 /home/ubuntu/apps/election-app/win_prob/H/AL/06/stats2.csv --interval 30 --year 2026 --jsonl /home/ubuntu/apps/election-app/win_prob/H/AL/06/plotdata_AL_2026_2026-01-26T10-58-24.jsonl
[warn] stats/stats2 FIPS mismatch for state=AL; will apply penalty_pts=100 only if %nodata>0
[info] evaluating 1 timestamps from 2024-11-05T15-30-22 to 2024-11-05T15-30-22 every 30 minutes
[saved] probs_timeseries_AL.csv  (1 points)
[saved] /home/ubuntu/apps/election-app/win_prob/H/AL/06/plotdata_AL_2026_2026-01-26T10-58-24.jsonl  (4 points)
[saved] /home/ubuntu/apps/election-app/win_prob/H/AL/06/statewide_margin_pct_vs_percent_AL_2026_box.json
[saved] /home/ubuntu/apps/election-app/win_prob/H/AL/06/statewide_margin_pct_vs_percent_AL_2026_box.png
[saved] /home/ubuntu/apps/election-app/win_prob/H/AL/06/statewide_margin_pct_vs_percent_AL_2026.png

All 50 states complete. See: /home/ubuntu/apps/election-app/win_prob/H/AL/06

$ /home/ubuntu/.venv/bin/python3 /home/ubuntu/apps/election-app/stats/8.py --root /home/ubuntu/apps/election-app/win_prob/H/AL/06/_work --outdir /home/ubuntu/apps/election-app/win_prob/H/AL/06
[info] root  = /home/ubuntu/apps/election-app/win_prob/H/AL/06/_work
[info] outdir= /home/ubuntu/apps/election-app/win_prob/H/AL/06
[deleted] /home/ubuntu/apps/election-app/win_prob/H/AL/06/_work/stats_with_statewide.csv
[deleted] /home/ubuntu/apps/election-app/win_prob/H/AL/06/_work/stats2_final_headers.csv
[deleted] /home/ubuntu/apps/election-app/win_prob/H/AL/06/_work/2024_county_results_with_final-old.csv
[deleted] /home/ubuntu/apps/election-app/win_prob/H/AL/06/_work/2024_county_results_with_final.csv
[deleted] /home/ubuntu/apps/election-app/win_prob/H/AL/06/_work/2024_county_results_with_final_1.csv
[deleted] /home/ubuntu/apps/election-app/win_prob/H/AL/06/_work/2024_county_results_with_calcs-old.csv
[deleted] /home/ubuntu/apps/election-app/win_prob/H/AL/06/_work/2024_county_results_with_calcs_new.csv
[deleted] /home/ubuntu/apps/election-app/win_prob/H/AL/06/_work/output_statewide_stats.csv
[skip]    /home/ubuntu/apps/election-app/win_prob/H/AL/06/_work/probs_timeseries_PA.csv
[deleted] /home/ubuntu/apps/election-app/win_prob/H/AL/06/_work/2024_county_results_with_calcs.csv
[skip]    /home/ubuntu/apps/election-app/win_prob/H/AL/06/data_output.csv
[skip]    /home/ubuntu/apps/election-app/win_prob/H/AL/06/data_output_with_margins_old.csv
[skip]    /home/ubuntu/apps/election-app/win_prob/H/AL/06/data_output_with_margins.csv
[skip]    /home/ubuntu/apps/election-app/win_prob/H/AL/06/data_output_with_margins-statewide.csv
[deleted] /home/ubuntu/apps/election-app/win_prob/H/AL/06/snapshots_AL.csv
[deleted] /home/ubuntu/apps/election-app/win_prob/H/AL/06/data_output_AL.csv
[deleted] /home/ubuntu/apps/election-app/win_prob/H/AL/06/data_output_AL_with_margins_statewide_eevp.csv
[deleted] /home/ubuntu/apps/election-app/win_prob/H/AL/06/data_output_AL_with_margins.csv
[deleted] /home/ubuntu/apps/election-app/win_prob/H/AL/06/data_output_AL.csv.checkpoint.json
[deleted] /home/ubuntu/apps/election-app/win_prob/H/AL/06/stats.csv
[deleted] /home/ubuntu/apps/election-app/win_prob/H/AL/06/stats2.csv
[done] removed 16 file(s)
[2026-01-26 11:05:26] INFO: [PIPELINE] args: office=H state=AL district=06
[2026-01-26 11:05:26] INFO: [PIPELINE] WINPROB_DIR resolved to: /home/ubuntu/apps/election-app/win_prob/H/AL/06
[2026-01-26 11:05:26] INFO: [PIPELINE] OUTDIR set to: /home/ubuntu/apps/election-app/win_prob/H/AL/06

$ /home/ubuntu/.venv/bin/python3 /home/ubuntu/apps/election-app/stats/1-statewide.py --input /home/ubuntu/apps/election-app/win_prob/H/AL/06/stats.csv --output /home/ubuntu/apps/election-app/win_prob/H/AL/06/_work/stats_with_statewide.csv
Wrote /home/ubuntu/apps/election-app/win_prob/H/AL/06/_work/stats_with_statewide.csv (rows=8)

$ /home/ubuntu/.venv/bin/python3 /home/ubuntu/apps/election-app/stats/1-stats-2.py --input /home/ubuntu/apps/election-app/win_prob/H/AL/06/stats2.csv --output /home/ubuntu/apps/election-app/win_prob/H/AL/06/_work/stats2_final_headers.csv
Wrote /home/ubuntu/apps/election-app/win_prob/H/AL/06/_work/stats2_final_headers.csv (rows=5)

$ /home/ubuntu/.venv/bin/python3 /home/ubuntu/apps/election-app/stats/1-append-new.py
[warn] stats/stats2 row+fips mismatch detected; will fill missing final_* with 10
Wrote 2024_county_results_with_final-old.csv (rows=8, missing_final_matches=4)

$ /home/ubuntu/.venv/bin/python3 /home/ubuntu/apps/election-app/stats/1-change_header.py
Wrote: 2024_county_results_with_final.csv

$ /home/ubuntu/.venv/bin/python3 /home/ubuntu/apps/election-app/stats/1-cut-zero-fips.py
Wrote: 2024_county_results_with_final_1.csv
Rows before: 8
Rows after:  8
Dropped (fips == 0): 0

$ /home/ubuntu/.venv/bin/python3 /home/ubuntu/apps/election-app/stats/2-calc.py
Wrote 8 rows with calculations to /home/ubuntu/apps/election-app/win_prob/H/AL/06/_work/2024_county_results_with_calcs-old.csv

$ /home/ubuntu/.venv/bin/python3 /home/ubuntu/apps/election-app/stats/2-eevp.py
Wrote (no-op copy): 2024_county_results_with_calcs.csv
Columns:
 - timestamp
 - state
 - county
 - fips
 - trump_votes
 - harris_votes
 - other_votes
 - eevp
 - state_eevp
 - harris_votes_statewide
 - trump_votes_statewide
 - other_votes_statewide
 - final_state
 - final_county
 - final_fips
 - final_trump_votes
 - final_harris_votes
 - final_other_votes
 - harris_percent_snapshot
 - trump_percent_snapshot
 - margin_snapshot
 - harris_percent_final
 - trump_percent_final
 - margin_final
 - margin_difference
 - margin_difference_abs

$ /home/ubuntu/.venv/bin/python3 /home/ubuntu/apps/election-app/stats/3-calc-new.py
Wrote 8 rows with new columns to /home/ubuntu/apps/election-app/win_prob/H/AL/06/_work/2024_county_results_with_calcs_new.csv

$ /home/ubuntu/.venv/bin/python3 /home/ubuntu/apps/election-app/stats/4-stats.py
Reading 2024_county_results_with_calcs_new.csv...
Aggregating statewide totals...
Calculating percentages and margins...
Writing to output_statewide_stats.csv...
Done!
[2026-01-26 11:05:36] INFO: [PIPELINE] ENTER win-prob generation | states=['AL'] ts_list=['2024-11-05T15-30-22']

============================================================================
[01/1] STATE = AL
============================================================================

$ /home/ubuntu/.venv/bin/python3 /home/ubuntu/apps/election-app/stats/5-snapshots.py --state AL --input /home/ubuntu/apps/election-app/win_prob/H/AL/06/_work/output_statewide_stats.csv --output /home/ubuntu/apps/election-app/win_prob/H/AL/06/snapshots_AL.csv --start 2024-11-05T15-30-22 --end 2024-11-05T15-30-22 --use-window 1 --interval 30
Mode: windowed-one-state
Rows written: 8
Distinct states in output: AL
Rows per normalized timestamp (empty = unparseable):
  2024-11-05T15-30-22: 8
Wrote /home/ubuntu/apps/election-app/win_prob/H/AL/06/snapshots_AL.csv

$ /home/ubuntu/.venv/bin/python3 /home/ubuntu/apps/election-app/stats/6-pval.py /home/ubuntu/apps/election-app/win_prob/H/AL/06/snapshots_AL.csv -t /home/ubuntu/apps/election-app/stats/parameters.csv -o /home/ubuntu/apps/election-app/win_prob/H/AL/06/data_output_AL.csv -c 50
Done. Wrote: /home/ubuntu/apps/election-app/win_prob/H/AL/06/data_output_AL.csv
Total rows: 8 (chunked, resumable).
Computed columns for PVALS = [0.01, 0.1, 1, 2, 3, 5, 10, 15, 20, 25, 30, 35, 40, 45, 50, 55, 60, 65, 70, 75, 80, 85, 90, 95, 97, 98, 99, 99.9, 99.99]
Per p (leader): shift_{p}, margin_new_{p}, harris_percent_new_{p}, trump_percent_new_{p}, total_snapshot_{p}, total_expected_{p}, harris_votes_new_{p}, trump_votes_new_{p}
Per p (trailing): shift_trailing_{p}, margin_new_{p}_trailing, harris_percent_new_{p}_trailing, trump_percent_new_{p}_trailing, total_snapshot_{p}_trailing, total_expected_{p}_trailing, harris_votes_new_{p}_trailing, trump_votes_new_{p}_trailing
Checkpoint saved at: /home/ubuntu/apps/election-app/win_prob/H/AL/06/data_output_AL.csv.checkpoint.json

$ /home/ubuntu/.venv/bin/python3 /home/ubuntu/apps/election-app/stats/7-margin-new.py
Wrote data_output_with_margins_old.csv

$ /home/ubuntu/.venv/bin/python3 /home/ubuntu/apps/election-app/stats/7-eevp-statewide.py
Wrote data_output_with_margins.csv (copied from data_output_with_margins_old.csv)

$ /home/ubuntu/.venv/bin/python3 /home/ubuntu/apps/election-app/stats/7.py --input /home/ubuntu/apps/election-app/win_prob/H/AL/06/data_output_AL_with_margins_statewide_eevp.csv --output /home/ubuntu/apps/election-app/win_prob/H/AL/06/statewide_margin_pct_vs_percent_AL_2026.png --state AL --start 2024-11-05T15-30-22 --end 2024-11-05T15-30-22 --stats /home/ubuntu/apps/election-app/win_prob/H/AL/06/stats.csv --stats2 /home/ubuntu/apps/election-app/win_prob/H/AL/06/stats2.csv --interval 30 --year 2026 --jsonl /home/ubuntu/apps/election-app/win_prob/H/AL/06/plotdata_AL_2026_2026-01-26T11-05-26.jsonl
[warn] stats/stats2 FIPS mismatch for state=AL; will apply penalty_pts=100 only if %nodata>0
[info] evaluating 1 timestamps from 2024-11-05T15-30-22 to 2024-11-05T15-30-22 every 30 minutes
[saved] probs_timeseries_AL.csv  (1 points)
[saved] /home/ubuntu/apps/election-app/win_prob/H/AL/06/plotdata_AL_2026_2026-01-26T11-05-26.jsonl  (4 points)
[saved] /home/ubuntu/apps/election-app/win_prob/H/AL/06/statewide_margin_pct_vs_percent_AL_2026_box.json
[saved] /home/ubuntu/apps/election-app/win_prob/H/AL/06/statewide_margin_pct_vs_percent_AL_2026_box.png
[saved] /home/ubuntu/apps/election-app/win_prob/H/AL/06/statewide_margin_pct_vs_percent_AL_2026.png

All 50 states complete. See: /home/ubuntu/apps/election-app/win_prob/H/AL/06

$ /home/ubuntu/.venv/bin/python3 /home/ubuntu/apps/election-app/stats/8.py --root /home/ubuntu/apps/election-app/win_prob/H/AL/06/_work --outdir /home/ubuntu/apps/election-app/win_prob/H/AL/06
[info] root  = /home/ubuntu/apps/election-app/win_prob/H/AL/06/_work
[info] outdir= /home/ubuntu/apps/election-app/win_prob/H/AL/06
[deleted] /home/ubuntu/apps/election-app/win_prob/H/AL/06/_work/stats_with_statewide.csv
[deleted] /home/ubuntu/apps/election-app/win_prob/H/AL/06/_work/stats2_final_headers.csv
[deleted] /home/ubuntu/apps/election-app/win_prob/H/AL/06/_work/2024_county_results_with_final-old.csv
[deleted] /home/ubuntu/apps/election-app/win_prob/H/AL/06/_work/2024_county_results_with_final.csv
[deleted] /home/ubuntu/apps/election-app/win_prob/H/AL/06/_work/2024_county_results_with_final_1.csv
[deleted] /home/ubuntu/apps/election-app/win_prob/H/AL/06/_work/2024_county_results_with_calcs-old.csv
[deleted] /home/ubuntu/apps/election-app/win_prob/H/AL/06/_work/2024_county_results_with_calcs_new.csv
[deleted] /home/ubuntu/apps/election-app/win_prob/H/AL/06/_work/output_statewide_stats.csv
[skip]    /home/ubuntu/apps/election-app/win_prob/H/AL/06/_work/probs_timeseries_PA.csv
[deleted] /home/ubuntu/apps/election-app/win_prob/H/AL/06/_work/2024_county_results_with_calcs.csv
[skip]    /home/ubuntu/apps/election-app/win_prob/H/AL/06/data_output.csv
[skip]    /home/ubuntu/apps/election-app/win_prob/H/AL/06/data_output_with_margins_old.csv
[skip]    /home/ubuntu/apps/election-app/win_prob/H/AL/06/data_output_with_margins.csv
[skip]    /home/ubuntu/apps/election-app/win_prob/H/AL/06/data_output_with_margins-statewide.csv
[deleted] /home/ubuntu/apps/election-app/win_prob/H/AL/06/snapshots_AL.csv
[deleted] /home/ubuntu/apps/election-app/win_prob/H/AL/06/data_output_AL.csv
[deleted] /home/ubuntu/apps/election-app/win_prob/H/AL/06/data_output_AL_with_margins_statewide_eevp.csv
[deleted] /home/ubuntu/apps/election-app/win_prob/H/AL/06/data_output_AL_with_margins.csv
[deleted] /home/ubuntu/apps/election-app/win_prob/H/AL/06/data_output_AL.csv.checkpoint.json
[deleted] /home/ubuntu/apps/election-app/win_prob/H/AL/06/stats.csv
[deleted] /home/ubuntu/apps/election-app/win_prob/H/AL/06/stats2.csv
[done] removed 16 file(s)
[2026-01-26 11:12:28] INFO: [PIPELINE] args: office=H state=AL district=06
[2026-01-26 11:12:28] INFO: [PIPELINE] WINPROB_DIR resolved to: /home/ubuntu/apps/election-app/win_prob/H/AL/06
[2026-01-26 11:12:28] INFO: [PIPELINE] OUTDIR set to: /home/ubuntu/apps/election-app/win_prob/H/AL/06

$ /home/ubuntu/.venv/bin/python3 /home/ubuntu/apps/election-app/stats/1-statewide.py --input /home/ubuntu/apps/election-app/win_prob/H/AL/06/stats.csv --output /home/ubuntu/apps/election-app/win_prob/H/AL/06/_work/stats_with_statewide.csv
Wrote /home/ubuntu/apps/election-app/win_prob/H/AL/06/_work/stats_with_statewide.csv (rows=8)

$ /home/ubuntu/.venv/bin/python3 /home/ubuntu/apps/election-app/stats/1-stats-2.py --input /home/ubuntu/apps/election-app/win_prob/H/AL/06/stats2.csv --output /home/ubuntu/apps/election-app/win_prob/H/AL/06/_work/stats2_final_headers.csv
Wrote /home/ubuntu/apps/election-app/win_prob/H/AL/06/_work/stats2_final_headers.csv (rows=5)

$ /home/ubuntu/.venv/bin/python3 /home/ubuntu/apps/election-app/stats/1-append-new.py
[warn] stats/stats2 row+fips mismatch detected; will fill missing final_* with 10
Wrote 2024_county_results_with_final-old.csv (rows=8, missing_final_matches=4)

$ /home/ubuntu/.venv/bin/python3 /home/ubuntu/apps/election-app/stats/1-change_header.py
Wrote: 2024_county_results_with_final.csv

$ /home/ubuntu/.venv/bin/python3 /home/ubuntu/apps/election-app/stats/1-cut-zero-fips.py
Wrote: 2024_county_results_with_final_1.csv
Rows before: 8
Rows after:  8
Dropped (fips == 0): 0

$ /home/ubuntu/.venv/bin/python3 /home/ubuntu/apps/election-app/stats/2-calc.py
Wrote 8 rows with calculations to /home/ubuntu/apps/election-app/win_prob/H/AL/06/_work/2024_county_results_with_calcs-old.csv

$ /home/ubuntu/.venv/bin/python3 /home/ubuntu/apps/election-app/stats/2-eevp.py
Wrote (no-op copy): 2024_county_results_with_calcs.csv
Columns:
 - timestamp
 - state
 - county
 - fips
 - trump_votes
 - harris_votes
 - other_votes
 - eevp
 - state_eevp
 - harris_votes_statewide
 - trump_votes_statewide
 - other_votes_statewide
 - final_state
 - final_county
 - final_fips
 - final_trump_votes
 - final_harris_votes
 - final_other_votes
 - harris_percent_snapshot
 - trump_percent_snapshot
 - margin_snapshot
 - harris_percent_final
 - trump_percent_final
 - margin_final
 - margin_difference
 - margin_difference_abs

$ /home/ubuntu/.venv/bin/python3 /home/ubuntu/apps/election-app/stats/3-calc-new.py
Wrote 8 rows with new columns to /home/ubuntu/apps/election-app/win_prob/H/AL/06/_work/2024_county_results_with_calcs_new.csv

$ /home/ubuntu/.venv/bin/python3 /home/ubuntu/apps/election-app/stats/4-stats.py
Reading 2024_county_results_with_calcs_new.csv...
Aggregating statewide totals...
Calculating percentages and margins...
Writing to output_statewide_stats.csv...
Done!
[2026-01-26 11:12:38] INFO: [PIPELINE] ENTER win-prob generation | states=['AL'] ts_list=['2024-11-05T15-30-22']

============================================================================
[01/1] STATE = AL
============================================================================

$ /home/ubuntu/.venv/bin/python3 /home/ubuntu/apps/election-app/stats/5-snapshots.py --state AL --input /home/ubuntu/apps/election-app/win_prob/H/AL/06/_work/output_statewide_stats.csv --output /home/ubuntu/apps/election-app/win_prob/H/AL/06/snapshots_AL.csv --start 2024-11-05T15-30-22 --end 2024-11-05T15-30-22 --use-window 1 --interval 30
Mode: windowed-one-state
Rows written: 8
Distinct states in output: AL
Rows per normalized timestamp (empty = unparseable):
  2024-11-05T15-30-22: 8
Wrote /home/ubuntu/apps/election-app/win_prob/H/AL/06/snapshots_AL.csv

$ /home/ubuntu/.venv/bin/python3 /home/ubuntu/apps/election-app/stats/6-pval.py /home/ubuntu/apps/election-app/win_prob/H/AL/06/snapshots_AL.csv -t /home/ubuntu/apps/election-app/stats/parameters.csv -o /home/ubuntu/apps/election-app/win_prob/H/AL/06/data_output_AL.csv -c 50
Done. Wrote: /home/ubuntu/apps/election-app/win_prob/H/AL/06/data_output_AL.csv
Total rows: 8 (chunked, resumable).
Computed columns for PVALS = [0.01, 0.1, 1, 2, 3, 5, 10, 15, 20, 25, 30, 35, 40, 45, 50, 55, 60, 65, 70, 75, 80, 85, 90, 95, 97, 98, 99, 99.9, 99.99]
Per p (leader): shift_{p}, margin_new_{p}, harris_percent_new_{p}, trump_percent_new_{p}, total_snapshot_{p}, total_expected_{p}, harris_votes_new_{p}, trump_votes_new_{p}
Per p (trailing): shift_trailing_{p}, margin_new_{p}_trailing, harris_percent_new_{p}_trailing, trump_percent_new_{p}_trailing, total_snapshot_{p}_trailing, total_expected_{p}_trailing, harris_votes_new_{p}_trailing, trump_votes_new_{p}_trailing
Checkpoint saved at: /home/ubuntu/apps/election-app/win_prob/H/AL/06/data_output_AL.csv.checkpoint.json

$ /home/ubuntu/.venv/bin/python3 /home/ubuntu/apps/election-app/stats/7-margin-new.py
Wrote data_output_with_margins_old.csv

$ /home/ubuntu/.venv/bin/python3 /home/ubuntu/apps/election-app/stats/7-eevp-statewide.py
Wrote data_output_with_margins.csv (copied from data_output_with_margins_old.csv)

$ /home/ubuntu/.venv/bin/python3 /home/ubuntu/apps/election-app/stats/7.py --input /home/ubuntu/apps/election-app/win_prob/H/AL/06/data_output_AL_with_margins_statewide_eevp.csv --output /home/ubuntu/apps/election-app/win_prob/H/AL/06/statewide_margin_pct_vs_percent_AL_2026.png --state AL --start 2024-11-05T15-30-22 --end 2024-11-05T15-30-22 --stats /home/ubuntu/apps/election-app/win_prob/H/AL/06/stats.csv --stats2 /home/ubuntu/apps/election-app/win_prob/H/AL/06/stats2.csv --interval 30 --year 2026 --jsonl /home/ubuntu/apps/election-app/win_prob/H/AL/06/plotdata_AL_2026_2026-01-26T11-12-28.jsonl
[warn] stats/stats2 FIPS mismatch for state=AL; will apply penalty_pts=100 only if %nodata>0
[info] evaluating 1 timestamps from 2024-11-05T15-30-22 to 2024-11-05T15-30-22 every 30 minutes
[saved] probs_timeseries_AL.csv  (1 points)
[saved] /home/ubuntu/apps/election-app/win_prob/H/AL/06/plotdata_AL_2026_2026-01-26T11-12-28.jsonl  (4 points)
[saved] /home/ubuntu/apps/election-app/win_prob/H/AL/06/statewide_margin_pct_vs_percent_AL_2026_box.json
[saved] /home/ubuntu/apps/election-app/win_prob/H/AL/06/statewide_margin_pct_vs_percent_AL_2026_box.png
[saved] /home/ubuntu/apps/election-app/win_prob/H/AL/06/statewide_margin_pct_vs_percent_AL_2026.png

All 50 states complete. See: /home/ubuntu/apps/election-app/win_prob/H/AL/06

$ /home/ubuntu/.venv/bin/python3 /home/ubuntu/apps/election-app/stats/8.py --root /home/ubuntu/apps/election-app/win_prob/H/AL/06/_work --outdir /home/ubuntu/apps/election-app/win_prob/H/AL/06
[info] root  = /home/ubuntu/apps/election-app/win_prob/H/AL/06/_work
[info] outdir= /home/ubuntu/apps/election-app/win_prob/H/AL/06
[deleted] /home/ubuntu/apps/election-app/win_prob/H/AL/06/_work/stats_with_statewide.csv
[deleted] /home/ubuntu/apps/election-app/win_prob/H/AL/06/_work/stats2_final_headers.csv
[deleted] /home/ubuntu/apps/election-app/win_prob/H/AL/06/_work/2024_county_results_with_final-old.csv
[deleted] /home/ubuntu/apps/election-app/win_prob/H/AL/06/_work/2024_county_results_with_final.csv
[deleted] /home/ubuntu/apps/election-app/win_prob/H/AL/06/_work/2024_county_results_with_final_1.csv
[deleted] /home/ubuntu/apps/election-app/win_prob/H/AL/06/_work/2024_county_results_with_calcs-old.csv
[deleted] /home/ubuntu/apps/election-app/win_prob/H/AL/06/_work/2024_county_results_with_calcs_new.csv
[deleted] /home/ubuntu/apps/election-app/win_prob/H/AL/06/_work/output_statewide_stats.csv
[skip]    /home/ubuntu/apps/election-app/win_prob/H/AL/06/_work/probs_timeseries_PA.csv
[deleted] /home/ubuntu/apps/election-app/win_prob/H/AL/06/_work/2024_county_results_with_calcs.csv
[skip]    /home/ubuntu/apps/election-app/win_prob/H/AL/06/data_output.csv
[skip]    /home/ubuntu/apps/election-app/win_prob/H/AL/06/data_output_with_margins_old.csv
[skip]    /home/ubuntu/apps/election-app/win_prob/H/AL/06/data_output_with_margins.csv
[skip]    /home/ubuntu/apps/election-app/win_prob/H/AL/06/data_output_with_margins-statewide.csv
[deleted] /home/ubuntu/apps/election-app/win_prob/H/AL/06/snapshots_AL.csv
[deleted] /home/ubuntu/apps/election-app/win_prob/H/AL/06/data_output_AL.csv
[deleted] /home/ubuntu/apps/election-app/win_prob/H/AL/06/data_output_AL_with_margins_statewide_eevp.csv
[deleted] /home/ubuntu/apps/election-app/win_prob/H/AL/06/data_output_AL_with_margins.csv
[deleted] /home/ubuntu/apps/election-app/win_prob/H/AL/06/data_output_AL.csv.checkpoint.json
[deleted] /home/ubuntu/apps/election-app/win_prob/H/AL/06/stats.csv
[deleted] /home/ubuntu/apps/election-app/win_prob/H/AL/06/stats2.csv
[done] removed 16 file(s)
[2026-01-26 11:19:29] INFO: [PIPELINE] args: office=H state=AL district=06
[2026-01-26 11:19:29] INFO: [PIPELINE] WINPROB_DIR resolved to: /home/ubuntu/apps/election-app/win_prob/H/AL/06
[2026-01-26 11:19:29] INFO: [PIPELINE] OUTDIR set to: /home/ubuntu/apps/election-app/win_prob/H/AL/06

$ /home/ubuntu/.venv/bin/python3 /home/ubuntu/apps/election-app/stats/1-statewide.py --input /home/ubuntu/apps/election-app/win_prob/H/AL/06/stats.csv --output /home/ubuntu/apps/election-app/win_prob/H/AL/06/_work/stats_with_statewide.csv
Wrote /home/ubuntu/apps/election-app/win_prob/H/AL/06/_work/stats_with_statewide.csv (rows=8)

$ /home/ubuntu/.venv/bin/python3 /home/ubuntu/apps/election-app/stats/1-stats-2.py --input /home/ubuntu/apps/election-app/win_prob/H/AL/06/stats2.csv --output /home/ubuntu/apps/election-app/win_prob/H/AL/06/_work/stats2_final_headers.csv
Wrote /home/ubuntu/apps/election-app/win_prob/H/AL/06/_work/stats2_final_headers.csv (rows=5)

$ /home/ubuntu/.venv/bin/python3 /home/ubuntu/apps/election-app/stats/1-append-new.py
[warn] stats/stats2 row+fips mismatch detected; will fill missing final_* with 10
Wrote 2024_county_results_with_final-old.csv (rows=8, missing_final_matches=4)

$ /home/ubuntu/.venv/bin/python3 /home/ubuntu/apps/election-app/stats/1-change_header.py
Wrote: 2024_county_results_with_final.csv

$ /home/ubuntu/.venv/bin/python3 /home/ubuntu/apps/election-app/stats/1-cut-zero-fips.py
Wrote: 2024_county_results_with_final_1.csv
Rows before: 8
Rows after:  8
Dropped (fips == 0): 0

$ /home/ubuntu/.venv/bin/python3 /home/ubuntu/apps/election-app/stats/2-calc.py
Wrote 8 rows with calculations to /home/ubuntu/apps/election-app/win_prob/H/AL/06/_work/2024_county_results_with_calcs-old.csv

$ /home/ubuntu/.venv/bin/python3 /home/ubuntu/apps/election-app/stats/2-eevp.py
Wrote (no-op copy): 2024_county_results_with_calcs.csv
Columns:
 - timestamp
 - state
 - county
 - fips
 - trump_votes
 - harris_votes
 - other_votes
 - eevp
 - state_eevp
 - harris_votes_statewide
 - trump_votes_statewide
 - other_votes_statewide
 - final_state
 - final_county
 - final_fips
 - final_trump_votes
 - final_harris_votes
 - final_other_votes
 - harris_percent_snapshot
 - trump_percent_snapshot
 - margin_snapshot
 - harris_percent_final
 - trump_percent_final
 - margin_final
 - margin_difference
 - margin_difference_abs

$ /home/ubuntu/.venv/bin/python3 /home/ubuntu/apps/election-app/stats/3-calc-new.py
Wrote 8 rows with new columns to /home/ubuntu/apps/election-app/win_prob/H/AL/06/_work/2024_county_results_with_calcs_new.csv

$ /home/ubuntu/.venv/bin/python3 /home/ubuntu/apps/election-app/stats/4-stats.py
Reading 2024_county_results_with_calcs_new.csv...
Aggregating statewide totals...
Calculating percentages and margins...
Writing to output_statewide_stats.csv...
Done!
[2026-01-26 11:19:40] INFO: [PIPELINE] ENTER win-prob generation | states=['AL'] ts_list=['2024-11-05T15-30-22']

============================================================================
[01/1] STATE = AL
============================================================================

$ /home/ubuntu/.venv/bin/python3 /home/ubuntu/apps/election-app/stats/5-snapshots.py --state AL --input /home/ubuntu/apps/election-app/win_prob/H/AL/06/_work/output_statewide_stats.csv --output /home/ubuntu/apps/election-app/win_prob/H/AL/06/snapshots_AL.csv --start 2024-11-05T15-30-22 --end 2024-11-05T15-30-22 --use-window 1 --interval 30
Mode: windowed-one-state
Rows written: 8
Distinct states in output: AL
Rows per normalized timestamp (empty = unparseable):
  2024-11-05T15-30-22: 8
Wrote /home/ubuntu/apps/election-app/win_prob/H/AL/06/snapshots_AL.csv

$ /home/ubuntu/.venv/bin/python3 /home/ubuntu/apps/election-app/stats/6-pval.py /home/ubuntu/apps/election-app/win_prob/H/AL/06/snapshots_AL.csv -t /home/ubuntu/apps/election-app/stats/parameters.csv -o /home/ubuntu/apps/election-app/win_prob/H/AL/06/data_output_AL.csv -c 50
Done. Wrote: /home/ubuntu/apps/election-app/win_prob/H/AL/06/data_output_AL.csv
Total rows: 8 (chunked, resumable).
Computed columns for PVALS = [0.01, 0.1, 1, 2, 3, 5, 10, 15, 20, 25, 30, 35, 40, 45, 50, 55, 60, 65, 70, 75, 80, 85, 90, 95, 97, 98, 99, 99.9, 99.99]
Per p (leader): shift_{p}, margin_new_{p}, harris_percent_new_{p}, trump_percent_new_{p}, total_snapshot_{p}, total_expected_{p}, harris_votes_new_{p}, trump_votes_new_{p}
Per p (trailing): shift_trailing_{p}, margin_new_{p}_trailing, harris_percent_new_{p}_trailing, trump_percent_new_{p}_trailing, total_snapshot_{p}_trailing, total_expected_{p}_trailing, harris_votes_new_{p}_trailing, trump_votes_new_{p}_trailing
Checkpoint saved at: /home/ubuntu/apps/election-app/win_prob/H/AL/06/data_output_AL.csv.checkpoint.json

$ /home/ubuntu/.venv/bin/python3 /home/ubuntu/apps/election-app/stats/7-margin-new.py
Wrote data_output_with_margins_old.csv

$ /home/ubuntu/.venv/bin/python3 /home/ubuntu/apps/election-app/stats/7-eevp-statewide.py
Wrote data_output_with_margins.csv (copied from data_output_with_margins_old.csv)

$ /home/ubuntu/.venv/bin/python3 /home/ubuntu/apps/election-app/stats/7.py --input /home/ubuntu/apps/election-app/win_prob/H/AL/06/data_output_AL_with_margins_statewide_eevp.csv --output /home/ubuntu/apps/election-app/win_prob/H/AL/06/statewide_margin_pct_vs_percent_AL_2026.png --state AL --start 2024-11-05T15-30-22 --end 2024-11-05T15-30-22 --stats /home/ubuntu/apps/election-app/win_prob/H/AL/06/stats.csv --stats2 /home/ubuntu/apps/election-app/win_prob/H/AL/06/stats2.csv --interval 30 --year 2026 --jsonl /home/ubuntu/apps/election-app/win_prob/H/AL/06/plotdata_AL_2026_2026-01-26T11-19-29.jsonl
[warn] stats/stats2 FIPS mismatch for state=AL; will apply penalty_pts=100 only if %nodata>0
[info] evaluating 1 timestamps from 2024-11-05T15-30-22 to 2024-11-05T15-30-22 every 30 minutes
[saved] probs_timeseries_AL.csv  (1 points)
[saved] /home/ubuntu/apps/election-app/win_prob/H/AL/06/plotdata_AL_2026_2026-01-26T11-19-29.jsonl  (4 points)
[saved] /home/ubuntu/apps/election-app/win_prob/H/AL/06/statewide_margin_pct_vs_percent_AL_2026_box.json
[saved] /home/ubuntu/apps/election-app/win_prob/H/AL/06/statewide_margin_pct_vs_percent_AL_2026_box.png
[saved] /home/ubuntu/apps/election-app/win_prob/H/AL/06/statewide_margin_pct_vs_percent_AL_2026.png

All 50 states complete. See: /home/ubuntu/apps/election-app/win_prob/H/AL/06

$ /home/ubuntu/.venv/bin/python3 /home/ubuntu/apps/election-app/stats/8.py --root /home/ubuntu/apps/election-app/win_prob/H/AL/06/_work --outdir /home/ubuntu/apps/election-app/win_prob/H/AL/06
[info] root  = /home/ubuntu/apps/election-app/win_prob/H/AL/06/_work
[info] outdir= /home/ubuntu/apps/election-app/win_prob/H/AL/06
[deleted] /home/ubuntu/apps/election-app/win_prob/H/AL/06/_work/stats_with_statewide.csv
[deleted] /home/ubuntu/apps/election-app/win_prob/H/AL/06/_work/stats2_final_headers.csv
[deleted] /home/ubuntu/apps/election-app/win_prob/H/AL/06/_work/2024_county_results_with_final-old.csv
[deleted] /home/ubuntu/apps/election-app/win_prob/H/AL/06/_work/2024_county_results_with_final.csv
[deleted] /home/ubuntu/apps/election-app/win_prob/H/AL/06/_work/2024_county_results_with_final_1.csv
[deleted] /home/ubuntu/apps/election-app/win_prob/H/AL/06/_work/2024_county_results_with_calcs-old.csv
[deleted] /home/ubuntu/apps/election-app/win_prob/H/AL/06/_work/2024_county_results_with_calcs_new.csv
[deleted] /home/ubuntu/apps/election-app/win_prob/H/AL/06/_work/output_statewide_stats.csv
[skip]    /home/ubuntu/apps/election-app/win_prob/H/AL/06/_work/probs_timeseries_PA.csv
[deleted] /home/ubuntu/apps/election-app/win_prob/H/AL/06/_work/2024_county_results_with_calcs.csv
[skip]    /home/ubuntu/apps/election-app/win_prob/H/AL/06/data_output.csv
[skip]    /home/ubuntu/apps/election-app/win_prob/H/AL/06/data_output_with_margins_old.csv
[skip]    /home/ubuntu/apps/election-app/win_prob/H/AL/06/data_output_with_margins.csv
[skip]    /home/ubuntu/apps/election-app/win_prob/H/AL/06/data_output_with_margins-statewide.csv
[deleted] /home/ubuntu/apps/election-app/win_prob/H/AL/06/snapshots_AL.csv
[deleted] /home/ubuntu/apps/election-app/win_prob/H/AL/06/data_output_AL.csv
[deleted] /home/ubuntu/apps/election-app/win_prob/H/AL/06/data_output_AL_with_margins_statewide_eevp.csv
[deleted] /home/ubuntu/apps/election-app/win_prob/H/AL/06/data_output_AL_with_margins.csv
[deleted] /home/ubuntu/apps/election-app/win_prob/H/AL/06/data_output_AL.csv.checkpoint.json
[deleted] /home/ubuntu/apps/election-app/win_prob/H/AL/06/stats.csv
[deleted] /home/ubuntu/apps/election-app/win_prob/H/AL/06/stats2.csv
[done] removed 16 file(s)
[2026-01-26 11:26:31] INFO: [PIPELINE] args: office=H state=AL district=06
[2026-01-26 11:26:31] INFO: [PIPELINE] WINPROB_DIR resolved to: /home/ubuntu/apps/election-app/win_prob/H/AL/06
[2026-01-26 11:26:31] INFO: [PIPELINE] OUTDIR set to: /home/ubuntu/apps/election-app/win_prob/H/AL/06

$ /home/ubuntu/.venv/bin/python3 /home/ubuntu/apps/election-app/stats/1-statewide.py --input /home/ubuntu/apps/election-app/win_prob/H/AL/06/stats.csv --output /home/ubuntu/apps/election-app/win_prob/H/AL/06/_work/stats_with_statewide.csv
Wrote /home/ubuntu/apps/election-app/win_prob/H/AL/06/_work/stats_with_statewide.csv (rows=8)

$ /home/ubuntu/.venv/bin/python3 /home/ubuntu/apps/election-app/stats/1-stats-2.py --input /home/ubuntu/apps/election-app/win_prob/H/AL/06/stats2.csv --output /home/ubuntu/apps/election-app/win_prob/H/AL/06/_work/stats2_final_headers.csv
Wrote /home/ubuntu/apps/election-app/win_prob/H/AL/06/_work/stats2_final_headers.csv (rows=5)

$ /home/ubuntu/.venv/bin/python3 /home/ubuntu/apps/election-app/stats/1-append-new.py
[warn] stats/stats2 row+fips mismatch detected; will fill missing final_* with 10
Wrote 2024_county_results_with_final-old.csv (rows=8, missing_final_matches=4)

$ /home/ubuntu/.venv/bin/python3 /home/ubuntu/apps/election-app/stats/1-change_header.py
Wrote: 2024_county_results_with_final.csv

$ /home/ubuntu/.venv/bin/python3 /home/ubuntu/apps/election-app/stats/1-cut-zero-fips.py
Wrote: 2024_county_results_with_final_1.csv
Rows before: 8
Rows after:  8
Dropped (fips == 0): 0

$ /home/ubuntu/.venv/bin/python3 /home/ubuntu/apps/election-app/stats/2-calc.py
Wrote 8 rows with calculations to /home/ubuntu/apps/election-app/win_prob/H/AL/06/_work/2024_county_results_with_calcs-old.csv

$ /home/ubuntu/.venv/bin/python3 /home/ubuntu/apps/election-app/stats/2-eevp.py
Wrote (no-op copy): 2024_county_results_with_calcs.csv
Columns:
 - timestamp
 - state
 - county
 - fips
 - trump_votes
 - harris_votes
 - other_votes
 - eevp
 - state_eevp
 - harris_votes_statewide
 - trump_votes_statewide
 - other_votes_statewide
 - final_state
 - final_county
 - final_fips
 - final_trump_votes
 - final_harris_votes
 - final_other_votes
 - harris_percent_snapshot
 - trump_percent_snapshot
 - margin_snapshot
 - harris_percent_final
 - trump_percent_final
 - margin_final
 - margin_difference
 - margin_difference_abs

$ /home/ubuntu/.venv/bin/python3 /home/ubuntu/apps/election-app/stats/3-calc-new.py
Wrote 8 rows with new columns to /home/ubuntu/apps/election-app/win_prob/H/AL/06/_work/2024_county_results_with_calcs_new.csv

$ /home/ubuntu/.venv/bin/python3 /home/ubuntu/apps/election-app/stats/4-stats.py
Reading 2024_county_results_with_calcs_new.csv...
Aggregating statewide totals...
Calculating percentages and margins...
Writing to output_statewide_stats.csv...
Done!
[2026-01-26 11:26:41] INFO: [PIPELINE] ENTER win-prob generation | states=['AL'] ts_list=['2024-11-05T15-30-22']

============================================================================
[01/1] STATE = AL
============================================================================

$ /home/ubuntu/.venv/bin/python3 /home/ubuntu/apps/election-app/stats/5-snapshots.py --state AL --input /home/ubuntu/apps/election-app/win_prob/H/AL/06/_work/output_statewide_stats.csv --output /home/ubuntu/apps/election-app/win_prob/H/AL/06/snapshots_AL.csv --start 2024-11-05T15-30-22 --end 2024-11-05T15-30-22 --use-window 1 --interval 30
Mode: windowed-one-state
Rows written: 8
Distinct states in output: AL
Rows per normalized timestamp (empty = unparseable):
  2024-11-05T15-30-22: 8
Wrote /home/ubuntu/apps/election-app/win_prob/H/AL/06/snapshots_AL.csv

$ /home/ubuntu/.venv/bin/python3 /home/ubuntu/apps/election-app/stats/6-pval.py /home/ubuntu/apps/election-app/win_prob/H/AL/06/snapshots_AL.csv -t /home/ubuntu/apps/election-app/stats/parameters.csv -o /home/ubuntu/apps/election-app/win_prob/H/AL/06/data_output_AL.csv -c 50
Done. Wrote: /home/ubuntu/apps/election-app/win_prob/H/AL/06/data_output_AL.csv
Total rows: 8 (chunked, resumable).
Computed columns for PVALS = [0.01, 0.1, 1, 2, 3, 5, 10, 15, 20, 25, 30, 35, 40, 45, 50, 55, 60, 65, 70, 75, 80, 85, 90, 95, 97, 98, 99, 99.9, 99.99]
Per p (leader): shift_{p}, margin_new_{p}, harris_percent_new_{p}, trump_percent_new_{p}, total_snapshot_{p}, total_expected_{p}, harris_votes_new_{p}, trump_votes_new_{p}
Per p (trailing): shift_trailing_{p}, margin_new_{p}_trailing, harris_percent_new_{p}_trailing, trump_percent_new_{p}_trailing, total_snapshot_{p}_trailing, total_expected_{p}_trailing, harris_votes_new_{p}_trailing, trump_votes_new_{p}_trailing
Checkpoint saved at: /home/ubuntu/apps/election-app/win_prob/H/AL/06/data_output_AL.csv.checkpoint.json

$ /home/ubuntu/.venv/bin/python3 /home/ubuntu/apps/election-app/stats/7-margin-new.py
Wrote data_output_with_margins_old.csv

$ /home/ubuntu/.venv/bin/python3 /home/ubuntu/apps/election-app/stats/7-eevp-statewide.py
Wrote data_output_with_margins.csv (copied from data_output_with_margins_old.csv)

$ /home/ubuntu/.venv/bin/python3 /home/ubuntu/apps/election-app/stats/7.py --input /home/ubuntu/apps/election-app/win_prob/H/AL/06/data_output_AL_with_margins_statewide_eevp.csv --output /home/ubuntu/apps/election-app/win_prob/H/AL/06/statewide_margin_pct_vs_percent_AL_2026.png --state AL --start 2024-11-05T15-30-22 --end 2024-11-05T15-30-22 --stats /home/ubuntu/apps/election-app/win_prob/H/AL/06/stats.csv --stats2 /home/ubuntu/apps/election-app/win_prob/H/AL/06/stats2.csv --interval 30 --year 2026 --jsonl /home/ubuntu/apps/election-app/win_prob/H/AL/06/plotdata_AL_2026_2026-01-26T11-26-31.jsonl
[warn] stats/stats2 FIPS mismatch for state=AL; will apply penalty_pts=100 only if %nodata>0
[info] evaluating 1 timestamps from 2024-11-05T15-30-22 to 2024-11-05T15-30-22 every 30 minutes
[saved] probs_timeseries_AL.csv  (1 points)
[saved] /home/ubuntu/apps/election-app/win_prob/H/AL/06/plotdata_AL_2026_2026-01-26T11-26-31.jsonl  (4 points)
[saved] /home/ubuntu/apps/election-app/win_prob/H/AL/06/statewide_margin_pct_vs_percent_AL_2026_box.json
[saved] /home/ubuntu/apps/election-app/win_prob/H/AL/06/statewide_margin_pct_vs_percent_AL_2026_box.png
[saved] /home/ubuntu/apps/election-app/win_prob/H/AL/06/statewide_margin_pct_vs_percent_AL_2026.png

All 50 states complete. See: /home/ubuntu/apps/election-app/win_prob/H/AL/06

$ /home/ubuntu/.venv/bin/python3 /home/ubuntu/apps/election-app/stats/8.py --root /home/ubuntu/apps/election-app/win_prob/H/AL/06/_work --outdir /home/ubuntu/apps/election-app/win_prob/H/AL/06
[info] root  = /home/ubuntu/apps/election-app/win_prob/H/AL/06/_work
[info] outdir= /home/ubuntu/apps/election-app/win_prob/H/AL/06
[deleted] /home/ubuntu/apps/election-app/win_prob/H/AL/06/_work/stats_with_statewide.csv
[deleted] /home/ubuntu/apps/election-app/win_prob/H/AL/06/_work/stats2_final_headers.csv
[deleted] /home/ubuntu/apps/election-app/win_prob/H/AL/06/_work/2024_county_results_with_final-old.csv
[deleted] /home/ubuntu/apps/election-app/win_prob/H/AL/06/_work/2024_county_results_with_final.csv
[deleted] /home/ubuntu/apps/election-app/win_prob/H/AL/06/_work/2024_county_results_with_final_1.csv
[deleted] /home/ubuntu/apps/election-app/win_prob/H/AL/06/_work/2024_county_results_with_calcs-old.csv
[deleted] /home/ubuntu/apps/election-app/win_prob/H/AL/06/_work/2024_county_results_with_calcs_new.csv
[deleted] /home/ubuntu/apps/election-app/win_prob/H/AL/06/_work/output_statewide_stats.csv
[skip]    /home/ubuntu/apps/election-app/win_prob/H/AL/06/_work/probs_timeseries_PA.csv
[deleted] /home/ubuntu/apps/election-app/win_prob/H/AL/06/_work/2024_county_results_with_calcs.csv
[skip]    /home/ubuntu/apps/election-app/win_prob/H/AL/06/data_output.csv
[skip]    /home/ubuntu/apps/election-app/win_prob/H/AL/06/data_output_with_margins_old.csv
[skip]    /home/ubuntu/apps/election-app/win_prob/H/AL/06/data_output_with_margins.csv
[skip]    /home/ubuntu/apps/election-app/win_prob/H/AL/06/data_output_with_margins-statewide.csv
[deleted] /home/ubuntu/apps/election-app/win_prob/H/AL/06/snapshots_AL.csv
[deleted] /home/ubuntu/apps/election-app/win_prob/H/AL/06/data_output_AL.csv
[deleted] /home/ubuntu/apps/election-app/win_prob/H/AL/06/data_output_AL_with_margins_statewide_eevp.csv
[deleted] /home/ubuntu/apps/election-app/win_prob/H/AL/06/data_output_AL_with_margins.csv
[deleted] /home/ubuntu/apps/election-app/win_prob/H/AL/06/data_output_AL.csv.checkpoint.json
[deleted] /home/ubuntu/apps/election-app/win_prob/H/AL/06/stats.csv
[deleted] /home/ubuntu/apps/election-app/win_prob/H/AL/06/stats2.csv
[done] removed 16 file(s)
[2026-01-26 11:33:32] INFO: [PIPELINE] args: office=H state=AL district=06
[2026-01-26 11:33:32] INFO: [PIPELINE] WINPROB_DIR resolved to: /home/ubuntu/apps/election-app/win_prob/H/AL/06
[2026-01-26 11:33:32] INFO: [PIPELINE] OUTDIR set to: /home/ubuntu/apps/election-app/win_prob/H/AL/06

$ /home/ubuntu/.venv/bin/python3 /home/ubuntu/apps/election-app/stats/1-statewide.py --input /home/ubuntu/apps/election-app/win_prob/H/AL/06/stats.csv --output /home/ubuntu/apps/election-app/win_prob/H/AL/06/_work/stats_with_statewide.csv
Wrote /home/ubuntu/apps/election-app/win_prob/H/AL/06/_work/stats_with_statewide.csv (rows=8)

$ /home/ubuntu/.venv/bin/python3 /home/ubuntu/apps/election-app/stats/1-stats-2.py --input /home/ubuntu/apps/election-app/win_prob/H/AL/06/stats2.csv --output /home/ubuntu/apps/election-app/win_prob/H/AL/06/_work/stats2_final_headers.csv
Wrote /home/ubuntu/apps/election-app/win_prob/H/AL/06/_work/stats2_final_headers.csv (rows=5)

$ /home/ubuntu/.venv/bin/python3 /home/ubuntu/apps/election-app/stats/1-append-new.py
[warn] stats/stats2 row+fips mismatch detected; will fill missing final_* with 10
Wrote 2024_county_results_with_final-old.csv (rows=8, missing_final_matches=4)

$ /home/ubuntu/.venv/bin/python3 /home/ubuntu/apps/election-app/stats/1-change_header.py
Wrote: 2024_county_results_with_final.csv

$ /home/ubuntu/.venv/bin/python3 /home/ubuntu/apps/election-app/stats/1-cut-zero-fips.py
Wrote: 2024_county_results_with_final_1.csv
Rows before: 8
Rows after:  8
Dropped (fips == 0): 0

$ /home/ubuntu/.venv/bin/python3 /home/ubuntu/apps/election-app/stats/2-calc.py
Wrote 8 rows with calculations to /home/ubuntu/apps/election-app/win_prob/H/AL/06/_work/2024_county_results_with_calcs-old.csv

$ /home/ubuntu/.venv/bin/python3 /home/ubuntu/apps/election-app/stats/2-eevp.py
Wrote (no-op copy): 2024_county_results_with_calcs.csv
Columns:
 - timestamp
 - state
 - county
 - fips
 - trump_votes
 - harris_votes
 - other_votes
 - eevp
 - state_eevp
 - harris_votes_statewide
 - trump_votes_statewide
 - other_votes_statewide
 - final_state
 - final_county
 - final_fips
 - final_trump_votes
 - final_harris_votes
 - final_other_votes
 - harris_percent_snapshot
 - trump_percent_snapshot
 - margin_snapshot
 - harris_percent_final
 - trump_percent_final
 - margin_final
 - margin_difference
 - margin_difference_abs

$ /home/ubuntu/.venv/bin/python3 /home/ubuntu/apps/election-app/stats/3-calc-new.py
Wrote 8 rows with new columns to /home/ubuntu/apps/election-app/win_prob/H/AL/06/_work/2024_county_results_with_calcs_new.csv

$ /home/ubuntu/.venv/bin/python3 /home/ubuntu/apps/election-app/stats/4-stats.py
Reading 2024_county_results_with_calcs_new.csv...
Aggregating statewide totals...
Calculating percentages and margins...
Writing to output_statewide_stats.csv...
Done!
[2026-01-26 11:33:43] INFO: [PIPELINE] ENTER win-prob generation | states=['AL'] ts_list=['2024-11-05T15-30-22']

============================================================================
[01/1] STATE = AL
============================================================================

$ /home/ubuntu/.venv/bin/python3 /home/ubuntu/apps/election-app/stats/5-snapshots.py --state AL --input /home/ubuntu/apps/election-app/win_prob/H/AL/06/_work/output_statewide_stats.csv --output /home/ubuntu/apps/election-app/win_prob/H/AL/06/snapshots_AL.csv --start 2024-11-05T15-30-22 --end 2024-11-05T15-30-22 --use-window 1 --interval 30
Mode: windowed-one-state
Rows written: 8
Distinct states in output: AL
Rows per normalized timestamp (empty = unparseable):
  2024-11-05T15-30-22: 8
Wrote /home/ubuntu/apps/election-app/win_prob/H/AL/06/snapshots_AL.csv

$ /home/ubuntu/.venv/bin/python3 /home/ubuntu/apps/election-app/stats/6-pval.py /home/ubuntu/apps/election-app/win_prob/H/AL/06/snapshots_AL.csv -t /home/ubuntu/apps/election-app/stats/parameters.csv -o /home/ubuntu/apps/election-app/win_prob/H/AL/06/data_output_AL.csv -c 50
Done. Wrote: /home/ubuntu/apps/election-app/win_prob/H/AL/06/data_output_AL.csv
Total rows: 8 (chunked, resumable).
Computed columns for PVALS = [0.01, 0.1, 1, 2, 3, 5, 10, 15, 20, 25, 30, 35, 40, 45, 50, 55, 60, 65, 70, 75, 80, 85, 90, 95, 97, 98, 99, 99.9, 99.99]
Per p (leader): shift_{p}, margin_new_{p}, harris_percent_new_{p}, trump_percent_new_{p}, total_snapshot_{p}, total_expected_{p}, harris_votes_new_{p}, trump_votes_new_{p}
Per p (trailing): shift_trailing_{p}, margin_new_{p}_trailing, harris_percent_new_{p}_trailing, trump_percent_new_{p}_trailing, total_snapshot_{p}_trailing, total_expected_{p}_trailing, harris_votes_new_{p}_trailing, trump_votes_new_{p}_trailing
Checkpoint saved at: /home/ubuntu/apps/election-app/win_prob/H/AL/06/data_output_AL.csv.checkpoint.json

$ /home/ubuntu/.venv/bin/python3 /home/ubuntu/apps/election-app/stats/7-margin-new.py
Wrote data_output_with_margins_old.csv

$ /home/ubuntu/.venv/bin/python3 /home/ubuntu/apps/election-app/stats/7-eevp-statewide.py
Wrote data_output_with_margins.csv (copied from data_output_with_margins_old.csv)

$ /home/ubuntu/.venv/bin/python3 /home/ubuntu/apps/election-app/stats/7.py --input /home/ubuntu/apps/election-app/win_prob/H/AL/06/data_output_AL_with_margins_statewide_eevp.csv --output /home/ubuntu/apps/election-app/win_prob/H/AL/06/statewide_margin_pct_vs_percent_AL_2026.png --state AL --start 2024-11-05T15-30-22 --end 2024-11-05T15-30-22 --stats /home/ubuntu/apps/election-app/win_prob/H/AL/06/stats.csv --stats2 /home/ubuntu/apps/election-app/win_prob/H/AL/06/stats2.csv --interval 30 --year 2026 --jsonl /home/ubuntu/apps/election-app/win_prob/H/AL/06/plotdata_AL_2026_2026-01-26T11-33-32.jsonl
[warn] stats/stats2 FIPS mismatch for state=AL; will apply penalty_pts=100 only if %nodata>0
[info] evaluating 1 timestamps from 2024-11-05T15-30-22 to 2024-11-05T15-30-22 every 30 minutes
[saved] probs_timeseries_AL.csv  (1 points)
[saved] /home/ubuntu/apps/election-app/win_prob/H/AL/06/plotdata_AL_2026_2026-01-26T11-33-32.jsonl  (4 points)
[saved] /home/ubuntu/apps/election-app/win_prob/H/AL/06/statewide_margin_pct_vs_percent_AL_2026_box.json
[saved] /home/ubuntu/apps/election-app/win_prob/H/AL/06/statewide_margin_pct_vs_percent_AL_2026_box.png
[saved] /home/ubuntu/apps/election-app/win_prob/H/AL/06/statewide_margin_pct_vs_percent_AL_2026.png

All 50 states complete. See: /home/ubuntu/apps/election-app/win_prob/H/AL/06

$ /home/ubuntu/.venv/bin/python3 /home/ubuntu/apps/election-app/stats/8.py --root /home/ubuntu/apps/election-app/win_prob/H/AL/06/_work --outdir /home/ubuntu/apps/election-app/win_prob/H/AL/06
[info] root  = /home/ubuntu/apps/election-app/win_prob/H/AL/06/_work
[info] outdir= /home/ubuntu/apps/election-app/win_prob/H/AL/06
[deleted] /home/ubuntu/apps/election-app/win_prob/H/AL/06/_work/stats_with_statewide.csv
[deleted] /home/ubuntu/apps/election-app/win_prob/H/AL/06/_work/stats2_final_headers.csv
[deleted] /home/ubuntu/apps/election-app/win_prob/H/AL/06/_work/2024_county_results_with_final-old.csv
[deleted] /home/ubuntu/apps/election-app/win_prob/H/AL/06/_work/2024_county_results_with_final.csv
[deleted] /home/ubuntu/apps/election-app/win_prob/H/AL/06/_work/2024_county_results_with_final_1.csv
[deleted] /home/ubuntu/apps/election-app/win_prob/H/AL/06/_work/2024_county_results_with_calcs-old.csv
[deleted] /home/ubuntu/apps/election-app/win_prob/H/AL/06/_work/2024_county_results_with_calcs_new.csv
[deleted] /home/ubuntu/apps/election-app/win_prob/H/AL/06/_work/output_statewide_stats.csv
[skip]    /home/ubuntu/apps/election-app/win_prob/H/AL/06/_work/probs_timeseries_PA.csv
[deleted] /home/ubuntu/apps/election-app/win_prob/H/AL/06/_work/2024_county_results_with_calcs.csv
[skip]    /home/ubuntu/apps/election-app/win_prob/H/AL/06/data_output.csv
[skip]    /home/ubuntu/apps/election-app/win_prob/H/AL/06/data_output_with_margins_old.csv
[skip]    /home/ubuntu/apps/election-app/win_prob/H/AL/06/data_output_with_margins.csv
[skip]    /home/ubuntu/apps/election-app/win_prob/H/AL/06/data_output_with_margins-statewide.csv
[deleted] /home/ubuntu/apps/election-app/win_prob/H/AL/06/snapshots_AL.csv
[deleted] /home/ubuntu/apps/election-app/win_prob/H/AL/06/data_output_AL.csv
[deleted] /home/ubuntu/apps/election-app/win_prob/H/AL/06/data_output_AL_with_margins_statewide_eevp.csv
[deleted] /home/ubuntu/apps/election-app/win_prob/H/AL/06/data_output_AL_with_margins.csv
[deleted] /home/ubuntu/apps/election-app/win_prob/H/AL/06/data_output_AL.csv.checkpoint.json
[deleted] /home/ubuntu/apps/election-app/win_prob/H/AL/06/stats.csv
[deleted] /home/ubuntu/apps/election-app/win_prob/H/AL/06/stats2.csv
[done] removed 16 file(s)
[2026-01-26 11:40:34] INFO: [PIPELINE] args: office=H state=AL district=06
[2026-01-26 11:40:34] INFO: [PIPELINE] WINPROB_DIR resolved to: /home/ubuntu/apps/election-app/win_prob/H/AL/06
[2026-01-26 11:40:34] INFO: [PIPELINE] OUTDIR set to: /home/ubuntu/apps/election-app/win_prob/H/AL/06

$ /home/ubuntu/.venv/bin/python3 /home/ubuntu/apps/election-app/stats/1-statewide.py --input /home/ubuntu/apps/election-app/win_prob/H/AL/06/stats.csv --output /home/ubuntu/apps/election-app/win_prob/H/AL/06/_work/stats_with_statewide.csv
Wrote /home/ubuntu/apps/election-app/win_prob/H/AL/06/_work/stats_with_statewide.csv (rows=8)

$ /home/ubuntu/.venv/bin/python3 /home/ubuntu/apps/election-app/stats/1-stats-2.py --input /home/ubuntu/apps/election-app/win_prob/H/AL/06/stats2.csv --output /home/ubuntu/apps/election-app/win_prob/H/AL/06/_work/stats2_final_headers.csv
Wrote /home/ubuntu/apps/election-app/win_prob/H/AL/06/_work/stats2_final_headers.csv (rows=5)

$ /home/ubuntu/.venv/bin/python3 /home/ubuntu/apps/election-app/stats/1-append-new.py
[warn] stats/stats2 row+fips mismatch detected; will fill missing final_* with 10
Wrote 2024_county_results_with_final-old.csv (rows=8, missing_final_matches=4)

$ /home/ubuntu/.venv/bin/python3 /home/ubuntu/apps/election-app/stats/1-change_header.py
Wrote: 2024_county_results_with_final.csv

$ /home/ubuntu/.venv/bin/python3 /home/ubuntu/apps/election-app/stats/1-cut-zero-fips.py
Wrote: 2024_county_results_with_final_1.csv
Rows before: 8
Rows after:  8
Dropped (fips == 0): 0

$ /home/ubuntu/.venv/bin/python3 /home/ubuntu/apps/election-app/stats/2-calc.py
Wrote 8 rows with calculations to /home/ubuntu/apps/election-app/win_prob/H/AL/06/_work/2024_county_results_with_calcs-old.csv

$ /home/ubuntu/.venv/bin/python3 /home/ubuntu/apps/election-app/stats/2-eevp.py
Wrote (no-op copy): 2024_county_results_with_calcs.csv
Columns:
 - timestamp
 - state
 - county
 - fips
 - trump_votes
 - harris_votes
 - other_votes
 - eevp
 - state_eevp
 - harris_votes_statewide
 - trump_votes_statewide
 - other_votes_statewide
 - final_state
 - final_county
 - final_fips
 - final_trump_votes
 - final_harris_votes
 - final_other_votes
 - harris_percent_snapshot
 - trump_percent_snapshot
 - margin_snapshot
 - harris_percent_final
 - trump_percent_final
 - margin_final
 - margin_difference
 - margin_difference_abs

$ /home/ubuntu/.venv/bin/python3 /home/ubuntu/apps/election-app/stats/3-calc-new.py
Wrote 8 rows with new columns to /home/ubuntu/apps/election-app/win_prob/H/AL/06/_work/2024_county_results_with_calcs_new.csv

$ /home/ubuntu/.venv/bin/python3 /home/ubuntu/apps/election-app/stats/4-stats.py
Reading 2024_county_results_with_calcs_new.csv...
Aggregating statewide totals...
Calculating percentages and margins...
Writing to output_statewide_stats.csv...
Done!
[2026-01-26 11:40:44] INFO: [PIPELINE] ENTER win-prob generation | states=['AL'] ts_list=['2024-11-05T15-30-22']

============================================================================
[01/1] STATE = AL
============================================================================

$ /home/ubuntu/.venv/bin/python3 /home/ubuntu/apps/election-app/stats/5-snapshots.py --state AL --input /home/ubuntu/apps/election-app/win_prob/H/AL/06/_work/output_statewide_stats.csv --output /home/ubuntu/apps/election-app/win_prob/H/AL/06/snapshots_AL.csv --start 2024-11-05T15-30-22 --end 2024-11-05T15-30-22 --use-window 1 --interval 30
Mode: windowed-one-state
Rows written: 8
Distinct states in output: AL
Rows per normalized timestamp (empty = unparseable):
  2024-11-05T15-30-22: 8
Wrote /home/ubuntu/apps/election-app/win_prob/H/AL/06/snapshots_AL.csv

$ /home/ubuntu/.venv/bin/python3 /home/ubuntu/apps/election-app/stats/6-pval.py /home/ubuntu/apps/election-app/win_prob/H/AL/06/snapshots_AL.csv -t /home/ubuntu/apps/election-app/stats/parameters.csv -o /home/ubuntu/apps/election-app/win_prob/H/AL/06/data_output_AL.csv -c 50
Done. Wrote: /home/ubuntu/apps/election-app/win_prob/H/AL/06/data_output_AL.csv
Total rows: 8 (chunked, resumable).
Computed columns for PVALS = [0.01, 0.1, 1, 2, 3, 5, 10, 15, 20, 25, 30, 35, 40, 45, 50, 55, 60, 65, 70, 75, 80, 85, 90, 95, 97, 98, 99, 99.9, 99.99]
Per p (leader): shift_{p}, margin_new_{p}, harris_percent_new_{p}, trump_percent_new_{p}, total_snapshot_{p}, total_expected_{p}, harris_votes_new_{p}, trump_votes_new_{p}
Per p (trailing): shift_trailing_{p}, margin_new_{p}_trailing, harris_percent_new_{p}_trailing, trump_percent_new_{p}_trailing, total_snapshot_{p}_trailing, total_expected_{p}_trailing, harris_votes_new_{p}_trailing, trump_votes_new_{p}_trailing
Checkpoint saved at: /home/ubuntu/apps/election-app/win_prob/H/AL/06/data_output_AL.csv.checkpoint.json

$ /home/ubuntu/.venv/bin/python3 /home/ubuntu/apps/election-app/stats/7-margin-new.py
Wrote data_output_with_margins_old.csv

$ /home/ubuntu/.venv/bin/python3 /home/ubuntu/apps/election-app/stats/7-eevp-statewide.py
Wrote data_output_with_margins.csv (copied from data_output_with_margins_old.csv)

$ /home/ubuntu/.venv/bin/python3 /home/ubuntu/apps/election-app/stats/7.py --input /home/ubuntu/apps/election-app/win_prob/H/AL/06/data_output_AL_with_margins_statewide_eevp.csv --output /home/ubuntu/apps/election-app/win_prob/H/AL/06/statewide_margin_pct_vs_percent_AL_2026.png --state AL --start 2024-11-05T15-30-22 --end 2024-11-05T15-30-22 --stats /home/ubuntu/apps/election-app/win_prob/H/AL/06/stats.csv --stats2 /home/ubuntu/apps/election-app/win_prob/H/AL/06/stats2.csv --interval 30 --year 2026 --jsonl /home/ubuntu/apps/election-app/win_prob/H/AL/06/plotdata_AL_2026_2026-01-26T11-40-34.jsonl
[warn] stats/stats2 FIPS mismatch for state=AL; will apply penalty_pts=100 only if %nodata>0
[info] evaluating 1 timestamps from 2024-11-05T15-30-22 to 2024-11-05T15-30-22 every 30 minutes
[saved] probs_timeseries_AL.csv  (1 points)
[saved] /home/ubuntu/apps/election-app/win_prob/H/AL/06/plotdata_AL_2026_2026-01-26T11-40-34.jsonl  (4 points)
[saved] /home/ubuntu/apps/election-app/win_prob/H/AL/06/statewide_margin_pct_vs_percent_AL_2026_box.json
[saved] /home/ubuntu/apps/election-app/win_prob/H/AL/06/statewide_margin_pct_vs_percent_AL_2026_box.png
[saved] /home/ubuntu/apps/election-app/win_prob/H/AL/06/statewide_margin_pct_vs_percent_AL_2026.png

All 50 states complete. See: /home/ubuntu/apps/election-app/win_prob/H/AL/06

$ /home/ubuntu/.venv/bin/python3 /home/ubuntu/apps/election-app/stats/8.py --root /home/ubuntu/apps/election-app/win_prob/H/AL/06/_work --outdir /home/ubuntu/apps/election-app/win_prob/H/AL/06
[info] root  = /home/ubuntu/apps/election-app/win_prob/H/AL/06/_work
[info] outdir= /home/ubuntu/apps/election-app/win_prob/H/AL/06
[deleted] /home/ubuntu/apps/election-app/win_prob/H/AL/06/_work/stats_with_statewide.csv
[deleted] /home/ubuntu/apps/election-app/win_prob/H/AL/06/_work/stats2_final_headers.csv
[deleted] /home/ubuntu/apps/election-app/win_prob/H/AL/06/_work/2024_county_results_with_final-old.csv
[deleted] /home/ubuntu/apps/election-app/win_prob/H/AL/06/_work/2024_county_results_with_final.csv
[deleted] /home/ubuntu/apps/election-app/win_prob/H/AL/06/_work/2024_county_results_with_final_1.csv
[deleted] /home/ubuntu/apps/election-app/win_prob/H/AL/06/_work/2024_county_results_with_calcs-old.csv
[deleted] /home/ubuntu/apps/election-app/win_prob/H/AL/06/_work/2024_county_results_with_calcs_new.csv
[deleted] /home/ubuntu/apps/election-app/win_prob/H/AL/06/_work/output_statewide_stats.csv
[skip]    /home/ubuntu/apps/election-app/win_prob/H/AL/06/_work/probs_timeseries_PA.csv
[deleted] /home/ubuntu/apps/election-app/win_prob/H/AL/06/_work/2024_county_results_with_calcs.csv
[skip]    /home/ubuntu/apps/election-app/win_prob/H/AL/06/data_output.csv
[skip]    /home/ubuntu/apps/election-app/win_prob/H/AL/06/data_output_with_margins_old.csv
[skip]    /home/ubuntu/apps/election-app/win_prob/H/AL/06/data_output_with_margins.csv
[skip]    /home/ubuntu/apps/election-app/win_prob/H/AL/06/data_output_with_margins-statewide.csv
[deleted] /home/ubuntu/apps/election-app/win_prob/H/AL/06/snapshots_AL.csv
[deleted] /home/ubuntu/apps/election-app/win_prob/H/AL/06/data_output_AL.csv
[deleted] /home/ubuntu/apps/election-app/win_prob/H/AL/06/data_output_AL_with_margins_statewide_eevp.csv
[deleted] /home/ubuntu/apps/election-app/win_prob/H/AL/06/data_output_AL_with_margins.csv
[deleted] /home/ubuntu/apps/election-app/win_prob/H/AL/06/data_output_AL.csv.checkpoint.json
[deleted] /home/ubuntu/apps/election-app/win_prob/H/AL/06/stats.csv
[deleted] /home/ubuntu/apps/election-app/win_prob/H/AL/06/stats2.csv
[done] removed 16 file(s)
[2026-02-04 16:54:18] INFO: [PIPELINE] args: office=H state=AL district=06
[2026-02-04 16:54:18] INFO: [PIPELINE] WINPROB_DIR resolved to: /home/ubuntu/apps/election-app/win_prob/H/AL/06
[2026-02-04 16:54:18] INFO: [PIPELINE] OUTDIR set to: /home/ubuntu/apps/election-app/win_prob/H/AL/06

$ /home/ubuntu/.venv/bin/python3 /home/ubuntu/apps/election-app/stats/1-statewide.py --input /home/ubuntu/apps/election-app/win_prob/H/AL/06/stats.csv --output /home/ubuntu/apps/election-app/win_prob/H/AL/06/_work/stats_with_statewide.csv
Wrote /home/ubuntu/apps/election-app/win_prob/H/AL/06/_work/stats_with_statewide.csv (rows=8)

$ /home/ubuntu/.venv/bin/python3 /home/ubuntu/apps/election-app/stats/1-stats-2.py --input /home/ubuntu/apps/election-app/win_prob/H/AL/06/stats2.csv --output /home/ubuntu/apps/election-app/win_prob/H/AL/06/_work/stats2_final_headers.csv
Wrote /home/ubuntu/apps/election-app/win_prob/H/AL/06/_work/stats2_final_headers.csv (rows=5)

$ /home/ubuntu/.venv/bin/python3 /home/ubuntu/apps/election-app/stats/1-append-new.py
[warn] stats/stats2 row+fips mismatch detected; will fill missing final_* with 10
Wrote 2024_county_results_with_final-old.csv (rows=8, missing_final_matches=4)

$ /home/ubuntu/.venv/bin/python3 /home/ubuntu/apps/election-app/stats/1-change_header.py
Wrote: 2024_county_results_with_final.csv

$ /home/ubuntu/.venv/bin/python3 /home/ubuntu/apps/election-app/stats/1-cut-zero-fips.py
Wrote: 2024_county_results_with_final_1.csv
Rows before: 8
Rows after:  8
Dropped (fips == 0): 0

$ /home/ubuntu/.venv/bin/python3 /home/ubuntu/apps/election-app/stats/2-calc.py
Wrote 8 rows with calculations to /home/ubuntu/apps/election-app/win_prob/H/AL/06/_work/2024_county_results_with_calcs-old.csv

$ /home/ubuntu/.venv/bin/python3 /home/ubuntu/apps/election-app/stats/2-eevp.py
Wrote (no-op copy): 2024_county_results_with_calcs.csv
Columns:
 - timestamp
 - state
 - county
 - fips
 - trump_votes
 - harris_votes
 - other_votes
 - eevp
 - state_eevp
 - harris_votes_statewide
 - trump_votes_statewide
 - other_votes_statewide
 - final_state
 - final_county
 - final_fips
 - final_trump_votes
 - final_harris_votes
 - final_other_votes
 - harris_percent_snapshot
 - trump_percent_snapshot
 - margin_snapshot
 - harris_percent_final
 - trump_percent_final
 - margin_final
 - margin_difference
 - margin_difference_abs

$ /home/ubuntu/.venv/bin/python3 /home/ubuntu/apps/election-app/stats/3-calc-new.py
Wrote 8 rows with new columns to /home/ubuntu/apps/election-app/win_prob/H/AL/06/_work/2024_county_results_with_calcs_new.csv

$ /home/ubuntu/.venv/bin/python3 /home/ubuntu/apps/election-app/stats/4-stats.py
Reading 2024_county_results_with_calcs_new.csv...
Aggregating statewide totals...
Calculating percentages and margins...
Writing to output_statewide_stats.csv...
Done!
[2026-02-04 16:54:28] INFO: [PIPELINE] ENTER win-prob generation | states=['AL'] ts_list=['2024-11-05T15-30-22']

============================================================================
[01/1] STATE = AL
============================================================================

$ /home/ubuntu/.venv/bin/python3 /home/ubuntu/apps/election-app/stats/5-snapshots.py --state AL --input /home/ubuntu/apps/election-app/win_prob/H/AL/06/_work/output_statewide_stats.csv --output /home/ubuntu/apps/election-app/win_prob/H/AL/06/snapshots_AL.csv --start 2024-11-05T15-30-22 --end 2024-11-05T15-30-22 --use-window 1 --interval 30
Mode: windowed-one-state
Rows written: 8
Distinct states in output: AL
Rows per normalized timestamp (empty = unparseable):
  2024-11-05T15-30-22: 8
Wrote /home/ubuntu/apps/election-app/win_prob/H/AL/06/snapshots_AL.csv

$ /home/ubuntu/.venv/bin/python3 /home/ubuntu/apps/election-app/stats/6-pval.py /home/ubuntu/apps/election-app/win_prob/H/AL/06/snapshots_AL.csv -t /home/ubuntu/apps/election-app/stats/parameters.csv -o /home/ubuntu/apps/election-app/win_prob/H/AL/06/data_output_AL.csv -c 50
Done. Wrote: /home/ubuntu/apps/election-app/win_prob/H/AL/06/data_output_AL.csv
Total rows: 8 (chunked, resumable).
Computed columns for PVALS = [0.01, 0.1, 1, 2, 3, 5, 10, 15, 20, 25, 30, 35, 40, 45, 50, 55, 60, 65, 70, 75, 80, 85, 90, 95, 97, 98, 99, 99.9, 99.99]
Per p (leader): shift_{p}, margin_new_{p}, harris_percent_new_{p}, trump_percent_new_{p}, total_snapshot_{p}, total_expected_{p}, harris_votes_new_{p}, trump_votes_new_{p}
Per p (trailing): shift_trailing_{p}, margin_new_{p}_trailing, harris_percent_new_{p}_trailing, trump_percent_new_{p}_trailing, total_snapshot_{p}_trailing, total_expected_{p}_trailing, harris_votes_new_{p}_trailing, trump_votes_new_{p}_trailing
Checkpoint saved at: /home/ubuntu/apps/election-app/win_prob/H/AL/06/data_output_AL.csv.checkpoint.json

$ /home/ubuntu/.venv/bin/python3 /home/ubuntu/apps/election-app/stats/7-margin-new.py
Wrote data_output_with_margins_old.csv

$ /home/ubuntu/.venv/bin/python3 /home/ubuntu/apps/election-app/stats/7-eevp-statewide.py
Wrote data_output_with_margins.csv (copied from data_output_with_margins_old.csv)

$ /home/ubuntu/.venv/bin/python3 /home/ubuntu/apps/election-app/stats/7.py --input /home/ubuntu/apps/election-app/win_prob/H/AL/06/data_output_AL_with_margins_statewide_eevp.csv --output /home/ubuntu/apps/election-app/win_prob/H/AL/06/statewide_margin_pct_vs_percent_AL_2026.png --state AL --start 2024-11-05T15-30-22 --end 2024-11-05T15-30-22 --stats /home/ubuntu/apps/election-app/win_prob/H/AL/06/stats.csv --stats2 /home/ubuntu/apps/election-app/win_prob/H/AL/06/stats2.csv --interval 30 --year 2026 --jsonl /home/ubuntu/apps/election-app/win_prob/H/AL/06/plotdata_AL_2026_2026-02-04T16-54-18.jsonl
[warn] stats/stats2 FIPS mismatch for state=AL; will apply penalty_pts=100 only if %nodata>0
[info] evaluating 1 timestamps from 2024-11-05T15-30-22 to 2024-11-05T15-30-22 every 30 minutes
[saved] probs_timeseries_AL.csv  (1 points)
[saved] /home/ubuntu/apps/election-app/win_prob/H/AL/06/plotdata_AL_2026_2026-02-04T16-54-18.jsonl  (4 points)
[saved] /home/ubuntu/apps/election-app/win_prob/H/AL/06/statewide_margin_pct_vs_percent_AL_2026_box.json
[saved] /home/ubuntu/apps/election-app/win_prob/H/AL/06/statewide_margin_pct_vs_percent_AL_2026_box.png
[saved] /home/ubuntu/apps/election-app/win_prob/H/AL/06/statewide_margin_pct_vs_percent_AL_2026.png

All 50 states complete. See: /home/ubuntu/apps/election-app/win_prob/H/AL/06

$ /home/ubuntu/.venv/bin/python3 /home/ubuntu/apps/election-app/stats/8.py --root /home/ubuntu/apps/election-app/win_prob/H/AL/06/_work --outdir /home/ubuntu/apps/election-app/win_prob/H/AL/06
[info] root  = /home/ubuntu/apps/election-app/win_prob/H/AL/06/_work
[info] outdir= /home/ubuntu/apps/election-app/win_prob/H/AL/06
[deleted] /home/ubuntu/apps/election-app/win_prob/H/AL/06/_work/stats_with_statewide.csv
[deleted] /home/ubuntu/apps/election-app/win_prob/H/AL/06/_work/stats2_final_headers.csv
[deleted] /home/ubuntu/apps/election-app/win_prob/H/AL/06/_work/2024_county_results_with_final-old.csv
[deleted] /home/ubuntu/apps/election-app/win_prob/H/AL/06/_work/2024_county_results_with_final.csv
[deleted] /home/ubuntu/apps/election-app/win_prob/H/AL/06/_work/2024_county_results_with_final_1.csv
[deleted] /home/ubuntu/apps/election-app/win_prob/H/AL/06/_work/2024_county_results_with_calcs-old.csv
[deleted] /home/ubuntu/apps/election-app/win_prob/H/AL/06/_work/2024_county_results_with_calcs_new.csv
[deleted] /home/ubuntu/apps/election-app/win_prob/H/AL/06/_work/output_statewide_stats.csv
[skip]    /home/ubuntu/apps/election-app/win_prob/H/AL/06/_work/probs_timeseries_PA.csv
[deleted] /home/ubuntu/apps/election-app/win_prob/H/AL/06/_work/2024_county_results_with_calcs.csv
[skip]    /home/ubuntu/apps/election-app/win_prob/H/AL/06/data_output.csv
[skip]    /home/ubuntu/apps/election-app/win_prob/H/AL/06/data_output_with_margins_old.csv
[skip]    /home/ubuntu/apps/election-app/win_prob/H/AL/06/data_output_with_margins.csv
[skip]    /home/ubuntu/apps/election-app/win_prob/H/AL/06/data_output_with_margins-statewide.csv
[deleted] /home/ubuntu/apps/election-app/win_prob/H/AL/06/snapshots_AL.csv
[deleted] /home/ubuntu/apps/election-app/win_prob/H/AL/06/data_output_AL.csv
[deleted] /home/ubuntu/apps/election-app/win_prob/H/AL/06/data_output_AL_with_margins_statewide_eevp.csv
[deleted] /home/ubuntu/apps/election-app/win_prob/H/AL/06/data_output_AL_with_margins.csv
[deleted] /home/ubuntu/apps/election-app/win_prob/H/AL/06/data_output_AL.csv.checkpoint.json
[deleted] /home/ubuntu/apps/election-app/win_prob/H/AL/06/stats.csv
[deleted] /home/ubuntu/apps/election-app/win_prob/H/AL/06/stats2.csv
[done] removed 16 file(s)
