[2026-01-23 14:02:07] INFO: [PIPELINE] args: office=H state=NE district=03
[2026-01-23 14:02:07] INFO: [PIPELINE] WINPROB_DIR resolved to: /home/ubuntu/apps/election-app/win_prob/H/NE/03
[2026-01-23 14:02:07] INFO: [PIPELINE] OUTDIR set to: /home/ubuntu/apps/election-app/win_prob/H/NE/03

$ /home/ubuntu/.venv/bin/python3 /home/ubuntu/apps/election-app/stats/1-statewide.py --input /home/ubuntu/apps/election-app/win_prob/H/NE/03/stats.csv --output /home/ubuntu/apps/election-app/win_prob/H/NE/03/_work/stats_with_statewide.csv
Wrote /home/ubuntu/apps/election-app/win_prob/H/NE/03/_work/stats_with_statewide.csv (rows=80)

$ /home/ubuntu/.venv/bin/python3 /home/ubuntu/apps/election-app/stats/1-stats-2.py --input /home/ubuntu/apps/election-app/win_prob/H/NE/03/stats2.csv --output /home/ubuntu/apps/election-app/win_prob/H/NE/03/_work/stats2_final_headers.csv
Wrote /home/ubuntu/apps/election-app/win_prob/H/NE/03/_work/stats2_final_headers.csv (rows=80)

$ /home/ubuntu/.venv/bin/python3 /home/ubuntu/apps/election-app/stats/1-append-new.py
Wrote 2024_county_results_with_final-old.csv (rows=80, missing_final_matches=0)

$ /home/ubuntu/.venv/bin/python3 /home/ubuntu/apps/election-app/stats/1-change_header.py
Wrote: 2024_county_results_with_final.csv

$ /home/ubuntu/.venv/bin/python3 /home/ubuntu/apps/election-app/stats/1-cut-zero-fips.py
Wrote: 2024_county_results_with_final_1.csv
Rows before: 80
Rows after:  80
Dropped (fips == 0): 0

$ /home/ubuntu/.venv/bin/python3 /home/ubuntu/apps/election-app/stats/2-calc.py
Wrote 80 rows with calculations to /home/ubuntu/apps/election-app/win_prob/H/NE/03/_work/2024_county_results_with_calcs-old.csv

$ /home/ubuntu/.venv/bin/python3 /home/ubuntu/apps/election-app/stats/2-eevp.py
Wrote (no-op copy): 2024_county_results_with_calcs.csv
Columns:
 - timestamp
 - state
 - county
 - fips
 - trump_votes
 - harris_votes
 - other_votes
 - eevp
 - state_eevp
 - harris_votes_statewide
 - trump_votes_statewide
 - other_votes_statewide
 - final_state
 - final_county
 - final_fips
 - final_trump_votes
 - final_harris_votes
 - final_other_votes
 - harris_percent_snapshot
 - trump_percent_snapshot
 - margin_snapshot
 - harris_percent_final
 - trump_percent_final
 - margin_final
 - margin_difference
 - margin_difference_abs

$ /home/ubuntu/.venv/bin/python3 /home/ubuntu/apps/election-app/stats/3-calc-new.py
Wrote 80 rows with new columns to /home/ubuntu/apps/election-app/win_prob/H/NE/03/_work/2024_county_results_with_calcs_new.csv

$ /home/ubuntu/.venv/bin/python3 /home/ubuntu/apps/election-app/stats/4-stats.py
Reading 2024_county_results_with_calcs_new.csv...
Aggregating statewide totals...
Calculating percentages and margins...
Writing to output_statewide_stats.csv...
Done!
[2026-01-23 14:02:16] INFO: [PIPELINE] ENTER win-prob generation | states=['NE'] ts_list=['2024-11-05T15-30-22']

============================================================================
[01/1] STATE = NE
============================================================================

$ /home/ubuntu/.venv/bin/python3 /home/ubuntu/apps/election-app/stats/5-snapshots.py --state NE --input /home/ubuntu/apps/election-app/win_prob/H/NE/03/_work/output_statewide_stats.csv --output /home/ubuntu/apps/election-app/win_prob/H/NE/03/snapshots_NE.csv --start 2024-11-05T15-30-22 --end 2024-11-05T15-30-22 --use-window 1 --interval 30
Mode: windowed-one-state
Rows written: 80
Distinct states in output: NE
Rows per normalized timestamp (empty = unparseable):
  2024-11-05T15-30-22: 80
Wrote /home/ubuntu/apps/election-app/win_prob/H/NE/03/snapshots_NE.csv

$ /home/ubuntu/.venv/bin/python3 /home/ubuntu/apps/election-app/stats/6-pval.py /home/ubuntu/apps/election-app/win_prob/H/NE/03/snapshots_NE.csv -t /home/ubuntu/apps/election-app/stats/parameters.csv -o /home/ubuntu/apps/election-app/win_prob/H/NE/03/data_output_NE.csv -c 50
Done. Wrote: /home/ubuntu/apps/election-app/win_prob/H/NE/03/data_output_NE.csv
Total rows: 80 (chunked, resumable).
Computed columns for PVALS = [0.01, 0.1, 1, 2, 3, 5, 10, 15, 20, 25, 30, 35, 40, 45, 50, 55, 60, 65, 70, 75, 80, 85, 90, 95, 97, 98, 99, 99.9, 99.99]
Per p (leader): shift_{p}, margin_new_{p}, harris_percent_new_{p}, trump_percent_new_{p}, total_snapshot_{p}, total_expected_{p}, harris_votes_new_{p}, trump_votes_new_{p}
Per p (trailing): shift_trailing_{p}, margin_new_{p}_trailing, harris_percent_new_{p}_trailing, trump_percent_new_{p}_trailing, total_snapshot_{p}_trailing, total_expected_{p}_trailing, harris_votes_new_{p}_trailing, trump_votes_new_{p}_trailing
Checkpoint saved at: /home/ubuntu/apps/election-app/win_prob/H/NE/03/data_output_NE.csv.checkpoint.json

$ /home/ubuntu/.venv/bin/python3 /home/ubuntu/apps/election-app/stats/7-margin-new.py
Wrote data_output_with_margins_old.csv

$ /home/ubuntu/.venv/bin/python3 /home/ubuntu/apps/election-app/stats/7-eevp-statewide.py
Wrote data_output_with_margins.csv (copied from data_output_with_margins_old.csv)

$ /home/ubuntu/.venv/bin/python3 /home/ubuntu/apps/election-app/stats/7.py --input /home/ubuntu/apps/election-app/win_prob/H/NE/03/data_output_NE_with_margins_statewide_eevp.csv --output /home/ubuntu/apps/election-app/win_prob/H/NE/03/statewide_margin_pct_vs_percent_NE_2026.png --state NE --start 2024-11-05T15-30-22 --end 2024-11-05T15-30-22 --stats /home/ubuntu/apps/election-app/win_prob/H/NE/03/stats.csv --stats2 /home/ubuntu/apps/election-app/win_prob/H/NE/03/stats2.csv --interval 30 --year 2026 --jsonl /home/ubuntu/apps/election-app/win_prob/H/NE/03/plotdata_NE_2026_2026-01-23T14-02-07.jsonl
[info] evaluating 1 timestamps from 2024-11-05T15-30-22 to 2024-11-05T15-30-22 every 30 minutes
[saved] probs_timeseries_NE.csv  (1 points)
[saved] /home/ubuntu/apps/election-app/win_prob/H/NE/03/plotdata_NE_2026_2026-01-23T14-02-07.jsonl  (0 points)
[saved] /home/ubuntu/apps/election-app/win_prob/H/NE/03/statewide_margin_pct_vs_percent_NE_2026_box.json
[saved] /home/ubuntu/apps/election-app/win_prob/H/NE/03/statewide_margin_pct_vs_percent_NE_2026_box.png
[saved] /home/ubuntu/apps/election-app/win_prob/H/NE/03/statewide_margin_pct_vs_percent_NE_2026.png

All 50 states complete. See: /home/ubuntu/apps/election-app/win_prob/H/NE/03

$ /home/ubuntu/.venv/bin/python3 /home/ubuntu/apps/election-app/stats/8.py --root /home/ubuntu/apps/election-app/win_prob/H/NE/03/_work --outdir /home/ubuntu/apps/election-app/win_prob/H/NE/03
[info] root  = /home/ubuntu/apps/election-app/win_prob/H/NE/03/_work
[info] outdir= /home/ubuntu/apps/election-app/win_prob/H/NE/03
[deleted] /home/ubuntu/apps/election-app/win_prob/H/NE/03/_work/stats_with_statewide.csv
[deleted] /home/ubuntu/apps/election-app/win_prob/H/NE/03/_work/stats2_final_headers.csv
[deleted] /home/ubuntu/apps/election-app/win_prob/H/NE/03/_work/2024_county_results_with_final-old.csv
[deleted] /home/ubuntu/apps/election-app/win_prob/H/NE/03/_work/2024_county_results_with_final.csv
[deleted] /home/ubuntu/apps/election-app/win_prob/H/NE/03/_work/2024_county_results_with_final_1.csv
[deleted] /home/ubuntu/apps/election-app/win_prob/H/NE/03/_work/2024_county_results_with_calcs-old.csv
[deleted] /home/ubuntu/apps/election-app/win_prob/H/NE/03/_work/2024_county_results_with_calcs_new.csv
[deleted] /home/ubuntu/apps/election-app/win_prob/H/NE/03/_work/output_statewide_stats.csv
[skip]    /home/ubuntu/apps/election-app/win_prob/H/NE/03/_work/probs_timeseries_PA.csv
[deleted] /home/ubuntu/apps/election-app/win_prob/H/NE/03/_work/2024_county_results_with_calcs.csv
[skip]    /home/ubuntu/apps/election-app/win_prob/H/NE/03/data_output.csv
[skip]    /home/ubuntu/apps/election-app/win_prob/H/NE/03/data_output_with_margins_old.csv
[skip]    /home/ubuntu/apps/election-app/win_prob/H/NE/03/data_output_with_margins.csv
[skip]    /home/ubuntu/apps/election-app/win_prob/H/NE/03/data_output_with_margins-statewide.csv
[deleted] /home/ubuntu/apps/election-app/win_prob/H/NE/03/snapshots_NE.csv
[deleted] /home/ubuntu/apps/election-app/win_prob/H/NE/03/data_output_NE_with_margins.csv
[deleted] /home/ubuntu/apps/election-app/win_prob/H/NE/03/data_output_NE.csv
[deleted] /home/ubuntu/apps/election-app/win_prob/H/NE/03/data_output_NE_with_margins_statewide_eevp.csv
[deleted] /home/ubuntu/apps/election-app/win_prob/H/NE/03/data_output_NE.csv.checkpoint.json
[deleted] /home/ubuntu/apps/election-app/win_prob/H/NE/03/stats.csv
[deleted] /home/ubuntu/apps/election-app/win_prob/H/NE/03/stats2.csv
[done] removed 16 file(s)
[2026-01-23 14:16:11] INFO: [PIPELINE] args: office=H state=NE district=03
[2026-01-23 14:16:11] INFO: [PIPELINE] WINPROB_DIR resolved to: /home/ubuntu/apps/election-app/win_prob/H/NE/03
[2026-01-23 14:16:11] INFO: [PIPELINE] OUTDIR set to: /home/ubuntu/apps/election-app/win_prob/H/NE/03

$ /home/ubuntu/.venv/bin/python3 /home/ubuntu/apps/election-app/stats/1-statewide.py --input /home/ubuntu/apps/election-app/win_prob/H/NE/03/stats.csv --output /home/ubuntu/apps/election-app/win_prob/H/NE/03/_work/stats_with_statewide.csv
Wrote /home/ubuntu/apps/election-app/win_prob/H/NE/03/_work/stats_with_statewide.csv (rows=80)

$ /home/ubuntu/.venv/bin/python3 /home/ubuntu/apps/election-app/stats/1-stats-2.py --input /home/ubuntu/apps/election-app/win_prob/H/NE/03/stats2.csv --output /home/ubuntu/apps/election-app/win_prob/H/NE/03/_work/stats2_final_headers.csv
Wrote /home/ubuntu/apps/election-app/win_prob/H/NE/03/_work/stats2_final_headers.csv (rows=80)

$ /home/ubuntu/.venv/bin/python3 /home/ubuntu/apps/election-app/stats/1-append-new.py
Wrote 2024_county_results_with_final-old.csv (rows=80, missing_final_matches=0)

$ /home/ubuntu/.venv/bin/python3 /home/ubuntu/apps/election-app/stats/1-change_header.py
Wrote: 2024_county_results_with_final.csv

$ /home/ubuntu/.venv/bin/python3 /home/ubuntu/apps/election-app/stats/1-cut-zero-fips.py
Wrote: 2024_county_results_with_final_1.csv
Rows before: 80
Rows after:  80
Dropped (fips == 0): 0

$ /home/ubuntu/.venv/bin/python3 /home/ubuntu/apps/election-app/stats/2-calc.py
Wrote 80 rows with calculations to /home/ubuntu/apps/election-app/win_prob/H/NE/03/_work/2024_county_results_with_calcs-old.csv

$ /home/ubuntu/.venv/bin/python3 /home/ubuntu/apps/election-app/stats/2-eevp.py
Wrote (no-op copy): 2024_county_results_with_calcs.csv
Columns:
 - timestamp
 - state
 - county
 - fips
 - trump_votes
 - harris_votes
 - other_votes
 - eevp
 - state_eevp
 - harris_votes_statewide
 - trump_votes_statewide
 - other_votes_statewide
 - final_state
 - final_county
 - final_fips
 - final_trump_votes
 - final_harris_votes
 - final_other_votes
 - harris_percent_snapshot
 - trump_percent_snapshot
 - margin_snapshot
 - harris_percent_final
 - trump_percent_final
 - margin_final
 - margin_difference
 - margin_difference_abs

$ /home/ubuntu/.venv/bin/python3 /home/ubuntu/apps/election-app/stats/3-calc-new.py
Wrote 80 rows with new columns to /home/ubuntu/apps/election-app/win_prob/H/NE/03/_work/2024_county_results_with_calcs_new.csv

$ /home/ubuntu/.venv/bin/python3 /home/ubuntu/apps/election-app/stats/4-stats.py
Reading 2024_county_results_with_calcs_new.csv...
Aggregating statewide totals...
Calculating percentages and margins...
Writing to output_statewide_stats.csv...
Done!
[2026-01-23 14:16:20] INFO: [PIPELINE] ENTER win-prob generation | states=['NE'] ts_list=['2024-11-05T15-30-22']

============================================================================
[01/1] STATE = NE
============================================================================

$ /home/ubuntu/.venv/bin/python3 /home/ubuntu/apps/election-app/stats/5-snapshots.py --state NE --input /home/ubuntu/apps/election-app/win_prob/H/NE/03/_work/output_statewide_stats.csv --output /home/ubuntu/apps/election-app/win_prob/H/NE/03/snapshots_NE.csv --start 2024-11-05T15-30-22 --end 2024-11-05T15-30-22 --use-window 1 --interval 30
Mode: windowed-one-state
Rows written: 80
Distinct states in output: NE
Rows per normalized timestamp (empty = unparseable):
  2024-11-05T15-30-22: 80
Wrote /home/ubuntu/apps/election-app/win_prob/H/NE/03/snapshots_NE.csv

$ /home/ubuntu/.venv/bin/python3 /home/ubuntu/apps/election-app/stats/6-pval.py /home/ubuntu/apps/election-app/win_prob/H/NE/03/snapshots_NE.csv -t /home/ubuntu/apps/election-app/stats/parameters.csv -o /home/ubuntu/apps/election-app/win_prob/H/NE/03/data_output_NE.csv -c 50
Done. Wrote: /home/ubuntu/apps/election-app/win_prob/H/NE/03/data_output_NE.csv
Total rows: 80 (chunked, resumable).
Computed columns for PVALS = [0.01, 0.1, 1, 2, 3, 5, 10, 15, 20, 25, 30, 35, 40, 45, 50, 55, 60, 65, 70, 75, 80, 85, 90, 95, 97, 98, 99, 99.9, 99.99]
Per p (leader): shift_{p}, margin_new_{p}, harris_percent_new_{p}, trump_percent_new_{p}, total_snapshot_{p}, total_expected_{p}, harris_votes_new_{p}, trump_votes_new_{p}
Per p (trailing): shift_trailing_{p}, margin_new_{p}_trailing, harris_percent_new_{p}_trailing, trump_percent_new_{p}_trailing, total_snapshot_{p}_trailing, total_expected_{p}_trailing, harris_votes_new_{p}_trailing, trump_votes_new_{p}_trailing
Checkpoint saved at: /home/ubuntu/apps/election-app/win_prob/H/NE/03/data_output_NE.csv.checkpoint.json

$ /home/ubuntu/.venv/bin/python3 /home/ubuntu/apps/election-app/stats/7-margin-new.py
Wrote data_output_with_margins_old.csv

$ /home/ubuntu/.venv/bin/python3 /home/ubuntu/apps/election-app/stats/7-eevp-statewide.py
Wrote data_output_with_margins.csv (copied from data_output_with_margins_old.csv)

$ /home/ubuntu/.venv/bin/python3 /home/ubuntu/apps/election-app/stats/7.py --input /home/ubuntu/apps/election-app/win_prob/H/NE/03/data_output_NE_with_margins_statewide_eevp.csv --output /home/ubuntu/apps/election-app/win_prob/H/NE/03/statewide_margin_pct_vs_percent_NE_2026.png --state NE --start 2024-11-05T15-30-22 --end 2024-11-05T15-30-22 --stats /home/ubuntu/apps/election-app/win_prob/H/NE/03/stats.csv --stats2 /home/ubuntu/apps/election-app/win_prob/H/NE/03/stats2.csv --interval 30 --year 2026 --jsonl /home/ubuntu/apps/election-app/win_prob/H/NE/03/plotdata_NE_2026_2026-01-23T14-16-11.jsonl
[info] evaluating 1 timestamps from 2024-11-05T15-30-22 to 2024-11-05T15-30-22 every 30 minutes
[saved] probs_timeseries_NE.csv  (1 points)
[saved] /home/ubuntu/apps/election-app/win_prob/H/NE/03/plotdata_NE_2026_2026-01-23T14-16-11.jsonl  (4 points)
[saved] /home/ubuntu/apps/election-app/win_prob/H/NE/03/statewide_margin_pct_vs_percent_NE_2026_box.json
[saved] /home/ubuntu/apps/election-app/win_prob/H/NE/03/statewide_margin_pct_vs_percent_NE_2026_box.png
[saved] /home/ubuntu/apps/election-app/win_prob/H/NE/03/statewide_margin_pct_vs_percent_NE_2026.png

All 50 states complete. See: /home/ubuntu/apps/election-app/win_prob/H/NE/03

$ /home/ubuntu/.venv/bin/python3 /home/ubuntu/apps/election-app/stats/8.py --root /home/ubuntu/apps/election-app/win_prob/H/NE/03/_work --outdir /home/ubuntu/apps/election-app/win_prob/H/NE/03
[info] root  = /home/ubuntu/apps/election-app/win_prob/H/NE/03/_work
[info] outdir= /home/ubuntu/apps/election-app/win_prob/H/NE/03
[deleted] /home/ubuntu/apps/election-app/win_prob/H/NE/03/_work/stats_with_statewide.csv
[deleted] /home/ubuntu/apps/election-app/win_prob/H/NE/03/_work/stats2_final_headers.csv
[deleted] /home/ubuntu/apps/election-app/win_prob/H/NE/03/_work/2024_county_results_with_final-old.csv
[deleted] /home/ubuntu/apps/election-app/win_prob/H/NE/03/_work/2024_county_results_with_final.csv
[deleted] /home/ubuntu/apps/election-app/win_prob/H/NE/03/_work/2024_county_results_with_final_1.csv
[deleted] /home/ubuntu/apps/election-app/win_prob/H/NE/03/_work/2024_county_results_with_calcs-old.csv
[deleted] /home/ubuntu/apps/election-app/win_prob/H/NE/03/_work/2024_county_results_with_calcs_new.csv
[deleted] /home/ubuntu/apps/election-app/win_prob/H/NE/03/_work/output_statewide_stats.csv
[skip]    /home/ubuntu/apps/election-app/win_prob/H/NE/03/_work/probs_timeseries_PA.csv
[deleted] /home/ubuntu/apps/election-app/win_prob/H/NE/03/_work/2024_county_results_with_calcs.csv
[skip]    /home/ubuntu/apps/election-app/win_prob/H/NE/03/data_output.csv
[skip]    /home/ubuntu/apps/election-app/win_prob/H/NE/03/data_output_with_margins_old.csv
[skip]    /home/ubuntu/apps/election-app/win_prob/H/NE/03/data_output_with_margins.csv
[skip]    /home/ubuntu/apps/election-app/win_prob/H/NE/03/data_output_with_margins-statewide.csv
[deleted] /home/ubuntu/apps/election-app/win_prob/H/NE/03/snapshots_NE.csv
[deleted] /home/ubuntu/apps/election-app/win_prob/H/NE/03/data_output_NE_with_margins.csv
[deleted] /home/ubuntu/apps/election-app/win_prob/H/NE/03/data_output_NE.csv
[deleted] /home/ubuntu/apps/election-app/win_prob/H/NE/03/data_output_NE_with_margins_statewide_eevp.csv
[deleted] /home/ubuntu/apps/election-app/win_prob/H/NE/03/data_output_NE.csv.checkpoint.json
[deleted] /home/ubuntu/apps/election-app/win_prob/H/NE/03/stats.csv
[deleted] /home/ubuntu/apps/election-app/win_prob/H/NE/03/stats2.csv
[done] removed 16 file(s)
[2026-01-23 14:23:12] INFO: [PIPELINE] args: office=H state=NE district=03
[2026-01-23 14:23:12] INFO: [PIPELINE] WINPROB_DIR resolved to: /home/ubuntu/apps/election-app/win_prob/H/NE/03
[2026-01-23 14:23:12] INFO: [PIPELINE] OUTDIR set to: /home/ubuntu/apps/election-app/win_prob/H/NE/03

$ /home/ubuntu/.venv/bin/python3 /home/ubuntu/apps/election-app/stats/1-statewide.py --input /home/ubuntu/apps/election-app/win_prob/H/NE/03/stats.csv --output /home/ubuntu/apps/election-app/win_prob/H/NE/03/_work/stats_with_statewide.csv
Wrote /home/ubuntu/apps/election-app/win_prob/H/NE/03/_work/stats_with_statewide.csv (rows=80)

$ /home/ubuntu/.venv/bin/python3 /home/ubuntu/apps/election-app/stats/1-stats-2.py --input /home/ubuntu/apps/election-app/win_prob/H/NE/03/stats2.csv --output /home/ubuntu/apps/election-app/win_prob/H/NE/03/_work/stats2_final_headers.csv
Wrote /home/ubuntu/apps/election-app/win_prob/H/NE/03/_work/stats2_final_headers.csv (rows=80)

$ /home/ubuntu/.venv/bin/python3 /home/ubuntu/apps/election-app/stats/1-append-new.py
Wrote 2024_county_results_with_final-old.csv (rows=80, missing_final_matches=0)

$ /home/ubuntu/.venv/bin/python3 /home/ubuntu/apps/election-app/stats/1-change_header.py
Wrote: 2024_county_results_with_final.csv

$ /home/ubuntu/.venv/bin/python3 /home/ubuntu/apps/election-app/stats/1-cut-zero-fips.py
Wrote: 2024_county_results_with_final_1.csv
Rows before: 80
Rows after:  80
Dropped (fips == 0): 0

$ /home/ubuntu/.venv/bin/python3 /home/ubuntu/apps/election-app/stats/2-calc.py
Wrote 80 rows with calculations to /home/ubuntu/apps/election-app/win_prob/H/NE/03/_work/2024_county_results_with_calcs-old.csv

$ /home/ubuntu/.venv/bin/python3 /home/ubuntu/apps/election-app/stats/2-eevp.py
Wrote (no-op copy): 2024_county_results_with_calcs.csv
Columns:
 - timestamp
 - state
 - county
 - fips
 - trump_votes
 - harris_votes
 - other_votes
 - eevp
 - state_eevp
 - harris_votes_statewide
 - trump_votes_statewide
 - other_votes_statewide
 - final_state
 - final_county
 - final_fips
 - final_trump_votes
 - final_harris_votes
 - final_other_votes
 - harris_percent_snapshot
 - trump_percent_snapshot
 - margin_snapshot
 - harris_percent_final
 - trump_percent_final
 - margin_final
 - margin_difference
 - margin_difference_abs

$ /home/ubuntu/.venv/bin/python3 /home/ubuntu/apps/election-app/stats/3-calc-new.py
Wrote 80 rows with new columns to /home/ubuntu/apps/election-app/win_prob/H/NE/03/_work/2024_county_results_with_calcs_new.csv

$ /home/ubuntu/.venv/bin/python3 /home/ubuntu/apps/election-app/stats/4-stats.py
Reading 2024_county_results_with_calcs_new.csv...
Aggregating statewide totals...
Calculating percentages and margins...
Writing to output_statewide_stats.csv...
Done!
[2026-01-23 14:23:21] INFO: [PIPELINE] ENTER win-prob generation | states=['NE'] ts_list=['2024-11-05T15-30-22']

============================================================================
[01/1] STATE = NE
============================================================================

$ /home/ubuntu/.venv/bin/python3 /home/ubuntu/apps/election-app/stats/5-snapshots.py --state NE --input /home/ubuntu/apps/election-app/win_prob/H/NE/03/_work/output_statewide_stats.csv --output /home/ubuntu/apps/election-app/win_prob/H/NE/03/snapshots_NE.csv --start 2024-11-05T15-30-22 --end 2024-11-05T15-30-22 --use-window 1 --interval 30
Mode: windowed-one-state
Rows written: 80
Distinct states in output: NE
Rows per normalized timestamp (empty = unparseable):
  2024-11-05T15-30-22: 80
Wrote /home/ubuntu/apps/election-app/win_prob/H/NE/03/snapshots_NE.csv

$ /home/ubuntu/.venv/bin/python3 /home/ubuntu/apps/election-app/stats/6-pval.py /home/ubuntu/apps/election-app/win_prob/H/NE/03/snapshots_NE.csv -t /home/ubuntu/apps/election-app/stats/parameters.csv -o /home/ubuntu/apps/election-app/win_prob/H/NE/03/data_output_NE.csv -c 50
Done. Wrote: /home/ubuntu/apps/election-app/win_prob/H/NE/03/data_output_NE.csv
Total rows: 80 (chunked, resumable).
Computed columns for PVALS = [0.01, 0.1, 1, 2, 3, 5, 10, 15, 20, 25, 30, 35, 40, 45, 50, 55, 60, 65, 70, 75, 80, 85, 90, 95, 97, 98, 99, 99.9, 99.99]
Per p (leader): shift_{p}, margin_new_{p}, harris_percent_new_{p}, trump_percent_new_{p}, total_snapshot_{p}, total_expected_{p}, harris_votes_new_{p}, trump_votes_new_{p}
Per p (trailing): shift_trailing_{p}, margin_new_{p}_trailing, harris_percent_new_{p}_trailing, trump_percent_new_{p}_trailing, total_snapshot_{p}_trailing, total_expected_{p}_trailing, harris_votes_new_{p}_trailing, trump_votes_new_{p}_trailing
Checkpoint saved at: /home/ubuntu/apps/election-app/win_prob/H/NE/03/data_output_NE.csv.checkpoint.json

$ /home/ubuntu/.venv/bin/python3 /home/ubuntu/apps/election-app/stats/7-margin-new.py
Wrote data_output_with_margins_old.csv

$ /home/ubuntu/.venv/bin/python3 /home/ubuntu/apps/election-app/stats/7-eevp-statewide.py
Wrote data_output_with_margins.csv (copied from data_output_with_margins_old.csv)

$ /home/ubuntu/.venv/bin/python3 /home/ubuntu/apps/election-app/stats/7.py --input /home/ubuntu/apps/election-app/win_prob/H/NE/03/data_output_NE_with_margins_statewide_eevp.csv --output /home/ubuntu/apps/election-app/win_prob/H/NE/03/statewide_margin_pct_vs_percent_NE_2026.png --state NE --start 2024-11-05T15-30-22 --end 2024-11-05T15-30-22 --stats /home/ubuntu/apps/election-app/win_prob/H/NE/03/stats.csv --stats2 /home/ubuntu/apps/election-app/win_prob/H/NE/03/stats2.csv --interval 30 --year 2026 --jsonl /home/ubuntu/apps/election-app/win_prob/H/NE/03/plotdata_NE_2026_2026-01-23T14-23-12.jsonl
[info] evaluating 1 timestamps from 2024-11-05T15-30-22 to 2024-11-05T15-30-22 every 30 minutes
[saved] probs_timeseries_NE.csv  (1 points)
[saved] /home/ubuntu/apps/election-app/win_prob/H/NE/03/plotdata_NE_2026_2026-01-23T14-23-12.jsonl  (4 points)
[saved] /home/ubuntu/apps/election-app/win_prob/H/NE/03/statewide_margin_pct_vs_percent_NE_2026_box.json
[saved] /home/ubuntu/apps/election-app/win_prob/H/NE/03/statewide_margin_pct_vs_percent_NE_2026_box.png
[saved] /home/ubuntu/apps/election-app/win_prob/H/NE/03/statewide_margin_pct_vs_percent_NE_2026.png

All 50 states complete. See: /home/ubuntu/apps/election-app/win_prob/H/NE/03

$ /home/ubuntu/.venv/bin/python3 /home/ubuntu/apps/election-app/stats/8.py --root /home/ubuntu/apps/election-app/win_prob/H/NE/03/_work --outdir /home/ubuntu/apps/election-app/win_prob/H/NE/03
[info] root  = /home/ubuntu/apps/election-app/win_prob/H/NE/03/_work
[info] outdir= /home/ubuntu/apps/election-app/win_prob/H/NE/03
[deleted] /home/ubuntu/apps/election-app/win_prob/H/NE/03/_work/stats_with_statewide.csv
[deleted] /home/ubuntu/apps/election-app/win_prob/H/NE/03/_work/stats2_final_headers.csv
[deleted] /home/ubuntu/apps/election-app/win_prob/H/NE/03/_work/2024_county_results_with_final-old.csv
[deleted] /home/ubuntu/apps/election-app/win_prob/H/NE/03/_work/2024_county_results_with_final.csv
[deleted] /home/ubuntu/apps/election-app/win_prob/H/NE/03/_work/2024_county_results_with_final_1.csv
[deleted] /home/ubuntu/apps/election-app/win_prob/H/NE/03/_work/2024_county_results_with_calcs-old.csv
[deleted] /home/ubuntu/apps/election-app/win_prob/H/NE/03/_work/2024_county_results_with_calcs_new.csv
[deleted] /home/ubuntu/apps/election-app/win_prob/H/NE/03/_work/output_statewide_stats.csv
[skip]    /home/ubuntu/apps/election-app/win_prob/H/NE/03/_work/probs_timeseries_PA.csv
[deleted] /home/ubuntu/apps/election-app/win_prob/H/NE/03/_work/2024_county_results_with_calcs.csv
[skip]    /home/ubuntu/apps/election-app/win_prob/H/NE/03/data_output.csv
[skip]    /home/ubuntu/apps/election-app/win_prob/H/NE/03/data_output_with_margins_old.csv
[skip]    /home/ubuntu/apps/election-app/win_prob/H/NE/03/data_output_with_margins.csv
[skip]    /home/ubuntu/apps/election-app/win_prob/H/NE/03/data_output_with_margins-statewide.csv
[deleted] /home/ubuntu/apps/election-app/win_prob/H/NE/03/snapshots_NE.csv
[deleted] /home/ubuntu/apps/election-app/win_prob/H/NE/03/data_output_NE_with_margins.csv
[deleted] /home/ubuntu/apps/election-app/win_prob/H/NE/03/data_output_NE.csv
[deleted] /home/ubuntu/apps/election-app/win_prob/H/NE/03/data_output_NE_with_margins_statewide_eevp.csv
[deleted] /home/ubuntu/apps/election-app/win_prob/H/NE/03/data_output_NE.csv.checkpoint.json
[deleted] /home/ubuntu/apps/election-app/win_prob/H/NE/03/stats.csv
[deleted] /home/ubuntu/apps/election-app/win_prob/H/NE/03/stats2.csv
[done] removed 16 file(s)
[2026-01-23 14:30:13] INFO: [PIPELINE] args: office=H state=NE district=03
[2026-01-23 14:30:13] INFO: [PIPELINE] WINPROB_DIR resolved to: /home/ubuntu/apps/election-app/win_prob/H/NE/03
[2026-01-23 14:30:13] INFO: [PIPELINE] OUTDIR set to: /home/ubuntu/apps/election-app/win_prob/H/NE/03

$ /home/ubuntu/.venv/bin/python3 /home/ubuntu/apps/election-app/stats/1-statewide.py --input /home/ubuntu/apps/election-app/win_prob/H/NE/03/stats.csv --output /home/ubuntu/apps/election-app/win_prob/H/NE/03/_work/stats_with_statewide.csv
Wrote /home/ubuntu/apps/election-app/win_prob/H/NE/03/_work/stats_with_statewide.csv (rows=80)

$ /home/ubuntu/.venv/bin/python3 /home/ubuntu/apps/election-app/stats/1-stats-2.py --input /home/ubuntu/apps/election-app/win_prob/H/NE/03/stats2.csv --output /home/ubuntu/apps/election-app/win_prob/H/NE/03/_work/stats2_final_headers.csv
Wrote /home/ubuntu/apps/election-app/win_prob/H/NE/03/_work/stats2_final_headers.csv (rows=80)

$ /home/ubuntu/.venv/bin/python3 /home/ubuntu/apps/election-app/stats/1-append-new.py
Wrote 2024_county_results_with_final-old.csv (rows=80, missing_final_matches=0)

$ /home/ubuntu/.venv/bin/python3 /home/ubuntu/apps/election-app/stats/1-change_header.py
Wrote: 2024_county_results_with_final.csv

$ /home/ubuntu/.venv/bin/python3 /home/ubuntu/apps/election-app/stats/1-cut-zero-fips.py
Wrote: 2024_county_results_with_final_1.csv
Rows before: 80
Rows after:  80
Dropped (fips == 0): 0

$ /home/ubuntu/.venv/bin/python3 /home/ubuntu/apps/election-app/stats/2-calc.py
Wrote 80 rows with calculations to /home/ubuntu/apps/election-app/win_prob/H/NE/03/_work/2024_county_results_with_calcs-old.csv

$ /home/ubuntu/.venv/bin/python3 /home/ubuntu/apps/election-app/stats/2-eevp.py
Wrote (no-op copy): 2024_county_results_with_calcs.csv
Columns:
 - timestamp
 - state
 - county
 - fips
 - trump_votes
 - harris_votes
 - other_votes
 - eevp
 - state_eevp
 - harris_votes_statewide
 - trump_votes_statewide
 - other_votes_statewide
 - final_state
 - final_county
 - final_fips
 - final_trump_votes
 - final_harris_votes
 - final_other_votes
 - harris_percent_snapshot
 - trump_percent_snapshot
 - margin_snapshot
 - harris_percent_final
 - trump_percent_final
 - margin_final
 - margin_difference
 - margin_difference_abs

$ /home/ubuntu/.venv/bin/python3 /home/ubuntu/apps/election-app/stats/3-calc-new.py
Wrote 80 rows with new columns to /home/ubuntu/apps/election-app/win_prob/H/NE/03/_work/2024_county_results_with_calcs_new.csv

$ /home/ubuntu/.venv/bin/python3 /home/ubuntu/apps/election-app/stats/4-stats.py
Reading 2024_county_results_with_calcs_new.csv...
Aggregating statewide totals...
Calculating percentages and margins...
Writing to output_statewide_stats.csv...
Done!
[2026-01-23 14:30:22] INFO: [PIPELINE] ENTER win-prob generation | states=['NE'] ts_list=['2024-11-05T15-30-22']

============================================================================
[01/1] STATE = NE
============================================================================

$ /home/ubuntu/.venv/bin/python3 /home/ubuntu/apps/election-app/stats/5-snapshots.py --state NE --input /home/ubuntu/apps/election-app/win_prob/H/NE/03/_work/output_statewide_stats.csv --output /home/ubuntu/apps/election-app/win_prob/H/NE/03/snapshots_NE.csv --start 2024-11-05T15-30-22 --end 2024-11-05T15-30-22 --use-window 1 --interval 30
Mode: windowed-one-state
Rows written: 80
Distinct states in output: NE
Rows per normalized timestamp (empty = unparseable):
  2024-11-05T15-30-22: 80
Wrote /home/ubuntu/apps/election-app/win_prob/H/NE/03/snapshots_NE.csv

$ /home/ubuntu/.venv/bin/python3 /home/ubuntu/apps/election-app/stats/6-pval.py /home/ubuntu/apps/election-app/win_prob/H/NE/03/snapshots_NE.csv -t /home/ubuntu/apps/election-app/stats/parameters.csv -o /home/ubuntu/apps/election-app/win_prob/H/NE/03/data_output_NE.csv -c 50
Done. Wrote: /home/ubuntu/apps/election-app/win_prob/H/NE/03/data_output_NE.csv
Total rows: 80 (chunked, resumable).
Computed columns for PVALS = [0.01, 0.1, 1, 2, 3, 5, 10, 15, 20, 25, 30, 35, 40, 45, 50, 55, 60, 65, 70, 75, 80, 85, 90, 95, 97, 98, 99, 99.9, 99.99]
Per p (leader): shift_{p}, margin_new_{p}, harris_percent_new_{p}, trump_percent_new_{p}, total_snapshot_{p}, total_expected_{p}, harris_votes_new_{p}, trump_votes_new_{p}
Per p (trailing): shift_trailing_{p}, margin_new_{p}_trailing, harris_percent_new_{p}_trailing, trump_percent_new_{p}_trailing, total_snapshot_{p}_trailing, total_expected_{p}_trailing, harris_votes_new_{p}_trailing, trump_votes_new_{p}_trailing
Checkpoint saved at: /home/ubuntu/apps/election-app/win_prob/H/NE/03/data_output_NE.csv.checkpoint.json

$ /home/ubuntu/.venv/bin/python3 /home/ubuntu/apps/election-app/stats/7-margin-new.py
Wrote data_output_with_margins_old.csv

$ /home/ubuntu/.venv/bin/python3 /home/ubuntu/apps/election-app/stats/7-eevp-statewide.py
Wrote data_output_with_margins.csv (copied from data_output_with_margins_old.csv)

$ /home/ubuntu/.venv/bin/python3 /home/ubuntu/apps/election-app/stats/7.py --input /home/ubuntu/apps/election-app/win_prob/H/NE/03/data_output_NE_with_margins_statewide_eevp.csv --output /home/ubuntu/apps/election-app/win_prob/H/NE/03/statewide_margin_pct_vs_percent_NE_2026.png --state NE --start 2024-11-05T15-30-22 --end 2024-11-05T15-30-22 --stats /home/ubuntu/apps/election-app/win_prob/H/NE/03/stats.csv --stats2 /home/ubuntu/apps/election-app/win_prob/H/NE/03/stats2.csv --interval 30 --year 2026 --jsonl /home/ubuntu/apps/election-app/win_prob/H/NE/03/plotdata_NE_2026_2026-01-23T14-30-13.jsonl
[info] evaluating 1 timestamps from 2024-11-05T15-30-22 to 2024-11-05T15-30-22 every 30 minutes
[saved] probs_timeseries_NE.csv  (1 points)
[saved] /home/ubuntu/apps/election-app/win_prob/H/NE/03/plotdata_NE_2026_2026-01-23T14-30-13.jsonl  (4 points)
[saved] /home/ubuntu/apps/election-app/win_prob/H/NE/03/statewide_margin_pct_vs_percent_NE_2026_box.json
[saved] /home/ubuntu/apps/election-app/win_prob/H/NE/03/statewide_margin_pct_vs_percent_NE_2026_box.png
[saved] /home/ubuntu/apps/election-app/win_prob/H/NE/03/statewide_margin_pct_vs_percent_NE_2026.png

All 50 states complete. See: /home/ubuntu/apps/election-app/win_prob/H/NE/03

$ /home/ubuntu/.venv/bin/python3 /home/ubuntu/apps/election-app/stats/8.py --root /home/ubuntu/apps/election-app/win_prob/H/NE/03/_work --outdir /home/ubuntu/apps/election-app/win_prob/H/NE/03
[info] root  = /home/ubuntu/apps/election-app/win_prob/H/NE/03/_work
[info] outdir= /home/ubuntu/apps/election-app/win_prob/H/NE/03
[deleted] /home/ubuntu/apps/election-app/win_prob/H/NE/03/_work/stats_with_statewide.csv
[deleted] /home/ubuntu/apps/election-app/win_prob/H/NE/03/_work/stats2_final_headers.csv
[deleted] /home/ubuntu/apps/election-app/win_prob/H/NE/03/_work/2024_county_results_with_final-old.csv
[deleted] /home/ubuntu/apps/election-app/win_prob/H/NE/03/_work/2024_county_results_with_final.csv
[deleted] /home/ubuntu/apps/election-app/win_prob/H/NE/03/_work/2024_county_results_with_final_1.csv
[deleted] /home/ubuntu/apps/election-app/win_prob/H/NE/03/_work/2024_county_results_with_calcs-old.csv
[deleted] /home/ubuntu/apps/election-app/win_prob/H/NE/03/_work/2024_county_results_with_calcs_new.csv
[deleted] /home/ubuntu/apps/election-app/win_prob/H/NE/03/_work/output_statewide_stats.csv
[skip]    /home/ubuntu/apps/election-app/win_prob/H/NE/03/_work/probs_timeseries_PA.csv
[deleted] /home/ubuntu/apps/election-app/win_prob/H/NE/03/_work/2024_county_results_with_calcs.csv
[skip]    /home/ubuntu/apps/election-app/win_prob/H/NE/03/data_output.csv
[skip]    /home/ubuntu/apps/election-app/win_prob/H/NE/03/data_output_with_margins_old.csv
[skip]    /home/ubuntu/apps/election-app/win_prob/H/NE/03/data_output_with_margins.csv
[skip]    /home/ubuntu/apps/election-app/win_prob/H/NE/03/data_output_with_margins-statewide.csv
[deleted] /home/ubuntu/apps/election-app/win_prob/H/NE/03/snapshots_NE.csv
[deleted] /home/ubuntu/apps/election-app/win_prob/H/NE/03/data_output_NE_with_margins.csv
[deleted] /home/ubuntu/apps/election-app/win_prob/H/NE/03/data_output_NE.csv
[deleted] /home/ubuntu/apps/election-app/win_prob/H/NE/03/data_output_NE_with_margins_statewide_eevp.csv
[deleted] /home/ubuntu/apps/election-app/win_prob/H/NE/03/data_output_NE.csv.checkpoint.json
[deleted] /home/ubuntu/apps/election-app/win_prob/H/NE/03/stats.csv
[deleted] /home/ubuntu/apps/election-app/win_prob/H/NE/03/stats2.csv
[done] removed 16 file(s)
[2026-01-23 14:37:16] INFO: [PIPELINE] args: office=H state=NE district=03
[2026-01-23 14:37:16] INFO: [PIPELINE] WINPROB_DIR resolved to: /home/ubuntu/apps/election-app/win_prob/H/NE/03
[2026-01-23 14:37:16] INFO: [PIPELINE] OUTDIR set to: /home/ubuntu/apps/election-app/win_prob/H/NE/03

$ /home/ubuntu/.venv/bin/python3 /home/ubuntu/apps/election-app/stats/1-statewide.py --input /home/ubuntu/apps/election-app/win_prob/H/NE/03/stats.csv --output /home/ubuntu/apps/election-app/win_prob/H/NE/03/_work/stats_with_statewide.csv
Wrote /home/ubuntu/apps/election-app/win_prob/H/NE/03/_work/stats_with_statewide.csv (rows=80)

$ /home/ubuntu/.venv/bin/python3 /home/ubuntu/apps/election-app/stats/1-stats-2.py --input /home/ubuntu/apps/election-app/win_prob/H/NE/03/stats2.csv --output /home/ubuntu/apps/election-app/win_prob/H/NE/03/_work/stats2_final_headers.csv
Wrote /home/ubuntu/apps/election-app/win_prob/H/NE/03/_work/stats2_final_headers.csv (rows=80)

$ /home/ubuntu/.venv/bin/python3 /home/ubuntu/apps/election-app/stats/1-append-new.py
Wrote 2024_county_results_with_final-old.csv (rows=80, missing_final_matches=0)

$ /home/ubuntu/.venv/bin/python3 /home/ubuntu/apps/election-app/stats/1-change_header.py
Wrote: 2024_county_results_with_final.csv

$ /home/ubuntu/.venv/bin/python3 /home/ubuntu/apps/election-app/stats/1-cut-zero-fips.py
Wrote: 2024_county_results_with_final_1.csv
Rows before: 80
Rows after:  80
Dropped (fips == 0): 0

$ /home/ubuntu/.venv/bin/python3 /home/ubuntu/apps/election-app/stats/2-calc.py
Wrote 80 rows with calculations to /home/ubuntu/apps/election-app/win_prob/H/NE/03/_work/2024_county_results_with_calcs-old.csv

$ /home/ubuntu/.venv/bin/python3 /home/ubuntu/apps/election-app/stats/2-eevp.py
Wrote (no-op copy): 2024_county_results_with_calcs.csv
Columns:
 - timestamp
 - state
 - county
 - fips
 - trump_votes
 - harris_votes
 - other_votes
 - eevp
 - state_eevp
 - harris_votes_statewide
 - trump_votes_statewide
 - other_votes_statewide
 - final_state
 - final_county
 - final_fips
 - final_trump_votes
 - final_harris_votes
 - final_other_votes
 - harris_percent_snapshot
 - trump_percent_snapshot
 - margin_snapshot
 - harris_percent_final
 - trump_percent_final
 - margin_final
 - margin_difference
 - margin_difference_abs

$ /home/ubuntu/.venv/bin/python3 /home/ubuntu/apps/election-app/stats/3-calc-new.py
Wrote 80 rows with new columns to /home/ubuntu/apps/election-app/win_prob/H/NE/03/_work/2024_county_results_with_calcs_new.csv

$ /home/ubuntu/.venv/bin/python3 /home/ubuntu/apps/election-app/stats/4-stats.py
Reading 2024_county_results_with_calcs_new.csv...
Aggregating statewide totals...
Calculating percentages and margins...
Writing to output_statewide_stats.csv...
Done!
[2026-01-23 14:37:25] INFO: [PIPELINE] ENTER win-prob generation | states=['NE'] ts_list=['2024-11-05T15-30-22']

============================================================================
[01/1] STATE = NE
============================================================================

$ /home/ubuntu/.venv/bin/python3 /home/ubuntu/apps/election-app/stats/5-snapshots.py --state NE --input /home/ubuntu/apps/election-app/win_prob/H/NE/03/_work/output_statewide_stats.csv --output /home/ubuntu/apps/election-app/win_prob/H/NE/03/snapshots_NE.csv --start 2024-11-05T15-30-22 --end 2024-11-05T15-30-22 --use-window 1 --interval 30
Mode: windowed-one-state
Rows written: 80
Distinct states in output: NE
Rows per normalized timestamp (empty = unparseable):
  2024-11-05T15-30-22: 80
Wrote /home/ubuntu/apps/election-app/win_prob/H/NE/03/snapshots_NE.csv

$ /home/ubuntu/.venv/bin/python3 /home/ubuntu/apps/election-app/stats/6-pval.py /home/ubuntu/apps/election-app/win_prob/H/NE/03/snapshots_NE.csv -t /home/ubuntu/apps/election-app/stats/parameters.csv -o /home/ubuntu/apps/election-app/win_prob/H/NE/03/data_output_NE.csv -c 50
Done. Wrote: /home/ubuntu/apps/election-app/win_prob/H/NE/03/data_output_NE.csv
Total rows: 80 (chunked, resumable).
Computed columns for PVALS = [0.01, 0.1, 1, 2, 3, 5, 10, 15, 20, 25, 30, 35, 40, 45, 50, 55, 60, 65, 70, 75, 80, 85, 90, 95, 97, 98, 99, 99.9, 99.99]
Per p (leader): shift_{p}, margin_new_{p}, harris_percent_new_{p}, trump_percent_new_{p}, total_snapshot_{p}, total_expected_{p}, harris_votes_new_{p}, trump_votes_new_{p}
Per p (trailing): shift_trailing_{p}, margin_new_{p}_trailing, harris_percent_new_{p}_trailing, trump_percent_new_{p}_trailing, total_snapshot_{p}_trailing, total_expected_{p}_trailing, harris_votes_new_{p}_trailing, trump_votes_new_{p}_trailing
Checkpoint saved at: /home/ubuntu/apps/election-app/win_prob/H/NE/03/data_output_NE.csv.checkpoint.json

$ /home/ubuntu/.venv/bin/python3 /home/ubuntu/apps/election-app/stats/7-margin-new.py
Wrote data_output_with_margins_old.csv

$ /home/ubuntu/.venv/bin/python3 /home/ubuntu/apps/election-app/stats/7-eevp-statewide.py
Wrote data_output_with_margins.csv (copied from data_output_with_margins_old.csv)

$ /home/ubuntu/.venv/bin/python3 /home/ubuntu/apps/election-app/stats/7.py --input /home/ubuntu/apps/election-app/win_prob/H/NE/03/data_output_NE_with_margins_statewide_eevp.csv --output /home/ubuntu/apps/election-app/win_prob/H/NE/03/statewide_margin_pct_vs_percent_NE_2026.png --state NE --start 2024-11-05T15-30-22 --end 2024-11-05T15-30-22 --stats /home/ubuntu/apps/election-app/win_prob/H/NE/03/stats.csv --stats2 /home/ubuntu/apps/election-app/win_prob/H/NE/03/stats2.csv --interval 30 --year 2026 --jsonl /home/ubuntu/apps/election-app/win_prob/H/NE/03/plotdata_NE_2026_2026-01-23T14-37-16.jsonl
[info] evaluating 1 timestamps from 2024-11-05T15-30-22 to 2024-11-05T15-30-22 every 30 minutes
[saved] probs_timeseries_NE.csv  (1 points)
[saved] /home/ubuntu/apps/election-app/win_prob/H/NE/03/plotdata_NE_2026_2026-01-23T14-37-16.jsonl  (4 points)
[saved] /home/ubuntu/apps/election-app/win_prob/H/NE/03/statewide_margin_pct_vs_percent_NE_2026_box.json
[saved] /home/ubuntu/apps/election-app/win_prob/H/NE/03/statewide_margin_pct_vs_percent_NE_2026_box.png
[saved] /home/ubuntu/apps/election-app/win_prob/H/NE/03/statewide_margin_pct_vs_percent_NE_2026.png

All 50 states complete. See: /home/ubuntu/apps/election-app/win_prob/H/NE/03

$ /home/ubuntu/.venv/bin/python3 /home/ubuntu/apps/election-app/stats/8.py --root /home/ubuntu/apps/election-app/win_prob/H/NE/03/_work --outdir /home/ubuntu/apps/election-app/win_prob/H/NE/03
[info] root  = /home/ubuntu/apps/election-app/win_prob/H/NE/03/_work
[info] outdir= /home/ubuntu/apps/election-app/win_prob/H/NE/03
[deleted] /home/ubuntu/apps/election-app/win_prob/H/NE/03/_work/stats_with_statewide.csv
[deleted] /home/ubuntu/apps/election-app/win_prob/H/NE/03/_work/stats2_final_headers.csv
[deleted] /home/ubuntu/apps/election-app/win_prob/H/NE/03/_work/2024_county_results_with_final-old.csv
[deleted] /home/ubuntu/apps/election-app/win_prob/H/NE/03/_work/2024_county_results_with_final.csv
[deleted] /home/ubuntu/apps/election-app/win_prob/H/NE/03/_work/2024_county_results_with_final_1.csv
[deleted] /home/ubuntu/apps/election-app/win_prob/H/NE/03/_work/2024_county_results_with_calcs-old.csv
[deleted] /home/ubuntu/apps/election-app/win_prob/H/NE/03/_work/2024_county_results_with_calcs_new.csv
[deleted] /home/ubuntu/apps/election-app/win_prob/H/NE/03/_work/output_statewide_stats.csv
[skip]    /home/ubuntu/apps/election-app/win_prob/H/NE/03/_work/probs_timeseries_PA.csv
[deleted] /home/ubuntu/apps/election-app/win_prob/H/NE/03/_work/2024_county_results_with_calcs.csv
[skip]    /home/ubuntu/apps/election-app/win_prob/H/NE/03/data_output.csv
[skip]    /home/ubuntu/apps/election-app/win_prob/H/NE/03/data_output_with_margins_old.csv
[skip]    /home/ubuntu/apps/election-app/win_prob/H/NE/03/data_output_with_margins.csv
[skip]    /home/ubuntu/apps/election-app/win_prob/H/NE/03/data_output_with_margins-statewide.csv
[deleted] /home/ubuntu/apps/election-app/win_prob/H/NE/03/snapshots_NE.csv
[deleted] /home/ubuntu/apps/election-app/win_prob/H/NE/03/data_output_NE_with_margins.csv
[deleted] /home/ubuntu/apps/election-app/win_prob/H/NE/03/data_output_NE.csv
[deleted] /home/ubuntu/apps/election-app/win_prob/H/NE/03/data_output_NE_with_margins_statewide_eevp.csv
[deleted] /home/ubuntu/apps/election-app/win_prob/H/NE/03/data_output_NE.csv.checkpoint.json
[deleted] /home/ubuntu/apps/election-app/win_prob/H/NE/03/stats.csv
[deleted] /home/ubuntu/apps/election-app/win_prob/H/NE/03/stats2.csv
[done] removed 16 file(s)
[2026-01-23 14:44:17] INFO: [PIPELINE] args: office=H state=NE district=03
[2026-01-23 14:44:17] INFO: [PIPELINE] WINPROB_DIR resolved to: /home/ubuntu/apps/election-app/win_prob/H/NE/03
[2026-01-23 14:44:17] INFO: [PIPELINE] OUTDIR set to: /home/ubuntu/apps/election-app/win_prob/H/NE/03

$ /home/ubuntu/.venv/bin/python3 /home/ubuntu/apps/election-app/stats/1-statewide.py --input /home/ubuntu/apps/election-app/win_prob/H/NE/03/stats.csv --output /home/ubuntu/apps/election-app/win_prob/H/NE/03/_work/stats_with_statewide.csv
Wrote /home/ubuntu/apps/election-app/win_prob/H/NE/03/_work/stats_with_statewide.csv (rows=80)

$ /home/ubuntu/.venv/bin/python3 /home/ubuntu/apps/election-app/stats/1-stats-2.py --input /home/ubuntu/apps/election-app/win_prob/H/NE/03/stats2.csv --output /home/ubuntu/apps/election-app/win_prob/H/NE/03/_work/stats2_final_headers.csv
Wrote /home/ubuntu/apps/election-app/win_prob/H/NE/03/_work/stats2_final_headers.csv (rows=80)

$ /home/ubuntu/.venv/bin/python3 /home/ubuntu/apps/election-app/stats/1-append-new.py
Wrote 2024_county_results_with_final-old.csv (rows=80, missing_final_matches=0)

$ /home/ubuntu/.venv/bin/python3 /home/ubuntu/apps/election-app/stats/1-change_header.py
Wrote: 2024_county_results_with_final.csv

$ /home/ubuntu/.venv/bin/python3 /home/ubuntu/apps/election-app/stats/1-cut-zero-fips.py
Wrote: 2024_county_results_with_final_1.csv
Rows before: 80
Rows after:  80
Dropped (fips == 0): 0

$ /home/ubuntu/.venv/bin/python3 /home/ubuntu/apps/election-app/stats/2-calc.py
Wrote 80 rows with calculations to /home/ubuntu/apps/election-app/win_prob/H/NE/03/_work/2024_county_results_with_calcs-old.csv

$ /home/ubuntu/.venv/bin/python3 /home/ubuntu/apps/election-app/stats/2-eevp.py
Wrote (no-op copy): 2024_county_results_with_calcs.csv
Columns:
 - timestamp
 - state
 - county
 - fips
 - trump_votes
 - harris_votes
 - other_votes
 - eevp
 - state_eevp
 - harris_votes_statewide
 - trump_votes_statewide
 - other_votes_statewide
 - final_state
 - final_county
 - final_fips
 - final_trump_votes
 - final_harris_votes
 - final_other_votes
 - harris_percent_snapshot
 - trump_percent_snapshot
 - margin_snapshot
 - harris_percent_final
 - trump_percent_final
 - margin_final
 - margin_difference
 - margin_difference_abs

$ /home/ubuntu/.venv/bin/python3 /home/ubuntu/apps/election-app/stats/3-calc-new.py
Wrote 80 rows with new columns to /home/ubuntu/apps/election-app/win_prob/H/NE/03/_work/2024_county_results_with_calcs_new.csv

$ /home/ubuntu/.venv/bin/python3 /home/ubuntu/apps/election-app/stats/4-stats.py
Reading 2024_county_results_with_calcs_new.csv...
Aggregating statewide totals...
Calculating percentages and margins...
Writing to output_statewide_stats.csv...
Done!
[2026-01-23 14:44:26] INFO: [PIPELINE] ENTER win-prob generation | states=['NE'] ts_list=['2024-11-05T15-30-22']

============================================================================
[01/1] STATE = NE
============================================================================

$ /home/ubuntu/.venv/bin/python3 /home/ubuntu/apps/election-app/stats/5-snapshots.py --state NE --input /home/ubuntu/apps/election-app/win_prob/H/NE/03/_work/output_statewide_stats.csv --output /home/ubuntu/apps/election-app/win_prob/H/NE/03/snapshots_NE.csv --start 2024-11-05T15-30-22 --end 2024-11-05T15-30-22 --use-window 1 --interval 30
Mode: windowed-one-state
Rows written: 80
Distinct states in output: NE
Rows per normalized timestamp (empty = unparseable):
  2024-11-05T15-30-22: 80
Wrote /home/ubuntu/apps/election-app/win_prob/H/NE/03/snapshots_NE.csv

$ /home/ubuntu/.venv/bin/python3 /home/ubuntu/apps/election-app/stats/6-pval.py /home/ubuntu/apps/election-app/win_prob/H/NE/03/snapshots_NE.csv -t /home/ubuntu/apps/election-app/stats/parameters.csv -o /home/ubuntu/apps/election-app/win_prob/H/NE/03/data_output_NE.csv -c 50
Done. Wrote: /home/ubuntu/apps/election-app/win_prob/H/NE/03/data_output_NE.csv
Total rows: 80 (chunked, resumable).
Computed columns for PVALS = [0.01, 0.1, 1, 2, 3, 5, 10, 15, 20, 25, 30, 35, 40, 45, 50, 55, 60, 65, 70, 75, 80, 85, 90, 95, 97, 98, 99, 99.9, 99.99]
Per p (leader): shift_{p}, margin_new_{p}, harris_percent_new_{p}, trump_percent_new_{p}, total_snapshot_{p}, total_expected_{p}, harris_votes_new_{p}, trump_votes_new_{p}
Per p (trailing): shift_trailing_{p}, margin_new_{p}_trailing, harris_percent_new_{p}_trailing, trump_percent_new_{p}_trailing, total_snapshot_{p}_trailing, total_expected_{p}_trailing, harris_votes_new_{p}_trailing, trump_votes_new_{p}_trailing
Checkpoint saved at: /home/ubuntu/apps/election-app/win_prob/H/NE/03/data_output_NE.csv.checkpoint.json

$ /home/ubuntu/.venv/bin/python3 /home/ubuntu/apps/election-app/stats/7-margin-new.py
Wrote data_output_with_margins_old.csv

$ /home/ubuntu/.venv/bin/python3 /home/ubuntu/apps/election-app/stats/7-eevp-statewide.py
Wrote data_output_with_margins.csv (copied from data_output_with_margins_old.csv)

$ /home/ubuntu/.venv/bin/python3 /home/ubuntu/apps/election-app/stats/7.py --input /home/ubuntu/apps/election-app/win_prob/H/NE/03/data_output_NE_with_margins_statewide_eevp.csv --output /home/ubuntu/apps/election-app/win_prob/H/NE/03/statewide_margin_pct_vs_percent_NE_2026.png --state NE --start 2024-11-05T15-30-22 --end 2024-11-05T15-30-22 --stats /home/ubuntu/apps/election-app/win_prob/H/NE/03/stats.csv --stats2 /home/ubuntu/apps/election-app/win_prob/H/NE/03/stats2.csv --interval 30 --year 2026 --jsonl /home/ubuntu/apps/election-app/win_prob/H/NE/03/plotdata_NE_2026_2026-01-23T14-44-17.jsonl
[info] evaluating 1 timestamps from 2024-11-05T15-30-22 to 2024-11-05T15-30-22 every 30 minutes
[saved] probs_timeseries_NE.csv  (1 points)
[saved] /home/ubuntu/apps/election-app/win_prob/H/NE/03/plotdata_NE_2026_2026-01-23T14-44-17.jsonl  (4 points)
[saved] /home/ubuntu/apps/election-app/win_prob/H/NE/03/statewide_margin_pct_vs_percent_NE_2026_box.json
[saved] /home/ubuntu/apps/election-app/win_prob/H/NE/03/statewide_margin_pct_vs_percent_NE_2026_box.png
[saved] /home/ubuntu/apps/election-app/win_prob/H/NE/03/statewide_margin_pct_vs_percent_NE_2026.png

All 50 states complete. See: /home/ubuntu/apps/election-app/win_prob/H/NE/03

$ /home/ubuntu/.venv/bin/python3 /home/ubuntu/apps/election-app/stats/8.py --root /home/ubuntu/apps/election-app/win_prob/H/NE/03/_work --outdir /home/ubuntu/apps/election-app/win_prob/H/NE/03
[info] root  = /home/ubuntu/apps/election-app/win_prob/H/NE/03/_work
[info] outdir= /home/ubuntu/apps/election-app/win_prob/H/NE/03
[deleted] /home/ubuntu/apps/election-app/win_prob/H/NE/03/_work/stats_with_statewide.csv
[deleted] /home/ubuntu/apps/election-app/win_prob/H/NE/03/_work/stats2_final_headers.csv
[deleted] /home/ubuntu/apps/election-app/win_prob/H/NE/03/_work/2024_county_results_with_final-old.csv
[deleted] /home/ubuntu/apps/election-app/win_prob/H/NE/03/_work/2024_county_results_with_final.csv
[deleted] /home/ubuntu/apps/election-app/win_prob/H/NE/03/_work/2024_county_results_with_final_1.csv
[deleted] /home/ubuntu/apps/election-app/win_prob/H/NE/03/_work/2024_county_results_with_calcs-old.csv
[deleted] /home/ubuntu/apps/election-app/win_prob/H/NE/03/_work/2024_county_results_with_calcs_new.csv
[deleted] /home/ubuntu/apps/election-app/win_prob/H/NE/03/_work/output_statewide_stats.csv
[skip]    /home/ubuntu/apps/election-app/win_prob/H/NE/03/_work/probs_timeseries_PA.csv
[deleted] /home/ubuntu/apps/election-app/win_prob/H/NE/03/_work/2024_county_results_with_calcs.csv
[skip]    /home/ubuntu/apps/election-app/win_prob/H/NE/03/data_output.csv
[skip]    /home/ubuntu/apps/election-app/win_prob/H/NE/03/data_output_with_margins_old.csv
[skip]    /home/ubuntu/apps/election-app/win_prob/H/NE/03/data_output_with_margins.csv
[skip]    /home/ubuntu/apps/election-app/win_prob/H/NE/03/data_output_with_margins-statewide.csv
[deleted] /home/ubuntu/apps/election-app/win_prob/H/NE/03/snapshots_NE.csv
[deleted] /home/ubuntu/apps/election-app/win_prob/H/NE/03/data_output_NE_with_margins.csv
[deleted] /home/ubuntu/apps/election-app/win_prob/H/NE/03/data_output_NE.csv
[deleted] /home/ubuntu/apps/election-app/win_prob/H/NE/03/data_output_NE_with_margins_statewide_eevp.csv
[deleted] /home/ubuntu/apps/election-app/win_prob/H/NE/03/data_output_NE.csv.checkpoint.json
[deleted] /home/ubuntu/apps/election-app/win_prob/H/NE/03/stats.csv
[deleted] /home/ubuntu/apps/election-app/win_prob/H/NE/03/stats2.csv
[done] removed 16 file(s)
[2026-01-23 14:51:19] INFO: [PIPELINE] args: office=H state=NE district=03
[2026-01-23 14:51:19] INFO: [PIPELINE] WINPROB_DIR resolved to: /home/ubuntu/apps/election-app/win_prob/H/NE/03
[2026-01-23 14:51:19] INFO: [PIPELINE] OUTDIR set to: /home/ubuntu/apps/election-app/win_prob/H/NE/03

$ /home/ubuntu/.venv/bin/python3 /home/ubuntu/apps/election-app/stats/1-statewide.py --input /home/ubuntu/apps/election-app/win_prob/H/NE/03/stats.csv --output /home/ubuntu/apps/election-app/win_prob/H/NE/03/_work/stats_with_statewide.csv
Wrote /home/ubuntu/apps/election-app/win_prob/H/NE/03/_work/stats_with_statewide.csv (rows=80)

$ /home/ubuntu/.venv/bin/python3 /home/ubuntu/apps/election-app/stats/1-stats-2.py --input /home/ubuntu/apps/election-app/win_prob/H/NE/03/stats2.csv --output /home/ubuntu/apps/election-app/win_prob/H/NE/03/_work/stats2_final_headers.csv
Wrote /home/ubuntu/apps/election-app/win_prob/H/NE/03/_work/stats2_final_headers.csv (rows=80)

$ /home/ubuntu/.venv/bin/python3 /home/ubuntu/apps/election-app/stats/1-append-new.py
Wrote 2024_county_results_with_final-old.csv (rows=80, missing_final_matches=0)

$ /home/ubuntu/.venv/bin/python3 /home/ubuntu/apps/election-app/stats/1-change_header.py
Wrote: 2024_county_results_with_final.csv

$ /home/ubuntu/.venv/bin/python3 /home/ubuntu/apps/election-app/stats/1-cut-zero-fips.py
Wrote: 2024_county_results_with_final_1.csv
Rows before: 80
Rows after:  80
Dropped (fips == 0): 0

$ /home/ubuntu/.venv/bin/python3 /home/ubuntu/apps/election-app/stats/2-calc.py
Wrote 80 rows with calculations to /home/ubuntu/apps/election-app/win_prob/H/NE/03/_work/2024_county_results_with_calcs-old.csv

$ /home/ubuntu/.venv/bin/python3 /home/ubuntu/apps/election-app/stats/2-eevp.py
Wrote (no-op copy): 2024_county_results_with_calcs.csv
Columns:
 - timestamp
 - state
 - county
 - fips
 - trump_votes
 - harris_votes
 - other_votes
 - eevp
 - state_eevp
 - harris_votes_statewide
 - trump_votes_statewide
 - other_votes_statewide
 - final_state
 - final_county
 - final_fips
 - final_trump_votes
 - final_harris_votes
 - final_other_votes
 - harris_percent_snapshot
 - trump_percent_snapshot
 - margin_snapshot
 - harris_percent_final
 - trump_percent_final
 - margin_final
 - margin_difference
 - margin_difference_abs

$ /home/ubuntu/.venv/bin/python3 /home/ubuntu/apps/election-app/stats/3-calc-new.py
Wrote 80 rows with new columns to /home/ubuntu/apps/election-app/win_prob/H/NE/03/_work/2024_county_results_with_calcs_new.csv

$ /home/ubuntu/.venv/bin/python3 /home/ubuntu/apps/election-app/stats/4-stats.py
Reading 2024_county_results_with_calcs_new.csv...
Aggregating statewide totals...
Calculating percentages and margins...
Writing to output_statewide_stats.csv...
Done!
[2026-01-23 14:51:28] INFO: [PIPELINE] ENTER win-prob generation | states=['NE'] ts_list=['2024-11-05T15-30-22']

============================================================================
[01/1] STATE = NE
============================================================================

$ /home/ubuntu/.venv/bin/python3 /home/ubuntu/apps/election-app/stats/5-snapshots.py --state NE --input /home/ubuntu/apps/election-app/win_prob/H/NE/03/_work/output_statewide_stats.csv --output /home/ubuntu/apps/election-app/win_prob/H/NE/03/snapshots_NE.csv --start 2024-11-05T15-30-22 --end 2024-11-05T15-30-22 --use-window 1 --interval 30
Mode: windowed-one-state
Rows written: 80
Distinct states in output: NE
Rows per normalized timestamp (empty = unparseable):
  2024-11-05T15-30-22: 80
Wrote /home/ubuntu/apps/election-app/win_prob/H/NE/03/snapshots_NE.csv

$ /home/ubuntu/.venv/bin/python3 /home/ubuntu/apps/election-app/stats/6-pval.py /home/ubuntu/apps/election-app/win_prob/H/NE/03/snapshots_NE.csv -t /home/ubuntu/apps/election-app/stats/parameters.csv -o /home/ubuntu/apps/election-app/win_prob/H/NE/03/data_output_NE.csv -c 50
Done. Wrote: /home/ubuntu/apps/election-app/win_prob/H/NE/03/data_output_NE.csv
Total rows: 80 (chunked, resumable).
Computed columns for PVALS = [0.01, 0.1, 1, 2, 3, 5, 10, 15, 20, 25, 30, 35, 40, 45, 50, 55, 60, 65, 70, 75, 80, 85, 90, 95, 97, 98, 99, 99.9, 99.99]
Per p (leader): shift_{p}, margin_new_{p}, harris_percent_new_{p}, trump_percent_new_{p}, total_snapshot_{p}, total_expected_{p}, harris_votes_new_{p}, trump_votes_new_{p}
Per p (trailing): shift_trailing_{p}, margin_new_{p}_trailing, harris_percent_new_{p}_trailing, trump_percent_new_{p}_trailing, total_snapshot_{p}_trailing, total_expected_{p}_trailing, harris_votes_new_{p}_trailing, trump_votes_new_{p}_trailing
Checkpoint saved at: /home/ubuntu/apps/election-app/win_prob/H/NE/03/data_output_NE.csv.checkpoint.json

$ /home/ubuntu/.venv/bin/python3 /home/ubuntu/apps/election-app/stats/7-margin-new.py
Wrote data_output_with_margins_old.csv

$ /home/ubuntu/.venv/bin/python3 /home/ubuntu/apps/election-app/stats/7-eevp-statewide.py
Wrote data_output_with_margins.csv (copied from data_output_with_margins_old.csv)

$ /home/ubuntu/.venv/bin/python3 /home/ubuntu/apps/election-app/stats/7.py --input /home/ubuntu/apps/election-app/win_prob/H/NE/03/data_output_NE_with_margins_statewide_eevp.csv --output /home/ubuntu/apps/election-app/win_prob/H/NE/03/statewide_margin_pct_vs_percent_NE_2026.png --state NE --start 2024-11-05T15-30-22 --end 2024-11-05T15-30-22 --stats /home/ubuntu/apps/election-app/win_prob/H/NE/03/stats.csv --stats2 /home/ubuntu/apps/election-app/win_prob/H/NE/03/stats2.csv --interval 30 --year 2026 --jsonl /home/ubuntu/apps/election-app/win_prob/H/NE/03/plotdata_NE_2026_2026-01-23T14-51-19.jsonl
[info] evaluating 1 timestamps from 2024-11-05T15-30-22 to 2024-11-05T15-30-22 every 30 minutes
[saved] probs_timeseries_NE.csv  (1 points)
[saved] /home/ubuntu/apps/election-app/win_prob/H/NE/03/plotdata_NE_2026_2026-01-23T14-51-19.jsonl  (4 points)
[saved] /home/ubuntu/apps/election-app/win_prob/H/NE/03/statewide_margin_pct_vs_percent_NE_2026_box.json
[saved] /home/ubuntu/apps/election-app/win_prob/H/NE/03/statewide_margin_pct_vs_percent_NE_2026_box.png
[saved] /home/ubuntu/apps/election-app/win_prob/H/NE/03/statewide_margin_pct_vs_percent_NE_2026.png

All 50 states complete. See: /home/ubuntu/apps/election-app/win_prob/H/NE/03

$ /home/ubuntu/.venv/bin/python3 /home/ubuntu/apps/election-app/stats/8.py --root /home/ubuntu/apps/election-app/win_prob/H/NE/03/_work --outdir /home/ubuntu/apps/election-app/win_prob/H/NE/03
[info] root  = /home/ubuntu/apps/election-app/win_prob/H/NE/03/_work
[info] outdir= /home/ubuntu/apps/election-app/win_prob/H/NE/03
[deleted] /home/ubuntu/apps/election-app/win_prob/H/NE/03/_work/stats_with_statewide.csv
[deleted] /home/ubuntu/apps/election-app/win_prob/H/NE/03/_work/stats2_final_headers.csv
[deleted] /home/ubuntu/apps/election-app/win_prob/H/NE/03/_work/2024_county_results_with_final-old.csv
[deleted] /home/ubuntu/apps/election-app/win_prob/H/NE/03/_work/2024_county_results_with_final.csv
[deleted] /home/ubuntu/apps/election-app/win_prob/H/NE/03/_work/2024_county_results_with_final_1.csv
[deleted] /home/ubuntu/apps/election-app/win_prob/H/NE/03/_work/2024_county_results_with_calcs-old.csv
[deleted] /home/ubuntu/apps/election-app/win_prob/H/NE/03/_work/2024_county_results_with_calcs_new.csv
[deleted] /home/ubuntu/apps/election-app/win_prob/H/NE/03/_work/output_statewide_stats.csv
[skip]    /home/ubuntu/apps/election-app/win_prob/H/NE/03/_work/probs_timeseries_PA.csv
[deleted] /home/ubuntu/apps/election-app/win_prob/H/NE/03/_work/2024_county_results_with_calcs.csv
[skip]    /home/ubuntu/apps/election-app/win_prob/H/NE/03/data_output.csv
[skip]    /home/ubuntu/apps/election-app/win_prob/H/NE/03/data_output_with_margins_old.csv
[skip]    /home/ubuntu/apps/election-app/win_prob/H/NE/03/data_output_with_margins.csv
[skip]    /home/ubuntu/apps/election-app/win_prob/H/NE/03/data_output_with_margins-statewide.csv
[deleted] /home/ubuntu/apps/election-app/win_prob/H/NE/03/snapshots_NE.csv
[deleted] /home/ubuntu/apps/election-app/win_prob/H/NE/03/data_output_NE_with_margins.csv
[deleted] /home/ubuntu/apps/election-app/win_prob/H/NE/03/data_output_NE.csv
[deleted] /home/ubuntu/apps/election-app/win_prob/H/NE/03/data_output_NE_with_margins_statewide_eevp.csv
[deleted] /home/ubuntu/apps/election-app/win_prob/H/NE/03/data_output_NE.csv.checkpoint.json
[deleted] /home/ubuntu/apps/election-app/win_prob/H/NE/03/stats.csv
[deleted] /home/ubuntu/apps/election-app/win_prob/H/NE/03/stats2.csv
[done] removed 16 file(s)
[2026-01-23 14:58:21] INFO: [PIPELINE] args: office=H state=NE district=03
[2026-01-23 14:58:21] INFO: [PIPELINE] WINPROB_DIR resolved to: /home/ubuntu/apps/election-app/win_prob/H/NE/03
[2026-01-23 14:58:21] INFO: [PIPELINE] OUTDIR set to: /home/ubuntu/apps/election-app/win_prob/H/NE/03

$ /home/ubuntu/.venv/bin/python3 /home/ubuntu/apps/election-app/stats/1-statewide.py --input /home/ubuntu/apps/election-app/win_prob/H/NE/03/stats.csv --output /home/ubuntu/apps/election-app/win_prob/H/NE/03/_work/stats_with_statewide.csv
Wrote /home/ubuntu/apps/election-app/win_prob/H/NE/03/_work/stats_with_statewide.csv (rows=80)

$ /home/ubuntu/.venv/bin/python3 /home/ubuntu/apps/election-app/stats/1-stats-2.py --input /home/ubuntu/apps/election-app/win_prob/H/NE/03/stats2.csv --output /home/ubuntu/apps/election-app/win_prob/H/NE/03/_work/stats2_final_headers.csv
Wrote /home/ubuntu/apps/election-app/win_prob/H/NE/03/_work/stats2_final_headers.csv (rows=80)

$ /home/ubuntu/.venv/bin/python3 /home/ubuntu/apps/election-app/stats/1-append-new.py
Wrote 2024_county_results_with_final-old.csv (rows=80, missing_final_matches=0)

$ /home/ubuntu/.venv/bin/python3 /home/ubuntu/apps/election-app/stats/1-change_header.py
Wrote: 2024_county_results_with_final.csv

$ /home/ubuntu/.venv/bin/python3 /home/ubuntu/apps/election-app/stats/1-cut-zero-fips.py
Wrote: 2024_county_results_with_final_1.csv
Rows before: 80
Rows after:  80
Dropped (fips == 0): 0

$ /home/ubuntu/.venv/bin/python3 /home/ubuntu/apps/election-app/stats/2-calc.py
Wrote 80 rows with calculations to /home/ubuntu/apps/election-app/win_prob/H/NE/03/_work/2024_county_results_with_calcs-old.csv

$ /home/ubuntu/.venv/bin/python3 /home/ubuntu/apps/election-app/stats/2-eevp.py
Wrote (no-op copy): 2024_county_results_with_calcs.csv
Columns:
 - timestamp
 - state
 - county
 - fips
 - trump_votes
 - harris_votes
 - other_votes
 - eevp
 - state_eevp
 - harris_votes_statewide
 - trump_votes_statewide
 - other_votes_statewide
 - final_state
 - final_county
 - final_fips
 - final_trump_votes
 - final_harris_votes
 - final_other_votes
 - harris_percent_snapshot
 - trump_percent_snapshot
 - margin_snapshot
 - harris_percent_final
 - trump_percent_final
 - margin_final
 - margin_difference
 - margin_difference_abs

$ /home/ubuntu/.venv/bin/python3 /home/ubuntu/apps/election-app/stats/3-calc-new.py
Wrote 80 rows with new columns to /home/ubuntu/apps/election-app/win_prob/H/NE/03/_work/2024_county_results_with_calcs_new.csv

$ /home/ubuntu/.venv/bin/python3 /home/ubuntu/apps/election-app/stats/4-stats.py
Reading 2024_county_results_with_calcs_new.csv...
Aggregating statewide totals...
Calculating percentages and margins...
Writing to output_statewide_stats.csv...
Done!
[2026-01-23 14:58:30] INFO: [PIPELINE] ENTER win-prob generation | states=['NE'] ts_list=['2024-11-05T15-30-22']

============================================================================
[01/1] STATE = NE
============================================================================

$ /home/ubuntu/.venv/bin/python3 /home/ubuntu/apps/election-app/stats/5-snapshots.py --state NE --input /home/ubuntu/apps/election-app/win_prob/H/NE/03/_work/output_statewide_stats.csv --output /home/ubuntu/apps/election-app/win_prob/H/NE/03/snapshots_NE.csv --start 2024-11-05T15-30-22 --end 2024-11-05T15-30-22 --use-window 1 --interval 30
Mode: windowed-one-state
Rows written: 80
Distinct states in output: NE
Rows per normalized timestamp (empty = unparseable):
  2024-11-05T15-30-22: 80
Wrote /home/ubuntu/apps/election-app/win_prob/H/NE/03/snapshots_NE.csv

$ /home/ubuntu/.venv/bin/python3 /home/ubuntu/apps/election-app/stats/6-pval.py /home/ubuntu/apps/election-app/win_prob/H/NE/03/snapshots_NE.csv -t /home/ubuntu/apps/election-app/stats/parameters.csv -o /home/ubuntu/apps/election-app/win_prob/H/NE/03/data_output_NE.csv -c 50
Done. Wrote: /home/ubuntu/apps/election-app/win_prob/H/NE/03/data_output_NE.csv
Total rows: 80 (chunked, resumable).
Computed columns for PVALS = [0.01, 0.1, 1, 2, 3, 5, 10, 15, 20, 25, 30, 35, 40, 45, 50, 55, 60, 65, 70, 75, 80, 85, 90, 95, 97, 98, 99, 99.9, 99.99]
Per p (leader): shift_{p}, margin_new_{p}, harris_percent_new_{p}, trump_percent_new_{p}, total_snapshot_{p}, total_expected_{p}, harris_votes_new_{p}, trump_votes_new_{p}
Per p (trailing): shift_trailing_{p}, margin_new_{p}_trailing, harris_percent_new_{p}_trailing, trump_percent_new_{p}_trailing, total_snapshot_{p}_trailing, total_expected_{p}_trailing, harris_votes_new_{p}_trailing, trump_votes_new_{p}_trailing
Checkpoint saved at: /home/ubuntu/apps/election-app/win_prob/H/NE/03/data_output_NE.csv.checkpoint.json

$ /home/ubuntu/.venv/bin/python3 /home/ubuntu/apps/election-app/stats/7-margin-new.py
Wrote data_output_with_margins_old.csv

$ /home/ubuntu/.venv/bin/python3 /home/ubuntu/apps/election-app/stats/7-eevp-statewide.py
Wrote data_output_with_margins.csv (copied from data_output_with_margins_old.csv)

$ /home/ubuntu/.venv/bin/python3 /home/ubuntu/apps/election-app/stats/7.py --input /home/ubuntu/apps/election-app/win_prob/H/NE/03/data_output_NE_with_margins_statewide_eevp.csv --output /home/ubuntu/apps/election-app/win_prob/H/NE/03/statewide_margin_pct_vs_percent_NE_2026.png --state NE --start 2024-11-05T15-30-22 --end 2024-11-05T15-30-22 --stats /home/ubuntu/apps/election-app/win_prob/H/NE/03/stats.csv --stats2 /home/ubuntu/apps/election-app/win_prob/H/NE/03/stats2.csv --interval 30 --year 2026 --jsonl /home/ubuntu/apps/election-app/win_prob/H/NE/03/plotdata_NE_2026_2026-01-23T14-58-21.jsonl
[info] evaluating 1 timestamps from 2024-11-05T15-30-22 to 2024-11-05T15-30-22 every 30 minutes
[saved] probs_timeseries_NE.csv  (1 points)
[saved] /home/ubuntu/apps/election-app/win_prob/H/NE/03/plotdata_NE_2026_2026-01-23T14-58-21.jsonl  (4 points)
[saved] /home/ubuntu/apps/election-app/win_prob/H/NE/03/statewide_margin_pct_vs_percent_NE_2026_box.json
[saved] /home/ubuntu/apps/election-app/win_prob/H/NE/03/statewide_margin_pct_vs_percent_NE_2026_box.png
[saved] /home/ubuntu/apps/election-app/win_prob/H/NE/03/statewide_margin_pct_vs_percent_NE_2026.png

All 50 states complete. See: /home/ubuntu/apps/election-app/win_prob/H/NE/03

$ /home/ubuntu/.venv/bin/python3 /home/ubuntu/apps/election-app/stats/8.py --root /home/ubuntu/apps/election-app/win_prob/H/NE/03/_work --outdir /home/ubuntu/apps/election-app/win_prob/H/NE/03
[info] root  = /home/ubuntu/apps/election-app/win_prob/H/NE/03/_work
[info] outdir= /home/ubuntu/apps/election-app/win_prob/H/NE/03
[deleted] /home/ubuntu/apps/election-app/win_prob/H/NE/03/_work/stats_with_statewide.csv
[deleted] /home/ubuntu/apps/election-app/win_prob/H/NE/03/_work/stats2_final_headers.csv
[deleted] /home/ubuntu/apps/election-app/win_prob/H/NE/03/_work/2024_county_results_with_final-old.csv
[deleted] /home/ubuntu/apps/election-app/win_prob/H/NE/03/_work/2024_county_results_with_final.csv
[deleted] /home/ubuntu/apps/election-app/win_prob/H/NE/03/_work/2024_county_results_with_final_1.csv
[deleted] /home/ubuntu/apps/election-app/win_prob/H/NE/03/_work/2024_county_results_with_calcs-old.csv
[deleted] /home/ubuntu/apps/election-app/win_prob/H/NE/03/_work/2024_county_results_with_calcs_new.csv
[deleted] /home/ubuntu/apps/election-app/win_prob/H/NE/03/_work/output_statewide_stats.csv
[skip]    /home/ubuntu/apps/election-app/win_prob/H/NE/03/_work/probs_timeseries_PA.csv
[deleted] /home/ubuntu/apps/election-app/win_prob/H/NE/03/_work/2024_county_results_with_calcs.csv
[skip]    /home/ubuntu/apps/election-app/win_prob/H/NE/03/data_output.csv
[skip]    /home/ubuntu/apps/election-app/win_prob/H/NE/03/data_output_with_margins_old.csv
[skip]    /home/ubuntu/apps/election-app/win_prob/H/NE/03/data_output_with_margins.csv
[skip]    /home/ubuntu/apps/election-app/win_prob/H/NE/03/data_output_with_margins-statewide.csv
[deleted] /home/ubuntu/apps/election-app/win_prob/H/NE/03/snapshots_NE.csv
[deleted] /home/ubuntu/apps/election-app/win_prob/H/NE/03/data_output_NE_with_margins.csv
[deleted] /home/ubuntu/apps/election-app/win_prob/H/NE/03/data_output_NE.csv
[deleted] /home/ubuntu/apps/election-app/win_prob/H/NE/03/data_output_NE_with_margins_statewide_eevp.csv
[deleted] /home/ubuntu/apps/election-app/win_prob/H/NE/03/data_output_NE.csv.checkpoint.json
[deleted] /home/ubuntu/apps/election-app/win_prob/H/NE/03/stats.csv
[deleted] /home/ubuntu/apps/election-app/win_prob/H/NE/03/stats2.csv
[done] removed 16 file(s)
[2026-01-25 12:31:32] INFO: [PIPELINE] args: office=H state=NE district=03
[2026-01-25 12:31:32] INFO: [PIPELINE] WINPROB_DIR resolved to: /home/ubuntu/apps/election-app/win_prob/H/NE/03
[2026-01-25 12:31:32] INFO: [PIPELINE] OUTDIR set to: /home/ubuntu/apps/election-app/win_prob/H/NE/03

$ /home/ubuntu/.venv/bin/python3 /home/ubuntu/apps/election-app/stats/1-statewide.py --input /home/ubuntu/apps/election-app/win_prob/H/NE/03/stats.csv --output /home/ubuntu/apps/election-app/win_prob/H/NE/03/_work/stats_with_statewide.csv
Wrote /home/ubuntu/apps/election-app/win_prob/H/NE/03/_work/stats_with_statewide.csv (rows=80)

$ /home/ubuntu/.venv/bin/python3 /home/ubuntu/apps/election-app/stats/1-stats-2.py --input /home/ubuntu/apps/election-app/win_prob/H/NE/03/stats2.csv --output /home/ubuntu/apps/election-app/win_prob/H/NE/03/_work/stats2_final_headers.csv
Wrote /home/ubuntu/apps/election-app/win_prob/H/NE/03/_work/stats2_final_headers.csv (rows=80)

$ /home/ubuntu/.venv/bin/python3 /home/ubuntu/apps/election-app/stats/1-append-new.py
Wrote 2024_county_results_with_final-old.csv (rows=80, missing_final_matches=0)

$ /home/ubuntu/.venv/bin/python3 /home/ubuntu/apps/election-app/stats/1-change_header.py
Wrote: 2024_county_results_with_final.csv

$ /home/ubuntu/.venv/bin/python3 /home/ubuntu/apps/election-app/stats/1-cut-zero-fips.py
Wrote: 2024_county_results_with_final_1.csv
Rows before: 80
Rows after:  80
Dropped (fips == 0): 0

$ /home/ubuntu/.venv/bin/python3 /home/ubuntu/apps/election-app/stats/2-calc.py
Wrote 80 rows with calculations to /home/ubuntu/apps/election-app/win_prob/H/NE/03/_work/2024_county_results_with_calcs-old.csv

$ /home/ubuntu/.venv/bin/python3 /home/ubuntu/apps/election-app/stats/2-eevp.py
Wrote (no-op copy): 2024_county_results_with_calcs.csv
Columns:
 - timestamp
 - state
 - county
 - fips
 - trump_votes
 - harris_votes
 - other_votes
 - eevp
 - state_eevp
 - harris_votes_statewide
 - trump_votes_statewide
 - other_votes_statewide
 - final_state
 - final_county
 - final_fips
 - final_trump_votes
 - final_harris_votes
 - final_other_votes
 - harris_percent_snapshot
 - trump_percent_snapshot
 - margin_snapshot
 - harris_percent_final
 - trump_percent_final
 - margin_final
 - margin_difference
 - margin_difference_abs

$ /home/ubuntu/.venv/bin/python3 /home/ubuntu/apps/election-app/stats/3-calc-new.py
Wrote 80 rows with new columns to /home/ubuntu/apps/election-app/win_prob/H/NE/03/_work/2024_county_results_with_calcs_new.csv

$ /home/ubuntu/.venv/bin/python3 /home/ubuntu/apps/election-app/stats/4-stats.py
Reading 2024_county_results_with_calcs_new.csv...
Aggregating statewide totals...
Calculating percentages and margins...
Writing to output_statewide_stats.csv...
Done!
[2026-01-25 12:31:41] INFO: [PIPELINE] ENTER win-prob generation | states=['NE'] ts_list=['2024-11-05T15-30-22']

============================================================================
[01/1] STATE = NE
============================================================================

$ /home/ubuntu/.venv/bin/python3 /home/ubuntu/apps/election-app/stats/5-snapshots.py --state NE --input /home/ubuntu/apps/election-app/win_prob/H/NE/03/_work/output_statewide_stats.csv --output /home/ubuntu/apps/election-app/win_prob/H/NE/03/snapshots_NE.csv --start 2024-11-05T15-30-22 --end 2024-11-05T15-30-22 --use-window 1 --interval 30
Mode: windowed-one-state
Rows written: 80
Distinct states in output: NE
Rows per normalized timestamp (empty = unparseable):
  2024-11-05T15-30-22: 80
Wrote /home/ubuntu/apps/election-app/win_prob/H/NE/03/snapshots_NE.csv

$ /home/ubuntu/.venv/bin/python3 /home/ubuntu/apps/election-app/stats/6-pval.py /home/ubuntu/apps/election-app/win_prob/H/NE/03/snapshots_NE.csv -t /home/ubuntu/apps/election-app/stats/parameters.csv -o /home/ubuntu/apps/election-app/win_prob/H/NE/03/data_output_NE.csv -c 50
Done. Wrote: /home/ubuntu/apps/election-app/win_prob/H/NE/03/data_output_NE.csv
Total rows: 80 (chunked, resumable).
Computed columns for PVALS = [0.01, 0.1, 1, 2, 3, 5, 10, 15, 20, 25, 30, 35, 40, 45, 50, 55, 60, 65, 70, 75, 80, 85, 90, 95, 97, 98, 99, 99.9, 99.99]
Per p (leader): shift_{p}, margin_new_{p}, harris_percent_new_{p}, trump_percent_new_{p}, total_snapshot_{p}, total_expected_{p}, harris_votes_new_{p}, trump_votes_new_{p}
Per p (trailing): shift_trailing_{p}, margin_new_{p}_trailing, harris_percent_new_{p}_trailing, trump_percent_new_{p}_trailing, total_snapshot_{p}_trailing, total_expected_{p}_trailing, harris_votes_new_{p}_trailing, trump_votes_new_{p}_trailing
Checkpoint saved at: /home/ubuntu/apps/election-app/win_prob/H/NE/03/data_output_NE.csv.checkpoint.json

$ /home/ubuntu/.venv/bin/python3 /home/ubuntu/apps/election-app/stats/7-margin-new.py
Wrote data_output_with_margins_old.csv

$ /home/ubuntu/.venv/bin/python3 /home/ubuntu/apps/election-app/stats/7-eevp-statewide.py
Wrote data_output_with_margins.csv (copied from data_output_with_margins_old.csv)

$ /home/ubuntu/.venv/bin/python3 /home/ubuntu/apps/election-app/stats/7.py --input /home/ubuntu/apps/election-app/win_prob/H/NE/03/data_output_NE_with_margins_statewide_eevp.csv --output /home/ubuntu/apps/election-app/win_prob/H/NE/03/statewide_margin_pct_vs_percent_NE_2026.png --state NE --start 2024-11-05T15-30-22 --end 2024-11-05T15-30-22 --stats /home/ubuntu/apps/election-app/win_prob/H/NE/03/stats.csv --stats2 /home/ubuntu/apps/election-app/win_prob/H/NE/03/stats2.csv --interval 30 --year 2026 --jsonl /home/ubuntu/apps/election-app/win_prob/H/NE/03/plotdata_NE_2026_2026-01-25T12-31-32.jsonl
[info] evaluating 1 timestamps from 2024-11-05T15-30-22 to 2024-11-05T15-30-22 every 30 minutes
[saved] probs_timeseries_NE.csv  (1 points)
[saved] /home/ubuntu/apps/election-app/win_prob/H/NE/03/plotdata_NE_2026_2026-01-25T12-31-32.jsonl  (0 points)
[saved] /home/ubuntu/apps/election-app/win_prob/H/NE/03/statewide_margin_pct_vs_percent_NE_2026_box.json
[saved] /home/ubuntu/apps/election-app/win_prob/H/NE/03/statewide_margin_pct_vs_percent_NE_2026_box.png
[saved] /home/ubuntu/apps/election-app/win_prob/H/NE/03/statewide_margin_pct_vs_percent_NE_2026.png

All 50 states complete. See: /home/ubuntu/apps/election-app/win_prob/H/NE/03

$ /home/ubuntu/.venv/bin/python3 /home/ubuntu/apps/election-app/stats/8.py --root /home/ubuntu/apps/election-app/win_prob/H/NE/03/_work --outdir /home/ubuntu/apps/election-app/win_prob/H/NE/03
[info] root  = /home/ubuntu/apps/election-app/win_prob/H/NE/03/_work
[info] outdir= /home/ubuntu/apps/election-app/win_prob/H/NE/03
[deleted] /home/ubuntu/apps/election-app/win_prob/H/NE/03/_work/stats_with_statewide.csv
[deleted] /home/ubuntu/apps/election-app/win_prob/H/NE/03/_work/stats2_final_headers.csv
[deleted] /home/ubuntu/apps/election-app/win_prob/H/NE/03/_work/2024_county_results_with_final-old.csv
[deleted] /home/ubuntu/apps/election-app/win_prob/H/NE/03/_work/2024_county_results_with_final.csv
[deleted] /home/ubuntu/apps/election-app/win_prob/H/NE/03/_work/2024_county_results_with_final_1.csv
[deleted] /home/ubuntu/apps/election-app/win_prob/H/NE/03/_work/2024_county_results_with_calcs-old.csv
[deleted] /home/ubuntu/apps/election-app/win_prob/H/NE/03/_work/2024_county_results_with_calcs_new.csv
[deleted] /home/ubuntu/apps/election-app/win_prob/H/NE/03/_work/output_statewide_stats.csv
[skip]    /home/ubuntu/apps/election-app/win_prob/H/NE/03/_work/probs_timeseries_PA.csv
[deleted] /home/ubuntu/apps/election-app/win_prob/H/NE/03/_work/2024_county_results_with_calcs.csv
[skip]    /home/ubuntu/apps/election-app/win_prob/H/NE/03/data_output.csv
[skip]    /home/ubuntu/apps/election-app/win_prob/H/NE/03/data_output_with_margins_old.csv
[skip]    /home/ubuntu/apps/election-app/win_prob/H/NE/03/data_output_with_margins.csv
[skip]    /home/ubuntu/apps/election-app/win_prob/H/NE/03/data_output_with_margins-statewide.csv
[deleted] /home/ubuntu/apps/election-app/win_prob/H/NE/03/snapshots_NE.csv
[deleted] /home/ubuntu/apps/election-app/win_prob/H/NE/03/data_output_NE_with_margins.csv
[deleted] /home/ubuntu/apps/election-app/win_prob/H/NE/03/data_output_NE.csv
[deleted] /home/ubuntu/apps/election-app/win_prob/H/NE/03/data_output_NE_with_margins_statewide_eevp.csv
[deleted] /home/ubuntu/apps/election-app/win_prob/H/NE/03/data_output_NE.csv.checkpoint.json
[deleted] /home/ubuntu/apps/election-app/win_prob/H/NE/03/stats.csv
[deleted] /home/ubuntu/apps/election-app/win_prob/H/NE/03/stats2.csv
[done] removed 16 file(s)
[2026-01-25 12:45:36] INFO: [PIPELINE] args: office=H state=NE district=03
[2026-01-25 12:45:36] INFO: [PIPELINE] WINPROB_DIR resolved to: /home/ubuntu/apps/election-app/win_prob/H/NE/03
[2026-01-25 12:45:36] INFO: [PIPELINE] OUTDIR set to: /home/ubuntu/apps/election-app/win_prob/H/NE/03

$ /home/ubuntu/.venv/bin/python3 /home/ubuntu/apps/election-app/stats/1-statewide.py --input /home/ubuntu/apps/election-app/win_prob/H/NE/03/stats.csv --output /home/ubuntu/apps/election-app/win_prob/H/NE/03/_work/stats_with_statewide.csv
Wrote /home/ubuntu/apps/election-app/win_prob/H/NE/03/_work/stats_with_statewide.csv (rows=80)

$ /home/ubuntu/.venv/bin/python3 /home/ubuntu/apps/election-app/stats/1-stats-2.py --input /home/ubuntu/apps/election-app/win_prob/H/NE/03/stats2.csv --output /home/ubuntu/apps/election-app/win_prob/H/NE/03/_work/stats2_final_headers.csv
Wrote /home/ubuntu/apps/election-app/win_prob/H/NE/03/_work/stats2_final_headers.csv (rows=80)

$ /home/ubuntu/.venv/bin/python3 /home/ubuntu/apps/election-app/stats/1-append-new.py
Wrote 2024_county_results_with_final-old.csv (rows=80, missing_final_matches=0)

$ /home/ubuntu/.venv/bin/python3 /home/ubuntu/apps/election-app/stats/1-change_header.py
Wrote: 2024_county_results_with_final.csv

$ /home/ubuntu/.venv/bin/python3 /home/ubuntu/apps/election-app/stats/1-cut-zero-fips.py
Wrote: 2024_county_results_with_final_1.csv
Rows before: 80
Rows after:  80
Dropped (fips == 0): 0

$ /home/ubuntu/.venv/bin/python3 /home/ubuntu/apps/election-app/stats/2-calc.py
Wrote 80 rows with calculations to /home/ubuntu/apps/election-app/win_prob/H/NE/03/_work/2024_county_results_with_calcs-old.csv

$ /home/ubuntu/.venv/bin/python3 /home/ubuntu/apps/election-app/stats/2-eevp.py
Wrote (no-op copy): 2024_county_results_with_calcs.csv
Columns:
 - timestamp
 - state
 - county
 - fips
 - trump_votes
 - harris_votes
 - other_votes
 - eevp
 - state_eevp
 - harris_votes_statewide
 - trump_votes_statewide
 - other_votes_statewide
 - final_state
 - final_county
 - final_fips
 - final_trump_votes
 - final_harris_votes
 - final_other_votes
 - harris_percent_snapshot
 - trump_percent_snapshot
 - margin_snapshot
 - harris_percent_final
 - trump_percent_final
 - margin_final
 - margin_difference
 - margin_difference_abs

$ /home/ubuntu/.venv/bin/python3 /home/ubuntu/apps/election-app/stats/3-calc-new.py
Wrote 80 rows with new columns to /home/ubuntu/apps/election-app/win_prob/H/NE/03/_work/2024_county_results_with_calcs_new.csv

$ /home/ubuntu/.venv/bin/python3 /home/ubuntu/apps/election-app/stats/4-stats.py
Reading 2024_county_results_with_calcs_new.csv...
Aggregating statewide totals...
Calculating percentages and margins...
Writing to output_statewide_stats.csv...
Done!
[2026-01-25 12:45:45] INFO: [PIPELINE] ENTER win-prob generation | states=['NE'] ts_list=['2024-11-05T15-30-22']

============================================================================
[01/1] STATE = NE
============================================================================

$ /home/ubuntu/.venv/bin/python3 /home/ubuntu/apps/election-app/stats/5-snapshots.py --state NE --input /home/ubuntu/apps/election-app/win_prob/H/NE/03/_work/output_statewide_stats.csv --output /home/ubuntu/apps/election-app/win_prob/H/NE/03/snapshots_NE.csv --start 2024-11-05T15-30-22 --end 2024-11-05T15-30-22 --use-window 1 --interval 30
Mode: windowed-one-state
Rows written: 80
Distinct states in output: NE
Rows per normalized timestamp (empty = unparseable):
  2024-11-05T15-30-22: 80
Wrote /home/ubuntu/apps/election-app/win_prob/H/NE/03/snapshots_NE.csv

$ /home/ubuntu/.venv/bin/python3 /home/ubuntu/apps/election-app/stats/6-pval.py /home/ubuntu/apps/election-app/win_prob/H/NE/03/snapshots_NE.csv -t /home/ubuntu/apps/election-app/stats/parameters.csv -o /home/ubuntu/apps/election-app/win_prob/H/NE/03/data_output_NE.csv -c 50
Done. Wrote: /home/ubuntu/apps/election-app/win_prob/H/NE/03/data_output_NE.csv
Total rows: 80 (chunked, resumable).
Computed columns for PVALS = [0.01, 0.1, 1, 2, 3, 5, 10, 15, 20, 25, 30, 35, 40, 45, 50, 55, 60, 65, 70, 75, 80, 85, 90, 95, 97, 98, 99, 99.9, 99.99]
Per p (leader): shift_{p}, margin_new_{p}, harris_percent_new_{p}, trump_percent_new_{p}, total_snapshot_{p}, total_expected_{p}, harris_votes_new_{p}, trump_votes_new_{p}
Per p (trailing): shift_trailing_{p}, margin_new_{p}_trailing, harris_percent_new_{p}_trailing, trump_percent_new_{p}_trailing, total_snapshot_{p}_trailing, total_expected_{p}_trailing, harris_votes_new_{p}_trailing, trump_votes_new_{p}_trailing
Checkpoint saved at: /home/ubuntu/apps/election-app/win_prob/H/NE/03/data_output_NE.csv.checkpoint.json

$ /home/ubuntu/.venv/bin/python3 /home/ubuntu/apps/election-app/stats/7-margin-new.py
Wrote data_output_with_margins_old.csv

$ /home/ubuntu/.venv/bin/python3 /home/ubuntu/apps/election-app/stats/7-eevp-statewide.py
Wrote data_output_with_margins.csv (copied from data_output_with_margins_old.csv)

$ /home/ubuntu/.venv/bin/python3 /home/ubuntu/apps/election-app/stats/7.py --input /home/ubuntu/apps/election-app/win_prob/H/NE/03/data_output_NE_with_margins_statewide_eevp.csv --output /home/ubuntu/apps/election-app/win_prob/H/NE/03/statewide_margin_pct_vs_percent_NE_2026.png --state NE --start 2024-11-05T15-30-22 --end 2024-11-05T15-30-22 --stats /home/ubuntu/apps/election-app/win_prob/H/NE/03/stats.csv --stats2 /home/ubuntu/apps/election-app/win_prob/H/NE/03/stats2.csv --interval 30 --year 2026 --jsonl /home/ubuntu/apps/election-app/win_prob/H/NE/03/plotdata_NE_2026_2026-01-25T12-45-36.jsonl
[info] evaluating 1 timestamps from 2024-11-05T15-30-22 to 2024-11-05T15-30-22 every 30 minutes
[saved] probs_timeseries_NE.csv  (1 points)
[saved] /home/ubuntu/apps/election-app/win_prob/H/NE/03/plotdata_NE_2026_2026-01-25T12-45-36.jsonl  (4 points)
[saved] /home/ubuntu/apps/election-app/win_prob/H/NE/03/statewide_margin_pct_vs_percent_NE_2026_box.json
[saved] /home/ubuntu/apps/election-app/win_prob/H/NE/03/statewide_margin_pct_vs_percent_NE_2026_box.png
[saved] /home/ubuntu/apps/election-app/win_prob/H/NE/03/statewide_margin_pct_vs_percent_NE_2026.png

All 50 states complete. See: /home/ubuntu/apps/election-app/win_prob/H/NE/03

$ /home/ubuntu/.venv/bin/python3 /home/ubuntu/apps/election-app/stats/8.py --root /home/ubuntu/apps/election-app/win_prob/H/NE/03/_work --outdir /home/ubuntu/apps/election-app/win_prob/H/NE/03
[info] root  = /home/ubuntu/apps/election-app/win_prob/H/NE/03/_work
[info] outdir= /home/ubuntu/apps/election-app/win_prob/H/NE/03
[deleted] /home/ubuntu/apps/election-app/win_prob/H/NE/03/_work/stats_with_statewide.csv
[deleted] /home/ubuntu/apps/election-app/win_prob/H/NE/03/_work/stats2_final_headers.csv
[deleted] /home/ubuntu/apps/election-app/win_prob/H/NE/03/_work/2024_county_results_with_final-old.csv
[deleted] /home/ubuntu/apps/election-app/win_prob/H/NE/03/_work/2024_county_results_with_final.csv
[deleted] /home/ubuntu/apps/election-app/win_prob/H/NE/03/_work/2024_county_results_with_final_1.csv
[deleted] /home/ubuntu/apps/election-app/win_prob/H/NE/03/_work/2024_county_results_with_calcs-old.csv
[deleted] /home/ubuntu/apps/election-app/win_prob/H/NE/03/_work/2024_county_results_with_calcs_new.csv
[deleted] /home/ubuntu/apps/election-app/win_prob/H/NE/03/_work/output_statewide_stats.csv
[skip]    /home/ubuntu/apps/election-app/win_prob/H/NE/03/_work/probs_timeseries_PA.csv
[deleted] /home/ubuntu/apps/election-app/win_prob/H/NE/03/_work/2024_county_results_with_calcs.csv
[skip]    /home/ubuntu/apps/election-app/win_prob/H/NE/03/data_output.csv
[skip]    /home/ubuntu/apps/election-app/win_prob/H/NE/03/data_output_with_margins_old.csv
[skip]    /home/ubuntu/apps/election-app/win_prob/H/NE/03/data_output_with_margins.csv
[skip]    /home/ubuntu/apps/election-app/win_prob/H/NE/03/data_output_with_margins-statewide.csv
[deleted] /home/ubuntu/apps/election-app/win_prob/H/NE/03/snapshots_NE.csv
[deleted] /home/ubuntu/apps/election-app/win_prob/H/NE/03/data_output_NE_with_margins.csv
[deleted] /home/ubuntu/apps/election-app/win_prob/H/NE/03/data_output_NE.csv
[deleted] /home/ubuntu/apps/election-app/win_prob/H/NE/03/data_output_NE_with_margins_statewide_eevp.csv
[deleted] /home/ubuntu/apps/election-app/win_prob/H/NE/03/data_output_NE.csv.checkpoint.json
[deleted] /home/ubuntu/apps/election-app/win_prob/H/NE/03/stats.csv
[deleted] /home/ubuntu/apps/election-app/win_prob/H/NE/03/stats2.csv
[done] removed 16 file(s)
[2026-01-25 12:52:37] INFO: [PIPELINE] args: office=H state=NE district=03
[2026-01-25 12:52:37] INFO: [PIPELINE] WINPROB_DIR resolved to: /home/ubuntu/apps/election-app/win_prob/H/NE/03
[2026-01-25 12:52:37] INFO: [PIPELINE] OUTDIR set to: /home/ubuntu/apps/election-app/win_prob/H/NE/03

$ /home/ubuntu/.venv/bin/python3 /home/ubuntu/apps/election-app/stats/1-statewide.py --input /home/ubuntu/apps/election-app/win_prob/H/NE/03/stats.csv --output /home/ubuntu/apps/election-app/win_prob/H/NE/03/_work/stats_with_statewide.csv
Wrote /home/ubuntu/apps/election-app/win_prob/H/NE/03/_work/stats_with_statewide.csv (rows=80)

$ /home/ubuntu/.venv/bin/python3 /home/ubuntu/apps/election-app/stats/1-stats-2.py --input /home/ubuntu/apps/election-app/win_prob/H/NE/03/stats2.csv --output /home/ubuntu/apps/election-app/win_prob/H/NE/03/_work/stats2_final_headers.csv
Wrote /home/ubuntu/apps/election-app/win_prob/H/NE/03/_work/stats2_final_headers.csv (rows=80)

$ /home/ubuntu/.venv/bin/python3 /home/ubuntu/apps/election-app/stats/1-append-new.py
Wrote 2024_county_results_with_final-old.csv (rows=80, missing_final_matches=0)

$ /home/ubuntu/.venv/bin/python3 /home/ubuntu/apps/election-app/stats/1-change_header.py
Wrote: 2024_county_results_with_final.csv

$ /home/ubuntu/.venv/bin/python3 /home/ubuntu/apps/election-app/stats/1-cut-zero-fips.py
Wrote: 2024_county_results_with_final_1.csv
Rows before: 80
Rows after:  80
Dropped (fips == 0): 0

$ /home/ubuntu/.venv/bin/python3 /home/ubuntu/apps/election-app/stats/2-calc.py
Wrote 80 rows with calculations to /home/ubuntu/apps/election-app/win_prob/H/NE/03/_work/2024_county_results_with_calcs-old.csv

$ /home/ubuntu/.venv/bin/python3 /home/ubuntu/apps/election-app/stats/2-eevp.py
Wrote (no-op copy): 2024_county_results_with_calcs.csv
Columns:
 - timestamp
 - state
 - county
 - fips
 - trump_votes
 - harris_votes
 - other_votes
 - eevp
 - state_eevp
 - harris_votes_statewide
 - trump_votes_statewide
 - other_votes_statewide
 - final_state
 - final_county
 - final_fips
 - final_trump_votes
 - final_harris_votes
 - final_other_votes
 - harris_percent_snapshot
 - trump_percent_snapshot
 - margin_snapshot
 - harris_percent_final
 - trump_percent_final
 - margin_final
 - margin_difference
 - margin_difference_abs

$ /home/ubuntu/.venv/bin/python3 /home/ubuntu/apps/election-app/stats/3-calc-new.py
Wrote 80 rows with new columns to /home/ubuntu/apps/election-app/win_prob/H/NE/03/_work/2024_county_results_with_calcs_new.csv

$ /home/ubuntu/.venv/bin/python3 /home/ubuntu/apps/election-app/stats/4-stats.py
Reading 2024_county_results_with_calcs_new.csv...
Aggregating statewide totals...
Calculating percentages and margins...
Writing to output_statewide_stats.csv...
Done!
[2026-01-25 12:52:46] INFO: [PIPELINE] ENTER win-prob generation | states=['NE'] ts_list=['2024-11-05T15-30-22']

============================================================================
[01/1] STATE = NE
============================================================================

$ /home/ubuntu/.venv/bin/python3 /home/ubuntu/apps/election-app/stats/5-snapshots.py --state NE --input /home/ubuntu/apps/election-app/win_prob/H/NE/03/_work/output_statewide_stats.csv --output /home/ubuntu/apps/election-app/win_prob/H/NE/03/snapshots_NE.csv --start 2024-11-05T15-30-22 --end 2024-11-05T15-30-22 --use-window 1 --interval 30
Mode: windowed-one-state
Rows written: 80
Distinct states in output: NE
Rows per normalized timestamp (empty = unparseable):
  2024-11-05T15-30-22: 80
Wrote /home/ubuntu/apps/election-app/win_prob/H/NE/03/snapshots_NE.csv

$ /home/ubuntu/.venv/bin/python3 /home/ubuntu/apps/election-app/stats/6-pval.py /home/ubuntu/apps/election-app/win_prob/H/NE/03/snapshots_NE.csv -t /home/ubuntu/apps/election-app/stats/parameters.csv -o /home/ubuntu/apps/election-app/win_prob/H/NE/03/data_output_NE.csv -c 50
Done. Wrote: /home/ubuntu/apps/election-app/win_prob/H/NE/03/data_output_NE.csv
Total rows: 80 (chunked, resumable).
Computed columns for PVALS = [0.01, 0.1, 1, 2, 3, 5, 10, 15, 20, 25, 30, 35, 40, 45, 50, 55, 60, 65, 70, 75, 80, 85, 90, 95, 97, 98, 99, 99.9, 99.99]
Per p (leader): shift_{p}, margin_new_{p}, harris_percent_new_{p}, trump_percent_new_{p}, total_snapshot_{p}, total_expected_{p}, harris_votes_new_{p}, trump_votes_new_{p}
Per p (trailing): shift_trailing_{p}, margin_new_{p}_trailing, harris_percent_new_{p}_trailing, trump_percent_new_{p}_trailing, total_snapshot_{p}_trailing, total_expected_{p}_trailing, harris_votes_new_{p}_trailing, trump_votes_new_{p}_trailing
Checkpoint saved at: /home/ubuntu/apps/election-app/win_prob/H/NE/03/data_output_NE.csv.checkpoint.json

$ /home/ubuntu/.venv/bin/python3 /home/ubuntu/apps/election-app/stats/7-margin-new.py
Wrote data_output_with_margins_old.csv

$ /home/ubuntu/.venv/bin/python3 /home/ubuntu/apps/election-app/stats/7-eevp-statewide.py
Wrote data_output_with_margins.csv (copied from data_output_with_margins_old.csv)

$ /home/ubuntu/.venv/bin/python3 /home/ubuntu/apps/election-app/stats/7.py --input /home/ubuntu/apps/election-app/win_prob/H/NE/03/data_output_NE_with_margins_statewide_eevp.csv --output /home/ubuntu/apps/election-app/win_prob/H/NE/03/statewide_margin_pct_vs_percent_NE_2026.png --state NE --start 2024-11-05T15-30-22 --end 2024-11-05T15-30-22 --stats /home/ubuntu/apps/election-app/win_prob/H/NE/03/stats.csv --stats2 /home/ubuntu/apps/election-app/win_prob/H/NE/03/stats2.csv --interval 30 --year 2026 --jsonl /home/ubuntu/apps/election-app/win_prob/H/NE/03/plotdata_NE_2026_2026-01-25T12-52-37.jsonl
[info] evaluating 1 timestamps from 2024-11-05T15-30-22 to 2024-11-05T15-30-22 every 30 minutes
[saved] probs_timeseries_NE.csv  (1 points)
[saved] /home/ubuntu/apps/election-app/win_prob/H/NE/03/plotdata_NE_2026_2026-01-25T12-52-37.jsonl  (4 points)
[saved] /home/ubuntu/apps/election-app/win_prob/H/NE/03/statewide_margin_pct_vs_percent_NE_2026_box.json
[saved] /home/ubuntu/apps/election-app/win_prob/H/NE/03/statewide_margin_pct_vs_percent_NE_2026_box.png
[saved] /home/ubuntu/apps/election-app/win_prob/H/NE/03/statewide_margin_pct_vs_percent_NE_2026.png

All 50 states complete. See: /home/ubuntu/apps/election-app/win_prob/H/NE/03

$ /home/ubuntu/.venv/bin/python3 /home/ubuntu/apps/election-app/stats/8.py --root /home/ubuntu/apps/election-app/win_prob/H/NE/03/_work --outdir /home/ubuntu/apps/election-app/win_prob/H/NE/03
[info] root  = /home/ubuntu/apps/election-app/win_prob/H/NE/03/_work
[info] outdir= /home/ubuntu/apps/election-app/win_prob/H/NE/03
[deleted] /home/ubuntu/apps/election-app/win_prob/H/NE/03/_work/stats_with_statewide.csv
[deleted] /home/ubuntu/apps/election-app/win_prob/H/NE/03/_work/stats2_final_headers.csv
[deleted] /home/ubuntu/apps/election-app/win_prob/H/NE/03/_work/2024_county_results_with_final-old.csv
[deleted] /home/ubuntu/apps/election-app/win_prob/H/NE/03/_work/2024_county_results_with_final.csv
[deleted] /home/ubuntu/apps/election-app/win_prob/H/NE/03/_work/2024_county_results_with_final_1.csv
[deleted] /home/ubuntu/apps/election-app/win_prob/H/NE/03/_work/2024_county_results_with_calcs-old.csv
[deleted] /home/ubuntu/apps/election-app/win_prob/H/NE/03/_work/2024_county_results_with_calcs_new.csv
[deleted] /home/ubuntu/apps/election-app/win_prob/H/NE/03/_work/output_statewide_stats.csv
[skip]    /home/ubuntu/apps/election-app/win_prob/H/NE/03/_work/probs_timeseries_PA.csv
[deleted] /home/ubuntu/apps/election-app/win_prob/H/NE/03/_work/2024_county_results_with_calcs.csv
[skip]    /home/ubuntu/apps/election-app/win_prob/H/NE/03/data_output.csv
[skip]    /home/ubuntu/apps/election-app/win_prob/H/NE/03/data_output_with_margins_old.csv
[skip]    /home/ubuntu/apps/election-app/win_prob/H/NE/03/data_output_with_margins.csv
[skip]    /home/ubuntu/apps/election-app/win_prob/H/NE/03/data_output_with_margins-statewide.csv
[deleted] /home/ubuntu/apps/election-app/win_prob/H/NE/03/snapshots_NE.csv
[deleted] /home/ubuntu/apps/election-app/win_prob/H/NE/03/data_output_NE_with_margins.csv
[deleted] /home/ubuntu/apps/election-app/win_prob/H/NE/03/data_output_NE.csv
[deleted] /home/ubuntu/apps/election-app/win_prob/H/NE/03/data_output_NE_with_margins_statewide_eevp.csv
[deleted] /home/ubuntu/apps/election-app/win_prob/H/NE/03/data_output_NE.csv.checkpoint.json
[deleted] /home/ubuntu/apps/election-app/win_prob/H/NE/03/stats.csv
[deleted] /home/ubuntu/apps/election-app/win_prob/H/NE/03/stats2.csv
[done] removed 16 file(s)
[2026-01-25 12:59:39] INFO: [PIPELINE] args: office=H state=NE district=03
[2026-01-25 12:59:39] INFO: [PIPELINE] WINPROB_DIR resolved to: /home/ubuntu/apps/election-app/win_prob/H/NE/03
[2026-01-25 12:59:39] INFO: [PIPELINE] OUTDIR set to: /home/ubuntu/apps/election-app/win_prob/H/NE/03

$ /home/ubuntu/.venv/bin/python3 /home/ubuntu/apps/election-app/stats/1-statewide.py --input /home/ubuntu/apps/election-app/win_prob/H/NE/03/stats.csv --output /home/ubuntu/apps/election-app/win_prob/H/NE/03/_work/stats_with_statewide.csv
Wrote /home/ubuntu/apps/election-app/win_prob/H/NE/03/_work/stats_with_statewide.csv (rows=80)

$ /home/ubuntu/.venv/bin/python3 /home/ubuntu/apps/election-app/stats/1-stats-2.py --input /home/ubuntu/apps/election-app/win_prob/H/NE/03/stats2.csv --output /home/ubuntu/apps/election-app/win_prob/H/NE/03/_work/stats2_final_headers.csv
Wrote /home/ubuntu/apps/election-app/win_prob/H/NE/03/_work/stats2_final_headers.csv (rows=80)

$ /home/ubuntu/.venv/bin/python3 /home/ubuntu/apps/election-app/stats/1-append-new.py
Wrote 2024_county_results_with_final-old.csv (rows=80, missing_final_matches=0)

$ /home/ubuntu/.venv/bin/python3 /home/ubuntu/apps/election-app/stats/1-change_header.py
Wrote: 2024_county_results_with_final.csv

$ /home/ubuntu/.venv/bin/python3 /home/ubuntu/apps/election-app/stats/1-cut-zero-fips.py
Wrote: 2024_county_results_with_final_1.csv
Rows before: 80
Rows after:  80
Dropped (fips == 0): 0

$ /home/ubuntu/.venv/bin/python3 /home/ubuntu/apps/election-app/stats/2-calc.py
Wrote 80 rows with calculations to /home/ubuntu/apps/election-app/win_prob/H/NE/03/_work/2024_county_results_with_calcs-old.csv

$ /home/ubuntu/.venv/bin/python3 /home/ubuntu/apps/election-app/stats/2-eevp.py
Wrote (no-op copy): 2024_county_results_with_calcs.csv
Columns:
 - timestamp
 - state
 - county
 - fips
 - trump_votes
 - harris_votes
 - other_votes
 - eevp
 - state_eevp
 - harris_votes_statewide
 - trump_votes_statewide
 - other_votes_statewide
 - final_state
 - final_county
 - final_fips
 - final_trump_votes
 - final_harris_votes
 - final_other_votes
 - harris_percent_snapshot
 - trump_percent_snapshot
 - margin_snapshot
 - harris_percent_final
 - trump_percent_final
 - margin_final
 - margin_difference
 - margin_difference_abs

$ /home/ubuntu/.venv/bin/python3 /home/ubuntu/apps/election-app/stats/3-calc-new.py
Wrote 80 rows with new columns to /home/ubuntu/apps/election-app/win_prob/H/NE/03/_work/2024_county_results_with_calcs_new.csv

$ /home/ubuntu/.venv/bin/python3 /home/ubuntu/apps/election-app/stats/4-stats.py
Reading 2024_county_results_with_calcs_new.csv...
Aggregating statewide totals...
Calculating percentages and margins...
Writing to output_statewide_stats.csv...
Done!
[2026-01-25 12:59:47] INFO: [PIPELINE] ENTER win-prob generation | states=['NE'] ts_list=['2024-11-05T15-30-22']

============================================================================
[01/1] STATE = NE
============================================================================

$ /home/ubuntu/.venv/bin/python3 /home/ubuntu/apps/election-app/stats/5-snapshots.py --state NE --input /home/ubuntu/apps/election-app/win_prob/H/NE/03/_work/output_statewide_stats.csv --output /home/ubuntu/apps/election-app/win_prob/H/NE/03/snapshots_NE.csv --start 2024-11-05T15-30-22 --end 2024-11-05T15-30-22 --use-window 1 --interval 30
Mode: windowed-one-state
Rows written: 80
Distinct states in output: NE
Rows per normalized timestamp (empty = unparseable):
  2024-11-05T15-30-22: 80
Wrote /home/ubuntu/apps/election-app/win_prob/H/NE/03/snapshots_NE.csv

$ /home/ubuntu/.venv/bin/python3 /home/ubuntu/apps/election-app/stats/6-pval.py /home/ubuntu/apps/election-app/win_prob/H/NE/03/snapshots_NE.csv -t /home/ubuntu/apps/election-app/stats/parameters.csv -o /home/ubuntu/apps/election-app/win_prob/H/NE/03/data_output_NE.csv -c 50
Done. Wrote: /home/ubuntu/apps/election-app/win_prob/H/NE/03/data_output_NE.csv
Total rows: 80 (chunked, resumable).
Computed columns for PVALS = [0.01, 0.1, 1, 2, 3, 5, 10, 15, 20, 25, 30, 35, 40, 45, 50, 55, 60, 65, 70, 75, 80, 85, 90, 95, 97, 98, 99, 99.9, 99.99]
Per p (leader): shift_{p}, margin_new_{p}, harris_percent_new_{p}, trump_percent_new_{p}, total_snapshot_{p}, total_expected_{p}, harris_votes_new_{p}, trump_votes_new_{p}
Per p (trailing): shift_trailing_{p}, margin_new_{p}_trailing, harris_percent_new_{p}_trailing, trump_percent_new_{p}_trailing, total_snapshot_{p}_trailing, total_expected_{p}_trailing, harris_votes_new_{p}_trailing, trump_votes_new_{p}_trailing
Checkpoint saved at: /home/ubuntu/apps/election-app/win_prob/H/NE/03/data_output_NE.csv.checkpoint.json

$ /home/ubuntu/.venv/bin/python3 /home/ubuntu/apps/election-app/stats/7-margin-new.py
Wrote data_output_with_margins_old.csv

$ /home/ubuntu/.venv/bin/python3 /home/ubuntu/apps/election-app/stats/7-eevp-statewide.py
Wrote data_output_with_margins.csv (copied from data_output_with_margins_old.csv)

$ /home/ubuntu/.venv/bin/python3 /home/ubuntu/apps/election-app/stats/7.py --input /home/ubuntu/apps/election-app/win_prob/H/NE/03/data_output_NE_with_margins_statewide_eevp.csv --output /home/ubuntu/apps/election-app/win_prob/H/NE/03/statewide_margin_pct_vs_percent_NE_2026.png --state NE --start 2024-11-05T15-30-22 --end 2024-11-05T15-30-22 --stats /home/ubuntu/apps/election-app/win_prob/H/NE/03/stats.csv --stats2 /home/ubuntu/apps/election-app/win_prob/H/NE/03/stats2.csv --interval 30 --year 2026 --jsonl /home/ubuntu/apps/election-app/win_prob/H/NE/03/plotdata_NE_2026_2026-01-25T12-59-39.jsonl
[info] evaluating 1 timestamps from 2024-11-05T15-30-22 to 2024-11-05T15-30-22 every 30 minutes
[saved] probs_timeseries_NE.csv  (1 points)
[saved] /home/ubuntu/apps/election-app/win_prob/H/NE/03/plotdata_NE_2026_2026-01-25T12-59-39.jsonl  (4 points)
[saved] /home/ubuntu/apps/election-app/win_prob/H/NE/03/statewide_margin_pct_vs_percent_NE_2026_box.json
[saved] /home/ubuntu/apps/election-app/win_prob/H/NE/03/statewide_margin_pct_vs_percent_NE_2026_box.png
[saved] /home/ubuntu/apps/election-app/win_prob/H/NE/03/statewide_margin_pct_vs_percent_NE_2026.png

All 50 states complete. See: /home/ubuntu/apps/election-app/win_prob/H/NE/03

$ /home/ubuntu/.venv/bin/python3 /home/ubuntu/apps/election-app/stats/8.py --root /home/ubuntu/apps/election-app/win_prob/H/NE/03/_work --outdir /home/ubuntu/apps/election-app/win_prob/H/NE/03
[info] root  = /home/ubuntu/apps/election-app/win_prob/H/NE/03/_work
[info] outdir= /home/ubuntu/apps/election-app/win_prob/H/NE/03
[deleted] /home/ubuntu/apps/election-app/win_prob/H/NE/03/_work/stats_with_statewide.csv
[deleted] /home/ubuntu/apps/election-app/win_prob/H/NE/03/_work/stats2_final_headers.csv
[deleted] /home/ubuntu/apps/election-app/win_prob/H/NE/03/_work/2024_county_results_with_final-old.csv
[deleted] /home/ubuntu/apps/election-app/win_prob/H/NE/03/_work/2024_county_results_with_final.csv
[deleted] /home/ubuntu/apps/election-app/win_prob/H/NE/03/_work/2024_county_results_with_final_1.csv
[deleted] /home/ubuntu/apps/election-app/win_prob/H/NE/03/_work/2024_county_results_with_calcs-old.csv
[deleted] /home/ubuntu/apps/election-app/win_prob/H/NE/03/_work/2024_county_results_with_calcs_new.csv
[deleted] /home/ubuntu/apps/election-app/win_prob/H/NE/03/_work/output_statewide_stats.csv
[skip]    /home/ubuntu/apps/election-app/win_prob/H/NE/03/_work/probs_timeseries_PA.csv
[deleted] /home/ubuntu/apps/election-app/win_prob/H/NE/03/_work/2024_county_results_with_calcs.csv
[skip]    /home/ubuntu/apps/election-app/win_prob/H/NE/03/data_output.csv
[skip]    /home/ubuntu/apps/election-app/win_prob/H/NE/03/data_output_with_margins_old.csv
[skip]    /home/ubuntu/apps/election-app/win_prob/H/NE/03/data_output_with_margins.csv
[skip]    /home/ubuntu/apps/election-app/win_prob/H/NE/03/data_output_with_margins-statewide.csv
[deleted] /home/ubuntu/apps/election-app/win_prob/H/NE/03/snapshots_NE.csv
[deleted] /home/ubuntu/apps/election-app/win_prob/H/NE/03/data_output_NE_with_margins.csv
[deleted] /home/ubuntu/apps/election-app/win_prob/H/NE/03/data_output_NE.csv
[deleted] /home/ubuntu/apps/election-app/win_prob/H/NE/03/data_output_NE_with_margins_statewide_eevp.csv
[deleted] /home/ubuntu/apps/election-app/win_prob/H/NE/03/data_output_NE.csv.checkpoint.json
[deleted] /home/ubuntu/apps/election-app/win_prob/H/NE/03/stats.csv
[deleted] /home/ubuntu/apps/election-app/win_prob/H/NE/03/stats2.csv
[done] removed 16 file(s)
[2026-01-25 13:06:41] INFO: [PIPELINE] args: office=H state=NE district=03
[2026-01-25 13:06:41] INFO: [PIPELINE] WINPROB_DIR resolved to: /home/ubuntu/apps/election-app/win_prob/H/NE/03
[2026-01-25 13:06:41] INFO: [PIPELINE] OUTDIR set to: /home/ubuntu/apps/election-app/win_prob/H/NE/03

$ /home/ubuntu/.venv/bin/python3 /home/ubuntu/apps/election-app/stats/1-statewide.py --input /home/ubuntu/apps/election-app/win_prob/H/NE/03/stats.csv --output /home/ubuntu/apps/election-app/win_prob/H/NE/03/_work/stats_with_statewide.csv
Wrote /home/ubuntu/apps/election-app/win_prob/H/NE/03/_work/stats_with_statewide.csv (rows=80)

$ /home/ubuntu/.venv/bin/python3 /home/ubuntu/apps/election-app/stats/1-stats-2.py --input /home/ubuntu/apps/election-app/win_prob/H/NE/03/stats2.csv --output /home/ubuntu/apps/election-app/win_prob/H/NE/03/_work/stats2_final_headers.csv
Wrote /home/ubuntu/apps/election-app/win_prob/H/NE/03/_work/stats2_final_headers.csv (rows=80)

$ /home/ubuntu/.venv/bin/python3 /home/ubuntu/apps/election-app/stats/1-append-new.py
Wrote 2024_county_results_with_final-old.csv (rows=80, missing_final_matches=0)

$ /home/ubuntu/.venv/bin/python3 /home/ubuntu/apps/election-app/stats/1-change_header.py
Wrote: 2024_county_results_with_final.csv

$ /home/ubuntu/.venv/bin/python3 /home/ubuntu/apps/election-app/stats/1-cut-zero-fips.py
Wrote: 2024_county_results_with_final_1.csv
Rows before: 80
Rows after:  80
Dropped (fips == 0): 0

$ /home/ubuntu/.venv/bin/python3 /home/ubuntu/apps/election-app/stats/2-calc.py
Wrote 80 rows with calculations to /home/ubuntu/apps/election-app/win_prob/H/NE/03/_work/2024_county_results_with_calcs-old.csv

$ /home/ubuntu/.venv/bin/python3 /home/ubuntu/apps/election-app/stats/2-eevp.py
Wrote (no-op copy): 2024_county_results_with_calcs.csv
Columns:
 - timestamp
 - state
 - county
 - fips
 - trump_votes
 - harris_votes
 - other_votes
 - eevp
 - state_eevp
 - harris_votes_statewide
 - trump_votes_statewide
 - other_votes_statewide
 - final_state
 - final_county
 - final_fips
 - final_trump_votes
 - final_harris_votes
 - final_other_votes
 - harris_percent_snapshot
 - trump_percent_snapshot
 - margin_snapshot
 - harris_percent_final
 - trump_percent_final
 - margin_final
 - margin_difference
 - margin_difference_abs

$ /home/ubuntu/.venv/bin/python3 /home/ubuntu/apps/election-app/stats/3-calc-new.py
Wrote 80 rows with new columns to /home/ubuntu/apps/election-app/win_prob/H/NE/03/_work/2024_county_results_with_calcs_new.csv

$ /home/ubuntu/.venv/bin/python3 /home/ubuntu/apps/election-app/stats/4-stats.py
Reading 2024_county_results_with_calcs_new.csv...
Aggregating statewide totals...
Calculating percentages and margins...
Writing to output_statewide_stats.csv...
Done!
[2026-01-25 13:06:50] INFO: [PIPELINE] ENTER win-prob generation | states=['NE'] ts_list=['2024-11-05T15-30-22']

============================================================================
[01/1] STATE = NE
============================================================================

$ /home/ubuntu/.venv/bin/python3 /home/ubuntu/apps/election-app/stats/5-snapshots.py --state NE --input /home/ubuntu/apps/election-app/win_prob/H/NE/03/_work/output_statewide_stats.csv --output /home/ubuntu/apps/election-app/win_prob/H/NE/03/snapshots_NE.csv --start 2024-11-05T15-30-22 --end 2024-11-05T15-30-22 --use-window 1 --interval 30
Mode: windowed-one-state
Rows written: 80
Distinct states in output: NE
Rows per normalized timestamp (empty = unparseable):
  2024-11-05T15-30-22: 80
Wrote /home/ubuntu/apps/election-app/win_prob/H/NE/03/snapshots_NE.csv

$ /home/ubuntu/.venv/bin/python3 /home/ubuntu/apps/election-app/stats/6-pval.py /home/ubuntu/apps/election-app/win_prob/H/NE/03/snapshots_NE.csv -t /home/ubuntu/apps/election-app/stats/parameters.csv -o /home/ubuntu/apps/election-app/win_prob/H/NE/03/data_output_NE.csv -c 50
Done. Wrote: /home/ubuntu/apps/election-app/win_prob/H/NE/03/data_output_NE.csv
Total rows: 80 (chunked, resumable).
Computed columns for PVALS = [0.01, 0.1, 1, 2, 3, 5, 10, 15, 20, 25, 30, 35, 40, 45, 50, 55, 60, 65, 70, 75, 80, 85, 90, 95, 97, 98, 99, 99.9, 99.99]
Per p (leader): shift_{p}, margin_new_{p}, harris_percent_new_{p}, trump_percent_new_{p}, total_snapshot_{p}, total_expected_{p}, harris_votes_new_{p}, trump_votes_new_{p}
Per p (trailing): shift_trailing_{p}, margin_new_{p}_trailing, harris_percent_new_{p}_trailing, trump_percent_new_{p}_trailing, total_snapshot_{p}_trailing, total_expected_{p}_trailing, harris_votes_new_{p}_trailing, trump_votes_new_{p}_trailing
Checkpoint saved at: /home/ubuntu/apps/election-app/win_prob/H/NE/03/data_output_NE.csv.checkpoint.json

$ /home/ubuntu/.venv/bin/python3 /home/ubuntu/apps/election-app/stats/7-margin-new.py
Wrote data_output_with_margins_old.csv

$ /home/ubuntu/.venv/bin/python3 /home/ubuntu/apps/election-app/stats/7-eevp-statewide.py
Wrote data_output_with_margins.csv (copied from data_output_with_margins_old.csv)

$ /home/ubuntu/.venv/bin/python3 /home/ubuntu/apps/election-app/stats/7.py --input /home/ubuntu/apps/election-app/win_prob/H/NE/03/data_output_NE_with_margins_statewide_eevp.csv --output /home/ubuntu/apps/election-app/win_prob/H/NE/03/statewide_margin_pct_vs_percent_NE_2026.png --state NE --start 2024-11-05T15-30-22 --end 2024-11-05T15-30-22 --stats /home/ubuntu/apps/election-app/win_prob/H/NE/03/stats.csv --stats2 /home/ubuntu/apps/election-app/win_prob/H/NE/03/stats2.csv --interval 30 --year 2026 --jsonl /home/ubuntu/apps/election-app/win_prob/H/NE/03/plotdata_NE_2026_2026-01-25T13-06-41.jsonl
[info] evaluating 1 timestamps from 2024-11-05T15-30-22 to 2024-11-05T15-30-22 every 30 minutes
[saved] probs_timeseries_NE.csv  (1 points)
[saved] /home/ubuntu/apps/election-app/win_prob/H/NE/03/plotdata_NE_2026_2026-01-25T13-06-41.jsonl  (4 points)
[saved] /home/ubuntu/apps/election-app/win_prob/H/NE/03/statewide_margin_pct_vs_percent_NE_2026_box.json
[saved] /home/ubuntu/apps/election-app/win_prob/H/NE/03/statewide_margin_pct_vs_percent_NE_2026_box.png
[saved] /home/ubuntu/apps/election-app/win_prob/H/NE/03/statewide_margin_pct_vs_percent_NE_2026.png

All 50 states complete. See: /home/ubuntu/apps/election-app/win_prob/H/NE/03

$ /home/ubuntu/.venv/bin/python3 /home/ubuntu/apps/election-app/stats/8.py --root /home/ubuntu/apps/election-app/win_prob/H/NE/03/_work --outdir /home/ubuntu/apps/election-app/win_prob/H/NE/03
[info] root  = /home/ubuntu/apps/election-app/win_prob/H/NE/03/_work
[info] outdir= /home/ubuntu/apps/election-app/win_prob/H/NE/03
[deleted] /home/ubuntu/apps/election-app/win_prob/H/NE/03/_work/stats_with_statewide.csv
[deleted] /home/ubuntu/apps/election-app/win_prob/H/NE/03/_work/stats2_final_headers.csv
[deleted] /home/ubuntu/apps/election-app/win_prob/H/NE/03/_work/2024_county_results_with_final-old.csv
[deleted] /home/ubuntu/apps/election-app/win_prob/H/NE/03/_work/2024_county_results_with_final.csv
[deleted] /home/ubuntu/apps/election-app/win_prob/H/NE/03/_work/2024_county_results_with_final_1.csv
[deleted] /home/ubuntu/apps/election-app/win_prob/H/NE/03/_work/2024_county_results_with_calcs-old.csv
[deleted] /home/ubuntu/apps/election-app/win_prob/H/NE/03/_work/2024_county_results_with_calcs_new.csv
[deleted] /home/ubuntu/apps/election-app/win_prob/H/NE/03/_work/output_statewide_stats.csv
[skip]    /home/ubuntu/apps/election-app/win_prob/H/NE/03/_work/probs_timeseries_PA.csv
[deleted] /home/ubuntu/apps/election-app/win_prob/H/NE/03/_work/2024_county_results_with_calcs.csv
[skip]    /home/ubuntu/apps/election-app/win_prob/H/NE/03/data_output.csv
[skip]    /home/ubuntu/apps/election-app/win_prob/H/NE/03/data_output_with_margins_old.csv
[skip]    /home/ubuntu/apps/election-app/win_prob/H/NE/03/data_output_with_margins.csv
[skip]    /home/ubuntu/apps/election-app/win_prob/H/NE/03/data_output_with_margins-statewide.csv
[deleted] /home/ubuntu/apps/election-app/win_prob/H/NE/03/snapshots_NE.csv
[deleted] /home/ubuntu/apps/election-app/win_prob/H/NE/03/data_output_NE_with_margins.csv
[deleted] /home/ubuntu/apps/election-app/win_prob/H/NE/03/data_output_NE.csv
[deleted] /home/ubuntu/apps/election-app/win_prob/H/NE/03/data_output_NE_with_margins_statewide_eevp.csv
[deleted] /home/ubuntu/apps/election-app/win_prob/H/NE/03/data_output_NE.csv.checkpoint.json
[deleted] /home/ubuntu/apps/election-app/win_prob/H/NE/03/stats.csv
[deleted] /home/ubuntu/apps/election-app/win_prob/H/NE/03/stats2.csv
[done] removed 16 file(s)
[2026-01-25 13:14:02] INFO: [PIPELINE] args: office=H state=NE district=03
[2026-01-25 13:14:02] INFO: [PIPELINE] WINPROB_DIR resolved to: /home/ubuntu/apps/election-app/win_prob/H/NE/03
[2026-01-25 13:14:02] INFO: [PIPELINE] OUTDIR set to: /home/ubuntu/apps/election-app/win_prob/H/NE/03

$ /home/ubuntu/.venv/bin/python3 /home/ubuntu/apps/election-app/stats/1-statewide.py --input /home/ubuntu/apps/election-app/win_prob/H/NE/03/stats.csv --output /home/ubuntu/apps/election-app/win_prob/H/NE/03/_work/stats_with_statewide.csv
Wrote /home/ubuntu/apps/election-app/win_prob/H/NE/03/_work/stats_with_statewide.csv (rows=80)

$ /home/ubuntu/.venv/bin/python3 /home/ubuntu/apps/election-app/stats/1-stats-2.py --input /home/ubuntu/apps/election-app/win_prob/H/NE/03/stats2.csv --output /home/ubuntu/apps/election-app/win_prob/H/NE/03/_work/stats2_final_headers.csv
Wrote /home/ubuntu/apps/election-app/win_prob/H/NE/03/_work/stats2_final_headers.csv (rows=80)

$ /home/ubuntu/.venv/bin/python3 /home/ubuntu/apps/election-app/stats/1-append-new.py
Wrote 2024_county_results_with_final-old.csv (rows=80, missing_final_matches=0)

$ /home/ubuntu/.venv/bin/python3 /home/ubuntu/apps/election-app/stats/1-change_header.py
Wrote: 2024_county_results_with_final.csv

$ /home/ubuntu/.venv/bin/python3 /home/ubuntu/apps/election-app/stats/1-cut-zero-fips.py
Wrote: 2024_county_results_with_final_1.csv
Rows before: 80
Rows after:  80
Dropped (fips == 0): 0

$ /home/ubuntu/.venv/bin/python3 /home/ubuntu/apps/election-app/stats/2-calc.py
Wrote 80 rows with calculations to /home/ubuntu/apps/election-app/win_prob/H/NE/03/_work/2024_county_results_with_calcs-old.csv

$ /home/ubuntu/.venv/bin/python3 /home/ubuntu/apps/election-app/stats/2-eevp.py
Wrote (no-op copy): 2024_county_results_with_calcs.csv
Columns:
 - timestamp
 - state
 - county
 - fips
 - trump_votes
 - harris_votes
 - other_votes
 - eevp
 - state_eevp
 - harris_votes_statewide
 - trump_votes_statewide
 - other_votes_statewide
 - final_state
 - final_county
 - final_fips
 - final_trump_votes
 - final_harris_votes
 - final_other_votes
 - harris_percent_snapshot
 - trump_percent_snapshot
 - margin_snapshot
 - harris_percent_final
 - trump_percent_final
 - margin_final
 - margin_difference
 - margin_difference_abs

$ /home/ubuntu/.venv/bin/python3 /home/ubuntu/apps/election-app/stats/3-calc-new.py
Wrote 80 rows with new columns to /home/ubuntu/apps/election-app/win_prob/H/NE/03/_work/2024_county_results_with_calcs_new.csv

$ /home/ubuntu/.venv/bin/python3 /home/ubuntu/apps/election-app/stats/4-stats.py
Reading 2024_county_results_with_calcs_new.csv...
Aggregating statewide totals...
Calculating percentages and margins...
Writing to output_statewide_stats.csv...
Done!
[2026-01-25 13:14:11] INFO: [PIPELINE] ENTER win-prob generation | states=['NE'] ts_list=['2024-11-05T15-30-22']

============================================================================
[01/1] STATE = NE
============================================================================

$ /home/ubuntu/.venv/bin/python3 /home/ubuntu/apps/election-app/stats/5-snapshots.py --state NE --input /home/ubuntu/apps/election-app/win_prob/H/NE/03/_work/output_statewide_stats.csv --output /home/ubuntu/apps/election-app/win_prob/H/NE/03/snapshots_NE.csv --start 2024-11-05T15-30-22 --end 2024-11-05T15-30-22 --use-window 1 --interval 30
Mode: windowed-one-state
Rows written: 80
Distinct states in output: NE
Rows per normalized timestamp (empty = unparseable):
  2024-11-05T15-30-22: 80
Wrote /home/ubuntu/apps/election-app/win_prob/H/NE/03/snapshots_NE.csv

$ /home/ubuntu/.venv/bin/python3 /home/ubuntu/apps/election-app/stats/6-pval.py /home/ubuntu/apps/election-app/win_prob/H/NE/03/snapshots_NE.csv -t /home/ubuntu/apps/election-app/stats/parameters.csv -o /home/ubuntu/apps/election-app/win_prob/H/NE/03/data_output_NE.csv -c 50
Done. Wrote: /home/ubuntu/apps/election-app/win_prob/H/NE/03/data_output_NE.csv
Total rows: 80 (chunked, resumable).
Computed columns for PVALS = [0.01, 0.1, 1, 2, 3, 5, 10, 15, 20, 25, 30, 35, 40, 45, 50, 55, 60, 65, 70, 75, 80, 85, 90, 95, 97, 98, 99, 99.9, 99.99]
Per p (leader): shift_{p}, margin_new_{p}, harris_percent_new_{p}, trump_percent_new_{p}, total_snapshot_{p}, total_expected_{p}, harris_votes_new_{p}, trump_votes_new_{p}
Per p (trailing): shift_trailing_{p}, margin_new_{p}_trailing, harris_percent_new_{p}_trailing, trump_percent_new_{p}_trailing, total_snapshot_{p}_trailing, total_expected_{p}_trailing, harris_votes_new_{p}_trailing, trump_votes_new_{p}_trailing
Checkpoint saved at: /home/ubuntu/apps/election-app/win_prob/H/NE/03/data_output_NE.csv.checkpoint.json

$ /home/ubuntu/.venv/bin/python3 /home/ubuntu/apps/election-app/stats/7-margin-new.py
Wrote data_output_with_margins_old.csv

$ /home/ubuntu/.venv/bin/python3 /home/ubuntu/apps/election-app/stats/7-eevp-statewide.py
Wrote data_output_with_margins.csv (copied from data_output_with_margins_old.csv)

$ /home/ubuntu/.venv/bin/python3 /home/ubuntu/apps/election-app/stats/7.py --input /home/ubuntu/apps/election-app/win_prob/H/NE/03/data_output_NE_with_margins_statewide_eevp.csv --output /home/ubuntu/apps/election-app/win_prob/H/NE/03/statewide_margin_pct_vs_percent_NE_2026.png --state NE --start 2024-11-05T15-30-22 --end 2024-11-05T15-30-22 --stats /home/ubuntu/apps/election-app/win_prob/H/NE/03/stats.csv --stats2 /home/ubuntu/apps/election-app/win_prob/H/NE/03/stats2.csv --interval 30 --year 2026 --jsonl /home/ubuntu/apps/election-app/win_prob/H/NE/03/plotdata_NE_2026_2026-01-25T13-14-02.jsonl
[info] evaluating 1 timestamps from 2024-11-05T15-30-22 to 2024-11-05T15-30-22 every 30 minutes
[saved] probs_timeseries_NE.csv  (1 points)
[saved] /home/ubuntu/apps/election-app/win_prob/H/NE/03/plotdata_NE_2026_2026-01-25T13-14-02.jsonl  (4 points)
[saved] /home/ubuntu/apps/election-app/win_prob/H/NE/03/statewide_margin_pct_vs_percent_NE_2026_box.json
[saved] /home/ubuntu/apps/election-app/win_prob/H/NE/03/statewide_margin_pct_vs_percent_NE_2026_box.png
[saved] /home/ubuntu/apps/election-app/win_prob/H/NE/03/statewide_margin_pct_vs_percent_NE_2026.png

All 50 states complete. See: /home/ubuntu/apps/election-app/win_prob/H/NE/03

$ /home/ubuntu/.venv/bin/python3 /home/ubuntu/apps/election-app/stats/8.py --root /home/ubuntu/apps/election-app/win_prob/H/NE/03/_work --outdir /home/ubuntu/apps/election-app/win_prob/H/NE/03
[info] root  = /home/ubuntu/apps/election-app/win_prob/H/NE/03/_work
[info] outdir= /home/ubuntu/apps/election-app/win_prob/H/NE/03
[deleted] /home/ubuntu/apps/election-app/win_prob/H/NE/03/_work/stats_with_statewide.csv
[deleted] /home/ubuntu/apps/election-app/win_prob/H/NE/03/_work/stats2_final_headers.csv
[deleted] /home/ubuntu/apps/election-app/win_prob/H/NE/03/_work/2024_county_results_with_final-old.csv
[deleted] /home/ubuntu/apps/election-app/win_prob/H/NE/03/_work/2024_county_results_with_final.csv
[deleted] /home/ubuntu/apps/election-app/win_prob/H/NE/03/_work/2024_county_results_with_final_1.csv
[deleted] /home/ubuntu/apps/election-app/win_prob/H/NE/03/_work/2024_county_results_with_calcs-old.csv
[deleted] /home/ubuntu/apps/election-app/win_prob/H/NE/03/_work/2024_county_results_with_calcs_new.csv
[deleted] /home/ubuntu/apps/election-app/win_prob/H/NE/03/_work/output_statewide_stats.csv
[skip]    /home/ubuntu/apps/election-app/win_prob/H/NE/03/_work/probs_timeseries_PA.csv
[deleted] /home/ubuntu/apps/election-app/win_prob/H/NE/03/_work/2024_county_results_with_calcs.csv
[skip]    /home/ubuntu/apps/election-app/win_prob/H/NE/03/data_output.csv
[skip]    /home/ubuntu/apps/election-app/win_prob/H/NE/03/data_output_with_margins_old.csv
[skip]    /home/ubuntu/apps/election-app/win_prob/H/NE/03/data_output_with_margins.csv
[skip]    /home/ubuntu/apps/election-app/win_prob/H/NE/03/data_output_with_margins-statewide.csv
[deleted] /home/ubuntu/apps/election-app/win_prob/H/NE/03/snapshots_NE.csv
[deleted] /home/ubuntu/apps/election-app/win_prob/H/NE/03/data_output_NE_with_margins.csv
[deleted] /home/ubuntu/apps/election-app/win_prob/H/NE/03/data_output_NE.csv
[deleted] /home/ubuntu/apps/election-app/win_prob/H/NE/03/data_output_NE_with_margins_statewide_eevp.csv
[deleted] /home/ubuntu/apps/election-app/win_prob/H/NE/03/data_output_NE.csv.checkpoint.json
[deleted] /home/ubuntu/apps/election-app/win_prob/H/NE/03/stats.csv
[deleted] /home/ubuntu/apps/election-app/win_prob/H/NE/03/stats2.csv
[done] removed 16 file(s)
[2026-01-25 13:21:04] INFO: [PIPELINE] args: office=H state=NE district=03
[2026-01-25 13:21:04] INFO: [PIPELINE] WINPROB_DIR resolved to: /home/ubuntu/apps/election-app/win_prob/H/NE/03
[2026-01-25 13:21:04] INFO: [PIPELINE] OUTDIR set to: /home/ubuntu/apps/election-app/win_prob/H/NE/03

$ /home/ubuntu/.venv/bin/python3 /home/ubuntu/apps/election-app/stats/1-statewide.py --input /home/ubuntu/apps/election-app/win_prob/H/NE/03/stats.csv --output /home/ubuntu/apps/election-app/win_prob/H/NE/03/_work/stats_with_statewide.csv
Wrote /home/ubuntu/apps/election-app/win_prob/H/NE/03/_work/stats_with_statewide.csv (rows=80)

$ /home/ubuntu/.venv/bin/python3 /home/ubuntu/apps/election-app/stats/1-stats-2.py --input /home/ubuntu/apps/election-app/win_prob/H/NE/03/stats2.csv --output /home/ubuntu/apps/election-app/win_prob/H/NE/03/_work/stats2_final_headers.csv
Wrote /home/ubuntu/apps/election-app/win_prob/H/NE/03/_work/stats2_final_headers.csv (rows=80)

$ /home/ubuntu/.venv/bin/python3 /home/ubuntu/apps/election-app/stats/1-append-new.py
Wrote 2024_county_results_with_final-old.csv (rows=80, missing_final_matches=0)

$ /home/ubuntu/.venv/bin/python3 /home/ubuntu/apps/election-app/stats/1-change_header.py
Wrote: 2024_county_results_with_final.csv

$ /home/ubuntu/.venv/bin/python3 /home/ubuntu/apps/election-app/stats/1-cut-zero-fips.py
Wrote: 2024_county_results_with_final_1.csv
Rows before: 80
Rows after:  80
Dropped (fips == 0): 0

$ /home/ubuntu/.venv/bin/python3 /home/ubuntu/apps/election-app/stats/2-calc.py
Wrote 80 rows with calculations to /home/ubuntu/apps/election-app/win_prob/H/NE/03/_work/2024_county_results_with_calcs-old.csv

$ /home/ubuntu/.venv/bin/python3 /home/ubuntu/apps/election-app/stats/2-eevp.py
Wrote (no-op copy): 2024_county_results_with_calcs.csv
Columns:
 - timestamp
 - state
 - county
 - fips
 - trump_votes
 - harris_votes
 - other_votes
 - eevp
 - state_eevp
 - harris_votes_statewide
 - trump_votes_statewide
 - other_votes_statewide
 - final_state
 - final_county
 - final_fips
 - final_trump_votes
 - final_harris_votes
 - final_other_votes
 - harris_percent_snapshot
 - trump_percent_snapshot
 - margin_snapshot
 - harris_percent_final
 - trump_percent_final
 - margin_final
 - margin_difference
 - margin_difference_abs

$ /home/ubuntu/.venv/bin/python3 /home/ubuntu/apps/election-app/stats/3-calc-new.py
Wrote 80 rows with new columns to /home/ubuntu/apps/election-app/win_prob/H/NE/03/_work/2024_county_results_with_calcs_new.csv

$ /home/ubuntu/.venv/bin/python3 /home/ubuntu/apps/election-app/stats/4-stats.py
Reading 2024_county_results_with_calcs_new.csv...
Aggregating statewide totals...
Calculating percentages and margins...
Writing to output_statewide_stats.csv...
Done!
[2026-01-25 13:21:13] INFO: [PIPELINE] ENTER win-prob generation | states=['NE'] ts_list=['2024-11-05T15-30-22']

============================================================================
[01/1] STATE = NE
============================================================================

$ /home/ubuntu/.venv/bin/python3 /home/ubuntu/apps/election-app/stats/5-snapshots.py --state NE --input /home/ubuntu/apps/election-app/win_prob/H/NE/03/_work/output_statewide_stats.csv --output /home/ubuntu/apps/election-app/win_prob/H/NE/03/snapshots_NE.csv --start 2024-11-05T15-30-22 --end 2024-11-05T15-30-22 --use-window 1 --interval 30
Mode: windowed-one-state
Rows written: 80
Distinct states in output: NE
Rows per normalized timestamp (empty = unparseable):
  2024-11-05T15-30-22: 80
Wrote /home/ubuntu/apps/election-app/win_prob/H/NE/03/snapshots_NE.csv

$ /home/ubuntu/.venv/bin/python3 /home/ubuntu/apps/election-app/stats/6-pval.py /home/ubuntu/apps/election-app/win_prob/H/NE/03/snapshots_NE.csv -t /home/ubuntu/apps/election-app/stats/parameters.csv -o /home/ubuntu/apps/election-app/win_prob/H/NE/03/data_output_NE.csv -c 50
Done. Wrote: /home/ubuntu/apps/election-app/win_prob/H/NE/03/data_output_NE.csv
Total rows: 80 (chunked, resumable).
Computed columns for PVALS = [0.01, 0.1, 1, 2, 3, 5, 10, 15, 20, 25, 30, 35, 40, 45, 50, 55, 60, 65, 70, 75, 80, 85, 90, 95, 97, 98, 99, 99.9, 99.99]
Per p (leader): shift_{p}, margin_new_{p}, harris_percent_new_{p}, trump_percent_new_{p}, total_snapshot_{p}, total_expected_{p}, harris_votes_new_{p}, trump_votes_new_{p}
Per p (trailing): shift_trailing_{p}, margin_new_{p}_trailing, harris_percent_new_{p}_trailing, trump_percent_new_{p}_trailing, total_snapshot_{p}_trailing, total_expected_{p}_trailing, harris_votes_new_{p}_trailing, trump_votes_new_{p}_trailing
Checkpoint saved at: /home/ubuntu/apps/election-app/win_prob/H/NE/03/data_output_NE.csv.checkpoint.json

$ /home/ubuntu/.venv/bin/python3 /home/ubuntu/apps/election-app/stats/7-margin-new.py
Wrote data_output_with_margins_old.csv

$ /home/ubuntu/.venv/bin/python3 /home/ubuntu/apps/election-app/stats/7-eevp-statewide.py
Wrote data_output_with_margins.csv (copied from data_output_with_margins_old.csv)

$ /home/ubuntu/.venv/bin/python3 /home/ubuntu/apps/election-app/stats/7.py --input /home/ubuntu/apps/election-app/win_prob/H/NE/03/data_output_NE_with_margins_statewide_eevp.csv --output /home/ubuntu/apps/election-app/win_prob/H/NE/03/statewide_margin_pct_vs_percent_NE_2026.png --state NE --start 2024-11-05T15-30-22 --end 2024-11-05T15-30-22 --stats /home/ubuntu/apps/election-app/win_prob/H/NE/03/stats.csv --stats2 /home/ubuntu/apps/election-app/win_prob/H/NE/03/stats2.csv --interval 30 --year 2026 --jsonl /home/ubuntu/apps/election-app/win_prob/H/NE/03/plotdata_NE_2026_2026-01-25T13-21-04.jsonl
[info] evaluating 1 timestamps from 2024-11-05T15-30-22 to 2024-11-05T15-30-22 every 30 minutes
[saved] probs_timeseries_NE.csv  (1 points)
[saved] /home/ubuntu/apps/election-app/win_prob/H/NE/03/plotdata_NE_2026_2026-01-25T13-21-04.jsonl  (4 points)
[saved] /home/ubuntu/apps/election-app/win_prob/H/NE/03/statewide_margin_pct_vs_percent_NE_2026_box.json
[saved] /home/ubuntu/apps/election-app/win_prob/H/NE/03/statewide_margin_pct_vs_percent_NE_2026_box.png
[saved] /home/ubuntu/apps/election-app/win_prob/H/NE/03/statewide_margin_pct_vs_percent_NE_2026.png

All 50 states complete. See: /home/ubuntu/apps/election-app/win_prob/H/NE/03

$ /home/ubuntu/.venv/bin/python3 /home/ubuntu/apps/election-app/stats/8.py --root /home/ubuntu/apps/election-app/win_prob/H/NE/03/_work --outdir /home/ubuntu/apps/election-app/win_prob/H/NE/03
[info] root  = /home/ubuntu/apps/election-app/win_prob/H/NE/03/_work
[info] outdir= /home/ubuntu/apps/election-app/win_prob/H/NE/03
[deleted] /home/ubuntu/apps/election-app/win_prob/H/NE/03/_work/stats_with_statewide.csv
[deleted] /home/ubuntu/apps/election-app/win_prob/H/NE/03/_work/stats2_final_headers.csv
[deleted] /home/ubuntu/apps/election-app/win_prob/H/NE/03/_work/2024_county_results_with_final-old.csv
[deleted] /home/ubuntu/apps/election-app/win_prob/H/NE/03/_work/2024_county_results_with_final.csv
[deleted] /home/ubuntu/apps/election-app/win_prob/H/NE/03/_work/2024_county_results_with_final_1.csv
[deleted] /home/ubuntu/apps/election-app/win_prob/H/NE/03/_work/2024_county_results_with_calcs-old.csv
[deleted] /home/ubuntu/apps/election-app/win_prob/H/NE/03/_work/2024_county_results_with_calcs_new.csv
[deleted] /home/ubuntu/apps/election-app/win_prob/H/NE/03/_work/output_statewide_stats.csv
[skip]    /home/ubuntu/apps/election-app/win_prob/H/NE/03/_work/probs_timeseries_PA.csv
[deleted] /home/ubuntu/apps/election-app/win_prob/H/NE/03/_work/2024_county_results_with_calcs.csv
[skip]    /home/ubuntu/apps/election-app/win_prob/H/NE/03/data_output.csv
[skip]    /home/ubuntu/apps/election-app/win_prob/H/NE/03/data_output_with_margins_old.csv
[skip]    /home/ubuntu/apps/election-app/win_prob/H/NE/03/data_output_with_margins.csv
[skip]    /home/ubuntu/apps/election-app/win_prob/H/NE/03/data_output_with_margins-statewide.csv
[deleted] /home/ubuntu/apps/election-app/win_prob/H/NE/03/snapshots_NE.csv
[deleted] /home/ubuntu/apps/election-app/win_prob/H/NE/03/data_output_NE_with_margins.csv
[deleted] /home/ubuntu/apps/election-app/win_prob/H/NE/03/data_output_NE.csv
[deleted] /home/ubuntu/apps/election-app/win_prob/H/NE/03/data_output_NE_with_margins_statewide_eevp.csv
[deleted] /home/ubuntu/apps/election-app/win_prob/H/NE/03/data_output_NE.csv.checkpoint.json
[deleted] /home/ubuntu/apps/election-app/win_prob/H/NE/03/stats.csv
[deleted] /home/ubuntu/apps/election-app/win_prob/H/NE/03/stats2.csv
[done] removed 16 file(s)
[2026-01-25 13:28:06] INFO: [PIPELINE] args: office=H state=NE district=03
[2026-01-25 13:28:06] INFO: [PIPELINE] WINPROB_DIR resolved to: /home/ubuntu/apps/election-app/win_prob/H/NE/03
[2026-01-25 13:28:06] INFO: [PIPELINE] OUTDIR set to: /home/ubuntu/apps/election-app/win_prob/H/NE/03

$ /home/ubuntu/.venv/bin/python3 /home/ubuntu/apps/election-app/stats/1-statewide.py --input /home/ubuntu/apps/election-app/win_prob/H/NE/03/stats.csv --output /home/ubuntu/apps/election-app/win_prob/H/NE/03/_work/stats_with_statewide.csv
Wrote /home/ubuntu/apps/election-app/win_prob/H/NE/03/_work/stats_with_statewide.csv (rows=80)

$ /home/ubuntu/.venv/bin/python3 /home/ubuntu/apps/election-app/stats/1-stats-2.py --input /home/ubuntu/apps/election-app/win_prob/H/NE/03/stats2.csv --output /home/ubuntu/apps/election-app/win_prob/H/NE/03/_work/stats2_final_headers.csv
Wrote /home/ubuntu/apps/election-app/win_prob/H/NE/03/_work/stats2_final_headers.csv (rows=80)

$ /home/ubuntu/.venv/bin/python3 /home/ubuntu/apps/election-app/stats/1-append-new.py
Wrote 2024_county_results_with_final-old.csv (rows=80, missing_final_matches=0)

$ /home/ubuntu/.venv/bin/python3 /home/ubuntu/apps/election-app/stats/1-change_header.py
Wrote: 2024_county_results_with_final.csv

$ /home/ubuntu/.venv/bin/python3 /home/ubuntu/apps/election-app/stats/1-cut-zero-fips.py
Wrote: 2024_county_results_with_final_1.csv
Rows before: 80
Rows after:  80
Dropped (fips == 0): 0

$ /home/ubuntu/.venv/bin/python3 /home/ubuntu/apps/election-app/stats/2-calc.py
Wrote 80 rows with calculations to /home/ubuntu/apps/election-app/win_prob/H/NE/03/_work/2024_county_results_with_calcs-old.csv

$ /home/ubuntu/.venv/bin/python3 /home/ubuntu/apps/election-app/stats/2-eevp.py
Wrote (no-op copy): 2024_county_results_with_calcs.csv
Columns:
 - timestamp
 - state
 - county
 - fips
 - trump_votes
 - harris_votes
 - other_votes
 - eevp
 - state_eevp
 - harris_votes_statewide
 - trump_votes_statewide
 - other_votes_statewide
 - final_state
 - final_county
 - final_fips
 - final_trump_votes
 - final_harris_votes
 - final_other_votes
 - harris_percent_snapshot
 - trump_percent_snapshot
 - margin_snapshot
 - harris_percent_final
 - trump_percent_final
 - margin_final
 - margin_difference
 - margin_difference_abs

$ /home/ubuntu/.venv/bin/python3 /home/ubuntu/apps/election-app/stats/3-calc-new.py
Wrote 80 rows with new columns to /home/ubuntu/apps/election-app/win_prob/H/NE/03/_work/2024_county_results_with_calcs_new.csv

$ /home/ubuntu/.venv/bin/python3 /home/ubuntu/apps/election-app/stats/4-stats.py
Reading 2024_county_results_with_calcs_new.csv...
Aggregating statewide totals...
Calculating percentages and margins...
Writing to output_statewide_stats.csv...
Done!
[2026-01-25 13:28:15] INFO: [PIPELINE] ENTER win-prob generation | states=['NE'] ts_list=['2024-11-05T15-30-22']

============================================================================
[01/1] STATE = NE
============================================================================

$ /home/ubuntu/.venv/bin/python3 /home/ubuntu/apps/election-app/stats/5-snapshots.py --state NE --input /home/ubuntu/apps/election-app/win_prob/H/NE/03/_work/output_statewide_stats.csv --output /home/ubuntu/apps/election-app/win_prob/H/NE/03/snapshots_NE.csv --start 2024-11-05T15-30-22 --end 2024-11-05T15-30-22 --use-window 1 --interval 30
Mode: windowed-one-state
Rows written: 80
Distinct states in output: NE
Rows per normalized timestamp (empty = unparseable):
  2024-11-05T15-30-22: 80
Wrote /home/ubuntu/apps/election-app/win_prob/H/NE/03/snapshots_NE.csv

$ /home/ubuntu/.venv/bin/python3 /home/ubuntu/apps/election-app/stats/6-pval.py /home/ubuntu/apps/election-app/win_prob/H/NE/03/snapshots_NE.csv -t /home/ubuntu/apps/election-app/stats/parameters.csv -o /home/ubuntu/apps/election-app/win_prob/H/NE/03/data_output_NE.csv -c 50
Done. Wrote: /home/ubuntu/apps/election-app/win_prob/H/NE/03/data_output_NE.csv
Total rows: 80 (chunked, resumable).
Computed columns for PVALS = [0.01, 0.1, 1, 2, 3, 5, 10, 15, 20, 25, 30, 35, 40, 45, 50, 55, 60, 65, 70, 75, 80, 85, 90, 95, 97, 98, 99, 99.9, 99.99]
Per p (leader): shift_{p}, margin_new_{p}, harris_percent_new_{p}, trump_percent_new_{p}, total_snapshot_{p}, total_expected_{p}, harris_votes_new_{p}, trump_votes_new_{p}
Per p (trailing): shift_trailing_{p}, margin_new_{p}_trailing, harris_percent_new_{p}_trailing, trump_percent_new_{p}_trailing, total_snapshot_{p}_trailing, total_expected_{p}_trailing, harris_votes_new_{p}_trailing, trump_votes_new_{p}_trailing
Checkpoint saved at: /home/ubuntu/apps/election-app/win_prob/H/NE/03/data_output_NE.csv.checkpoint.json

$ /home/ubuntu/.venv/bin/python3 /home/ubuntu/apps/election-app/stats/7-margin-new.py
Wrote data_output_with_margins_old.csv

$ /home/ubuntu/.venv/bin/python3 /home/ubuntu/apps/election-app/stats/7-eevp-statewide.py
Wrote data_output_with_margins.csv (copied from data_output_with_margins_old.csv)

$ /home/ubuntu/.venv/bin/python3 /home/ubuntu/apps/election-app/stats/7.py --input /home/ubuntu/apps/election-app/win_prob/H/NE/03/data_output_NE_with_margins_statewide_eevp.csv --output /home/ubuntu/apps/election-app/win_prob/H/NE/03/statewide_margin_pct_vs_percent_NE_2026.png --state NE --start 2024-11-05T15-30-22 --end 2024-11-05T15-30-22 --stats /home/ubuntu/apps/election-app/win_prob/H/NE/03/stats.csv --stats2 /home/ubuntu/apps/election-app/win_prob/H/NE/03/stats2.csv --interval 30 --year 2026 --jsonl /home/ubuntu/apps/election-app/win_prob/H/NE/03/plotdata_NE_2026_2026-01-25T13-28-06.jsonl
[info] evaluating 1 timestamps from 2024-11-05T15-30-22 to 2024-11-05T15-30-22 every 30 minutes
[saved] probs_timeseries_NE.csv  (1 points)
[saved] /home/ubuntu/apps/election-app/win_prob/H/NE/03/plotdata_NE_2026_2026-01-25T13-28-06.jsonl  (4 points)
[saved] /home/ubuntu/apps/election-app/win_prob/H/NE/03/statewide_margin_pct_vs_percent_NE_2026_box.json
[saved] /home/ubuntu/apps/election-app/win_prob/H/NE/03/statewide_margin_pct_vs_percent_NE_2026_box.png
[saved] /home/ubuntu/apps/election-app/win_prob/H/NE/03/statewide_margin_pct_vs_percent_NE_2026.png

All 50 states complete. See: /home/ubuntu/apps/election-app/win_prob/H/NE/03

$ /home/ubuntu/.venv/bin/python3 /home/ubuntu/apps/election-app/stats/8.py --root /home/ubuntu/apps/election-app/win_prob/H/NE/03/_work --outdir /home/ubuntu/apps/election-app/win_prob/H/NE/03
[info] root  = /home/ubuntu/apps/election-app/win_prob/H/NE/03/_work
[info] outdir= /home/ubuntu/apps/election-app/win_prob/H/NE/03
[deleted] /home/ubuntu/apps/election-app/win_prob/H/NE/03/_work/stats_with_statewide.csv
[deleted] /home/ubuntu/apps/election-app/win_prob/H/NE/03/_work/stats2_final_headers.csv
[deleted] /home/ubuntu/apps/election-app/win_prob/H/NE/03/_work/2024_county_results_with_final-old.csv
[deleted] /home/ubuntu/apps/election-app/win_prob/H/NE/03/_work/2024_county_results_with_final.csv
[deleted] /home/ubuntu/apps/election-app/win_prob/H/NE/03/_work/2024_county_results_with_final_1.csv
[deleted] /home/ubuntu/apps/election-app/win_prob/H/NE/03/_work/2024_county_results_with_calcs-old.csv
[deleted] /home/ubuntu/apps/election-app/win_prob/H/NE/03/_work/2024_county_results_with_calcs_new.csv
[deleted] /home/ubuntu/apps/election-app/win_prob/H/NE/03/_work/output_statewide_stats.csv
[skip]    /home/ubuntu/apps/election-app/win_prob/H/NE/03/_work/probs_timeseries_PA.csv
[deleted] /home/ubuntu/apps/election-app/win_prob/H/NE/03/_work/2024_county_results_with_calcs.csv
[skip]    /home/ubuntu/apps/election-app/win_prob/H/NE/03/data_output.csv
[skip]    /home/ubuntu/apps/election-app/win_prob/H/NE/03/data_output_with_margins_old.csv
[skip]    /home/ubuntu/apps/election-app/win_prob/H/NE/03/data_output_with_margins.csv
[skip]    /home/ubuntu/apps/election-app/win_prob/H/NE/03/data_output_with_margins-statewide.csv
[deleted] /home/ubuntu/apps/election-app/win_prob/H/NE/03/snapshots_NE.csv
[deleted] /home/ubuntu/apps/election-app/win_prob/H/NE/03/data_output_NE_with_margins.csv
[deleted] /home/ubuntu/apps/election-app/win_prob/H/NE/03/data_output_NE.csv
[deleted] /home/ubuntu/apps/election-app/win_prob/H/NE/03/data_output_NE_with_margins_statewide_eevp.csv
[deleted] /home/ubuntu/apps/election-app/win_prob/H/NE/03/data_output_NE.csv.checkpoint.json
[deleted] /home/ubuntu/apps/election-app/win_prob/H/NE/03/stats.csv
[deleted] /home/ubuntu/apps/election-app/win_prob/H/NE/03/stats2.csv
[done] removed 16 file(s)
[2026-02-04 17:42:54] INFO: [PIPELINE] args: office=H state=NE district=03
[2026-02-04 17:42:54] INFO: [PIPELINE] WINPROB_DIR resolved to: /home/ubuntu/apps/election-app/win_prob/H/NE/03
[2026-02-04 17:42:54] INFO: [PIPELINE] OUTDIR set to: /home/ubuntu/apps/election-app/win_prob/H/NE/03

$ /home/ubuntu/.venv/bin/python3 /home/ubuntu/apps/election-app/stats/1-statewide.py --input /home/ubuntu/apps/election-app/win_prob/H/NE/03/stats.csv --output /home/ubuntu/apps/election-app/win_prob/H/NE/03/_work/stats_with_statewide.csv
Wrote /home/ubuntu/apps/election-app/win_prob/H/NE/03/_work/stats_with_statewide.csv (rows=80)

$ /home/ubuntu/.venv/bin/python3 /home/ubuntu/apps/election-app/stats/1-stats-2.py --input /home/ubuntu/apps/election-app/win_prob/H/NE/03/stats2.csv --output /home/ubuntu/apps/election-app/win_prob/H/NE/03/_work/stats2_final_headers.csv
Wrote /home/ubuntu/apps/election-app/win_prob/H/NE/03/_work/stats2_final_headers.csv (rows=80)

$ /home/ubuntu/.venv/bin/python3 /home/ubuntu/apps/election-app/stats/1-append-new.py
Wrote 2024_county_results_with_final-old.csv (rows=80, missing_final_matches=0)

$ /home/ubuntu/.venv/bin/python3 /home/ubuntu/apps/election-app/stats/1-change_header.py
Wrote: 2024_county_results_with_final.csv

$ /home/ubuntu/.venv/bin/python3 /home/ubuntu/apps/election-app/stats/1-cut-zero-fips.py
Wrote: 2024_county_results_with_final_1.csv
Rows before: 80
Rows after:  80
Dropped (fips == 0): 0

$ /home/ubuntu/.venv/bin/python3 /home/ubuntu/apps/election-app/stats/2-calc.py
Wrote 80 rows with calculations to /home/ubuntu/apps/election-app/win_prob/H/NE/03/_work/2024_county_results_with_calcs-old.csv

$ /home/ubuntu/.venv/bin/python3 /home/ubuntu/apps/election-app/stats/2-eevp.py
Wrote (no-op copy): 2024_county_results_with_calcs.csv
Columns:
 - timestamp
 - state
 - county
 - fips
 - trump_votes
 - harris_votes
 - other_votes
 - eevp
 - state_eevp
 - harris_votes_statewide
 - trump_votes_statewide
 - other_votes_statewide
 - final_state
 - final_county
 - final_fips
 - final_trump_votes
 - final_harris_votes
 - final_other_votes
 - harris_percent_snapshot
 - trump_percent_snapshot
 - margin_snapshot
 - harris_percent_final
 - trump_percent_final
 - margin_final
 - margin_difference
 - margin_difference_abs

$ /home/ubuntu/.venv/bin/python3 /home/ubuntu/apps/election-app/stats/3-calc-new.py
Wrote 80 rows with new columns to /home/ubuntu/apps/election-app/win_prob/H/NE/03/_work/2024_county_results_with_calcs_new.csv

$ /home/ubuntu/.venv/bin/python3 /home/ubuntu/apps/election-app/stats/4-stats.py
Reading 2024_county_results_with_calcs_new.csv...
Aggregating statewide totals...
Calculating percentages and margins...
Writing to output_statewide_stats.csv...
Done!
[2026-02-04 17:43:03] INFO: [PIPELINE] ENTER win-prob generation | states=['NE'] ts_list=['2024-11-05T15-30-22']

============================================================================
[01/1] STATE = NE
============================================================================

$ /home/ubuntu/.venv/bin/python3 /home/ubuntu/apps/election-app/stats/5-snapshots.py --state NE --input /home/ubuntu/apps/election-app/win_prob/H/NE/03/_work/output_statewide_stats.csv --output /home/ubuntu/apps/election-app/win_prob/H/NE/03/snapshots_NE.csv --start 2024-11-05T15-30-22 --end 2024-11-05T15-30-22 --use-window 1 --interval 30
Mode: windowed-one-state
Rows written: 80
Distinct states in output: NE
Rows per normalized timestamp (empty = unparseable):
  2024-11-05T15-30-22: 80
Wrote /home/ubuntu/apps/election-app/win_prob/H/NE/03/snapshots_NE.csv

$ /home/ubuntu/.venv/bin/python3 /home/ubuntu/apps/election-app/stats/6-pval.py /home/ubuntu/apps/election-app/win_prob/H/NE/03/snapshots_NE.csv -t /home/ubuntu/apps/election-app/stats/parameters.csv -o /home/ubuntu/apps/election-app/win_prob/H/NE/03/data_output_NE.csv -c 50
Done. Wrote: /home/ubuntu/apps/election-app/win_prob/H/NE/03/data_output_NE.csv
Total rows: 80 (chunked, resumable).
Computed columns for PVALS = [0.01, 0.1, 1, 2, 3, 5, 10, 15, 20, 25, 30, 35, 40, 45, 50, 55, 60, 65, 70, 75, 80, 85, 90, 95, 97, 98, 99, 99.9, 99.99]
Per p (leader): shift_{p}, margin_new_{p}, harris_percent_new_{p}, trump_percent_new_{p}, total_snapshot_{p}, total_expected_{p}, harris_votes_new_{p}, trump_votes_new_{p}
Per p (trailing): shift_trailing_{p}, margin_new_{p}_trailing, harris_percent_new_{p}_trailing, trump_percent_new_{p}_trailing, total_snapshot_{p}_trailing, total_expected_{p}_trailing, harris_votes_new_{p}_trailing, trump_votes_new_{p}_trailing
Checkpoint saved at: /home/ubuntu/apps/election-app/win_prob/H/NE/03/data_output_NE.csv.checkpoint.json

$ /home/ubuntu/.venv/bin/python3 /home/ubuntu/apps/election-app/stats/7-margin-new.py
Wrote data_output_with_margins_old.csv

$ /home/ubuntu/.venv/bin/python3 /home/ubuntu/apps/election-app/stats/7-eevp-statewide.py
Wrote data_output_with_margins.csv (copied from data_output_with_margins_old.csv)

$ /home/ubuntu/.venv/bin/python3 /home/ubuntu/apps/election-app/stats/7.py --input /home/ubuntu/apps/election-app/win_prob/H/NE/03/data_output_NE_with_margins_statewide_eevp.csv --output /home/ubuntu/apps/election-app/win_prob/H/NE/03/statewide_margin_pct_vs_percent_NE_2026.png --state NE --start 2024-11-05T15-30-22 --end 2024-11-05T15-30-22 --stats /home/ubuntu/apps/election-app/win_prob/H/NE/03/stats.csv --stats2 /home/ubuntu/apps/election-app/win_prob/H/NE/03/stats2.csv --interval 30 --year 2026 --jsonl /home/ubuntu/apps/election-app/win_prob/H/NE/03/plotdata_NE_2026_2026-02-04T17-42-54.jsonl
[info] evaluating 1 timestamps from 2024-11-05T15-30-22 to 2024-11-05T15-30-22 every 30 minutes
[saved] probs_timeseries_NE.csv  (1 points)
[saved] /home/ubuntu/apps/election-app/win_prob/H/NE/03/plotdata_NE_2026_2026-02-04T17-42-54.jsonl  (4 points)
[saved] /home/ubuntu/apps/election-app/win_prob/H/NE/03/statewide_margin_pct_vs_percent_NE_2026_box.json
[saved] /home/ubuntu/apps/election-app/win_prob/H/NE/03/statewide_margin_pct_vs_percent_NE_2026_box.png
[saved] /home/ubuntu/apps/election-app/win_prob/H/NE/03/statewide_margin_pct_vs_percent_NE_2026.png

All 50 states complete. See: /home/ubuntu/apps/election-app/win_prob/H/NE/03

$ /home/ubuntu/.venv/bin/python3 /home/ubuntu/apps/election-app/stats/8.py --root /home/ubuntu/apps/election-app/win_prob/H/NE/03/_work --outdir /home/ubuntu/apps/election-app/win_prob/H/NE/03
[info] root  = /home/ubuntu/apps/election-app/win_prob/H/NE/03/_work
[info] outdir= /home/ubuntu/apps/election-app/win_prob/H/NE/03
[deleted] /home/ubuntu/apps/election-app/win_prob/H/NE/03/_work/stats_with_statewide.csv
[deleted] /home/ubuntu/apps/election-app/win_prob/H/NE/03/_work/stats2_final_headers.csv
[deleted] /home/ubuntu/apps/election-app/win_prob/H/NE/03/_work/2024_county_results_with_final-old.csv
[deleted] /home/ubuntu/apps/election-app/win_prob/H/NE/03/_work/2024_county_results_with_final.csv
[deleted] /home/ubuntu/apps/election-app/win_prob/H/NE/03/_work/2024_county_results_with_final_1.csv
[deleted] /home/ubuntu/apps/election-app/win_prob/H/NE/03/_work/2024_county_results_with_calcs-old.csv
[deleted] /home/ubuntu/apps/election-app/win_prob/H/NE/03/_work/2024_county_results_with_calcs_new.csv
[deleted] /home/ubuntu/apps/election-app/win_prob/H/NE/03/_work/output_statewide_stats.csv
[skip]    /home/ubuntu/apps/election-app/win_prob/H/NE/03/_work/probs_timeseries_PA.csv
[deleted] /home/ubuntu/apps/election-app/win_prob/H/NE/03/_work/2024_county_results_with_calcs.csv
[skip]    /home/ubuntu/apps/election-app/win_prob/H/NE/03/data_output.csv
[skip]    /home/ubuntu/apps/election-app/win_prob/H/NE/03/data_output_with_margins_old.csv
[skip]    /home/ubuntu/apps/election-app/win_prob/H/NE/03/data_output_with_margins.csv
[skip]    /home/ubuntu/apps/election-app/win_prob/H/NE/03/data_output_with_margins-statewide.csv
[deleted] /home/ubuntu/apps/election-app/win_prob/H/NE/03/snapshots_NE.csv
[deleted] /home/ubuntu/apps/election-app/win_prob/H/NE/03/data_output_NE_with_margins.csv
[deleted] /home/ubuntu/apps/election-app/win_prob/H/NE/03/data_output_NE.csv
[deleted] /home/ubuntu/apps/election-app/win_prob/H/NE/03/data_output_NE_with_margins_statewide_eevp.csv
[deleted] /home/ubuntu/apps/election-app/win_prob/H/NE/03/data_output_NE.csv.checkpoint.json
[deleted] /home/ubuntu/apps/election-app/win_prob/H/NE/03/stats.csv
[deleted] /home/ubuntu/apps/election-app/win_prob/H/NE/03/stats2.csv
[done] removed 16 file(s)
