[2026-01-24 00:33:22] INFO: [PIPELINE] args: office=S state=PA district=None
[2026-01-24 00:33:22] INFO: [PIPELINE] WINPROB_DIR resolved to: /home/ubuntu/apps/election-app/win_prob/S/PA
[2026-01-24 00:33:22] INFO: [PIPELINE] OUTDIR set to: /home/ubuntu/apps/election-app/win_prob/S/PA

$ /home/ubuntu/.venv/bin/python3 /home/ubuntu/apps/election-app/stats/1-statewide.py --input /home/ubuntu/apps/election-app/win_prob/S/PA/stats.csv --output /home/ubuntu/apps/election-app/win_prob/S/PA/_work/stats_with_statewide.csv
Wrote /home/ubuntu/apps/election-app/win_prob/S/PA/_work/stats_with_statewide.csv (rows=67)

$ /home/ubuntu/.venv/bin/python3 /home/ubuntu/apps/election-app/stats/1-stats-2.py --input /home/ubuntu/apps/election-app/win_prob/S/PA/stats2.csv --output /home/ubuntu/apps/election-app/win_prob/S/PA/_work/stats2_final_headers.csv
Wrote /home/ubuntu/apps/election-app/win_prob/S/PA/_work/stats2_final_headers.csv (rows=67)

$ /home/ubuntu/.venv/bin/python3 /home/ubuntu/apps/election-app/stats/1-append-new.py
Wrote 2024_county_results_with_final-old.csv (rows=67, missing_final_matches=0)

$ /home/ubuntu/.venv/bin/python3 /home/ubuntu/apps/election-app/stats/1-change_header.py
Wrote: 2024_county_results_with_final.csv

$ /home/ubuntu/.venv/bin/python3 /home/ubuntu/apps/election-app/stats/1-cut-zero-fips.py
Wrote: 2024_county_results_with_final_1.csv
Rows before: 67
Rows after:  67
Dropped (fips == 0): 0

$ /home/ubuntu/.venv/bin/python3 /home/ubuntu/apps/election-app/stats/2-calc.py
Wrote 67 rows with calculations to /home/ubuntu/apps/election-app/win_prob/S/PA/_work/2024_county_results_with_calcs-old.csv

$ /home/ubuntu/.venv/bin/python3 /home/ubuntu/apps/election-app/stats/2-eevp.py
Wrote (no-op copy): 2024_county_results_with_calcs.csv
Columns:
 - timestamp
 - state
 - county
 - fips
 - trump_votes
 - harris_votes
 - other_votes
 - eevp
 - state_eevp
 - harris_votes_statewide
 - trump_votes_statewide
 - other_votes_statewide
 - final_state
 - final_county
 - final_fips
 - final_trump_votes
 - final_harris_votes
 - final_other_votes
 - harris_percent_snapshot
 - trump_percent_snapshot
 - margin_snapshot
 - harris_percent_final
 - trump_percent_final
 - margin_final
 - margin_difference
 - margin_difference_abs

$ /home/ubuntu/.venv/bin/python3 /home/ubuntu/apps/election-app/stats/3-calc-new.py
Wrote 67 rows with new columns to /home/ubuntu/apps/election-app/win_prob/S/PA/_work/2024_county_results_with_calcs_new.csv

$ /home/ubuntu/.venv/bin/python3 /home/ubuntu/apps/election-app/stats/4-stats.py
Reading 2024_county_results_with_calcs_new.csv...
Aggregating statewide totals...
Calculating percentages and margins...
Writing to output_statewide_stats.csv...
Done!
[2026-01-24 00:33:32] INFO: [PIPELINE] ENTER win-prob generation | states=['PA'] ts_list=['2024-11-05T15-30-22']

============================================================================
[01/1] STATE = PA
============================================================================

$ /home/ubuntu/.venv/bin/python3 /home/ubuntu/apps/election-app/stats/5-snapshots.py --state PA --input /home/ubuntu/apps/election-app/win_prob/S/PA/_work/output_statewide_stats.csv --output /home/ubuntu/apps/election-app/win_prob/S/PA/snapshots_PA.csv --start 2024-11-05T15-30-22 --end 2024-11-05T15-30-22 --use-window 1 --interval 30
Mode: windowed-one-state
Rows written: 67
Distinct states in output: PA
Rows per normalized timestamp (empty = unparseable):
  2024-11-05T15-30-22: 67
Wrote /home/ubuntu/apps/election-app/win_prob/S/PA/snapshots_PA.csv

$ /home/ubuntu/.venv/bin/python3 /home/ubuntu/apps/election-app/stats/6-pval.py /home/ubuntu/apps/election-app/win_prob/S/PA/snapshots_PA.csv -t /home/ubuntu/apps/election-app/stats/parameters.csv -o /home/ubuntu/apps/election-app/win_prob/S/PA/data_output_PA.csv -c 50
Done. Wrote: /home/ubuntu/apps/election-app/win_prob/S/PA/data_output_PA.csv
Total rows: 67 (chunked, resumable).
Computed columns for PVALS = [0.01, 0.1, 1, 2, 3, 5, 10, 15, 20, 25, 30, 35, 40, 45, 50, 55, 60, 65, 70, 75, 80, 85, 90, 95, 97, 98, 99, 99.9, 99.99]
Per p (leader): shift_{p}, margin_new_{p}, harris_percent_new_{p}, trump_percent_new_{p}, total_snapshot_{p}, total_expected_{p}, harris_votes_new_{p}, trump_votes_new_{p}
Per p (trailing): shift_trailing_{p}, margin_new_{p}_trailing, harris_percent_new_{p}_trailing, trump_percent_new_{p}_trailing, total_snapshot_{p}_trailing, total_expected_{p}_trailing, harris_votes_new_{p}_trailing, trump_votes_new_{p}_trailing
Checkpoint saved at: /home/ubuntu/apps/election-app/win_prob/S/PA/data_output_PA.csv.checkpoint.json

$ /home/ubuntu/.venv/bin/python3 /home/ubuntu/apps/election-app/stats/7-margin-new.py
Wrote data_output_with_margins_old.csv

$ /home/ubuntu/.venv/bin/python3 /home/ubuntu/apps/election-app/stats/7-eevp-statewide.py
Wrote data_output_with_margins.csv (copied from data_output_with_margins_old.csv)

$ /home/ubuntu/.venv/bin/python3 /home/ubuntu/apps/election-app/stats/7.py --input /home/ubuntu/apps/election-app/win_prob/S/PA/data_output_PA_with_margins_statewide_eevp.csv --output /home/ubuntu/apps/election-app/win_prob/S/PA/statewide_margin_pct_vs_percent_PA_2026.png --state PA --start 2024-11-05T15-30-22 --end 2024-11-05T15-30-22 --stats /home/ubuntu/apps/election-app/win_prob/S/PA/stats.csv --stats2 /home/ubuntu/apps/election-app/win_prob/S/PA/stats2.csv --interval 30 --year 2026 --jsonl /home/ubuntu/apps/election-app/win_prob/S/PA/plotdata_PA_2026_2026-01-24T00-33-22.jsonl
[info] evaluating 1 timestamps from 2024-11-05T15-30-22 to 2024-11-05T15-30-22 every 30 minutes
[saved] probs_timeseries_PA.csv  (1 points)
[saved] /home/ubuntu/apps/election-app/win_prob/S/PA/plotdata_PA_2026_2026-01-24T00-33-22.jsonl  (0 points)
[saved] /home/ubuntu/apps/election-app/win_prob/S/PA/statewide_margin_pct_vs_percent_PA_2026_box.json
[saved] /home/ubuntu/apps/election-app/win_prob/S/PA/statewide_margin_pct_vs_percent_PA_2026_box.png
[saved] /home/ubuntu/apps/election-app/win_prob/S/PA/statewide_margin_pct_vs_percent_PA_2026.png

All 50 states complete. See: /home/ubuntu/apps/election-app/win_prob/S/PA

$ /home/ubuntu/.venv/bin/python3 /home/ubuntu/apps/election-app/stats/8.py --root /home/ubuntu/apps/election-app/win_prob/S/PA/_work --outdir /home/ubuntu/apps/election-app/win_prob/S/PA
[info] root  = /home/ubuntu/apps/election-app/win_prob/S/PA/_work
[info] outdir= /home/ubuntu/apps/election-app/win_prob/S/PA
[deleted] /home/ubuntu/apps/election-app/win_prob/S/PA/_work/stats_with_statewide.csv
[deleted] /home/ubuntu/apps/election-app/win_prob/S/PA/_work/stats2_final_headers.csv
[deleted] /home/ubuntu/apps/election-app/win_prob/S/PA/_work/2024_county_results_with_final-old.csv
[deleted] /home/ubuntu/apps/election-app/win_prob/S/PA/_work/2024_county_results_with_final.csv
[deleted] /home/ubuntu/apps/election-app/win_prob/S/PA/_work/2024_county_results_with_final_1.csv
[deleted] /home/ubuntu/apps/election-app/win_prob/S/PA/_work/2024_county_results_with_calcs-old.csv
[deleted] /home/ubuntu/apps/election-app/win_prob/S/PA/_work/2024_county_results_with_calcs_new.csv
[deleted] /home/ubuntu/apps/election-app/win_prob/S/PA/_work/output_statewide_stats.csv
[skip]    /home/ubuntu/apps/election-app/win_prob/S/PA/_work/probs_timeseries_PA.csv
[deleted] /home/ubuntu/apps/election-app/win_prob/S/PA/_work/2024_county_results_with_calcs.csv
[skip]    /home/ubuntu/apps/election-app/win_prob/S/PA/data_output.csv
[skip]    /home/ubuntu/apps/election-app/win_prob/S/PA/data_output_with_margins_old.csv
[skip]    /home/ubuntu/apps/election-app/win_prob/S/PA/data_output_with_margins.csv
[skip]    /home/ubuntu/apps/election-app/win_prob/S/PA/data_output_with_margins-statewide.csv
[deleted] /home/ubuntu/apps/election-app/win_prob/S/PA/snapshots_PA.csv
[deleted] /home/ubuntu/apps/election-app/win_prob/S/PA/data_output_PA_with_margins_statewide_eevp.csv
[deleted] /home/ubuntu/apps/election-app/win_prob/S/PA/data_output_PA_with_margins.csv
[deleted] /home/ubuntu/apps/election-app/win_prob/S/PA/data_output_PA.csv
[deleted] /home/ubuntu/apps/election-app/win_prob/S/PA/data_output_PA.csv.checkpoint.json
[deleted] /home/ubuntu/apps/election-app/win_prob/S/PA/stats.csv
[deleted] /home/ubuntu/apps/election-app/win_prob/S/PA/stats2.csv
[done] removed 16 file(s)
[2026-01-24 00:47:26] INFO: [PIPELINE] args: office=S state=PA district=None
[2026-01-24 00:47:26] INFO: [PIPELINE] WINPROB_DIR resolved to: /home/ubuntu/apps/election-app/win_prob/S/PA
[2026-01-24 00:47:26] INFO: [PIPELINE] OUTDIR set to: /home/ubuntu/apps/election-app/win_prob/S/PA

$ /home/ubuntu/.venv/bin/python3 /home/ubuntu/apps/election-app/stats/1-statewide.py --input /home/ubuntu/apps/election-app/win_prob/S/PA/stats.csv --output /home/ubuntu/apps/election-app/win_prob/S/PA/_work/stats_with_statewide.csv
Wrote /home/ubuntu/apps/election-app/win_prob/S/PA/_work/stats_with_statewide.csv (rows=67)

$ /home/ubuntu/.venv/bin/python3 /home/ubuntu/apps/election-app/stats/1-stats-2.py --input /home/ubuntu/apps/election-app/win_prob/S/PA/stats2.csv --output /home/ubuntu/apps/election-app/win_prob/S/PA/_work/stats2_final_headers.csv
Wrote /home/ubuntu/apps/election-app/win_prob/S/PA/_work/stats2_final_headers.csv (rows=67)

$ /home/ubuntu/.venv/bin/python3 /home/ubuntu/apps/election-app/stats/1-append-new.py
Wrote 2024_county_results_with_final-old.csv (rows=67, missing_final_matches=0)

$ /home/ubuntu/.venv/bin/python3 /home/ubuntu/apps/election-app/stats/1-change_header.py
Wrote: 2024_county_results_with_final.csv

$ /home/ubuntu/.venv/bin/python3 /home/ubuntu/apps/election-app/stats/1-cut-zero-fips.py
Wrote: 2024_county_results_with_final_1.csv
Rows before: 67
Rows after:  67
Dropped (fips == 0): 0

$ /home/ubuntu/.venv/bin/python3 /home/ubuntu/apps/election-app/stats/2-calc.py
Wrote 67 rows with calculations to /home/ubuntu/apps/election-app/win_prob/S/PA/_work/2024_county_results_with_calcs-old.csv

$ /home/ubuntu/.venv/bin/python3 /home/ubuntu/apps/election-app/stats/2-eevp.py
Wrote (no-op copy): 2024_county_results_with_calcs.csv
Columns:
 - timestamp
 - state
 - county
 - fips
 - trump_votes
 - harris_votes
 - other_votes
 - eevp
 - state_eevp
 - harris_votes_statewide
 - trump_votes_statewide
 - other_votes_statewide
 - final_state
 - final_county
 - final_fips
 - final_trump_votes
 - final_harris_votes
 - final_other_votes
 - harris_percent_snapshot
 - trump_percent_snapshot
 - margin_snapshot
 - harris_percent_final
 - trump_percent_final
 - margin_final
 - margin_difference
 - margin_difference_abs

$ /home/ubuntu/.venv/bin/python3 /home/ubuntu/apps/election-app/stats/3-calc-new.py
Wrote 67 rows with new columns to /home/ubuntu/apps/election-app/win_prob/S/PA/_work/2024_county_results_with_calcs_new.csv

$ /home/ubuntu/.venv/bin/python3 /home/ubuntu/apps/election-app/stats/4-stats.py
Reading 2024_county_results_with_calcs_new.csv...
Aggregating statewide totals...
Calculating percentages and margins...
Writing to output_statewide_stats.csv...
Done!
[2026-01-24 00:47:37] INFO: [PIPELINE] ENTER win-prob generation | states=['PA'] ts_list=['2024-11-05T15-30-22']

============================================================================
[01/1] STATE = PA
============================================================================

$ /home/ubuntu/.venv/bin/python3 /home/ubuntu/apps/election-app/stats/5-snapshots.py --state PA --input /home/ubuntu/apps/election-app/win_prob/S/PA/_work/output_statewide_stats.csv --output /home/ubuntu/apps/election-app/win_prob/S/PA/snapshots_PA.csv --start 2024-11-05T15-30-22 --end 2024-11-05T15-30-22 --use-window 1 --interval 30
Mode: windowed-one-state
Rows written: 67
Distinct states in output: PA
Rows per normalized timestamp (empty = unparseable):
  2024-11-05T15-30-22: 67
Wrote /home/ubuntu/apps/election-app/win_prob/S/PA/snapshots_PA.csv

$ /home/ubuntu/.venv/bin/python3 /home/ubuntu/apps/election-app/stats/6-pval.py /home/ubuntu/apps/election-app/win_prob/S/PA/snapshots_PA.csv -t /home/ubuntu/apps/election-app/stats/parameters.csv -o /home/ubuntu/apps/election-app/win_prob/S/PA/data_output_PA.csv -c 50
Done. Wrote: /home/ubuntu/apps/election-app/win_prob/S/PA/data_output_PA.csv
Total rows: 67 (chunked, resumable).
Computed columns for PVALS = [0.01, 0.1, 1, 2, 3, 5, 10, 15, 20, 25, 30, 35, 40, 45, 50, 55, 60, 65, 70, 75, 80, 85, 90, 95, 97, 98, 99, 99.9, 99.99]
Per p (leader): shift_{p}, margin_new_{p}, harris_percent_new_{p}, trump_percent_new_{p}, total_snapshot_{p}, total_expected_{p}, harris_votes_new_{p}, trump_votes_new_{p}
Per p (trailing): shift_trailing_{p}, margin_new_{p}_trailing, harris_percent_new_{p}_trailing, trump_percent_new_{p}_trailing, total_snapshot_{p}_trailing, total_expected_{p}_trailing, harris_votes_new_{p}_trailing, trump_votes_new_{p}_trailing
Checkpoint saved at: /home/ubuntu/apps/election-app/win_prob/S/PA/data_output_PA.csv.checkpoint.json

$ /home/ubuntu/.venv/bin/python3 /home/ubuntu/apps/election-app/stats/7-margin-new.py
Wrote data_output_with_margins_old.csv

$ /home/ubuntu/.venv/bin/python3 /home/ubuntu/apps/election-app/stats/7-eevp-statewide.py
Wrote data_output_with_margins.csv (copied from data_output_with_margins_old.csv)

$ /home/ubuntu/.venv/bin/python3 /home/ubuntu/apps/election-app/stats/7.py --input /home/ubuntu/apps/election-app/win_prob/S/PA/data_output_PA_with_margins_statewide_eevp.csv --output /home/ubuntu/apps/election-app/win_prob/S/PA/statewide_margin_pct_vs_percent_PA_2026.png --state PA --start 2024-11-05T15-30-22 --end 2024-11-05T15-30-22 --stats /home/ubuntu/apps/election-app/win_prob/S/PA/stats.csv --stats2 /home/ubuntu/apps/election-app/win_prob/S/PA/stats2.csv --interval 30 --year 2026 --jsonl /home/ubuntu/apps/election-app/win_prob/S/PA/plotdata_PA_2026_2026-01-24T00-47-26.jsonl
[info] evaluating 1 timestamps from 2024-11-05T15-30-22 to 2024-11-05T15-30-22 every 30 minutes
[saved] probs_timeseries_PA.csv  (1 points)
[saved] /home/ubuntu/apps/election-app/win_prob/S/PA/plotdata_PA_2026_2026-01-24T00-47-26.jsonl  (4 points)
[saved] /home/ubuntu/apps/election-app/win_prob/S/PA/statewide_margin_pct_vs_percent_PA_2026_box.json
[saved] /home/ubuntu/apps/election-app/win_prob/S/PA/statewide_margin_pct_vs_percent_PA_2026_box.png
[saved] /home/ubuntu/apps/election-app/win_prob/S/PA/statewide_margin_pct_vs_percent_PA_2026.png

All 50 states complete. See: /home/ubuntu/apps/election-app/win_prob/S/PA

$ /home/ubuntu/.venv/bin/python3 /home/ubuntu/apps/election-app/stats/8.py --root /home/ubuntu/apps/election-app/win_prob/S/PA/_work --outdir /home/ubuntu/apps/election-app/win_prob/S/PA
[info] root  = /home/ubuntu/apps/election-app/win_prob/S/PA/_work
[info] outdir= /home/ubuntu/apps/election-app/win_prob/S/PA
[deleted] /home/ubuntu/apps/election-app/win_prob/S/PA/_work/stats_with_statewide.csv
[deleted] /home/ubuntu/apps/election-app/win_prob/S/PA/_work/stats2_final_headers.csv
[deleted] /home/ubuntu/apps/election-app/win_prob/S/PA/_work/2024_county_results_with_final-old.csv
[deleted] /home/ubuntu/apps/election-app/win_prob/S/PA/_work/2024_county_results_with_final.csv
[deleted] /home/ubuntu/apps/election-app/win_prob/S/PA/_work/2024_county_results_with_final_1.csv
[deleted] /home/ubuntu/apps/election-app/win_prob/S/PA/_work/2024_county_results_with_calcs-old.csv
[deleted] /home/ubuntu/apps/election-app/win_prob/S/PA/_work/2024_county_results_with_calcs_new.csv
[deleted] /home/ubuntu/apps/election-app/win_prob/S/PA/_work/output_statewide_stats.csv
[skip]    /home/ubuntu/apps/election-app/win_prob/S/PA/_work/probs_timeseries_PA.csv
[deleted] /home/ubuntu/apps/election-app/win_prob/S/PA/_work/2024_county_results_with_calcs.csv
[skip]    /home/ubuntu/apps/election-app/win_prob/S/PA/data_output.csv
[skip]    /home/ubuntu/apps/election-app/win_prob/S/PA/data_output_with_margins_old.csv
[skip]    /home/ubuntu/apps/election-app/win_prob/S/PA/data_output_with_margins.csv
[skip]    /home/ubuntu/apps/election-app/win_prob/S/PA/data_output_with_margins-statewide.csv
[deleted] /home/ubuntu/apps/election-app/win_prob/S/PA/snapshots_PA.csv
[deleted] /home/ubuntu/apps/election-app/win_prob/S/PA/data_output_PA_with_margins_statewide_eevp.csv
[deleted] /home/ubuntu/apps/election-app/win_prob/S/PA/data_output_PA_with_margins.csv
[deleted] /home/ubuntu/apps/election-app/win_prob/S/PA/data_output_PA.csv
[deleted] /home/ubuntu/apps/election-app/win_prob/S/PA/data_output_PA.csv.checkpoint.json
[deleted] /home/ubuntu/apps/election-app/win_prob/S/PA/stats.csv
[deleted] /home/ubuntu/apps/election-app/win_prob/S/PA/stats2.csv
[done] removed 16 file(s)
[2026-01-24 00:54:30] INFO: [PIPELINE] args: office=S state=PA district=None
[2026-01-24 00:54:30] INFO: [PIPELINE] WINPROB_DIR resolved to: /home/ubuntu/apps/election-app/win_prob/S/PA
[2026-01-24 00:54:30] INFO: [PIPELINE] OUTDIR set to: /home/ubuntu/apps/election-app/win_prob/S/PA

$ /home/ubuntu/.venv/bin/python3 /home/ubuntu/apps/election-app/stats/1-statewide.py --input /home/ubuntu/apps/election-app/win_prob/S/PA/stats.csv --output /home/ubuntu/apps/election-app/win_prob/S/PA/_work/stats_with_statewide.csv
Wrote /home/ubuntu/apps/election-app/win_prob/S/PA/_work/stats_with_statewide.csv (rows=67)

$ /home/ubuntu/.venv/bin/python3 /home/ubuntu/apps/election-app/stats/1-stats-2.py --input /home/ubuntu/apps/election-app/win_prob/S/PA/stats2.csv --output /home/ubuntu/apps/election-app/win_prob/S/PA/_work/stats2_final_headers.csv
Wrote /home/ubuntu/apps/election-app/win_prob/S/PA/_work/stats2_final_headers.csv (rows=67)

$ /home/ubuntu/.venv/bin/python3 /home/ubuntu/apps/election-app/stats/1-append-new.py
Wrote 2024_county_results_with_final-old.csv (rows=67, missing_final_matches=0)

$ /home/ubuntu/.venv/bin/python3 /home/ubuntu/apps/election-app/stats/1-change_header.py
Wrote: 2024_county_results_with_final.csv

$ /home/ubuntu/.venv/bin/python3 /home/ubuntu/apps/election-app/stats/1-cut-zero-fips.py
Wrote: 2024_county_results_with_final_1.csv
Rows before: 67
Rows after:  67
Dropped (fips == 0): 0

$ /home/ubuntu/.venv/bin/python3 /home/ubuntu/apps/election-app/stats/2-calc.py
Wrote 67 rows with calculations to /home/ubuntu/apps/election-app/win_prob/S/PA/_work/2024_county_results_with_calcs-old.csv

$ /home/ubuntu/.venv/bin/python3 /home/ubuntu/apps/election-app/stats/2-eevp.py
Wrote (no-op copy): 2024_county_results_with_calcs.csv
Columns:
 - timestamp
 - state
 - county
 - fips
 - trump_votes
 - harris_votes
 - other_votes
 - eevp
 - state_eevp
 - harris_votes_statewide
 - trump_votes_statewide
 - other_votes_statewide
 - final_state
 - final_county
 - final_fips
 - final_trump_votes
 - final_harris_votes
 - final_other_votes
 - harris_percent_snapshot
 - trump_percent_snapshot
 - margin_snapshot
 - harris_percent_final
 - trump_percent_final
 - margin_final
 - margin_difference
 - margin_difference_abs

$ /home/ubuntu/.venv/bin/python3 /home/ubuntu/apps/election-app/stats/3-calc-new.py
Wrote 67 rows with new columns to /home/ubuntu/apps/election-app/win_prob/S/PA/_work/2024_county_results_with_calcs_new.csv

$ /home/ubuntu/.venv/bin/python3 /home/ubuntu/apps/election-app/stats/4-stats.py
Reading 2024_county_results_with_calcs_new.csv...
Aggregating statewide totals...
Calculating percentages and margins...
Writing to output_statewide_stats.csv...
Done!
[2026-01-24 00:54:41] INFO: [PIPELINE] ENTER win-prob generation | states=['PA'] ts_list=['2024-11-05T15-30-22']

============================================================================
[01/1] STATE = PA
============================================================================

$ /home/ubuntu/.venv/bin/python3 /home/ubuntu/apps/election-app/stats/5-snapshots.py --state PA --input /home/ubuntu/apps/election-app/win_prob/S/PA/_work/output_statewide_stats.csv --output /home/ubuntu/apps/election-app/win_prob/S/PA/snapshots_PA.csv --start 2024-11-05T15-30-22 --end 2024-11-05T15-30-22 --use-window 1 --interval 30
Mode: windowed-one-state
Rows written: 67
Distinct states in output: PA
Rows per normalized timestamp (empty = unparseable):
  2024-11-05T15-30-22: 67
Wrote /home/ubuntu/apps/election-app/win_prob/S/PA/snapshots_PA.csv

$ /home/ubuntu/.venv/bin/python3 /home/ubuntu/apps/election-app/stats/6-pval.py /home/ubuntu/apps/election-app/win_prob/S/PA/snapshots_PA.csv -t /home/ubuntu/apps/election-app/stats/parameters.csv -o /home/ubuntu/apps/election-app/win_prob/S/PA/data_output_PA.csv -c 50
Done. Wrote: /home/ubuntu/apps/election-app/win_prob/S/PA/data_output_PA.csv
Total rows: 67 (chunked, resumable).
Computed columns for PVALS = [0.01, 0.1, 1, 2, 3, 5, 10, 15, 20, 25, 30, 35, 40, 45, 50, 55, 60, 65, 70, 75, 80, 85, 90, 95, 97, 98, 99, 99.9, 99.99]
Per p (leader): shift_{p}, margin_new_{p}, harris_percent_new_{p}, trump_percent_new_{p}, total_snapshot_{p}, total_expected_{p}, harris_votes_new_{p}, trump_votes_new_{p}
Per p (trailing): shift_trailing_{p}, margin_new_{p}_trailing, harris_percent_new_{p}_trailing, trump_percent_new_{p}_trailing, total_snapshot_{p}_trailing, total_expected_{p}_trailing, harris_votes_new_{p}_trailing, trump_votes_new_{p}_trailing
Checkpoint saved at: /home/ubuntu/apps/election-app/win_prob/S/PA/data_output_PA.csv.checkpoint.json

$ /home/ubuntu/.venv/bin/python3 /home/ubuntu/apps/election-app/stats/7-margin-new.py
Wrote data_output_with_margins_old.csv

$ /home/ubuntu/.venv/bin/python3 /home/ubuntu/apps/election-app/stats/7-eevp-statewide.py
Wrote data_output_with_margins.csv (copied from data_output_with_margins_old.csv)

$ /home/ubuntu/.venv/bin/python3 /home/ubuntu/apps/election-app/stats/7.py --input /home/ubuntu/apps/election-app/win_prob/S/PA/data_output_PA_with_margins_statewide_eevp.csv --output /home/ubuntu/apps/election-app/win_prob/S/PA/statewide_margin_pct_vs_percent_PA_2026.png --state PA --start 2024-11-05T15-30-22 --end 2024-11-05T15-30-22 --stats /home/ubuntu/apps/election-app/win_prob/S/PA/stats.csv --stats2 /home/ubuntu/apps/election-app/win_prob/S/PA/stats2.csv --interval 30 --year 2026 --jsonl /home/ubuntu/apps/election-app/win_prob/S/PA/plotdata_PA_2026_2026-01-24T00-54-30.jsonl
[info] evaluating 1 timestamps from 2024-11-05T15-30-22 to 2024-11-05T15-30-22 every 30 minutes
[saved] probs_timeseries_PA.csv  (1 points)
[saved] /home/ubuntu/apps/election-app/win_prob/S/PA/plotdata_PA_2026_2026-01-24T00-54-30.jsonl  (4 points)
[saved] /home/ubuntu/apps/election-app/win_prob/S/PA/statewide_margin_pct_vs_percent_PA_2026_box.json
[saved] /home/ubuntu/apps/election-app/win_prob/S/PA/statewide_margin_pct_vs_percent_PA_2026_box.png
[saved] /home/ubuntu/apps/election-app/win_prob/S/PA/statewide_margin_pct_vs_percent_PA_2026.png

All 50 states complete. See: /home/ubuntu/apps/election-app/win_prob/S/PA

$ /home/ubuntu/.venv/bin/python3 /home/ubuntu/apps/election-app/stats/8.py --root /home/ubuntu/apps/election-app/win_prob/S/PA/_work --outdir /home/ubuntu/apps/election-app/win_prob/S/PA
[info] root  = /home/ubuntu/apps/election-app/win_prob/S/PA/_work
[info] outdir= /home/ubuntu/apps/election-app/win_prob/S/PA
[deleted] /home/ubuntu/apps/election-app/win_prob/S/PA/_work/stats_with_statewide.csv
[deleted] /home/ubuntu/apps/election-app/win_prob/S/PA/_work/stats2_final_headers.csv
[deleted] /home/ubuntu/apps/election-app/win_prob/S/PA/_work/2024_county_results_with_final-old.csv
[deleted] /home/ubuntu/apps/election-app/win_prob/S/PA/_work/2024_county_results_with_final.csv
[deleted] /home/ubuntu/apps/election-app/win_prob/S/PA/_work/2024_county_results_with_final_1.csv
[deleted] /home/ubuntu/apps/election-app/win_prob/S/PA/_work/2024_county_results_with_calcs-old.csv
[deleted] /home/ubuntu/apps/election-app/win_prob/S/PA/_work/2024_county_results_with_calcs_new.csv
[deleted] /home/ubuntu/apps/election-app/win_prob/S/PA/_work/output_statewide_stats.csv
[skip]    /home/ubuntu/apps/election-app/win_prob/S/PA/_work/probs_timeseries_PA.csv
[deleted] /home/ubuntu/apps/election-app/win_prob/S/PA/_work/2024_county_results_with_calcs.csv
[skip]    /home/ubuntu/apps/election-app/win_prob/S/PA/data_output.csv
[skip]    /home/ubuntu/apps/election-app/win_prob/S/PA/data_output_with_margins_old.csv
[skip]    /home/ubuntu/apps/election-app/win_prob/S/PA/data_output_with_margins.csv
[skip]    /home/ubuntu/apps/election-app/win_prob/S/PA/data_output_with_margins-statewide.csv
[deleted] /home/ubuntu/apps/election-app/win_prob/S/PA/snapshots_PA.csv
[deleted] /home/ubuntu/apps/election-app/win_prob/S/PA/data_output_PA_with_margins_statewide_eevp.csv
[deleted] /home/ubuntu/apps/election-app/win_prob/S/PA/data_output_PA_with_margins.csv
[deleted] /home/ubuntu/apps/election-app/win_prob/S/PA/data_output_PA.csv
[deleted] /home/ubuntu/apps/election-app/win_prob/S/PA/data_output_PA.csv.checkpoint.json
[deleted] /home/ubuntu/apps/election-app/win_prob/S/PA/stats.csv
[deleted] /home/ubuntu/apps/election-app/win_prob/S/PA/stats2.csv
[done] removed 16 file(s)
[2026-01-24 01:01:34] INFO: [PIPELINE] args: office=S state=PA district=None
[2026-01-24 01:01:34] INFO: [PIPELINE] WINPROB_DIR resolved to: /home/ubuntu/apps/election-app/win_prob/S/PA
[2026-01-24 01:01:34] INFO: [PIPELINE] OUTDIR set to: /home/ubuntu/apps/election-app/win_prob/S/PA

$ /home/ubuntu/.venv/bin/python3 /home/ubuntu/apps/election-app/stats/1-statewide.py --input /home/ubuntu/apps/election-app/win_prob/S/PA/stats.csv --output /home/ubuntu/apps/election-app/win_prob/S/PA/_work/stats_with_statewide.csv
Wrote /home/ubuntu/apps/election-app/win_prob/S/PA/_work/stats_with_statewide.csv (rows=67)

$ /home/ubuntu/.venv/bin/python3 /home/ubuntu/apps/election-app/stats/1-stats-2.py --input /home/ubuntu/apps/election-app/win_prob/S/PA/stats2.csv --output /home/ubuntu/apps/election-app/win_prob/S/PA/_work/stats2_final_headers.csv
Wrote /home/ubuntu/apps/election-app/win_prob/S/PA/_work/stats2_final_headers.csv (rows=67)

$ /home/ubuntu/.venv/bin/python3 /home/ubuntu/apps/election-app/stats/1-append-new.py
Wrote 2024_county_results_with_final-old.csv (rows=67, missing_final_matches=0)

$ /home/ubuntu/.venv/bin/python3 /home/ubuntu/apps/election-app/stats/1-change_header.py
Wrote: 2024_county_results_with_final.csv

$ /home/ubuntu/.venv/bin/python3 /home/ubuntu/apps/election-app/stats/1-cut-zero-fips.py
Wrote: 2024_county_results_with_final_1.csv
Rows before: 67
Rows after:  67
Dropped (fips == 0): 0

$ /home/ubuntu/.venv/bin/python3 /home/ubuntu/apps/election-app/stats/2-calc.py
Wrote 67 rows with calculations to /home/ubuntu/apps/election-app/win_prob/S/PA/_work/2024_county_results_with_calcs-old.csv

$ /home/ubuntu/.venv/bin/python3 /home/ubuntu/apps/election-app/stats/2-eevp.py
Wrote (no-op copy): 2024_county_results_with_calcs.csv
Columns:
 - timestamp
 - state
 - county
 - fips
 - trump_votes
 - harris_votes
 - other_votes
 - eevp
 - state_eevp
 - harris_votes_statewide
 - trump_votes_statewide
 - other_votes_statewide
 - final_state
 - final_county
 - final_fips
 - final_trump_votes
 - final_harris_votes
 - final_other_votes
 - harris_percent_snapshot
 - trump_percent_snapshot
 - margin_snapshot
 - harris_percent_final
 - trump_percent_final
 - margin_final
 - margin_difference
 - margin_difference_abs

$ /home/ubuntu/.venv/bin/python3 /home/ubuntu/apps/election-app/stats/3-calc-new.py
Wrote 67 rows with new columns to /home/ubuntu/apps/election-app/win_prob/S/PA/_work/2024_county_results_with_calcs_new.csv

$ /home/ubuntu/.venv/bin/python3 /home/ubuntu/apps/election-app/stats/4-stats.py
Reading 2024_county_results_with_calcs_new.csv...
Aggregating statewide totals...
Calculating percentages and margins...
Writing to output_statewide_stats.csv...
Done!
[2026-01-24 01:01:44] INFO: [PIPELINE] ENTER win-prob generation | states=['PA'] ts_list=['2024-11-05T15-30-22']

============================================================================
[01/1] STATE = PA
============================================================================

$ /home/ubuntu/.venv/bin/python3 /home/ubuntu/apps/election-app/stats/5-snapshots.py --state PA --input /home/ubuntu/apps/election-app/win_prob/S/PA/_work/output_statewide_stats.csv --output /home/ubuntu/apps/election-app/win_prob/S/PA/snapshots_PA.csv --start 2024-11-05T15-30-22 --end 2024-11-05T15-30-22 --use-window 1 --interval 30
Mode: windowed-one-state
Rows written: 67
Distinct states in output: PA
Rows per normalized timestamp (empty = unparseable):
  2024-11-05T15-30-22: 67
Wrote /home/ubuntu/apps/election-app/win_prob/S/PA/snapshots_PA.csv

$ /home/ubuntu/.venv/bin/python3 /home/ubuntu/apps/election-app/stats/6-pval.py /home/ubuntu/apps/election-app/win_prob/S/PA/snapshots_PA.csv -t /home/ubuntu/apps/election-app/stats/parameters.csv -o /home/ubuntu/apps/election-app/win_prob/S/PA/data_output_PA.csv -c 50
Done. Wrote: /home/ubuntu/apps/election-app/win_prob/S/PA/data_output_PA.csv
Total rows: 67 (chunked, resumable).
Computed columns for PVALS = [0.01, 0.1, 1, 2, 3, 5, 10, 15, 20, 25, 30, 35, 40, 45, 50, 55, 60, 65, 70, 75, 80, 85, 90, 95, 97, 98, 99, 99.9, 99.99]
Per p (leader): shift_{p}, margin_new_{p}, harris_percent_new_{p}, trump_percent_new_{p}, total_snapshot_{p}, total_expected_{p}, harris_votes_new_{p}, trump_votes_new_{p}
Per p (trailing): shift_trailing_{p}, margin_new_{p}_trailing, harris_percent_new_{p}_trailing, trump_percent_new_{p}_trailing, total_snapshot_{p}_trailing, total_expected_{p}_trailing, harris_votes_new_{p}_trailing, trump_votes_new_{p}_trailing
Checkpoint saved at: /home/ubuntu/apps/election-app/win_prob/S/PA/data_output_PA.csv.checkpoint.json

$ /home/ubuntu/.venv/bin/python3 /home/ubuntu/apps/election-app/stats/7-margin-new.py
Wrote data_output_with_margins_old.csv

$ /home/ubuntu/.venv/bin/python3 /home/ubuntu/apps/election-app/stats/7-eevp-statewide.py
Wrote data_output_with_margins.csv (copied from data_output_with_margins_old.csv)

$ /home/ubuntu/.venv/bin/python3 /home/ubuntu/apps/election-app/stats/7.py --input /home/ubuntu/apps/election-app/win_prob/S/PA/data_output_PA_with_margins_statewide_eevp.csv --output /home/ubuntu/apps/election-app/win_prob/S/PA/statewide_margin_pct_vs_percent_PA_2026.png --state PA --start 2024-11-05T15-30-22 --end 2024-11-05T15-30-22 --stats /home/ubuntu/apps/election-app/win_prob/S/PA/stats.csv --stats2 /home/ubuntu/apps/election-app/win_prob/S/PA/stats2.csv --interval 30 --year 2026 --jsonl /home/ubuntu/apps/election-app/win_prob/S/PA/plotdata_PA_2026_2026-01-24T01-01-34.jsonl
[info] evaluating 1 timestamps from 2024-11-05T15-30-22 to 2024-11-05T15-30-22 every 30 minutes
[saved] probs_timeseries_PA.csv  (1 points)
[saved] /home/ubuntu/apps/election-app/win_prob/S/PA/plotdata_PA_2026_2026-01-24T01-01-34.jsonl  (4 points)
[saved] /home/ubuntu/apps/election-app/win_prob/S/PA/statewide_margin_pct_vs_percent_PA_2026_box.json
[saved] /home/ubuntu/apps/election-app/win_prob/S/PA/statewide_margin_pct_vs_percent_PA_2026_box.png
[saved] /home/ubuntu/apps/election-app/win_prob/S/PA/statewide_margin_pct_vs_percent_PA_2026.png

All 50 states complete. See: /home/ubuntu/apps/election-app/win_prob/S/PA

$ /home/ubuntu/.venv/bin/python3 /home/ubuntu/apps/election-app/stats/8.py --root /home/ubuntu/apps/election-app/win_prob/S/PA/_work --outdir /home/ubuntu/apps/election-app/win_prob/S/PA
[info] root  = /home/ubuntu/apps/election-app/win_prob/S/PA/_work
[info] outdir= /home/ubuntu/apps/election-app/win_prob/S/PA
[deleted] /home/ubuntu/apps/election-app/win_prob/S/PA/_work/stats_with_statewide.csv
[deleted] /home/ubuntu/apps/election-app/win_prob/S/PA/_work/stats2_final_headers.csv
[deleted] /home/ubuntu/apps/election-app/win_prob/S/PA/_work/2024_county_results_with_final-old.csv
[deleted] /home/ubuntu/apps/election-app/win_prob/S/PA/_work/2024_county_results_with_final.csv
[deleted] /home/ubuntu/apps/election-app/win_prob/S/PA/_work/2024_county_results_with_final_1.csv
[deleted] /home/ubuntu/apps/election-app/win_prob/S/PA/_work/2024_county_results_with_calcs-old.csv
[deleted] /home/ubuntu/apps/election-app/win_prob/S/PA/_work/2024_county_results_with_calcs_new.csv
[deleted] /home/ubuntu/apps/election-app/win_prob/S/PA/_work/output_statewide_stats.csv
[skip]    /home/ubuntu/apps/election-app/win_prob/S/PA/_work/probs_timeseries_PA.csv
[deleted] /home/ubuntu/apps/election-app/win_prob/S/PA/_work/2024_county_results_with_calcs.csv
[skip]    /home/ubuntu/apps/election-app/win_prob/S/PA/data_output.csv
[skip]    /home/ubuntu/apps/election-app/win_prob/S/PA/data_output_with_margins_old.csv
[skip]    /home/ubuntu/apps/election-app/win_prob/S/PA/data_output_with_margins.csv
[skip]    /home/ubuntu/apps/election-app/win_prob/S/PA/data_output_with_margins-statewide.csv
[deleted] /home/ubuntu/apps/election-app/win_prob/S/PA/snapshots_PA.csv
[deleted] /home/ubuntu/apps/election-app/win_prob/S/PA/data_output_PA_with_margins_statewide_eevp.csv
[deleted] /home/ubuntu/apps/election-app/win_prob/S/PA/data_output_PA_with_margins.csv
[deleted] /home/ubuntu/apps/election-app/win_prob/S/PA/data_output_PA.csv
[deleted] /home/ubuntu/apps/election-app/win_prob/S/PA/data_output_PA.csv.checkpoint.json
[deleted] /home/ubuntu/apps/election-app/win_prob/S/PA/stats.csv
[deleted] /home/ubuntu/apps/election-app/win_prob/S/PA/stats2.csv
[done] removed 16 file(s)
[2026-01-24 01:08:38] INFO: [PIPELINE] args: office=S state=PA district=None
[2026-01-24 01:08:38] INFO: [PIPELINE] WINPROB_DIR resolved to: /home/ubuntu/apps/election-app/win_prob/S/PA
[2026-01-24 01:08:38] INFO: [PIPELINE] OUTDIR set to: /home/ubuntu/apps/election-app/win_prob/S/PA

$ /home/ubuntu/.venv/bin/python3 /home/ubuntu/apps/election-app/stats/1-statewide.py --input /home/ubuntu/apps/election-app/win_prob/S/PA/stats.csv --output /home/ubuntu/apps/election-app/win_prob/S/PA/_work/stats_with_statewide.csv
Wrote /home/ubuntu/apps/election-app/win_prob/S/PA/_work/stats_with_statewide.csv (rows=67)

$ /home/ubuntu/.venv/bin/python3 /home/ubuntu/apps/election-app/stats/1-stats-2.py --input /home/ubuntu/apps/election-app/win_prob/S/PA/stats2.csv --output /home/ubuntu/apps/election-app/win_prob/S/PA/_work/stats2_final_headers.csv
Wrote /home/ubuntu/apps/election-app/win_prob/S/PA/_work/stats2_final_headers.csv (rows=67)

$ /home/ubuntu/.venv/bin/python3 /home/ubuntu/apps/election-app/stats/1-append-new.py
Wrote 2024_county_results_with_final-old.csv (rows=67, missing_final_matches=0)

$ /home/ubuntu/.venv/bin/python3 /home/ubuntu/apps/election-app/stats/1-change_header.py
Wrote: 2024_county_results_with_final.csv

$ /home/ubuntu/.venv/bin/python3 /home/ubuntu/apps/election-app/stats/1-cut-zero-fips.py
Wrote: 2024_county_results_with_final_1.csv
Rows before: 67
Rows after:  67
Dropped (fips == 0): 0

$ /home/ubuntu/.venv/bin/python3 /home/ubuntu/apps/election-app/stats/2-calc.py
Wrote 67 rows with calculations to /home/ubuntu/apps/election-app/win_prob/S/PA/_work/2024_county_results_with_calcs-old.csv

$ /home/ubuntu/.venv/bin/python3 /home/ubuntu/apps/election-app/stats/2-eevp.py
Wrote (no-op copy): 2024_county_results_with_calcs.csv
Columns:
 - timestamp
 - state
 - county
 - fips
 - trump_votes
 - harris_votes
 - other_votes
 - eevp
 - state_eevp
 - harris_votes_statewide
 - trump_votes_statewide
 - other_votes_statewide
 - final_state
 - final_county
 - final_fips
 - final_trump_votes
 - final_harris_votes
 - final_other_votes
 - harris_percent_snapshot
 - trump_percent_snapshot
 - margin_snapshot
 - harris_percent_final
 - trump_percent_final
 - margin_final
 - margin_difference
 - margin_difference_abs

$ /home/ubuntu/.venv/bin/python3 /home/ubuntu/apps/election-app/stats/3-calc-new.py
Wrote 67 rows with new columns to /home/ubuntu/apps/election-app/win_prob/S/PA/_work/2024_county_results_with_calcs_new.csv

$ /home/ubuntu/.venv/bin/python3 /home/ubuntu/apps/election-app/stats/4-stats.py
Reading 2024_county_results_with_calcs_new.csv...
Aggregating statewide totals...
Calculating percentages and margins...
Writing to output_statewide_stats.csv...
Done!
[2026-01-24 01:08:48] INFO: [PIPELINE] ENTER win-prob generation | states=['PA'] ts_list=['2024-11-05T15-30-22']

============================================================================
[01/1] STATE = PA
============================================================================

$ /home/ubuntu/.venv/bin/python3 /home/ubuntu/apps/election-app/stats/5-snapshots.py --state PA --input /home/ubuntu/apps/election-app/win_prob/S/PA/_work/output_statewide_stats.csv --output /home/ubuntu/apps/election-app/win_prob/S/PA/snapshots_PA.csv --start 2024-11-05T15-30-22 --end 2024-11-05T15-30-22 --use-window 1 --interval 30
Mode: windowed-one-state
Rows written: 67
Distinct states in output: PA
Rows per normalized timestamp (empty = unparseable):
  2024-11-05T15-30-22: 67
Wrote /home/ubuntu/apps/election-app/win_prob/S/PA/snapshots_PA.csv

$ /home/ubuntu/.venv/bin/python3 /home/ubuntu/apps/election-app/stats/6-pval.py /home/ubuntu/apps/election-app/win_prob/S/PA/snapshots_PA.csv -t /home/ubuntu/apps/election-app/stats/parameters.csv -o /home/ubuntu/apps/election-app/win_prob/S/PA/data_output_PA.csv -c 50
Done. Wrote: /home/ubuntu/apps/election-app/win_prob/S/PA/data_output_PA.csv
Total rows: 67 (chunked, resumable).
Computed columns for PVALS = [0.01, 0.1, 1, 2, 3, 5, 10, 15, 20, 25, 30, 35, 40, 45, 50, 55, 60, 65, 70, 75, 80, 85, 90, 95, 97, 98, 99, 99.9, 99.99]
Per p (leader): shift_{p}, margin_new_{p}, harris_percent_new_{p}, trump_percent_new_{p}, total_snapshot_{p}, total_expected_{p}, harris_votes_new_{p}, trump_votes_new_{p}
Per p (trailing): shift_trailing_{p}, margin_new_{p}_trailing, harris_percent_new_{p}_trailing, trump_percent_new_{p}_trailing, total_snapshot_{p}_trailing, total_expected_{p}_trailing, harris_votes_new_{p}_trailing, trump_votes_new_{p}_trailing
Checkpoint saved at: /home/ubuntu/apps/election-app/win_prob/S/PA/data_output_PA.csv.checkpoint.json

$ /home/ubuntu/.venv/bin/python3 /home/ubuntu/apps/election-app/stats/7-margin-new.py
Wrote data_output_with_margins_old.csv

$ /home/ubuntu/.venv/bin/python3 /home/ubuntu/apps/election-app/stats/7-eevp-statewide.py
Wrote data_output_with_margins.csv (copied from data_output_with_margins_old.csv)

$ /home/ubuntu/.venv/bin/python3 /home/ubuntu/apps/election-app/stats/7.py --input /home/ubuntu/apps/election-app/win_prob/S/PA/data_output_PA_with_margins_statewide_eevp.csv --output /home/ubuntu/apps/election-app/win_prob/S/PA/statewide_margin_pct_vs_percent_PA_2026.png --state PA --start 2024-11-05T15-30-22 --end 2024-11-05T15-30-22 --stats /home/ubuntu/apps/election-app/win_prob/S/PA/stats.csv --stats2 /home/ubuntu/apps/election-app/win_prob/S/PA/stats2.csv --interval 30 --year 2026 --jsonl /home/ubuntu/apps/election-app/win_prob/S/PA/plotdata_PA_2026_2026-01-24T01-08-38.jsonl
[info] evaluating 1 timestamps from 2024-11-05T15-30-22 to 2024-11-05T15-30-22 every 30 minutes
[saved] probs_timeseries_PA.csv  (1 points)
[saved] /home/ubuntu/apps/election-app/win_prob/S/PA/plotdata_PA_2026_2026-01-24T01-08-38.jsonl  (4 points)
[saved] /home/ubuntu/apps/election-app/win_prob/S/PA/statewide_margin_pct_vs_percent_PA_2026_box.json
[saved] /home/ubuntu/apps/election-app/win_prob/S/PA/statewide_margin_pct_vs_percent_PA_2026_box.png
[saved] /home/ubuntu/apps/election-app/win_prob/S/PA/statewide_margin_pct_vs_percent_PA_2026.png

All 50 states complete. See: /home/ubuntu/apps/election-app/win_prob/S/PA

$ /home/ubuntu/.venv/bin/python3 /home/ubuntu/apps/election-app/stats/8.py --root /home/ubuntu/apps/election-app/win_prob/S/PA/_work --outdir /home/ubuntu/apps/election-app/win_prob/S/PA
[info] root  = /home/ubuntu/apps/election-app/win_prob/S/PA/_work
[info] outdir= /home/ubuntu/apps/election-app/win_prob/S/PA
[deleted] /home/ubuntu/apps/election-app/win_prob/S/PA/_work/stats_with_statewide.csv
[deleted] /home/ubuntu/apps/election-app/win_prob/S/PA/_work/stats2_final_headers.csv
[deleted] /home/ubuntu/apps/election-app/win_prob/S/PA/_work/2024_county_results_with_final-old.csv
[deleted] /home/ubuntu/apps/election-app/win_prob/S/PA/_work/2024_county_results_with_final.csv
[deleted] /home/ubuntu/apps/election-app/win_prob/S/PA/_work/2024_county_results_with_final_1.csv
[deleted] /home/ubuntu/apps/election-app/win_prob/S/PA/_work/2024_county_results_with_calcs-old.csv
[deleted] /home/ubuntu/apps/election-app/win_prob/S/PA/_work/2024_county_results_with_calcs_new.csv
[deleted] /home/ubuntu/apps/election-app/win_prob/S/PA/_work/output_statewide_stats.csv
[skip]    /home/ubuntu/apps/election-app/win_prob/S/PA/_work/probs_timeseries_PA.csv
[deleted] /home/ubuntu/apps/election-app/win_prob/S/PA/_work/2024_county_results_with_calcs.csv
[skip]    /home/ubuntu/apps/election-app/win_prob/S/PA/data_output.csv
[skip]    /home/ubuntu/apps/election-app/win_prob/S/PA/data_output_with_margins_old.csv
[skip]    /home/ubuntu/apps/election-app/win_prob/S/PA/data_output_with_margins.csv
[skip]    /home/ubuntu/apps/election-app/win_prob/S/PA/data_output_with_margins-statewide.csv
[deleted] /home/ubuntu/apps/election-app/win_prob/S/PA/snapshots_PA.csv
[deleted] /home/ubuntu/apps/election-app/win_prob/S/PA/data_output_PA_with_margins_statewide_eevp.csv
[deleted] /home/ubuntu/apps/election-app/win_prob/S/PA/data_output_PA_with_margins.csv
[deleted] /home/ubuntu/apps/election-app/win_prob/S/PA/data_output_PA.csv
[deleted] /home/ubuntu/apps/election-app/win_prob/S/PA/data_output_PA.csv.checkpoint.json
[deleted] /home/ubuntu/apps/election-app/win_prob/S/PA/stats.csv
[deleted] /home/ubuntu/apps/election-app/win_prob/S/PA/stats2.csv
[done] removed 16 file(s)
[2026-01-24 01:15:21] INFO: [PIPELINE] args: office=S state=PA district=None
[2026-01-24 01:15:21] INFO: [PIPELINE] WINPROB_DIR resolved to: /home/ubuntu/apps/election-app/win_prob/S/PA
[2026-01-24 01:15:21] INFO: [PIPELINE] OUTDIR set to: /home/ubuntu/apps/election-app/win_prob/S/PA

$ /home/ubuntu/.venv/bin/python3 /home/ubuntu/apps/election-app/stats/1-statewide.py --input /home/ubuntu/apps/election-app/win_prob/S/PA/stats.csv --output /home/ubuntu/apps/election-app/win_prob/S/PA/_work/stats_with_statewide.csv
Wrote /home/ubuntu/apps/election-app/win_prob/S/PA/_work/stats_with_statewide.csv (rows=67)

$ /home/ubuntu/.venv/bin/python3 /home/ubuntu/apps/election-app/stats/1-stats-2.py --input /home/ubuntu/apps/election-app/win_prob/S/PA/stats2.csv --output /home/ubuntu/apps/election-app/win_prob/S/PA/_work/stats2_final_headers.csv
Wrote /home/ubuntu/apps/election-app/win_prob/S/PA/_work/stats2_final_headers.csv (rows=67)

$ /home/ubuntu/.venv/bin/python3 /home/ubuntu/apps/election-app/stats/1-append-new.py
Wrote 2024_county_results_with_final-old.csv (rows=67, missing_final_matches=0)

$ /home/ubuntu/.venv/bin/python3 /home/ubuntu/apps/election-app/stats/1-change_header.py
Wrote: 2024_county_results_with_final.csv

$ /home/ubuntu/.venv/bin/python3 /home/ubuntu/apps/election-app/stats/1-cut-zero-fips.py
Wrote: 2024_county_results_with_final_1.csv
Rows before: 67
Rows after:  67
Dropped (fips == 0): 0

$ /home/ubuntu/.venv/bin/python3 /home/ubuntu/apps/election-app/stats/2-calc.py
Wrote 67 rows with calculations to /home/ubuntu/apps/election-app/win_prob/S/PA/_work/2024_county_results_with_calcs-old.csv

$ /home/ubuntu/.venv/bin/python3 /home/ubuntu/apps/election-app/stats/2-eevp.py
Wrote (no-op copy): 2024_county_results_with_calcs.csv
Columns:
 - timestamp
 - state
 - county
 - fips
 - trump_votes
 - harris_votes
 - other_votes
 - eevp
 - state_eevp
 - harris_votes_statewide
 - trump_votes_statewide
 - other_votes_statewide
 - final_state
 - final_county
 - final_fips
 - final_trump_votes
 - final_harris_votes
 - final_other_votes
 - harris_percent_snapshot
 - trump_percent_snapshot
 - margin_snapshot
 - harris_percent_final
 - trump_percent_final
 - margin_final
 - margin_difference
 - margin_difference_abs

$ /home/ubuntu/.venv/bin/python3 /home/ubuntu/apps/election-app/stats/3-calc-new.py
Wrote 67 rows with new columns to /home/ubuntu/apps/election-app/win_prob/S/PA/_work/2024_county_results_with_calcs_new.csv

$ /home/ubuntu/.venv/bin/python3 /home/ubuntu/apps/election-app/stats/4-stats.py
Reading 2024_county_results_with_calcs_new.csv...
Aggregating statewide totals...
Calculating percentages and margins...
Writing to output_statewide_stats.csv...
Done!
[2026-01-24 01:15:32] INFO: [PIPELINE] ENTER win-prob generation | states=['PA'] ts_list=['2024-11-05T15-30-22']

============================================================================
[01/1] STATE = PA
============================================================================

$ /home/ubuntu/.venv/bin/python3 /home/ubuntu/apps/election-app/stats/5-snapshots.py --state PA --input /home/ubuntu/apps/election-app/win_prob/S/PA/_work/output_statewide_stats.csv --output /home/ubuntu/apps/election-app/win_prob/S/PA/snapshots_PA.csv --start 2024-11-05T15-30-22 --end 2024-11-05T15-30-22 --use-window 1 --interval 30
Mode: windowed-one-state
Rows written: 67
Distinct states in output: PA
Rows per normalized timestamp (empty = unparseable):
  2024-11-05T15-30-22: 67
Wrote /home/ubuntu/apps/election-app/win_prob/S/PA/snapshots_PA.csv

$ /home/ubuntu/.venv/bin/python3 /home/ubuntu/apps/election-app/stats/6-pval.py /home/ubuntu/apps/election-app/win_prob/S/PA/snapshots_PA.csv -t /home/ubuntu/apps/election-app/stats/parameters.csv -o /home/ubuntu/apps/election-app/win_prob/S/PA/data_output_PA.csv -c 50
Done. Wrote: /home/ubuntu/apps/election-app/win_prob/S/PA/data_output_PA.csv
Total rows: 67 (chunked, resumable).
Computed columns for PVALS = [0.01, 0.1, 1, 2, 3, 5, 10, 15, 20, 25, 30, 35, 40, 45, 50, 55, 60, 65, 70, 75, 80, 85, 90, 95, 97, 98, 99, 99.9, 99.99]
Per p (leader): shift_{p}, margin_new_{p}, harris_percent_new_{p}, trump_percent_new_{p}, total_snapshot_{p}, total_expected_{p}, harris_votes_new_{p}, trump_votes_new_{p}
Per p (trailing): shift_trailing_{p}, margin_new_{p}_trailing, harris_percent_new_{p}_trailing, trump_percent_new_{p}_trailing, total_snapshot_{p}_trailing, total_expected_{p}_trailing, harris_votes_new_{p}_trailing, trump_votes_new_{p}_trailing
Checkpoint saved at: /home/ubuntu/apps/election-app/win_prob/S/PA/data_output_PA.csv.checkpoint.json

$ /home/ubuntu/.venv/bin/python3 /home/ubuntu/apps/election-app/stats/7-margin-new.py
Wrote data_output_with_margins_old.csv

$ /home/ubuntu/.venv/bin/python3 /home/ubuntu/apps/election-app/stats/7-eevp-statewide.py
Wrote data_output_with_margins.csv (copied from data_output_with_margins_old.csv)

$ /home/ubuntu/.venv/bin/python3 /home/ubuntu/apps/election-app/stats/7.py --input /home/ubuntu/apps/election-app/win_prob/S/PA/data_output_PA_with_margins_statewide_eevp.csv --output /home/ubuntu/apps/election-app/win_prob/S/PA/statewide_margin_pct_vs_percent_PA_2026.png --state PA --start 2024-11-05T15-30-22 --end 2024-11-05T15-30-22 --stats /home/ubuntu/apps/election-app/win_prob/S/PA/stats.csv --stats2 /home/ubuntu/apps/election-app/win_prob/S/PA/stats2.csv --interval 30 --year 2026 --jsonl /home/ubuntu/apps/election-app/win_prob/S/PA/plotdata_PA_2026_2026-01-24T01-15-21.jsonl
[info] evaluating 1 timestamps from 2024-11-05T15-30-22 to 2024-11-05T15-30-22 every 30 minutes
[saved] probs_timeseries_PA.csv  (1 points)
[saved] /home/ubuntu/apps/election-app/win_prob/S/PA/plotdata_PA_2026_2026-01-24T01-15-21.jsonl  (4 points)
[saved] /home/ubuntu/apps/election-app/win_prob/S/PA/statewide_margin_pct_vs_percent_PA_2026_box.json
[saved] /home/ubuntu/apps/election-app/win_prob/S/PA/statewide_margin_pct_vs_percent_PA_2026_box.png
[saved] /home/ubuntu/apps/election-app/win_prob/S/PA/statewide_margin_pct_vs_percent_PA_2026.png

All 50 states complete. See: /home/ubuntu/apps/election-app/win_prob/S/PA

$ /home/ubuntu/.venv/bin/python3 /home/ubuntu/apps/election-app/stats/8.py --root /home/ubuntu/apps/election-app/win_prob/S/PA/_work --outdir /home/ubuntu/apps/election-app/win_prob/S/PA
[info] root  = /home/ubuntu/apps/election-app/win_prob/S/PA/_work
[info] outdir= /home/ubuntu/apps/election-app/win_prob/S/PA
[deleted] /home/ubuntu/apps/election-app/win_prob/S/PA/_work/stats_with_statewide.csv
[deleted] /home/ubuntu/apps/election-app/win_prob/S/PA/_work/stats2_final_headers.csv
[deleted] /home/ubuntu/apps/election-app/win_prob/S/PA/_work/2024_county_results_with_final-old.csv
[deleted] /home/ubuntu/apps/election-app/win_prob/S/PA/_work/2024_county_results_with_final.csv
[deleted] /home/ubuntu/apps/election-app/win_prob/S/PA/_work/2024_county_results_with_final_1.csv
[deleted] /home/ubuntu/apps/election-app/win_prob/S/PA/_work/2024_county_results_with_calcs-old.csv
[deleted] /home/ubuntu/apps/election-app/win_prob/S/PA/_work/2024_county_results_with_calcs_new.csv
[deleted] /home/ubuntu/apps/election-app/win_prob/S/PA/_work/output_statewide_stats.csv
[skip]    /home/ubuntu/apps/election-app/win_prob/S/PA/_work/probs_timeseries_PA.csv
[deleted] /home/ubuntu/apps/election-app/win_prob/S/PA/_work/2024_county_results_with_calcs.csv
[skip]    /home/ubuntu/apps/election-app/win_prob/S/PA/data_output.csv
[skip]    /home/ubuntu/apps/election-app/win_prob/S/PA/data_output_with_margins_old.csv
[skip]    /home/ubuntu/apps/election-app/win_prob/S/PA/data_output_with_margins.csv
[skip]    /home/ubuntu/apps/election-app/win_prob/S/PA/data_output_with_margins-statewide.csv
[deleted] /home/ubuntu/apps/election-app/win_prob/S/PA/snapshots_PA.csv
[deleted] /home/ubuntu/apps/election-app/win_prob/S/PA/data_output_PA_with_margins_statewide_eevp.csv
[deleted] /home/ubuntu/apps/election-app/win_prob/S/PA/data_output_PA_with_margins.csv
[deleted] /home/ubuntu/apps/election-app/win_prob/S/PA/data_output_PA.csv
[deleted] /home/ubuntu/apps/election-app/win_prob/S/PA/data_output_PA.csv.checkpoint.json
[deleted] /home/ubuntu/apps/election-app/win_prob/S/PA/stats.csv
[deleted] /home/ubuntu/apps/election-app/win_prob/S/PA/stats2.csv
[done] removed 16 file(s)
[2026-01-24 01:22:25] INFO: [PIPELINE] args: office=S state=PA district=None
[2026-01-24 01:22:25] INFO: [PIPELINE] WINPROB_DIR resolved to: /home/ubuntu/apps/election-app/win_prob/S/PA
[2026-01-24 01:22:25] INFO: [PIPELINE] OUTDIR set to: /home/ubuntu/apps/election-app/win_prob/S/PA

$ /home/ubuntu/.venv/bin/python3 /home/ubuntu/apps/election-app/stats/1-statewide.py --input /home/ubuntu/apps/election-app/win_prob/S/PA/stats.csv --output /home/ubuntu/apps/election-app/win_prob/S/PA/_work/stats_with_statewide.csv
Wrote /home/ubuntu/apps/election-app/win_prob/S/PA/_work/stats_with_statewide.csv (rows=67)

$ /home/ubuntu/.venv/bin/python3 /home/ubuntu/apps/election-app/stats/1-stats-2.py --input /home/ubuntu/apps/election-app/win_prob/S/PA/stats2.csv --output /home/ubuntu/apps/election-app/win_prob/S/PA/_work/stats2_final_headers.csv
Wrote /home/ubuntu/apps/election-app/win_prob/S/PA/_work/stats2_final_headers.csv (rows=67)

$ /home/ubuntu/.venv/bin/python3 /home/ubuntu/apps/election-app/stats/1-append-new.py
Wrote 2024_county_results_with_final-old.csv (rows=67, missing_final_matches=0)

$ /home/ubuntu/.venv/bin/python3 /home/ubuntu/apps/election-app/stats/1-change_header.py
Wrote: 2024_county_results_with_final.csv

$ /home/ubuntu/.venv/bin/python3 /home/ubuntu/apps/election-app/stats/1-cut-zero-fips.py
Wrote: 2024_county_results_with_final_1.csv
Rows before: 67
Rows after:  67
Dropped (fips == 0): 0

$ /home/ubuntu/.venv/bin/python3 /home/ubuntu/apps/election-app/stats/2-calc.py
Wrote 67 rows with calculations to /home/ubuntu/apps/election-app/win_prob/S/PA/_work/2024_county_results_with_calcs-old.csv

$ /home/ubuntu/.venv/bin/python3 /home/ubuntu/apps/election-app/stats/2-eevp.py
Wrote (no-op copy): 2024_county_results_with_calcs.csv
Columns:
 - timestamp
 - state
 - county
 - fips
 - trump_votes
 - harris_votes
 - other_votes
 - eevp
 - state_eevp
 - harris_votes_statewide
 - trump_votes_statewide
 - other_votes_statewide
 - final_state
 - final_county
 - final_fips
 - final_trump_votes
 - final_harris_votes
 - final_other_votes
 - harris_percent_snapshot
 - trump_percent_snapshot
 - margin_snapshot
 - harris_percent_final
 - trump_percent_final
 - margin_final
 - margin_difference
 - margin_difference_abs

$ /home/ubuntu/.venv/bin/python3 /home/ubuntu/apps/election-app/stats/3-calc-new.py
Wrote 67 rows with new columns to /home/ubuntu/apps/election-app/win_prob/S/PA/_work/2024_county_results_with_calcs_new.csv

$ /home/ubuntu/.venv/bin/python3 /home/ubuntu/apps/election-app/stats/4-stats.py
Reading 2024_county_results_with_calcs_new.csv...
Aggregating statewide totals...
Calculating percentages and margins...
Writing to output_statewide_stats.csv...
Done!
[2026-01-24 01:22:35] INFO: [PIPELINE] ENTER win-prob generation | states=['PA'] ts_list=['2024-11-05T15-30-22']

============================================================================
[01/1] STATE = PA
============================================================================

$ /home/ubuntu/.venv/bin/python3 /home/ubuntu/apps/election-app/stats/5-snapshots.py --state PA --input /home/ubuntu/apps/election-app/win_prob/S/PA/_work/output_statewide_stats.csv --output /home/ubuntu/apps/election-app/win_prob/S/PA/snapshots_PA.csv --start 2024-11-05T15-30-22 --end 2024-11-05T15-30-22 --use-window 1 --interval 30
Mode: windowed-one-state
Rows written: 67
Distinct states in output: PA
Rows per normalized timestamp (empty = unparseable):
  2024-11-05T15-30-22: 67
Wrote /home/ubuntu/apps/election-app/win_prob/S/PA/snapshots_PA.csv

$ /home/ubuntu/.venv/bin/python3 /home/ubuntu/apps/election-app/stats/6-pval.py /home/ubuntu/apps/election-app/win_prob/S/PA/snapshots_PA.csv -t /home/ubuntu/apps/election-app/stats/parameters.csv -o /home/ubuntu/apps/election-app/win_prob/S/PA/data_output_PA.csv -c 50
Done. Wrote: /home/ubuntu/apps/election-app/win_prob/S/PA/data_output_PA.csv
Total rows: 67 (chunked, resumable).
Computed columns for PVALS = [0.01, 0.1, 1, 2, 3, 5, 10, 15, 20, 25, 30, 35, 40, 45, 50, 55, 60, 65, 70, 75, 80, 85, 90, 95, 97, 98, 99, 99.9, 99.99]
Per p (leader): shift_{p}, margin_new_{p}, harris_percent_new_{p}, trump_percent_new_{p}, total_snapshot_{p}, total_expected_{p}, harris_votes_new_{p}, trump_votes_new_{p}
Per p (trailing): shift_trailing_{p}, margin_new_{p}_trailing, harris_percent_new_{p}_trailing, trump_percent_new_{p}_trailing, total_snapshot_{p}_trailing, total_expected_{p}_trailing, harris_votes_new_{p}_trailing, trump_votes_new_{p}_trailing
Checkpoint saved at: /home/ubuntu/apps/election-app/win_prob/S/PA/data_output_PA.csv.checkpoint.json

$ /home/ubuntu/.venv/bin/python3 /home/ubuntu/apps/election-app/stats/7-margin-new.py
Wrote data_output_with_margins_old.csv

$ /home/ubuntu/.venv/bin/python3 /home/ubuntu/apps/election-app/stats/7-eevp-statewide.py
Wrote data_output_with_margins.csv (copied from data_output_with_margins_old.csv)

$ /home/ubuntu/.venv/bin/python3 /home/ubuntu/apps/election-app/stats/7.py --input /home/ubuntu/apps/election-app/win_prob/S/PA/data_output_PA_with_margins_statewide_eevp.csv --output /home/ubuntu/apps/election-app/win_prob/S/PA/statewide_margin_pct_vs_percent_PA_2026.png --state PA --start 2024-11-05T15-30-22 --end 2024-11-05T15-30-22 --stats /home/ubuntu/apps/election-app/win_prob/S/PA/stats.csv --stats2 /home/ubuntu/apps/election-app/win_prob/S/PA/stats2.csv --interval 30 --year 2026 --jsonl /home/ubuntu/apps/election-app/win_prob/S/PA/plotdata_PA_2026_2026-01-24T01-22-25.jsonl
[info] evaluating 1 timestamps from 2024-11-05T15-30-22 to 2024-11-05T15-30-22 every 30 minutes
[saved] probs_timeseries_PA.csv  (1 points)
[saved] /home/ubuntu/apps/election-app/win_prob/S/PA/plotdata_PA_2026_2026-01-24T01-22-25.jsonl  (4 points)
[saved] /home/ubuntu/apps/election-app/win_prob/S/PA/statewide_margin_pct_vs_percent_PA_2026_box.json
[saved] /home/ubuntu/apps/election-app/win_prob/S/PA/statewide_margin_pct_vs_percent_PA_2026_box.png
[saved] /home/ubuntu/apps/election-app/win_prob/S/PA/statewide_margin_pct_vs_percent_PA_2026.png

All 50 states complete. See: /home/ubuntu/apps/election-app/win_prob/S/PA

$ /home/ubuntu/.venv/bin/python3 /home/ubuntu/apps/election-app/stats/8.py --root /home/ubuntu/apps/election-app/win_prob/S/PA/_work --outdir /home/ubuntu/apps/election-app/win_prob/S/PA
[info] root  = /home/ubuntu/apps/election-app/win_prob/S/PA/_work
[info] outdir= /home/ubuntu/apps/election-app/win_prob/S/PA
[deleted] /home/ubuntu/apps/election-app/win_prob/S/PA/_work/stats_with_statewide.csv
[deleted] /home/ubuntu/apps/election-app/win_prob/S/PA/_work/stats2_final_headers.csv
[deleted] /home/ubuntu/apps/election-app/win_prob/S/PA/_work/2024_county_results_with_final-old.csv
[deleted] /home/ubuntu/apps/election-app/win_prob/S/PA/_work/2024_county_results_with_final.csv
[deleted] /home/ubuntu/apps/election-app/win_prob/S/PA/_work/2024_county_results_with_final_1.csv
[deleted] /home/ubuntu/apps/election-app/win_prob/S/PA/_work/2024_county_results_with_calcs-old.csv
[deleted] /home/ubuntu/apps/election-app/win_prob/S/PA/_work/2024_county_results_with_calcs_new.csv
[deleted] /home/ubuntu/apps/election-app/win_prob/S/PA/_work/output_statewide_stats.csv
[skip]    /home/ubuntu/apps/election-app/win_prob/S/PA/_work/probs_timeseries_PA.csv
[deleted] /home/ubuntu/apps/election-app/win_prob/S/PA/_work/2024_county_results_with_calcs.csv
[skip]    /home/ubuntu/apps/election-app/win_prob/S/PA/data_output.csv
[skip]    /home/ubuntu/apps/election-app/win_prob/S/PA/data_output_with_margins_old.csv
[skip]    /home/ubuntu/apps/election-app/win_prob/S/PA/data_output_with_margins.csv
[skip]    /home/ubuntu/apps/election-app/win_prob/S/PA/data_output_with_margins-statewide.csv
[deleted] /home/ubuntu/apps/election-app/win_prob/S/PA/snapshots_PA.csv
[deleted] /home/ubuntu/apps/election-app/win_prob/S/PA/data_output_PA_with_margins_statewide_eevp.csv
[deleted] /home/ubuntu/apps/election-app/win_prob/S/PA/data_output_PA_with_margins.csv
[deleted] /home/ubuntu/apps/election-app/win_prob/S/PA/data_output_PA.csv
[deleted] /home/ubuntu/apps/election-app/win_prob/S/PA/data_output_PA.csv.checkpoint.json
[deleted] /home/ubuntu/apps/election-app/win_prob/S/PA/stats.csv
[deleted] /home/ubuntu/apps/election-app/win_prob/S/PA/stats2.csv
[done] removed 16 file(s)
[2026-01-24 01:29:29] INFO: [PIPELINE] args: office=S state=PA district=None
[2026-01-24 01:29:29] INFO: [PIPELINE] WINPROB_DIR resolved to: /home/ubuntu/apps/election-app/win_prob/S/PA
[2026-01-24 01:29:29] INFO: [PIPELINE] OUTDIR set to: /home/ubuntu/apps/election-app/win_prob/S/PA

$ /home/ubuntu/.venv/bin/python3 /home/ubuntu/apps/election-app/stats/1-statewide.py --input /home/ubuntu/apps/election-app/win_prob/S/PA/stats.csv --output /home/ubuntu/apps/election-app/win_prob/S/PA/_work/stats_with_statewide.csv
Wrote /home/ubuntu/apps/election-app/win_prob/S/PA/_work/stats_with_statewide.csv (rows=67)

$ /home/ubuntu/.venv/bin/python3 /home/ubuntu/apps/election-app/stats/1-stats-2.py --input /home/ubuntu/apps/election-app/win_prob/S/PA/stats2.csv --output /home/ubuntu/apps/election-app/win_prob/S/PA/_work/stats2_final_headers.csv
Wrote /home/ubuntu/apps/election-app/win_prob/S/PA/_work/stats2_final_headers.csv (rows=67)

$ /home/ubuntu/.venv/bin/python3 /home/ubuntu/apps/election-app/stats/1-append-new.py
Wrote 2024_county_results_with_final-old.csv (rows=67, missing_final_matches=0)

$ /home/ubuntu/.venv/bin/python3 /home/ubuntu/apps/election-app/stats/1-change_header.py
Wrote: 2024_county_results_with_final.csv

$ /home/ubuntu/.venv/bin/python3 /home/ubuntu/apps/election-app/stats/1-cut-zero-fips.py
Wrote: 2024_county_results_with_final_1.csv
Rows before: 67
Rows after:  67
Dropped (fips == 0): 0

$ /home/ubuntu/.venv/bin/python3 /home/ubuntu/apps/election-app/stats/2-calc.py
Wrote 67 rows with calculations to /home/ubuntu/apps/election-app/win_prob/S/PA/_work/2024_county_results_with_calcs-old.csv

$ /home/ubuntu/.venv/bin/python3 /home/ubuntu/apps/election-app/stats/2-eevp.py
Wrote (no-op copy): 2024_county_results_with_calcs.csv
Columns:
 - timestamp
 - state
 - county
 - fips
 - trump_votes
 - harris_votes
 - other_votes
 - eevp
 - state_eevp
 - harris_votes_statewide
 - trump_votes_statewide
 - other_votes_statewide
 - final_state
 - final_county
 - final_fips
 - final_trump_votes
 - final_harris_votes
 - final_other_votes
 - harris_percent_snapshot
 - trump_percent_snapshot
 - margin_snapshot
 - harris_percent_final
 - trump_percent_final
 - margin_final
 - margin_difference
 - margin_difference_abs

$ /home/ubuntu/.venv/bin/python3 /home/ubuntu/apps/election-app/stats/3-calc-new.py
Wrote 67 rows with new columns to /home/ubuntu/apps/election-app/win_prob/S/PA/_work/2024_county_results_with_calcs_new.csv

$ /home/ubuntu/.venv/bin/python3 /home/ubuntu/apps/election-app/stats/4-stats.py
Reading 2024_county_results_with_calcs_new.csv...
Aggregating statewide totals...
Calculating percentages and margins...
Writing to output_statewide_stats.csv...
Done!
[2026-01-24 01:29:39] INFO: [PIPELINE] ENTER win-prob generation | states=['PA'] ts_list=['2024-11-05T15-30-22']

============================================================================
[01/1] STATE = PA
============================================================================

$ /home/ubuntu/.venv/bin/python3 /home/ubuntu/apps/election-app/stats/5-snapshots.py --state PA --input /home/ubuntu/apps/election-app/win_prob/S/PA/_work/output_statewide_stats.csv --output /home/ubuntu/apps/election-app/win_prob/S/PA/snapshots_PA.csv --start 2024-11-05T15-30-22 --end 2024-11-05T15-30-22 --use-window 1 --interval 30
Mode: windowed-one-state
Rows written: 67
Distinct states in output: PA
Rows per normalized timestamp (empty = unparseable):
  2024-11-05T15-30-22: 67
Wrote /home/ubuntu/apps/election-app/win_prob/S/PA/snapshots_PA.csv

$ /home/ubuntu/.venv/bin/python3 /home/ubuntu/apps/election-app/stats/6-pval.py /home/ubuntu/apps/election-app/win_prob/S/PA/snapshots_PA.csv -t /home/ubuntu/apps/election-app/stats/parameters.csv -o /home/ubuntu/apps/election-app/win_prob/S/PA/data_output_PA.csv -c 50
Done. Wrote: /home/ubuntu/apps/election-app/win_prob/S/PA/data_output_PA.csv
Total rows: 67 (chunked, resumable).
Computed columns for PVALS = [0.01, 0.1, 1, 2, 3, 5, 10, 15, 20, 25, 30, 35, 40, 45, 50, 55, 60, 65, 70, 75, 80, 85, 90, 95, 97, 98, 99, 99.9, 99.99]
Per p (leader): shift_{p}, margin_new_{p}, harris_percent_new_{p}, trump_percent_new_{p}, total_snapshot_{p}, total_expected_{p}, harris_votes_new_{p}, trump_votes_new_{p}
Per p (trailing): shift_trailing_{p}, margin_new_{p}_trailing, harris_percent_new_{p}_trailing, trump_percent_new_{p}_trailing, total_snapshot_{p}_trailing, total_expected_{p}_trailing, harris_votes_new_{p}_trailing, trump_votes_new_{p}_trailing
Checkpoint saved at: /home/ubuntu/apps/election-app/win_prob/S/PA/data_output_PA.csv.checkpoint.json

$ /home/ubuntu/.venv/bin/python3 /home/ubuntu/apps/election-app/stats/7-margin-new.py
Wrote data_output_with_margins_old.csv

$ /home/ubuntu/.venv/bin/python3 /home/ubuntu/apps/election-app/stats/7-eevp-statewide.py
Wrote data_output_with_margins.csv (copied from data_output_with_margins_old.csv)

$ /home/ubuntu/.venv/bin/python3 /home/ubuntu/apps/election-app/stats/7.py --input /home/ubuntu/apps/election-app/win_prob/S/PA/data_output_PA_with_margins_statewide_eevp.csv --output /home/ubuntu/apps/election-app/win_prob/S/PA/statewide_margin_pct_vs_percent_PA_2026.png --state PA --start 2024-11-05T15-30-22 --end 2024-11-05T15-30-22 --stats /home/ubuntu/apps/election-app/win_prob/S/PA/stats.csv --stats2 /home/ubuntu/apps/election-app/win_prob/S/PA/stats2.csv --interval 30 --year 2026 --jsonl /home/ubuntu/apps/election-app/win_prob/S/PA/plotdata_PA_2026_2026-01-24T01-29-29.jsonl
[info] evaluating 1 timestamps from 2024-11-05T15-30-22 to 2024-11-05T15-30-22 every 30 minutes
[saved] probs_timeseries_PA.csv  (1 points)
[saved] /home/ubuntu/apps/election-app/win_prob/S/PA/plotdata_PA_2026_2026-01-24T01-29-29.jsonl  (4 points)
[saved] /home/ubuntu/apps/election-app/win_prob/S/PA/statewide_margin_pct_vs_percent_PA_2026_box.json
[saved] /home/ubuntu/apps/election-app/win_prob/S/PA/statewide_margin_pct_vs_percent_PA_2026_box.png
[saved] /home/ubuntu/apps/election-app/win_prob/S/PA/statewide_margin_pct_vs_percent_PA_2026.png

All 50 states complete. See: /home/ubuntu/apps/election-app/win_prob/S/PA

$ /home/ubuntu/.venv/bin/python3 /home/ubuntu/apps/election-app/stats/8.py --root /home/ubuntu/apps/election-app/win_prob/S/PA/_work --outdir /home/ubuntu/apps/election-app/win_prob/S/PA
[info] root  = /home/ubuntu/apps/election-app/win_prob/S/PA/_work
[info] outdir= /home/ubuntu/apps/election-app/win_prob/S/PA
[deleted] /home/ubuntu/apps/election-app/win_prob/S/PA/_work/stats_with_statewide.csv
[deleted] /home/ubuntu/apps/election-app/win_prob/S/PA/_work/stats2_final_headers.csv
[deleted] /home/ubuntu/apps/election-app/win_prob/S/PA/_work/2024_county_results_with_final-old.csv
[deleted] /home/ubuntu/apps/election-app/win_prob/S/PA/_work/2024_county_results_with_final.csv
[deleted] /home/ubuntu/apps/election-app/win_prob/S/PA/_work/2024_county_results_with_final_1.csv
[deleted] /home/ubuntu/apps/election-app/win_prob/S/PA/_work/2024_county_results_with_calcs-old.csv
[deleted] /home/ubuntu/apps/election-app/win_prob/S/PA/_work/2024_county_results_with_calcs_new.csv
[deleted] /home/ubuntu/apps/election-app/win_prob/S/PA/_work/output_statewide_stats.csv
[skip]    /home/ubuntu/apps/election-app/win_prob/S/PA/_work/probs_timeseries_PA.csv
[deleted] /home/ubuntu/apps/election-app/win_prob/S/PA/_work/2024_county_results_with_calcs.csv
[skip]    /home/ubuntu/apps/election-app/win_prob/S/PA/data_output.csv
[skip]    /home/ubuntu/apps/election-app/win_prob/S/PA/data_output_with_margins_old.csv
[skip]    /home/ubuntu/apps/election-app/win_prob/S/PA/data_output_with_margins.csv
[skip]    /home/ubuntu/apps/election-app/win_prob/S/PA/data_output_with_margins-statewide.csv
[deleted] /home/ubuntu/apps/election-app/win_prob/S/PA/snapshots_PA.csv
[deleted] /home/ubuntu/apps/election-app/win_prob/S/PA/data_output_PA_with_margins_statewide_eevp.csv
[deleted] /home/ubuntu/apps/election-app/win_prob/S/PA/data_output_PA_with_margins.csv
[deleted] /home/ubuntu/apps/election-app/win_prob/S/PA/data_output_PA.csv
[deleted] /home/ubuntu/apps/election-app/win_prob/S/PA/data_output_PA.csv.checkpoint.json
[deleted] /home/ubuntu/apps/election-app/win_prob/S/PA/stats.csv
[deleted] /home/ubuntu/apps/election-app/win_prob/S/PA/stats2.csv
[done] removed 16 file(s)
[2026-01-25 23:02:31] INFO: [PIPELINE] args: office=S state=PA district=None
[2026-01-25 23:02:31] INFO: [PIPELINE] WINPROB_DIR resolved to: /home/ubuntu/apps/election-app/win_prob/S/PA
[2026-01-25 23:02:31] INFO: [PIPELINE] OUTDIR set to: /home/ubuntu/apps/election-app/win_prob/S/PA

$ /home/ubuntu/.venv/bin/python3 /home/ubuntu/apps/election-app/stats/1-statewide.py --input /home/ubuntu/apps/election-app/win_prob/S/PA/stats.csv --output /home/ubuntu/apps/election-app/win_prob/S/PA/_work/stats_with_statewide.csv
Wrote /home/ubuntu/apps/election-app/win_prob/S/PA/_work/stats_with_statewide.csv (rows=67)

$ /home/ubuntu/.venv/bin/python3 /home/ubuntu/apps/election-app/stats/1-stats-2.py --input /home/ubuntu/apps/election-app/win_prob/S/PA/stats2.csv --output /home/ubuntu/apps/election-app/win_prob/S/PA/_work/stats2_final_headers.csv
Wrote /home/ubuntu/apps/election-app/win_prob/S/PA/_work/stats2_final_headers.csv (rows=67)

$ /home/ubuntu/.venv/bin/python3 /home/ubuntu/apps/election-app/stats/1-append-new.py
Wrote 2024_county_results_with_final-old.csv (rows=67, missing_final_matches=0)

$ /home/ubuntu/.venv/bin/python3 /home/ubuntu/apps/election-app/stats/1-change_header.py
Wrote: 2024_county_results_with_final.csv

$ /home/ubuntu/.venv/bin/python3 /home/ubuntu/apps/election-app/stats/1-cut-zero-fips.py
Wrote: 2024_county_results_with_final_1.csv
Rows before: 67
Rows after:  67
Dropped (fips == 0): 0

$ /home/ubuntu/.venv/bin/python3 /home/ubuntu/apps/election-app/stats/2-calc.py
Wrote 67 rows with calculations to /home/ubuntu/apps/election-app/win_prob/S/PA/_work/2024_county_results_with_calcs-old.csv

$ /home/ubuntu/.venv/bin/python3 /home/ubuntu/apps/election-app/stats/2-eevp.py
Wrote (no-op copy): 2024_county_results_with_calcs.csv
Columns:
 - timestamp
 - state
 - county
 - fips
 - trump_votes
 - harris_votes
 - other_votes
 - eevp
 - state_eevp
 - harris_votes_statewide
 - trump_votes_statewide
 - other_votes_statewide
 - final_state
 - final_county
 - final_fips
 - final_trump_votes
 - final_harris_votes
 - final_other_votes
 - harris_percent_snapshot
 - trump_percent_snapshot
 - margin_snapshot
 - harris_percent_final
 - trump_percent_final
 - margin_final
 - margin_difference
 - margin_difference_abs

$ /home/ubuntu/.venv/bin/python3 /home/ubuntu/apps/election-app/stats/3-calc-new.py
Wrote 67 rows with new columns to /home/ubuntu/apps/election-app/win_prob/S/PA/_work/2024_county_results_with_calcs_new.csv

$ /home/ubuntu/.venv/bin/python3 /home/ubuntu/apps/election-app/stats/4-stats.py
Reading 2024_county_results_with_calcs_new.csv...
Aggregating statewide totals...
Calculating percentages and margins...
Writing to output_statewide_stats.csv...
Done!
[2026-01-25 23:02:42] INFO: [PIPELINE] ENTER win-prob generation | states=['PA'] ts_list=['2024-11-05T15-30-22']

============================================================================
[01/1] STATE = PA
============================================================================

$ /home/ubuntu/.venv/bin/python3 /home/ubuntu/apps/election-app/stats/5-snapshots.py --state PA --input /home/ubuntu/apps/election-app/win_prob/S/PA/_work/output_statewide_stats.csv --output /home/ubuntu/apps/election-app/win_prob/S/PA/snapshots_PA.csv --start 2024-11-05T15-30-22 --end 2024-11-05T15-30-22 --use-window 1 --interval 30
Mode: windowed-one-state
Rows written: 67
Distinct states in output: PA
Rows per normalized timestamp (empty = unparseable):
  2024-11-05T15-30-22: 67
Wrote /home/ubuntu/apps/election-app/win_prob/S/PA/snapshots_PA.csv

$ /home/ubuntu/.venv/bin/python3 /home/ubuntu/apps/election-app/stats/6-pval.py /home/ubuntu/apps/election-app/win_prob/S/PA/snapshots_PA.csv -t /home/ubuntu/apps/election-app/stats/parameters.csv -o /home/ubuntu/apps/election-app/win_prob/S/PA/data_output_PA.csv -c 50
Done. Wrote: /home/ubuntu/apps/election-app/win_prob/S/PA/data_output_PA.csv
Total rows: 67 (chunked, resumable).
Computed columns for PVALS = [0.01, 0.1, 1, 2, 3, 5, 10, 15, 20, 25, 30, 35, 40, 45, 50, 55, 60, 65, 70, 75, 80, 85, 90, 95, 97, 98, 99, 99.9, 99.99]
Per p (leader): shift_{p}, margin_new_{p}, harris_percent_new_{p}, trump_percent_new_{p}, total_snapshot_{p}, total_expected_{p}, harris_votes_new_{p}, trump_votes_new_{p}
Per p (trailing): shift_trailing_{p}, margin_new_{p}_trailing, harris_percent_new_{p}_trailing, trump_percent_new_{p}_trailing, total_snapshot_{p}_trailing, total_expected_{p}_trailing, harris_votes_new_{p}_trailing, trump_votes_new_{p}_trailing
Checkpoint saved at: /home/ubuntu/apps/election-app/win_prob/S/PA/data_output_PA.csv.checkpoint.json

$ /home/ubuntu/.venv/bin/python3 /home/ubuntu/apps/election-app/stats/7-margin-new.py
Wrote data_output_with_margins_old.csv

$ /home/ubuntu/.venv/bin/python3 /home/ubuntu/apps/election-app/stats/7-eevp-statewide.py
Wrote data_output_with_margins.csv (copied from data_output_with_margins_old.csv)

$ /home/ubuntu/.venv/bin/python3 /home/ubuntu/apps/election-app/stats/7.py --input /home/ubuntu/apps/election-app/win_prob/S/PA/data_output_PA_with_margins_statewide_eevp.csv --output /home/ubuntu/apps/election-app/win_prob/S/PA/statewide_margin_pct_vs_percent_PA_2026.png --state PA --start 2024-11-05T15-30-22 --end 2024-11-05T15-30-22 --stats /home/ubuntu/apps/election-app/win_prob/S/PA/stats.csv --stats2 /home/ubuntu/apps/election-app/win_prob/S/PA/stats2.csv --interval 30 --year 2026 --jsonl /home/ubuntu/apps/election-app/win_prob/S/PA/plotdata_PA_2026_2026-01-25T23-02-31.jsonl
[info] evaluating 1 timestamps from 2024-11-05T15-30-22 to 2024-11-05T15-30-22 every 30 minutes
[saved] probs_timeseries_PA.csv  (1 points)
[saved] /home/ubuntu/apps/election-app/win_prob/S/PA/plotdata_PA_2026_2026-01-25T23-02-31.jsonl  (0 points)
[saved] /home/ubuntu/apps/election-app/win_prob/S/PA/statewide_margin_pct_vs_percent_PA_2026_box.json
[saved] /home/ubuntu/apps/election-app/win_prob/S/PA/statewide_margin_pct_vs_percent_PA_2026_box.png
[saved] /home/ubuntu/apps/election-app/win_prob/S/PA/statewide_margin_pct_vs_percent_PA_2026.png

All 50 states complete. See: /home/ubuntu/apps/election-app/win_prob/S/PA

$ /home/ubuntu/.venv/bin/python3 /home/ubuntu/apps/election-app/stats/8.py --root /home/ubuntu/apps/election-app/win_prob/S/PA/_work --outdir /home/ubuntu/apps/election-app/win_prob/S/PA
[info] root  = /home/ubuntu/apps/election-app/win_prob/S/PA/_work
[info] outdir= /home/ubuntu/apps/election-app/win_prob/S/PA
[deleted] /home/ubuntu/apps/election-app/win_prob/S/PA/_work/stats_with_statewide.csv
[deleted] /home/ubuntu/apps/election-app/win_prob/S/PA/_work/stats2_final_headers.csv
[deleted] /home/ubuntu/apps/election-app/win_prob/S/PA/_work/2024_county_results_with_final-old.csv
[deleted] /home/ubuntu/apps/election-app/win_prob/S/PA/_work/2024_county_results_with_final.csv
[deleted] /home/ubuntu/apps/election-app/win_prob/S/PA/_work/2024_county_results_with_final_1.csv
[deleted] /home/ubuntu/apps/election-app/win_prob/S/PA/_work/2024_county_results_with_calcs-old.csv
[deleted] /home/ubuntu/apps/election-app/win_prob/S/PA/_work/2024_county_results_with_calcs_new.csv
[deleted] /home/ubuntu/apps/election-app/win_prob/S/PA/_work/output_statewide_stats.csv
[skip]    /home/ubuntu/apps/election-app/win_prob/S/PA/_work/probs_timeseries_PA.csv
[deleted] /home/ubuntu/apps/election-app/win_prob/S/PA/_work/2024_county_results_with_calcs.csv
[skip]    /home/ubuntu/apps/election-app/win_prob/S/PA/data_output.csv
[skip]    /home/ubuntu/apps/election-app/win_prob/S/PA/data_output_with_margins_old.csv
[skip]    /home/ubuntu/apps/election-app/win_prob/S/PA/data_output_with_margins.csv
[skip]    /home/ubuntu/apps/election-app/win_prob/S/PA/data_output_with_margins-statewide.csv
[deleted] /home/ubuntu/apps/election-app/win_prob/S/PA/snapshots_PA.csv
[deleted] /home/ubuntu/apps/election-app/win_prob/S/PA/data_output_PA_with_margins_statewide_eevp.csv
[deleted] /home/ubuntu/apps/election-app/win_prob/S/PA/data_output_PA_with_margins.csv
[deleted] /home/ubuntu/apps/election-app/win_prob/S/PA/data_output_PA.csv
[deleted] /home/ubuntu/apps/election-app/win_prob/S/PA/data_output_PA.csv.checkpoint.json
[deleted] /home/ubuntu/apps/election-app/win_prob/S/PA/stats.csv
[deleted] /home/ubuntu/apps/election-app/win_prob/S/PA/stats2.csv
[done] removed 16 file(s)
[2026-01-25 23:16:35] INFO: [PIPELINE] args: office=S state=PA district=None
[2026-01-25 23:16:35] INFO: [PIPELINE] WINPROB_DIR resolved to: /home/ubuntu/apps/election-app/win_prob/S/PA
[2026-01-25 23:16:35] INFO: [PIPELINE] OUTDIR set to: /home/ubuntu/apps/election-app/win_prob/S/PA

$ /home/ubuntu/.venv/bin/python3 /home/ubuntu/apps/election-app/stats/1-statewide.py --input /home/ubuntu/apps/election-app/win_prob/S/PA/stats.csv --output /home/ubuntu/apps/election-app/win_prob/S/PA/_work/stats_with_statewide.csv
Wrote /home/ubuntu/apps/election-app/win_prob/S/PA/_work/stats_with_statewide.csv (rows=67)

$ /home/ubuntu/.venv/bin/python3 /home/ubuntu/apps/election-app/stats/1-stats-2.py --input /home/ubuntu/apps/election-app/win_prob/S/PA/stats2.csv --output /home/ubuntu/apps/election-app/win_prob/S/PA/_work/stats2_final_headers.csv
Wrote /home/ubuntu/apps/election-app/win_prob/S/PA/_work/stats2_final_headers.csv (rows=67)

$ /home/ubuntu/.venv/bin/python3 /home/ubuntu/apps/election-app/stats/1-append-new.py
Wrote 2024_county_results_with_final-old.csv (rows=67, missing_final_matches=0)

$ /home/ubuntu/.venv/bin/python3 /home/ubuntu/apps/election-app/stats/1-change_header.py
Wrote: 2024_county_results_with_final.csv

$ /home/ubuntu/.venv/bin/python3 /home/ubuntu/apps/election-app/stats/1-cut-zero-fips.py
Wrote: 2024_county_results_with_final_1.csv
Rows before: 67
Rows after:  67
Dropped (fips == 0): 0

$ /home/ubuntu/.venv/bin/python3 /home/ubuntu/apps/election-app/stats/2-calc.py
Wrote 67 rows with calculations to /home/ubuntu/apps/election-app/win_prob/S/PA/_work/2024_county_results_with_calcs-old.csv

$ /home/ubuntu/.venv/bin/python3 /home/ubuntu/apps/election-app/stats/2-eevp.py
Wrote (no-op copy): 2024_county_results_with_calcs.csv
Columns:
 - timestamp
 - state
 - county
 - fips
 - trump_votes
 - harris_votes
 - other_votes
 - eevp
 - state_eevp
 - harris_votes_statewide
 - trump_votes_statewide
 - other_votes_statewide
 - final_state
 - final_county
 - final_fips
 - final_trump_votes
 - final_harris_votes
 - final_other_votes
 - harris_percent_snapshot
 - trump_percent_snapshot
 - margin_snapshot
 - harris_percent_final
 - trump_percent_final
 - margin_final
 - margin_difference
 - margin_difference_abs

$ /home/ubuntu/.venv/bin/python3 /home/ubuntu/apps/election-app/stats/3-calc-new.py
Wrote 67 rows with new columns to /home/ubuntu/apps/election-app/win_prob/S/PA/_work/2024_county_results_with_calcs_new.csv

$ /home/ubuntu/.venv/bin/python3 /home/ubuntu/apps/election-app/stats/4-stats.py
Reading 2024_county_results_with_calcs_new.csv...
Aggregating statewide totals...
Calculating percentages and margins...
Writing to output_statewide_stats.csv...
Done!
[2026-01-25 23:16:46] INFO: [PIPELINE] ENTER win-prob generation | states=['PA'] ts_list=['2024-11-05T15-30-22']

============================================================================
[01/1] STATE = PA
============================================================================

$ /home/ubuntu/.venv/bin/python3 /home/ubuntu/apps/election-app/stats/5-snapshots.py --state PA --input /home/ubuntu/apps/election-app/win_prob/S/PA/_work/output_statewide_stats.csv --output /home/ubuntu/apps/election-app/win_prob/S/PA/snapshots_PA.csv --start 2024-11-05T15-30-22 --end 2024-11-05T15-30-22 --use-window 1 --interval 30
Mode: windowed-one-state
Rows written: 67
Distinct states in output: PA
Rows per normalized timestamp (empty = unparseable):
  2024-11-05T15-30-22: 67
Wrote /home/ubuntu/apps/election-app/win_prob/S/PA/snapshots_PA.csv

$ /home/ubuntu/.venv/bin/python3 /home/ubuntu/apps/election-app/stats/6-pval.py /home/ubuntu/apps/election-app/win_prob/S/PA/snapshots_PA.csv -t /home/ubuntu/apps/election-app/stats/parameters.csv -o /home/ubuntu/apps/election-app/win_prob/S/PA/data_output_PA.csv -c 50
Done. Wrote: /home/ubuntu/apps/election-app/win_prob/S/PA/data_output_PA.csv
Total rows: 67 (chunked, resumable).
Computed columns for PVALS = [0.01, 0.1, 1, 2, 3, 5, 10, 15, 20, 25, 30, 35, 40, 45, 50, 55, 60, 65, 70, 75, 80, 85, 90, 95, 97, 98, 99, 99.9, 99.99]
Per p (leader): shift_{p}, margin_new_{p}, harris_percent_new_{p}, trump_percent_new_{p}, total_snapshot_{p}, total_expected_{p}, harris_votes_new_{p}, trump_votes_new_{p}
Per p (trailing): shift_trailing_{p}, margin_new_{p}_trailing, harris_percent_new_{p}_trailing, trump_percent_new_{p}_trailing, total_snapshot_{p}_trailing, total_expected_{p}_trailing, harris_votes_new_{p}_trailing, trump_votes_new_{p}_trailing
Checkpoint saved at: /home/ubuntu/apps/election-app/win_prob/S/PA/data_output_PA.csv.checkpoint.json

$ /home/ubuntu/.venv/bin/python3 /home/ubuntu/apps/election-app/stats/7-margin-new.py
Wrote data_output_with_margins_old.csv

$ /home/ubuntu/.venv/bin/python3 /home/ubuntu/apps/election-app/stats/7-eevp-statewide.py
Wrote data_output_with_margins.csv (copied from data_output_with_margins_old.csv)

$ /home/ubuntu/.venv/bin/python3 /home/ubuntu/apps/election-app/stats/7.py --input /home/ubuntu/apps/election-app/win_prob/S/PA/data_output_PA_with_margins_statewide_eevp.csv --output /home/ubuntu/apps/election-app/win_prob/S/PA/statewide_margin_pct_vs_percent_PA_2026.png --state PA --start 2024-11-05T15-30-22 --end 2024-11-05T15-30-22 --stats /home/ubuntu/apps/election-app/win_prob/S/PA/stats.csv --stats2 /home/ubuntu/apps/election-app/win_prob/S/PA/stats2.csv --interval 30 --year 2026 --jsonl /home/ubuntu/apps/election-app/win_prob/S/PA/plotdata_PA_2026_2026-01-25T23-16-35.jsonl
[info] evaluating 1 timestamps from 2024-11-05T15-30-22 to 2024-11-05T15-30-22 every 30 minutes
[saved] probs_timeseries_PA.csv  (1 points)
[saved] /home/ubuntu/apps/election-app/win_prob/S/PA/plotdata_PA_2026_2026-01-25T23-16-35.jsonl  (4 points)
[saved] /home/ubuntu/apps/election-app/win_prob/S/PA/statewide_margin_pct_vs_percent_PA_2026_box.json
[saved] /home/ubuntu/apps/election-app/win_prob/S/PA/statewide_margin_pct_vs_percent_PA_2026_box.png
[saved] /home/ubuntu/apps/election-app/win_prob/S/PA/statewide_margin_pct_vs_percent_PA_2026.png

All 50 states complete. See: /home/ubuntu/apps/election-app/win_prob/S/PA

$ /home/ubuntu/.venv/bin/python3 /home/ubuntu/apps/election-app/stats/8.py --root /home/ubuntu/apps/election-app/win_prob/S/PA/_work --outdir /home/ubuntu/apps/election-app/win_prob/S/PA
[info] root  = /home/ubuntu/apps/election-app/win_prob/S/PA/_work
[info] outdir= /home/ubuntu/apps/election-app/win_prob/S/PA
[deleted] /home/ubuntu/apps/election-app/win_prob/S/PA/_work/stats_with_statewide.csv
[deleted] /home/ubuntu/apps/election-app/win_prob/S/PA/_work/stats2_final_headers.csv
[deleted] /home/ubuntu/apps/election-app/win_prob/S/PA/_work/2024_county_results_with_final-old.csv
[deleted] /home/ubuntu/apps/election-app/win_prob/S/PA/_work/2024_county_results_with_final.csv
[deleted] /home/ubuntu/apps/election-app/win_prob/S/PA/_work/2024_county_results_with_final_1.csv
[deleted] /home/ubuntu/apps/election-app/win_prob/S/PA/_work/2024_county_results_with_calcs-old.csv
[deleted] /home/ubuntu/apps/election-app/win_prob/S/PA/_work/2024_county_results_with_calcs_new.csv
[deleted] /home/ubuntu/apps/election-app/win_prob/S/PA/_work/output_statewide_stats.csv
[skip]    /home/ubuntu/apps/election-app/win_prob/S/PA/_work/probs_timeseries_PA.csv
[deleted] /home/ubuntu/apps/election-app/win_prob/S/PA/_work/2024_county_results_with_calcs.csv
[skip]    /home/ubuntu/apps/election-app/win_prob/S/PA/data_output.csv
[skip]    /home/ubuntu/apps/election-app/win_prob/S/PA/data_output_with_margins_old.csv
[skip]    /home/ubuntu/apps/election-app/win_prob/S/PA/data_output_with_margins.csv
[skip]    /home/ubuntu/apps/election-app/win_prob/S/PA/data_output_with_margins-statewide.csv
[deleted] /home/ubuntu/apps/election-app/win_prob/S/PA/snapshots_PA.csv
[deleted] /home/ubuntu/apps/election-app/win_prob/S/PA/data_output_PA_with_margins_statewide_eevp.csv
[deleted] /home/ubuntu/apps/election-app/win_prob/S/PA/data_output_PA_with_margins.csv
[deleted] /home/ubuntu/apps/election-app/win_prob/S/PA/data_output_PA.csv
[deleted] /home/ubuntu/apps/election-app/win_prob/S/PA/data_output_PA.csv.checkpoint.json
[deleted] /home/ubuntu/apps/election-app/win_prob/S/PA/stats.csv
[deleted] /home/ubuntu/apps/election-app/win_prob/S/PA/stats2.csv
[done] removed 16 file(s)
[2026-01-25 23:23:39] INFO: [PIPELINE] args: office=S state=PA district=None
[2026-01-25 23:23:39] INFO: [PIPELINE] WINPROB_DIR resolved to: /home/ubuntu/apps/election-app/win_prob/S/PA
[2026-01-25 23:23:39] INFO: [PIPELINE] OUTDIR set to: /home/ubuntu/apps/election-app/win_prob/S/PA

$ /home/ubuntu/.venv/bin/python3 /home/ubuntu/apps/election-app/stats/1-statewide.py --input /home/ubuntu/apps/election-app/win_prob/S/PA/stats.csv --output /home/ubuntu/apps/election-app/win_prob/S/PA/_work/stats_with_statewide.csv
Wrote /home/ubuntu/apps/election-app/win_prob/S/PA/_work/stats_with_statewide.csv (rows=67)

$ /home/ubuntu/.venv/bin/python3 /home/ubuntu/apps/election-app/stats/1-stats-2.py --input /home/ubuntu/apps/election-app/win_prob/S/PA/stats2.csv --output /home/ubuntu/apps/election-app/win_prob/S/PA/_work/stats2_final_headers.csv
Wrote /home/ubuntu/apps/election-app/win_prob/S/PA/_work/stats2_final_headers.csv (rows=67)

$ /home/ubuntu/.venv/bin/python3 /home/ubuntu/apps/election-app/stats/1-append-new.py
Wrote 2024_county_results_with_final-old.csv (rows=67, missing_final_matches=0)

$ /home/ubuntu/.venv/bin/python3 /home/ubuntu/apps/election-app/stats/1-change_header.py
Wrote: 2024_county_results_with_final.csv

$ /home/ubuntu/.venv/bin/python3 /home/ubuntu/apps/election-app/stats/1-cut-zero-fips.py
Wrote: 2024_county_results_with_final_1.csv
Rows before: 67
Rows after:  67
Dropped (fips == 0): 0

$ /home/ubuntu/.venv/bin/python3 /home/ubuntu/apps/election-app/stats/2-calc.py
Wrote 67 rows with calculations to /home/ubuntu/apps/election-app/win_prob/S/PA/_work/2024_county_results_with_calcs-old.csv

$ /home/ubuntu/.venv/bin/python3 /home/ubuntu/apps/election-app/stats/2-eevp.py
Wrote (no-op copy): 2024_county_results_with_calcs.csv
Columns:
 - timestamp
 - state
 - county
 - fips
 - trump_votes
 - harris_votes
 - other_votes
 - eevp
 - state_eevp
 - harris_votes_statewide
 - trump_votes_statewide
 - other_votes_statewide
 - final_state
 - final_county
 - final_fips
 - final_trump_votes
 - final_harris_votes
 - final_other_votes
 - harris_percent_snapshot
 - trump_percent_snapshot
 - margin_snapshot
 - harris_percent_final
 - trump_percent_final
 - margin_final
 - margin_difference
 - margin_difference_abs

$ /home/ubuntu/.venv/bin/python3 /home/ubuntu/apps/election-app/stats/3-calc-new.py
Wrote 67 rows with new columns to /home/ubuntu/apps/election-app/win_prob/S/PA/_work/2024_county_results_with_calcs_new.csv

$ /home/ubuntu/.venv/bin/python3 /home/ubuntu/apps/election-app/stats/4-stats.py
Reading 2024_county_results_with_calcs_new.csv...
Aggregating statewide totals...
Calculating percentages and margins...
Writing to output_statewide_stats.csv...
Done!
[2026-01-25 23:23:50] INFO: [PIPELINE] ENTER win-prob generation | states=['PA'] ts_list=['2024-11-05T15-30-22']

============================================================================
[01/1] STATE = PA
============================================================================

$ /home/ubuntu/.venv/bin/python3 /home/ubuntu/apps/election-app/stats/5-snapshots.py --state PA --input /home/ubuntu/apps/election-app/win_prob/S/PA/_work/output_statewide_stats.csv --output /home/ubuntu/apps/election-app/win_prob/S/PA/snapshots_PA.csv --start 2024-11-05T15-30-22 --end 2024-11-05T15-30-22 --use-window 1 --interval 30
Mode: windowed-one-state
Rows written: 67
Distinct states in output: PA
Rows per normalized timestamp (empty = unparseable):
  2024-11-05T15-30-22: 67
Wrote /home/ubuntu/apps/election-app/win_prob/S/PA/snapshots_PA.csv

$ /home/ubuntu/.venv/bin/python3 /home/ubuntu/apps/election-app/stats/6-pval.py /home/ubuntu/apps/election-app/win_prob/S/PA/snapshots_PA.csv -t /home/ubuntu/apps/election-app/stats/parameters.csv -o /home/ubuntu/apps/election-app/win_prob/S/PA/data_output_PA.csv -c 50
Done. Wrote: /home/ubuntu/apps/election-app/win_prob/S/PA/data_output_PA.csv
Total rows: 67 (chunked, resumable).
Computed columns for PVALS = [0.01, 0.1, 1, 2, 3, 5, 10, 15, 20, 25, 30, 35, 40, 45, 50, 55, 60, 65, 70, 75, 80, 85, 90, 95, 97, 98, 99, 99.9, 99.99]
Per p (leader): shift_{p}, margin_new_{p}, harris_percent_new_{p}, trump_percent_new_{p}, total_snapshot_{p}, total_expected_{p}, harris_votes_new_{p}, trump_votes_new_{p}
Per p (trailing): shift_trailing_{p}, margin_new_{p}_trailing, harris_percent_new_{p}_trailing, trump_percent_new_{p}_trailing, total_snapshot_{p}_trailing, total_expected_{p}_trailing, harris_votes_new_{p}_trailing, trump_votes_new_{p}_trailing
Checkpoint saved at: /home/ubuntu/apps/election-app/win_prob/S/PA/data_output_PA.csv.checkpoint.json

$ /home/ubuntu/.venv/bin/python3 /home/ubuntu/apps/election-app/stats/7-margin-new.py
Wrote data_output_with_margins_old.csv

$ /home/ubuntu/.venv/bin/python3 /home/ubuntu/apps/election-app/stats/7-eevp-statewide.py
Wrote data_output_with_margins.csv (copied from data_output_with_margins_old.csv)

$ /home/ubuntu/.venv/bin/python3 /home/ubuntu/apps/election-app/stats/7.py --input /home/ubuntu/apps/election-app/win_prob/S/PA/data_output_PA_with_margins_statewide_eevp.csv --output /home/ubuntu/apps/election-app/win_prob/S/PA/statewide_margin_pct_vs_percent_PA_2026.png --state PA --start 2024-11-05T15-30-22 --end 2024-11-05T15-30-22 --stats /home/ubuntu/apps/election-app/win_prob/S/PA/stats.csv --stats2 /home/ubuntu/apps/election-app/win_prob/S/PA/stats2.csv --interval 30 --year 2026 --jsonl /home/ubuntu/apps/election-app/win_prob/S/PA/plotdata_PA_2026_2026-01-25T23-23-39.jsonl
[info] evaluating 1 timestamps from 2024-11-05T15-30-22 to 2024-11-05T15-30-22 every 30 minutes
[saved] probs_timeseries_PA.csv  (1 points)
[saved] /home/ubuntu/apps/election-app/win_prob/S/PA/plotdata_PA_2026_2026-01-25T23-23-39.jsonl  (4 points)
[saved] /home/ubuntu/apps/election-app/win_prob/S/PA/statewide_margin_pct_vs_percent_PA_2026_box.json
[saved] /home/ubuntu/apps/election-app/win_prob/S/PA/statewide_margin_pct_vs_percent_PA_2026_box.png
[saved] /home/ubuntu/apps/election-app/win_prob/S/PA/statewide_margin_pct_vs_percent_PA_2026.png

All 50 states complete. See: /home/ubuntu/apps/election-app/win_prob/S/PA

$ /home/ubuntu/.venv/bin/python3 /home/ubuntu/apps/election-app/stats/8.py --root /home/ubuntu/apps/election-app/win_prob/S/PA/_work --outdir /home/ubuntu/apps/election-app/win_prob/S/PA
[info] root  = /home/ubuntu/apps/election-app/win_prob/S/PA/_work
[info] outdir= /home/ubuntu/apps/election-app/win_prob/S/PA
[deleted] /home/ubuntu/apps/election-app/win_prob/S/PA/_work/stats_with_statewide.csv
[deleted] /home/ubuntu/apps/election-app/win_prob/S/PA/_work/stats2_final_headers.csv
[deleted] /home/ubuntu/apps/election-app/win_prob/S/PA/_work/2024_county_results_with_final-old.csv
[deleted] /home/ubuntu/apps/election-app/win_prob/S/PA/_work/2024_county_results_with_final.csv
[deleted] /home/ubuntu/apps/election-app/win_prob/S/PA/_work/2024_county_results_with_final_1.csv
[deleted] /home/ubuntu/apps/election-app/win_prob/S/PA/_work/2024_county_results_with_calcs-old.csv
[deleted] /home/ubuntu/apps/election-app/win_prob/S/PA/_work/2024_county_results_with_calcs_new.csv
[deleted] /home/ubuntu/apps/election-app/win_prob/S/PA/_work/output_statewide_stats.csv
[skip]    /home/ubuntu/apps/election-app/win_prob/S/PA/_work/probs_timeseries_PA.csv
[deleted] /home/ubuntu/apps/election-app/win_prob/S/PA/_work/2024_county_results_with_calcs.csv
[skip]    /home/ubuntu/apps/election-app/win_prob/S/PA/data_output.csv
[skip]    /home/ubuntu/apps/election-app/win_prob/S/PA/data_output_with_margins_old.csv
[skip]    /home/ubuntu/apps/election-app/win_prob/S/PA/data_output_with_margins.csv
[skip]    /home/ubuntu/apps/election-app/win_prob/S/PA/data_output_with_margins-statewide.csv
[deleted] /home/ubuntu/apps/election-app/win_prob/S/PA/snapshots_PA.csv
[deleted] /home/ubuntu/apps/election-app/win_prob/S/PA/data_output_PA_with_margins_statewide_eevp.csv
[deleted] /home/ubuntu/apps/election-app/win_prob/S/PA/data_output_PA_with_margins.csv
[deleted] /home/ubuntu/apps/election-app/win_prob/S/PA/data_output_PA.csv
[deleted] /home/ubuntu/apps/election-app/win_prob/S/PA/data_output_PA.csv.checkpoint.json
[deleted] /home/ubuntu/apps/election-app/win_prob/S/PA/stats.csv
[deleted] /home/ubuntu/apps/election-app/win_prob/S/PA/stats2.csv
[done] removed 16 file(s)
[2026-01-25 23:30:43] INFO: [PIPELINE] args: office=S state=PA district=None
[2026-01-25 23:30:43] INFO: [PIPELINE] WINPROB_DIR resolved to: /home/ubuntu/apps/election-app/win_prob/S/PA
[2026-01-25 23:30:43] INFO: [PIPELINE] OUTDIR set to: /home/ubuntu/apps/election-app/win_prob/S/PA

$ /home/ubuntu/.venv/bin/python3 /home/ubuntu/apps/election-app/stats/1-statewide.py --input /home/ubuntu/apps/election-app/win_prob/S/PA/stats.csv --output /home/ubuntu/apps/election-app/win_prob/S/PA/_work/stats_with_statewide.csv
Wrote /home/ubuntu/apps/election-app/win_prob/S/PA/_work/stats_with_statewide.csv (rows=67)

$ /home/ubuntu/.venv/bin/python3 /home/ubuntu/apps/election-app/stats/1-stats-2.py --input /home/ubuntu/apps/election-app/win_prob/S/PA/stats2.csv --output /home/ubuntu/apps/election-app/win_prob/S/PA/_work/stats2_final_headers.csv
Wrote /home/ubuntu/apps/election-app/win_prob/S/PA/_work/stats2_final_headers.csv (rows=67)

$ /home/ubuntu/.venv/bin/python3 /home/ubuntu/apps/election-app/stats/1-append-new.py
Wrote 2024_county_results_with_final-old.csv (rows=67, missing_final_matches=0)

$ /home/ubuntu/.venv/bin/python3 /home/ubuntu/apps/election-app/stats/1-change_header.py
Wrote: 2024_county_results_with_final.csv

$ /home/ubuntu/.venv/bin/python3 /home/ubuntu/apps/election-app/stats/1-cut-zero-fips.py
Wrote: 2024_county_results_with_final_1.csv
Rows before: 67
Rows after:  67
Dropped (fips == 0): 0

$ /home/ubuntu/.venv/bin/python3 /home/ubuntu/apps/election-app/stats/2-calc.py
Wrote 67 rows with calculations to /home/ubuntu/apps/election-app/win_prob/S/PA/_work/2024_county_results_with_calcs-old.csv

$ /home/ubuntu/.venv/bin/python3 /home/ubuntu/apps/election-app/stats/2-eevp.py
Wrote (no-op copy): 2024_county_results_with_calcs.csv
Columns:
 - timestamp
 - state
 - county
 - fips
 - trump_votes
 - harris_votes
 - other_votes
 - eevp
 - state_eevp
 - harris_votes_statewide
 - trump_votes_statewide
 - other_votes_statewide
 - final_state
 - final_county
 - final_fips
 - final_trump_votes
 - final_harris_votes
 - final_other_votes
 - harris_percent_snapshot
 - trump_percent_snapshot
 - margin_snapshot
 - harris_percent_final
 - trump_percent_final
 - margin_final
 - margin_difference
 - margin_difference_abs

$ /home/ubuntu/.venv/bin/python3 /home/ubuntu/apps/election-app/stats/3-calc-new.py
Wrote 67 rows with new columns to /home/ubuntu/apps/election-app/win_prob/S/PA/_work/2024_county_results_with_calcs_new.csv

$ /home/ubuntu/.venv/bin/python3 /home/ubuntu/apps/election-app/stats/4-stats.py
Reading 2024_county_results_with_calcs_new.csv...
Aggregating statewide totals...
Calculating percentages and margins...
Writing to output_statewide_stats.csv...
Done!
[2026-01-25 23:30:53] INFO: [PIPELINE] ENTER win-prob generation | states=['PA'] ts_list=['2024-11-05T15-30-22']

============================================================================
[01/1] STATE = PA
============================================================================

$ /home/ubuntu/.venv/bin/python3 /home/ubuntu/apps/election-app/stats/5-snapshots.py --state PA --input /home/ubuntu/apps/election-app/win_prob/S/PA/_work/output_statewide_stats.csv --output /home/ubuntu/apps/election-app/win_prob/S/PA/snapshots_PA.csv --start 2024-11-05T15-30-22 --end 2024-11-05T15-30-22 --use-window 1 --interval 30
Mode: windowed-one-state
Rows written: 67
Distinct states in output: PA
Rows per normalized timestamp (empty = unparseable):
  2024-11-05T15-30-22: 67
Wrote /home/ubuntu/apps/election-app/win_prob/S/PA/snapshots_PA.csv

$ /home/ubuntu/.venv/bin/python3 /home/ubuntu/apps/election-app/stats/6-pval.py /home/ubuntu/apps/election-app/win_prob/S/PA/snapshots_PA.csv -t /home/ubuntu/apps/election-app/stats/parameters.csv -o /home/ubuntu/apps/election-app/win_prob/S/PA/data_output_PA.csv -c 50
Done. Wrote: /home/ubuntu/apps/election-app/win_prob/S/PA/data_output_PA.csv
Total rows: 67 (chunked, resumable).
Computed columns for PVALS = [0.01, 0.1, 1, 2, 3, 5, 10, 15, 20, 25, 30, 35, 40, 45, 50, 55, 60, 65, 70, 75, 80, 85, 90, 95, 97, 98, 99, 99.9, 99.99]
Per p (leader): shift_{p}, margin_new_{p}, harris_percent_new_{p}, trump_percent_new_{p}, total_snapshot_{p}, total_expected_{p}, harris_votes_new_{p}, trump_votes_new_{p}
Per p (trailing): shift_trailing_{p}, margin_new_{p}_trailing, harris_percent_new_{p}_trailing, trump_percent_new_{p}_trailing, total_snapshot_{p}_trailing, total_expected_{p}_trailing, harris_votes_new_{p}_trailing, trump_votes_new_{p}_trailing
Checkpoint saved at: /home/ubuntu/apps/election-app/win_prob/S/PA/data_output_PA.csv.checkpoint.json

$ /home/ubuntu/.venv/bin/python3 /home/ubuntu/apps/election-app/stats/7-margin-new.py
Wrote data_output_with_margins_old.csv

$ /home/ubuntu/.venv/bin/python3 /home/ubuntu/apps/election-app/stats/7-eevp-statewide.py
Wrote data_output_with_margins.csv (copied from data_output_with_margins_old.csv)

$ /home/ubuntu/.venv/bin/python3 /home/ubuntu/apps/election-app/stats/7.py --input /home/ubuntu/apps/election-app/win_prob/S/PA/data_output_PA_with_margins_statewide_eevp.csv --output /home/ubuntu/apps/election-app/win_prob/S/PA/statewide_margin_pct_vs_percent_PA_2026.png --state PA --start 2024-11-05T15-30-22 --end 2024-11-05T15-30-22 --stats /home/ubuntu/apps/election-app/win_prob/S/PA/stats.csv --stats2 /home/ubuntu/apps/election-app/win_prob/S/PA/stats2.csv --interval 30 --year 2026 --jsonl /home/ubuntu/apps/election-app/win_prob/S/PA/plotdata_PA_2026_2026-01-25T23-30-43.jsonl
[info] evaluating 1 timestamps from 2024-11-05T15-30-22 to 2024-11-05T15-30-22 every 30 minutes
[saved] probs_timeseries_PA.csv  (1 points)
[saved] /home/ubuntu/apps/election-app/win_prob/S/PA/plotdata_PA_2026_2026-01-25T23-30-43.jsonl  (4 points)
[saved] /home/ubuntu/apps/election-app/win_prob/S/PA/statewide_margin_pct_vs_percent_PA_2026_box.json
[saved] /home/ubuntu/apps/election-app/win_prob/S/PA/statewide_margin_pct_vs_percent_PA_2026_box.png
[saved] /home/ubuntu/apps/election-app/win_prob/S/PA/statewide_margin_pct_vs_percent_PA_2026.png

All 50 states complete. See: /home/ubuntu/apps/election-app/win_prob/S/PA

$ /home/ubuntu/.venv/bin/python3 /home/ubuntu/apps/election-app/stats/8.py --root /home/ubuntu/apps/election-app/win_prob/S/PA/_work --outdir /home/ubuntu/apps/election-app/win_prob/S/PA
[info] root  = /home/ubuntu/apps/election-app/win_prob/S/PA/_work
[info] outdir= /home/ubuntu/apps/election-app/win_prob/S/PA
[deleted] /home/ubuntu/apps/election-app/win_prob/S/PA/_work/stats_with_statewide.csv
[deleted] /home/ubuntu/apps/election-app/win_prob/S/PA/_work/stats2_final_headers.csv
[deleted] /home/ubuntu/apps/election-app/win_prob/S/PA/_work/2024_county_results_with_final-old.csv
[deleted] /home/ubuntu/apps/election-app/win_prob/S/PA/_work/2024_county_results_with_final.csv
[deleted] /home/ubuntu/apps/election-app/win_prob/S/PA/_work/2024_county_results_with_final_1.csv
[deleted] /home/ubuntu/apps/election-app/win_prob/S/PA/_work/2024_county_results_with_calcs-old.csv
[deleted] /home/ubuntu/apps/election-app/win_prob/S/PA/_work/2024_county_results_with_calcs_new.csv
[deleted] /home/ubuntu/apps/election-app/win_prob/S/PA/_work/output_statewide_stats.csv
[skip]    /home/ubuntu/apps/election-app/win_prob/S/PA/_work/probs_timeseries_PA.csv
[deleted] /home/ubuntu/apps/election-app/win_prob/S/PA/_work/2024_county_results_with_calcs.csv
[skip]    /home/ubuntu/apps/election-app/win_prob/S/PA/data_output.csv
[skip]    /home/ubuntu/apps/election-app/win_prob/S/PA/data_output_with_margins_old.csv
[skip]    /home/ubuntu/apps/election-app/win_prob/S/PA/data_output_with_margins.csv
[skip]    /home/ubuntu/apps/election-app/win_prob/S/PA/data_output_with_margins-statewide.csv
[deleted] /home/ubuntu/apps/election-app/win_prob/S/PA/snapshots_PA.csv
[deleted] /home/ubuntu/apps/election-app/win_prob/S/PA/data_output_PA_with_margins_statewide_eevp.csv
[deleted] /home/ubuntu/apps/election-app/win_prob/S/PA/data_output_PA_with_margins.csv
[deleted] /home/ubuntu/apps/election-app/win_prob/S/PA/data_output_PA.csv
[deleted] /home/ubuntu/apps/election-app/win_prob/S/PA/data_output_PA.csv.checkpoint.json
[deleted] /home/ubuntu/apps/election-app/win_prob/S/PA/stats.csv
[deleted] /home/ubuntu/apps/election-app/win_prob/S/PA/stats2.csv
[done] removed 16 file(s)
[2026-01-25 23:37:46] INFO: [PIPELINE] args: office=S state=PA district=None
[2026-01-25 23:37:46] INFO: [PIPELINE] WINPROB_DIR resolved to: /home/ubuntu/apps/election-app/win_prob/S/PA
[2026-01-25 23:37:46] INFO: [PIPELINE] OUTDIR set to: /home/ubuntu/apps/election-app/win_prob/S/PA

$ /home/ubuntu/.venv/bin/python3 /home/ubuntu/apps/election-app/stats/1-statewide.py --input /home/ubuntu/apps/election-app/win_prob/S/PA/stats.csv --output /home/ubuntu/apps/election-app/win_prob/S/PA/_work/stats_with_statewide.csv
Wrote /home/ubuntu/apps/election-app/win_prob/S/PA/_work/stats_with_statewide.csv (rows=67)

$ /home/ubuntu/.venv/bin/python3 /home/ubuntu/apps/election-app/stats/1-stats-2.py --input /home/ubuntu/apps/election-app/win_prob/S/PA/stats2.csv --output /home/ubuntu/apps/election-app/win_prob/S/PA/_work/stats2_final_headers.csv
Wrote /home/ubuntu/apps/election-app/win_prob/S/PA/_work/stats2_final_headers.csv (rows=67)

$ /home/ubuntu/.venv/bin/python3 /home/ubuntu/apps/election-app/stats/1-append-new.py
Wrote 2024_county_results_with_final-old.csv (rows=67, missing_final_matches=0)

$ /home/ubuntu/.venv/bin/python3 /home/ubuntu/apps/election-app/stats/1-change_header.py
Wrote: 2024_county_results_with_final.csv

$ /home/ubuntu/.venv/bin/python3 /home/ubuntu/apps/election-app/stats/1-cut-zero-fips.py
Wrote: 2024_county_results_with_final_1.csv
Rows before: 67
Rows after:  67
Dropped (fips == 0): 0

$ /home/ubuntu/.venv/bin/python3 /home/ubuntu/apps/election-app/stats/2-calc.py
Wrote 67 rows with calculations to /home/ubuntu/apps/election-app/win_prob/S/PA/_work/2024_county_results_with_calcs-old.csv

$ /home/ubuntu/.venv/bin/python3 /home/ubuntu/apps/election-app/stats/2-eevp.py
Wrote (no-op copy): 2024_county_results_with_calcs.csv
Columns:
 - timestamp
 - state
 - county
 - fips
 - trump_votes
 - harris_votes
 - other_votes
 - eevp
 - state_eevp
 - harris_votes_statewide
 - trump_votes_statewide
 - other_votes_statewide
 - final_state
 - final_county
 - final_fips
 - final_trump_votes
 - final_harris_votes
 - final_other_votes
 - harris_percent_snapshot
 - trump_percent_snapshot
 - margin_snapshot
 - harris_percent_final
 - trump_percent_final
 - margin_final
 - margin_difference
 - margin_difference_abs

$ /home/ubuntu/.venv/bin/python3 /home/ubuntu/apps/election-app/stats/3-calc-new.py
Wrote 67 rows with new columns to /home/ubuntu/apps/election-app/win_prob/S/PA/_work/2024_county_results_with_calcs_new.csv

$ /home/ubuntu/.venv/bin/python3 /home/ubuntu/apps/election-app/stats/4-stats.py
Reading 2024_county_results_with_calcs_new.csv...
Aggregating statewide totals...
Calculating percentages and margins...
Writing to output_statewide_stats.csv...
Done!
[2026-01-25 23:37:57] INFO: [PIPELINE] ENTER win-prob generation | states=['PA'] ts_list=['2024-11-05T15-30-22']

============================================================================
[01/1] STATE = PA
============================================================================

$ /home/ubuntu/.venv/bin/python3 /home/ubuntu/apps/election-app/stats/5-snapshots.py --state PA --input /home/ubuntu/apps/election-app/win_prob/S/PA/_work/output_statewide_stats.csv --output /home/ubuntu/apps/election-app/win_prob/S/PA/snapshots_PA.csv --start 2024-11-05T15-30-22 --end 2024-11-05T15-30-22 --use-window 1 --interval 30
Mode: windowed-one-state
Rows written: 67
Distinct states in output: PA
Rows per normalized timestamp (empty = unparseable):
  2024-11-05T15-30-22: 67
Wrote /home/ubuntu/apps/election-app/win_prob/S/PA/snapshots_PA.csv

$ /home/ubuntu/.venv/bin/python3 /home/ubuntu/apps/election-app/stats/6-pval.py /home/ubuntu/apps/election-app/win_prob/S/PA/snapshots_PA.csv -t /home/ubuntu/apps/election-app/stats/parameters.csv -o /home/ubuntu/apps/election-app/win_prob/S/PA/data_output_PA.csv -c 50
Done. Wrote: /home/ubuntu/apps/election-app/win_prob/S/PA/data_output_PA.csv
Total rows: 67 (chunked, resumable).
Computed columns for PVALS = [0.01, 0.1, 1, 2, 3, 5, 10, 15, 20, 25, 30, 35, 40, 45, 50, 55, 60, 65, 70, 75, 80, 85, 90, 95, 97, 98, 99, 99.9, 99.99]
Per p (leader): shift_{p}, margin_new_{p}, harris_percent_new_{p}, trump_percent_new_{p}, total_snapshot_{p}, total_expected_{p}, harris_votes_new_{p}, trump_votes_new_{p}
Per p (trailing): shift_trailing_{p}, margin_new_{p}_trailing, harris_percent_new_{p}_trailing, trump_percent_new_{p}_trailing, total_snapshot_{p}_trailing, total_expected_{p}_trailing, harris_votes_new_{p}_trailing, trump_votes_new_{p}_trailing
Checkpoint saved at: /home/ubuntu/apps/election-app/win_prob/S/PA/data_output_PA.csv.checkpoint.json

$ /home/ubuntu/.venv/bin/python3 /home/ubuntu/apps/election-app/stats/7-margin-new.py
Wrote data_output_with_margins_old.csv

$ /home/ubuntu/.venv/bin/python3 /home/ubuntu/apps/election-app/stats/7-eevp-statewide.py
Wrote data_output_with_margins.csv (copied from data_output_with_margins_old.csv)

$ /home/ubuntu/.venv/bin/python3 /home/ubuntu/apps/election-app/stats/7.py --input /home/ubuntu/apps/election-app/win_prob/S/PA/data_output_PA_with_margins_statewide_eevp.csv --output /home/ubuntu/apps/election-app/win_prob/S/PA/statewide_margin_pct_vs_percent_PA_2026.png --state PA --start 2024-11-05T15-30-22 --end 2024-11-05T15-30-22 --stats /home/ubuntu/apps/election-app/win_prob/S/PA/stats.csv --stats2 /home/ubuntu/apps/election-app/win_prob/S/PA/stats2.csv --interval 30 --year 2026 --jsonl /home/ubuntu/apps/election-app/win_prob/S/PA/plotdata_PA_2026_2026-01-25T23-37-46.jsonl
[info] evaluating 1 timestamps from 2024-11-05T15-30-22 to 2024-11-05T15-30-22 every 30 minutes
[saved] probs_timeseries_PA.csv  (1 points)
[saved] /home/ubuntu/apps/election-app/win_prob/S/PA/plotdata_PA_2026_2026-01-25T23-37-46.jsonl  (4 points)
[saved] /home/ubuntu/apps/election-app/win_prob/S/PA/statewide_margin_pct_vs_percent_PA_2026_box.json
[saved] /home/ubuntu/apps/election-app/win_prob/S/PA/statewide_margin_pct_vs_percent_PA_2026_box.png
[saved] /home/ubuntu/apps/election-app/win_prob/S/PA/statewide_margin_pct_vs_percent_PA_2026.png

All 50 states complete. See: /home/ubuntu/apps/election-app/win_prob/S/PA

$ /home/ubuntu/.venv/bin/python3 /home/ubuntu/apps/election-app/stats/8.py --root /home/ubuntu/apps/election-app/win_prob/S/PA/_work --outdir /home/ubuntu/apps/election-app/win_prob/S/PA
[info] root  = /home/ubuntu/apps/election-app/win_prob/S/PA/_work
[info] outdir= /home/ubuntu/apps/election-app/win_prob/S/PA
[deleted] /home/ubuntu/apps/election-app/win_prob/S/PA/_work/stats_with_statewide.csv
[deleted] /home/ubuntu/apps/election-app/win_prob/S/PA/_work/stats2_final_headers.csv
[deleted] /home/ubuntu/apps/election-app/win_prob/S/PA/_work/2024_county_results_with_final-old.csv
[deleted] /home/ubuntu/apps/election-app/win_prob/S/PA/_work/2024_county_results_with_final.csv
[deleted] /home/ubuntu/apps/election-app/win_prob/S/PA/_work/2024_county_results_with_final_1.csv
[deleted] /home/ubuntu/apps/election-app/win_prob/S/PA/_work/2024_county_results_with_calcs-old.csv
[deleted] /home/ubuntu/apps/election-app/win_prob/S/PA/_work/2024_county_results_with_calcs_new.csv
[deleted] /home/ubuntu/apps/election-app/win_prob/S/PA/_work/output_statewide_stats.csv
[skip]    /home/ubuntu/apps/election-app/win_prob/S/PA/_work/probs_timeseries_PA.csv
[deleted] /home/ubuntu/apps/election-app/win_prob/S/PA/_work/2024_county_results_with_calcs.csv
[skip]    /home/ubuntu/apps/election-app/win_prob/S/PA/data_output.csv
[skip]    /home/ubuntu/apps/election-app/win_prob/S/PA/data_output_with_margins_old.csv
[skip]    /home/ubuntu/apps/election-app/win_prob/S/PA/data_output_with_margins.csv
[skip]    /home/ubuntu/apps/election-app/win_prob/S/PA/data_output_with_margins-statewide.csv
[deleted] /home/ubuntu/apps/election-app/win_prob/S/PA/snapshots_PA.csv
[deleted] /home/ubuntu/apps/election-app/win_prob/S/PA/data_output_PA_with_margins_statewide_eevp.csv
[deleted] /home/ubuntu/apps/election-app/win_prob/S/PA/data_output_PA_with_margins.csv
[deleted] /home/ubuntu/apps/election-app/win_prob/S/PA/data_output_PA.csv
[deleted] /home/ubuntu/apps/election-app/win_prob/S/PA/data_output_PA.csv.checkpoint.json
[deleted] /home/ubuntu/apps/election-app/win_prob/S/PA/stats.csv
[deleted] /home/ubuntu/apps/election-app/win_prob/S/PA/stats2.csv
[done] removed 16 file(s)
[2026-01-25 23:44:30] INFO: [PIPELINE] args: office=S state=PA district=None
[2026-01-25 23:44:30] INFO: [PIPELINE] WINPROB_DIR resolved to: /home/ubuntu/apps/election-app/win_prob/S/PA
[2026-01-25 23:44:30] INFO: [PIPELINE] OUTDIR set to: /home/ubuntu/apps/election-app/win_prob/S/PA

$ /home/ubuntu/.venv/bin/python3 /home/ubuntu/apps/election-app/stats/1-statewide.py --input /home/ubuntu/apps/election-app/win_prob/S/PA/stats.csv --output /home/ubuntu/apps/election-app/win_prob/S/PA/_work/stats_with_statewide.csv
Wrote /home/ubuntu/apps/election-app/win_prob/S/PA/_work/stats_with_statewide.csv (rows=67)

$ /home/ubuntu/.venv/bin/python3 /home/ubuntu/apps/election-app/stats/1-stats-2.py --input /home/ubuntu/apps/election-app/win_prob/S/PA/stats2.csv --output /home/ubuntu/apps/election-app/win_prob/S/PA/_work/stats2_final_headers.csv
Wrote /home/ubuntu/apps/election-app/win_prob/S/PA/_work/stats2_final_headers.csv (rows=67)

$ /home/ubuntu/.venv/bin/python3 /home/ubuntu/apps/election-app/stats/1-append-new.py
Wrote 2024_county_results_with_final-old.csv (rows=67, missing_final_matches=0)

$ /home/ubuntu/.venv/bin/python3 /home/ubuntu/apps/election-app/stats/1-change_header.py
Wrote: 2024_county_results_with_final.csv

$ /home/ubuntu/.venv/bin/python3 /home/ubuntu/apps/election-app/stats/1-cut-zero-fips.py
Wrote: 2024_county_results_with_final_1.csv
Rows before: 67
Rows after:  67
Dropped (fips == 0): 0

$ /home/ubuntu/.venv/bin/python3 /home/ubuntu/apps/election-app/stats/2-calc.py
Wrote 67 rows with calculations to /home/ubuntu/apps/election-app/win_prob/S/PA/_work/2024_county_results_with_calcs-old.csv

$ /home/ubuntu/.venv/bin/python3 /home/ubuntu/apps/election-app/stats/2-eevp.py
Wrote (no-op copy): 2024_county_results_with_calcs.csv
Columns:
 - timestamp
 - state
 - county
 - fips
 - trump_votes
 - harris_votes
 - other_votes
 - eevp
 - state_eevp
 - harris_votes_statewide
 - trump_votes_statewide
 - other_votes_statewide
 - final_state
 - final_county
 - final_fips
 - final_trump_votes
 - final_harris_votes
 - final_other_votes
 - harris_percent_snapshot
 - trump_percent_snapshot
 - margin_snapshot
 - harris_percent_final
 - trump_percent_final
 - margin_final
 - margin_difference
 - margin_difference_abs

$ /home/ubuntu/.venv/bin/python3 /home/ubuntu/apps/election-app/stats/3-calc-new.py
Wrote 67 rows with new columns to /home/ubuntu/apps/election-app/win_prob/S/PA/_work/2024_county_results_with_calcs_new.csv

$ /home/ubuntu/.venv/bin/python3 /home/ubuntu/apps/election-app/stats/4-stats.py
Reading 2024_county_results_with_calcs_new.csv...
Aggregating statewide totals...
Calculating percentages and margins...
Writing to output_statewide_stats.csv...
Done!
[2026-01-25 23:44:40] INFO: [PIPELINE] ENTER win-prob generation | states=['PA'] ts_list=['2024-11-05T15-30-22']

============================================================================
[01/1] STATE = PA
============================================================================

$ /home/ubuntu/.venv/bin/python3 /home/ubuntu/apps/election-app/stats/5-snapshots.py --state PA --input /home/ubuntu/apps/election-app/win_prob/S/PA/_work/output_statewide_stats.csv --output /home/ubuntu/apps/election-app/win_prob/S/PA/snapshots_PA.csv --start 2024-11-05T15-30-22 --end 2024-11-05T15-30-22 --use-window 1 --interval 30
Mode: windowed-one-state
Rows written: 67
Distinct states in output: PA
Rows per normalized timestamp (empty = unparseable):
  2024-11-05T15-30-22: 67
Wrote /home/ubuntu/apps/election-app/win_prob/S/PA/snapshots_PA.csv

$ /home/ubuntu/.venv/bin/python3 /home/ubuntu/apps/election-app/stats/6-pval.py /home/ubuntu/apps/election-app/win_prob/S/PA/snapshots_PA.csv -t /home/ubuntu/apps/election-app/stats/parameters.csv -o /home/ubuntu/apps/election-app/win_prob/S/PA/data_output_PA.csv -c 50
Done. Wrote: /home/ubuntu/apps/election-app/win_prob/S/PA/data_output_PA.csv
Total rows: 67 (chunked, resumable).
Computed columns for PVALS = [0.01, 0.1, 1, 2, 3, 5, 10, 15, 20, 25, 30, 35, 40, 45, 50, 55, 60, 65, 70, 75, 80, 85, 90, 95, 97, 98, 99, 99.9, 99.99]
Per p (leader): shift_{p}, margin_new_{p}, harris_percent_new_{p}, trump_percent_new_{p}, total_snapshot_{p}, total_expected_{p}, harris_votes_new_{p}, trump_votes_new_{p}
Per p (trailing): shift_trailing_{p}, margin_new_{p}_trailing, harris_percent_new_{p}_trailing, trump_percent_new_{p}_trailing, total_snapshot_{p}_trailing, total_expected_{p}_trailing, harris_votes_new_{p}_trailing, trump_votes_new_{p}_trailing
Checkpoint saved at: /home/ubuntu/apps/election-app/win_prob/S/PA/data_output_PA.csv.checkpoint.json

$ /home/ubuntu/.venv/bin/python3 /home/ubuntu/apps/election-app/stats/7-margin-new.py
Wrote data_output_with_margins_old.csv

$ /home/ubuntu/.venv/bin/python3 /home/ubuntu/apps/election-app/stats/7-eevp-statewide.py
Wrote data_output_with_margins.csv (copied from data_output_with_margins_old.csv)

$ /home/ubuntu/.venv/bin/python3 /home/ubuntu/apps/election-app/stats/7.py --input /home/ubuntu/apps/election-app/win_prob/S/PA/data_output_PA_with_margins_statewide_eevp.csv --output /home/ubuntu/apps/election-app/win_prob/S/PA/statewide_margin_pct_vs_percent_PA_2026.png --state PA --start 2024-11-05T15-30-22 --end 2024-11-05T15-30-22 --stats /home/ubuntu/apps/election-app/win_prob/S/PA/stats.csv --stats2 /home/ubuntu/apps/election-app/win_prob/S/PA/stats2.csv --interval 30 --year 2026 --jsonl /home/ubuntu/apps/election-app/win_prob/S/PA/plotdata_PA_2026_2026-01-25T23-44-30.jsonl
[info] evaluating 1 timestamps from 2024-11-05T15-30-22 to 2024-11-05T15-30-22 every 30 minutes
[saved] probs_timeseries_PA.csv  (1 points)
[saved] /home/ubuntu/apps/election-app/win_prob/S/PA/plotdata_PA_2026_2026-01-25T23-44-30.jsonl  (4 points)
[saved] /home/ubuntu/apps/election-app/win_prob/S/PA/statewide_margin_pct_vs_percent_PA_2026_box.json
[saved] /home/ubuntu/apps/election-app/win_prob/S/PA/statewide_margin_pct_vs_percent_PA_2026_box.png
[saved] /home/ubuntu/apps/election-app/win_prob/S/PA/statewide_margin_pct_vs_percent_PA_2026.png

All 50 states complete. See: /home/ubuntu/apps/election-app/win_prob/S/PA

$ /home/ubuntu/.venv/bin/python3 /home/ubuntu/apps/election-app/stats/8.py --root /home/ubuntu/apps/election-app/win_prob/S/PA/_work --outdir /home/ubuntu/apps/election-app/win_prob/S/PA
[info] root  = /home/ubuntu/apps/election-app/win_prob/S/PA/_work
[info] outdir= /home/ubuntu/apps/election-app/win_prob/S/PA
[deleted] /home/ubuntu/apps/election-app/win_prob/S/PA/_work/stats_with_statewide.csv
[deleted] /home/ubuntu/apps/election-app/win_prob/S/PA/_work/stats2_final_headers.csv
[deleted] /home/ubuntu/apps/election-app/win_prob/S/PA/_work/2024_county_results_with_final-old.csv
[deleted] /home/ubuntu/apps/election-app/win_prob/S/PA/_work/2024_county_results_with_final.csv
[deleted] /home/ubuntu/apps/election-app/win_prob/S/PA/_work/2024_county_results_with_final_1.csv
[deleted] /home/ubuntu/apps/election-app/win_prob/S/PA/_work/2024_county_results_with_calcs-old.csv
[deleted] /home/ubuntu/apps/election-app/win_prob/S/PA/_work/2024_county_results_with_calcs_new.csv
[deleted] /home/ubuntu/apps/election-app/win_prob/S/PA/_work/output_statewide_stats.csv
[skip]    /home/ubuntu/apps/election-app/win_prob/S/PA/_work/probs_timeseries_PA.csv
[deleted] /home/ubuntu/apps/election-app/win_prob/S/PA/_work/2024_county_results_with_calcs.csv
[skip]    /home/ubuntu/apps/election-app/win_prob/S/PA/data_output.csv
[skip]    /home/ubuntu/apps/election-app/win_prob/S/PA/data_output_with_margins_old.csv
[skip]    /home/ubuntu/apps/election-app/win_prob/S/PA/data_output_with_margins.csv
[skip]    /home/ubuntu/apps/election-app/win_prob/S/PA/data_output_with_margins-statewide.csv
[deleted] /home/ubuntu/apps/election-app/win_prob/S/PA/snapshots_PA.csv
[deleted] /home/ubuntu/apps/election-app/win_prob/S/PA/data_output_PA_with_margins_statewide_eevp.csv
[deleted] /home/ubuntu/apps/election-app/win_prob/S/PA/data_output_PA_with_margins.csv
[deleted] /home/ubuntu/apps/election-app/win_prob/S/PA/data_output_PA.csv
[deleted] /home/ubuntu/apps/election-app/win_prob/S/PA/data_output_PA.csv.checkpoint.json
[deleted] /home/ubuntu/apps/election-app/win_prob/S/PA/stats.csv
[deleted] /home/ubuntu/apps/election-app/win_prob/S/PA/stats2.csv
[done] removed 16 file(s)
[2026-01-25 23:51:34] INFO: [PIPELINE] args: office=S state=PA district=None
[2026-01-25 23:51:34] INFO: [PIPELINE] WINPROB_DIR resolved to: /home/ubuntu/apps/election-app/win_prob/S/PA
[2026-01-25 23:51:34] INFO: [PIPELINE] OUTDIR set to: /home/ubuntu/apps/election-app/win_prob/S/PA

$ /home/ubuntu/.venv/bin/python3 /home/ubuntu/apps/election-app/stats/1-statewide.py --input /home/ubuntu/apps/election-app/win_prob/S/PA/stats.csv --output /home/ubuntu/apps/election-app/win_prob/S/PA/_work/stats_with_statewide.csv
Wrote /home/ubuntu/apps/election-app/win_prob/S/PA/_work/stats_with_statewide.csv (rows=67)

$ /home/ubuntu/.venv/bin/python3 /home/ubuntu/apps/election-app/stats/1-stats-2.py --input /home/ubuntu/apps/election-app/win_prob/S/PA/stats2.csv --output /home/ubuntu/apps/election-app/win_prob/S/PA/_work/stats2_final_headers.csv
Wrote /home/ubuntu/apps/election-app/win_prob/S/PA/_work/stats2_final_headers.csv (rows=67)

$ /home/ubuntu/.venv/bin/python3 /home/ubuntu/apps/election-app/stats/1-append-new.py
Wrote 2024_county_results_with_final-old.csv (rows=67, missing_final_matches=0)

$ /home/ubuntu/.venv/bin/python3 /home/ubuntu/apps/election-app/stats/1-change_header.py
Wrote: 2024_county_results_with_final.csv

$ /home/ubuntu/.venv/bin/python3 /home/ubuntu/apps/election-app/stats/1-cut-zero-fips.py
Wrote: 2024_county_results_with_final_1.csv
Rows before: 67
Rows after:  67
Dropped (fips == 0): 0

$ /home/ubuntu/.venv/bin/python3 /home/ubuntu/apps/election-app/stats/2-calc.py
Wrote 67 rows with calculations to /home/ubuntu/apps/election-app/win_prob/S/PA/_work/2024_county_results_with_calcs-old.csv

$ /home/ubuntu/.venv/bin/python3 /home/ubuntu/apps/election-app/stats/2-eevp.py
Wrote (no-op copy): 2024_county_results_with_calcs.csv
Columns:
 - timestamp
 - state
 - county
 - fips
 - trump_votes
 - harris_votes
 - other_votes
 - eevp
 - state_eevp
 - harris_votes_statewide
 - trump_votes_statewide
 - other_votes_statewide
 - final_state
 - final_county
 - final_fips
 - final_trump_votes
 - final_harris_votes
 - final_other_votes
 - harris_percent_snapshot
 - trump_percent_snapshot
 - margin_snapshot
 - harris_percent_final
 - trump_percent_final
 - margin_final
 - margin_difference
 - margin_difference_abs

$ /home/ubuntu/.venv/bin/python3 /home/ubuntu/apps/election-app/stats/3-calc-new.py
Wrote 67 rows with new columns to /home/ubuntu/apps/election-app/win_prob/S/PA/_work/2024_county_results_with_calcs_new.csv

$ /home/ubuntu/.venv/bin/python3 /home/ubuntu/apps/election-app/stats/4-stats.py
Reading 2024_county_results_with_calcs_new.csv...
Aggregating statewide totals...
Calculating percentages and margins...
Writing to output_statewide_stats.csv...
Done!
[2026-01-25 23:51:44] INFO: [PIPELINE] ENTER win-prob generation | states=['PA'] ts_list=['2024-11-05T15-30-22']

============================================================================
[01/1] STATE = PA
============================================================================

$ /home/ubuntu/.venv/bin/python3 /home/ubuntu/apps/election-app/stats/5-snapshots.py --state PA --input /home/ubuntu/apps/election-app/win_prob/S/PA/_work/output_statewide_stats.csv --output /home/ubuntu/apps/election-app/win_prob/S/PA/snapshots_PA.csv --start 2024-11-05T15-30-22 --end 2024-11-05T15-30-22 --use-window 1 --interval 30
Mode: windowed-one-state
Rows written: 67
Distinct states in output: PA
Rows per normalized timestamp (empty = unparseable):
  2024-11-05T15-30-22: 67
Wrote /home/ubuntu/apps/election-app/win_prob/S/PA/snapshots_PA.csv

$ /home/ubuntu/.venv/bin/python3 /home/ubuntu/apps/election-app/stats/6-pval.py /home/ubuntu/apps/election-app/win_prob/S/PA/snapshots_PA.csv -t /home/ubuntu/apps/election-app/stats/parameters.csv -o /home/ubuntu/apps/election-app/win_prob/S/PA/data_output_PA.csv -c 50
Done. Wrote: /home/ubuntu/apps/election-app/win_prob/S/PA/data_output_PA.csv
Total rows: 67 (chunked, resumable).
Computed columns for PVALS = [0.01, 0.1, 1, 2, 3, 5, 10, 15, 20, 25, 30, 35, 40, 45, 50, 55, 60, 65, 70, 75, 80, 85, 90, 95, 97, 98, 99, 99.9, 99.99]
Per p (leader): shift_{p}, margin_new_{p}, harris_percent_new_{p}, trump_percent_new_{p}, total_snapshot_{p}, total_expected_{p}, harris_votes_new_{p}, trump_votes_new_{p}
Per p (trailing): shift_trailing_{p}, margin_new_{p}_trailing, harris_percent_new_{p}_trailing, trump_percent_new_{p}_trailing, total_snapshot_{p}_trailing, total_expected_{p}_trailing, harris_votes_new_{p}_trailing, trump_votes_new_{p}_trailing
Checkpoint saved at: /home/ubuntu/apps/election-app/win_prob/S/PA/data_output_PA.csv.checkpoint.json

$ /home/ubuntu/.venv/bin/python3 /home/ubuntu/apps/election-app/stats/7-margin-new.py
Wrote data_output_with_margins_old.csv

$ /home/ubuntu/.venv/bin/python3 /home/ubuntu/apps/election-app/stats/7-eevp-statewide.py
Wrote data_output_with_margins.csv (copied from data_output_with_margins_old.csv)

$ /home/ubuntu/.venv/bin/python3 /home/ubuntu/apps/election-app/stats/7.py --input /home/ubuntu/apps/election-app/win_prob/S/PA/data_output_PA_with_margins_statewide_eevp.csv --output /home/ubuntu/apps/election-app/win_prob/S/PA/statewide_margin_pct_vs_percent_PA_2026.png --state PA --start 2024-11-05T15-30-22 --end 2024-11-05T15-30-22 --stats /home/ubuntu/apps/election-app/win_prob/S/PA/stats.csv --stats2 /home/ubuntu/apps/election-app/win_prob/S/PA/stats2.csv --interval 30 --year 2026 --jsonl /home/ubuntu/apps/election-app/win_prob/S/PA/plotdata_PA_2026_2026-01-25T23-51-34.jsonl
[info] evaluating 1 timestamps from 2024-11-05T15-30-22 to 2024-11-05T15-30-22 every 30 minutes
[saved] probs_timeseries_PA.csv  (1 points)
[saved] /home/ubuntu/apps/election-app/win_prob/S/PA/plotdata_PA_2026_2026-01-25T23-51-34.jsonl  (4 points)
[saved] /home/ubuntu/apps/election-app/win_prob/S/PA/statewide_margin_pct_vs_percent_PA_2026_box.json
[saved] /home/ubuntu/apps/election-app/win_prob/S/PA/statewide_margin_pct_vs_percent_PA_2026_box.png
[saved] /home/ubuntu/apps/election-app/win_prob/S/PA/statewide_margin_pct_vs_percent_PA_2026.png

All 50 states complete. See: /home/ubuntu/apps/election-app/win_prob/S/PA

$ /home/ubuntu/.venv/bin/python3 /home/ubuntu/apps/election-app/stats/8.py --root /home/ubuntu/apps/election-app/win_prob/S/PA/_work --outdir /home/ubuntu/apps/election-app/win_prob/S/PA
[info] root  = /home/ubuntu/apps/election-app/win_prob/S/PA/_work
[info] outdir= /home/ubuntu/apps/election-app/win_prob/S/PA
[deleted] /home/ubuntu/apps/election-app/win_prob/S/PA/_work/stats_with_statewide.csv
[deleted] /home/ubuntu/apps/election-app/win_prob/S/PA/_work/stats2_final_headers.csv
[deleted] /home/ubuntu/apps/election-app/win_prob/S/PA/_work/2024_county_results_with_final-old.csv
[deleted] /home/ubuntu/apps/election-app/win_prob/S/PA/_work/2024_county_results_with_final.csv
[deleted] /home/ubuntu/apps/election-app/win_prob/S/PA/_work/2024_county_results_with_final_1.csv
[deleted] /home/ubuntu/apps/election-app/win_prob/S/PA/_work/2024_county_results_with_calcs-old.csv
[deleted] /home/ubuntu/apps/election-app/win_prob/S/PA/_work/2024_county_results_with_calcs_new.csv
[deleted] /home/ubuntu/apps/election-app/win_prob/S/PA/_work/output_statewide_stats.csv
[skip]    /home/ubuntu/apps/election-app/win_prob/S/PA/_work/probs_timeseries_PA.csv
[deleted] /home/ubuntu/apps/election-app/win_prob/S/PA/_work/2024_county_results_with_calcs.csv
[skip]    /home/ubuntu/apps/election-app/win_prob/S/PA/data_output.csv
[skip]    /home/ubuntu/apps/election-app/win_prob/S/PA/data_output_with_margins_old.csv
[skip]    /home/ubuntu/apps/election-app/win_prob/S/PA/data_output_with_margins.csv
[skip]    /home/ubuntu/apps/election-app/win_prob/S/PA/data_output_with_margins-statewide.csv
[deleted] /home/ubuntu/apps/election-app/win_prob/S/PA/snapshots_PA.csv
[deleted] /home/ubuntu/apps/election-app/win_prob/S/PA/data_output_PA_with_margins_statewide_eevp.csv
[deleted] /home/ubuntu/apps/election-app/win_prob/S/PA/data_output_PA_with_margins.csv
[deleted] /home/ubuntu/apps/election-app/win_prob/S/PA/data_output_PA.csv
[deleted] /home/ubuntu/apps/election-app/win_prob/S/PA/data_output_PA.csv.checkpoint.json
[deleted] /home/ubuntu/apps/election-app/win_prob/S/PA/stats.csv
[deleted] /home/ubuntu/apps/election-app/win_prob/S/PA/stats2.csv
[done] removed 16 file(s)
[2026-01-25 23:58:37] INFO: [PIPELINE] args: office=S state=PA district=None
[2026-01-25 23:58:37] INFO: [PIPELINE] WINPROB_DIR resolved to: /home/ubuntu/apps/election-app/win_prob/S/PA
[2026-01-25 23:58:37] INFO: [PIPELINE] OUTDIR set to: /home/ubuntu/apps/election-app/win_prob/S/PA

$ /home/ubuntu/.venv/bin/python3 /home/ubuntu/apps/election-app/stats/1-statewide.py --input /home/ubuntu/apps/election-app/win_prob/S/PA/stats.csv --output /home/ubuntu/apps/election-app/win_prob/S/PA/_work/stats_with_statewide.csv
Wrote /home/ubuntu/apps/election-app/win_prob/S/PA/_work/stats_with_statewide.csv (rows=67)

$ /home/ubuntu/.venv/bin/python3 /home/ubuntu/apps/election-app/stats/1-stats-2.py --input /home/ubuntu/apps/election-app/win_prob/S/PA/stats2.csv --output /home/ubuntu/apps/election-app/win_prob/S/PA/_work/stats2_final_headers.csv
Wrote /home/ubuntu/apps/election-app/win_prob/S/PA/_work/stats2_final_headers.csv (rows=67)

$ /home/ubuntu/.venv/bin/python3 /home/ubuntu/apps/election-app/stats/1-append-new.py
Wrote 2024_county_results_with_final-old.csv (rows=67, missing_final_matches=0)

$ /home/ubuntu/.venv/bin/python3 /home/ubuntu/apps/election-app/stats/1-change_header.py
Wrote: 2024_county_results_with_final.csv

$ /home/ubuntu/.venv/bin/python3 /home/ubuntu/apps/election-app/stats/1-cut-zero-fips.py
Wrote: 2024_county_results_with_final_1.csv
Rows before: 67
Rows after:  67
Dropped (fips == 0): 0

$ /home/ubuntu/.venv/bin/python3 /home/ubuntu/apps/election-app/stats/2-calc.py
Wrote 67 rows with calculations to /home/ubuntu/apps/election-app/win_prob/S/PA/_work/2024_county_results_with_calcs-old.csv

$ /home/ubuntu/.venv/bin/python3 /home/ubuntu/apps/election-app/stats/2-eevp.py
Wrote (no-op copy): 2024_county_results_with_calcs.csv
Columns:
 - timestamp
 - state
 - county
 - fips
 - trump_votes
 - harris_votes
 - other_votes
 - eevp
 - state_eevp
 - harris_votes_statewide
 - trump_votes_statewide
 - other_votes_statewide
 - final_state
 - final_county
 - final_fips
 - final_trump_votes
 - final_harris_votes
 - final_other_votes
 - harris_percent_snapshot
 - trump_percent_snapshot
 - margin_snapshot
 - harris_percent_final
 - trump_percent_final
 - margin_final
 - margin_difference
 - margin_difference_abs

$ /home/ubuntu/.venv/bin/python3 /home/ubuntu/apps/election-app/stats/3-calc-new.py
Wrote 67 rows with new columns to /home/ubuntu/apps/election-app/win_prob/S/PA/_work/2024_county_results_with_calcs_new.csv

$ /home/ubuntu/.venv/bin/python3 /home/ubuntu/apps/election-app/stats/4-stats.py
Reading 2024_county_results_with_calcs_new.csv...
Aggregating statewide totals...
Calculating percentages and margins...
Writing to output_statewide_stats.csv...
Done!
[2026-01-25 23:58:48] INFO: [PIPELINE] ENTER win-prob generation | states=['PA'] ts_list=['2024-11-05T15-30-22']

============================================================================
[01/1] STATE = PA
============================================================================

$ /home/ubuntu/.venv/bin/python3 /home/ubuntu/apps/election-app/stats/5-snapshots.py --state PA --input /home/ubuntu/apps/election-app/win_prob/S/PA/_work/output_statewide_stats.csv --output /home/ubuntu/apps/election-app/win_prob/S/PA/snapshots_PA.csv --start 2024-11-05T15-30-22 --end 2024-11-05T15-30-22 --use-window 1 --interval 30
Mode: windowed-one-state
Rows written: 67
Distinct states in output: PA
Rows per normalized timestamp (empty = unparseable):
  2024-11-05T15-30-22: 67
Wrote /home/ubuntu/apps/election-app/win_prob/S/PA/snapshots_PA.csv

$ /home/ubuntu/.venv/bin/python3 /home/ubuntu/apps/election-app/stats/6-pval.py /home/ubuntu/apps/election-app/win_prob/S/PA/snapshots_PA.csv -t /home/ubuntu/apps/election-app/stats/parameters.csv -o /home/ubuntu/apps/election-app/win_prob/S/PA/data_output_PA.csv -c 50
Done. Wrote: /home/ubuntu/apps/election-app/win_prob/S/PA/data_output_PA.csv
Total rows: 67 (chunked, resumable).
Computed columns for PVALS = [0.01, 0.1, 1, 2, 3, 5, 10, 15, 20, 25, 30, 35, 40, 45, 50, 55, 60, 65, 70, 75, 80, 85, 90, 95, 97, 98, 99, 99.9, 99.99]
Per p (leader): shift_{p}, margin_new_{p}, harris_percent_new_{p}, trump_percent_new_{p}, total_snapshot_{p}, total_expected_{p}, harris_votes_new_{p}, trump_votes_new_{p}
Per p (trailing): shift_trailing_{p}, margin_new_{p}_trailing, harris_percent_new_{p}_trailing, trump_percent_new_{p}_trailing, total_snapshot_{p}_trailing, total_expected_{p}_trailing, harris_votes_new_{p}_trailing, trump_votes_new_{p}_trailing
Checkpoint saved at: /home/ubuntu/apps/election-app/win_prob/S/PA/data_output_PA.csv.checkpoint.json

$ /home/ubuntu/.venv/bin/python3 /home/ubuntu/apps/election-app/stats/7-margin-new.py
Wrote data_output_with_margins_old.csv

$ /home/ubuntu/.venv/bin/python3 /home/ubuntu/apps/election-app/stats/7-eevp-statewide.py
Wrote data_output_with_margins.csv (copied from data_output_with_margins_old.csv)

$ /home/ubuntu/.venv/bin/python3 /home/ubuntu/apps/election-app/stats/7.py --input /home/ubuntu/apps/election-app/win_prob/S/PA/data_output_PA_with_margins_statewide_eevp.csv --output /home/ubuntu/apps/election-app/win_prob/S/PA/statewide_margin_pct_vs_percent_PA_2026.png --state PA --start 2024-11-05T15-30-22 --end 2024-11-05T15-30-22 --stats /home/ubuntu/apps/election-app/win_prob/S/PA/stats.csv --stats2 /home/ubuntu/apps/election-app/win_prob/S/PA/stats2.csv --interval 30 --year 2026 --jsonl /home/ubuntu/apps/election-app/win_prob/S/PA/plotdata_PA_2026_2026-01-25T23-58-37.jsonl
[info] evaluating 1 timestamps from 2024-11-05T15-30-22 to 2024-11-05T15-30-22 every 30 minutes
[saved] probs_timeseries_PA.csv  (1 points)
[saved] /home/ubuntu/apps/election-app/win_prob/S/PA/plotdata_PA_2026_2026-01-25T23-58-37.jsonl  (4 points)
[saved] /home/ubuntu/apps/election-app/win_prob/S/PA/statewide_margin_pct_vs_percent_PA_2026_box.json
[saved] /home/ubuntu/apps/election-app/win_prob/S/PA/statewide_margin_pct_vs_percent_PA_2026_box.png
[saved] /home/ubuntu/apps/election-app/win_prob/S/PA/statewide_margin_pct_vs_percent_PA_2026.png

All 50 states complete. See: /home/ubuntu/apps/election-app/win_prob/S/PA

$ /home/ubuntu/.venv/bin/python3 /home/ubuntu/apps/election-app/stats/8.py --root /home/ubuntu/apps/election-app/win_prob/S/PA/_work --outdir /home/ubuntu/apps/election-app/win_prob/S/PA
[info] root  = /home/ubuntu/apps/election-app/win_prob/S/PA/_work
[info] outdir= /home/ubuntu/apps/election-app/win_prob/S/PA
[deleted] /home/ubuntu/apps/election-app/win_prob/S/PA/_work/stats_with_statewide.csv
[deleted] /home/ubuntu/apps/election-app/win_prob/S/PA/_work/stats2_final_headers.csv
[deleted] /home/ubuntu/apps/election-app/win_prob/S/PA/_work/2024_county_results_with_final-old.csv
[deleted] /home/ubuntu/apps/election-app/win_prob/S/PA/_work/2024_county_results_with_final.csv
[deleted] /home/ubuntu/apps/election-app/win_prob/S/PA/_work/2024_county_results_with_final_1.csv
[deleted] /home/ubuntu/apps/election-app/win_prob/S/PA/_work/2024_county_results_with_calcs-old.csv
[deleted] /home/ubuntu/apps/election-app/win_prob/S/PA/_work/2024_county_results_with_calcs_new.csv
[deleted] /home/ubuntu/apps/election-app/win_prob/S/PA/_work/output_statewide_stats.csv
[skip]    /home/ubuntu/apps/election-app/win_prob/S/PA/_work/probs_timeseries_PA.csv
[deleted] /home/ubuntu/apps/election-app/win_prob/S/PA/_work/2024_county_results_with_calcs.csv
[skip]    /home/ubuntu/apps/election-app/win_prob/S/PA/data_output.csv
[skip]    /home/ubuntu/apps/election-app/win_prob/S/PA/data_output_with_margins_old.csv
[skip]    /home/ubuntu/apps/election-app/win_prob/S/PA/data_output_with_margins.csv
[skip]    /home/ubuntu/apps/election-app/win_prob/S/PA/data_output_with_margins-statewide.csv
[deleted] /home/ubuntu/apps/election-app/win_prob/S/PA/snapshots_PA.csv
[deleted] /home/ubuntu/apps/election-app/win_prob/S/PA/data_output_PA_with_margins_statewide_eevp.csv
[deleted] /home/ubuntu/apps/election-app/win_prob/S/PA/data_output_PA_with_margins.csv
[deleted] /home/ubuntu/apps/election-app/win_prob/S/PA/data_output_PA.csv
[deleted] /home/ubuntu/apps/election-app/win_prob/S/PA/data_output_PA.csv.checkpoint.json
[deleted] /home/ubuntu/apps/election-app/win_prob/S/PA/stats.csv
[deleted] /home/ubuntu/apps/election-app/win_prob/S/PA/stats2.csv
[done] removed 16 file(s)
[2026-02-04 18:21:51] INFO: [PIPELINE] args: office=S state=PA district=None
[2026-02-04 18:21:51] INFO: [PIPELINE] WINPROB_DIR resolved to: /home/ubuntu/apps/election-app/win_prob/S/PA
[2026-02-04 18:21:51] INFO: [PIPELINE] OUTDIR set to: /home/ubuntu/apps/election-app/win_prob/S/PA

$ /home/ubuntu/.venv/bin/python3 /home/ubuntu/apps/election-app/stats/1-statewide.py --input /home/ubuntu/apps/election-app/win_prob/S/PA/stats.csv --output /home/ubuntu/apps/election-app/win_prob/S/PA/_work/stats_with_statewide.csv
Wrote /home/ubuntu/apps/election-app/win_prob/S/PA/_work/stats_with_statewide.csv (rows=67)

$ /home/ubuntu/.venv/bin/python3 /home/ubuntu/apps/election-app/stats/1-stats-2.py --input /home/ubuntu/apps/election-app/win_prob/S/PA/stats2.csv --output /home/ubuntu/apps/election-app/win_prob/S/PA/_work/stats2_final_headers.csv
Wrote /home/ubuntu/apps/election-app/win_prob/S/PA/_work/stats2_final_headers.csv (rows=67)

$ /home/ubuntu/.venv/bin/python3 /home/ubuntu/apps/election-app/stats/1-append-new.py
Wrote 2024_county_results_with_final-old.csv (rows=67, missing_final_matches=0)

$ /home/ubuntu/.venv/bin/python3 /home/ubuntu/apps/election-app/stats/1-change_header.py
Wrote: 2024_county_results_with_final.csv

$ /home/ubuntu/.venv/bin/python3 /home/ubuntu/apps/election-app/stats/1-cut-zero-fips.py
Wrote: 2024_county_results_with_final_1.csv
Rows before: 67
Rows after:  67
Dropped (fips == 0): 0

$ /home/ubuntu/.venv/bin/python3 /home/ubuntu/apps/election-app/stats/2-calc.py
Wrote 67 rows with calculations to /home/ubuntu/apps/election-app/win_prob/S/PA/_work/2024_county_results_with_calcs-old.csv

$ /home/ubuntu/.venv/bin/python3 /home/ubuntu/apps/election-app/stats/2-eevp.py
Wrote (no-op copy): 2024_county_results_with_calcs.csv
Columns:
 - timestamp
 - state
 - county
 - fips
 - trump_votes
 - harris_votes
 - other_votes
 - eevp
 - state_eevp
 - harris_votes_statewide
 - trump_votes_statewide
 - other_votes_statewide
 - final_state
 - final_county
 - final_fips
 - final_trump_votes
 - final_harris_votes
 - final_other_votes
 - harris_percent_snapshot
 - trump_percent_snapshot
 - margin_snapshot
 - harris_percent_final
 - trump_percent_final
 - margin_final
 - margin_difference
 - margin_difference_abs

$ /home/ubuntu/.venv/bin/python3 /home/ubuntu/apps/election-app/stats/3-calc-new.py
Wrote 67 rows with new columns to /home/ubuntu/apps/election-app/win_prob/S/PA/_work/2024_county_results_with_calcs_new.csv

$ /home/ubuntu/.venv/bin/python3 /home/ubuntu/apps/election-app/stats/4-stats.py
Reading 2024_county_results_with_calcs_new.csv...
Aggregating statewide totals...
Calculating percentages and margins...
Writing to output_statewide_stats.csv...
Done!
[2026-02-04 18:22:01] INFO: [PIPELINE] ENTER win-prob generation | states=['PA'] ts_list=['2024-11-05T15-30-22']

============================================================================
[01/1] STATE = PA
============================================================================

$ /home/ubuntu/.venv/bin/python3 /home/ubuntu/apps/election-app/stats/5-snapshots.py --state PA --input /home/ubuntu/apps/election-app/win_prob/S/PA/_work/output_statewide_stats.csv --output /home/ubuntu/apps/election-app/win_prob/S/PA/snapshots_PA.csv --start 2024-11-05T15-30-22 --end 2024-11-05T15-30-22 --use-window 1 --interval 30
Mode: windowed-one-state
Rows written: 67
Distinct states in output: PA
Rows per normalized timestamp (empty = unparseable):
  2024-11-05T15-30-22: 67
Wrote /home/ubuntu/apps/election-app/win_prob/S/PA/snapshots_PA.csv

$ /home/ubuntu/.venv/bin/python3 /home/ubuntu/apps/election-app/stats/6-pval.py /home/ubuntu/apps/election-app/win_prob/S/PA/snapshots_PA.csv -t /home/ubuntu/apps/election-app/stats/parameters.csv -o /home/ubuntu/apps/election-app/win_prob/S/PA/data_output_PA.csv -c 50
Done. Wrote: /home/ubuntu/apps/election-app/win_prob/S/PA/data_output_PA.csv
Total rows: 67 (chunked, resumable).
Computed columns for PVALS = [0.01, 0.1, 1, 2, 3, 5, 10, 15, 20, 25, 30, 35, 40, 45, 50, 55, 60, 65, 70, 75, 80, 85, 90, 95, 97, 98, 99, 99.9, 99.99]
Per p (leader): shift_{p}, margin_new_{p}, harris_percent_new_{p}, trump_percent_new_{p}, total_snapshot_{p}, total_expected_{p}, harris_votes_new_{p}, trump_votes_new_{p}
Per p (trailing): shift_trailing_{p}, margin_new_{p}_trailing, harris_percent_new_{p}_trailing, trump_percent_new_{p}_trailing, total_snapshot_{p}_trailing, total_expected_{p}_trailing, harris_votes_new_{p}_trailing, trump_votes_new_{p}_trailing
Checkpoint saved at: /home/ubuntu/apps/election-app/win_prob/S/PA/data_output_PA.csv.checkpoint.json

$ /home/ubuntu/.venv/bin/python3 /home/ubuntu/apps/election-app/stats/7-margin-new.py
Wrote data_output_with_margins_old.csv

$ /home/ubuntu/.venv/bin/python3 /home/ubuntu/apps/election-app/stats/7-eevp-statewide.py
Wrote data_output_with_margins.csv (copied from data_output_with_margins_old.csv)

$ /home/ubuntu/.venv/bin/python3 /home/ubuntu/apps/election-app/stats/7.py --input /home/ubuntu/apps/election-app/win_prob/S/PA/data_output_PA_with_margins_statewide_eevp.csv --output /home/ubuntu/apps/election-app/win_prob/S/PA/statewide_margin_pct_vs_percent_PA_2026.png --state PA --start 2024-11-05T15-30-22 --end 2024-11-05T15-30-22 --stats /home/ubuntu/apps/election-app/win_prob/S/PA/stats.csv --stats2 /home/ubuntu/apps/election-app/win_prob/S/PA/stats2.csv --interval 30 --year 2026 --jsonl /home/ubuntu/apps/election-app/win_prob/S/PA/plotdata_PA_2026_2026-02-04T18-21-51.jsonl
[info] evaluating 1 timestamps from 2024-11-05T15-30-22 to 2024-11-05T15-30-22 every 30 minutes
[saved] probs_timeseries_PA.csv  (1 points)
[saved] /home/ubuntu/apps/election-app/win_prob/S/PA/plotdata_PA_2026_2026-02-04T18-21-51.jsonl  (4 points)
[saved] /home/ubuntu/apps/election-app/win_prob/S/PA/statewide_margin_pct_vs_percent_PA_2026_box.json
[saved] /home/ubuntu/apps/election-app/win_prob/S/PA/statewide_margin_pct_vs_percent_PA_2026_box.png
[saved] /home/ubuntu/apps/election-app/win_prob/S/PA/statewide_margin_pct_vs_percent_PA_2026.png

All 50 states complete. See: /home/ubuntu/apps/election-app/win_prob/S/PA

$ /home/ubuntu/.venv/bin/python3 /home/ubuntu/apps/election-app/stats/8.py --root /home/ubuntu/apps/election-app/win_prob/S/PA/_work --outdir /home/ubuntu/apps/election-app/win_prob/S/PA
[info] root  = /home/ubuntu/apps/election-app/win_prob/S/PA/_work
[info] outdir= /home/ubuntu/apps/election-app/win_prob/S/PA
[deleted] /home/ubuntu/apps/election-app/win_prob/S/PA/_work/stats_with_statewide.csv
[deleted] /home/ubuntu/apps/election-app/win_prob/S/PA/_work/stats2_final_headers.csv
[deleted] /home/ubuntu/apps/election-app/win_prob/S/PA/_work/2024_county_results_with_final-old.csv
[deleted] /home/ubuntu/apps/election-app/win_prob/S/PA/_work/2024_county_results_with_final.csv
[deleted] /home/ubuntu/apps/election-app/win_prob/S/PA/_work/2024_county_results_with_final_1.csv
[deleted] /home/ubuntu/apps/election-app/win_prob/S/PA/_work/2024_county_results_with_calcs-old.csv
[deleted] /home/ubuntu/apps/election-app/win_prob/S/PA/_work/2024_county_results_with_calcs_new.csv
[deleted] /home/ubuntu/apps/election-app/win_prob/S/PA/_work/output_statewide_stats.csv
[skip]    /home/ubuntu/apps/election-app/win_prob/S/PA/_work/probs_timeseries_PA.csv
[deleted] /home/ubuntu/apps/election-app/win_prob/S/PA/_work/2024_county_results_with_calcs.csv
[skip]    /home/ubuntu/apps/election-app/win_prob/S/PA/data_output.csv
[skip]    /home/ubuntu/apps/election-app/win_prob/S/PA/data_output_with_margins_old.csv
[skip]    /home/ubuntu/apps/election-app/win_prob/S/PA/data_output_with_margins.csv
[skip]    /home/ubuntu/apps/election-app/win_prob/S/PA/data_output_with_margins-statewide.csv
[deleted] /home/ubuntu/apps/election-app/win_prob/S/PA/snapshots_PA.csv
[deleted] /home/ubuntu/apps/election-app/win_prob/S/PA/data_output_PA_with_margins_statewide_eevp.csv
[deleted] /home/ubuntu/apps/election-app/win_prob/S/PA/data_output_PA_with_margins.csv
[deleted] /home/ubuntu/apps/election-app/win_prob/S/PA/data_output_PA.csv
[deleted] /home/ubuntu/apps/election-app/win_prob/S/PA/data_output_PA.csv.checkpoint.json
[deleted] /home/ubuntu/apps/election-app/win_prob/S/PA/stats.csv
[deleted] /home/ubuntu/apps/election-app/win_prob/S/PA/stats2.csv
[done] removed 16 file(s)
