[2026-01-23 18:18:22] INFO: [PIPELINE] args: office=H state=NY district=21
[2026-01-23 18:18:22] INFO: [PIPELINE] WINPROB_DIR resolved to: /home/ubuntu/apps/election-app/win_prob/H/NY/21
[2026-01-23 18:18:22] INFO: [PIPELINE] OUTDIR set to: /home/ubuntu/apps/election-app/win_prob/H/NY/21

$ /home/ubuntu/.venv/bin/python3 /home/ubuntu/apps/election-app/stats/1-statewide.py --input /home/ubuntu/apps/election-app/win_prob/H/NY/21/stats.csv --output /home/ubuntu/apps/election-app/win_prob/H/NY/21/_work/stats_with_statewide.csv
Wrote /home/ubuntu/apps/election-app/win_prob/H/NY/21/_work/stats_with_statewide.csv (rows=15)

$ /home/ubuntu/.venv/bin/python3 /home/ubuntu/apps/election-app/stats/1-stats-2.py --input /home/ubuntu/apps/election-app/win_prob/H/NY/21/stats2.csv --output /home/ubuntu/apps/election-app/win_prob/H/NY/21/_work/stats2_final_headers.csv
Wrote /home/ubuntu/apps/election-app/win_prob/H/NY/21/_work/stats2_final_headers.csv (rows=15)

$ /home/ubuntu/.venv/bin/python3 /home/ubuntu/apps/election-app/stats/1-append-new.py
[warn] stats/stats2 row+fips mismatch detected; will fill missing final_* with 10
Wrote 2024_county_results_with_final-old.csv (rows=15, missing_final_matches=2)

$ /home/ubuntu/.venv/bin/python3 /home/ubuntu/apps/election-app/stats/1-change_header.py
Wrote: 2024_county_results_with_final.csv

$ /home/ubuntu/.venv/bin/python3 /home/ubuntu/apps/election-app/stats/1-cut-zero-fips.py
Wrote: 2024_county_results_with_final_1.csv
Rows before: 15
Rows after:  15
Dropped (fips == 0): 0

$ /home/ubuntu/.venv/bin/python3 /home/ubuntu/apps/election-app/stats/2-calc.py
Wrote 15 rows with calculations to /home/ubuntu/apps/election-app/win_prob/H/NY/21/_work/2024_county_results_with_calcs-old.csv

$ /home/ubuntu/.venv/bin/python3 /home/ubuntu/apps/election-app/stats/2-eevp.py
Wrote (no-op copy): 2024_county_results_with_calcs.csv
Columns:
 - timestamp
 - state
 - county
 - fips
 - trump_votes
 - harris_votes
 - other_votes
 - eevp
 - state_eevp
 - harris_votes_statewide
 - trump_votes_statewide
 - other_votes_statewide
 - final_state
 - final_county
 - final_fips
 - final_trump_votes
 - final_harris_votes
 - final_other_votes
 - harris_percent_snapshot
 - trump_percent_snapshot
 - margin_snapshot
 - harris_percent_final
 - trump_percent_final
 - margin_final
 - margin_difference
 - margin_difference_abs

$ /home/ubuntu/.venv/bin/python3 /home/ubuntu/apps/election-app/stats/3-calc-new.py
Wrote 15 rows with new columns to /home/ubuntu/apps/election-app/win_prob/H/NY/21/_work/2024_county_results_with_calcs_new.csv

$ /home/ubuntu/.venv/bin/python3 /home/ubuntu/apps/election-app/stats/4-stats.py
Reading 2024_county_results_with_calcs_new.csv...
Aggregating statewide totals...
Calculating percentages and margins...
Writing to output_statewide_stats.csv...
Done!
[2026-01-23 18:18:32] INFO: [PIPELINE] ENTER win-prob generation | states=['NY'] ts_list=['2024-11-05T15-30-22']

============================================================================
[01/1] STATE = NY
============================================================================

$ /home/ubuntu/.venv/bin/python3 /home/ubuntu/apps/election-app/stats/5-snapshots.py --state NY --input /home/ubuntu/apps/election-app/win_prob/H/NY/21/_work/output_statewide_stats.csv --output /home/ubuntu/apps/election-app/win_prob/H/NY/21/snapshots_NY.csv --start 2024-11-05T15-30-22 --end 2024-11-05T15-30-22 --use-window 1 --interval 30
Mode: windowed-one-state
Rows written: 15
Distinct states in output: NY
Rows per normalized timestamp (empty = unparseable):
  2024-11-05T15-30-22: 15
Wrote /home/ubuntu/apps/election-app/win_prob/H/NY/21/snapshots_NY.csv

$ /home/ubuntu/.venv/bin/python3 /home/ubuntu/apps/election-app/stats/6-pval.py /home/ubuntu/apps/election-app/win_prob/H/NY/21/snapshots_NY.csv -t /home/ubuntu/apps/election-app/stats/parameters.csv -o /home/ubuntu/apps/election-app/win_prob/H/NY/21/data_output_NY.csv -c 50
Done. Wrote: /home/ubuntu/apps/election-app/win_prob/H/NY/21/data_output_NY.csv
Total rows: 15 (chunked, resumable).
Computed columns for PVALS = [0.01, 0.1, 1, 2, 3, 5, 10, 15, 20, 25, 30, 35, 40, 45, 50, 55, 60, 65, 70, 75, 80, 85, 90, 95, 97, 98, 99, 99.9, 99.99]
Per p (leader): shift_{p}, margin_new_{p}, harris_percent_new_{p}, trump_percent_new_{p}, total_snapshot_{p}, total_expected_{p}, harris_votes_new_{p}, trump_votes_new_{p}
Per p (trailing): shift_trailing_{p}, margin_new_{p}_trailing, harris_percent_new_{p}_trailing, trump_percent_new_{p}_trailing, total_snapshot_{p}_trailing, total_expected_{p}_trailing, harris_votes_new_{p}_trailing, trump_votes_new_{p}_trailing
Checkpoint saved at: /home/ubuntu/apps/election-app/win_prob/H/NY/21/data_output_NY.csv.checkpoint.json

$ /home/ubuntu/.venv/bin/python3 /home/ubuntu/apps/election-app/stats/7-margin-new.py
Wrote data_output_with_margins_old.csv

$ /home/ubuntu/.venv/bin/python3 /home/ubuntu/apps/election-app/stats/7-eevp-statewide.py
Wrote data_output_with_margins.csv (copied from data_output_with_margins_old.csv)

$ /home/ubuntu/.venv/bin/python3 /home/ubuntu/apps/election-app/stats/7.py --input /home/ubuntu/apps/election-app/win_prob/H/NY/21/data_output_NY_with_margins_statewide_eevp.csv --output /home/ubuntu/apps/election-app/win_prob/H/NY/21/statewide_margin_pct_vs_percent_NY_2026.png --state NY --start 2024-11-05T15-30-22 --end 2024-11-05T15-30-22 --stats /home/ubuntu/apps/election-app/win_prob/H/NY/21/stats.csv --stats2 /home/ubuntu/apps/election-app/win_prob/H/NY/21/stats2.csv --interval 30 --year 2026 --jsonl /home/ubuntu/apps/election-app/win_prob/H/NY/21/plotdata_NY_2026_2026-01-23T18-18-21.jsonl
[warn] stats/stats2 FIPS mismatch for state=NY; will apply penalty_pts=100 only if %nodata>0
[info] evaluating 1 timestamps from 2024-11-05T15-30-22 to 2024-11-05T15-30-22 every 30 minutes
[saved] probs_timeseries_NY.csv  (1 points)
[saved] /home/ubuntu/apps/election-app/win_prob/H/NY/21/plotdata_NY_2026_2026-01-23T18-18-21.jsonl  (0 points)
[saved] /home/ubuntu/apps/election-app/win_prob/H/NY/21/statewide_margin_pct_vs_percent_NY_2026_box.json
[saved] /home/ubuntu/apps/election-app/win_prob/H/NY/21/statewide_margin_pct_vs_percent_NY_2026_box.png
[saved] /home/ubuntu/apps/election-app/win_prob/H/NY/21/statewide_margin_pct_vs_percent_NY_2026.png

All 50 states complete. See: /home/ubuntu/apps/election-app/win_prob/H/NY/21

$ /home/ubuntu/.venv/bin/python3 /home/ubuntu/apps/election-app/stats/8.py --root /home/ubuntu/apps/election-app/win_prob/H/NY/21/_work --outdir /home/ubuntu/apps/election-app/win_prob/H/NY/21
[info] root  = /home/ubuntu/apps/election-app/win_prob/H/NY/21/_work
[info] outdir= /home/ubuntu/apps/election-app/win_prob/H/NY/21
[deleted] /home/ubuntu/apps/election-app/win_prob/H/NY/21/_work/stats_with_statewide.csv
[deleted] /home/ubuntu/apps/election-app/win_prob/H/NY/21/_work/stats2_final_headers.csv
[deleted] /home/ubuntu/apps/election-app/win_prob/H/NY/21/_work/2024_county_results_with_final-old.csv
[deleted] /home/ubuntu/apps/election-app/win_prob/H/NY/21/_work/2024_county_results_with_final.csv
[deleted] /home/ubuntu/apps/election-app/win_prob/H/NY/21/_work/2024_county_results_with_final_1.csv
[deleted] /home/ubuntu/apps/election-app/win_prob/H/NY/21/_work/2024_county_results_with_calcs-old.csv
[deleted] /home/ubuntu/apps/election-app/win_prob/H/NY/21/_work/2024_county_results_with_calcs_new.csv
[deleted] /home/ubuntu/apps/election-app/win_prob/H/NY/21/_work/output_statewide_stats.csv
[skip]    /home/ubuntu/apps/election-app/win_prob/H/NY/21/_work/probs_timeseries_PA.csv
[deleted] /home/ubuntu/apps/election-app/win_prob/H/NY/21/_work/2024_county_results_with_calcs.csv
[skip]    /home/ubuntu/apps/election-app/win_prob/H/NY/21/data_output.csv
[skip]    /home/ubuntu/apps/election-app/win_prob/H/NY/21/data_output_with_margins_old.csv
[skip]    /home/ubuntu/apps/election-app/win_prob/H/NY/21/data_output_with_margins.csv
[skip]    /home/ubuntu/apps/election-app/win_prob/H/NY/21/data_output_with_margins-statewide.csv
[deleted] /home/ubuntu/apps/election-app/win_prob/H/NY/21/snapshots_NY.csv
[deleted] /home/ubuntu/apps/election-app/win_prob/H/NY/21/data_output_NY_with_margins.csv
[deleted] /home/ubuntu/apps/election-app/win_prob/H/NY/21/data_output_NY_with_margins_statewide_eevp.csv
[deleted] /home/ubuntu/apps/election-app/win_prob/H/NY/21/data_output_NY.csv
[deleted] /home/ubuntu/apps/election-app/win_prob/H/NY/21/data_output_NY.csv.checkpoint.json
[deleted] /home/ubuntu/apps/election-app/win_prob/H/NY/21/stats.csv
[deleted] /home/ubuntu/apps/election-app/win_prob/H/NY/21/stats2.csv
[done] removed 16 file(s)
[2026-01-23 18:31:47] INFO: [PIPELINE] args: office=H state=NY district=21
[2026-01-23 18:31:47] INFO: [PIPELINE] WINPROB_DIR resolved to: /home/ubuntu/apps/election-app/win_prob/H/NY/21
[2026-01-23 18:31:47] INFO: [PIPELINE] OUTDIR set to: /home/ubuntu/apps/election-app/win_prob/H/NY/21

$ /home/ubuntu/.venv/bin/python3 /home/ubuntu/apps/election-app/stats/1-statewide.py --input /home/ubuntu/apps/election-app/win_prob/H/NY/21/stats.csv --output /home/ubuntu/apps/election-app/win_prob/H/NY/21/_work/stats_with_statewide.csv
Wrote /home/ubuntu/apps/election-app/win_prob/H/NY/21/_work/stats_with_statewide.csv (rows=15)

$ /home/ubuntu/.venv/bin/python3 /home/ubuntu/apps/election-app/stats/1-stats-2.py --input /home/ubuntu/apps/election-app/win_prob/H/NY/21/stats2.csv --output /home/ubuntu/apps/election-app/win_prob/H/NY/21/_work/stats2_final_headers.csv
Wrote /home/ubuntu/apps/election-app/win_prob/H/NY/21/_work/stats2_final_headers.csv (rows=15)

$ /home/ubuntu/.venv/bin/python3 /home/ubuntu/apps/election-app/stats/1-append-new.py
[warn] stats/stats2 row+fips mismatch detected; will fill missing final_* with 10
Wrote 2024_county_results_with_final-old.csv (rows=15, missing_final_matches=2)

$ /home/ubuntu/.venv/bin/python3 /home/ubuntu/apps/election-app/stats/1-change_header.py
Wrote: 2024_county_results_with_final.csv

$ /home/ubuntu/.venv/bin/python3 /home/ubuntu/apps/election-app/stats/1-cut-zero-fips.py
Wrote: 2024_county_results_with_final_1.csv
Rows before: 15
Rows after:  15
Dropped (fips == 0): 0

$ /home/ubuntu/.venv/bin/python3 /home/ubuntu/apps/election-app/stats/2-calc.py
Wrote 15 rows with calculations to /home/ubuntu/apps/election-app/win_prob/H/NY/21/_work/2024_county_results_with_calcs-old.csv

$ /home/ubuntu/.venv/bin/python3 /home/ubuntu/apps/election-app/stats/2-eevp.py
Wrote (no-op copy): 2024_county_results_with_calcs.csv
Columns:
 - timestamp
 - state
 - county
 - fips
 - trump_votes
 - harris_votes
 - other_votes
 - eevp
 - state_eevp
 - harris_votes_statewide
 - trump_votes_statewide
 - other_votes_statewide
 - final_state
 - final_county
 - final_fips
 - final_trump_votes
 - final_harris_votes
 - final_other_votes
 - harris_percent_snapshot
 - trump_percent_snapshot
 - margin_snapshot
 - harris_percent_final
 - trump_percent_final
 - margin_final
 - margin_difference
 - margin_difference_abs

$ /home/ubuntu/.venv/bin/python3 /home/ubuntu/apps/election-app/stats/3-calc-new.py
Wrote 15 rows with new columns to /home/ubuntu/apps/election-app/win_prob/H/NY/21/_work/2024_county_results_with_calcs_new.csv

$ /home/ubuntu/.venv/bin/python3 /home/ubuntu/apps/election-app/stats/4-stats.py
Reading 2024_county_results_with_calcs_new.csv...
Aggregating statewide totals...
Calculating percentages and margins...
Writing to output_statewide_stats.csv...
Done!
[2026-01-23 18:31:56] INFO: [PIPELINE] ENTER win-prob generation | states=['NY'] ts_list=['2024-11-05T15-30-22']

============================================================================
[01/1] STATE = NY
============================================================================

$ /home/ubuntu/.venv/bin/python3 /home/ubuntu/apps/election-app/stats/5-snapshots.py --state NY --input /home/ubuntu/apps/election-app/win_prob/H/NY/21/_work/output_statewide_stats.csv --output /home/ubuntu/apps/election-app/win_prob/H/NY/21/snapshots_NY.csv --start 2024-11-05T15-30-22 --end 2024-11-05T15-30-22 --use-window 1 --interval 30
Mode: windowed-one-state
Rows written: 15
Distinct states in output: NY
Rows per normalized timestamp (empty = unparseable):
  2024-11-05T15-30-22: 15
Wrote /home/ubuntu/apps/election-app/win_prob/H/NY/21/snapshots_NY.csv

$ /home/ubuntu/.venv/bin/python3 /home/ubuntu/apps/election-app/stats/6-pval.py /home/ubuntu/apps/election-app/win_prob/H/NY/21/snapshots_NY.csv -t /home/ubuntu/apps/election-app/stats/parameters.csv -o /home/ubuntu/apps/election-app/win_prob/H/NY/21/data_output_NY.csv -c 50
Done. Wrote: /home/ubuntu/apps/election-app/win_prob/H/NY/21/data_output_NY.csv
Total rows: 15 (chunked, resumable).
Computed columns for PVALS = [0.01, 0.1, 1, 2, 3, 5, 10, 15, 20, 25, 30, 35, 40, 45, 50, 55, 60, 65, 70, 75, 80, 85, 90, 95, 97, 98, 99, 99.9, 99.99]
Per p (leader): shift_{p}, margin_new_{p}, harris_percent_new_{p}, trump_percent_new_{p}, total_snapshot_{p}, total_expected_{p}, harris_votes_new_{p}, trump_votes_new_{p}
Per p (trailing): shift_trailing_{p}, margin_new_{p}_trailing, harris_percent_new_{p}_trailing, trump_percent_new_{p}_trailing, total_snapshot_{p}_trailing, total_expected_{p}_trailing, harris_votes_new_{p}_trailing, trump_votes_new_{p}_trailing
Checkpoint saved at: /home/ubuntu/apps/election-app/win_prob/H/NY/21/data_output_NY.csv.checkpoint.json

$ /home/ubuntu/.venv/bin/python3 /home/ubuntu/apps/election-app/stats/7-margin-new.py
Wrote data_output_with_margins_old.csv

$ /home/ubuntu/.venv/bin/python3 /home/ubuntu/apps/election-app/stats/7-eevp-statewide.py
Wrote data_output_with_margins.csv (copied from data_output_with_margins_old.csv)

$ /home/ubuntu/.venv/bin/python3 /home/ubuntu/apps/election-app/stats/7.py --input /home/ubuntu/apps/election-app/win_prob/H/NY/21/data_output_NY_with_margins_statewide_eevp.csv --output /home/ubuntu/apps/election-app/win_prob/H/NY/21/statewide_margin_pct_vs_percent_NY_2026.png --state NY --start 2024-11-05T15-30-22 --end 2024-11-05T15-30-22 --stats /home/ubuntu/apps/election-app/win_prob/H/NY/21/stats.csv --stats2 /home/ubuntu/apps/election-app/win_prob/H/NY/21/stats2.csv --interval 30 --year 2026 --jsonl /home/ubuntu/apps/election-app/win_prob/H/NY/21/plotdata_NY_2026_2026-01-23T18-31-47.jsonl
[warn] stats/stats2 FIPS mismatch for state=NY; will apply penalty_pts=100 only if %nodata>0
[info] evaluating 1 timestamps from 2024-11-05T15-30-22 to 2024-11-05T15-30-22 every 30 minutes
[saved] probs_timeseries_NY.csv  (1 points)
[saved] /home/ubuntu/apps/election-app/win_prob/H/NY/21/plotdata_NY_2026_2026-01-23T18-31-47.jsonl  (4 points)
[saved] /home/ubuntu/apps/election-app/win_prob/H/NY/21/statewide_margin_pct_vs_percent_NY_2026_box.json
[saved] /home/ubuntu/apps/election-app/win_prob/H/NY/21/statewide_margin_pct_vs_percent_NY_2026_box.png
[saved] /home/ubuntu/apps/election-app/win_prob/H/NY/21/statewide_margin_pct_vs_percent_NY_2026.png

All 50 states complete. See: /home/ubuntu/apps/election-app/win_prob/H/NY/21

$ /home/ubuntu/.venv/bin/python3 /home/ubuntu/apps/election-app/stats/8.py --root /home/ubuntu/apps/election-app/win_prob/H/NY/21/_work --outdir /home/ubuntu/apps/election-app/win_prob/H/NY/21
[info] root  = /home/ubuntu/apps/election-app/win_prob/H/NY/21/_work
[info] outdir= /home/ubuntu/apps/election-app/win_prob/H/NY/21
[deleted] /home/ubuntu/apps/election-app/win_prob/H/NY/21/_work/stats_with_statewide.csv
[deleted] /home/ubuntu/apps/election-app/win_prob/H/NY/21/_work/stats2_final_headers.csv
[deleted] /home/ubuntu/apps/election-app/win_prob/H/NY/21/_work/2024_county_results_with_final-old.csv
[deleted] /home/ubuntu/apps/election-app/win_prob/H/NY/21/_work/2024_county_results_with_final.csv
[deleted] /home/ubuntu/apps/election-app/win_prob/H/NY/21/_work/2024_county_results_with_final_1.csv
[deleted] /home/ubuntu/apps/election-app/win_prob/H/NY/21/_work/2024_county_results_with_calcs-old.csv
[deleted] /home/ubuntu/apps/election-app/win_prob/H/NY/21/_work/2024_county_results_with_calcs_new.csv
[deleted] /home/ubuntu/apps/election-app/win_prob/H/NY/21/_work/output_statewide_stats.csv
[skip]    /home/ubuntu/apps/election-app/win_prob/H/NY/21/_work/probs_timeseries_PA.csv
[deleted] /home/ubuntu/apps/election-app/win_prob/H/NY/21/_work/2024_county_results_with_calcs.csv
[skip]    /home/ubuntu/apps/election-app/win_prob/H/NY/21/data_output.csv
[skip]    /home/ubuntu/apps/election-app/win_prob/H/NY/21/data_output_with_margins_old.csv
[skip]    /home/ubuntu/apps/election-app/win_prob/H/NY/21/data_output_with_margins.csv
[skip]    /home/ubuntu/apps/election-app/win_prob/H/NY/21/data_output_with_margins-statewide.csv
[deleted] /home/ubuntu/apps/election-app/win_prob/H/NY/21/snapshots_NY.csv
[deleted] /home/ubuntu/apps/election-app/win_prob/H/NY/21/data_output_NY_with_margins.csv
[deleted] /home/ubuntu/apps/election-app/win_prob/H/NY/21/data_output_NY_with_margins_statewide_eevp.csv
[deleted] /home/ubuntu/apps/election-app/win_prob/H/NY/21/data_output_NY.csv
[deleted] /home/ubuntu/apps/election-app/win_prob/H/NY/21/data_output_NY.csv.checkpoint.json
[deleted] /home/ubuntu/apps/election-app/win_prob/H/NY/21/stats.csv
[deleted] /home/ubuntu/apps/election-app/win_prob/H/NY/21/stats2.csv
[done] removed 16 file(s)
[2026-01-23 18:38:49] INFO: [PIPELINE] args: office=H state=NY district=21
[2026-01-23 18:38:49] INFO: [PIPELINE] WINPROB_DIR resolved to: /home/ubuntu/apps/election-app/win_prob/H/NY/21
[2026-01-23 18:38:49] INFO: [PIPELINE] OUTDIR set to: /home/ubuntu/apps/election-app/win_prob/H/NY/21

$ /home/ubuntu/.venv/bin/python3 /home/ubuntu/apps/election-app/stats/1-statewide.py --input /home/ubuntu/apps/election-app/win_prob/H/NY/21/stats.csv --output /home/ubuntu/apps/election-app/win_prob/H/NY/21/_work/stats_with_statewide.csv
Wrote /home/ubuntu/apps/election-app/win_prob/H/NY/21/_work/stats_with_statewide.csv (rows=15)

$ /home/ubuntu/.venv/bin/python3 /home/ubuntu/apps/election-app/stats/1-stats-2.py --input /home/ubuntu/apps/election-app/win_prob/H/NY/21/stats2.csv --output /home/ubuntu/apps/election-app/win_prob/H/NY/21/_work/stats2_final_headers.csv
Wrote /home/ubuntu/apps/election-app/win_prob/H/NY/21/_work/stats2_final_headers.csv (rows=15)

$ /home/ubuntu/.venv/bin/python3 /home/ubuntu/apps/election-app/stats/1-append-new.py
[warn] stats/stats2 row+fips mismatch detected; will fill missing final_* with 10
Wrote 2024_county_results_with_final-old.csv (rows=15, missing_final_matches=2)

$ /home/ubuntu/.venv/bin/python3 /home/ubuntu/apps/election-app/stats/1-change_header.py
Wrote: 2024_county_results_with_final.csv

$ /home/ubuntu/.venv/bin/python3 /home/ubuntu/apps/election-app/stats/1-cut-zero-fips.py
Wrote: 2024_county_results_with_final_1.csv
Rows before: 15
Rows after:  15
Dropped (fips == 0): 0

$ /home/ubuntu/.venv/bin/python3 /home/ubuntu/apps/election-app/stats/2-calc.py
Wrote 15 rows with calculations to /home/ubuntu/apps/election-app/win_prob/H/NY/21/_work/2024_county_results_with_calcs-old.csv

$ /home/ubuntu/.venv/bin/python3 /home/ubuntu/apps/election-app/stats/2-eevp.py
Wrote (no-op copy): 2024_county_results_with_calcs.csv
Columns:
 - timestamp
 - state
 - county
 - fips
 - trump_votes
 - harris_votes
 - other_votes
 - eevp
 - state_eevp
 - harris_votes_statewide
 - trump_votes_statewide
 - other_votes_statewide
 - final_state
 - final_county
 - final_fips
 - final_trump_votes
 - final_harris_votes
 - final_other_votes
 - harris_percent_snapshot
 - trump_percent_snapshot
 - margin_snapshot
 - harris_percent_final
 - trump_percent_final
 - margin_final
 - margin_difference
 - margin_difference_abs

$ /home/ubuntu/.venv/bin/python3 /home/ubuntu/apps/election-app/stats/3-calc-new.py
Wrote 15 rows with new columns to /home/ubuntu/apps/election-app/win_prob/H/NY/21/_work/2024_county_results_with_calcs_new.csv

$ /home/ubuntu/.venv/bin/python3 /home/ubuntu/apps/election-app/stats/4-stats.py
Reading 2024_county_results_with_calcs_new.csv...
Aggregating statewide totals...
Calculating percentages and margins...
Writing to output_statewide_stats.csv...
Done!
[2026-01-23 18:38:57] INFO: [PIPELINE] ENTER win-prob generation | states=['NY'] ts_list=['2024-11-05T15-30-22']

============================================================================
[01/1] STATE = NY
============================================================================

$ /home/ubuntu/.venv/bin/python3 /home/ubuntu/apps/election-app/stats/5-snapshots.py --state NY --input /home/ubuntu/apps/election-app/win_prob/H/NY/21/_work/output_statewide_stats.csv --output /home/ubuntu/apps/election-app/win_prob/H/NY/21/snapshots_NY.csv --start 2024-11-05T15-30-22 --end 2024-11-05T15-30-22 --use-window 1 --interval 30
Mode: windowed-one-state
Rows written: 15
Distinct states in output: NY
Rows per normalized timestamp (empty = unparseable):
  2024-11-05T15-30-22: 15
Wrote /home/ubuntu/apps/election-app/win_prob/H/NY/21/snapshots_NY.csv

$ /home/ubuntu/.venv/bin/python3 /home/ubuntu/apps/election-app/stats/6-pval.py /home/ubuntu/apps/election-app/win_prob/H/NY/21/snapshots_NY.csv -t /home/ubuntu/apps/election-app/stats/parameters.csv -o /home/ubuntu/apps/election-app/win_prob/H/NY/21/data_output_NY.csv -c 50
Done. Wrote: /home/ubuntu/apps/election-app/win_prob/H/NY/21/data_output_NY.csv
Total rows: 15 (chunked, resumable).
Computed columns for PVALS = [0.01, 0.1, 1, 2, 3, 5, 10, 15, 20, 25, 30, 35, 40, 45, 50, 55, 60, 65, 70, 75, 80, 85, 90, 95, 97, 98, 99, 99.9, 99.99]
Per p (leader): shift_{p}, margin_new_{p}, harris_percent_new_{p}, trump_percent_new_{p}, total_snapshot_{p}, total_expected_{p}, harris_votes_new_{p}, trump_votes_new_{p}
Per p (trailing): shift_trailing_{p}, margin_new_{p}_trailing, harris_percent_new_{p}_trailing, trump_percent_new_{p}_trailing, total_snapshot_{p}_trailing, total_expected_{p}_trailing, harris_votes_new_{p}_trailing, trump_votes_new_{p}_trailing
Checkpoint saved at: /home/ubuntu/apps/election-app/win_prob/H/NY/21/data_output_NY.csv.checkpoint.json

$ /home/ubuntu/.venv/bin/python3 /home/ubuntu/apps/election-app/stats/7-margin-new.py
Wrote data_output_with_margins_old.csv

$ /home/ubuntu/.venv/bin/python3 /home/ubuntu/apps/election-app/stats/7-eevp-statewide.py
Wrote data_output_with_margins.csv (copied from data_output_with_margins_old.csv)

$ /home/ubuntu/.venv/bin/python3 /home/ubuntu/apps/election-app/stats/7.py --input /home/ubuntu/apps/election-app/win_prob/H/NY/21/data_output_NY_with_margins_statewide_eevp.csv --output /home/ubuntu/apps/election-app/win_prob/H/NY/21/statewide_margin_pct_vs_percent_NY_2026.png --state NY --start 2024-11-05T15-30-22 --end 2024-11-05T15-30-22 --stats /home/ubuntu/apps/election-app/win_prob/H/NY/21/stats.csv --stats2 /home/ubuntu/apps/election-app/win_prob/H/NY/21/stats2.csv --interval 30 --year 2026 --jsonl /home/ubuntu/apps/election-app/win_prob/H/NY/21/plotdata_NY_2026_2026-01-23T18-38-49.jsonl
[warn] stats/stats2 FIPS mismatch for state=NY; will apply penalty_pts=100 only if %nodata>0
[info] evaluating 1 timestamps from 2024-11-05T15-30-22 to 2024-11-05T15-30-22 every 30 minutes
[saved] probs_timeseries_NY.csv  (1 points)
[saved] /home/ubuntu/apps/election-app/win_prob/H/NY/21/plotdata_NY_2026_2026-01-23T18-38-49.jsonl  (4 points)
[saved] /home/ubuntu/apps/election-app/win_prob/H/NY/21/statewide_margin_pct_vs_percent_NY_2026_box.json
[saved] /home/ubuntu/apps/election-app/win_prob/H/NY/21/statewide_margin_pct_vs_percent_NY_2026_box.png
[saved] /home/ubuntu/apps/election-app/win_prob/H/NY/21/statewide_margin_pct_vs_percent_NY_2026.png

All 50 states complete. See: /home/ubuntu/apps/election-app/win_prob/H/NY/21

$ /home/ubuntu/.venv/bin/python3 /home/ubuntu/apps/election-app/stats/8.py --root /home/ubuntu/apps/election-app/win_prob/H/NY/21/_work --outdir /home/ubuntu/apps/election-app/win_prob/H/NY/21
[info] root  = /home/ubuntu/apps/election-app/win_prob/H/NY/21/_work
[info] outdir= /home/ubuntu/apps/election-app/win_prob/H/NY/21
[deleted] /home/ubuntu/apps/election-app/win_prob/H/NY/21/_work/stats_with_statewide.csv
[deleted] /home/ubuntu/apps/election-app/win_prob/H/NY/21/_work/stats2_final_headers.csv
[deleted] /home/ubuntu/apps/election-app/win_prob/H/NY/21/_work/2024_county_results_with_final-old.csv
[deleted] /home/ubuntu/apps/election-app/win_prob/H/NY/21/_work/2024_county_results_with_final.csv
[deleted] /home/ubuntu/apps/election-app/win_prob/H/NY/21/_work/2024_county_results_with_final_1.csv
[deleted] /home/ubuntu/apps/election-app/win_prob/H/NY/21/_work/2024_county_results_with_calcs-old.csv
[deleted] /home/ubuntu/apps/election-app/win_prob/H/NY/21/_work/2024_county_results_with_calcs_new.csv
[deleted] /home/ubuntu/apps/election-app/win_prob/H/NY/21/_work/output_statewide_stats.csv
[skip]    /home/ubuntu/apps/election-app/win_prob/H/NY/21/_work/probs_timeseries_PA.csv
[deleted] /home/ubuntu/apps/election-app/win_prob/H/NY/21/_work/2024_county_results_with_calcs.csv
[skip]    /home/ubuntu/apps/election-app/win_prob/H/NY/21/data_output.csv
[skip]    /home/ubuntu/apps/election-app/win_prob/H/NY/21/data_output_with_margins_old.csv
[skip]    /home/ubuntu/apps/election-app/win_prob/H/NY/21/data_output_with_margins.csv
[skip]    /home/ubuntu/apps/election-app/win_prob/H/NY/21/data_output_with_margins-statewide.csv
[deleted] /home/ubuntu/apps/election-app/win_prob/H/NY/21/snapshots_NY.csv
[deleted] /home/ubuntu/apps/election-app/win_prob/H/NY/21/data_output_NY_with_margins.csv
[deleted] /home/ubuntu/apps/election-app/win_prob/H/NY/21/data_output_NY_with_margins_statewide_eevp.csv
[deleted] /home/ubuntu/apps/election-app/win_prob/H/NY/21/data_output_NY.csv
[deleted] /home/ubuntu/apps/election-app/win_prob/H/NY/21/data_output_NY.csv.checkpoint.json
[deleted] /home/ubuntu/apps/election-app/win_prob/H/NY/21/stats.csv
[deleted] /home/ubuntu/apps/election-app/win_prob/H/NY/21/stats2.csv
[done] removed 16 file(s)
[2026-01-23 18:46:12] INFO: [PIPELINE] args: office=H state=NY district=21
[2026-01-23 18:46:12] INFO: [PIPELINE] WINPROB_DIR resolved to: /home/ubuntu/apps/election-app/win_prob/H/NY/21
[2026-01-23 18:46:12] INFO: [PIPELINE] OUTDIR set to: /home/ubuntu/apps/election-app/win_prob/H/NY/21

$ /home/ubuntu/.venv/bin/python3 /home/ubuntu/apps/election-app/stats/1-statewide.py --input /home/ubuntu/apps/election-app/win_prob/H/NY/21/stats.csv --output /home/ubuntu/apps/election-app/win_prob/H/NY/21/_work/stats_with_statewide.csv
Wrote /home/ubuntu/apps/election-app/win_prob/H/NY/21/_work/stats_with_statewide.csv (rows=15)

$ /home/ubuntu/.venv/bin/python3 /home/ubuntu/apps/election-app/stats/1-stats-2.py --input /home/ubuntu/apps/election-app/win_prob/H/NY/21/stats2.csv --output /home/ubuntu/apps/election-app/win_prob/H/NY/21/_work/stats2_final_headers.csv
Wrote /home/ubuntu/apps/election-app/win_prob/H/NY/21/_work/stats2_final_headers.csv (rows=15)

$ /home/ubuntu/.venv/bin/python3 /home/ubuntu/apps/election-app/stats/1-append-new.py
[warn] stats/stats2 row+fips mismatch detected; will fill missing final_* with 10
Wrote 2024_county_results_with_final-old.csv (rows=15, missing_final_matches=2)

$ /home/ubuntu/.venv/bin/python3 /home/ubuntu/apps/election-app/stats/1-change_header.py
Wrote: 2024_county_results_with_final.csv

$ /home/ubuntu/.venv/bin/python3 /home/ubuntu/apps/election-app/stats/1-cut-zero-fips.py
Wrote: 2024_county_results_with_final_1.csv
Rows before: 15
Rows after:  15
Dropped (fips == 0): 0

$ /home/ubuntu/.venv/bin/python3 /home/ubuntu/apps/election-app/stats/2-calc.py
Wrote 15 rows with calculations to /home/ubuntu/apps/election-app/win_prob/H/NY/21/_work/2024_county_results_with_calcs-old.csv

$ /home/ubuntu/.venv/bin/python3 /home/ubuntu/apps/election-app/stats/2-eevp.py
Wrote (no-op copy): 2024_county_results_with_calcs.csv
Columns:
 - timestamp
 - state
 - county
 - fips
 - trump_votes
 - harris_votes
 - other_votes
 - eevp
 - state_eevp
 - harris_votes_statewide
 - trump_votes_statewide
 - other_votes_statewide
 - final_state
 - final_county
 - final_fips
 - final_trump_votes
 - final_harris_votes
 - final_other_votes
 - harris_percent_snapshot
 - trump_percent_snapshot
 - margin_snapshot
 - harris_percent_final
 - trump_percent_final
 - margin_final
 - margin_difference
 - margin_difference_abs

$ /home/ubuntu/.venv/bin/python3 /home/ubuntu/apps/election-app/stats/3-calc-new.py
Wrote 15 rows with new columns to /home/ubuntu/apps/election-app/win_prob/H/NY/21/_work/2024_county_results_with_calcs_new.csv

$ /home/ubuntu/.venv/bin/python3 /home/ubuntu/apps/election-app/stats/4-stats.py
Reading 2024_county_results_with_calcs_new.csv...
Aggregating statewide totals...
Calculating percentages and margins...
Writing to output_statewide_stats.csv...
Done!
[2026-01-23 18:46:23] INFO: [PIPELINE] ENTER win-prob generation | states=['NY'] ts_list=['2024-11-05T15-30-22']

============================================================================
[01/1] STATE = NY
============================================================================

$ /home/ubuntu/.venv/bin/python3 /home/ubuntu/apps/election-app/stats/5-snapshots.py --state NY --input /home/ubuntu/apps/election-app/win_prob/H/NY/21/_work/output_statewide_stats.csv --output /home/ubuntu/apps/election-app/win_prob/H/NY/21/snapshots_NY.csv --start 2024-11-05T15-30-22 --end 2024-11-05T15-30-22 --use-window 1 --interval 30
Mode: windowed-one-state
Rows written: 15
Distinct states in output: NY
Rows per normalized timestamp (empty = unparseable):
  2024-11-05T15-30-22: 15
Wrote /home/ubuntu/apps/election-app/win_prob/H/NY/21/snapshots_NY.csv

$ /home/ubuntu/.venv/bin/python3 /home/ubuntu/apps/election-app/stats/6-pval.py /home/ubuntu/apps/election-app/win_prob/H/NY/21/snapshots_NY.csv -t /home/ubuntu/apps/election-app/stats/parameters.csv -o /home/ubuntu/apps/election-app/win_prob/H/NY/21/data_output_NY.csv -c 50
Done. Wrote: /home/ubuntu/apps/election-app/win_prob/H/NY/21/data_output_NY.csv
Total rows: 15 (chunked, resumable).
Computed columns for PVALS = [0.01, 0.1, 1, 2, 3, 5, 10, 15, 20, 25, 30, 35, 40, 45, 50, 55, 60, 65, 70, 75, 80, 85, 90, 95, 97, 98, 99, 99.9, 99.99]
Per p (leader): shift_{p}, margin_new_{p}, harris_percent_new_{p}, trump_percent_new_{p}, total_snapshot_{p}, total_expected_{p}, harris_votes_new_{p}, trump_votes_new_{p}
Per p (trailing): shift_trailing_{p}, margin_new_{p}_trailing, harris_percent_new_{p}_trailing, trump_percent_new_{p}_trailing, total_snapshot_{p}_trailing, total_expected_{p}_trailing, harris_votes_new_{p}_trailing, trump_votes_new_{p}_trailing
Checkpoint saved at: /home/ubuntu/apps/election-app/win_prob/H/NY/21/data_output_NY.csv.checkpoint.json

$ /home/ubuntu/.venv/bin/python3 /home/ubuntu/apps/election-app/stats/7-margin-new.py
Wrote data_output_with_margins_old.csv

$ /home/ubuntu/.venv/bin/python3 /home/ubuntu/apps/election-app/stats/7-eevp-statewide.py
Wrote data_output_with_margins.csv (copied from data_output_with_margins_old.csv)

$ /home/ubuntu/.venv/bin/python3 /home/ubuntu/apps/election-app/stats/7.py --input /home/ubuntu/apps/election-app/win_prob/H/NY/21/data_output_NY_with_margins_statewide_eevp.csv --output /home/ubuntu/apps/election-app/win_prob/H/NY/21/statewide_margin_pct_vs_percent_NY_2026.png --state NY --start 2024-11-05T15-30-22 --end 2024-11-05T15-30-22 --stats /home/ubuntu/apps/election-app/win_prob/H/NY/21/stats.csv --stats2 /home/ubuntu/apps/election-app/win_prob/H/NY/21/stats2.csv --interval 30 --year 2026 --jsonl /home/ubuntu/apps/election-app/win_prob/H/NY/21/plotdata_NY_2026_2026-01-23T18-46-12.jsonl
[warn] stats/stats2 FIPS mismatch for state=NY; will apply penalty_pts=100 only if %nodata>0
[info] evaluating 1 timestamps from 2024-11-05T15-30-22 to 2024-11-05T15-30-22 every 30 minutes
[saved] probs_timeseries_NY.csv  (1 points)
[saved] /home/ubuntu/apps/election-app/win_prob/H/NY/21/plotdata_NY_2026_2026-01-23T18-46-12.jsonl  (4 points)
[saved] /home/ubuntu/apps/election-app/win_prob/H/NY/21/statewide_margin_pct_vs_percent_NY_2026_box.json
[saved] /home/ubuntu/apps/election-app/win_prob/H/NY/21/statewide_margin_pct_vs_percent_NY_2026_box.png
[saved] /home/ubuntu/apps/election-app/win_prob/H/NY/21/statewide_margin_pct_vs_percent_NY_2026.png

All 50 states complete. See: /home/ubuntu/apps/election-app/win_prob/H/NY/21

$ /home/ubuntu/.venv/bin/python3 /home/ubuntu/apps/election-app/stats/8.py --root /home/ubuntu/apps/election-app/win_prob/H/NY/21/_work --outdir /home/ubuntu/apps/election-app/win_prob/H/NY/21
[info] root  = /home/ubuntu/apps/election-app/win_prob/H/NY/21/_work
[info] outdir= /home/ubuntu/apps/election-app/win_prob/H/NY/21
[deleted] /home/ubuntu/apps/election-app/win_prob/H/NY/21/_work/stats_with_statewide.csv
[deleted] /home/ubuntu/apps/election-app/win_prob/H/NY/21/_work/stats2_final_headers.csv
[deleted] /home/ubuntu/apps/election-app/win_prob/H/NY/21/_work/2024_county_results_with_final-old.csv
[deleted] /home/ubuntu/apps/election-app/win_prob/H/NY/21/_work/2024_county_results_with_final.csv
[deleted] /home/ubuntu/apps/election-app/win_prob/H/NY/21/_work/2024_county_results_with_final_1.csv
[deleted] /home/ubuntu/apps/election-app/win_prob/H/NY/21/_work/2024_county_results_with_calcs-old.csv
[deleted] /home/ubuntu/apps/election-app/win_prob/H/NY/21/_work/2024_county_results_with_calcs_new.csv
[deleted] /home/ubuntu/apps/election-app/win_prob/H/NY/21/_work/output_statewide_stats.csv
[skip]    /home/ubuntu/apps/election-app/win_prob/H/NY/21/_work/probs_timeseries_PA.csv
[deleted] /home/ubuntu/apps/election-app/win_prob/H/NY/21/_work/2024_county_results_with_calcs.csv
[skip]    /home/ubuntu/apps/election-app/win_prob/H/NY/21/data_output.csv
[skip]    /home/ubuntu/apps/election-app/win_prob/H/NY/21/data_output_with_margins_old.csv
[skip]    /home/ubuntu/apps/election-app/win_prob/H/NY/21/data_output_with_margins.csv
[skip]    /home/ubuntu/apps/election-app/win_prob/H/NY/21/data_output_with_margins-statewide.csv
[deleted] /home/ubuntu/apps/election-app/win_prob/H/NY/21/snapshots_NY.csv
[deleted] /home/ubuntu/apps/election-app/win_prob/H/NY/21/data_output_NY_with_margins.csv
[deleted] /home/ubuntu/apps/election-app/win_prob/H/NY/21/data_output_NY_with_margins_statewide_eevp.csv
[deleted] /home/ubuntu/apps/election-app/win_prob/H/NY/21/data_output_NY.csv
[deleted] /home/ubuntu/apps/election-app/win_prob/H/NY/21/data_output_NY.csv.checkpoint.json
[deleted] /home/ubuntu/apps/election-app/win_prob/H/NY/21/stats.csv
[deleted] /home/ubuntu/apps/election-app/win_prob/H/NY/21/stats2.csv
[done] removed 16 file(s)
[2026-01-23 18:53:21] INFO: [PIPELINE] args: office=H state=NY district=21
[2026-01-23 18:53:21] INFO: [PIPELINE] WINPROB_DIR resolved to: /home/ubuntu/apps/election-app/win_prob/H/NY/21
[2026-01-23 18:53:21] INFO: [PIPELINE] OUTDIR set to: /home/ubuntu/apps/election-app/win_prob/H/NY/21

$ /home/ubuntu/.venv/bin/python3 /home/ubuntu/apps/election-app/stats/1-statewide.py --input /home/ubuntu/apps/election-app/win_prob/H/NY/21/stats.csv --output /home/ubuntu/apps/election-app/win_prob/H/NY/21/_work/stats_with_statewide.csv
Wrote /home/ubuntu/apps/election-app/win_prob/H/NY/21/_work/stats_with_statewide.csv (rows=15)

$ /home/ubuntu/.venv/bin/python3 /home/ubuntu/apps/election-app/stats/1-stats-2.py --input /home/ubuntu/apps/election-app/win_prob/H/NY/21/stats2.csv --output /home/ubuntu/apps/election-app/win_prob/H/NY/21/_work/stats2_final_headers.csv
Wrote /home/ubuntu/apps/election-app/win_prob/H/NY/21/_work/stats2_final_headers.csv (rows=15)

$ /home/ubuntu/.venv/bin/python3 /home/ubuntu/apps/election-app/stats/1-append-new.py
[warn] stats/stats2 row+fips mismatch detected; will fill missing final_* with 10
Wrote 2024_county_results_with_final-old.csv (rows=15, missing_final_matches=2)

$ /home/ubuntu/.venv/bin/python3 /home/ubuntu/apps/election-app/stats/1-change_header.py
Wrote: 2024_county_results_with_final.csv

$ /home/ubuntu/.venv/bin/python3 /home/ubuntu/apps/election-app/stats/1-cut-zero-fips.py
Wrote: 2024_county_results_with_final_1.csv
Rows before: 15
Rows after:  15
Dropped (fips == 0): 0

$ /home/ubuntu/.venv/bin/python3 /home/ubuntu/apps/election-app/stats/2-calc.py
Wrote 15 rows with calculations to /home/ubuntu/apps/election-app/win_prob/H/NY/21/_work/2024_county_results_with_calcs-old.csv

$ /home/ubuntu/.venv/bin/python3 /home/ubuntu/apps/election-app/stats/2-eevp.py
Wrote (no-op copy): 2024_county_results_with_calcs.csv
Columns:
 - timestamp
 - state
 - county
 - fips
 - trump_votes
 - harris_votes
 - other_votes
 - eevp
 - state_eevp
 - harris_votes_statewide
 - trump_votes_statewide
 - other_votes_statewide
 - final_state
 - final_county
 - final_fips
 - final_trump_votes
 - final_harris_votes
 - final_other_votes
 - harris_percent_snapshot
 - trump_percent_snapshot
 - margin_snapshot
 - harris_percent_final
 - trump_percent_final
 - margin_final
 - margin_difference
 - margin_difference_abs

$ /home/ubuntu/.venv/bin/python3 /home/ubuntu/apps/election-app/stats/3-calc-new.py
Wrote 15 rows with new columns to /home/ubuntu/apps/election-app/win_prob/H/NY/21/_work/2024_county_results_with_calcs_new.csv

$ /home/ubuntu/.venv/bin/python3 /home/ubuntu/apps/election-app/stats/4-stats.py
Reading 2024_county_results_with_calcs_new.csv...
Aggregating statewide totals...
Calculating percentages and margins...
Writing to output_statewide_stats.csv...
Done!
[2026-01-23 18:53:32] INFO: [PIPELINE] ENTER win-prob generation | states=['NY'] ts_list=['2024-11-05T15-30-22']

============================================================================
[01/1] STATE = NY
============================================================================

$ /home/ubuntu/.venv/bin/python3 /home/ubuntu/apps/election-app/stats/5-snapshots.py --state NY --input /home/ubuntu/apps/election-app/win_prob/H/NY/21/_work/output_statewide_stats.csv --output /home/ubuntu/apps/election-app/win_prob/H/NY/21/snapshots_NY.csv --start 2024-11-05T15-30-22 --end 2024-11-05T15-30-22 --use-window 1 --interval 30
Mode: windowed-one-state
Rows written: 15
Distinct states in output: NY
Rows per normalized timestamp (empty = unparseable):
  2024-11-05T15-30-22: 15
Wrote /home/ubuntu/apps/election-app/win_prob/H/NY/21/snapshots_NY.csv

$ /home/ubuntu/.venv/bin/python3 /home/ubuntu/apps/election-app/stats/6-pval.py /home/ubuntu/apps/election-app/win_prob/H/NY/21/snapshots_NY.csv -t /home/ubuntu/apps/election-app/stats/parameters.csv -o /home/ubuntu/apps/election-app/win_prob/H/NY/21/data_output_NY.csv -c 50
Done. Wrote: /home/ubuntu/apps/election-app/win_prob/H/NY/21/data_output_NY.csv
Total rows: 15 (chunked, resumable).
Computed columns for PVALS = [0.01, 0.1, 1, 2, 3, 5, 10, 15, 20, 25, 30, 35, 40, 45, 50, 55, 60, 65, 70, 75, 80, 85, 90, 95, 97, 98, 99, 99.9, 99.99]
Per p (leader): shift_{p}, margin_new_{p}, harris_percent_new_{p}, trump_percent_new_{p}, total_snapshot_{p}, total_expected_{p}, harris_votes_new_{p}, trump_votes_new_{p}
Per p (trailing): shift_trailing_{p}, margin_new_{p}_trailing, harris_percent_new_{p}_trailing, trump_percent_new_{p}_trailing, total_snapshot_{p}_trailing, total_expected_{p}_trailing, harris_votes_new_{p}_trailing, trump_votes_new_{p}_trailing
Checkpoint saved at: /home/ubuntu/apps/election-app/win_prob/H/NY/21/data_output_NY.csv.checkpoint.json

$ /home/ubuntu/.venv/bin/python3 /home/ubuntu/apps/election-app/stats/7-margin-new.py
Wrote data_output_with_margins_old.csv

$ /home/ubuntu/.venv/bin/python3 /home/ubuntu/apps/election-app/stats/7-eevp-statewide.py
Wrote data_output_with_margins.csv (copied from data_output_with_margins_old.csv)

$ /home/ubuntu/.venv/bin/python3 /home/ubuntu/apps/election-app/stats/7.py --input /home/ubuntu/apps/election-app/win_prob/H/NY/21/data_output_NY_with_margins_statewide_eevp.csv --output /home/ubuntu/apps/election-app/win_prob/H/NY/21/statewide_margin_pct_vs_percent_NY_2026.png --state NY --start 2024-11-05T15-30-22 --end 2024-11-05T15-30-22 --stats /home/ubuntu/apps/election-app/win_prob/H/NY/21/stats.csv --stats2 /home/ubuntu/apps/election-app/win_prob/H/NY/21/stats2.csv --interval 30 --year 2026 --jsonl /home/ubuntu/apps/election-app/win_prob/H/NY/21/plotdata_NY_2026_2026-01-23T18-53-21.jsonl
[warn] stats/stats2 FIPS mismatch for state=NY; will apply penalty_pts=100 only if %nodata>0
[info] evaluating 1 timestamps from 2024-11-05T15-30-22 to 2024-11-05T15-30-22 every 30 minutes
[saved] probs_timeseries_NY.csv  (1 points)
[saved] /home/ubuntu/apps/election-app/win_prob/H/NY/21/plotdata_NY_2026_2026-01-23T18-53-21.jsonl  (4 points)
[saved] /home/ubuntu/apps/election-app/win_prob/H/NY/21/statewide_margin_pct_vs_percent_NY_2026_box.json
[saved] /home/ubuntu/apps/election-app/win_prob/H/NY/21/statewide_margin_pct_vs_percent_NY_2026_box.png
[saved] /home/ubuntu/apps/election-app/win_prob/H/NY/21/statewide_margin_pct_vs_percent_NY_2026.png

All 50 states complete. See: /home/ubuntu/apps/election-app/win_prob/H/NY/21

$ /home/ubuntu/.venv/bin/python3 /home/ubuntu/apps/election-app/stats/8.py --root /home/ubuntu/apps/election-app/win_prob/H/NY/21/_work --outdir /home/ubuntu/apps/election-app/win_prob/H/NY/21
[info] root  = /home/ubuntu/apps/election-app/win_prob/H/NY/21/_work
[info] outdir= /home/ubuntu/apps/election-app/win_prob/H/NY/21
[deleted] /home/ubuntu/apps/election-app/win_prob/H/NY/21/_work/stats_with_statewide.csv
[deleted] /home/ubuntu/apps/election-app/win_prob/H/NY/21/_work/stats2_final_headers.csv
[deleted] /home/ubuntu/apps/election-app/win_prob/H/NY/21/_work/2024_county_results_with_final-old.csv
[deleted] /home/ubuntu/apps/election-app/win_prob/H/NY/21/_work/2024_county_results_with_final.csv
[deleted] /home/ubuntu/apps/election-app/win_prob/H/NY/21/_work/2024_county_results_with_final_1.csv
[deleted] /home/ubuntu/apps/election-app/win_prob/H/NY/21/_work/2024_county_results_with_calcs-old.csv
[deleted] /home/ubuntu/apps/election-app/win_prob/H/NY/21/_work/2024_county_results_with_calcs_new.csv
[deleted] /home/ubuntu/apps/election-app/win_prob/H/NY/21/_work/output_statewide_stats.csv
[skip]    /home/ubuntu/apps/election-app/win_prob/H/NY/21/_work/probs_timeseries_PA.csv
[deleted] /home/ubuntu/apps/election-app/win_prob/H/NY/21/_work/2024_county_results_with_calcs.csv
[skip]    /home/ubuntu/apps/election-app/win_prob/H/NY/21/data_output.csv
[skip]    /home/ubuntu/apps/election-app/win_prob/H/NY/21/data_output_with_margins_old.csv
[skip]    /home/ubuntu/apps/election-app/win_prob/H/NY/21/data_output_with_margins.csv
[skip]    /home/ubuntu/apps/election-app/win_prob/H/NY/21/data_output_with_margins-statewide.csv
[deleted] /home/ubuntu/apps/election-app/win_prob/H/NY/21/snapshots_NY.csv
[deleted] /home/ubuntu/apps/election-app/win_prob/H/NY/21/data_output_NY_with_margins.csv
[deleted] /home/ubuntu/apps/election-app/win_prob/H/NY/21/data_output_NY_with_margins_statewide_eevp.csv
[deleted] /home/ubuntu/apps/election-app/win_prob/H/NY/21/data_output_NY.csv
[deleted] /home/ubuntu/apps/election-app/win_prob/H/NY/21/data_output_NY.csv.checkpoint.json
[deleted] /home/ubuntu/apps/election-app/win_prob/H/NY/21/stats.csv
[deleted] /home/ubuntu/apps/election-app/win_prob/H/NY/21/stats2.csv
[done] removed 16 file(s)
[2026-01-23 18:57:11] INFO: [PIPELINE] args: office=H state=NY district=21
[2026-01-23 18:57:11] INFO: [PIPELINE] WINPROB_DIR resolved to: /home/ubuntu/apps/election-app/win_prob/H/NY/21
[2026-01-23 18:57:11] INFO: [PIPELINE] OUTDIR set to: /home/ubuntu/apps/election-app/win_prob/H/NY/21

$ /home/ubuntu/.venv/bin/python3 /home/ubuntu/apps/election-app/stats/1-statewide.py --input /home/ubuntu/apps/election-app/win_prob/H/NY/21/stats.csv --output /home/ubuntu/apps/election-app/win_prob/H/NY/21/_work/stats_with_statewide.csv
Wrote /home/ubuntu/apps/election-app/win_prob/H/NY/21/_work/stats_with_statewide.csv (rows=15)

$ /home/ubuntu/.venv/bin/python3 /home/ubuntu/apps/election-app/stats/1-stats-2.py --input /home/ubuntu/apps/election-app/win_prob/H/NY/21/stats2.csv --output /home/ubuntu/apps/election-app/win_prob/H/NY/21/_work/stats2_final_headers.csv
Wrote /home/ubuntu/apps/election-app/win_prob/H/NY/21/_work/stats2_final_headers.csv (rows=15)

$ /home/ubuntu/.venv/bin/python3 /home/ubuntu/apps/election-app/stats/1-append-new.py
[warn] stats/stats2 row+fips mismatch detected; will fill missing final_* with 10
Wrote 2024_county_results_with_final-old.csv (rows=15, missing_final_matches=2)

$ /home/ubuntu/.venv/bin/python3 /home/ubuntu/apps/election-app/stats/1-change_header.py
Wrote: 2024_county_results_with_final.csv

$ /home/ubuntu/.venv/bin/python3 /home/ubuntu/apps/election-app/stats/1-cut-zero-fips.py
Wrote: 2024_county_results_with_final_1.csv
Rows before: 15
Rows after:  15
Dropped (fips == 0): 0

$ /home/ubuntu/.venv/bin/python3 /home/ubuntu/apps/election-app/stats/2-calc.py
Wrote 15 rows with calculations to /home/ubuntu/apps/election-app/win_prob/H/NY/21/_work/2024_county_results_with_calcs-old.csv

$ /home/ubuntu/.venv/bin/python3 /home/ubuntu/apps/election-app/stats/2-eevp.py
Wrote (no-op copy): 2024_county_results_with_calcs.csv
Columns:
 - timestamp
 - state
 - county
 - fips
 - trump_votes
 - harris_votes
 - other_votes
 - eevp
 - state_eevp
 - harris_votes_statewide
 - trump_votes_statewide
 - other_votes_statewide
 - final_state
 - final_county
 - final_fips
 - final_trump_votes
 - final_harris_votes
 - final_other_votes
 - harris_percent_snapshot
 - trump_percent_snapshot
 - margin_snapshot
 - harris_percent_final
 - trump_percent_final
 - margin_final
 - margin_difference
 - margin_difference_abs

$ /home/ubuntu/.venv/bin/python3 /home/ubuntu/apps/election-app/stats/3-calc-new.py
Wrote 15 rows with new columns to /home/ubuntu/apps/election-app/win_prob/H/NY/21/_work/2024_county_results_with_calcs_new.csv

$ /home/ubuntu/.venv/bin/python3 /home/ubuntu/apps/election-app/stats/4-stats.py
Reading 2024_county_results_with_calcs_new.csv...
Aggregating statewide totals...
Calculating percentages and margins...
Writing to output_statewide_stats.csv...
Done!
[2026-01-23 18:57:20] INFO: [PIPELINE] ENTER win-prob generation | states=['NY'] ts_list=['2024-11-05T15-30-22']

============================================================================
[01/1] STATE = NY
============================================================================

$ /home/ubuntu/.venv/bin/python3 /home/ubuntu/apps/election-app/stats/5-snapshots.py --state NY --input /home/ubuntu/apps/election-app/win_prob/H/NY/21/_work/output_statewide_stats.csv --output /home/ubuntu/apps/election-app/win_prob/H/NY/21/snapshots_NY.csv --start 2024-11-05T15-30-22 --end 2024-11-05T15-30-22 --use-window 1 --interval 30
Mode: windowed-one-state
Rows written: 15
Distinct states in output: NY
Rows per normalized timestamp (empty = unparseable):
  2024-11-05T15-30-22: 15
Wrote /home/ubuntu/apps/election-app/win_prob/H/NY/21/snapshots_NY.csv

$ /home/ubuntu/.venv/bin/python3 /home/ubuntu/apps/election-app/stats/6-pval.py /home/ubuntu/apps/election-app/win_prob/H/NY/21/snapshots_NY.csv -t /home/ubuntu/apps/election-app/stats/parameters.csv -o /home/ubuntu/apps/election-app/win_prob/H/NY/21/data_output_NY.csv -c 50
Done. Wrote: /home/ubuntu/apps/election-app/win_prob/H/NY/21/data_output_NY.csv
Total rows: 15 (chunked, resumable).
Computed columns for PVALS = [0.01, 0.1, 1, 2, 3, 5, 10, 15, 20, 25, 30, 35, 40, 45, 50, 55, 60, 65, 70, 75, 80, 85, 90, 95, 97, 98, 99, 99.9, 99.99]
Per p (leader): shift_{p}, margin_new_{p}, harris_percent_new_{p}, trump_percent_new_{p}, total_snapshot_{p}, total_expected_{p}, harris_votes_new_{p}, trump_votes_new_{p}
Per p (trailing): shift_trailing_{p}, margin_new_{p}_trailing, harris_percent_new_{p}_trailing, trump_percent_new_{p}_trailing, total_snapshot_{p}_trailing, total_expected_{p}_trailing, harris_votes_new_{p}_trailing, trump_votes_new_{p}_trailing
Checkpoint saved at: /home/ubuntu/apps/election-app/win_prob/H/NY/21/data_output_NY.csv.checkpoint.json

$ /home/ubuntu/.venv/bin/python3 /home/ubuntu/apps/election-app/stats/7-margin-new.py
Wrote data_output_with_margins_old.csv

$ /home/ubuntu/.venv/bin/python3 /home/ubuntu/apps/election-app/stats/7-eevp-statewide.py
Wrote data_output_with_margins.csv (copied from data_output_with_margins_old.csv)

$ /home/ubuntu/.venv/bin/python3 /home/ubuntu/apps/election-app/stats/7.py --input /home/ubuntu/apps/election-app/win_prob/H/NY/21/data_output_NY_with_margins_statewide_eevp.csv --output /home/ubuntu/apps/election-app/win_prob/H/NY/21/statewide_margin_pct_vs_percent_NY_2026.png --state NY --start 2024-11-05T15-30-22 --end 2024-11-05T15-30-22 --stats /home/ubuntu/apps/election-app/win_prob/H/NY/21/stats.csv --stats2 /home/ubuntu/apps/election-app/win_prob/H/NY/21/stats2.csv --interval 30 --year 2026 --jsonl /home/ubuntu/apps/election-app/win_prob/H/NY/21/plotdata_NY_2026_2026-01-23T18-57-11.jsonl
[warn] stats/stats2 FIPS mismatch for state=NY; will apply penalty_pts=100 only if %nodata>0
[info] evaluating 1 timestamps from 2024-11-05T15-30-22 to 2024-11-05T15-30-22 every 30 minutes
[saved] probs_timeseries_NY.csv  (1 points)
[saved] /home/ubuntu/apps/election-app/win_prob/H/NY/21/plotdata_NY_2026_2026-01-23T18-57-11.jsonl  (4 points)
[saved] /home/ubuntu/apps/election-app/win_prob/H/NY/21/statewide_margin_pct_vs_percent_NY_2026_box.json
[saved] /home/ubuntu/apps/election-app/win_prob/H/NY/21/statewide_margin_pct_vs_percent_NY_2026_box.png
[saved] /home/ubuntu/apps/election-app/win_prob/H/NY/21/statewide_margin_pct_vs_percent_NY_2026.png

All 50 states complete. See: /home/ubuntu/apps/election-app/win_prob/H/NY/21

$ /home/ubuntu/.venv/bin/python3 /home/ubuntu/apps/election-app/stats/8.py --root /home/ubuntu/apps/election-app/win_prob/H/NY/21/_work --outdir /home/ubuntu/apps/election-app/win_prob/H/NY/21
[info] root  = /home/ubuntu/apps/election-app/win_prob/H/NY/21/_work
[info] outdir= /home/ubuntu/apps/election-app/win_prob/H/NY/21
[deleted] /home/ubuntu/apps/election-app/win_prob/H/NY/21/_work/stats_with_statewide.csv
[deleted] /home/ubuntu/apps/election-app/win_prob/H/NY/21/_work/stats2_final_headers.csv
[deleted] /home/ubuntu/apps/election-app/win_prob/H/NY/21/_work/2024_county_results_with_final-old.csv
[deleted] /home/ubuntu/apps/election-app/win_prob/H/NY/21/_work/2024_county_results_with_final.csv
[deleted] /home/ubuntu/apps/election-app/win_prob/H/NY/21/_work/2024_county_results_with_final_1.csv
[deleted] /home/ubuntu/apps/election-app/win_prob/H/NY/21/_work/2024_county_results_with_calcs-old.csv
[deleted] /home/ubuntu/apps/election-app/win_prob/H/NY/21/_work/2024_county_results_with_calcs_new.csv
[deleted] /home/ubuntu/apps/election-app/win_prob/H/NY/21/_work/output_statewide_stats.csv
[skip]    /home/ubuntu/apps/election-app/win_prob/H/NY/21/_work/probs_timeseries_PA.csv
[deleted] /home/ubuntu/apps/election-app/win_prob/H/NY/21/_work/2024_county_results_with_calcs.csv
[skip]    /home/ubuntu/apps/election-app/win_prob/H/NY/21/data_output.csv
[skip]    /home/ubuntu/apps/election-app/win_prob/H/NY/21/data_output_with_margins_old.csv
[skip]    /home/ubuntu/apps/election-app/win_prob/H/NY/21/data_output_with_margins.csv
[skip]    /home/ubuntu/apps/election-app/win_prob/H/NY/21/data_output_with_margins-statewide.csv
[deleted] /home/ubuntu/apps/election-app/win_prob/H/NY/21/snapshots_NY.csv
[deleted] /home/ubuntu/apps/election-app/win_prob/H/NY/21/data_output_NY_with_margins.csv
[deleted] /home/ubuntu/apps/election-app/win_prob/H/NY/21/data_output_NY_with_margins_statewide_eevp.csv
[deleted] /home/ubuntu/apps/election-app/win_prob/H/NY/21/data_output_NY.csv
[deleted] /home/ubuntu/apps/election-app/win_prob/H/NY/21/data_output_NY.csv.checkpoint.json
[deleted] /home/ubuntu/apps/election-app/win_prob/H/NY/21/stats.csv
[deleted] /home/ubuntu/apps/election-app/win_prob/H/NY/21/stats2.csv
[done] removed 16 file(s)
[2026-01-23 19:05:50] INFO: [PIPELINE] args: office=H state=NY district=21
[2026-01-23 19:05:50] INFO: [PIPELINE] WINPROB_DIR resolved to: /home/ubuntu/apps/election-app/win_prob/H/NY/21
[2026-01-23 19:05:50] INFO: [PIPELINE] OUTDIR set to: /home/ubuntu/apps/election-app/win_prob/H/NY/21

$ /home/ubuntu/.venv/bin/python3 /home/ubuntu/apps/election-app/stats/1-statewide.py --input /home/ubuntu/apps/election-app/win_prob/H/NY/21/stats.csv --output /home/ubuntu/apps/election-app/win_prob/H/NY/21/_work/stats_with_statewide.csv
Wrote /home/ubuntu/apps/election-app/win_prob/H/NY/21/_work/stats_with_statewide.csv (rows=15)

$ /home/ubuntu/.venv/bin/python3 /home/ubuntu/apps/election-app/stats/1-stats-2.py --input /home/ubuntu/apps/election-app/win_prob/H/NY/21/stats2.csv --output /home/ubuntu/apps/election-app/win_prob/H/NY/21/_work/stats2_final_headers.csv
Wrote /home/ubuntu/apps/election-app/win_prob/H/NY/21/_work/stats2_final_headers.csv (rows=15)

$ /home/ubuntu/.venv/bin/python3 /home/ubuntu/apps/election-app/stats/1-append-new.py
[warn] stats/stats2 row+fips mismatch detected; will fill missing final_* with 10
Wrote 2024_county_results_with_final-old.csv (rows=15, missing_final_matches=2)

$ /home/ubuntu/.venv/bin/python3 /home/ubuntu/apps/election-app/stats/1-change_header.py
Wrote: 2024_county_results_with_final.csv

$ /home/ubuntu/.venv/bin/python3 /home/ubuntu/apps/election-app/stats/1-cut-zero-fips.py
Wrote: 2024_county_results_with_final_1.csv
Rows before: 15
Rows after:  15
Dropped (fips == 0): 0

$ /home/ubuntu/.venv/bin/python3 /home/ubuntu/apps/election-app/stats/2-calc.py
Wrote 15 rows with calculations to /home/ubuntu/apps/election-app/win_prob/H/NY/21/_work/2024_county_results_with_calcs-old.csv

$ /home/ubuntu/.venv/bin/python3 /home/ubuntu/apps/election-app/stats/2-eevp.py
Wrote (no-op copy): 2024_county_results_with_calcs.csv
Columns:
 - timestamp
 - state
 - county
 - fips
 - trump_votes
 - harris_votes
 - other_votes
 - eevp
 - state_eevp
 - harris_votes_statewide
 - trump_votes_statewide
 - other_votes_statewide
 - final_state
 - final_county
 - final_fips
 - final_trump_votes
 - final_harris_votes
 - final_other_votes
 - harris_percent_snapshot
 - trump_percent_snapshot
 - margin_snapshot
 - harris_percent_final
 - trump_percent_final
 - margin_final
 - margin_difference
 - margin_difference_abs

$ /home/ubuntu/.venv/bin/python3 /home/ubuntu/apps/election-app/stats/3-calc-new.py
Wrote 15 rows with new columns to /home/ubuntu/apps/election-app/win_prob/H/NY/21/_work/2024_county_results_with_calcs_new.csv

$ /home/ubuntu/.venv/bin/python3 /home/ubuntu/apps/election-app/stats/4-stats.py
Reading 2024_county_results_with_calcs_new.csv...
Aggregating statewide totals...
Calculating percentages and margins...
Writing to output_statewide_stats.csv...
Done!
[2026-01-23 19:05:59] INFO: [PIPELINE] ENTER win-prob generation | states=['NY'] ts_list=['2024-11-05T15-30-22']

============================================================================
[01/1] STATE = NY
============================================================================

$ /home/ubuntu/.venv/bin/python3 /home/ubuntu/apps/election-app/stats/5-snapshots.py --state NY --input /home/ubuntu/apps/election-app/win_prob/H/NY/21/_work/output_statewide_stats.csv --output /home/ubuntu/apps/election-app/win_prob/H/NY/21/snapshots_NY.csv --start 2024-11-05T15-30-22 --end 2024-11-05T15-30-22 --use-window 1 --interval 30
Mode: windowed-one-state
Rows written: 15
Distinct states in output: NY
Rows per normalized timestamp (empty = unparseable):
  2024-11-05T15-30-22: 15
Wrote /home/ubuntu/apps/election-app/win_prob/H/NY/21/snapshots_NY.csv

$ /home/ubuntu/.venv/bin/python3 /home/ubuntu/apps/election-app/stats/6-pval.py /home/ubuntu/apps/election-app/win_prob/H/NY/21/snapshots_NY.csv -t /home/ubuntu/apps/election-app/stats/parameters.csv -o /home/ubuntu/apps/election-app/win_prob/H/NY/21/data_output_NY.csv -c 50
Done. Wrote: /home/ubuntu/apps/election-app/win_prob/H/NY/21/data_output_NY.csv
Total rows: 15 (chunked, resumable).
Computed columns for PVALS = [0.01, 0.1, 1, 2, 3, 5, 10, 15, 20, 25, 30, 35, 40, 45, 50, 55, 60, 65, 70, 75, 80, 85, 90, 95, 97, 98, 99, 99.9, 99.99]
Per p (leader): shift_{p}, margin_new_{p}, harris_percent_new_{p}, trump_percent_new_{p}, total_snapshot_{p}, total_expected_{p}, harris_votes_new_{p}, trump_votes_new_{p}
Per p (trailing): shift_trailing_{p}, margin_new_{p}_trailing, harris_percent_new_{p}_trailing, trump_percent_new_{p}_trailing, total_snapshot_{p}_trailing, total_expected_{p}_trailing, harris_votes_new_{p}_trailing, trump_votes_new_{p}_trailing
Checkpoint saved at: /home/ubuntu/apps/election-app/win_prob/H/NY/21/data_output_NY.csv.checkpoint.json

$ /home/ubuntu/.venv/bin/python3 /home/ubuntu/apps/election-app/stats/7-margin-new.py
Wrote data_output_with_margins_old.csv

$ /home/ubuntu/.venv/bin/python3 /home/ubuntu/apps/election-app/stats/7-eevp-statewide.py
Wrote data_output_with_margins.csv (copied from data_output_with_margins_old.csv)

$ /home/ubuntu/.venv/bin/python3 /home/ubuntu/apps/election-app/stats/7.py --input /home/ubuntu/apps/election-app/win_prob/H/NY/21/data_output_NY_with_margins_statewide_eevp.csv --output /home/ubuntu/apps/election-app/win_prob/H/NY/21/statewide_margin_pct_vs_percent_NY_2026.png --state NY --start 2024-11-05T15-30-22 --end 2024-11-05T15-30-22 --stats /home/ubuntu/apps/election-app/win_prob/H/NY/21/stats.csv --stats2 /home/ubuntu/apps/election-app/win_prob/H/NY/21/stats2.csv --interval 30 --year 2026 --jsonl /home/ubuntu/apps/election-app/win_prob/H/NY/21/plotdata_NY_2026_2026-01-23T19-05-50.jsonl
[warn] stats/stats2 FIPS mismatch for state=NY; will apply penalty_pts=100 only if %nodata>0
[info] evaluating 1 timestamps from 2024-11-05T15-30-22 to 2024-11-05T15-30-22 every 30 minutes
[saved] probs_timeseries_NY.csv  (1 points)
[saved] /home/ubuntu/apps/election-app/win_prob/H/NY/21/plotdata_NY_2026_2026-01-23T19-05-50.jsonl  (4 points)
[saved] /home/ubuntu/apps/election-app/win_prob/H/NY/21/statewide_margin_pct_vs_percent_NY_2026_box.json
[saved] /home/ubuntu/apps/election-app/win_prob/H/NY/21/statewide_margin_pct_vs_percent_NY_2026_box.png
[saved] /home/ubuntu/apps/election-app/win_prob/H/NY/21/statewide_margin_pct_vs_percent_NY_2026.png

All 50 states complete. See: /home/ubuntu/apps/election-app/win_prob/H/NY/21

$ /home/ubuntu/.venv/bin/python3 /home/ubuntu/apps/election-app/stats/8.py --root /home/ubuntu/apps/election-app/win_prob/H/NY/21/_work --outdir /home/ubuntu/apps/election-app/win_prob/H/NY/21
[info] root  = /home/ubuntu/apps/election-app/win_prob/H/NY/21/_work
[info] outdir= /home/ubuntu/apps/election-app/win_prob/H/NY/21
[deleted] /home/ubuntu/apps/election-app/win_prob/H/NY/21/_work/stats_with_statewide.csv
[deleted] /home/ubuntu/apps/election-app/win_prob/H/NY/21/_work/stats2_final_headers.csv
[deleted] /home/ubuntu/apps/election-app/win_prob/H/NY/21/_work/2024_county_results_with_final-old.csv
[deleted] /home/ubuntu/apps/election-app/win_prob/H/NY/21/_work/2024_county_results_with_final.csv
[deleted] /home/ubuntu/apps/election-app/win_prob/H/NY/21/_work/2024_county_results_with_final_1.csv
[deleted] /home/ubuntu/apps/election-app/win_prob/H/NY/21/_work/2024_county_results_with_calcs-old.csv
[deleted] /home/ubuntu/apps/election-app/win_prob/H/NY/21/_work/2024_county_results_with_calcs_new.csv
[deleted] /home/ubuntu/apps/election-app/win_prob/H/NY/21/_work/output_statewide_stats.csv
[skip]    /home/ubuntu/apps/election-app/win_prob/H/NY/21/_work/probs_timeseries_PA.csv
[deleted] /home/ubuntu/apps/election-app/win_prob/H/NY/21/_work/2024_county_results_with_calcs.csv
[skip]    /home/ubuntu/apps/election-app/win_prob/H/NY/21/data_output.csv
[skip]    /home/ubuntu/apps/election-app/win_prob/H/NY/21/data_output_with_margins_old.csv
[skip]    /home/ubuntu/apps/election-app/win_prob/H/NY/21/data_output_with_margins.csv
[skip]    /home/ubuntu/apps/election-app/win_prob/H/NY/21/data_output_with_margins-statewide.csv
[deleted] /home/ubuntu/apps/election-app/win_prob/H/NY/21/snapshots_NY.csv
[deleted] /home/ubuntu/apps/election-app/win_prob/H/NY/21/data_output_NY_with_margins.csv
[deleted] /home/ubuntu/apps/election-app/win_prob/H/NY/21/data_output_NY_with_margins_statewide_eevp.csv
[deleted] /home/ubuntu/apps/election-app/win_prob/H/NY/21/data_output_NY.csv
[deleted] /home/ubuntu/apps/election-app/win_prob/H/NY/21/data_output_NY.csv.checkpoint.json
[deleted] /home/ubuntu/apps/election-app/win_prob/H/NY/21/stats.csv
[deleted] /home/ubuntu/apps/election-app/win_prob/H/NY/21/stats2.csv
[done] removed 16 file(s)
[2026-01-23 19:14:09] INFO: [PIPELINE] args: office=H state=NY district=21
[2026-01-23 19:14:09] INFO: [PIPELINE] WINPROB_DIR resolved to: /home/ubuntu/apps/election-app/win_prob/H/NY/21
[2026-01-23 19:14:09] INFO: [PIPELINE] OUTDIR set to: /home/ubuntu/apps/election-app/win_prob/H/NY/21

$ /home/ubuntu/.venv/bin/python3 /home/ubuntu/apps/election-app/stats/1-statewide.py --input /home/ubuntu/apps/election-app/win_prob/H/NY/21/stats.csv --output /home/ubuntu/apps/election-app/win_prob/H/NY/21/_work/stats_with_statewide.csv
Wrote /home/ubuntu/apps/election-app/win_prob/H/NY/21/_work/stats_with_statewide.csv (rows=15)

$ /home/ubuntu/.venv/bin/python3 /home/ubuntu/apps/election-app/stats/1-stats-2.py --input /home/ubuntu/apps/election-app/win_prob/H/NY/21/stats2.csv --output /home/ubuntu/apps/election-app/win_prob/H/NY/21/_work/stats2_final_headers.csv
Wrote /home/ubuntu/apps/election-app/win_prob/H/NY/21/_work/stats2_final_headers.csv (rows=15)

$ /home/ubuntu/.venv/bin/python3 /home/ubuntu/apps/election-app/stats/1-append-new.py
[warn] stats/stats2 row+fips mismatch detected; will fill missing final_* with 10
Wrote 2024_county_results_with_final-old.csv (rows=15, missing_final_matches=2)

$ /home/ubuntu/.venv/bin/python3 /home/ubuntu/apps/election-app/stats/1-change_header.py
Wrote: 2024_county_results_with_final.csv

$ /home/ubuntu/.venv/bin/python3 /home/ubuntu/apps/election-app/stats/1-cut-zero-fips.py
Wrote: 2024_county_results_with_final_1.csv
Rows before: 15
Rows after:  15
Dropped (fips == 0): 0

$ /home/ubuntu/.venv/bin/python3 /home/ubuntu/apps/election-app/stats/2-calc.py
Wrote 15 rows with calculations to /home/ubuntu/apps/election-app/win_prob/H/NY/21/_work/2024_county_results_with_calcs-old.csv

$ /home/ubuntu/.venv/bin/python3 /home/ubuntu/apps/election-app/stats/2-eevp.py
Wrote (no-op copy): 2024_county_results_with_calcs.csv
Columns:
 - timestamp
 - state
 - county
 - fips
 - trump_votes
 - harris_votes
 - other_votes
 - eevp
 - state_eevp
 - harris_votes_statewide
 - trump_votes_statewide
 - other_votes_statewide
 - final_state
 - final_county
 - final_fips
 - final_trump_votes
 - final_harris_votes
 - final_other_votes
 - harris_percent_snapshot
 - trump_percent_snapshot
 - margin_snapshot
 - harris_percent_final
 - trump_percent_final
 - margin_final
 - margin_difference
 - margin_difference_abs

$ /home/ubuntu/.venv/bin/python3 /home/ubuntu/apps/election-app/stats/3-calc-new.py
Wrote 15 rows with new columns to /home/ubuntu/apps/election-app/win_prob/H/NY/21/_work/2024_county_results_with_calcs_new.csv

$ /home/ubuntu/.venv/bin/python3 /home/ubuntu/apps/election-app/stats/4-stats.py
Reading 2024_county_results_with_calcs_new.csv...
Aggregating statewide totals...
Calculating percentages and margins...
Writing to output_statewide_stats.csv...
Done!
[2026-01-23 19:14:18] INFO: [PIPELINE] ENTER win-prob generation | states=['NY'] ts_list=['2024-11-05T15-30-22']

============================================================================
[01/1] STATE = NY
============================================================================

$ /home/ubuntu/.venv/bin/python3 /home/ubuntu/apps/election-app/stats/5-snapshots.py --state NY --input /home/ubuntu/apps/election-app/win_prob/H/NY/21/_work/output_statewide_stats.csv --output /home/ubuntu/apps/election-app/win_prob/H/NY/21/snapshots_NY.csv --start 2024-11-05T15-30-22 --end 2024-11-05T15-30-22 --use-window 1 --interval 30
Mode: windowed-one-state
Rows written: 15
Distinct states in output: NY
Rows per normalized timestamp (empty = unparseable):
  2024-11-05T15-30-22: 15
Wrote /home/ubuntu/apps/election-app/win_prob/H/NY/21/snapshots_NY.csv

$ /home/ubuntu/.venv/bin/python3 /home/ubuntu/apps/election-app/stats/6-pval.py /home/ubuntu/apps/election-app/win_prob/H/NY/21/snapshots_NY.csv -t /home/ubuntu/apps/election-app/stats/parameters.csv -o /home/ubuntu/apps/election-app/win_prob/H/NY/21/data_output_NY.csv -c 50
Done. Wrote: /home/ubuntu/apps/election-app/win_prob/H/NY/21/data_output_NY.csv
Total rows: 15 (chunked, resumable).
Computed columns for PVALS = [0.01, 0.1, 1, 2, 3, 5, 10, 15, 20, 25, 30, 35, 40, 45, 50, 55, 60, 65, 70, 75, 80, 85, 90, 95, 97, 98, 99, 99.9, 99.99]
Per p (leader): shift_{p}, margin_new_{p}, harris_percent_new_{p}, trump_percent_new_{p}, total_snapshot_{p}, total_expected_{p}, harris_votes_new_{p}, trump_votes_new_{p}
Per p (trailing): shift_trailing_{p}, margin_new_{p}_trailing, harris_percent_new_{p}_trailing, trump_percent_new_{p}_trailing, total_snapshot_{p}_trailing, total_expected_{p}_trailing, harris_votes_new_{p}_trailing, trump_votes_new_{p}_trailing
Checkpoint saved at: /home/ubuntu/apps/election-app/win_prob/H/NY/21/data_output_NY.csv.checkpoint.json

$ /home/ubuntu/.venv/bin/python3 /home/ubuntu/apps/election-app/stats/7-margin-new.py
Wrote data_output_with_margins_old.csv

$ /home/ubuntu/.venv/bin/python3 /home/ubuntu/apps/election-app/stats/7-eevp-statewide.py
Wrote data_output_with_margins.csv (copied from data_output_with_margins_old.csv)

$ /home/ubuntu/.venv/bin/python3 /home/ubuntu/apps/election-app/stats/7.py --input /home/ubuntu/apps/election-app/win_prob/H/NY/21/data_output_NY_with_margins_statewide_eevp.csv --output /home/ubuntu/apps/election-app/win_prob/H/NY/21/statewide_margin_pct_vs_percent_NY_2026.png --state NY --start 2024-11-05T15-30-22 --end 2024-11-05T15-30-22 --stats /home/ubuntu/apps/election-app/win_prob/H/NY/21/stats.csv --stats2 /home/ubuntu/apps/election-app/win_prob/H/NY/21/stats2.csv --interval 30 --year 2026 --jsonl /home/ubuntu/apps/election-app/win_prob/H/NY/21/plotdata_NY_2026_2026-01-23T19-14-09.jsonl
[warn] stats/stats2 FIPS mismatch for state=NY; will apply penalty_pts=100 only if %nodata>0
[info] evaluating 1 timestamps from 2024-11-05T15-30-22 to 2024-11-05T15-30-22 every 30 minutes
[saved] probs_timeseries_NY.csv  (1 points)
[saved] /home/ubuntu/apps/election-app/win_prob/H/NY/21/plotdata_NY_2026_2026-01-23T19-14-09.jsonl  (4 points)
[saved] /home/ubuntu/apps/election-app/win_prob/H/NY/21/statewide_margin_pct_vs_percent_NY_2026_box.json
[saved] /home/ubuntu/apps/election-app/win_prob/H/NY/21/statewide_margin_pct_vs_percent_NY_2026_box.png
[saved] /home/ubuntu/apps/election-app/win_prob/H/NY/21/statewide_margin_pct_vs_percent_NY_2026.png

All 50 states complete. See: /home/ubuntu/apps/election-app/win_prob/H/NY/21

$ /home/ubuntu/.venv/bin/python3 /home/ubuntu/apps/election-app/stats/8.py --root /home/ubuntu/apps/election-app/win_prob/H/NY/21/_work --outdir /home/ubuntu/apps/election-app/win_prob/H/NY/21
[info] root  = /home/ubuntu/apps/election-app/win_prob/H/NY/21/_work
[info] outdir= /home/ubuntu/apps/election-app/win_prob/H/NY/21
[deleted] /home/ubuntu/apps/election-app/win_prob/H/NY/21/_work/stats_with_statewide.csv
[deleted] /home/ubuntu/apps/election-app/win_prob/H/NY/21/_work/stats2_final_headers.csv
[deleted] /home/ubuntu/apps/election-app/win_prob/H/NY/21/_work/2024_county_results_with_final-old.csv
[deleted] /home/ubuntu/apps/election-app/win_prob/H/NY/21/_work/2024_county_results_with_final.csv
[deleted] /home/ubuntu/apps/election-app/win_prob/H/NY/21/_work/2024_county_results_with_final_1.csv
[deleted] /home/ubuntu/apps/election-app/win_prob/H/NY/21/_work/2024_county_results_with_calcs-old.csv
[deleted] /home/ubuntu/apps/election-app/win_prob/H/NY/21/_work/2024_county_results_with_calcs_new.csv
[deleted] /home/ubuntu/apps/election-app/win_prob/H/NY/21/_work/output_statewide_stats.csv
[skip]    /home/ubuntu/apps/election-app/win_prob/H/NY/21/_work/probs_timeseries_PA.csv
[deleted] /home/ubuntu/apps/election-app/win_prob/H/NY/21/_work/2024_county_results_with_calcs.csv
[skip]    /home/ubuntu/apps/election-app/win_prob/H/NY/21/data_output.csv
[skip]    /home/ubuntu/apps/election-app/win_prob/H/NY/21/data_output_with_margins_old.csv
[skip]    /home/ubuntu/apps/election-app/win_prob/H/NY/21/data_output_with_margins.csv
[skip]    /home/ubuntu/apps/election-app/win_prob/H/NY/21/data_output_with_margins-statewide.csv
[deleted] /home/ubuntu/apps/election-app/win_prob/H/NY/21/snapshots_NY.csv
[deleted] /home/ubuntu/apps/election-app/win_prob/H/NY/21/data_output_NY_with_margins.csv
[deleted] /home/ubuntu/apps/election-app/win_prob/H/NY/21/data_output_NY_with_margins_statewide_eevp.csv
[deleted] /home/ubuntu/apps/election-app/win_prob/H/NY/21/data_output_NY.csv
[deleted] /home/ubuntu/apps/election-app/win_prob/H/NY/21/data_output_NY.csv.checkpoint.json
[deleted] /home/ubuntu/apps/election-app/win_prob/H/NY/21/stats.csv
[deleted] /home/ubuntu/apps/election-app/win_prob/H/NY/21/stats2.csv
[done] removed 16 file(s)
[2026-01-25 16:47:48] INFO: [PIPELINE] args: office=H state=NY district=21
[2026-01-25 16:47:48] INFO: [PIPELINE] WINPROB_DIR resolved to: /home/ubuntu/apps/election-app/win_prob/H/NY/21
[2026-01-25 16:47:48] INFO: [PIPELINE] OUTDIR set to: /home/ubuntu/apps/election-app/win_prob/H/NY/21

$ /home/ubuntu/.venv/bin/python3 /home/ubuntu/apps/election-app/stats/1-statewide.py --input /home/ubuntu/apps/election-app/win_prob/H/NY/21/stats.csv --output /home/ubuntu/apps/election-app/win_prob/H/NY/21/_work/stats_with_statewide.csv
Wrote /home/ubuntu/apps/election-app/win_prob/H/NY/21/_work/stats_with_statewide.csv (rows=15)

$ /home/ubuntu/.venv/bin/python3 /home/ubuntu/apps/election-app/stats/1-stats-2.py --input /home/ubuntu/apps/election-app/win_prob/H/NY/21/stats2.csv --output /home/ubuntu/apps/election-app/win_prob/H/NY/21/_work/stats2_final_headers.csv
Wrote /home/ubuntu/apps/election-app/win_prob/H/NY/21/_work/stats2_final_headers.csv (rows=15)

$ /home/ubuntu/.venv/bin/python3 /home/ubuntu/apps/election-app/stats/1-append-new.py
[warn] stats/stats2 row+fips mismatch detected; will fill missing final_* with 10
Wrote 2024_county_results_with_final-old.csv (rows=15, missing_final_matches=2)

$ /home/ubuntu/.venv/bin/python3 /home/ubuntu/apps/election-app/stats/1-change_header.py
Wrote: 2024_county_results_with_final.csv

$ /home/ubuntu/.venv/bin/python3 /home/ubuntu/apps/election-app/stats/1-cut-zero-fips.py
Wrote: 2024_county_results_with_final_1.csv
Rows before: 15
Rows after:  15
Dropped (fips == 0): 0

$ /home/ubuntu/.venv/bin/python3 /home/ubuntu/apps/election-app/stats/2-calc.py
Wrote 15 rows with calculations to /home/ubuntu/apps/election-app/win_prob/H/NY/21/_work/2024_county_results_with_calcs-old.csv

$ /home/ubuntu/.venv/bin/python3 /home/ubuntu/apps/election-app/stats/2-eevp.py
Wrote (no-op copy): 2024_county_results_with_calcs.csv
Columns:
 - timestamp
 - state
 - county
 - fips
 - trump_votes
 - harris_votes
 - other_votes
 - eevp
 - state_eevp
 - harris_votes_statewide
 - trump_votes_statewide
 - other_votes_statewide
 - final_state
 - final_county
 - final_fips
 - final_trump_votes
 - final_harris_votes
 - final_other_votes
 - harris_percent_snapshot
 - trump_percent_snapshot
 - margin_snapshot
 - harris_percent_final
 - trump_percent_final
 - margin_final
 - margin_difference
 - margin_difference_abs

$ /home/ubuntu/.venv/bin/python3 /home/ubuntu/apps/election-app/stats/3-calc-new.py
Wrote 15 rows with new columns to /home/ubuntu/apps/election-app/win_prob/H/NY/21/_work/2024_county_results_with_calcs_new.csv

$ /home/ubuntu/.venv/bin/python3 /home/ubuntu/apps/election-app/stats/4-stats.py
Reading 2024_county_results_with_calcs_new.csv...
Aggregating statewide totals...
Calculating percentages and margins...
Writing to output_statewide_stats.csv...
Done!
[2026-01-25 16:47:59] INFO: [PIPELINE] ENTER win-prob generation | states=['NY'] ts_list=['2024-11-05T15-30-22']

============================================================================
[01/1] STATE = NY
============================================================================

$ /home/ubuntu/.venv/bin/python3 /home/ubuntu/apps/election-app/stats/5-snapshots.py --state NY --input /home/ubuntu/apps/election-app/win_prob/H/NY/21/_work/output_statewide_stats.csv --output /home/ubuntu/apps/election-app/win_prob/H/NY/21/snapshots_NY.csv --start 2024-11-05T15-30-22 --end 2024-11-05T15-30-22 --use-window 1 --interval 30
Mode: windowed-one-state
Rows written: 15
Distinct states in output: NY
Rows per normalized timestamp (empty = unparseable):
  2024-11-05T15-30-22: 15
Wrote /home/ubuntu/apps/election-app/win_prob/H/NY/21/snapshots_NY.csv

$ /home/ubuntu/.venv/bin/python3 /home/ubuntu/apps/election-app/stats/6-pval.py /home/ubuntu/apps/election-app/win_prob/H/NY/21/snapshots_NY.csv -t /home/ubuntu/apps/election-app/stats/parameters.csv -o /home/ubuntu/apps/election-app/win_prob/H/NY/21/data_output_NY.csv -c 50
Done. Wrote: /home/ubuntu/apps/election-app/win_prob/H/NY/21/data_output_NY.csv
Total rows: 15 (chunked, resumable).
Computed columns for PVALS = [0.01, 0.1, 1, 2, 3, 5, 10, 15, 20, 25, 30, 35, 40, 45, 50, 55, 60, 65, 70, 75, 80, 85, 90, 95, 97, 98, 99, 99.9, 99.99]
Per p (leader): shift_{p}, margin_new_{p}, harris_percent_new_{p}, trump_percent_new_{p}, total_snapshot_{p}, total_expected_{p}, harris_votes_new_{p}, trump_votes_new_{p}
Per p (trailing): shift_trailing_{p}, margin_new_{p}_trailing, harris_percent_new_{p}_trailing, trump_percent_new_{p}_trailing, total_snapshot_{p}_trailing, total_expected_{p}_trailing, harris_votes_new_{p}_trailing, trump_votes_new_{p}_trailing
Checkpoint saved at: /home/ubuntu/apps/election-app/win_prob/H/NY/21/data_output_NY.csv.checkpoint.json

$ /home/ubuntu/.venv/bin/python3 /home/ubuntu/apps/election-app/stats/7-margin-new.py
Wrote data_output_with_margins_old.csv

$ /home/ubuntu/.venv/bin/python3 /home/ubuntu/apps/election-app/stats/7-eevp-statewide.py
Wrote data_output_with_margins.csv (copied from data_output_with_margins_old.csv)

$ /home/ubuntu/.venv/bin/python3 /home/ubuntu/apps/election-app/stats/7.py --input /home/ubuntu/apps/election-app/win_prob/H/NY/21/data_output_NY_with_margins_statewide_eevp.csv --output /home/ubuntu/apps/election-app/win_prob/H/NY/21/statewide_margin_pct_vs_percent_NY_2026.png --state NY --start 2024-11-05T15-30-22 --end 2024-11-05T15-30-22 --stats /home/ubuntu/apps/election-app/win_prob/H/NY/21/stats.csv --stats2 /home/ubuntu/apps/election-app/win_prob/H/NY/21/stats2.csv --interval 30 --year 2026 --jsonl /home/ubuntu/apps/election-app/win_prob/H/NY/21/plotdata_NY_2026_2026-01-25T16-47-48.jsonl
[warn] stats/stats2 FIPS mismatch for state=NY; will apply penalty_pts=100 only if %nodata>0
[info] evaluating 1 timestamps from 2024-11-05T15-30-22 to 2024-11-05T15-30-22 every 30 minutes
[saved] probs_timeseries_NY.csv  (1 points)
[saved] /home/ubuntu/apps/election-app/win_prob/H/NY/21/plotdata_NY_2026_2026-01-25T16-47-48.jsonl  (0 points)
[saved] /home/ubuntu/apps/election-app/win_prob/H/NY/21/statewide_margin_pct_vs_percent_NY_2026_box.json
[saved] /home/ubuntu/apps/election-app/win_prob/H/NY/21/statewide_margin_pct_vs_percent_NY_2026_box.png
[saved] /home/ubuntu/apps/election-app/win_prob/H/NY/21/statewide_margin_pct_vs_percent_NY_2026.png

All 50 states complete. See: /home/ubuntu/apps/election-app/win_prob/H/NY/21

$ /home/ubuntu/.venv/bin/python3 /home/ubuntu/apps/election-app/stats/8.py --root /home/ubuntu/apps/election-app/win_prob/H/NY/21/_work --outdir /home/ubuntu/apps/election-app/win_prob/H/NY/21
[info] root  = /home/ubuntu/apps/election-app/win_prob/H/NY/21/_work
[info] outdir= /home/ubuntu/apps/election-app/win_prob/H/NY/21
[deleted] /home/ubuntu/apps/election-app/win_prob/H/NY/21/_work/stats_with_statewide.csv
[deleted] /home/ubuntu/apps/election-app/win_prob/H/NY/21/_work/stats2_final_headers.csv
[deleted] /home/ubuntu/apps/election-app/win_prob/H/NY/21/_work/2024_county_results_with_final-old.csv
[deleted] /home/ubuntu/apps/election-app/win_prob/H/NY/21/_work/2024_county_results_with_final.csv
[deleted] /home/ubuntu/apps/election-app/win_prob/H/NY/21/_work/2024_county_results_with_final_1.csv
[deleted] /home/ubuntu/apps/election-app/win_prob/H/NY/21/_work/2024_county_results_with_calcs-old.csv
[deleted] /home/ubuntu/apps/election-app/win_prob/H/NY/21/_work/2024_county_results_with_calcs_new.csv
[deleted] /home/ubuntu/apps/election-app/win_prob/H/NY/21/_work/output_statewide_stats.csv
[skip]    /home/ubuntu/apps/election-app/win_prob/H/NY/21/_work/probs_timeseries_PA.csv
[deleted] /home/ubuntu/apps/election-app/win_prob/H/NY/21/_work/2024_county_results_with_calcs.csv
[skip]    /home/ubuntu/apps/election-app/win_prob/H/NY/21/data_output.csv
[skip]    /home/ubuntu/apps/election-app/win_prob/H/NY/21/data_output_with_margins_old.csv
[skip]    /home/ubuntu/apps/election-app/win_prob/H/NY/21/data_output_with_margins.csv
[skip]    /home/ubuntu/apps/election-app/win_prob/H/NY/21/data_output_with_margins-statewide.csv
[deleted] /home/ubuntu/apps/election-app/win_prob/H/NY/21/snapshots_NY.csv
[deleted] /home/ubuntu/apps/election-app/win_prob/H/NY/21/data_output_NY_with_margins.csv
[deleted] /home/ubuntu/apps/election-app/win_prob/H/NY/21/data_output_NY_with_margins_statewide_eevp.csv
[deleted] /home/ubuntu/apps/election-app/win_prob/H/NY/21/data_output_NY.csv
[deleted] /home/ubuntu/apps/election-app/win_prob/H/NY/21/data_output_NY.csv.checkpoint.json
[deleted] /home/ubuntu/apps/election-app/win_prob/H/NY/21/stats.csv
[deleted] /home/ubuntu/apps/election-app/win_prob/H/NY/21/stats2.csv
[done] removed 16 file(s)
[2026-01-25 17:01:39] INFO: [PIPELINE] args: office=H state=NY district=21
[2026-01-25 17:01:39] INFO: [PIPELINE] WINPROB_DIR resolved to: /home/ubuntu/apps/election-app/win_prob/H/NY/21
[2026-01-25 17:01:39] INFO: [PIPELINE] OUTDIR set to: /home/ubuntu/apps/election-app/win_prob/H/NY/21

$ /home/ubuntu/.venv/bin/python3 /home/ubuntu/apps/election-app/stats/1-statewide.py --input /home/ubuntu/apps/election-app/win_prob/H/NY/21/stats.csv --output /home/ubuntu/apps/election-app/win_prob/H/NY/21/_work/stats_with_statewide.csv
Wrote /home/ubuntu/apps/election-app/win_prob/H/NY/21/_work/stats_with_statewide.csv (rows=15)

$ /home/ubuntu/.venv/bin/python3 /home/ubuntu/apps/election-app/stats/1-stats-2.py --input /home/ubuntu/apps/election-app/win_prob/H/NY/21/stats2.csv --output /home/ubuntu/apps/election-app/win_prob/H/NY/21/_work/stats2_final_headers.csv
Wrote /home/ubuntu/apps/election-app/win_prob/H/NY/21/_work/stats2_final_headers.csv (rows=15)

$ /home/ubuntu/.venv/bin/python3 /home/ubuntu/apps/election-app/stats/1-append-new.py
[warn] stats/stats2 row+fips mismatch detected; will fill missing final_* with 10
Wrote 2024_county_results_with_final-old.csv (rows=15, missing_final_matches=2)

$ /home/ubuntu/.venv/bin/python3 /home/ubuntu/apps/election-app/stats/1-change_header.py
Wrote: 2024_county_results_with_final.csv

$ /home/ubuntu/.venv/bin/python3 /home/ubuntu/apps/election-app/stats/1-cut-zero-fips.py
Wrote: 2024_county_results_with_final_1.csv
Rows before: 15
Rows after:  15
Dropped (fips == 0): 0

$ /home/ubuntu/.venv/bin/python3 /home/ubuntu/apps/election-app/stats/2-calc.py
Wrote 15 rows with calculations to /home/ubuntu/apps/election-app/win_prob/H/NY/21/_work/2024_county_results_with_calcs-old.csv

$ /home/ubuntu/.venv/bin/python3 /home/ubuntu/apps/election-app/stats/2-eevp.py
Wrote (no-op copy): 2024_county_results_with_calcs.csv
Columns:
 - timestamp
 - state
 - county
 - fips
 - trump_votes
 - harris_votes
 - other_votes
 - eevp
 - state_eevp
 - harris_votes_statewide
 - trump_votes_statewide
 - other_votes_statewide
 - final_state
 - final_county
 - final_fips
 - final_trump_votes
 - final_harris_votes
 - final_other_votes
 - harris_percent_snapshot
 - trump_percent_snapshot
 - margin_snapshot
 - harris_percent_final
 - trump_percent_final
 - margin_final
 - margin_difference
 - margin_difference_abs

$ /home/ubuntu/.venv/bin/python3 /home/ubuntu/apps/election-app/stats/3-calc-new.py
Wrote 15 rows with new columns to /home/ubuntu/apps/election-app/win_prob/H/NY/21/_work/2024_county_results_with_calcs_new.csv

$ /home/ubuntu/.venv/bin/python3 /home/ubuntu/apps/election-app/stats/4-stats.py
Reading 2024_county_results_with_calcs_new.csv...
Aggregating statewide totals...
Calculating percentages and margins...
Writing to output_statewide_stats.csv...
Done!
[2026-01-25 17:01:48] INFO: [PIPELINE] ENTER win-prob generation | states=['NY'] ts_list=['2024-11-05T15-30-22']

============================================================================
[01/1] STATE = NY
============================================================================

$ /home/ubuntu/.venv/bin/python3 /home/ubuntu/apps/election-app/stats/5-snapshots.py --state NY --input /home/ubuntu/apps/election-app/win_prob/H/NY/21/_work/output_statewide_stats.csv --output /home/ubuntu/apps/election-app/win_prob/H/NY/21/snapshots_NY.csv --start 2024-11-05T15-30-22 --end 2024-11-05T15-30-22 --use-window 1 --interval 30
Mode: windowed-one-state
Rows written: 15
Distinct states in output: NY
Rows per normalized timestamp (empty = unparseable):
  2024-11-05T15-30-22: 15
Wrote /home/ubuntu/apps/election-app/win_prob/H/NY/21/snapshots_NY.csv

$ /home/ubuntu/.venv/bin/python3 /home/ubuntu/apps/election-app/stats/6-pval.py /home/ubuntu/apps/election-app/win_prob/H/NY/21/snapshots_NY.csv -t /home/ubuntu/apps/election-app/stats/parameters.csv -o /home/ubuntu/apps/election-app/win_prob/H/NY/21/data_output_NY.csv -c 50
Done. Wrote: /home/ubuntu/apps/election-app/win_prob/H/NY/21/data_output_NY.csv
Total rows: 15 (chunked, resumable).
Computed columns for PVALS = [0.01, 0.1, 1, 2, 3, 5, 10, 15, 20, 25, 30, 35, 40, 45, 50, 55, 60, 65, 70, 75, 80, 85, 90, 95, 97, 98, 99, 99.9, 99.99]
Per p (leader): shift_{p}, margin_new_{p}, harris_percent_new_{p}, trump_percent_new_{p}, total_snapshot_{p}, total_expected_{p}, harris_votes_new_{p}, trump_votes_new_{p}
Per p (trailing): shift_trailing_{p}, margin_new_{p}_trailing, harris_percent_new_{p}_trailing, trump_percent_new_{p}_trailing, total_snapshot_{p}_trailing, total_expected_{p}_trailing, harris_votes_new_{p}_trailing, trump_votes_new_{p}_trailing
Checkpoint saved at: /home/ubuntu/apps/election-app/win_prob/H/NY/21/data_output_NY.csv.checkpoint.json

$ /home/ubuntu/.venv/bin/python3 /home/ubuntu/apps/election-app/stats/7-margin-new.py
Wrote data_output_with_margins_old.csv

$ /home/ubuntu/.venv/bin/python3 /home/ubuntu/apps/election-app/stats/7-eevp-statewide.py
Wrote data_output_with_margins.csv (copied from data_output_with_margins_old.csv)

$ /home/ubuntu/.venv/bin/python3 /home/ubuntu/apps/election-app/stats/7.py --input /home/ubuntu/apps/election-app/win_prob/H/NY/21/data_output_NY_with_margins_statewide_eevp.csv --output /home/ubuntu/apps/election-app/win_prob/H/NY/21/statewide_margin_pct_vs_percent_NY_2026.png --state NY --start 2024-11-05T15-30-22 --end 2024-11-05T15-30-22 --stats /home/ubuntu/apps/election-app/win_prob/H/NY/21/stats.csv --stats2 /home/ubuntu/apps/election-app/win_prob/H/NY/21/stats2.csv --interval 30 --year 2026 --jsonl /home/ubuntu/apps/election-app/win_prob/H/NY/21/plotdata_NY_2026_2026-01-25T17-01-39.jsonl
[warn] stats/stats2 FIPS mismatch for state=NY; will apply penalty_pts=100 only if %nodata>0
[info] evaluating 1 timestamps from 2024-11-05T15-30-22 to 2024-11-05T15-30-22 every 30 minutes
[saved] probs_timeseries_NY.csv  (1 points)
[saved] /home/ubuntu/apps/election-app/win_prob/H/NY/21/plotdata_NY_2026_2026-01-25T17-01-39.jsonl  (4 points)
[saved] /home/ubuntu/apps/election-app/win_prob/H/NY/21/statewide_margin_pct_vs_percent_NY_2026_box.json
[saved] /home/ubuntu/apps/election-app/win_prob/H/NY/21/statewide_margin_pct_vs_percent_NY_2026_box.png
[saved] /home/ubuntu/apps/election-app/win_prob/H/NY/21/statewide_margin_pct_vs_percent_NY_2026.png

All 50 states complete. See: /home/ubuntu/apps/election-app/win_prob/H/NY/21

$ /home/ubuntu/.venv/bin/python3 /home/ubuntu/apps/election-app/stats/8.py --root /home/ubuntu/apps/election-app/win_prob/H/NY/21/_work --outdir /home/ubuntu/apps/election-app/win_prob/H/NY/21
[info] root  = /home/ubuntu/apps/election-app/win_prob/H/NY/21/_work
[info] outdir= /home/ubuntu/apps/election-app/win_prob/H/NY/21
[deleted] /home/ubuntu/apps/election-app/win_prob/H/NY/21/_work/stats_with_statewide.csv
[deleted] /home/ubuntu/apps/election-app/win_prob/H/NY/21/_work/stats2_final_headers.csv
[deleted] /home/ubuntu/apps/election-app/win_prob/H/NY/21/_work/2024_county_results_with_final-old.csv
[deleted] /home/ubuntu/apps/election-app/win_prob/H/NY/21/_work/2024_county_results_with_final.csv
[deleted] /home/ubuntu/apps/election-app/win_prob/H/NY/21/_work/2024_county_results_with_final_1.csv
[deleted] /home/ubuntu/apps/election-app/win_prob/H/NY/21/_work/2024_county_results_with_calcs-old.csv
[deleted] /home/ubuntu/apps/election-app/win_prob/H/NY/21/_work/2024_county_results_with_calcs_new.csv
[deleted] /home/ubuntu/apps/election-app/win_prob/H/NY/21/_work/output_statewide_stats.csv
[skip]    /home/ubuntu/apps/election-app/win_prob/H/NY/21/_work/probs_timeseries_PA.csv
[deleted] /home/ubuntu/apps/election-app/win_prob/H/NY/21/_work/2024_county_results_with_calcs.csv
[skip]    /home/ubuntu/apps/election-app/win_prob/H/NY/21/data_output.csv
[skip]    /home/ubuntu/apps/election-app/win_prob/H/NY/21/data_output_with_margins_old.csv
[skip]    /home/ubuntu/apps/election-app/win_prob/H/NY/21/data_output_with_margins.csv
[skip]    /home/ubuntu/apps/election-app/win_prob/H/NY/21/data_output_with_margins-statewide.csv
[deleted] /home/ubuntu/apps/election-app/win_prob/H/NY/21/snapshots_NY.csv
[deleted] /home/ubuntu/apps/election-app/win_prob/H/NY/21/data_output_NY_with_margins.csv
[deleted] /home/ubuntu/apps/election-app/win_prob/H/NY/21/data_output_NY_with_margins_statewide_eevp.csv
[deleted] /home/ubuntu/apps/election-app/win_prob/H/NY/21/data_output_NY.csv
[deleted] /home/ubuntu/apps/election-app/win_prob/H/NY/21/data_output_NY.csv.checkpoint.json
[deleted] /home/ubuntu/apps/election-app/win_prob/H/NY/21/stats.csv
[deleted] /home/ubuntu/apps/election-app/win_prob/H/NY/21/stats2.csv
[done] removed 16 file(s)
[2026-01-25 17:08:43] INFO: [PIPELINE] args: office=H state=NY district=21
[2026-01-25 17:08:43] INFO: [PIPELINE] WINPROB_DIR resolved to: /home/ubuntu/apps/election-app/win_prob/H/NY/21
[2026-01-25 17:08:43] INFO: [PIPELINE] OUTDIR set to: /home/ubuntu/apps/election-app/win_prob/H/NY/21

$ /home/ubuntu/.venv/bin/python3 /home/ubuntu/apps/election-app/stats/1-statewide.py --input /home/ubuntu/apps/election-app/win_prob/H/NY/21/stats.csv --output /home/ubuntu/apps/election-app/win_prob/H/NY/21/_work/stats_with_statewide.csv
Wrote /home/ubuntu/apps/election-app/win_prob/H/NY/21/_work/stats_with_statewide.csv (rows=15)

$ /home/ubuntu/.venv/bin/python3 /home/ubuntu/apps/election-app/stats/1-stats-2.py --input /home/ubuntu/apps/election-app/win_prob/H/NY/21/stats2.csv --output /home/ubuntu/apps/election-app/win_prob/H/NY/21/_work/stats2_final_headers.csv
Wrote /home/ubuntu/apps/election-app/win_prob/H/NY/21/_work/stats2_final_headers.csv (rows=15)

$ /home/ubuntu/.venv/bin/python3 /home/ubuntu/apps/election-app/stats/1-append-new.py
[warn] stats/stats2 row+fips mismatch detected; will fill missing final_* with 10
Wrote 2024_county_results_with_final-old.csv (rows=15, missing_final_matches=2)

$ /home/ubuntu/.venv/bin/python3 /home/ubuntu/apps/election-app/stats/1-change_header.py
Wrote: 2024_county_results_with_final.csv

$ /home/ubuntu/.venv/bin/python3 /home/ubuntu/apps/election-app/stats/1-cut-zero-fips.py
Wrote: 2024_county_results_with_final_1.csv
Rows before: 15
Rows after:  15
Dropped (fips == 0): 0

$ /home/ubuntu/.venv/bin/python3 /home/ubuntu/apps/election-app/stats/2-calc.py
Wrote 15 rows with calculations to /home/ubuntu/apps/election-app/win_prob/H/NY/21/_work/2024_county_results_with_calcs-old.csv

$ /home/ubuntu/.venv/bin/python3 /home/ubuntu/apps/election-app/stats/2-eevp.py
Wrote (no-op copy): 2024_county_results_with_calcs.csv
Columns:
 - timestamp
 - state
 - county
 - fips
 - trump_votes
 - harris_votes
 - other_votes
 - eevp
 - state_eevp
 - harris_votes_statewide
 - trump_votes_statewide
 - other_votes_statewide
 - final_state
 - final_county
 - final_fips
 - final_trump_votes
 - final_harris_votes
 - final_other_votes
 - harris_percent_snapshot
 - trump_percent_snapshot
 - margin_snapshot
 - harris_percent_final
 - trump_percent_final
 - margin_final
 - margin_difference
 - margin_difference_abs

$ /home/ubuntu/.venv/bin/python3 /home/ubuntu/apps/election-app/stats/3-calc-new.py
Wrote 15 rows with new columns to /home/ubuntu/apps/election-app/win_prob/H/NY/21/_work/2024_county_results_with_calcs_new.csv

$ /home/ubuntu/.venv/bin/python3 /home/ubuntu/apps/election-app/stats/4-stats.py
Reading 2024_county_results_with_calcs_new.csv...
Aggregating statewide totals...
Calculating percentages and margins...
Writing to output_statewide_stats.csv...
Done!
[2026-01-25 17:08:52] INFO: [PIPELINE] ENTER win-prob generation | states=['NY'] ts_list=['2024-11-05T15-30-22']

============================================================================
[01/1] STATE = NY
============================================================================

$ /home/ubuntu/.venv/bin/python3 /home/ubuntu/apps/election-app/stats/5-snapshots.py --state NY --input /home/ubuntu/apps/election-app/win_prob/H/NY/21/_work/output_statewide_stats.csv --output /home/ubuntu/apps/election-app/win_prob/H/NY/21/snapshots_NY.csv --start 2024-11-05T15-30-22 --end 2024-11-05T15-30-22 --use-window 1 --interval 30
Mode: windowed-one-state
Rows written: 15
Distinct states in output: NY
Rows per normalized timestamp (empty = unparseable):
  2024-11-05T15-30-22: 15
Wrote /home/ubuntu/apps/election-app/win_prob/H/NY/21/snapshots_NY.csv

$ /home/ubuntu/.venv/bin/python3 /home/ubuntu/apps/election-app/stats/6-pval.py /home/ubuntu/apps/election-app/win_prob/H/NY/21/snapshots_NY.csv -t /home/ubuntu/apps/election-app/stats/parameters.csv -o /home/ubuntu/apps/election-app/win_prob/H/NY/21/data_output_NY.csv -c 50
Done. Wrote: /home/ubuntu/apps/election-app/win_prob/H/NY/21/data_output_NY.csv
Total rows: 15 (chunked, resumable).
Computed columns for PVALS = [0.01, 0.1, 1, 2, 3, 5, 10, 15, 20, 25, 30, 35, 40, 45, 50, 55, 60, 65, 70, 75, 80, 85, 90, 95, 97, 98, 99, 99.9, 99.99]
Per p (leader): shift_{p}, margin_new_{p}, harris_percent_new_{p}, trump_percent_new_{p}, total_snapshot_{p}, total_expected_{p}, harris_votes_new_{p}, trump_votes_new_{p}
Per p (trailing): shift_trailing_{p}, margin_new_{p}_trailing, harris_percent_new_{p}_trailing, trump_percent_new_{p}_trailing, total_snapshot_{p}_trailing, total_expected_{p}_trailing, harris_votes_new_{p}_trailing, trump_votes_new_{p}_trailing
Checkpoint saved at: /home/ubuntu/apps/election-app/win_prob/H/NY/21/data_output_NY.csv.checkpoint.json

$ /home/ubuntu/.venv/bin/python3 /home/ubuntu/apps/election-app/stats/7-margin-new.py
Wrote data_output_with_margins_old.csv

$ /home/ubuntu/.venv/bin/python3 /home/ubuntu/apps/election-app/stats/7-eevp-statewide.py
Wrote data_output_with_margins.csv (copied from data_output_with_margins_old.csv)

$ /home/ubuntu/.venv/bin/python3 /home/ubuntu/apps/election-app/stats/7.py --input /home/ubuntu/apps/election-app/win_prob/H/NY/21/data_output_NY_with_margins_statewide_eevp.csv --output /home/ubuntu/apps/election-app/win_prob/H/NY/21/statewide_margin_pct_vs_percent_NY_2026.png --state NY --start 2024-11-05T15-30-22 --end 2024-11-05T15-30-22 --stats /home/ubuntu/apps/election-app/win_prob/H/NY/21/stats.csv --stats2 /home/ubuntu/apps/election-app/win_prob/H/NY/21/stats2.csv --interval 30 --year 2026 --jsonl /home/ubuntu/apps/election-app/win_prob/H/NY/21/plotdata_NY_2026_2026-01-25T17-08-43.jsonl
[warn] stats/stats2 FIPS mismatch for state=NY; will apply penalty_pts=100 only if %nodata>0
[info] evaluating 1 timestamps from 2024-11-05T15-30-22 to 2024-11-05T15-30-22 every 30 minutes
[saved] probs_timeseries_NY.csv  (1 points)
[saved] /home/ubuntu/apps/election-app/win_prob/H/NY/21/plotdata_NY_2026_2026-01-25T17-08-43.jsonl  (4 points)
[saved] /home/ubuntu/apps/election-app/win_prob/H/NY/21/statewide_margin_pct_vs_percent_NY_2026_box.json
[saved] /home/ubuntu/apps/election-app/win_prob/H/NY/21/statewide_margin_pct_vs_percent_NY_2026_box.png
[saved] /home/ubuntu/apps/election-app/win_prob/H/NY/21/statewide_margin_pct_vs_percent_NY_2026.png

All 50 states complete. See: /home/ubuntu/apps/election-app/win_prob/H/NY/21

$ /home/ubuntu/.venv/bin/python3 /home/ubuntu/apps/election-app/stats/8.py --root /home/ubuntu/apps/election-app/win_prob/H/NY/21/_work --outdir /home/ubuntu/apps/election-app/win_prob/H/NY/21
[info] root  = /home/ubuntu/apps/election-app/win_prob/H/NY/21/_work
[info] outdir= /home/ubuntu/apps/election-app/win_prob/H/NY/21
[deleted] /home/ubuntu/apps/election-app/win_prob/H/NY/21/_work/stats_with_statewide.csv
[deleted] /home/ubuntu/apps/election-app/win_prob/H/NY/21/_work/stats2_final_headers.csv
[deleted] /home/ubuntu/apps/election-app/win_prob/H/NY/21/_work/2024_county_results_with_final-old.csv
[deleted] /home/ubuntu/apps/election-app/win_prob/H/NY/21/_work/2024_county_results_with_final.csv
[deleted] /home/ubuntu/apps/election-app/win_prob/H/NY/21/_work/2024_county_results_with_final_1.csv
[deleted] /home/ubuntu/apps/election-app/win_prob/H/NY/21/_work/2024_county_results_with_calcs-old.csv
[deleted] /home/ubuntu/apps/election-app/win_prob/H/NY/21/_work/2024_county_results_with_calcs_new.csv
[deleted] /home/ubuntu/apps/election-app/win_prob/H/NY/21/_work/output_statewide_stats.csv
[skip]    /home/ubuntu/apps/election-app/win_prob/H/NY/21/_work/probs_timeseries_PA.csv
[deleted] /home/ubuntu/apps/election-app/win_prob/H/NY/21/_work/2024_county_results_with_calcs.csv
[skip]    /home/ubuntu/apps/election-app/win_prob/H/NY/21/data_output.csv
[skip]    /home/ubuntu/apps/election-app/win_prob/H/NY/21/data_output_with_margins_old.csv
[skip]    /home/ubuntu/apps/election-app/win_prob/H/NY/21/data_output_with_margins.csv
[skip]    /home/ubuntu/apps/election-app/win_prob/H/NY/21/data_output_with_margins-statewide.csv
[deleted] /home/ubuntu/apps/election-app/win_prob/H/NY/21/snapshots_NY.csv
[deleted] /home/ubuntu/apps/election-app/win_prob/H/NY/21/data_output_NY_with_margins.csv
[deleted] /home/ubuntu/apps/election-app/win_prob/H/NY/21/data_output_NY_with_margins_statewide_eevp.csv
[deleted] /home/ubuntu/apps/election-app/win_prob/H/NY/21/data_output_NY.csv
[deleted] /home/ubuntu/apps/election-app/win_prob/H/NY/21/data_output_NY.csv.checkpoint.json
[deleted] /home/ubuntu/apps/election-app/win_prob/H/NY/21/stats.csv
[deleted] /home/ubuntu/apps/election-app/win_prob/H/NY/21/stats2.csv
[done] removed 16 file(s)
[2026-01-25 17:16:03] INFO: [PIPELINE] args: office=H state=NY district=21
[2026-01-25 17:16:03] INFO: [PIPELINE] WINPROB_DIR resolved to: /home/ubuntu/apps/election-app/win_prob/H/NY/21
[2026-01-25 17:16:03] INFO: [PIPELINE] OUTDIR set to: /home/ubuntu/apps/election-app/win_prob/H/NY/21

$ /home/ubuntu/.venv/bin/python3 /home/ubuntu/apps/election-app/stats/1-statewide.py --input /home/ubuntu/apps/election-app/win_prob/H/NY/21/stats.csv --output /home/ubuntu/apps/election-app/win_prob/H/NY/21/_work/stats_with_statewide.csv
Wrote /home/ubuntu/apps/election-app/win_prob/H/NY/21/_work/stats_with_statewide.csv (rows=15)

$ /home/ubuntu/.venv/bin/python3 /home/ubuntu/apps/election-app/stats/1-stats-2.py --input /home/ubuntu/apps/election-app/win_prob/H/NY/21/stats2.csv --output /home/ubuntu/apps/election-app/win_prob/H/NY/21/_work/stats2_final_headers.csv
Wrote /home/ubuntu/apps/election-app/win_prob/H/NY/21/_work/stats2_final_headers.csv (rows=15)

$ /home/ubuntu/.venv/bin/python3 /home/ubuntu/apps/election-app/stats/1-append-new.py
[warn] stats/stats2 row+fips mismatch detected; will fill missing final_* with 10
Wrote 2024_county_results_with_final-old.csv (rows=15, missing_final_matches=2)

$ /home/ubuntu/.venv/bin/python3 /home/ubuntu/apps/election-app/stats/1-change_header.py
Wrote: 2024_county_results_with_final.csv

$ /home/ubuntu/.venv/bin/python3 /home/ubuntu/apps/election-app/stats/1-cut-zero-fips.py
Wrote: 2024_county_results_with_final_1.csv
Rows before: 15
Rows after:  15
Dropped (fips == 0): 0

$ /home/ubuntu/.venv/bin/python3 /home/ubuntu/apps/election-app/stats/2-calc.py
Wrote 15 rows with calculations to /home/ubuntu/apps/election-app/win_prob/H/NY/21/_work/2024_county_results_with_calcs-old.csv

$ /home/ubuntu/.venv/bin/python3 /home/ubuntu/apps/election-app/stats/2-eevp.py
Wrote (no-op copy): 2024_county_results_with_calcs.csv
Columns:
 - timestamp
 - state
 - county
 - fips
 - trump_votes
 - harris_votes
 - other_votes
 - eevp
 - state_eevp
 - harris_votes_statewide
 - trump_votes_statewide
 - other_votes_statewide
 - final_state
 - final_county
 - final_fips
 - final_trump_votes
 - final_harris_votes
 - final_other_votes
 - harris_percent_snapshot
 - trump_percent_snapshot
 - margin_snapshot
 - harris_percent_final
 - trump_percent_final
 - margin_final
 - margin_difference
 - margin_difference_abs

$ /home/ubuntu/.venv/bin/python3 /home/ubuntu/apps/election-app/stats/3-calc-new.py
Wrote 15 rows with new columns to /home/ubuntu/apps/election-app/win_prob/H/NY/21/_work/2024_county_results_with_calcs_new.csv

$ /home/ubuntu/.venv/bin/python3 /home/ubuntu/apps/election-app/stats/4-stats.py
Reading 2024_county_results_with_calcs_new.csv...
Aggregating statewide totals...
Calculating percentages and margins...
Writing to output_statewide_stats.csv...
Done!
[2026-01-25 17:16:13] INFO: [PIPELINE] ENTER win-prob generation | states=['NY'] ts_list=['2024-11-05T15-30-22']

============================================================================
[01/1] STATE = NY
============================================================================

$ /home/ubuntu/.venv/bin/python3 /home/ubuntu/apps/election-app/stats/5-snapshots.py --state NY --input /home/ubuntu/apps/election-app/win_prob/H/NY/21/_work/output_statewide_stats.csv --output /home/ubuntu/apps/election-app/win_prob/H/NY/21/snapshots_NY.csv --start 2024-11-05T15-30-22 --end 2024-11-05T15-30-22 --use-window 1 --interval 30
Mode: windowed-one-state
Rows written: 15
Distinct states in output: NY
Rows per normalized timestamp (empty = unparseable):
  2024-11-05T15-30-22: 15
Wrote /home/ubuntu/apps/election-app/win_prob/H/NY/21/snapshots_NY.csv

$ /home/ubuntu/.venv/bin/python3 /home/ubuntu/apps/election-app/stats/6-pval.py /home/ubuntu/apps/election-app/win_prob/H/NY/21/snapshots_NY.csv -t /home/ubuntu/apps/election-app/stats/parameters.csv -o /home/ubuntu/apps/election-app/win_prob/H/NY/21/data_output_NY.csv -c 50
Done. Wrote: /home/ubuntu/apps/election-app/win_prob/H/NY/21/data_output_NY.csv
Total rows: 15 (chunked, resumable).
Computed columns for PVALS = [0.01, 0.1, 1, 2, 3, 5, 10, 15, 20, 25, 30, 35, 40, 45, 50, 55, 60, 65, 70, 75, 80, 85, 90, 95, 97, 98, 99, 99.9, 99.99]
Per p (leader): shift_{p}, margin_new_{p}, harris_percent_new_{p}, trump_percent_new_{p}, total_snapshot_{p}, total_expected_{p}, harris_votes_new_{p}, trump_votes_new_{p}
Per p (trailing): shift_trailing_{p}, margin_new_{p}_trailing, harris_percent_new_{p}_trailing, trump_percent_new_{p}_trailing, total_snapshot_{p}_trailing, total_expected_{p}_trailing, harris_votes_new_{p}_trailing, trump_votes_new_{p}_trailing
Checkpoint saved at: /home/ubuntu/apps/election-app/win_prob/H/NY/21/data_output_NY.csv.checkpoint.json

$ /home/ubuntu/.venv/bin/python3 /home/ubuntu/apps/election-app/stats/7-margin-new.py
Wrote data_output_with_margins_old.csv

$ /home/ubuntu/.venv/bin/python3 /home/ubuntu/apps/election-app/stats/7-eevp-statewide.py
Wrote data_output_with_margins.csv (copied from data_output_with_margins_old.csv)

$ /home/ubuntu/.venv/bin/python3 /home/ubuntu/apps/election-app/stats/7.py --input /home/ubuntu/apps/election-app/win_prob/H/NY/21/data_output_NY_with_margins_statewide_eevp.csv --output /home/ubuntu/apps/election-app/win_prob/H/NY/21/statewide_margin_pct_vs_percent_NY_2026.png --state NY --start 2024-11-05T15-30-22 --end 2024-11-05T15-30-22 --stats /home/ubuntu/apps/election-app/win_prob/H/NY/21/stats.csv --stats2 /home/ubuntu/apps/election-app/win_prob/H/NY/21/stats2.csv --interval 30 --year 2026 --jsonl /home/ubuntu/apps/election-app/win_prob/H/NY/21/plotdata_NY_2026_2026-01-25T17-16-03.jsonl
[warn] stats/stats2 FIPS mismatch for state=NY; will apply penalty_pts=100 only if %nodata>0
[info] evaluating 1 timestamps from 2024-11-05T15-30-22 to 2024-11-05T15-30-22 every 30 minutes
[saved] probs_timeseries_NY.csv  (1 points)
[saved] /home/ubuntu/apps/election-app/win_prob/H/NY/21/plotdata_NY_2026_2026-01-25T17-16-03.jsonl  (4 points)
[saved] /home/ubuntu/apps/election-app/win_prob/H/NY/21/statewide_margin_pct_vs_percent_NY_2026_box.json
[saved] /home/ubuntu/apps/election-app/win_prob/H/NY/21/statewide_margin_pct_vs_percent_NY_2026_box.png
[saved] /home/ubuntu/apps/election-app/win_prob/H/NY/21/statewide_margin_pct_vs_percent_NY_2026.png

All 50 states complete. See: /home/ubuntu/apps/election-app/win_prob/H/NY/21

$ /home/ubuntu/.venv/bin/python3 /home/ubuntu/apps/election-app/stats/8.py --root /home/ubuntu/apps/election-app/win_prob/H/NY/21/_work --outdir /home/ubuntu/apps/election-app/win_prob/H/NY/21
[info] root  = /home/ubuntu/apps/election-app/win_prob/H/NY/21/_work
[info] outdir= /home/ubuntu/apps/election-app/win_prob/H/NY/21
[deleted] /home/ubuntu/apps/election-app/win_prob/H/NY/21/_work/stats_with_statewide.csv
[deleted] /home/ubuntu/apps/election-app/win_prob/H/NY/21/_work/stats2_final_headers.csv
[deleted] /home/ubuntu/apps/election-app/win_prob/H/NY/21/_work/2024_county_results_with_final-old.csv
[deleted] /home/ubuntu/apps/election-app/win_prob/H/NY/21/_work/2024_county_results_with_final.csv
[deleted] /home/ubuntu/apps/election-app/win_prob/H/NY/21/_work/2024_county_results_with_final_1.csv
[deleted] /home/ubuntu/apps/election-app/win_prob/H/NY/21/_work/2024_county_results_with_calcs-old.csv
[deleted] /home/ubuntu/apps/election-app/win_prob/H/NY/21/_work/2024_county_results_with_calcs_new.csv
[deleted] /home/ubuntu/apps/election-app/win_prob/H/NY/21/_work/output_statewide_stats.csv
[skip]    /home/ubuntu/apps/election-app/win_prob/H/NY/21/_work/probs_timeseries_PA.csv
[deleted] /home/ubuntu/apps/election-app/win_prob/H/NY/21/_work/2024_county_results_with_calcs.csv
[skip]    /home/ubuntu/apps/election-app/win_prob/H/NY/21/data_output.csv
[skip]    /home/ubuntu/apps/election-app/win_prob/H/NY/21/data_output_with_margins_old.csv
[skip]    /home/ubuntu/apps/election-app/win_prob/H/NY/21/data_output_with_margins.csv
[skip]    /home/ubuntu/apps/election-app/win_prob/H/NY/21/data_output_with_margins-statewide.csv
[deleted] /home/ubuntu/apps/election-app/win_prob/H/NY/21/snapshots_NY.csv
[deleted] /home/ubuntu/apps/election-app/win_prob/H/NY/21/data_output_NY_with_margins.csv
[deleted] /home/ubuntu/apps/election-app/win_prob/H/NY/21/data_output_NY_with_margins_statewide_eevp.csv
[deleted] /home/ubuntu/apps/election-app/win_prob/H/NY/21/data_output_NY.csv
[deleted] /home/ubuntu/apps/election-app/win_prob/H/NY/21/data_output_NY.csv.checkpoint.json
[deleted] /home/ubuntu/apps/election-app/win_prob/H/NY/21/stats.csv
[deleted] /home/ubuntu/apps/election-app/win_prob/H/NY/21/stats2.csv
[done] removed 16 file(s)
[2026-01-25 17:23:08] INFO: [PIPELINE] args: office=H state=NY district=21
[2026-01-25 17:23:08] INFO: [PIPELINE] WINPROB_DIR resolved to: /home/ubuntu/apps/election-app/win_prob/H/NY/21
[2026-01-25 17:23:08] INFO: [PIPELINE] OUTDIR set to: /home/ubuntu/apps/election-app/win_prob/H/NY/21

$ /home/ubuntu/.venv/bin/python3 /home/ubuntu/apps/election-app/stats/1-statewide.py --input /home/ubuntu/apps/election-app/win_prob/H/NY/21/stats.csv --output /home/ubuntu/apps/election-app/win_prob/H/NY/21/_work/stats_with_statewide.csv
Wrote /home/ubuntu/apps/election-app/win_prob/H/NY/21/_work/stats_with_statewide.csv (rows=15)

$ /home/ubuntu/.venv/bin/python3 /home/ubuntu/apps/election-app/stats/1-stats-2.py --input /home/ubuntu/apps/election-app/win_prob/H/NY/21/stats2.csv --output /home/ubuntu/apps/election-app/win_prob/H/NY/21/_work/stats2_final_headers.csv
Wrote /home/ubuntu/apps/election-app/win_prob/H/NY/21/_work/stats2_final_headers.csv (rows=15)

$ /home/ubuntu/.venv/bin/python3 /home/ubuntu/apps/election-app/stats/1-append-new.py
[warn] stats/stats2 row+fips mismatch detected; will fill missing final_* with 10
Wrote 2024_county_results_with_final-old.csv (rows=15, missing_final_matches=2)

$ /home/ubuntu/.venv/bin/python3 /home/ubuntu/apps/election-app/stats/1-change_header.py
Wrote: 2024_county_results_with_final.csv

$ /home/ubuntu/.venv/bin/python3 /home/ubuntu/apps/election-app/stats/1-cut-zero-fips.py
Wrote: 2024_county_results_with_final_1.csv
Rows before: 15
Rows after:  15
Dropped (fips == 0): 0

$ /home/ubuntu/.venv/bin/python3 /home/ubuntu/apps/election-app/stats/2-calc.py
Wrote 15 rows with calculations to /home/ubuntu/apps/election-app/win_prob/H/NY/21/_work/2024_county_results_with_calcs-old.csv

$ /home/ubuntu/.venv/bin/python3 /home/ubuntu/apps/election-app/stats/2-eevp.py
Wrote (no-op copy): 2024_county_results_with_calcs.csv
Columns:
 - timestamp
 - state
 - county
 - fips
 - trump_votes
 - harris_votes
 - other_votes
 - eevp
 - state_eevp
 - harris_votes_statewide
 - trump_votes_statewide
 - other_votes_statewide
 - final_state
 - final_county
 - final_fips
 - final_trump_votes
 - final_harris_votes
 - final_other_votes
 - harris_percent_snapshot
 - trump_percent_snapshot
 - margin_snapshot
 - harris_percent_final
 - trump_percent_final
 - margin_final
 - margin_difference
 - margin_difference_abs

$ /home/ubuntu/.venv/bin/python3 /home/ubuntu/apps/election-app/stats/3-calc-new.py
Wrote 15 rows with new columns to /home/ubuntu/apps/election-app/win_prob/H/NY/21/_work/2024_county_results_with_calcs_new.csv

$ /home/ubuntu/.venv/bin/python3 /home/ubuntu/apps/election-app/stats/4-stats.py
Reading 2024_county_results_with_calcs_new.csv...
Aggregating statewide totals...
Calculating percentages and margins...
Writing to output_statewide_stats.csv...
Done!
[2026-01-25 17:23:18] INFO: [PIPELINE] ENTER win-prob generation | states=['NY'] ts_list=['2024-11-05T15-30-22']

============================================================================
[01/1] STATE = NY
============================================================================

$ /home/ubuntu/.venv/bin/python3 /home/ubuntu/apps/election-app/stats/5-snapshots.py --state NY --input /home/ubuntu/apps/election-app/win_prob/H/NY/21/_work/output_statewide_stats.csv --output /home/ubuntu/apps/election-app/win_prob/H/NY/21/snapshots_NY.csv --start 2024-11-05T15-30-22 --end 2024-11-05T15-30-22 --use-window 1 --interval 30
Mode: windowed-one-state
Rows written: 15
Distinct states in output: NY
Rows per normalized timestamp (empty = unparseable):
  2024-11-05T15-30-22: 15
Wrote /home/ubuntu/apps/election-app/win_prob/H/NY/21/snapshots_NY.csv

$ /home/ubuntu/.venv/bin/python3 /home/ubuntu/apps/election-app/stats/6-pval.py /home/ubuntu/apps/election-app/win_prob/H/NY/21/snapshots_NY.csv -t /home/ubuntu/apps/election-app/stats/parameters.csv -o /home/ubuntu/apps/election-app/win_prob/H/NY/21/data_output_NY.csv -c 50
Done. Wrote: /home/ubuntu/apps/election-app/win_prob/H/NY/21/data_output_NY.csv
Total rows: 15 (chunked, resumable).
Computed columns for PVALS = [0.01, 0.1, 1, 2, 3, 5, 10, 15, 20, 25, 30, 35, 40, 45, 50, 55, 60, 65, 70, 75, 80, 85, 90, 95, 97, 98, 99, 99.9, 99.99]
Per p (leader): shift_{p}, margin_new_{p}, harris_percent_new_{p}, trump_percent_new_{p}, total_snapshot_{p}, total_expected_{p}, harris_votes_new_{p}, trump_votes_new_{p}
Per p (trailing): shift_trailing_{p}, margin_new_{p}_trailing, harris_percent_new_{p}_trailing, trump_percent_new_{p}_trailing, total_snapshot_{p}_trailing, total_expected_{p}_trailing, harris_votes_new_{p}_trailing, trump_votes_new_{p}_trailing
Checkpoint saved at: /home/ubuntu/apps/election-app/win_prob/H/NY/21/data_output_NY.csv.checkpoint.json

$ /home/ubuntu/.venv/bin/python3 /home/ubuntu/apps/election-app/stats/7-margin-new.py
Wrote data_output_with_margins_old.csv

$ /home/ubuntu/.venv/bin/python3 /home/ubuntu/apps/election-app/stats/7-eevp-statewide.py
Wrote data_output_with_margins.csv (copied from data_output_with_margins_old.csv)

$ /home/ubuntu/.venv/bin/python3 /home/ubuntu/apps/election-app/stats/7.py --input /home/ubuntu/apps/election-app/win_prob/H/NY/21/data_output_NY_with_margins_statewide_eevp.csv --output /home/ubuntu/apps/election-app/win_prob/H/NY/21/statewide_margin_pct_vs_percent_NY_2026.png --state NY --start 2024-11-05T15-30-22 --end 2024-11-05T15-30-22 --stats /home/ubuntu/apps/election-app/win_prob/H/NY/21/stats.csv --stats2 /home/ubuntu/apps/election-app/win_prob/H/NY/21/stats2.csv --interval 30 --year 2026 --jsonl /home/ubuntu/apps/election-app/win_prob/H/NY/21/plotdata_NY_2026_2026-01-25T17-23-08.jsonl
[warn] stats/stats2 FIPS mismatch for state=NY; will apply penalty_pts=100 only if %nodata>0
[info] evaluating 1 timestamps from 2024-11-05T15-30-22 to 2024-11-05T15-30-22 every 30 minutes
[saved] probs_timeseries_NY.csv  (1 points)
[saved] /home/ubuntu/apps/election-app/win_prob/H/NY/21/plotdata_NY_2026_2026-01-25T17-23-08.jsonl  (4 points)
[saved] /home/ubuntu/apps/election-app/win_prob/H/NY/21/statewide_margin_pct_vs_percent_NY_2026_box.json
[saved] /home/ubuntu/apps/election-app/win_prob/H/NY/21/statewide_margin_pct_vs_percent_NY_2026_box.png
[saved] /home/ubuntu/apps/election-app/win_prob/H/NY/21/statewide_margin_pct_vs_percent_NY_2026.png

All 50 states complete. See: /home/ubuntu/apps/election-app/win_prob/H/NY/21

$ /home/ubuntu/.venv/bin/python3 /home/ubuntu/apps/election-app/stats/8.py --root /home/ubuntu/apps/election-app/win_prob/H/NY/21/_work --outdir /home/ubuntu/apps/election-app/win_prob/H/NY/21
[info] root  = /home/ubuntu/apps/election-app/win_prob/H/NY/21/_work
[info] outdir= /home/ubuntu/apps/election-app/win_prob/H/NY/21
[deleted] /home/ubuntu/apps/election-app/win_prob/H/NY/21/_work/stats_with_statewide.csv
[deleted] /home/ubuntu/apps/election-app/win_prob/H/NY/21/_work/stats2_final_headers.csv
[deleted] /home/ubuntu/apps/election-app/win_prob/H/NY/21/_work/2024_county_results_with_final-old.csv
[deleted] /home/ubuntu/apps/election-app/win_prob/H/NY/21/_work/2024_county_results_with_final.csv
[deleted] /home/ubuntu/apps/election-app/win_prob/H/NY/21/_work/2024_county_results_with_final_1.csv
[deleted] /home/ubuntu/apps/election-app/win_prob/H/NY/21/_work/2024_county_results_with_calcs-old.csv
[deleted] /home/ubuntu/apps/election-app/win_prob/H/NY/21/_work/2024_county_results_with_calcs_new.csv
[deleted] /home/ubuntu/apps/election-app/win_prob/H/NY/21/_work/output_statewide_stats.csv
[skip]    /home/ubuntu/apps/election-app/win_prob/H/NY/21/_work/probs_timeseries_PA.csv
[deleted] /home/ubuntu/apps/election-app/win_prob/H/NY/21/_work/2024_county_results_with_calcs.csv
[skip]    /home/ubuntu/apps/election-app/win_prob/H/NY/21/data_output.csv
[skip]    /home/ubuntu/apps/election-app/win_prob/H/NY/21/data_output_with_margins_old.csv
[skip]    /home/ubuntu/apps/election-app/win_prob/H/NY/21/data_output_with_margins.csv
[skip]    /home/ubuntu/apps/election-app/win_prob/H/NY/21/data_output_with_margins-statewide.csv
[deleted] /home/ubuntu/apps/election-app/win_prob/H/NY/21/snapshots_NY.csv
[deleted] /home/ubuntu/apps/election-app/win_prob/H/NY/21/data_output_NY_with_margins.csv
[deleted] /home/ubuntu/apps/election-app/win_prob/H/NY/21/data_output_NY_with_margins_statewide_eevp.csv
[deleted] /home/ubuntu/apps/election-app/win_prob/H/NY/21/data_output_NY.csv
[deleted] /home/ubuntu/apps/election-app/win_prob/H/NY/21/data_output_NY.csv.checkpoint.json
[deleted] /home/ubuntu/apps/election-app/win_prob/H/NY/21/stats.csv
[deleted] /home/ubuntu/apps/election-app/win_prob/H/NY/21/stats2.csv
[done] removed 16 file(s)
[2026-01-25 17:26:38] INFO: [PIPELINE] args: office=H state=NY district=21
[2026-01-25 17:26:38] INFO: [PIPELINE] WINPROB_DIR resolved to: /home/ubuntu/apps/election-app/win_prob/H/NY/21
[2026-01-25 17:26:38] INFO: [PIPELINE] OUTDIR set to: /home/ubuntu/apps/election-app/win_prob/H/NY/21

$ /home/ubuntu/.venv/bin/python3 /home/ubuntu/apps/election-app/stats/1-statewide.py --input /home/ubuntu/apps/election-app/win_prob/H/NY/21/stats.csv --output /home/ubuntu/apps/election-app/win_prob/H/NY/21/_work/stats_with_statewide.csv
Wrote /home/ubuntu/apps/election-app/win_prob/H/NY/21/_work/stats_with_statewide.csv (rows=15)

$ /home/ubuntu/.venv/bin/python3 /home/ubuntu/apps/election-app/stats/1-stats-2.py --input /home/ubuntu/apps/election-app/win_prob/H/NY/21/stats2.csv --output /home/ubuntu/apps/election-app/win_prob/H/NY/21/_work/stats2_final_headers.csv
Wrote /home/ubuntu/apps/election-app/win_prob/H/NY/21/_work/stats2_final_headers.csv (rows=15)

$ /home/ubuntu/.venv/bin/python3 /home/ubuntu/apps/election-app/stats/1-append-new.py
[warn] stats/stats2 row+fips mismatch detected; will fill missing final_* with 10
Wrote 2024_county_results_with_final-old.csv (rows=15, missing_final_matches=2)

$ /home/ubuntu/.venv/bin/python3 /home/ubuntu/apps/election-app/stats/1-change_header.py
Wrote: 2024_county_results_with_final.csv

$ /home/ubuntu/.venv/bin/python3 /home/ubuntu/apps/election-app/stats/1-cut-zero-fips.py
Wrote: 2024_county_results_with_final_1.csv
Rows before: 15
Rows after:  15
Dropped (fips == 0): 0

$ /home/ubuntu/.venv/bin/python3 /home/ubuntu/apps/election-app/stats/2-calc.py
Wrote 15 rows with calculations to /home/ubuntu/apps/election-app/win_prob/H/NY/21/_work/2024_county_results_with_calcs-old.csv

$ /home/ubuntu/.venv/bin/python3 /home/ubuntu/apps/election-app/stats/2-eevp.py
Wrote (no-op copy): 2024_county_results_with_calcs.csv
Columns:
 - timestamp
 - state
 - county
 - fips
 - trump_votes
 - harris_votes
 - other_votes
 - eevp
 - state_eevp
 - harris_votes_statewide
 - trump_votes_statewide
 - other_votes_statewide
 - final_state
 - final_county
 - final_fips
 - final_trump_votes
 - final_harris_votes
 - final_other_votes
 - harris_percent_snapshot
 - trump_percent_snapshot
 - margin_snapshot
 - harris_percent_final
 - trump_percent_final
 - margin_final
 - margin_difference
 - margin_difference_abs

$ /home/ubuntu/.venv/bin/python3 /home/ubuntu/apps/election-app/stats/3-calc-new.py
Wrote 15 rows with new columns to /home/ubuntu/apps/election-app/win_prob/H/NY/21/_work/2024_county_results_with_calcs_new.csv

$ /home/ubuntu/.venv/bin/python3 /home/ubuntu/apps/election-app/stats/4-stats.py
Reading 2024_county_results_with_calcs_new.csv...
Aggregating statewide totals...
Calculating percentages and margins...
Writing to output_statewide_stats.csv...
Done!
[2026-01-25 17:26:47] INFO: [PIPELINE] ENTER win-prob generation | states=['NY'] ts_list=['2024-11-05T15-30-22']

============================================================================
[01/1] STATE = NY
============================================================================

$ /home/ubuntu/.venv/bin/python3 /home/ubuntu/apps/election-app/stats/5-snapshots.py --state NY --input /home/ubuntu/apps/election-app/win_prob/H/NY/21/_work/output_statewide_stats.csv --output /home/ubuntu/apps/election-app/win_prob/H/NY/21/snapshots_NY.csv --start 2024-11-05T15-30-22 --end 2024-11-05T15-30-22 --use-window 1 --interval 30
Mode: windowed-one-state
Rows written: 15
Distinct states in output: NY
Rows per normalized timestamp (empty = unparseable):
  2024-11-05T15-30-22: 15
Wrote /home/ubuntu/apps/election-app/win_prob/H/NY/21/snapshots_NY.csv

$ /home/ubuntu/.venv/bin/python3 /home/ubuntu/apps/election-app/stats/6-pval.py /home/ubuntu/apps/election-app/win_prob/H/NY/21/snapshots_NY.csv -t /home/ubuntu/apps/election-app/stats/parameters.csv -o /home/ubuntu/apps/election-app/win_prob/H/NY/21/data_output_NY.csv -c 50
Done. Wrote: /home/ubuntu/apps/election-app/win_prob/H/NY/21/data_output_NY.csv
Total rows: 15 (chunked, resumable).
Computed columns for PVALS = [0.01, 0.1, 1, 2, 3, 5, 10, 15, 20, 25, 30, 35, 40, 45, 50, 55, 60, 65, 70, 75, 80, 85, 90, 95, 97, 98, 99, 99.9, 99.99]
Per p (leader): shift_{p}, margin_new_{p}, harris_percent_new_{p}, trump_percent_new_{p}, total_snapshot_{p}, total_expected_{p}, harris_votes_new_{p}, trump_votes_new_{p}
Per p (trailing): shift_trailing_{p}, margin_new_{p}_trailing, harris_percent_new_{p}_trailing, trump_percent_new_{p}_trailing, total_snapshot_{p}_trailing, total_expected_{p}_trailing, harris_votes_new_{p}_trailing, trump_votes_new_{p}_trailing
Checkpoint saved at: /home/ubuntu/apps/election-app/win_prob/H/NY/21/data_output_NY.csv.checkpoint.json

$ /home/ubuntu/.venv/bin/python3 /home/ubuntu/apps/election-app/stats/7-margin-new.py
Wrote data_output_with_margins_old.csv

$ /home/ubuntu/.venv/bin/python3 /home/ubuntu/apps/election-app/stats/7-eevp-statewide.py
Wrote data_output_with_margins.csv (copied from data_output_with_margins_old.csv)

$ /home/ubuntu/.venv/bin/python3 /home/ubuntu/apps/election-app/stats/7.py --input /home/ubuntu/apps/election-app/win_prob/H/NY/21/data_output_NY_with_margins_statewide_eevp.csv --output /home/ubuntu/apps/election-app/win_prob/H/NY/21/statewide_margin_pct_vs_percent_NY_2026.png --state NY --start 2024-11-05T15-30-22 --end 2024-11-05T15-30-22 --stats /home/ubuntu/apps/election-app/win_prob/H/NY/21/stats.csv --stats2 /home/ubuntu/apps/election-app/win_prob/H/NY/21/stats2.csv --interval 30 --year 2026 --jsonl /home/ubuntu/apps/election-app/win_prob/H/NY/21/plotdata_NY_2026_2026-01-25T17-26-38.jsonl
[warn] stats/stats2 FIPS mismatch for state=NY; will apply penalty_pts=100 only if %nodata>0
[info] evaluating 1 timestamps from 2024-11-05T15-30-22 to 2024-11-05T15-30-22 every 30 minutes
[saved] probs_timeseries_NY.csv  (1 points)
[saved] /home/ubuntu/apps/election-app/win_prob/H/NY/21/plotdata_NY_2026_2026-01-25T17-26-38.jsonl  (4 points)
[saved] /home/ubuntu/apps/election-app/win_prob/H/NY/21/statewide_margin_pct_vs_percent_NY_2026_box.json
[saved] /home/ubuntu/apps/election-app/win_prob/H/NY/21/statewide_margin_pct_vs_percent_NY_2026_box.png
[saved] /home/ubuntu/apps/election-app/win_prob/H/NY/21/statewide_margin_pct_vs_percent_NY_2026.png

All 50 states complete. See: /home/ubuntu/apps/election-app/win_prob/H/NY/21

$ /home/ubuntu/.venv/bin/python3 /home/ubuntu/apps/election-app/stats/8.py --root /home/ubuntu/apps/election-app/win_prob/H/NY/21/_work --outdir /home/ubuntu/apps/election-app/win_prob/H/NY/21
[info] root  = /home/ubuntu/apps/election-app/win_prob/H/NY/21/_work
[info] outdir= /home/ubuntu/apps/election-app/win_prob/H/NY/21
[deleted] /home/ubuntu/apps/election-app/win_prob/H/NY/21/_work/stats_with_statewide.csv
[deleted] /home/ubuntu/apps/election-app/win_prob/H/NY/21/_work/stats2_final_headers.csv
[deleted] /home/ubuntu/apps/election-app/win_prob/H/NY/21/_work/2024_county_results_with_final-old.csv
[deleted] /home/ubuntu/apps/election-app/win_prob/H/NY/21/_work/2024_county_results_with_final.csv
[deleted] /home/ubuntu/apps/election-app/win_prob/H/NY/21/_work/2024_county_results_with_final_1.csv
[deleted] /home/ubuntu/apps/election-app/win_prob/H/NY/21/_work/2024_county_results_with_calcs-old.csv
[deleted] /home/ubuntu/apps/election-app/win_prob/H/NY/21/_work/2024_county_results_with_calcs_new.csv
[deleted] /home/ubuntu/apps/election-app/win_prob/H/NY/21/_work/output_statewide_stats.csv
[skip]    /home/ubuntu/apps/election-app/win_prob/H/NY/21/_work/probs_timeseries_PA.csv
[deleted] /home/ubuntu/apps/election-app/win_prob/H/NY/21/_work/2024_county_results_with_calcs.csv
[skip]    /home/ubuntu/apps/election-app/win_prob/H/NY/21/data_output.csv
[skip]    /home/ubuntu/apps/election-app/win_prob/H/NY/21/data_output_with_margins_old.csv
[skip]    /home/ubuntu/apps/election-app/win_prob/H/NY/21/data_output_with_margins.csv
[skip]    /home/ubuntu/apps/election-app/win_prob/H/NY/21/data_output_with_margins-statewide.csv
[deleted] /home/ubuntu/apps/election-app/win_prob/H/NY/21/snapshots_NY.csv
[deleted] /home/ubuntu/apps/election-app/win_prob/H/NY/21/data_output_NY_with_margins.csv
[deleted] /home/ubuntu/apps/election-app/win_prob/H/NY/21/data_output_NY_with_margins_statewide_eevp.csv
[deleted] /home/ubuntu/apps/election-app/win_prob/H/NY/21/data_output_NY.csv
[deleted] /home/ubuntu/apps/election-app/win_prob/H/NY/21/data_output_NY.csv.checkpoint.json
[deleted] /home/ubuntu/apps/election-app/win_prob/H/NY/21/stats.csv
[deleted] /home/ubuntu/apps/election-app/win_prob/H/NY/21/stats2.csv
[done] removed 16 file(s)
[2026-01-25 17:35:17] INFO: [PIPELINE] args: office=H state=NY district=21
[2026-01-25 17:35:17] INFO: [PIPELINE] WINPROB_DIR resolved to: /home/ubuntu/apps/election-app/win_prob/H/NY/21
[2026-01-25 17:35:17] INFO: [PIPELINE] OUTDIR set to: /home/ubuntu/apps/election-app/win_prob/H/NY/21

$ /home/ubuntu/.venv/bin/python3 /home/ubuntu/apps/election-app/stats/1-statewide.py --input /home/ubuntu/apps/election-app/win_prob/H/NY/21/stats.csv --output /home/ubuntu/apps/election-app/win_prob/H/NY/21/_work/stats_with_statewide.csv
Wrote /home/ubuntu/apps/election-app/win_prob/H/NY/21/_work/stats_with_statewide.csv (rows=15)

$ /home/ubuntu/.venv/bin/python3 /home/ubuntu/apps/election-app/stats/1-stats-2.py --input /home/ubuntu/apps/election-app/win_prob/H/NY/21/stats2.csv --output /home/ubuntu/apps/election-app/win_prob/H/NY/21/_work/stats2_final_headers.csv
Wrote /home/ubuntu/apps/election-app/win_prob/H/NY/21/_work/stats2_final_headers.csv (rows=15)

$ /home/ubuntu/.venv/bin/python3 /home/ubuntu/apps/election-app/stats/1-append-new.py
[warn] stats/stats2 row+fips mismatch detected; will fill missing final_* with 10
Wrote 2024_county_results_with_final-old.csv (rows=15, missing_final_matches=2)

$ /home/ubuntu/.venv/bin/python3 /home/ubuntu/apps/election-app/stats/1-change_header.py
Wrote: 2024_county_results_with_final.csv

$ /home/ubuntu/.venv/bin/python3 /home/ubuntu/apps/election-app/stats/1-cut-zero-fips.py
Wrote: 2024_county_results_with_final_1.csv
Rows before: 15
Rows after:  15
Dropped (fips == 0): 0

$ /home/ubuntu/.venv/bin/python3 /home/ubuntu/apps/election-app/stats/2-calc.py
Wrote 15 rows with calculations to /home/ubuntu/apps/election-app/win_prob/H/NY/21/_work/2024_county_results_with_calcs-old.csv

$ /home/ubuntu/.venv/bin/python3 /home/ubuntu/apps/election-app/stats/2-eevp.py
Wrote (no-op copy): 2024_county_results_with_calcs.csv
Columns:
 - timestamp
 - state
 - county
 - fips
 - trump_votes
 - harris_votes
 - other_votes
 - eevp
 - state_eevp
 - harris_votes_statewide
 - trump_votes_statewide
 - other_votes_statewide
 - final_state
 - final_county
 - final_fips
 - final_trump_votes
 - final_harris_votes
 - final_other_votes
 - harris_percent_snapshot
 - trump_percent_snapshot
 - margin_snapshot
 - harris_percent_final
 - trump_percent_final
 - margin_final
 - margin_difference
 - margin_difference_abs

$ /home/ubuntu/.venv/bin/python3 /home/ubuntu/apps/election-app/stats/3-calc-new.py
Wrote 15 rows with new columns to /home/ubuntu/apps/election-app/win_prob/H/NY/21/_work/2024_county_results_with_calcs_new.csv

$ /home/ubuntu/.venv/bin/python3 /home/ubuntu/apps/election-app/stats/4-stats.py
Reading 2024_county_results_with_calcs_new.csv...
Aggregating statewide totals...
Calculating percentages and margins...
Writing to output_statewide_stats.csv...
Done!
[2026-01-25 17:35:26] INFO: [PIPELINE] ENTER win-prob generation | states=['NY'] ts_list=['2024-11-05T15-30-22']

============================================================================
[01/1] STATE = NY
============================================================================

$ /home/ubuntu/.venv/bin/python3 /home/ubuntu/apps/election-app/stats/5-snapshots.py --state NY --input /home/ubuntu/apps/election-app/win_prob/H/NY/21/_work/output_statewide_stats.csv --output /home/ubuntu/apps/election-app/win_prob/H/NY/21/snapshots_NY.csv --start 2024-11-05T15-30-22 --end 2024-11-05T15-30-22 --use-window 1 --interval 30
Mode: windowed-one-state
Rows written: 15
Distinct states in output: NY
Rows per normalized timestamp (empty = unparseable):
  2024-11-05T15-30-22: 15
Wrote /home/ubuntu/apps/election-app/win_prob/H/NY/21/snapshots_NY.csv

$ /home/ubuntu/.venv/bin/python3 /home/ubuntu/apps/election-app/stats/6-pval.py /home/ubuntu/apps/election-app/win_prob/H/NY/21/snapshots_NY.csv -t /home/ubuntu/apps/election-app/stats/parameters.csv -o /home/ubuntu/apps/election-app/win_prob/H/NY/21/data_output_NY.csv -c 50
Done. Wrote: /home/ubuntu/apps/election-app/win_prob/H/NY/21/data_output_NY.csv
Total rows: 15 (chunked, resumable).
Computed columns for PVALS = [0.01, 0.1, 1, 2, 3, 5, 10, 15, 20, 25, 30, 35, 40, 45, 50, 55, 60, 65, 70, 75, 80, 85, 90, 95, 97, 98, 99, 99.9, 99.99]
Per p (leader): shift_{p}, margin_new_{p}, harris_percent_new_{p}, trump_percent_new_{p}, total_snapshot_{p}, total_expected_{p}, harris_votes_new_{p}, trump_votes_new_{p}
Per p (trailing): shift_trailing_{p}, margin_new_{p}_trailing, harris_percent_new_{p}_trailing, trump_percent_new_{p}_trailing, total_snapshot_{p}_trailing, total_expected_{p}_trailing, harris_votes_new_{p}_trailing, trump_votes_new_{p}_trailing
Checkpoint saved at: /home/ubuntu/apps/election-app/win_prob/H/NY/21/data_output_NY.csv.checkpoint.json

$ /home/ubuntu/.venv/bin/python3 /home/ubuntu/apps/election-app/stats/7-margin-new.py
Wrote data_output_with_margins_old.csv

$ /home/ubuntu/.venv/bin/python3 /home/ubuntu/apps/election-app/stats/7-eevp-statewide.py
Wrote data_output_with_margins.csv (copied from data_output_with_margins_old.csv)

$ /home/ubuntu/.venv/bin/python3 /home/ubuntu/apps/election-app/stats/7.py --input /home/ubuntu/apps/election-app/win_prob/H/NY/21/data_output_NY_with_margins_statewide_eevp.csv --output /home/ubuntu/apps/election-app/win_prob/H/NY/21/statewide_margin_pct_vs_percent_NY_2026.png --state NY --start 2024-11-05T15-30-22 --end 2024-11-05T15-30-22 --stats /home/ubuntu/apps/election-app/win_prob/H/NY/21/stats.csv --stats2 /home/ubuntu/apps/election-app/win_prob/H/NY/21/stats2.csv --interval 30 --year 2026 --jsonl /home/ubuntu/apps/election-app/win_prob/H/NY/21/plotdata_NY_2026_2026-01-25T17-35-17.jsonl
[warn] stats/stats2 FIPS mismatch for state=NY; will apply penalty_pts=100 only if %nodata>0
[info] evaluating 1 timestamps from 2024-11-05T15-30-22 to 2024-11-05T15-30-22 every 30 minutes
[saved] probs_timeseries_NY.csv  (1 points)
[saved] /home/ubuntu/apps/election-app/win_prob/H/NY/21/plotdata_NY_2026_2026-01-25T17-35-17.jsonl  (4 points)
[saved] /home/ubuntu/apps/election-app/win_prob/H/NY/21/statewide_margin_pct_vs_percent_NY_2026_box.json
[saved] /home/ubuntu/apps/election-app/win_prob/H/NY/21/statewide_margin_pct_vs_percent_NY_2026_box.png
[saved] /home/ubuntu/apps/election-app/win_prob/H/NY/21/statewide_margin_pct_vs_percent_NY_2026.png

All 50 states complete. See: /home/ubuntu/apps/election-app/win_prob/H/NY/21

$ /home/ubuntu/.venv/bin/python3 /home/ubuntu/apps/election-app/stats/8.py --root /home/ubuntu/apps/election-app/win_prob/H/NY/21/_work --outdir /home/ubuntu/apps/election-app/win_prob/H/NY/21
[info] root  = /home/ubuntu/apps/election-app/win_prob/H/NY/21/_work
[info] outdir= /home/ubuntu/apps/election-app/win_prob/H/NY/21
[deleted] /home/ubuntu/apps/election-app/win_prob/H/NY/21/_work/stats_with_statewide.csv
[deleted] /home/ubuntu/apps/election-app/win_prob/H/NY/21/_work/stats2_final_headers.csv
[deleted] /home/ubuntu/apps/election-app/win_prob/H/NY/21/_work/2024_county_results_with_final-old.csv
[deleted] /home/ubuntu/apps/election-app/win_prob/H/NY/21/_work/2024_county_results_with_final.csv
[deleted] /home/ubuntu/apps/election-app/win_prob/H/NY/21/_work/2024_county_results_with_final_1.csv
[deleted] /home/ubuntu/apps/election-app/win_prob/H/NY/21/_work/2024_county_results_with_calcs-old.csv
[deleted] /home/ubuntu/apps/election-app/win_prob/H/NY/21/_work/2024_county_results_with_calcs_new.csv
[deleted] /home/ubuntu/apps/election-app/win_prob/H/NY/21/_work/output_statewide_stats.csv
[skip]    /home/ubuntu/apps/election-app/win_prob/H/NY/21/_work/probs_timeseries_PA.csv
[deleted] /home/ubuntu/apps/election-app/win_prob/H/NY/21/_work/2024_county_results_with_calcs.csv
[skip]    /home/ubuntu/apps/election-app/win_prob/H/NY/21/data_output.csv
[skip]    /home/ubuntu/apps/election-app/win_prob/H/NY/21/data_output_with_margins_old.csv
[skip]    /home/ubuntu/apps/election-app/win_prob/H/NY/21/data_output_with_margins.csv
[skip]    /home/ubuntu/apps/election-app/win_prob/H/NY/21/data_output_with_margins-statewide.csv
[deleted] /home/ubuntu/apps/election-app/win_prob/H/NY/21/snapshots_NY.csv
[deleted] /home/ubuntu/apps/election-app/win_prob/H/NY/21/data_output_NY_with_margins.csv
[deleted] /home/ubuntu/apps/election-app/win_prob/H/NY/21/data_output_NY_with_margins_statewide_eevp.csv
[deleted] /home/ubuntu/apps/election-app/win_prob/H/NY/21/data_output_NY.csv
[deleted] /home/ubuntu/apps/election-app/win_prob/H/NY/21/data_output_NY.csv.checkpoint.json
[deleted] /home/ubuntu/apps/election-app/win_prob/H/NY/21/stats.csv
[deleted] /home/ubuntu/apps/election-app/win_prob/H/NY/21/stats2.csv
[done] removed 16 file(s)
[2026-01-25 17:43:44] INFO: [PIPELINE] args: office=H state=NY district=21
[2026-01-25 17:43:44] INFO: [PIPELINE] WINPROB_DIR resolved to: /home/ubuntu/apps/election-app/win_prob/H/NY/21
[2026-01-25 17:43:44] INFO: [PIPELINE] OUTDIR set to: /home/ubuntu/apps/election-app/win_prob/H/NY/21

$ /home/ubuntu/.venv/bin/python3 /home/ubuntu/apps/election-app/stats/1-statewide.py --input /home/ubuntu/apps/election-app/win_prob/H/NY/21/stats.csv --output /home/ubuntu/apps/election-app/win_prob/H/NY/21/_work/stats_with_statewide.csv
Wrote /home/ubuntu/apps/election-app/win_prob/H/NY/21/_work/stats_with_statewide.csv (rows=15)

$ /home/ubuntu/.venv/bin/python3 /home/ubuntu/apps/election-app/stats/1-stats-2.py --input /home/ubuntu/apps/election-app/win_prob/H/NY/21/stats2.csv --output /home/ubuntu/apps/election-app/win_prob/H/NY/21/_work/stats2_final_headers.csv
Wrote /home/ubuntu/apps/election-app/win_prob/H/NY/21/_work/stats2_final_headers.csv (rows=15)

$ /home/ubuntu/.venv/bin/python3 /home/ubuntu/apps/election-app/stats/1-append-new.py
[warn] stats/stats2 row+fips mismatch detected; will fill missing final_* with 10
Wrote 2024_county_results_with_final-old.csv (rows=15, missing_final_matches=2)

$ /home/ubuntu/.venv/bin/python3 /home/ubuntu/apps/election-app/stats/1-change_header.py
Wrote: 2024_county_results_with_final.csv

$ /home/ubuntu/.venv/bin/python3 /home/ubuntu/apps/election-app/stats/1-cut-zero-fips.py
Wrote: 2024_county_results_with_final_1.csv
Rows before: 15
Rows after:  15
Dropped (fips == 0): 0

$ /home/ubuntu/.venv/bin/python3 /home/ubuntu/apps/election-app/stats/2-calc.py
Wrote 15 rows with calculations to /home/ubuntu/apps/election-app/win_prob/H/NY/21/_work/2024_county_results_with_calcs-old.csv

$ /home/ubuntu/.venv/bin/python3 /home/ubuntu/apps/election-app/stats/2-eevp.py
Wrote (no-op copy): 2024_county_results_with_calcs.csv
Columns:
 - timestamp
 - state
 - county
 - fips
 - trump_votes
 - harris_votes
 - other_votes
 - eevp
 - state_eevp
 - harris_votes_statewide
 - trump_votes_statewide
 - other_votes_statewide
 - final_state
 - final_county
 - final_fips
 - final_trump_votes
 - final_harris_votes
 - final_other_votes
 - harris_percent_snapshot
 - trump_percent_snapshot
 - margin_snapshot
 - harris_percent_final
 - trump_percent_final
 - margin_final
 - margin_difference
 - margin_difference_abs

$ /home/ubuntu/.venv/bin/python3 /home/ubuntu/apps/election-app/stats/3-calc-new.py
Wrote 15 rows with new columns to /home/ubuntu/apps/election-app/win_prob/H/NY/21/_work/2024_county_results_with_calcs_new.csv

$ /home/ubuntu/.venv/bin/python3 /home/ubuntu/apps/election-app/stats/4-stats.py
Reading 2024_county_results_with_calcs_new.csv...
Aggregating statewide totals...
Calculating percentages and margins...
Writing to output_statewide_stats.csv...
Done!
[2026-01-25 17:43:53] INFO: [PIPELINE] ENTER win-prob generation | states=['NY'] ts_list=['2024-11-05T15-30-22']

============================================================================
[01/1] STATE = NY
============================================================================

$ /home/ubuntu/.venv/bin/python3 /home/ubuntu/apps/election-app/stats/5-snapshots.py --state NY --input /home/ubuntu/apps/election-app/win_prob/H/NY/21/_work/output_statewide_stats.csv --output /home/ubuntu/apps/election-app/win_prob/H/NY/21/snapshots_NY.csv --start 2024-11-05T15-30-22 --end 2024-11-05T15-30-22 --use-window 1 --interval 30
Mode: windowed-one-state
Rows written: 15
Distinct states in output: NY
Rows per normalized timestamp (empty = unparseable):
  2024-11-05T15-30-22: 15
Wrote /home/ubuntu/apps/election-app/win_prob/H/NY/21/snapshots_NY.csv

$ /home/ubuntu/.venv/bin/python3 /home/ubuntu/apps/election-app/stats/6-pval.py /home/ubuntu/apps/election-app/win_prob/H/NY/21/snapshots_NY.csv -t /home/ubuntu/apps/election-app/stats/parameters.csv -o /home/ubuntu/apps/election-app/win_prob/H/NY/21/data_output_NY.csv -c 50
Done. Wrote: /home/ubuntu/apps/election-app/win_prob/H/NY/21/data_output_NY.csv
Total rows: 15 (chunked, resumable).
Computed columns for PVALS = [0.01, 0.1, 1, 2, 3, 5, 10, 15, 20, 25, 30, 35, 40, 45, 50, 55, 60, 65, 70, 75, 80, 85, 90, 95, 97, 98, 99, 99.9, 99.99]
Per p (leader): shift_{p}, margin_new_{p}, harris_percent_new_{p}, trump_percent_new_{p}, total_snapshot_{p}, total_expected_{p}, harris_votes_new_{p}, trump_votes_new_{p}
Per p (trailing): shift_trailing_{p}, margin_new_{p}_trailing, harris_percent_new_{p}_trailing, trump_percent_new_{p}_trailing, total_snapshot_{p}_trailing, total_expected_{p}_trailing, harris_votes_new_{p}_trailing, trump_votes_new_{p}_trailing
Checkpoint saved at: /home/ubuntu/apps/election-app/win_prob/H/NY/21/data_output_NY.csv.checkpoint.json

$ /home/ubuntu/.venv/bin/python3 /home/ubuntu/apps/election-app/stats/7-margin-new.py
Wrote data_output_with_margins_old.csv

$ /home/ubuntu/.venv/bin/python3 /home/ubuntu/apps/election-app/stats/7-eevp-statewide.py
Wrote data_output_with_margins.csv (copied from data_output_with_margins_old.csv)

$ /home/ubuntu/.venv/bin/python3 /home/ubuntu/apps/election-app/stats/7.py --input /home/ubuntu/apps/election-app/win_prob/H/NY/21/data_output_NY_with_margins_statewide_eevp.csv --output /home/ubuntu/apps/election-app/win_prob/H/NY/21/statewide_margin_pct_vs_percent_NY_2026.png --state NY --start 2024-11-05T15-30-22 --end 2024-11-05T15-30-22 --stats /home/ubuntu/apps/election-app/win_prob/H/NY/21/stats.csv --stats2 /home/ubuntu/apps/election-app/win_prob/H/NY/21/stats2.csv --interval 30 --year 2026 --jsonl /home/ubuntu/apps/election-app/win_prob/H/NY/21/plotdata_NY_2026_2026-01-25T17-43-44.jsonl
[warn] stats/stats2 FIPS mismatch for state=NY; will apply penalty_pts=100 only if %nodata>0
[info] evaluating 1 timestamps from 2024-11-05T15-30-22 to 2024-11-05T15-30-22 every 30 minutes
[saved] probs_timeseries_NY.csv  (1 points)
[saved] /home/ubuntu/apps/election-app/win_prob/H/NY/21/plotdata_NY_2026_2026-01-25T17-43-44.jsonl  (4 points)
[saved] /home/ubuntu/apps/election-app/win_prob/H/NY/21/statewide_margin_pct_vs_percent_NY_2026_box.json
[saved] /home/ubuntu/apps/election-app/win_prob/H/NY/21/statewide_margin_pct_vs_percent_NY_2026_box.png
[saved] /home/ubuntu/apps/election-app/win_prob/H/NY/21/statewide_margin_pct_vs_percent_NY_2026.png

All 50 states complete. See: /home/ubuntu/apps/election-app/win_prob/H/NY/21

$ /home/ubuntu/.venv/bin/python3 /home/ubuntu/apps/election-app/stats/8.py --root /home/ubuntu/apps/election-app/win_prob/H/NY/21/_work --outdir /home/ubuntu/apps/election-app/win_prob/H/NY/21
[info] root  = /home/ubuntu/apps/election-app/win_prob/H/NY/21/_work
[info] outdir= /home/ubuntu/apps/election-app/win_prob/H/NY/21
[deleted] /home/ubuntu/apps/election-app/win_prob/H/NY/21/_work/stats_with_statewide.csv
[deleted] /home/ubuntu/apps/election-app/win_prob/H/NY/21/_work/stats2_final_headers.csv
[deleted] /home/ubuntu/apps/election-app/win_prob/H/NY/21/_work/2024_county_results_with_final-old.csv
[deleted] /home/ubuntu/apps/election-app/win_prob/H/NY/21/_work/2024_county_results_with_final.csv
[deleted] /home/ubuntu/apps/election-app/win_prob/H/NY/21/_work/2024_county_results_with_final_1.csv
[deleted] /home/ubuntu/apps/election-app/win_prob/H/NY/21/_work/2024_county_results_with_calcs-old.csv
[deleted] /home/ubuntu/apps/election-app/win_prob/H/NY/21/_work/2024_county_results_with_calcs_new.csv
[deleted] /home/ubuntu/apps/election-app/win_prob/H/NY/21/_work/output_statewide_stats.csv
[skip]    /home/ubuntu/apps/election-app/win_prob/H/NY/21/_work/probs_timeseries_PA.csv
[deleted] /home/ubuntu/apps/election-app/win_prob/H/NY/21/_work/2024_county_results_with_calcs.csv
[skip]    /home/ubuntu/apps/election-app/win_prob/H/NY/21/data_output.csv
[skip]    /home/ubuntu/apps/election-app/win_prob/H/NY/21/data_output_with_margins_old.csv
[skip]    /home/ubuntu/apps/election-app/win_prob/H/NY/21/data_output_with_margins.csv
[skip]    /home/ubuntu/apps/election-app/win_prob/H/NY/21/data_output_with_margins-statewide.csv
[deleted] /home/ubuntu/apps/election-app/win_prob/H/NY/21/snapshots_NY.csv
[deleted] /home/ubuntu/apps/election-app/win_prob/H/NY/21/data_output_NY_with_margins.csv
[deleted] /home/ubuntu/apps/election-app/win_prob/H/NY/21/data_output_NY_with_margins_statewide_eevp.csv
[deleted] /home/ubuntu/apps/election-app/win_prob/H/NY/21/data_output_NY.csv
[deleted] /home/ubuntu/apps/election-app/win_prob/H/NY/21/data_output_NY.csv.checkpoint.json
[deleted] /home/ubuntu/apps/election-app/win_prob/H/NY/21/stats.csv
[deleted] /home/ubuntu/apps/election-app/win_prob/H/NY/21/stats2.csv
[done] removed 16 file(s)
[2026-02-04 17:50:16] INFO: [PIPELINE] args: office=H state=NY district=21
[2026-02-04 17:50:16] INFO: [PIPELINE] WINPROB_DIR resolved to: /home/ubuntu/apps/election-app/win_prob/H/NY/21
[2026-02-04 17:50:16] INFO: [PIPELINE] OUTDIR set to: /home/ubuntu/apps/election-app/win_prob/H/NY/21

$ /home/ubuntu/.venv/bin/python3 /home/ubuntu/apps/election-app/stats/1-statewide.py --input /home/ubuntu/apps/election-app/win_prob/H/NY/21/stats.csv --output /home/ubuntu/apps/election-app/win_prob/H/NY/21/_work/stats_with_statewide.csv
Wrote /home/ubuntu/apps/election-app/win_prob/H/NY/21/_work/stats_with_statewide.csv (rows=15)

$ /home/ubuntu/.venv/bin/python3 /home/ubuntu/apps/election-app/stats/1-stats-2.py --input /home/ubuntu/apps/election-app/win_prob/H/NY/21/stats2.csv --output /home/ubuntu/apps/election-app/win_prob/H/NY/21/_work/stats2_final_headers.csv
Wrote /home/ubuntu/apps/election-app/win_prob/H/NY/21/_work/stats2_final_headers.csv (rows=15)

$ /home/ubuntu/.venv/bin/python3 /home/ubuntu/apps/election-app/stats/1-append-new.py
[warn] stats/stats2 row+fips mismatch detected; will fill missing final_* with 10
Wrote 2024_county_results_with_final-old.csv (rows=15, missing_final_matches=2)

$ /home/ubuntu/.venv/bin/python3 /home/ubuntu/apps/election-app/stats/1-change_header.py
Wrote: 2024_county_results_with_final.csv

$ /home/ubuntu/.venv/bin/python3 /home/ubuntu/apps/election-app/stats/1-cut-zero-fips.py
Wrote: 2024_county_results_with_final_1.csv
Rows before: 15
Rows after:  15
Dropped (fips == 0): 0

$ /home/ubuntu/.venv/bin/python3 /home/ubuntu/apps/election-app/stats/2-calc.py
Wrote 15 rows with calculations to /home/ubuntu/apps/election-app/win_prob/H/NY/21/_work/2024_county_results_with_calcs-old.csv

$ /home/ubuntu/.venv/bin/python3 /home/ubuntu/apps/election-app/stats/2-eevp.py
Wrote (no-op copy): 2024_county_results_with_calcs.csv
Columns:
 - timestamp
 - state
 - county
 - fips
 - trump_votes
 - harris_votes
 - other_votes
 - eevp
 - state_eevp
 - harris_votes_statewide
 - trump_votes_statewide
 - other_votes_statewide
 - final_state
 - final_county
 - final_fips
 - final_trump_votes
 - final_harris_votes
 - final_other_votes
 - harris_percent_snapshot
 - trump_percent_snapshot
 - margin_snapshot
 - harris_percent_final
 - trump_percent_final
 - margin_final
 - margin_difference
 - margin_difference_abs

$ /home/ubuntu/.venv/bin/python3 /home/ubuntu/apps/election-app/stats/3-calc-new.py
Wrote 15 rows with new columns to /home/ubuntu/apps/election-app/win_prob/H/NY/21/_work/2024_county_results_with_calcs_new.csv

$ /home/ubuntu/.venv/bin/python3 /home/ubuntu/apps/election-app/stats/4-stats.py
Reading 2024_county_results_with_calcs_new.csv...
Aggregating statewide totals...
Calculating percentages and margins...
Writing to output_statewide_stats.csv...
Done!
[2026-02-04 17:50:25] INFO: [PIPELINE] ENTER win-prob generation | states=['NY'] ts_list=['2024-11-05T15-30-22']

============================================================================
[01/1] STATE = NY
============================================================================

$ /home/ubuntu/.venv/bin/python3 /home/ubuntu/apps/election-app/stats/5-snapshots.py --state NY --input /home/ubuntu/apps/election-app/win_prob/H/NY/21/_work/output_statewide_stats.csv --output /home/ubuntu/apps/election-app/win_prob/H/NY/21/snapshots_NY.csv --start 2024-11-05T15-30-22 --end 2024-11-05T15-30-22 --use-window 1 --interval 30
Mode: windowed-one-state
Rows written: 15
Distinct states in output: NY
Rows per normalized timestamp (empty = unparseable):
  2024-11-05T15-30-22: 15
Wrote /home/ubuntu/apps/election-app/win_prob/H/NY/21/snapshots_NY.csv

$ /home/ubuntu/.venv/bin/python3 /home/ubuntu/apps/election-app/stats/6-pval.py /home/ubuntu/apps/election-app/win_prob/H/NY/21/snapshots_NY.csv -t /home/ubuntu/apps/election-app/stats/parameters.csv -o /home/ubuntu/apps/election-app/win_prob/H/NY/21/data_output_NY.csv -c 50
Done. Wrote: /home/ubuntu/apps/election-app/win_prob/H/NY/21/data_output_NY.csv
Total rows: 15 (chunked, resumable).
Computed columns for PVALS = [0.01, 0.1, 1, 2, 3, 5, 10, 15, 20, 25, 30, 35, 40, 45, 50, 55, 60, 65, 70, 75, 80, 85, 90, 95, 97, 98, 99, 99.9, 99.99]
Per p (leader): shift_{p}, margin_new_{p}, harris_percent_new_{p}, trump_percent_new_{p}, total_snapshot_{p}, total_expected_{p}, harris_votes_new_{p}, trump_votes_new_{p}
Per p (trailing): shift_trailing_{p}, margin_new_{p}_trailing, harris_percent_new_{p}_trailing, trump_percent_new_{p}_trailing, total_snapshot_{p}_trailing, total_expected_{p}_trailing, harris_votes_new_{p}_trailing, trump_votes_new_{p}_trailing
Checkpoint saved at: /home/ubuntu/apps/election-app/win_prob/H/NY/21/data_output_NY.csv.checkpoint.json

$ /home/ubuntu/.venv/bin/python3 /home/ubuntu/apps/election-app/stats/7-margin-new.py
Wrote data_output_with_margins_old.csv

$ /home/ubuntu/.venv/bin/python3 /home/ubuntu/apps/election-app/stats/7-eevp-statewide.py
Wrote data_output_with_margins.csv (copied from data_output_with_margins_old.csv)

$ /home/ubuntu/.venv/bin/python3 /home/ubuntu/apps/election-app/stats/7.py --input /home/ubuntu/apps/election-app/win_prob/H/NY/21/data_output_NY_with_margins_statewide_eevp.csv --output /home/ubuntu/apps/election-app/win_prob/H/NY/21/statewide_margin_pct_vs_percent_NY_2026.png --state NY --start 2024-11-05T15-30-22 --end 2024-11-05T15-30-22 --stats /home/ubuntu/apps/election-app/win_prob/H/NY/21/stats.csv --stats2 /home/ubuntu/apps/election-app/win_prob/H/NY/21/stats2.csv --interval 30 --year 2026 --jsonl /home/ubuntu/apps/election-app/win_prob/H/NY/21/plotdata_NY_2026_2026-02-04T17-50-16.jsonl
[warn] stats/stats2 FIPS mismatch for state=NY; will apply penalty_pts=100 only if %nodata>0
[info] evaluating 1 timestamps from 2024-11-05T15-30-22 to 2024-11-05T15-30-22 every 30 minutes
[saved] probs_timeseries_NY.csv  (1 points)
[saved] /home/ubuntu/apps/election-app/win_prob/H/NY/21/plotdata_NY_2026_2026-02-04T17-50-16.jsonl  (4 points)
[saved] /home/ubuntu/apps/election-app/win_prob/H/NY/21/statewide_margin_pct_vs_percent_NY_2026_box.json
[saved] /home/ubuntu/apps/election-app/win_prob/H/NY/21/statewide_margin_pct_vs_percent_NY_2026_box.png
[saved] /home/ubuntu/apps/election-app/win_prob/H/NY/21/statewide_margin_pct_vs_percent_NY_2026.png

All 50 states complete. See: /home/ubuntu/apps/election-app/win_prob/H/NY/21

$ /home/ubuntu/.venv/bin/python3 /home/ubuntu/apps/election-app/stats/8.py --root /home/ubuntu/apps/election-app/win_prob/H/NY/21/_work --outdir /home/ubuntu/apps/election-app/win_prob/H/NY/21
[info] root  = /home/ubuntu/apps/election-app/win_prob/H/NY/21/_work
[info] outdir= /home/ubuntu/apps/election-app/win_prob/H/NY/21
[deleted] /home/ubuntu/apps/election-app/win_prob/H/NY/21/_work/stats_with_statewide.csv
[deleted] /home/ubuntu/apps/election-app/win_prob/H/NY/21/_work/stats2_final_headers.csv
[deleted] /home/ubuntu/apps/election-app/win_prob/H/NY/21/_work/2024_county_results_with_final-old.csv
[deleted] /home/ubuntu/apps/election-app/win_prob/H/NY/21/_work/2024_county_results_with_final.csv
[deleted] /home/ubuntu/apps/election-app/win_prob/H/NY/21/_work/2024_county_results_with_final_1.csv
[deleted] /home/ubuntu/apps/election-app/win_prob/H/NY/21/_work/2024_county_results_with_calcs-old.csv
[deleted] /home/ubuntu/apps/election-app/win_prob/H/NY/21/_work/2024_county_results_with_calcs_new.csv
[deleted] /home/ubuntu/apps/election-app/win_prob/H/NY/21/_work/output_statewide_stats.csv
[skip]    /home/ubuntu/apps/election-app/win_prob/H/NY/21/_work/probs_timeseries_PA.csv
[deleted] /home/ubuntu/apps/election-app/win_prob/H/NY/21/_work/2024_county_results_with_calcs.csv
[skip]    /home/ubuntu/apps/election-app/win_prob/H/NY/21/data_output.csv
[skip]    /home/ubuntu/apps/election-app/win_prob/H/NY/21/data_output_with_margins_old.csv
[skip]    /home/ubuntu/apps/election-app/win_prob/H/NY/21/data_output_with_margins.csv
[skip]    /home/ubuntu/apps/election-app/win_prob/H/NY/21/data_output_with_margins-statewide.csv
[deleted] /home/ubuntu/apps/election-app/win_prob/H/NY/21/snapshots_NY.csv
[deleted] /home/ubuntu/apps/election-app/win_prob/H/NY/21/data_output_NY_with_margins.csv
[deleted] /home/ubuntu/apps/election-app/win_prob/H/NY/21/data_output_NY_with_margins_statewide_eevp.csv
[deleted] /home/ubuntu/apps/election-app/win_prob/H/NY/21/data_output_NY.csv
[deleted] /home/ubuntu/apps/election-app/win_prob/H/NY/21/data_output_NY.csv.checkpoint.json
[deleted] /home/ubuntu/apps/election-app/win_prob/H/NY/21/stats.csv
[deleted] /home/ubuntu/apps/election-app/win_prob/H/NY/21/stats2.csv
[done] removed 16 file(s)
