[2026-01-22 21:11:24] INFO: [PIPELINE] args: office=H state=FL district=05
[2026-01-22 21:11:24] INFO: [PIPELINE] WINPROB_DIR resolved to: /home/ubuntu/apps/election-app/win_prob/H/FL/05
[2026-01-22 21:11:24] INFO: [PIPELINE] OUTDIR set to: /home/ubuntu/apps/election-app/win_prob/H/FL/05

$ /home/ubuntu/.venv/bin/python3 /home/ubuntu/apps/election-app/stats/1-statewide.py --input /home/ubuntu/apps/election-app/win_prob/H/FL/05/stats.csv --output /home/ubuntu/apps/election-app/win_prob/H/FL/05/_work/stats_with_statewide.csv
Wrote /home/ubuntu/apps/election-app/win_prob/H/FL/05/_work/stats_with_statewide.csv (rows=2)

$ /home/ubuntu/.venv/bin/python3 /home/ubuntu/apps/election-app/stats/1-stats-2.py --input /home/ubuntu/apps/election-app/win_prob/H/FL/05/stats2.csv --output /home/ubuntu/apps/election-app/win_prob/H/FL/05/_work/stats2_final_headers.csv
Wrote /home/ubuntu/apps/election-app/win_prob/H/FL/05/_work/stats2_final_headers.csv (rows=2)

$ /home/ubuntu/.venv/bin/python3 /home/ubuntu/apps/election-app/stats/1-append-new.py
Wrote 2024_county_results_with_final-old.csv (rows=2, missing_final_matches=0)

$ /home/ubuntu/.venv/bin/python3 /home/ubuntu/apps/election-app/stats/1-change_header.py
Wrote: 2024_county_results_with_final.csv

$ /home/ubuntu/.venv/bin/python3 /home/ubuntu/apps/election-app/stats/1-cut-zero-fips.py
Wrote: 2024_county_results_with_final_1.csv
Rows before: 2
Rows after:  2
Dropped (fips == 0): 0

$ /home/ubuntu/.venv/bin/python3 /home/ubuntu/apps/election-app/stats/2-calc.py
Wrote 2 rows with calculations to /home/ubuntu/apps/election-app/win_prob/H/FL/05/_work/2024_county_results_with_calcs-old.csv

$ /home/ubuntu/.venv/bin/python3 /home/ubuntu/apps/election-app/stats/2-eevp.py
Wrote (no-op copy): 2024_county_results_with_calcs.csv
Columns:
 - timestamp
 - state
 - county
 - fips
 - trump_votes
 - harris_votes
 - other_votes
 - eevp
 - state_eevp
 - harris_votes_statewide
 - trump_votes_statewide
 - other_votes_statewide
 - final_state
 - final_county
 - final_fips
 - final_trump_votes
 - final_harris_votes
 - final_other_votes
 - harris_percent_snapshot
 - trump_percent_snapshot
 - margin_snapshot
 - harris_percent_final
 - trump_percent_final
 - margin_final
 - margin_difference
 - margin_difference_abs

$ /home/ubuntu/.venv/bin/python3 /home/ubuntu/apps/election-app/stats/3-calc-new.py
Wrote 2 rows with new columns to /home/ubuntu/apps/election-app/win_prob/H/FL/05/_work/2024_county_results_with_calcs_new.csv

$ /home/ubuntu/.venv/bin/python3 /home/ubuntu/apps/election-app/stats/4-stats.py
Reading 2024_county_results_with_calcs_new.csv...
Aggregating statewide totals...
Calculating percentages and margins...
Writing to output_statewide_stats.csv...
Done!
[2026-01-22 21:11:34] INFO: [PIPELINE] ENTER win-prob generation | states=['FL'] ts_list=['2024-11-05T15-30-22']

============================================================================
[01/1] STATE = FL
============================================================================

$ /home/ubuntu/.venv/bin/python3 /home/ubuntu/apps/election-app/stats/5-snapshots.py --state FL --input /home/ubuntu/apps/election-app/win_prob/H/FL/05/_work/output_statewide_stats.csv --output /home/ubuntu/apps/election-app/win_prob/H/FL/05/snapshots_FL.csv --start 2024-11-05T15-30-22 --end 2024-11-05T15-30-22 --use-window 1 --interval 30
Mode: windowed-one-state
Rows written: 2
Distinct states in output: FL
Rows per normalized timestamp (empty = unparseable):
  2024-11-05T15-30-22: 2
Wrote /home/ubuntu/apps/election-app/win_prob/H/FL/05/snapshots_FL.csv

$ /home/ubuntu/.venv/bin/python3 /home/ubuntu/apps/election-app/stats/6-pval.py /home/ubuntu/apps/election-app/win_prob/H/FL/05/snapshots_FL.csv -t /home/ubuntu/apps/election-app/stats/parameters.csv -o /home/ubuntu/apps/election-app/win_prob/H/FL/05/data_output_FL.csv -c 50
Done. Wrote: /home/ubuntu/apps/election-app/win_prob/H/FL/05/data_output_FL.csv
Total rows: 2 (chunked, resumable).
Computed columns for PVALS = [0.01, 0.1, 1, 2, 3, 5, 10, 15, 20, 25, 30, 35, 40, 45, 50, 55, 60, 65, 70, 75, 80, 85, 90, 95, 97, 98, 99, 99.9, 99.99]
Per p (leader): shift_{p}, margin_new_{p}, harris_percent_new_{p}, trump_percent_new_{p}, total_snapshot_{p}, total_expected_{p}, harris_votes_new_{p}, trump_votes_new_{p}
Per p (trailing): shift_trailing_{p}, margin_new_{p}_trailing, harris_percent_new_{p}_trailing, trump_percent_new_{p}_trailing, total_snapshot_{p}_trailing, total_expected_{p}_trailing, harris_votes_new_{p}_trailing, trump_votes_new_{p}_trailing
Checkpoint saved at: /home/ubuntu/apps/election-app/win_prob/H/FL/05/data_output_FL.csv.checkpoint.json

$ /home/ubuntu/.venv/bin/python3 /home/ubuntu/apps/election-app/stats/7-margin-new.py
Wrote data_output_with_margins_old.csv

$ /home/ubuntu/.venv/bin/python3 /home/ubuntu/apps/election-app/stats/7-eevp-statewide.py
Wrote data_output_with_margins.csv (copied from data_output_with_margins_old.csv)

$ /home/ubuntu/.venv/bin/python3 /home/ubuntu/apps/election-app/stats/7.py --input /home/ubuntu/apps/election-app/win_prob/H/FL/05/data_output_FL_with_margins_statewide_eevp.csv --output /home/ubuntu/apps/election-app/win_prob/H/FL/05/statewide_margin_pct_vs_percent_FL_2026.png --state FL --start 2024-11-05T15-30-22 --end 2024-11-05T15-30-22 --stats /home/ubuntu/apps/election-app/win_prob/H/FL/05/stats.csv --stats2 /home/ubuntu/apps/election-app/win_prob/H/FL/05/stats2.csv --interval 30 --year 2026 --jsonl /home/ubuntu/apps/election-app/win_prob/H/FL/05/plotdata_FL_2026_2026-01-22T21-11-24.jsonl
[info] evaluating 1 timestamps from 2024-11-05T15-30-22 to 2024-11-05T15-30-22 every 30 minutes
[saved] probs_timeseries_FL.csv  (1 points)
[saved] /home/ubuntu/apps/election-app/win_prob/H/FL/05/plotdata_FL_2026_2026-01-22T21-11-24.jsonl  (0 points)
[saved] /home/ubuntu/apps/election-app/win_prob/H/FL/05/statewide_margin_pct_vs_percent_FL_2026_box.json
[saved] /home/ubuntu/apps/election-app/win_prob/H/FL/05/statewide_margin_pct_vs_percent_FL_2026_box.png
[saved] /home/ubuntu/apps/election-app/win_prob/H/FL/05/statewide_margin_pct_vs_percent_FL_2026.png

All 50 states complete. See: /home/ubuntu/apps/election-app/win_prob/H/FL/05

$ /home/ubuntu/.venv/bin/python3 /home/ubuntu/apps/election-app/stats/8.py --root /home/ubuntu/apps/election-app/win_prob/H/FL/05/_work --outdir /home/ubuntu/apps/election-app/win_prob/H/FL/05
[info] root  = /home/ubuntu/apps/election-app/win_prob/H/FL/05/_work
[info] outdir= /home/ubuntu/apps/election-app/win_prob/H/FL/05
[deleted] /home/ubuntu/apps/election-app/win_prob/H/FL/05/_work/stats_with_statewide.csv
[deleted] /home/ubuntu/apps/election-app/win_prob/H/FL/05/_work/stats2_final_headers.csv
[deleted] /home/ubuntu/apps/election-app/win_prob/H/FL/05/_work/2024_county_results_with_final-old.csv
[deleted] /home/ubuntu/apps/election-app/win_prob/H/FL/05/_work/2024_county_results_with_final.csv
[deleted] /home/ubuntu/apps/election-app/win_prob/H/FL/05/_work/2024_county_results_with_final_1.csv
[deleted] /home/ubuntu/apps/election-app/win_prob/H/FL/05/_work/2024_county_results_with_calcs-old.csv
[deleted] /home/ubuntu/apps/election-app/win_prob/H/FL/05/_work/2024_county_results_with_calcs_new.csv
[deleted] /home/ubuntu/apps/election-app/win_prob/H/FL/05/_work/output_statewide_stats.csv
[skip]    /home/ubuntu/apps/election-app/win_prob/H/FL/05/_work/probs_timeseries_PA.csv
[deleted] /home/ubuntu/apps/election-app/win_prob/H/FL/05/_work/2024_county_results_with_calcs.csv
[skip]    /home/ubuntu/apps/election-app/win_prob/H/FL/05/data_output.csv
[skip]    /home/ubuntu/apps/election-app/win_prob/H/FL/05/data_output_with_margins_old.csv
[skip]    /home/ubuntu/apps/election-app/win_prob/H/FL/05/data_output_with_margins.csv
[skip]    /home/ubuntu/apps/election-app/win_prob/H/FL/05/data_output_with_margins-statewide.csv
[deleted] /home/ubuntu/apps/election-app/win_prob/H/FL/05/snapshots_FL.csv
[deleted] /home/ubuntu/apps/election-app/win_prob/H/FL/05/data_output_FL.csv
[deleted] /home/ubuntu/apps/election-app/win_prob/H/FL/05/data_output_FL_with_margins_statewide_eevp.csv
[deleted] /home/ubuntu/apps/election-app/win_prob/H/FL/05/data_output_FL_with_margins.csv
[deleted] /home/ubuntu/apps/election-app/win_prob/H/FL/05/data_output_FL.csv.checkpoint.json
[deleted] /home/ubuntu/apps/election-app/win_prob/H/FL/05/stats.csv
[deleted] /home/ubuntu/apps/election-app/win_prob/H/FL/05/stats2.csv
[done] removed 16 file(s)
[2026-01-22 21:18:02] INFO: [PIPELINE] args: office=H state=FL district=05
[2026-01-22 21:18:02] INFO: [PIPELINE] WINPROB_DIR resolved to: /home/ubuntu/apps/election-app/win_prob/H/FL/05
[2026-01-22 21:18:02] INFO: [PIPELINE] OUTDIR set to: /home/ubuntu/apps/election-app/win_prob/H/FL/05

$ /home/ubuntu/.venv/bin/python3 /home/ubuntu/apps/election-app/stats/1-statewide.py --input /home/ubuntu/apps/election-app/win_prob/H/FL/05/stats.csv --output /home/ubuntu/apps/election-app/win_prob/H/FL/05/_work/stats_with_statewide.csv
Wrote /home/ubuntu/apps/election-app/win_prob/H/FL/05/_work/stats_with_statewide.csv (rows=2)

$ /home/ubuntu/.venv/bin/python3 /home/ubuntu/apps/election-app/stats/1-stats-2.py --input /home/ubuntu/apps/election-app/win_prob/H/FL/05/stats2.csv --output /home/ubuntu/apps/election-app/win_prob/H/FL/05/_work/stats2_final_headers.csv
Wrote /home/ubuntu/apps/election-app/win_prob/H/FL/05/_work/stats2_final_headers.csv (rows=2)

$ /home/ubuntu/.venv/bin/python3 /home/ubuntu/apps/election-app/stats/1-append-new.py
Wrote 2024_county_results_with_final-old.csv (rows=2, missing_final_matches=0)

$ /home/ubuntu/.venv/bin/python3 /home/ubuntu/apps/election-app/stats/1-change_header.py
Wrote: 2024_county_results_with_final.csv

$ /home/ubuntu/.venv/bin/python3 /home/ubuntu/apps/election-app/stats/1-cut-zero-fips.py
Wrote: 2024_county_results_with_final_1.csv
Rows before: 2
Rows after:  2
Dropped (fips == 0): 0

$ /home/ubuntu/.venv/bin/python3 /home/ubuntu/apps/election-app/stats/2-calc.py
Wrote 2 rows with calculations to /home/ubuntu/apps/election-app/win_prob/H/FL/05/_work/2024_county_results_with_calcs-old.csv

$ /home/ubuntu/.venv/bin/python3 /home/ubuntu/apps/election-app/stats/2-eevp.py
Wrote (no-op copy): 2024_county_results_with_calcs.csv
Columns:
 - timestamp
 - state
 - county
 - fips
 - trump_votes
 - harris_votes
 - other_votes
 - eevp
 - state_eevp
 - harris_votes_statewide
 - trump_votes_statewide
 - other_votes_statewide
 - final_state
 - final_county
 - final_fips
 - final_trump_votes
 - final_harris_votes
 - final_other_votes
 - harris_percent_snapshot
 - trump_percent_snapshot
 - margin_snapshot
 - harris_percent_final
 - trump_percent_final
 - margin_final
 - margin_difference
 - margin_difference_abs

$ /home/ubuntu/.venv/bin/python3 /home/ubuntu/apps/election-app/stats/3-calc-new.py
Wrote 2 rows with new columns to /home/ubuntu/apps/election-app/win_prob/H/FL/05/_work/2024_county_results_with_calcs_new.csv

$ /home/ubuntu/.venv/bin/python3 /home/ubuntu/apps/election-app/stats/4-stats.py
Reading 2024_county_results_with_calcs_new.csv...
Aggregating statewide totals...
Calculating percentages and margins...
Writing to output_statewide_stats.csv...
Done!
[2026-01-22 21:18:11] INFO: [PIPELINE] ENTER win-prob generation | states=['FL'] ts_list=['2024-11-05T15-30-22']

============================================================================
[01/1] STATE = FL
============================================================================

$ /home/ubuntu/.venv/bin/python3 /home/ubuntu/apps/election-app/stats/5-snapshots.py --state FL --input /home/ubuntu/apps/election-app/win_prob/H/FL/05/_work/output_statewide_stats.csv --output /home/ubuntu/apps/election-app/win_prob/H/FL/05/snapshots_FL.csv --start 2024-11-05T15-30-22 --end 2024-11-05T15-30-22 --use-window 1 --interval 30
Mode: windowed-one-state
Rows written: 2
Distinct states in output: FL
Rows per normalized timestamp (empty = unparseable):
  2024-11-05T15-30-22: 2
Wrote /home/ubuntu/apps/election-app/win_prob/H/FL/05/snapshots_FL.csv

$ /home/ubuntu/.venv/bin/python3 /home/ubuntu/apps/election-app/stats/6-pval.py /home/ubuntu/apps/election-app/win_prob/H/FL/05/snapshots_FL.csv -t /home/ubuntu/apps/election-app/stats/parameters.csv -o /home/ubuntu/apps/election-app/win_prob/H/FL/05/data_output_FL.csv -c 50
Done. Wrote: /home/ubuntu/apps/election-app/win_prob/H/FL/05/data_output_FL.csv
Total rows: 2 (chunked, resumable).
Computed columns for PVALS = [0.01, 0.1, 1, 2, 3, 5, 10, 15, 20, 25, 30, 35, 40, 45, 50, 55, 60, 65, 70, 75, 80, 85, 90, 95, 97, 98, 99, 99.9, 99.99]
Per p (leader): shift_{p}, margin_new_{p}, harris_percent_new_{p}, trump_percent_new_{p}, total_snapshot_{p}, total_expected_{p}, harris_votes_new_{p}, trump_votes_new_{p}
Per p (trailing): shift_trailing_{p}, margin_new_{p}_trailing, harris_percent_new_{p}_trailing, trump_percent_new_{p}_trailing, total_snapshot_{p}_trailing, total_expected_{p}_trailing, harris_votes_new_{p}_trailing, trump_votes_new_{p}_trailing
Checkpoint saved at: /home/ubuntu/apps/election-app/win_prob/H/FL/05/data_output_FL.csv.checkpoint.json

$ /home/ubuntu/.venv/bin/python3 /home/ubuntu/apps/election-app/stats/7-margin-new.py
Wrote data_output_with_margins_old.csv

$ /home/ubuntu/.venv/bin/python3 /home/ubuntu/apps/election-app/stats/7-eevp-statewide.py
Wrote data_output_with_margins.csv (copied from data_output_with_margins_old.csv)

$ /home/ubuntu/.venv/bin/python3 /home/ubuntu/apps/election-app/stats/7.py --input /home/ubuntu/apps/election-app/win_prob/H/FL/05/data_output_FL_with_margins_statewide_eevp.csv --output /home/ubuntu/apps/election-app/win_prob/H/FL/05/statewide_margin_pct_vs_percent_FL_2026.png --state FL --start 2024-11-05T15-30-22 --end 2024-11-05T15-30-22 --stats /home/ubuntu/apps/election-app/win_prob/H/FL/05/stats.csv --stats2 /home/ubuntu/apps/election-app/win_prob/H/FL/05/stats2.csv --interval 30 --year 2026 --jsonl /home/ubuntu/apps/election-app/win_prob/H/FL/05/plotdata_FL_2026_2026-01-22T21-18-02.jsonl
[info] evaluating 1 timestamps from 2024-11-05T15-30-22 to 2024-11-05T15-30-22 every 30 minutes
[saved] probs_timeseries_FL.csv  (1 points)
[saved] /home/ubuntu/apps/election-app/win_prob/H/FL/05/plotdata_FL_2026_2026-01-22T21-18-02.jsonl  (4 points)
[saved] /home/ubuntu/apps/election-app/win_prob/H/FL/05/statewide_margin_pct_vs_percent_FL_2026_box.json
[saved] /home/ubuntu/apps/election-app/win_prob/H/FL/05/statewide_margin_pct_vs_percent_FL_2026_box.png
[saved] /home/ubuntu/apps/election-app/win_prob/H/FL/05/statewide_margin_pct_vs_percent_FL_2026.png

All 50 states complete. See: /home/ubuntu/apps/election-app/win_prob/H/FL/05

$ /home/ubuntu/.venv/bin/python3 /home/ubuntu/apps/election-app/stats/8.py --root /home/ubuntu/apps/election-app/win_prob/H/FL/05/_work --outdir /home/ubuntu/apps/election-app/win_prob/H/FL/05
[info] root  = /home/ubuntu/apps/election-app/win_prob/H/FL/05/_work
[info] outdir= /home/ubuntu/apps/election-app/win_prob/H/FL/05
[deleted] /home/ubuntu/apps/election-app/win_prob/H/FL/05/_work/stats_with_statewide.csv
[deleted] /home/ubuntu/apps/election-app/win_prob/H/FL/05/_work/stats2_final_headers.csv
[deleted] /home/ubuntu/apps/election-app/win_prob/H/FL/05/_work/2024_county_results_with_final-old.csv
[deleted] /home/ubuntu/apps/election-app/win_prob/H/FL/05/_work/2024_county_results_with_final.csv
[deleted] /home/ubuntu/apps/election-app/win_prob/H/FL/05/_work/2024_county_results_with_final_1.csv
[deleted] /home/ubuntu/apps/election-app/win_prob/H/FL/05/_work/2024_county_results_with_calcs-old.csv
[deleted] /home/ubuntu/apps/election-app/win_prob/H/FL/05/_work/2024_county_results_with_calcs_new.csv
[deleted] /home/ubuntu/apps/election-app/win_prob/H/FL/05/_work/output_statewide_stats.csv
[skip]    /home/ubuntu/apps/election-app/win_prob/H/FL/05/_work/probs_timeseries_PA.csv
[deleted] /home/ubuntu/apps/election-app/win_prob/H/FL/05/_work/2024_county_results_with_calcs.csv
[skip]    /home/ubuntu/apps/election-app/win_prob/H/FL/05/data_output.csv
[skip]    /home/ubuntu/apps/election-app/win_prob/H/FL/05/data_output_with_margins_old.csv
[skip]    /home/ubuntu/apps/election-app/win_prob/H/FL/05/data_output_with_margins.csv
[skip]    /home/ubuntu/apps/election-app/win_prob/H/FL/05/data_output_with_margins-statewide.csv
[deleted] /home/ubuntu/apps/election-app/win_prob/H/FL/05/snapshots_FL.csv
[deleted] /home/ubuntu/apps/election-app/win_prob/H/FL/05/data_output_FL.csv
[deleted] /home/ubuntu/apps/election-app/win_prob/H/FL/05/data_output_FL_with_margins_statewide_eevp.csv
[deleted] /home/ubuntu/apps/election-app/win_prob/H/FL/05/data_output_FL_with_margins.csv
[deleted] /home/ubuntu/apps/election-app/win_prob/H/FL/05/data_output_FL.csv.checkpoint.json
[deleted] /home/ubuntu/apps/election-app/win_prob/H/FL/05/stats.csv
[deleted] /home/ubuntu/apps/election-app/win_prob/H/FL/05/stats2.csv
[done] removed 16 file(s)
[2026-01-22 21:25:18] INFO: [PIPELINE] args: office=H state=FL district=05
[2026-01-22 21:25:18] INFO: [PIPELINE] WINPROB_DIR resolved to: /home/ubuntu/apps/election-app/win_prob/H/FL/05
[2026-01-22 21:25:18] INFO: [PIPELINE] OUTDIR set to: /home/ubuntu/apps/election-app/win_prob/H/FL/05

$ /home/ubuntu/.venv/bin/python3 /home/ubuntu/apps/election-app/stats/1-statewide.py --input /home/ubuntu/apps/election-app/win_prob/H/FL/05/stats.csv --output /home/ubuntu/apps/election-app/win_prob/H/FL/05/_work/stats_with_statewide.csv
Wrote /home/ubuntu/apps/election-app/win_prob/H/FL/05/_work/stats_with_statewide.csv (rows=2)

$ /home/ubuntu/.venv/bin/python3 /home/ubuntu/apps/election-app/stats/1-stats-2.py --input /home/ubuntu/apps/election-app/win_prob/H/FL/05/stats2.csv --output /home/ubuntu/apps/election-app/win_prob/H/FL/05/_work/stats2_final_headers.csv
Wrote /home/ubuntu/apps/election-app/win_prob/H/FL/05/_work/stats2_final_headers.csv (rows=2)

$ /home/ubuntu/.venv/bin/python3 /home/ubuntu/apps/election-app/stats/1-append-new.py
Wrote 2024_county_results_with_final-old.csv (rows=2, missing_final_matches=0)

$ /home/ubuntu/.venv/bin/python3 /home/ubuntu/apps/election-app/stats/1-change_header.py
Wrote: 2024_county_results_with_final.csv

$ /home/ubuntu/.venv/bin/python3 /home/ubuntu/apps/election-app/stats/1-cut-zero-fips.py
Wrote: 2024_county_results_with_final_1.csv
Rows before: 2
Rows after:  2
Dropped (fips == 0): 0

$ /home/ubuntu/.venv/bin/python3 /home/ubuntu/apps/election-app/stats/2-calc.py
Wrote 2 rows with calculations to /home/ubuntu/apps/election-app/win_prob/H/FL/05/_work/2024_county_results_with_calcs-old.csv

$ /home/ubuntu/.venv/bin/python3 /home/ubuntu/apps/election-app/stats/2-eevp.py
Wrote (no-op copy): 2024_county_results_with_calcs.csv
Columns:
 - timestamp
 - state
 - county
 - fips
 - trump_votes
 - harris_votes
 - other_votes
 - eevp
 - state_eevp
 - harris_votes_statewide
 - trump_votes_statewide
 - other_votes_statewide
 - final_state
 - final_county
 - final_fips
 - final_trump_votes
 - final_harris_votes
 - final_other_votes
 - harris_percent_snapshot
 - trump_percent_snapshot
 - margin_snapshot
 - harris_percent_final
 - trump_percent_final
 - margin_final
 - margin_difference
 - margin_difference_abs

$ /home/ubuntu/.venv/bin/python3 /home/ubuntu/apps/election-app/stats/3-calc-new.py
Wrote 2 rows with new columns to /home/ubuntu/apps/election-app/win_prob/H/FL/05/_work/2024_county_results_with_calcs_new.csv

$ /home/ubuntu/.venv/bin/python3 /home/ubuntu/apps/election-app/stats/4-stats.py
Reading 2024_county_results_with_calcs_new.csv...
Aggregating statewide totals...
Calculating percentages and margins...
Writing to output_statewide_stats.csv...
Done!
[2026-01-22 21:25:28] INFO: [PIPELINE] ENTER win-prob generation | states=['FL'] ts_list=['2024-11-05T15-30-22']

============================================================================
[01/1] STATE = FL
============================================================================

$ /home/ubuntu/.venv/bin/python3 /home/ubuntu/apps/election-app/stats/5-snapshots.py --state FL --input /home/ubuntu/apps/election-app/win_prob/H/FL/05/_work/output_statewide_stats.csv --output /home/ubuntu/apps/election-app/win_prob/H/FL/05/snapshots_FL.csv --start 2024-11-05T15-30-22 --end 2024-11-05T15-30-22 --use-window 1 --interval 30
Mode: windowed-one-state
Rows written: 2
Distinct states in output: FL
Rows per normalized timestamp (empty = unparseable):
  2024-11-05T15-30-22: 2
Wrote /home/ubuntu/apps/election-app/win_prob/H/FL/05/snapshots_FL.csv

$ /home/ubuntu/.venv/bin/python3 /home/ubuntu/apps/election-app/stats/6-pval.py /home/ubuntu/apps/election-app/win_prob/H/FL/05/snapshots_FL.csv -t /home/ubuntu/apps/election-app/stats/parameters.csv -o /home/ubuntu/apps/election-app/win_prob/H/FL/05/data_output_FL.csv -c 50
Done. Wrote: /home/ubuntu/apps/election-app/win_prob/H/FL/05/data_output_FL.csv
Total rows: 2 (chunked, resumable).
Computed columns for PVALS = [0.01, 0.1, 1, 2, 3, 5, 10, 15, 20, 25, 30, 35, 40, 45, 50, 55, 60, 65, 70, 75, 80, 85, 90, 95, 97, 98, 99, 99.9, 99.99]
Per p (leader): shift_{p}, margin_new_{p}, harris_percent_new_{p}, trump_percent_new_{p}, total_snapshot_{p}, total_expected_{p}, harris_votes_new_{p}, trump_votes_new_{p}
Per p (trailing): shift_trailing_{p}, margin_new_{p}_trailing, harris_percent_new_{p}_trailing, trump_percent_new_{p}_trailing, total_snapshot_{p}_trailing, total_expected_{p}_trailing, harris_votes_new_{p}_trailing, trump_votes_new_{p}_trailing
Checkpoint saved at: /home/ubuntu/apps/election-app/win_prob/H/FL/05/data_output_FL.csv.checkpoint.json

$ /home/ubuntu/.venv/bin/python3 /home/ubuntu/apps/election-app/stats/7-margin-new.py
Wrote data_output_with_margins_old.csv

$ /home/ubuntu/.venv/bin/python3 /home/ubuntu/apps/election-app/stats/7-eevp-statewide.py
Wrote data_output_with_margins.csv (copied from data_output_with_margins_old.csv)

$ /home/ubuntu/.venv/bin/python3 /home/ubuntu/apps/election-app/stats/7.py --input /home/ubuntu/apps/election-app/win_prob/H/FL/05/data_output_FL_with_margins_statewide_eevp.csv --output /home/ubuntu/apps/election-app/win_prob/H/FL/05/statewide_margin_pct_vs_percent_FL_2026.png --state FL --start 2024-11-05T15-30-22 --end 2024-11-05T15-30-22 --stats /home/ubuntu/apps/election-app/win_prob/H/FL/05/stats.csv --stats2 /home/ubuntu/apps/election-app/win_prob/H/FL/05/stats2.csv --interval 30 --year 2026 --jsonl /home/ubuntu/apps/election-app/win_prob/H/FL/05/plotdata_FL_2026_2026-01-22T21-25-18.jsonl
[info] evaluating 1 timestamps from 2024-11-05T15-30-22 to 2024-11-05T15-30-22 every 30 minutes
[saved] probs_timeseries_FL.csv  (1 points)
[saved] /home/ubuntu/apps/election-app/win_prob/H/FL/05/plotdata_FL_2026_2026-01-22T21-25-18.jsonl  (4 points)
[saved] /home/ubuntu/apps/election-app/win_prob/H/FL/05/statewide_margin_pct_vs_percent_FL_2026_box.json
[saved] /home/ubuntu/apps/election-app/win_prob/H/FL/05/statewide_margin_pct_vs_percent_FL_2026_box.png
[saved] /home/ubuntu/apps/election-app/win_prob/H/FL/05/statewide_margin_pct_vs_percent_FL_2026.png

All 50 states complete. See: /home/ubuntu/apps/election-app/win_prob/H/FL/05

$ /home/ubuntu/.venv/bin/python3 /home/ubuntu/apps/election-app/stats/8.py --root /home/ubuntu/apps/election-app/win_prob/H/FL/05/_work --outdir /home/ubuntu/apps/election-app/win_prob/H/FL/05
[info] root  = /home/ubuntu/apps/election-app/win_prob/H/FL/05/_work
[info] outdir= /home/ubuntu/apps/election-app/win_prob/H/FL/05
[deleted] /home/ubuntu/apps/election-app/win_prob/H/FL/05/_work/stats_with_statewide.csv
[deleted] /home/ubuntu/apps/election-app/win_prob/H/FL/05/_work/stats2_final_headers.csv
[deleted] /home/ubuntu/apps/election-app/win_prob/H/FL/05/_work/2024_county_results_with_final-old.csv
[deleted] /home/ubuntu/apps/election-app/win_prob/H/FL/05/_work/2024_county_results_with_final.csv
[deleted] /home/ubuntu/apps/election-app/win_prob/H/FL/05/_work/2024_county_results_with_final_1.csv
[deleted] /home/ubuntu/apps/election-app/win_prob/H/FL/05/_work/2024_county_results_with_calcs-old.csv
[deleted] /home/ubuntu/apps/election-app/win_prob/H/FL/05/_work/2024_county_results_with_calcs_new.csv
[deleted] /home/ubuntu/apps/election-app/win_prob/H/FL/05/_work/output_statewide_stats.csv
[skip]    /home/ubuntu/apps/election-app/win_prob/H/FL/05/_work/probs_timeseries_PA.csv
[deleted] /home/ubuntu/apps/election-app/win_prob/H/FL/05/_work/2024_county_results_with_calcs.csv
[skip]    /home/ubuntu/apps/election-app/win_prob/H/FL/05/data_output.csv
[skip]    /home/ubuntu/apps/election-app/win_prob/H/FL/05/data_output_with_margins_old.csv
[skip]    /home/ubuntu/apps/election-app/win_prob/H/FL/05/data_output_with_margins.csv
[skip]    /home/ubuntu/apps/election-app/win_prob/H/FL/05/data_output_with_margins-statewide.csv
[deleted] /home/ubuntu/apps/election-app/win_prob/H/FL/05/snapshots_FL.csv
[deleted] /home/ubuntu/apps/election-app/win_prob/H/FL/05/data_output_FL.csv
[deleted] /home/ubuntu/apps/election-app/win_prob/H/FL/05/data_output_FL_with_margins_statewide_eevp.csv
[deleted] /home/ubuntu/apps/election-app/win_prob/H/FL/05/data_output_FL_with_margins.csv
[deleted] /home/ubuntu/apps/election-app/win_prob/H/FL/05/data_output_FL.csv.checkpoint.json
[deleted] /home/ubuntu/apps/election-app/win_prob/H/FL/05/stats.csv
[deleted] /home/ubuntu/apps/election-app/win_prob/H/FL/05/stats2.csv
[done] removed 16 file(s)
[2026-01-22 21:32:22] INFO: [PIPELINE] args: office=H state=FL district=05
[2026-01-22 21:32:22] INFO: [PIPELINE] WINPROB_DIR resolved to: /home/ubuntu/apps/election-app/win_prob/H/FL/05
[2026-01-22 21:32:22] INFO: [PIPELINE] OUTDIR set to: /home/ubuntu/apps/election-app/win_prob/H/FL/05

$ /home/ubuntu/.venv/bin/python3 /home/ubuntu/apps/election-app/stats/1-statewide.py --input /home/ubuntu/apps/election-app/win_prob/H/FL/05/stats.csv --output /home/ubuntu/apps/election-app/win_prob/H/FL/05/_work/stats_with_statewide.csv
Wrote /home/ubuntu/apps/election-app/win_prob/H/FL/05/_work/stats_with_statewide.csv (rows=2)

$ /home/ubuntu/.venv/bin/python3 /home/ubuntu/apps/election-app/stats/1-stats-2.py --input /home/ubuntu/apps/election-app/win_prob/H/FL/05/stats2.csv --output /home/ubuntu/apps/election-app/win_prob/H/FL/05/_work/stats2_final_headers.csv
Wrote /home/ubuntu/apps/election-app/win_prob/H/FL/05/_work/stats2_final_headers.csv (rows=2)

$ /home/ubuntu/.venv/bin/python3 /home/ubuntu/apps/election-app/stats/1-append-new.py
Wrote 2024_county_results_with_final-old.csv (rows=2, missing_final_matches=0)

$ /home/ubuntu/.venv/bin/python3 /home/ubuntu/apps/election-app/stats/1-change_header.py
Wrote: 2024_county_results_with_final.csv

$ /home/ubuntu/.venv/bin/python3 /home/ubuntu/apps/election-app/stats/1-cut-zero-fips.py
Wrote: 2024_county_results_with_final_1.csv
Rows before: 2
Rows after:  2
Dropped (fips == 0): 0

$ /home/ubuntu/.venv/bin/python3 /home/ubuntu/apps/election-app/stats/2-calc.py
Wrote 2 rows with calculations to /home/ubuntu/apps/election-app/win_prob/H/FL/05/_work/2024_county_results_with_calcs-old.csv

$ /home/ubuntu/.venv/bin/python3 /home/ubuntu/apps/election-app/stats/2-eevp.py
Wrote (no-op copy): 2024_county_results_with_calcs.csv
Columns:
 - timestamp
 - state
 - county
 - fips
 - trump_votes
 - harris_votes
 - other_votes
 - eevp
 - state_eevp
 - harris_votes_statewide
 - trump_votes_statewide
 - other_votes_statewide
 - final_state
 - final_county
 - final_fips
 - final_trump_votes
 - final_harris_votes
 - final_other_votes
 - harris_percent_snapshot
 - trump_percent_snapshot
 - margin_snapshot
 - harris_percent_final
 - trump_percent_final
 - margin_final
 - margin_difference
 - margin_difference_abs

$ /home/ubuntu/.venv/bin/python3 /home/ubuntu/apps/election-app/stats/3-calc-new.py
Wrote 2 rows with new columns to /home/ubuntu/apps/election-app/win_prob/H/FL/05/_work/2024_county_results_with_calcs_new.csv

$ /home/ubuntu/.venv/bin/python3 /home/ubuntu/apps/election-app/stats/4-stats.py
Reading 2024_county_results_with_calcs_new.csv...
Aggregating statewide totals...
Calculating percentages and margins...
Writing to output_statewide_stats.csv...
Done!
[2026-01-22 21:32:32] INFO: [PIPELINE] ENTER win-prob generation | states=['FL'] ts_list=['2024-11-05T15-30-22']

============================================================================
[01/1] STATE = FL
============================================================================

$ /home/ubuntu/.venv/bin/python3 /home/ubuntu/apps/election-app/stats/5-snapshots.py --state FL --input /home/ubuntu/apps/election-app/win_prob/H/FL/05/_work/output_statewide_stats.csv --output /home/ubuntu/apps/election-app/win_prob/H/FL/05/snapshots_FL.csv --start 2024-11-05T15-30-22 --end 2024-11-05T15-30-22 --use-window 1 --interval 30
Mode: windowed-one-state
Rows written: 2
Distinct states in output: FL
Rows per normalized timestamp (empty = unparseable):
  2024-11-05T15-30-22: 2
Wrote /home/ubuntu/apps/election-app/win_prob/H/FL/05/snapshots_FL.csv

$ /home/ubuntu/.venv/bin/python3 /home/ubuntu/apps/election-app/stats/6-pval.py /home/ubuntu/apps/election-app/win_prob/H/FL/05/snapshots_FL.csv -t /home/ubuntu/apps/election-app/stats/parameters.csv -o /home/ubuntu/apps/election-app/win_prob/H/FL/05/data_output_FL.csv -c 50
Done. Wrote: /home/ubuntu/apps/election-app/win_prob/H/FL/05/data_output_FL.csv
Total rows: 2 (chunked, resumable).
Computed columns for PVALS = [0.01, 0.1, 1, 2, 3, 5, 10, 15, 20, 25, 30, 35, 40, 45, 50, 55, 60, 65, 70, 75, 80, 85, 90, 95, 97, 98, 99, 99.9, 99.99]
Per p (leader): shift_{p}, margin_new_{p}, harris_percent_new_{p}, trump_percent_new_{p}, total_snapshot_{p}, total_expected_{p}, harris_votes_new_{p}, trump_votes_new_{p}
Per p (trailing): shift_trailing_{p}, margin_new_{p}_trailing, harris_percent_new_{p}_trailing, trump_percent_new_{p}_trailing, total_snapshot_{p}_trailing, total_expected_{p}_trailing, harris_votes_new_{p}_trailing, trump_votes_new_{p}_trailing
Checkpoint saved at: /home/ubuntu/apps/election-app/win_prob/H/FL/05/data_output_FL.csv.checkpoint.json

$ /home/ubuntu/.venv/bin/python3 /home/ubuntu/apps/election-app/stats/7-margin-new.py
Wrote data_output_with_margins_old.csv

$ /home/ubuntu/.venv/bin/python3 /home/ubuntu/apps/election-app/stats/7-eevp-statewide.py
Wrote data_output_with_margins.csv (copied from data_output_with_margins_old.csv)

$ /home/ubuntu/.venv/bin/python3 /home/ubuntu/apps/election-app/stats/7.py --input /home/ubuntu/apps/election-app/win_prob/H/FL/05/data_output_FL_with_margins_statewide_eevp.csv --output /home/ubuntu/apps/election-app/win_prob/H/FL/05/statewide_margin_pct_vs_percent_FL_2026.png --state FL --start 2024-11-05T15-30-22 --end 2024-11-05T15-30-22 --stats /home/ubuntu/apps/election-app/win_prob/H/FL/05/stats.csv --stats2 /home/ubuntu/apps/election-app/win_prob/H/FL/05/stats2.csv --interval 30 --year 2026 --jsonl /home/ubuntu/apps/election-app/win_prob/H/FL/05/plotdata_FL_2026_2026-01-22T21-32-22.jsonl
[info] evaluating 1 timestamps from 2024-11-05T15-30-22 to 2024-11-05T15-30-22 every 30 minutes
[saved] probs_timeseries_FL.csv  (1 points)
[saved] /home/ubuntu/apps/election-app/win_prob/H/FL/05/plotdata_FL_2026_2026-01-22T21-32-22.jsonl  (4 points)
[saved] /home/ubuntu/apps/election-app/win_prob/H/FL/05/statewide_margin_pct_vs_percent_FL_2026_box.json
[saved] /home/ubuntu/apps/election-app/win_prob/H/FL/05/statewide_margin_pct_vs_percent_FL_2026_box.png
[saved] /home/ubuntu/apps/election-app/win_prob/H/FL/05/statewide_margin_pct_vs_percent_FL_2026.png

All 50 states complete. See: /home/ubuntu/apps/election-app/win_prob/H/FL/05

$ /home/ubuntu/.venv/bin/python3 /home/ubuntu/apps/election-app/stats/8.py --root /home/ubuntu/apps/election-app/win_prob/H/FL/05/_work --outdir /home/ubuntu/apps/election-app/win_prob/H/FL/05
[info] root  = /home/ubuntu/apps/election-app/win_prob/H/FL/05/_work
[info] outdir= /home/ubuntu/apps/election-app/win_prob/H/FL/05
[deleted] /home/ubuntu/apps/election-app/win_prob/H/FL/05/_work/stats_with_statewide.csv
[deleted] /home/ubuntu/apps/election-app/win_prob/H/FL/05/_work/stats2_final_headers.csv
[deleted] /home/ubuntu/apps/election-app/win_prob/H/FL/05/_work/2024_county_results_with_final-old.csv
[deleted] /home/ubuntu/apps/election-app/win_prob/H/FL/05/_work/2024_county_results_with_final.csv
[deleted] /home/ubuntu/apps/election-app/win_prob/H/FL/05/_work/2024_county_results_with_final_1.csv
[deleted] /home/ubuntu/apps/election-app/win_prob/H/FL/05/_work/2024_county_results_with_calcs-old.csv
[deleted] /home/ubuntu/apps/election-app/win_prob/H/FL/05/_work/2024_county_results_with_calcs_new.csv
[deleted] /home/ubuntu/apps/election-app/win_prob/H/FL/05/_work/output_statewide_stats.csv
[skip]    /home/ubuntu/apps/election-app/win_prob/H/FL/05/_work/probs_timeseries_PA.csv
[deleted] /home/ubuntu/apps/election-app/win_prob/H/FL/05/_work/2024_county_results_with_calcs.csv
[skip]    /home/ubuntu/apps/election-app/win_prob/H/FL/05/data_output.csv
[skip]    /home/ubuntu/apps/election-app/win_prob/H/FL/05/data_output_with_margins_old.csv
[skip]    /home/ubuntu/apps/election-app/win_prob/H/FL/05/data_output_with_margins.csv
[skip]    /home/ubuntu/apps/election-app/win_prob/H/FL/05/data_output_with_margins-statewide.csv
[deleted] /home/ubuntu/apps/election-app/win_prob/H/FL/05/snapshots_FL.csv
[deleted] /home/ubuntu/apps/election-app/win_prob/H/FL/05/data_output_FL.csv
[deleted] /home/ubuntu/apps/election-app/win_prob/H/FL/05/data_output_FL_with_margins_statewide_eevp.csv
[deleted] /home/ubuntu/apps/election-app/win_prob/H/FL/05/data_output_FL_with_margins.csv
[deleted] /home/ubuntu/apps/election-app/win_prob/H/FL/05/data_output_FL.csv.checkpoint.json
[deleted] /home/ubuntu/apps/election-app/win_prob/H/FL/05/stats.csv
[deleted] /home/ubuntu/apps/election-app/win_prob/H/FL/05/stats2.csv
[done] removed 16 file(s)
[2026-01-22 21:38:13] INFO: [PIPELINE] args: office=H state=FL district=05
[2026-01-22 21:38:13] INFO: [PIPELINE] WINPROB_DIR resolved to: /home/ubuntu/apps/election-app/win_prob/H/FL/05
[2026-01-22 21:38:13] INFO: [PIPELINE] OUTDIR set to: /home/ubuntu/apps/election-app/win_prob/H/FL/05

$ /home/ubuntu/.venv/bin/python3 /home/ubuntu/apps/election-app/stats/1-statewide.py --input /home/ubuntu/apps/election-app/win_prob/H/FL/05/stats.csv --output /home/ubuntu/apps/election-app/win_prob/H/FL/05/_work/stats_with_statewide.csv
Wrote /home/ubuntu/apps/election-app/win_prob/H/FL/05/_work/stats_with_statewide.csv (rows=2)

$ /home/ubuntu/.venv/bin/python3 /home/ubuntu/apps/election-app/stats/1-stats-2.py --input /home/ubuntu/apps/election-app/win_prob/H/FL/05/stats2.csv --output /home/ubuntu/apps/election-app/win_prob/H/FL/05/_work/stats2_final_headers.csv
Wrote /home/ubuntu/apps/election-app/win_prob/H/FL/05/_work/stats2_final_headers.csv (rows=2)

$ /home/ubuntu/.venv/bin/python3 /home/ubuntu/apps/election-app/stats/1-append-new.py
Wrote 2024_county_results_with_final-old.csv (rows=2, missing_final_matches=0)

$ /home/ubuntu/.venv/bin/python3 /home/ubuntu/apps/election-app/stats/1-change_header.py
Wrote: 2024_county_results_with_final.csv

$ /home/ubuntu/.venv/bin/python3 /home/ubuntu/apps/election-app/stats/1-cut-zero-fips.py
Wrote: 2024_county_results_with_final_1.csv
Rows before: 2
Rows after:  2
Dropped (fips == 0): 0

$ /home/ubuntu/.venv/bin/python3 /home/ubuntu/apps/election-app/stats/2-calc.py
Wrote 2 rows with calculations to /home/ubuntu/apps/election-app/win_prob/H/FL/05/_work/2024_county_results_with_calcs-old.csv

$ /home/ubuntu/.venv/bin/python3 /home/ubuntu/apps/election-app/stats/2-eevp.py
Wrote (no-op copy): 2024_county_results_with_calcs.csv
Columns:
 - timestamp
 - state
 - county
 - fips
 - trump_votes
 - harris_votes
 - other_votes
 - eevp
 - state_eevp
 - harris_votes_statewide
 - trump_votes_statewide
 - other_votes_statewide
 - final_state
 - final_county
 - final_fips
 - final_trump_votes
 - final_harris_votes
 - final_other_votes
 - harris_percent_snapshot
 - trump_percent_snapshot
 - margin_snapshot
 - harris_percent_final
 - trump_percent_final
 - margin_final
 - margin_difference
 - margin_difference_abs

$ /home/ubuntu/.venv/bin/python3 /home/ubuntu/apps/election-app/stats/3-calc-new.py
Wrote 2 rows with new columns to /home/ubuntu/apps/election-app/win_prob/H/FL/05/_work/2024_county_results_with_calcs_new.csv

$ /home/ubuntu/.venv/bin/python3 /home/ubuntu/apps/election-app/stats/4-stats.py
Reading 2024_county_results_with_calcs_new.csv...
Aggregating statewide totals...
Calculating percentages and margins...
Writing to output_statewide_stats.csv...
Done!
[2026-01-22 21:38:24] INFO: [PIPELINE] ENTER win-prob generation | states=['FL'] ts_list=['2024-11-05T15-30-22']

============================================================================
[01/1] STATE = FL
============================================================================

$ /home/ubuntu/.venv/bin/python3 /home/ubuntu/apps/election-app/stats/5-snapshots.py --state FL --input /home/ubuntu/apps/election-app/win_prob/H/FL/05/_work/output_statewide_stats.csv --output /home/ubuntu/apps/election-app/win_prob/H/FL/05/snapshots_FL.csv --start 2024-11-05T15-30-22 --end 2024-11-05T15-30-22 --use-window 1 --interval 30
Mode: windowed-one-state
Rows written: 2
Distinct states in output: FL
Rows per normalized timestamp (empty = unparseable):
  2024-11-05T15-30-22: 2
Wrote /home/ubuntu/apps/election-app/win_prob/H/FL/05/snapshots_FL.csv

$ /home/ubuntu/.venv/bin/python3 /home/ubuntu/apps/election-app/stats/6-pval.py /home/ubuntu/apps/election-app/win_prob/H/FL/05/snapshots_FL.csv -t /home/ubuntu/apps/election-app/stats/parameters.csv -o /home/ubuntu/apps/election-app/win_prob/H/FL/05/data_output_FL.csv -c 50
Done. Wrote: /home/ubuntu/apps/election-app/win_prob/H/FL/05/data_output_FL.csv
Total rows: 2 (chunked, resumable).
Computed columns for PVALS = [0.01, 0.1, 1, 2, 3, 5, 10, 15, 20, 25, 30, 35, 40, 45, 50, 55, 60, 65, 70, 75, 80, 85, 90, 95, 97, 98, 99, 99.9, 99.99]
Per p (leader): shift_{p}, margin_new_{p}, harris_percent_new_{p}, trump_percent_new_{p}, total_snapshot_{p}, total_expected_{p}, harris_votes_new_{p}, trump_votes_new_{p}
Per p (trailing): shift_trailing_{p}, margin_new_{p}_trailing, harris_percent_new_{p}_trailing, trump_percent_new_{p}_trailing, total_snapshot_{p}_trailing, total_expected_{p}_trailing, harris_votes_new_{p}_trailing, trump_votes_new_{p}_trailing
Checkpoint saved at: /home/ubuntu/apps/election-app/win_prob/H/FL/05/data_output_FL.csv.checkpoint.json

$ /home/ubuntu/.venv/bin/python3 /home/ubuntu/apps/election-app/stats/7-margin-new.py
Wrote data_output_with_margins_old.csv

$ /home/ubuntu/.venv/bin/python3 /home/ubuntu/apps/election-app/stats/7-eevp-statewide.py
Wrote data_output_with_margins.csv (copied from data_output_with_margins_old.csv)

$ /home/ubuntu/.venv/bin/python3 /home/ubuntu/apps/election-app/stats/7.py --input /home/ubuntu/apps/election-app/win_prob/H/FL/05/data_output_FL_with_margins_statewide_eevp.csv --output /home/ubuntu/apps/election-app/win_prob/H/FL/05/statewide_margin_pct_vs_percent_FL_2026.png --state FL --start 2024-11-05T15-30-22 --end 2024-11-05T15-30-22 --stats /home/ubuntu/apps/election-app/win_prob/H/FL/05/stats.csv --stats2 /home/ubuntu/apps/election-app/win_prob/H/FL/05/stats2.csv --interval 30 --year 2026 --jsonl /home/ubuntu/apps/election-app/win_prob/H/FL/05/plotdata_FL_2026_2026-01-22T21-38-13.jsonl
[info] evaluating 1 timestamps from 2024-11-05T15-30-22 to 2024-11-05T15-30-22 every 30 minutes
[saved] probs_timeseries_FL.csv  (1 points)
[saved] /home/ubuntu/apps/election-app/win_prob/H/FL/05/plotdata_FL_2026_2026-01-22T21-38-13.jsonl  (4 points)
[saved] /home/ubuntu/apps/election-app/win_prob/H/FL/05/statewide_margin_pct_vs_percent_FL_2026_box.json
[saved] /home/ubuntu/apps/election-app/win_prob/H/FL/05/statewide_margin_pct_vs_percent_FL_2026_box.png
[saved] /home/ubuntu/apps/election-app/win_prob/H/FL/05/statewide_margin_pct_vs_percent_FL_2026.png

All 50 states complete. See: /home/ubuntu/apps/election-app/win_prob/H/FL/05

$ /home/ubuntu/.venv/bin/python3 /home/ubuntu/apps/election-app/stats/8.py --root /home/ubuntu/apps/election-app/win_prob/H/FL/05/_work --outdir /home/ubuntu/apps/election-app/win_prob/H/FL/05
[info] root  = /home/ubuntu/apps/election-app/win_prob/H/FL/05/_work
[info] outdir= /home/ubuntu/apps/election-app/win_prob/H/FL/05
[deleted] /home/ubuntu/apps/election-app/win_prob/H/FL/05/_work/stats_with_statewide.csv
[deleted] /home/ubuntu/apps/election-app/win_prob/H/FL/05/_work/stats2_final_headers.csv
[deleted] /home/ubuntu/apps/election-app/win_prob/H/FL/05/_work/2024_county_results_with_final-old.csv
[deleted] /home/ubuntu/apps/election-app/win_prob/H/FL/05/_work/2024_county_results_with_final.csv
[deleted] /home/ubuntu/apps/election-app/win_prob/H/FL/05/_work/2024_county_results_with_final_1.csv
[deleted] /home/ubuntu/apps/election-app/win_prob/H/FL/05/_work/2024_county_results_with_calcs-old.csv
[deleted] /home/ubuntu/apps/election-app/win_prob/H/FL/05/_work/2024_county_results_with_calcs_new.csv
[deleted] /home/ubuntu/apps/election-app/win_prob/H/FL/05/_work/output_statewide_stats.csv
[skip]    /home/ubuntu/apps/election-app/win_prob/H/FL/05/_work/probs_timeseries_PA.csv
[deleted] /home/ubuntu/apps/election-app/win_prob/H/FL/05/_work/2024_county_results_with_calcs.csv
[skip]    /home/ubuntu/apps/election-app/win_prob/H/FL/05/data_output.csv
[skip]    /home/ubuntu/apps/election-app/win_prob/H/FL/05/data_output_with_margins_old.csv
[skip]    /home/ubuntu/apps/election-app/win_prob/H/FL/05/data_output_with_margins.csv
[skip]    /home/ubuntu/apps/election-app/win_prob/H/FL/05/data_output_with_margins-statewide.csv
[deleted] /home/ubuntu/apps/election-app/win_prob/H/FL/05/snapshots_FL.csv
[deleted] /home/ubuntu/apps/election-app/win_prob/H/FL/05/data_output_FL.csv
[deleted] /home/ubuntu/apps/election-app/win_prob/H/FL/05/data_output_FL_with_margins_statewide_eevp.csv
[deleted] /home/ubuntu/apps/election-app/win_prob/H/FL/05/data_output_FL_with_margins.csv
[deleted] /home/ubuntu/apps/election-app/win_prob/H/FL/05/data_output_FL.csv.checkpoint.json
[deleted] /home/ubuntu/apps/election-app/win_prob/H/FL/05/stats.csv
[deleted] /home/ubuntu/apps/election-app/win_prob/H/FL/05/stats2.csv
[done] removed 16 file(s)
[2026-01-22 21:46:16] INFO: [PIPELINE] args: office=H state=FL district=05
[2026-01-22 21:46:16] INFO: [PIPELINE] WINPROB_DIR resolved to: /home/ubuntu/apps/election-app/win_prob/H/FL/05
[2026-01-22 21:46:16] INFO: [PIPELINE] OUTDIR set to: /home/ubuntu/apps/election-app/win_prob/H/FL/05

$ /home/ubuntu/.venv/bin/python3 /home/ubuntu/apps/election-app/stats/1-statewide.py --input /home/ubuntu/apps/election-app/win_prob/H/FL/05/stats.csv --output /home/ubuntu/apps/election-app/win_prob/H/FL/05/_work/stats_with_statewide.csv
Wrote /home/ubuntu/apps/election-app/win_prob/H/FL/05/_work/stats_with_statewide.csv (rows=2)

$ /home/ubuntu/.venv/bin/python3 /home/ubuntu/apps/election-app/stats/1-stats-2.py --input /home/ubuntu/apps/election-app/win_prob/H/FL/05/stats2.csv --output /home/ubuntu/apps/election-app/win_prob/H/FL/05/_work/stats2_final_headers.csv
Wrote /home/ubuntu/apps/election-app/win_prob/H/FL/05/_work/stats2_final_headers.csv (rows=2)

$ /home/ubuntu/.venv/bin/python3 /home/ubuntu/apps/election-app/stats/1-append-new.py
Wrote 2024_county_results_with_final-old.csv (rows=2, missing_final_matches=0)

$ /home/ubuntu/.venv/bin/python3 /home/ubuntu/apps/election-app/stats/1-change_header.py
Wrote: 2024_county_results_with_final.csv

$ /home/ubuntu/.venv/bin/python3 /home/ubuntu/apps/election-app/stats/1-cut-zero-fips.py
Wrote: 2024_county_results_with_final_1.csv
Rows before: 2
Rows after:  2
Dropped (fips == 0): 0

$ /home/ubuntu/.venv/bin/python3 /home/ubuntu/apps/election-app/stats/2-calc.py
Wrote 2 rows with calculations to /home/ubuntu/apps/election-app/win_prob/H/FL/05/_work/2024_county_results_with_calcs-old.csv

$ /home/ubuntu/.venv/bin/python3 /home/ubuntu/apps/election-app/stats/2-eevp.py
Wrote (no-op copy): 2024_county_results_with_calcs.csv
Columns:
 - timestamp
 - state
 - county
 - fips
 - trump_votes
 - harris_votes
 - other_votes
 - eevp
 - state_eevp
 - harris_votes_statewide
 - trump_votes_statewide
 - other_votes_statewide
 - final_state
 - final_county
 - final_fips
 - final_trump_votes
 - final_harris_votes
 - final_other_votes
 - harris_percent_snapshot
 - trump_percent_snapshot
 - margin_snapshot
 - harris_percent_final
 - trump_percent_final
 - margin_final
 - margin_difference
 - margin_difference_abs

$ /home/ubuntu/.venv/bin/python3 /home/ubuntu/apps/election-app/stats/3-calc-new.py
Wrote 2 rows with new columns to /home/ubuntu/apps/election-app/win_prob/H/FL/05/_work/2024_county_results_with_calcs_new.csv

$ /home/ubuntu/.venv/bin/python3 /home/ubuntu/apps/election-app/stats/4-stats.py
Reading 2024_county_results_with_calcs_new.csv...
Aggregating statewide totals...
Calculating percentages and margins...
Writing to output_statewide_stats.csv...
Done!
[2026-01-22 21:46:25] INFO: [PIPELINE] ENTER win-prob generation | states=['FL'] ts_list=['2024-11-05T15-30-22']

============================================================================
[01/1] STATE = FL
============================================================================

$ /home/ubuntu/.venv/bin/python3 /home/ubuntu/apps/election-app/stats/5-snapshots.py --state FL --input /home/ubuntu/apps/election-app/win_prob/H/FL/05/_work/output_statewide_stats.csv --output /home/ubuntu/apps/election-app/win_prob/H/FL/05/snapshots_FL.csv --start 2024-11-05T15-30-22 --end 2024-11-05T15-30-22 --use-window 1 --interval 30
Mode: windowed-one-state
Rows written: 2
Distinct states in output: FL
Rows per normalized timestamp (empty = unparseable):
  2024-11-05T15-30-22: 2
Wrote /home/ubuntu/apps/election-app/win_prob/H/FL/05/snapshots_FL.csv

$ /home/ubuntu/.venv/bin/python3 /home/ubuntu/apps/election-app/stats/6-pval.py /home/ubuntu/apps/election-app/win_prob/H/FL/05/snapshots_FL.csv -t /home/ubuntu/apps/election-app/stats/parameters.csv -o /home/ubuntu/apps/election-app/win_prob/H/FL/05/data_output_FL.csv -c 50
Done. Wrote: /home/ubuntu/apps/election-app/win_prob/H/FL/05/data_output_FL.csv
Total rows: 2 (chunked, resumable).
Computed columns for PVALS = [0.01, 0.1, 1, 2, 3, 5, 10, 15, 20, 25, 30, 35, 40, 45, 50, 55, 60, 65, 70, 75, 80, 85, 90, 95, 97, 98, 99, 99.9, 99.99]
Per p (leader): shift_{p}, margin_new_{p}, harris_percent_new_{p}, trump_percent_new_{p}, total_snapshot_{p}, total_expected_{p}, harris_votes_new_{p}, trump_votes_new_{p}
Per p (trailing): shift_trailing_{p}, margin_new_{p}_trailing, harris_percent_new_{p}_trailing, trump_percent_new_{p}_trailing, total_snapshot_{p}_trailing, total_expected_{p}_trailing, harris_votes_new_{p}_trailing, trump_votes_new_{p}_trailing
Checkpoint saved at: /home/ubuntu/apps/election-app/win_prob/H/FL/05/data_output_FL.csv.checkpoint.json

$ /home/ubuntu/.venv/bin/python3 /home/ubuntu/apps/election-app/stats/7-margin-new.py
Wrote data_output_with_margins_old.csv

$ /home/ubuntu/.venv/bin/python3 /home/ubuntu/apps/election-app/stats/7-eevp-statewide.py
Wrote data_output_with_margins.csv (copied from data_output_with_margins_old.csv)

$ /home/ubuntu/.venv/bin/python3 /home/ubuntu/apps/election-app/stats/7.py --input /home/ubuntu/apps/election-app/win_prob/H/FL/05/data_output_FL_with_margins_statewide_eevp.csv --output /home/ubuntu/apps/election-app/win_prob/H/FL/05/statewide_margin_pct_vs_percent_FL_2026.png --state FL --start 2024-11-05T15-30-22 --end 2024-11-05T15-30-22 --stats /home/ubuntu/apps/election-app/win_prob/H/FL/05/stats.csv --stats2 /home/ubuntu/apps/election-app/win_prob/H/FL/05/stats2.csv --interval 30 --year 2026 --jsonl /home/ubuntu/apps/election-app/win_prob/H/FL/05/plotdata_FL_2026_2026-01-22T21-46-16.jsonl
[info] evaluating 1 timestamps from 2024-11-05T15-30-22 to 2024-11-05T15-30-22 every 30 minutes
[saved] probs_timeseries_FL.csv  (1 points)
[saved] /home/ubuntu/apps/election-app/win_prob/H/FL/05/plotdata_FL_2026_2026-01-22T21-46-16.jsonl  (4 points)
[saved] /home/ubuntu/apps/election-app/win_prob/H/FL/05/statewide_margin_pct_vs_percent_FL_2026_box.json
[saved] /home/ubuntu/apps/election-app/win_prob/H/FL/05/statewide_margin_pct_vs_percent_FL_2026_box.png
[saved] /home/ubuntu/apps/election-app/win_prob/H/FL/05/statewide_margin_pct_vs_percent_FL_2026.png

All 50 states complete. See: /home/ubuntu/apps/election-app/win_prob/H/FL/05

$ /home/ubuntu/.venv/bin/python3 /home/ubuntu/apps/election-app/stats/8.py --root /home/ubuntu/apps/election-app/win_prob/H/FL/05/_work --outdir /home/ubuntu/apps/election-app/win_prob/H/FL/05
[info] root  = /home/ubuntu/apps/election-app/win_prob/H/FL/05/_work
[info] outdir= /home/ubuntu/apps/election-app/win_prob/H/FL/05
[deleted] /home/ubuntu/apps/election-app/win_prob/H/FL/05/_work/stats_with_statewide.csv
[deleted] /home/ubuntu/apps/election-app/win_prob/H/FL/05/_work/stats2_final_headers.csv
[deleted] /home/ubuntu/apps/election-app/win_prob/H/FL/05/_work/2024_county_results_with_final-old.csv
[deleted] /home/ubuntu/apps/election-app/win_prob/H/FL/05/_work/2024_county_results_with_final.csv
[deleted] /home/ubuntu/apps/election-app/win_prob/H/FL/05/_work/2024_county_results_with_final_1.csv
[deleted] /home/ubuntu/apps/election-app/win_prob/H/FL/05/_work/2024_county_results_with_calcs-old.csv
[deleted] /home/ubuntu/apps/election-app/win_prob/H/FL/05/_work/2024_county_results_with_calcs_new.csv
[deleted] /home/ubuntu/apps/election-app/win_prob/H/FL/05/_work/output_statewide_stats.csv
[skip]    /home/ubuntu/apps/election-app/win_prob/H/FL/05/_work/probs_timeseries_PA.csv
[deleted] /home/ubuntu/apps/election-app/win_prob/H/FL/05/_work/2024_county_results_with_calcs.csv
[skip]    /home/ubuntu/apps/election-app/win_prob/H/FL/05/data_output.csv
[skip]    /home/ubuntu/apps/election-app/win_prob/H/FL/05/data_output_with_margins_old.csv
[skip]    /home/ubuntu/apps/election-app/win_prob/H/FL/05/data_output_with_margins.csv
[skip]    /home/ubuntu/apps/election-app/win_prob/H/FL/05/data_output_with_margins-statewide.csv
[deleted] /home/ubuntu/apps/election-app/win_prob/H/FL/05/snapshots_FL.csv
[deleted] /home/ubuntu/apps/election-app/win_prob/H/FL/05/data_output_FL.csv
[deleted] /home/ubuntu/apps/election-app/win_prob/H/FL/05/data_output_FL_with_margins_statewide_eevp.csv
[deleted] /home/ubuntu/apps/election-app/win_prob/H/FL/05/data_output_FL_with_margins.csv
[deleted] /home/ubuntu/apps/election-app/win_prob/H/FL/05/data_output_FL.csv.checkpoint.json
[deleted] /home/ubuntu/apps/election-app/win_prob/H/FL/05/stats.csv
[deleted] /home/ubuntu/apps/election-app/win_prob/H/FL/05/stats2.csv
[done] removed 16 file(s)
[2026-01-22 21:53:18] INFO: [PIPELINE] args: office=H state=FL district=05
[2026-01-22 21:53:18] INFO: [PIPELINE] WINPROB_DIR resolved to: /home/ubuntu/apps/election-app/win_prob/H/FL/05
[2026-01-22 21:53:18] INFO: [PIPELINE] OUTDIR set to: /home/ubuntu/apps/election-app/win_prob/H/FL/05

$ /home/ubuntu/.venv/bin/python3 /home/ubuntu/apps/election-app/stats/1-statewide.py --input /home/ubuntu/apps/election-app/win_prob/H/FL/05/stats.csv --output /home/ubuntu/apps/election-app/win_prob/H/FL/05/_work/stats_with_statewide.csv
Wrote /home/ubuntu/apps/election-app/win_prob/H/FL/05/_work/stats_with_statewide.csv (rows=2)

$ /home/ubuntu/.venv/bin/python3 /home/ubuntu/apps/election-app/stats/1-stats-2.py --input /home/ubuntu/apps/election-app/win_prob/H/FL/05/stats2.csv --output /home/ubuntu/apps/election-app/win_prob/H/FL/05/_work/stats2_final_headers.csv
Wrote /home/ubuntu/apps/election-app/win_prob/H/FL/05/_work/stats2_final_headers.csv (rows=2)

$ /home/ubuntu/.venv/bin/python3 /home/ubuntu/apps/election-app/stats/1-append-new.py
Wrote 2024_county_results_with_final-old.csv (rows=2, missing_final_matches=0)

$ /home/ubuntu/.venv/bin/python3 /home/ubuntu/apps/election-app/stats/1-change_header.py
Wrote: 2024_county_results_with_final.csv

$ /home/ubuntu/.venv/bin/python3 /home/ubuntu/apps/election-app/stats/1-cut-zero-fips.py
Wrote: 2024_county_results_with_final_1.csv
Rows before: 2
Rows after:  2
Dropped (fips == 0): 0

$ /home/ubuntu/.venv/bin/python3 /home/ubuntu/apps/election-app/stats/2-calc.py
Wrote 2 rows with calculations to /home/ubuntu/apps/election-app/win_prob/H/FL/05/_work/2024_county_results_with_calcs-old.csv

$ /home/ubuntu/.venv/bin/python3 /home/ubuntu/apps/election-app/stats/2-eevp.py
Wrote (no-op copy): 2024_county_results_with_calcs.csv
Columns:
 - timestamp
 - state
 - county
 - fips
 - trump_votes
 - harris_votes
 - other_votes
 - eevp
 - state_eevp
 - harris_votes_statewide
 - trump_votes_statewide
 - other_votes_statewide
 - final_state
 - final_county
 - final_fips
 - final_trump_votes
 - final_harris_votes
 - final_other_votes
 - harris_percent_snapshot
 - trump_percent_snapshot
 - margin_snapshot
 - harris_percent_final
 - trump_percent_final
 - margin_final
 - margin_difference
 - margin_difference_abs

$ /home/ubuntu/.venv/bin/python3 /home/ubuntu/apps/election-app/stats/3-calc-new.py
Wrote 2 rows with new columns to /home/ubuntu/apps/election-app/win_prob/H/FL/05/_work/2024_county_results_with_calcs_new.csv

$ /home/ubuntu/.venv/bin/python3 /home/ubuntu/apps/election-app/stats/4-stats.py
Reading 2024_county_results_with_calcs_new.csv...
Aggregating statewide totals...
Calculating percentages and margins...
Writing to output_statewide_stats.csv...
Done!
[2026-01-22 21:53:28] INFO: [PIPELINE] ENTER win-prob generation | states=['FL'] ts_list=['2024-11-05T15-30-22']

============================================================================
[01/1] STATE = FL
============================================================================

$ /home/ubuntu/.venv/bin/python3 /home/ubuntu/apps/election-app/stats/5-snapshots.py --state FL --input /home/ubuntu/apps/election-app/win_prob/H/FL/05/_work/output_statewide_stats.csv --output /home/ubuntu/apps/election-app/win_prob/H/FL/05/snapshots_FL.csv --start 2024-11-05T15-30-22 --end 2024-11-05T15-30-22 --use-window 1 --interval 30
Mode: windowed-one-state
Rows written: 2
Distinct states in output: FL
Rows per normalized timestamp (empty = unparseable):
  2024-11-05T15-30-22: 2
Wrote /home/ubuntu/apps/election-app/win_prob/H/FL/05/snapshots_FL.csv

$ /home/ubuntu/.venv/bin/python3 /home/ubuntu/apps/election-app/stats/6-pval.py /home/ubuntu/apps/election-app/win_prob/H/FL/05/snapshots_FL.csv -t /home/ubuntu/apps/election-app/stats/parameters.csv -o /home/ubuntu/apps/election-app/win_prob/H/FL/05/data_output_FL.csv -c 50
Done. Wrote: /home/ubuntu/apps/election-app/win_prob/H/FL/05/data_output_FL.csv
Total rows: 2 (chunked, resumable).
Computed columns for PVALS = [0.01, 0.1, 1, 2, 3, 5, 10, 15, 20, 25, 30, 35, 40, 45, 50, 55, 60, 65, 70, 75, 80, 85, 90, 95, 97, 98, 99, 99.9, 99.99]
Per p (leader): shift_{p}, margin_new_{p}, harris_percent_new_{p}, trump_percent_new_{p}, total_snapshot_{p}, total_expected_{p}, harris_votes_new_{p}, trump_votes_new_{p}
Per p (trailing): shift_trailing_{p}, margin_new_{p}_trailing, harris_percent_new_{p}_trailing, trump_percent_new_{p}_trailing, total_snapshot_{p}_trailing, total_expected_{p}_trailing, harris_votes_new_{p}_trailing, trump_votes_new_{p}_trailing
Checkpoint saved at: /home/ubuntu/apps/election-app/win_prob/H/FL/05/data_output_FL.csv.checkpoint.json

$ /home/ubuntu/.venv/bin/python3 /home/ubuntu/apps/election-app/stats/7-margin-new.py
Wrote data_output_with_margins_old.csv

$ /home/ubuntu/.venv/bin/python3 /home/ubuntu/apps/election-app/stats/7-eevp-statewide.py
Wrote data_output_with_margins.csv (copied from data_output_with_margins_old.csv)

$ /home/ubuntu/.venv/bin/python3 /home/ubuntu/apps/election-app/stats/7.py --input /home/ubuntu/apps/election-app/win_prob/H/FL/05/data_output_FL_with_margins_statewide_eevp.csv --output /home/ubuntu/apps/election-app/win_prob/H/FL/05/statewide_margin_pct_vs_percent_FL_2026.png --state FL --start 2024-11-05T15-30-22 --end 2024-11-05T15-30-22 --stats /home/ubuntu/apps/election-app/win_prob/H/FL/05/stats.csv --stats2 /home/ubuntu/apps/election-app/win_prob/H/FL/05/stats2.csv --interval 30 --year 2026 --jsonl /home/ubuntu/apps/election-app/win_prob/H/FL/05/plotdata_FL_2026_2026-01-22T21-53-18.jsonl
[info] evaluating 1 timestamps from 2024-11-05T15-30-22 to 2024-11-05T15-30-22 every 30 minutes
[saved] probs_timeseries_FL.csv  (1 points)
[saved] /home/ubuntu/apps/election-app/win_prob/H/FL/05/plotdata_FL_2026_2026-01-22T21-53-18.jsonl  (4 points)
[saved] /home/ubuntu/apps/election-app/win_prob/H/FL/05/statewide_margin_pct_vs_percent_FL_2026_box.json
[saved] /home/ubuntu/apps/election-app/win_prob/H/FL/05/statewide_margin_pct_vs_percent_FL_2026_box.png
[saved] /home/ubuntu/apps/election-app/win_prob/H/FL/05/statewide_margin_pct_vs_percent_FL_2026.png

All 50 states complete. See: /home/ubuntu/apps/election-app/win_prob/H/FL/05

$ /home/ubuntu/.venv/bin/python3 /home/ubuntu/apps/election-app/stats/8.py --root /home/ubuntu/apps/election-app/win_prob/H/FL/05/_work --outdir /home/ubuntu/apps/election-app/win_prob/H/FL/05
[info] root  = /home/ubuntu/apps/election-app/win_prob/H/FL/05/_work
[info] outdir= /home/ubuntu/apps/election-app/win_prob/H/FL/05
[deleted] /home/ubuntu/apps/election-app/win_prob/H/FL/05/_work/stats_with_statewide.csv
[deleted] /home/ubuntu/apps/election-app/win_prob/H/FL/05/_work/stats2_final_headers.csv
[deleted] /home/ubuntu/apps/election-app/win_prob/H/FL/05/_work/2024_county_results_with_final-old.csv
[deleted] /home/ubuntu/apps/election-app/win_prob/H/FL/05/_work/2024_county_results_with_final.csv
[deleted] /home/ubuntu/apps/election-app/win_prob/H/FL/05/_work/2024_county_results_with_final_1.csv
[deleted] /home/ubuntu/apps/election-app/win_prob/H/FL/05/_work/2024_county_results_with_calcs-old.csv
[deleted] /home/ubuntu/apps/election-app/win_prob/H/FL/05/_work/2024_county_results_with_calcs_new.csv
[deleted] /home/ubuntu/apps/election-app/win_prob/H/FL/05/_work/output_statewide_stats.csv
[skip]    /home/ubuntu/apps/election-app/win_prob/H/FL/05/_work/probs_timeseries_PA.csv
[deleted] /home/ubuntu/apps/election-app/win_prob/H/FL/05/_work/2024_county_results_with_calcs.csv
[skip]    /home/ubuntu/apps/election-app/win_prob/H/FL/05/data_output.csv
[skip]    /home/ubuntu/apps/election-app/win_prob/H/FL/05/data_output_with_margins_old.csv
[skip]    /home/ubuntu/apps/election-app/win_prob/H/FL/05/data_output_with_margins.csv
[skip]    /home/ubuntu/apps/election-app/win_prob/H/FL/05/data_output_with_margins-statewide.csv
[deleted] /home/ubuntu/apps/election-app/win_prob/H/FL/05/snapshots_FL.csv
[deleted] /home/ubuntu/apps/election-app/win_prob/H/FL/05/data_output_FL.csv
[deleted] /home/ubuntu/apps/election-app/win_prob/H/FL/05/data_output_FL_with_margins_statewide_eevp.csv
[deleted] /home/ubuntu/apps/election-app/win_prob/H/FL/05/data_output_FL_with_margins.csv
[deleted] /home/ubuntu/apps/election-app/win_prob/H/FL/05/data_output_FL.csv.checkpoint.json
[deleted] /home/ubuntu/apps/election-app/win_prob/H/FL/05/stats.csv
[deleted] /home/ubuntu/apps/election-app/win_prob/H/FL/05/stats2.csv
[done] removed 16 file(s)
[2026-01-22 22:00:22] INFO: [PIPELINE] args: office=H state=FL district=05
[2026-01-22 22:00:22] INFO: [PIPELINE] WINPROB_DIR resolved to: /home/ubuntu/apps/election-app/win_prob/H/FL/05
[2026-01-22 22:00:22] INFO: [PIPELINE] OUTDIR set to: /home/ubuntu/apps/election-app/win_prob/H/FL/05

$ /home/ubuntu/.venv/bin/python3 /home/ubuntu/apps/election-app/stats/1-statewide.py --input /home/ubuntu/apps/election-app/win_prob/H/FL/05/stats.csv --output /home/ubuntu/apps/election-app/win_prob/H/FL/05/_work/stats_with_statewide.csv
Wrote /home/ubuntu/apps/election-app/win_prob/H/FL/05/_work/stats_with_statewide.csv (rows=2)

$ /home/ubuntu/.venv/bin/python3 /home/ubuntu/apps/election-app/stats/1-stats-2.py --input /home/ubuntu/apps/election-app/win_prob/H/FL/05/stats2.csv --output /home/ubuntu/apps/election-app/win_prob/H/FL/05/_work/stats2_final_headers.csv
Wrote /home/ubuntu/apps/election-app/win_prob/H/FL/05/_work/stats2_final_headers.csv (rows=2)

$ /home/ubuntu/.venv/bin/python3 /home/ubuntu/apps/election-app/stats/1-append-new.py
Wrote 2024_county_results_with_final-old.csv (rows=2, missing_final_matches=0)

$ /home/ubuntu/.venv/bin/python3 /home/ubuntu/apps/election-app/stats/1-change_header.py
Wrote: 2024_county_results_with_final.csv

$ /home/ubuntu/.venv/bin/python3 /home/ubuntu/apps/election-app/stats/1-cut-zero-fips.py
Wrote: 2024_county_results_with_final_1.csv
Rows before: 2
Rows after:  2
Dropped (fips == 0): 0

$ /home/ubuntu/.venv/bin/python3 /home/ubuntu/apps/election-app/stats/2-calc.py
Wrote 2 rows with calculations to /home/ubuntu/apps/election-app/win_prob/H/FL/05/_work/2024_county_results_with_calcs-old.csv

$ /home/ubuntu/.venv/bin/python3 /home/ubuntu/apps/election-app/stats/2-eevp.py
Wrote (no-op copy): 2024_county_results_with_calcs.csv
Columns:
 - timestamp
 - state
 - county
 - fips
 - trump_votes
 - harris_votes
 - other_votes
 - eevp
 - state_eevp
 - harris_votes_statewide
 - trump_votes_statewide
 - other_votes_statewide
 - final_state
 - final_county
 - final_fips
 - final_trump_votes
 - final_harris_votes
 - final_other_votes
 - harris_percent_snapshot
 - trump_percent_snapshot
 - margin_snapshot
 - harris_percent_final
 - trump_percent_final
 - margin_final
 - margin_difference
 - margin_difference_abs

$ /home/ubuntu/.venv/bin/python3 /home/ubuntu/apps/election-app/stats/3-calc-new.py
Wrote 2 rows with new columns to /home/ubuntu/apps/election-app/win_prob/H/FL/05/_work/2024_county_results_with_calcs_new.csv

$ /home/ubuntu/.venv/bin/python3 /home/ubuntu/apps/election-app/stats/4-stats.py
Reading 2024_county_results_with_calcs_new.csv...
Aggregating statewide totals...
Calculating percentages and margins...
Writing to output_statewide_stats.csv...
Done!
[2026-01-22 22:00:32] INFO: [PIPELINE] ENTER win-prob generation | states=['FL'] ts_list=['2024-11-05T15-30-22']

============================================================================
[01/1] STATE = FL
============================================================================

$ /home/ubuntu/.venv/bin/python3 /home/ubuntu/apps/election-app/stats/5-snapshots.py --state FL --input /home/ubuntu/apps/election-app/win_prob/H/FL/05/_work/output_statewide_stats.csv --output /home/ubuntu/apps/election-app/win_prob/H/FL/05/snapshots_FL.csv --start 2024-11-05T15-30-22 --end 2024-11-05T15-30-22 --use-window 1 --interval 30
Mode: windowed-one-state
Rows written: 2
Distinct states in output: FL
Rows per normalized timestamp (empty = unparseable):
  2024-11-05T15-30-22: 2
Wrote /home/ubuntu/apps/election-app/win_prob/H/FL/05/snapshots_FL.csv

$ /home/ubuntu/.venv/bin/python3 /home/ubuntu/apps/election-app/stats/6-pval.py /home/ubuntu/apps/election-app/win_prob/H/FL/05/snapshots_FL.csv -t /home/ubuntu/apps/election-app/stats/parameters.csv -o /home/ubuntu/apps/election-app/win_prob/H/FL/05/data_output_FL.csv -c 50
Done. Wrote: /home/ubuntu/apps/election-app/win_prob/H/FL/05/data_output_FL.csv
Total rows: 2 (chunked, resumable).
Computed columns for PVALS = [0.01, 0.1, 1, 2, 3, 5, 10, 15, 20, 25, 30, 35, 40, 45, 50, 55, 60, 65, 70, 75, 80, 85, 90, 95, 97, 98, 99, 99.9, 99.99]
Per p (leader): shift_{p}, margin_new_{p}, harris_percent_new_{p}, trump_percent_new_{p}, total_snapshot_{p}, total_expected_{p}, harris_votes_new_{p}, trump_votes_new_{p}
Per p (trailing): shift_trailing_{p}, margin_new_{p}_trailing, harris_percent_new_{p}_trailing, trump_percent_new_{p}_trailing, total_snapshot_{p}_trailing, total_expected_{p}_trailing, harris_votes_new_{p}_trailing, trump_votes_new_{p}_trailing
Checkpoint saved at: /home/ubuntu/apps/election-app/win_prob/H/FL/05/data_output_FL.csv.checkpoint.json

$ /home/ubuntu/.venv/bin/python3 /home/ubuntu/apps/election-app/stats/7-margin-new.py
Wrote data_output_with_margins_old.csv

$ /home/ubuntu/.venv/bin/python3 /home/ubuntu/apps/election-app/stats/7-eevp-statewide.py
Wrote data_output_with_margins.csv (copied from data_output_with_margins_old.csv)

$ /home/ubuntu/.venv/bin/python3 /home/ubuntu/apps/election-app/stats/7.py --input /home/ubuntu/apps/election-app/win_prob/H/FL/05/data_output_FL_with_margins_statewide_eevp.csv --output /home/ubuntu/apps/election-app/win_prob/H/FL/05/statewide_margin_pct_vs_percent_FL_2026.png --state FL --start 2024-11-05T15-30-22 --end 2024-11-05T15-30-22 --stats /home/ubuntu/apps/election-app/win_prob/H/FL/05/stats.csv --stats2 /home/ubuntu/apps/election-app/win_prob/H/FL/05/stats2.csv --interval 30 --year 2026 --jsonl /home/ubuntu/apps/election-app/win_prob/H/FL/05/plotdata_FL_2026_2026-01-22T22-00-22.jsonl
[info] evaluating 1 timestamps from 2024-11-05T15-30-22 to 2024-11-05T15-30-22 every 30 minutes
[saved] probs_timeseries_FL.csv  (1 points)
[saved] /home/ubuntu/apps/election-app/win_prob/H/FL/05/plotdata_FL_2026_2026-01-22T22-00-22.jsonl  (4 points)
[saved] /home/ubuntu/apps/election-app/win_prob/H/FL/05/statewide_margin_pct_vs_percent_FL_2026_box.json
[saved] /home/ubuntu/apps/election-app/win_prob/H/FL/05/statewide_margin_pct_vs_percent_FL_2026_box.png
[saved] /home/ubuntu/apps/election-app/win_prob/H/FL/05/statewide_margin_pct_vs_percent_FL_2026.png

All 50 states complete. See: /home/ubuntu/apps/election-app/win_prob/H/FL/05

$ /home/ubuntu/.venv/bin/python3 /home/ubuntu/apps/election-app/stats/8.py --root /home/ubuntu/apps/election-app/win_prob/H/FL/05/_work --outdir /home/ubuntu/apps/election-app/win_prob/H/FL/05
[info] root  = /home/ubuntu/apps/election-app/win_prob/H/FL/05/_work
[info] outdir= /home/ubuntu/apps/election-app/win_prob/H/FL/05
[deleted] /home/ubuntu/apps/election-app/win_prob/H/FL/05/_work/stats_with_statewide.csv
[deleted] /home/ubuntu/apps/election-app/win_prob/H/FL/05/_work/stats2_final_headers.csv
[deleted] /home/ubuntu/apps/election-app/win_prob/H/FL/05/_work/2024_county_results_with_final-old.csv
[deleted] /home/ubuntu/apps/election-app/win_prob/H/FL/05/_work/2024_county_results_with_final.csv
[deleted] /home/ubuntu/apps/election-app/win_prob/H/FL/05/_work/2024_county_results_with_final_1.csv
[deleted] /home/ubuntu/apps/election-app/win_prob/H/FL/05/_work/2024_county_results_with_calcs-old.csv
[deleted] /home/ubuntu/apps/election-app/win_prob/H/FL/05/_work/2024_county_results_with_calcs_new.csv
[deleted] /home/ubuntu/apps/election-app/win_prob/H/FL/05/_work/output_statewide_stats.csv
[skip]    /home/ubuntu/apps/election-app/win_prob/H/FL/05/_work/probs_timeseries_PA.csv
[deleted] /home/ubuntu/apps/election-app/win_prob/H/FL/05/_work/2024_county_results_with_calcs.csv
[skip]    /home/ubuntu/apps/election-app/win_prob/H/FL/05/data_output.csv
[skip]    /home/ubuntu/apps/election-app/win_prob/H/FL/05/data_output_with_margins_old.csv
[skip]    /home/ubuntu/apps/election-app/win_prob/H/FL/05/data_output_with_margins.csv
[skip]    /home/ubuntu/apps/election-app/win_prob/H/FL/05/data_output_with_margins-statewide.csv
[deleted] /home/ubuntu/apps/election-app/win_prob/H/FL/05/snapshots_FL.csv
[deleted] /home/ubuntu/apps/election-app/win_prob/H/FL/05/data_output_FL.csv
[deleted] /home/ubuntu/apps/election-app/win_prob/H/FL/05/data_output_FL_with_margins_statewide_eevp.csv
[deleted] /home/ubuntu/apps/election-app/win_prob/H/FL/05/data_output_FL_with_margins.csv
[deleted] /home/ubuntu/apps/election-app/win_prob/H/FL/05/data_output_FL.csv.checkpoint.json
[deleted] /home/ubuntu/apps/election-app/win_prob/H/FL/05/stats.csv
[deleted] /home/ubuntu/apps/election-app/win_prob/H/FL/05/stats2.csv
[done] removed 16 file(s)
[2026-01-24 19:40:02] INFO: [PIPELINE] args: office=H state=FL district=05
[2026-01-24 19:40:02] INFO: [PIPELINE] WINPROB_DIR resolved to: /home/ubuntu/apps/election-app/win_prob/H/FL/05
[2026-01-24 19:40:02] INFO: [PIPELINE] OUTDIR set to: /home/ubuntu/apps/election-app/win_prob/H/FL/05

$ /home/ubuntu/.venv/bin/python3 /home/ubuntu/apps/election-app/stats/1-statewide.py --input /home/ubuntu/apps/election-app/win_prob/H/FL/05/stats.csv --output /home/ubuntu/apps/election-app/win_prob/H/FL/05/_work/stats_with_statewide.csv
Wrote /home/ubuntu/apps/election-app/win_prob/H/FL/05/_work/stats_with_statewide.csv (rows=2)

$ /home/ubuntu/.venv/bin/python3 /home/ubuntu/apps/election-app/stats/1-stats-2.py --input /home/ubuntu/apps/election-app/win_prob/H/FL/05/stats2.csv --output /home/ubuntu/apps/election-app/win_prob/H/FL/05/_work/stats2_final_headers.csv
Wrote /home/ubuntu/apps/election-app/win_prob/H/FL/05/_work/stats2_final_headers.csv (rows=2)

$ /home/ubuntu/.venv/bin/python3 /home/ubuntu/apps/election-app/stats/1-append-new.py
Wrote 2024_county_results_with_final-old.csv (rows=2, missing_final_matches=0)

$ /home/ubuntu/.venv/bin/python3 /home/ubuntu/apps/election-app/stats/1-change_header.py
Wrote: 2024_county_results_with_final.csv

$ /home/ubuntu/.venv/bin/python3 /home/ubuntu/apps/election-app/stats/1-cut-zero-fips.py
Wrote: 2024_county_results_with_final_1.csv
Rows before: 2
Rows after:  2
Dropped (fips == 0): 0

$ /home/ubuntu/.venv/bin/python3 /home/ubuntu/apps/election-app/stats/2-calc.py
Wrote 2 rows with calculations to /home/ubuntu/apps/election-app/win_prob/H/FL/05/_work/2024_county_results_with_calcs-old.csv

$ /home/ubuntu/.venv/bin/python3 /home/ubuntu/apps/election-app/stats/2-eevp.py
Wrote (no-op copy): 2024_county_results_with_calcs.csv
Columns:
 - timestamp
 - state
 - county
 - fips
 - trump_votes
 - harris_votes
 - other_votes
 - eevp
 - state_eevp
 - harris_votes_statewide
 - trump_votes_statewide
 - other_votes_statewide
 - final_state
 - final_county
 - final_fips
 - final_trump_votes
 - final_harris_votes
 - final_other_votes
 - harris_percent_snapshot
 - trump_percent_snapshot
 - margin_snapshot
 - harris_percent_final
 - trump_percent_final
 - margin_final
 - margin_difference
 - margin_difference_abs

$ /home/ubuntu/.venv/bin/python3 /home/ubuntu/apps/election-app/stats/3-calc-new.py
Wrote 2 rows with new columns to /home/ubuntu/apps/election-app/win_prob/H/FL/05/_work/2024_county_results_with_calcs_new.csv

$ /home/ubuntu/.venv/bin/python3 /home/ubuntu/apps/election-app/stats/4-stats.py
Reading 2024_county_results_with_calcs_new.csv...
Aggregating statewide totals...
Calculating percentages and margins...
Writing to output_statewide_stats.csv...
Done!
[2026-01-24 19:40:12] INFO: [PIPELINE] ENTER win-prob generation | states=['FL'] ts_list=['2024-11-05T15-30-22']

============================================================================
[01/1] STATE = FL
============================================================================

$ /home/ubuntu/.venv/bin/python3 /home/ubuntu/apps/election-app/stats/5-snapshots.py --state FL --input /home/ubuntu/apps/election-app/win_prob/H/FL/05/_work/output_statewide_stats.csv --output /home/ubuntu/apps/election-app/win_prob/H/FL/05/snapshots_FL.csv --start 2024-11-05T15-30-22 --end 2024-11-05T15-30-22 --use-window 1 --interval 30
Mode: windowed-one-state
Rows written: 2
Distinct states in output: FL
Rows per normalized timestamp (empty = unparseable):
  2024-11-05T15-30-22: 2
Wrote /home/ubuntu/apps/election-app/win_prob/H/FL/05/snapshots_FL.csv

$ /home/ubuntu/.venv/bin/python3 /home/ubuntu/apps/election-app/stats/6-pval.py /home/ubuntu/apps/election-app/win_prob/H/FL/05/snapshots_FL.csv -t /home/ubuntu/apps/election-app/stats/parameters.csv -o /home/ubuntu/apps/election-app/win_prob/H/FL/05/data_output_FL.csv -c 50
Done. Wrote: /home/ubuntu/apps/election-app/win_prob/H/FL/05/data_output_FL.csv
Total rows: 2 (chunked, resumable).
Computed columns for PVALS = [0.01, 0.1, 1, 2, 3, 5, 10, 15, 20, 25, 30, 35, 40, 45, 50, 55, 60, 65, 70, 75, 80, 85, 90, 95, 97, 98, 99, 99.9, 99.99]
Per p (leader): shift_{p}, margin_new_{p}, harris_percent_new_{p}, trump_percent_new_{p}, total_snapshot_{p}, total_expected_{p}, harris_votes_new_{p}, trump_votes_new_{p}
Per p (trailing): shift_trailing_{p}, margin_new_{p}_trailing, harris_percent_new_{p}_trailing, trump_percent_new_{p}_trailing, total_snapshot_{p}_trailing, total_expected_{p}_trailing, harris_votes_new_{p}_trailing, trump_votes_new_{p}_trailing
Checkpoint saved at: /home/ubuntu/apps/election-app/win_prob/H/FL/05/data_output_FL.csv.checkpoint.json

$ /home/ubuntu/.venv/bin/python3 /home/ubuntu/apps/election-app/stats/7-margin-new.py
Wrote data_output_with_margins_old.csv

$ /home/ubuntu/.venv/bin/python3 /home/ubuntu/apps/election-app/stats/7-eevp-statewide.py
Wrote data_output_with_margins.csv (copied from data_output_with_margins_old.csv)

$ /home/ubuntu/.venv/bin/python3 /home/ubuntu/apps/election-app/stats/7.py --input /home/ubuntu/apps/election-app/win_prob/H/FL/05/data_output_FL_with_margins_statewide_eevp.csv --output /home/ubuntu/apps/election-app/win_prob/H/FL/05/statewide_margin_pct_vs_percent_FL_2026.png --state FL --start 2024-11-05T15-30-22 --end 2024-11-05T15-30-22 --stats /home/ubuntu/apps/election-app/win_prob/H/FL/05/stats.csv --stats2 /home/ubuntu/apps/election-app/win_prob/H/FL/05/stats2.csv --interval 30 --year 2026 --jsonl /home/ubuntu/apps/election-app/win_prob/H/FL/05/plotdata_FL_2026_2026-01-24T19-40-02.jsonl
[info] evaluating 1 timestamps from 2024-11-05T15-30-22 to 2024-11-05T15-30-22 every 30 minutes
[saved] probs_timeseries_FL.csv  (1 points)
[saved] /home/ubuntu/apps/election-app/win_prob/H/FL/05/plotdata_FL_2026_2026-01-24T19-40-02.jsonl  (0 points)
[saved] /home/ubuntu/apps/election-app/win_prob/H/FL/05/statewide_margin_pct_vs_percent_FL_2026_box.json
[saved] /home/ubuntu/apps/election-app/win_prob/H/FL/05/statewide_margin_pct_vs_percent_FL_2026_box.png
[saved] /home/ubuntu/apps/election-app/win_prob/H/FL/05/statewide_margin_pct_vs_percent_FL_2026.png

All 50 states complete. See: /home/ubuntu/apps/election-app/win_prob/H/FL/05

$ /home/ubuntu/.venv/bin/python3 /home/ubuntu/apps/election-app/stats/8.py --root /home/ubuntu/apps/election-app/win_prob/H/FL/05/_work --outdir /home/ubuntu/apps/election-app/win_prob/H/FL/05
[info] root  = /home/ubuntu/apps/election-app/win_prob/H/FL/05/_work
[info] outdir= /home/ubuntu/apps/election-app/win_prob/H/FL/05
[deleted] /home/ubuntu/apps/election-app/win_prob/H/FL/05/_work/stats_with_statewide.csv
[deleted] /home/ubuntu/apps/election-app/win_prob/H/FL/05/_work/stats2_final_headers.csv
[deleted] /home/ubuntu/apps/election-app/win_prob/H/FL/05/_work/2024_county_results_with_final-old.csv
[deleted] /home/ubuntu/apps/election-app/win_prob/H/FL/05/_work/2024_county_results_with_final.csv
[deleted] /home/ubuntu/apps/election-app/win_prob/H/FL/05/_work/2024_county_results_with_final_1.csv
[deleted] /home/ubuntu/apps/election-app/win_prob/H/FL/05/_work/2024_county_results_with_calcs-old.csv
[deleted] /home/ubuntu/apps/election-app/win_prob/H/FL/05/_work/2024_county_results_with_calcs_new.csv
[deleted] /home/ubuntu/apps/election-app/win_prob/H/FL/05/_work/output_statewide_stats.csv
[skip]    /home/ubuntu/apps/election-app/win_prob/H/FL/05/_work/probs_timeseries_PA.csv
[deleted] /home/ubuntu/apps/election-app/win_prob/H/FL/05/_work/2024_county_results_with_calcs.csv
[skip]    /home/ubuntu/apps/election-app/win_prob/H/FL/05/data_output.csv
[skip]    /home/ubuntu/apps/election-app/win_prob/H/FL/05/data_output_with_margins_old.csv
[skip]    /home/ubuntu/apps/election-app/win_prob/H/FL/05/data_output_with_margins.csv
[skip]    /home/ubuntu/apps/election-app/win_prob/H/FL/05/data_output_with_margins-statewide.csv
[deleted] /home/ubuntu/apps/election-app/win_prob/H/FL/05/snapshots_FL.csv
[deleted] /home/ubuntu/apps/election-app/win_prob/H/FL/05/data_output_FL.csv
[deleted] /home/ubuntu/apps/election-app/win_prob/H/FL/05/data_output_FL_with_margins_statewide_eevp.csv
[deleted] /home/ubuntu/apps/election-app/win_prob/H/FL/05/data_output_FL_with_margins.csv
[deleted] /home/ubuntu/apps/election-app/win_prob/H/FL/05/data_output_FL.csv.checkpoint.json
[deleted] /home/ubuntu/apps/election-app/win_prob/H/FL/05/stats.csv
[deleted] /home/ubuntu/apps/election-app/win_prob/H/FL/05/stats2.csv
[done] removed 16 file(s)
[2026-01-24 19:46:39] INFO: [PIPELINE] args: office=H state=FL district=05
[2026-01-24 19:46:39] INFO: [PIPELINE] WINPROB_DIR resolved to: /home/ubuntu/apps/election-app/win_prob/H/FL/05
[2026-01-24 19:46:39] INFO: [PIPELINE] OUTDIR set to: /home/ubuntu/apps/election-app/win_prob/H/FL/05

$ /home/ubuntu/.venv/bin/python3 /home/ubuntu/apps/election-app/stats/1-statewide.py --input /home/ubuntu/apps/election-app/win_prob/H/FL/05/stats.csv --output /home/ubuntu/apps/election-app/win_prob/H/FL/05/_work/stats_with_statewide.csv
Wrote /home/ubuntu/apps/election-app/win_prob/H/FL/05/_work/stats_with_statewide.csv (rows=2)

$ /home/ubuntu/.venv/bin/python3 /home/ubuntu/apps/election-app/stats/1-stats-2.py --input /home/ubuntu/apps/election-app/win_prob/H/FL/05/stats2.csv --output /home/ubuntu/apps/election-app/win_prob/H/FL/05/_work/stats2_final_headers.csv
Wrote /home/ubuntu/apps/election-app/win_prob/H/FL/05/_work/stats2_final_headers.csv (rows=2)

$ /home/ubuntu/.venv/bin/python3 /home/ubuntu/apps/election-app/stats/1-append-new.py
Wrote 2024_county_results_with_final-old.csv (rows=2, missing_final_matches=0)

$ /home/ubuntu/.venv/bin/python3 /home/ubuntu/apps/election-app/stats/1-change_header.py
Wrote: 2024_county_results_with_final.csv

$ /home/ubuntu/.venv/bin/python3 /home/ubuntu/apps/election-app/stats/1-cut-zero-fips.py
Wrote: 2024_county_results_with_final_1.csv
Rows before: 2
Rows after:  2
Dropped (fips == 0): 0

$ /home/ubuntu/.venv/bin/python3 /home/ubuntu/apps/election-app/stats/2-calc.py
Wrote 2 rows with calculations to /home/ubuntu/apps/election-app/win_prob/H/FL/05/_work/2024_county_results_with_calcs-old.csv

$ /home/ubuntu/.venv/bin/python3 /home/ubuntu/apps/election-app/stats/2-eevp.py
Wrote (no-op copy): 2024_county_results_with_calcs.csv
Columns:
 - timestamp
 - state
 - county
 - fips
 - trump_votes
 - harris_votes
 - other_votes
 - eevp
 - state_eevp
 - harris_votes_statewide
 - trump_votes_statewide
 - other_votes_statewide
 - final_state
 - final_county
 - final_fips
 - final_trump_votes
 - final_harris_votes
 - final_other_votes
 - harris_percent_snapshot
 - trump_percent_snapshot
 - margin_snapshot
 - harris_percent_final
 - trump_percent_final
 - margin_final
 - margin_difference
 - margin_difference_abs

$ /home/ubuntu/.venv/bin/python3 /home/ubuntu/apps/election-app/stats/3-calc-new.py
Wrote 2 rows with new columns to /home/ubuntu/apps/election-app/win_prob/H/FL/05/_work/2024_county_results_with_calcs_new.csv

$ /home/ubuntu/.venv/bin/python3 /home/ubuntu/apps/election-app/stats/4-stats.py
Reading 2024_county_results_with_calcs_new.csv...
Aggregating statewide totals...
Calculating percentages and margins...
Writing to output_statewide_stats.csv...
Done!
[2026-01-24 19:46:48] INFO: [PIPELINE] ENTER win-prob generation | states=['FL'] ts_list=['2024-11-05T15-30-22']

============================================================================
[01/1] STATE = FL
============================================================================

$ /home/ubuntu/.venv/bin/python3 /home/ubuntu/apps/election-app/stats/5-snapshots.py --state FL --input /home/ubuntu/apps/election-app/win_prob/H/FL/05/_work/output_statewide_stats.csv --output /home/ubuntu/apps/election-app/win_prob/H/FL/05/snapshots_FL.csv --start 2024-11-05T15-30-22 --end 2024-11-05T15-30-22 --use-window 1 --interval 30
Mode: windowed-one-state
Rows written: 2
Distinct states in output: FL
Rows per normalized timestamp (empty = unparseable):
  2024-11-05T15-30-22: 2
Wrote /home/ubuntu/apps/election-app/win_prob/H/FL/05/snapshots_FL.csv

$ /home/ubuntu/.venv/bin/python3 /home/ubuntu/apps/election-app/stats/6-pval.py /home/ubuntu/apps/election-app/win_prob/H/FL/05/snapshots_FL.csv -t /home/ubuntu/apps/election-app/stats/parameters.csv -o /home/ubuntu/apps/election-app/win_prob/H/FL/05/data_output_FL.csv -c 50
Done. Wrote: /home/ubuntu/apps/election-app/win_prob/H/FL/05/data_output_FL.csv
Total rows: 2 (chunked, resumable).
Computed columns for PVALS = [0.01, 0.1, 1, 2, 3, 5, 10, 15, 20, 25, 30, 35, 40, 45, 50, 55, 60, 65, 70, 75, 80, 85, 90, 95, 97, 98, 99, 99.9, 99.99]
Per p (leader): shift_{p}, margin_new_{p}, harris_percent_new_{p}, trump_percent_new_{p}, total_snapshot_{p}, total_expected_{p}, harris_votes_new_{p}, trump_votes_new_{p}
Per p (trailing): shift_trailing_{p}, margin_new_{p}_trailing, harris_percent_new_{p}_trailing, trump_percent_new_{p}_trailing, total_snapshot_{p}_trailing, total_expected_{p}_trailing, harris_votes_new_{p}_trailing, trump_votes_new_{p}_trailing
Checkpoint saved at: /home/ubuntu/apps/election-app/win_prob/H/FL/05/data_output_FL.csv.checkpoint.json

$ /home/ubuntu/.venv/bin/python3 /home/ubuntu/apps/election-app/stats/7-margin-new.py
Wrote data_output_with_margins_old.csv

$ /home/ubuntu/.venv/bin/python3 /home/ubuntu/apps/election-app/stats/7-eevp-statewide.py
Wrote data_output_with_margins.csv (copied from data_output_with_margins_old.csv)

$ /home/ubuntu/.venv/bin/python3 /home/ubuntu/apps/election-app/stats/7.py --input /home/ubuntu/apps/election-app/win_prob/H/FL/05/data_output_FL_with_margins_statewide_eevp.csv --output /home/ubuntu/apps/election-app/win_prob/H/FL/05/statewide_margin_pct_vs_percent_FL_2026.png --state FL --start 2024-11-05T15-30-22 --end 2024-11-05T15-30-22 --stats /home/ubuntu/apps/election-app/win_prob/H/FL/05/stats.csv --stats2 /home/ubuntu/apps/election-app/win_prob/H/FL/05/stats2.csv --interval 30 --year 2026 --jsonl /home/ubuntu/apps/election-app/win_prob/H/FL/05/plotdata_FL_2026_2026-01-24T19-46-39.jsonl
[info] evaluating 1 timestamps from 2024-11-05T15-30-22 to 2024-11-05T15-30-22 every 30 minutes
[saved] probs_timeseries_FL.csv  (1 points)
[saved] /home/ubuntu/apps/election-app/win_prob/H/FL/05/plotdata_FL_2026_2026-01-24T19-46-39.jsonl  (4 points)
[saved] /home/ubuntu/apps/election-app/win_prob/H/FL/05/statewide_margin_pct_vs_percent_FL_2026_box.json
[saved] /home/ubuntu/apps/election-app/win_prob/H/FL/05/statewide_margin_pct_vs_percent_FL_2026_box.png
[saved] /home/ubuntu/apps/election-app/win_prob/H/FL/05/statewide_margin_pct_vs_percent_FL_2026.png

All 50 states complete. See: /home/ubuntu/apps/election-app/win_prob/H/FL/05

$ /home/ubuntu/.venv/bin/python3 /home/ubuntu/apps/election-app/stats/8.py --root /home/ubuntu/apps/election-app/win_prob/H/FL/05/_work --outdir /home/ubuntu/apps/election-app/win_prob/H/FL/05
[info] root  = /home/ubuntu/apps/election-app/win_prob/H/FL/05/_work
[info] outdir= /home/ubuntu/apps/election-app/win_prob/H/FL/05
[deleted] /home/ubuntu/apps/election-app/win_prob/H/FL/05/_work/stats_with_statewide.csv
[deleted] /home/ubuntu/apps/election-app/win_prob/H/FL/05/_work/stats2_final_headers.csv
[deleted] /home/ubuntu/apps/election-app/win_prob/H/FL/05/_work/2024_county_results_with_final-old.csv
[deleted] /home/ubuntu/apps/election-app/win_prob/H/FL/05/_work/2024_county_results_with_final.csv
[deleted] /home/ubuntu/apps/election-app/win_prob/H/FL/05/_work/2024_county_results_with_final_1.csv
[deleted] /home/ubuntu/apps/election-app/win_prob/H/FL/05/_work/2024_county_results_with_calcs-old.csv
[deleted] /home/ubuntu/apps/election-app/win_prob/H/FL/05/_work/2024_county_results_with_calcs_new.csv
[deleted] /home/ubuntu/apps/election-app/win_prob/H/FL/05/_work/output_statewide_stats.csv
[skip]    /home/ubuntu/apps/election-app/win_prob/H/FL/05/_work/probs_timeseries_PA.csv
[deleted] /home/ubuntu/apps/election-app/win_prob/H/FL/05/_work/2024_county_results_with_calcs.csv
[skip]    /home/ubuntu/apps/election-app/win_prob/H/FL/05/data_output.csv
[skip]    /home/ubuntu/apps/election-app/win_prob/H/FL/05/data_output_with_margins_old.csv
[skip]    /home/ubuntu/apps/election-app/win_prob/H/FL/05/data_output_with_margins.csv
[skip]    /home/ubuntu/apps/election-app/win_prob/H/FL/05/data_output_with_margins-statewide.csv
[deleted] /home/ubuntu/apps/election-app/win_prob/H/FL/05/snapshots_FL.csv
[deleted] /home/ubuntu/apps/election-app/win_prob/H/FL/05/data_output_FL.csv
[deleted] /home/ubuntu/apps/election-app/win_prob/H/FL/05/data_output_FL_with_margins_statewide_eevp.csv
[deleted] /home/ubuntu/apps/election-app/win_prob/H/FL/05/data_output_FL_with_margins.csv
[deleted] /home/ubuntu/apps/election-app/win_prob/H/FL/05/data_output_FL.csv.checkpoint.json
[deleted] /home/ubuntu/apps/election-app/win_prob/H/FL/05/stats.csv
[deleted] /home/ubuntu/apps/election-app/win_prob/H/FL/05/stats2.csv
[done] removed 16 file(s)
[2026-01-24 19:53:56] INFO: [PIPELINE] args: office=H state=FL district=05
[2026-01-24 19:53:56] INFO: [PIPELINE] WINPROB_DIR resolved to: /home/ubuntu/apps/election-app/win_prob/H/FL/05
[2026-01-24 19:53:56] INFO: [PIPELINE] OUTDIR set to: /home/ubuntu/apps/election-app/win_prob/H/FL/05

$ /home/ubuntu/.venv/bin/python3 /home/ubuntu/apps/election-app/stats/1-statewide.py --input /home/ubuntu/apps/election-app/win_prob/H/FL/05/stats.csv --output /home/ubuntu/apps/election-app/win_prob/H/FL/05/_work/stats_with_statewide.csv
Wrote /home/ubuntu/apps/election-app/win_prob/H/FL/05/_work/stats_with_statewide.csv (rows=2)

$ /home/ubuntu/.venv/bin/python3 /home/ubuntu/apps/election-app/stats/1-stats-2.py --input /home/ubuntu/apps/election-app/win_prob/H/FL/05/stats2.csv --output /home/ubuntu/apps/election-app/win_prob/H/FL/05/_work/stats2_final_headers.csv
Wrote /home/ubuntu/apps/election-app/win_prob/H/FL/05/_work/stats2_final_headers.csv (rows=2)

$ /home/ubuntu/.venv/bin/python3 /home/ubuntu/apps/election-app/stats/1-append-new.py
Wrote 2024_county_results_with_final-old.csv (rows=2, missing_final_matches=0)

$ /home/ubuntu/.venv/bin/python3 /home/ubuntu/apps/election-app/stats/1-change_header.py
Wrote: 2024_county_results_with_final.csv

$ /home/ubuntu/.venv/bin/python3 /home/ubuntu/apps/election-app/stats/1-cut-zero-fips.py
Wrote: 2024_county_results_with_final_1.csv
Rows before: 2
Rows after:  2
Dropped (fips == 0): 0

$ /home/ubuntu/.venv/bin/python3 /home/ubuntu/apps/election-app/stats/2-calc.py
Wrote 2 rows with calculations to /home/ubuntu/apps/election-app/win_prob/H/FL/05/_work/2024_county_results_with_calcs-old.csv

$ /home/ubuntu/.venv/bin/python3 /home/ubuntu/apps/election-app/stats/2-eevp.py
Wrote (no-op copy): 2024_county_results_with_calcs.csv
Columns:
 - timestamp
 - state
 - county
 - fips
 - trump_votes
 - harris_votes
 - other_votes
 - eevp
 - state_eevp
 - harris_votes_statewide
 - trump_votes_statewide
 - other_votes_statewide
 - final_state
 - final_county
 - final_fips
 - final_trump_votes
 - final_harris_votes
 - final_other_votes
 - harris_percent_snapshot
 - trump_percent_snapshot
 - margin_snapshot
 - harris_percent_final
 - trump_percent_final
 - margin_final
 - margin_difference
 - margin_difference_abs

$ /home/ubuntu/.venv/bin/python3 /home/ubuntu/apps/election-app/stats/3-calc-new.py
Wrote 2 rows with new columns to /home/ubuntu/apps/election-app/win_prob/H/FL/05/_work/2024_county_results_with_calcs_new.csv

$ /home/ubuntu/.venv/bin/python3 /home/ubuntu/apps/election-app/stats/4-stats.py
Reading 2024_county_results_with_calcs_new.csv...
Aggregating statewide totals...
Calculating percentages and margins...
Writing to output_statewide_stats.csv...
Done!
[2026-01-24 19:54:05] INFO: [PIPELINE] ENTER win-prob generation | states=['FL'] ts_list=['2024-11-05T15-30-22']

============================================================================
[01/1] STATE = FL
============================================================================

$ /home/ubuntu/.venv/bin/python3 /home/ubuntu/apps/election-app/stats/5-snapshots.py --state FL --input /home/ubuntu/apps/election-app/win_prob/H/FL/05/_work/output_statewide_stats.csv --output /home/ubuntu/apps/election-app/win_prob/H/FL/05/snapshots_FL.csv --start 2024-11-05T15-30-22 --end 2024-11-05T15-30-22 --use-window 1 --interval 30
Mode: windowed-one-state
Rows written: 2
Distinct states in output: FL
Rows per normalized timestamp (empty = unparseable):
  2024-11-05T15-30-22: 2
Wrote /home/ubuntu/apps/election-app/win_prob/H/FL/05/snapshots_FL.csv

$ /home/ubuntu/.venv/bin/python3 /home/ubuntu/apps/election-app/stats/6-pval.py /home/ubuntu/apps/election-app/win_prob/H/FL/05/snapshots_FL.csv -t /home/ubuntu/apps/election-app/stats/parameters.csv -o /home/ubuntu/apps/election-app/win_prob/H/FL/05/data_output_FL.csv -c 50
Done. Wrote: /home/ubuntu/apps/election-app/win_prob/H/FL/05/data_output_FL.csv
Total rows: 2 (chunked, resumable).
Computed columns for PVALS = [0.01, 0.1, 1, 2, 3, 5, 10, 15, 20, 25, 30, 35, 40, 45, 50, 55, 60, 65, 70, 75, 80, 85, 90, 95, 97, 98, 99, 99.9, 99.99]
Per p (leader): shift_{p}, margin_new_{p}, harris_percent_new_{p}, trump_percent_new_{p}, total_snapshot_{p}, total_expected_{p}, harris_votes_new_{p}, trump_votes_new_{p}
Per p (trailing): shift_trailing_{p}, margin_new_{p}_trailing, harris_percent_new_{p}_trailing, trump_percent_new_{p}_trailing, total_snapshot_{p}_trailing, total_expected_{p}_trailing, harris_votes_new_{p}_trailing, trump_votes_new_{p}_trailing
Checkpoint saved at: /home/ubuntu/apps/election-app/win_prob/H/FL/05/data_output_FL.csv.checkpoint.json

$ /home/ubuntu/.venv/bin/python3 /home/ubuntu/apps/election-app/stats/7-margin-new.py
Wrote data_output_with_margins_old.csv

$ /home/ubuntu/.venv/bin/python3 /home/ubuntu/apps/election-app/stats/7-eevp-statewide.py
Wrote data_output_with_margins.csv (copied from data_output_with_margins_old.csv)

$ /home/ubuntu/.venv/bin/python3 /home/ubuntu/apps/election-app/stats/7.py --input /home/ubuntu/apps/election-app/win_prob/H/FL/05/data_output_FL_with_margins_statewide_eevp.csv --output /home/ubuntu/apps/election-app/win_prob/H/FL/05/statewide_margin_pct_vs_percent_FL_2026.png --state FL --start 2024-11-05T15-30-22 --end 2024-11-05T15-30-22 --stats /home/ubuntu/apps/election-app/win_prob/H/FL/05/stats.csv --stats2 /home/ubuntu/apps/election-app/win_prob/H/FL/05/stats2.csv --interval 30 --year 2026 --jsonl /home/ubuntu/apps/election-app/win_prob/H/FL/05/plotdata_FL_2026_2026-01-24T19-53-56.jsonl
[info] evaluating 1 timestamps from 2024-11-05T15-30-22 to 2024-11-05T15-30-22 every 30 minutes
[saved] probs_timeseries_FL.csv  (1 points)
[saved] /home/ubuntu/apps/election-app/win_prob/H/FL/05/plotdata_FL_2026_2026-01-24T19-53-56.jsonl  (4 points)
[saved] /home/ubuntu/apps/election-app/win_prob/H/FL/05/statewide_margin_pct_vs_percent_FL_2026_box.json
[saved] /home/ubuntu/apps/election-app/win_prob/H/FL/05/statewide_margin_pct_vs_percent_FL_2026_box.png
[saved] /home/ubuntu/apps/election-app/win_prob/H/FL/05/statewide_margin_pct_vs_percent_FL_2026.png

All 50 states complete. See: /home/ubuntu/apps/election-app/win_prob/H/FL/05

$ /home/ubuntu/.venv/bin/python3 /home/ubuntu/apps/election-app/stats/8.py --root /home/ubuntu/apps/election-app/win_prob/H/FL/05/_work --outdir /home/ubuntu/apps/election-app/win_prob/H/FL/05
[info] root  = /home/ubuntu/apps/election-app/win_prob/H/FL/05/_work
[info] outdir= /home/ubuntu/apps/election-app/win_prob/H/FL/05
[deleted] /home/ubuntu/apps/election-app/win_prob/H/FL/05/_work/stats_with_statewide.csv
[deleted] /home/ubuntu/apps/election-app/win_prob/H/FL/05/_work/stats2_final_headers.csv
[deleted] /home/ubuntu/apps/election-app/win_prob/H/FL/05/_work/2024_county_results_with_final-old.csv
[deleted] /home/ubuntu/apps/election-app/win_prob/H/FL/05/_work/2024_county_results_with_final.csv
[deleted] /home/ubuntu/apps/election-app/win_prob/H/FL/05/_work/2024_county_results_with_final_1.csv
[deleted] /home/ubuntu/apps/election-app/win_prob/H/FL/05/_work/2024_county_results_with_calcs-old.csv
[deleted] /home/ubuntu/apps/election-app/win_prob/H/FL/05/_work/2024_county_results_with_calcs_new.csv
[deleted] /home/ubuntu/apps/election-app/win_prob/H/FL/05/_work/output_statewide_stats.csv
[skip]    /home/ubuntu/apps/election-app/win_prob/H/FL/05/_work/probs_timeseries_PA.csv
[deleted] /home/ubuntu/apps/election-app/win_prob/H/FL/05/_work/2024_county_results_with_calcs.csv
[skip]    /home/ubuntu/apps/election-app/win_prob/H/FL/05/data_output.csv
[skip]    /home/ubuntu/apps/election-app/win_prob/H/FL/05/data_output_with_margins_old.csv
[skip]    /home/ubuntu/apps/election-app/win_prob/H/FL/05/data_output_with_margins.csv
[skip]    /home/ubuntu/apps/election-app/win_prob/H/FL/05/data_output_with_margins-statewide.csv
[deleted] /home/ubuntu/apps/election-app/win_prob/H/FL/05/snapshots_FL.csv
[deleted] /home/ubuntu/apps/election-app/win_prob/H/FL/05/data_output_FL.csv
[deleted] /home/ubuntu/apps/election-app/win_prob/H/FL/05/data_output_FL_with_margins_statewide_eevp.csv
[deleted] /home/ubuntu/apps/election-app/win_prob/H/FL/05/data_output_FL_with_margins.csv
[deleted] /home/ubuntu/apps/election-app/win_prob/H/FL/05/data_output_FL.csv.checkpoint.json
[deleted] /home/ubuntu/apps/election-app/win_prob/H/FL/05/stats.csv
[deleted] /home/ubuntu/apps/election-app/win_prob/H/FL/05/stats2.csv
[done] removed 16 file(s)
[2026-01-24 20:01:03] INFO: [PIPELINE] args: office=H state=FL district=05
[2026-01-24 20:01:03] INFO: [PIPELINE] WINPROB_DIR resolved to: /home/ubuntu/apps/election-app/win_prob/H/FL/05
[2026-01-24 20:01:03] INFO: [PIPELINE] OUTDIR set to: /home/ubuntu/apps/election-app/win_prob/H/FL/05

$ /home/ubuntu/.venv/bin/python3 /home/ubuntu/apps/election-app/stats/1-statewide.py --input /home/ubuntu/apps/election-app/win_prob/H/FL/05/stats.csv --output /home/ubuntu/apps/election-app/win_prob/H/FL/05/_work/stats_with_statewide.csv
Wrote /home/ubuntu/apps/election-app/win_prob/H/FL/05/_work/stats_with_statewide.csv (rows=2)

$ /home/ubuntu/.venv/bin/python3 /home/ubuntu/apps/election-app/stats/1-stats-2.py --input /home/ubuntu/apps/election-app/win_prob/H/FL/05/stats2.csv --output /home/ubuntu/apps/election-app/win_prob/H/FL/05/_work/stats2_final_headers.csv
Wrote /home/ubuntu/apps/election-app/win_prob/H/FL/05/_work/stats2_final_headers.csv (rows=2)

$ /home/ubuntu/.venv/bin/python3 /home/ubuntu/apps/election-app/stats/1-append-new.py
Wrote 2024_county_results_with_final-old.csv (rows=2, missing_final_matches=0)

$ /home/ubuntu/.venv/bin/python3 /home/ubuntu/apps/election-app/stats/1-change_header.py
Wrote: 2024_county_results_with_final.csv

$ /home/ubuntu/.venv/bin/python3 /home/ubuntu/apps/election-app/stats/1-cut-zero-fips.py
Wrote: 2024_county_results_with_final_1.csv
Rows before: 2
Rows after:  2
Dropped (fips == 0): 0

$ /home/ubuntu/.venv/bin/python3 /home/ubuntu/apps/election-app/stats/2-calc.py
Wrote 2 rows with calculations to /home/ubuntu/apps/election-app/win_prob/H/FL/05/_work/2024_county_results_with_calcs-old.csv

$ /home/ubuntu/.venv/bin/python3 /home/ubuntu/apps/election-app/stats/2-eevp.py
Wrote (no-op copy): 2024_county_results_with_calcs.csv
Columns:
 - timestamp
 - state
 - county
 - fips
 - trump_votes
 - harris_votes
 - other_votes
 - eevp
 - state_eevp
 - harris_votes_statewide
 - trump_votes_statewide
 - other_votes_statewide
 - final_state
 - final_county
 - final_fips
 - final_trump_votes
 - final_harris_votes
 - final_other_votes
 - harris_percent_snapshot
 - trump_percent_snapshot
 - margin_snapshot
 - harris_percent_final
 - trump_percent_final
 - margin_final
 - margin_difference
 - margin_difference_abs

$ /home/ubuntu/.venv/bin/python3 /home/ubuntu/apps/election-app/stats/3-calc-new.py
Wrote 2 rows with new columns to /home/ubuntu/apps/election-app/win_prob/H/FL/05/_work/2024_county_results_with_calcs_new.csv

$ /home/ubuntu/.venv/bin/python3 /home/ubuntu/apps/election-app/stats/4-stats.py
Reading 2024_county_results_with_calcs_new.csv...
Aggregating statewide totals...
Calculating percentages and margins...
Writing to output_statewide_stats.csv...
Done!
[2026-01-24 20:01:13] INFO: [PIPELINE] ENTER win-prob generation | states=['FL'] ts_list=['2024-11-05T15-30-22']

============================================================================
[01/1] STATE = FL
============================================================================

$ /home/ubuntu/.venv/bin/python3 /home/ubuntu/apps/election-app/stats/5-snapshots.py --state FL --input /home/ubuntu/apps/election-app/win_prob/H/FL/05/_work/output_statewide_stats.csv --output /home/ubuntu/apps/election-app/win_prob/H/FL/05/snapshots_FL.csv --start 2024-11-05T15-30-22 --end 2024-11-05T15-30-22 --use-window 1 --interval 30
Mode: windowed-one-state
Rows written: 2
Distinct states in output: FL
Rows per normalized timestamp (empty = unparseable):
  2024-11-05T15-30-22: 2
Wrote /home/ubuntu/apps/election-app/win_prob/H/FL/05/snapshots_FL.csv

$ /home/ubuntu/.venv/bin/python3 /home/ubuntu/apps/election-app/stats/6-pval.py /home/ubuntu/apps/election-app/win_prob/H/FL/05/snapshots_FL.csv -t /home/ubuntu/apps/election-app/stats/parameters.csv -o /home/ubuntu/apps/election-app/win_prob/H/FL/05/data_output_FL.csv -c 50
Done. Wrote: /home/ubuntu/apps/election-app/win_prob/H/FL/05/data_output_FL.csv
Total rows: 2 (chunked, resumable).
Computed columns for PVALS = [0.01, 0.1, 1, 2, 3, 5, 10, 15, 20, 25, 30, 35, 40, 45, 50, 55, 60, 65, 70, 75, 80, 85, 90, 95, 97, 98, 99, 99.9, 99.99]
Per p (leader): shift_{p}, margin_new_{p}, harris_percent_new_{p}, trump_percent_new_{p}, total_snapshot_{p}, total_expected_{p}, harris_votes_new_{p}, trump_votes_new_{p}
Per p (trailing): shift_trailing_{p}, margin_new_{p}_trailing, harris_percent_new_{p}_trailing, trump_percent_new_{p}_trailing, total_snapshot_{p}_trailing, total_expected_{p}_trailing, harris_votes_new_{p}_trailing, trump_votes_new_{p}_trailing
Checkpoint saved at: /home/ubuntu/apps/election-app/win_prob/H/FL/05/data_output_FL.csv.checkpoint.json

$ /home/ubuntu/.venv/bin/python3 /home/ubuntu/apps/election-app/stats/7-margin-new.py
Wrote data_output_with_margins_old.csv

$ /home/ubuntu/.venv/bin/python3 /home/ubuntu/apps/election-app/stats/7-eevp-statewide.py
Wrote data_output_with_margins.csv (copied from data_output_with_margins_old.csv)

$ /home/ubuntu/.venv/bin/python3 /home/ubuntu/apps/election-app/stats/7.py --input /home/ubuntu/apps/election-app/win_prob/H/FL/05/data_output_FL_with_margins_statewide_eevp.csv --output /home/ubuntu/apps/election-app/win_prob/H/FL/05/statewide_margin_pct_vs_percent_FL_2026.png --state FL --start 2024-11-05T15-30-22 --end 2024-11-05T15-30-22 --stats /home/ubuntu/apps/election-app/win_prob/H/FL/05/stats.csv --stats2 /home/ubuntu/apps/election-app/win_prob/H/FL/05/stats2.csv --interval 30 --year 2026 --jsonl /home/ubuntu/apps/election-app/win_prob/H/FL/05/plotdata_FL_2026_2026-01-24T20-01-03.jsonl
[info] evaluating 1 timestamps from 2024-11-05T15-30-22 to 2024-11-05T15-30-22 every 30 minutes
[saved] probs_timeseries_FL.csv  (1 points)
[saved] /home/ubuntu/apps/election-app/win_prob/H/FL/05/plotdata_FL_2026_2026-01-24T20-01-03.jsonl  (4 points)
[saved] /home/ubuntu/apps/election-app/win_prob/H/FL/05/statewide_margin_pct_vs_percent_FL_2026_box.json
[saved] /home/ubuntu/apps/election-app/win_prob/H/FL/05/statewide_margin_pct_vs_percent_FL_2026_box.png
[saved] /home/ubuntu/apps/election-app/win_prob/H/FL/05/statewide_margin_pct_vs_percent_FL_2026.png

All 50 states complete. See: /home/ubuntu/apps/election-app/win_prob/H/FL/05

$ /home/ubuntu/.venv/bin/python3 /home/ubuntu/apps/election-app/stats/8.py --root /home/ubuntu/apps/election-app/win_prob/H/FL/05/_work --outdir /home/ubuntu/apps/election-app/win_prob/H/FL/05
[info] root  = /home/ubuntu/apps/election-app/win_prob/H/FL/05/_work
[info] outdir= /home/ubuntu/apps/election-app/win_prob/H/FL/05
[deleted] /home/ubuntu/apps/election-app/win_prob/H/FL/05/_work/stats_with_statewide.csv
[deleted] /home/ubuntu/apps/election-app/win_prob/H/FL/05/_work/stats2_final_headers.csv
[deleted] /home/ubuntu/apps/election-app/win_prob/H/FL/05/_work/2024_county_results_with_final-old.csv
[deleted] /home/ubuntu/apps/election-app/win_prob/H/FL/05/_work/2024_county_results_with_final.csv
[deleted] /home/ubuntu/apps/election-app/win_prob/H/FL/05/_work/2024_county_results_with_final_1.csv
[deleted] /home/ubuntu/apps/election-app/win_prob/H/FL/05/_work/2024_county_results_with_calcs-old.csv
[deleted] /home/ubuntu/apps/election-app/win_prob/H/FL/05/_work/2024_county_results_with_calcs_new.csv
[deleted] /home/ubuntu/apps/election-app/win_prob/H/FL/05/_work/output_statewide_stats.csv
[skip]    /home/ubuntu/apps/election-app/win_prob/H/FL/05/_work/probs_timeseries_PA.csv
[deleted] /home/ubuntu/apps/election-app/win_prob/H/FL/05/_work/2024_county_results_with_calcs.csv
[skip]    /home/ubuntu/apps/election-app/win_prob/H/FL/05/data_output.csv
[skip]    /home/ubuntu/apps/election-app/win_prob/H/FL/05/data_output_with_margins_old.csv
[skip]    /home/ubuntu/apps/election-app/win_prob/H/FL/05/data_output_with_margins.csv
[skip]    /home/ubuntu/apps/election-app/win_prob/H/FL/05/data_output_with_margins-statewide.csv
[deleted] /home/ubuntu/apps/election-app/win_prob/H/FL/05/snapshots_FL.csv
[deleted] /home/ubuntu/apps/election-app/win_prob/H/FL/05/data_output_FL.csv
[deleted] /home/ubuntu/apps/election-app/win_prob/H/FL/05/data_output_FL_with_margins_statewide_eevp.csv
[deleted] /home/ubuntu/apps/election-app/win_prob/H/FL/05/data_output_FL_with_margins.csv
[deleted] /home/ubuntu/apps/election-app/win_prob/H/FL/05/data_output_FL.csv.checkpoint.json
[deleted] /home/ubuntu/apps/election-app/win_prob/H/FL/05/stats.csv
[deleted] /home/ubuntu/apps/election-app/win_prob/H/FL/05/stats2.csv
[done] removed 16 file(s)
[2026-01-24 20:06:51] INFO: [PIPELINE] args: office=H state=FL district=05
[2026-01-24 20:06:51] INFO: [PIPELINE] WINPROB_DIR resolved to: /home/ubuntu/apps/election-app/win_prob/H/FL/05
[2026-01-24 20:06:51] INFO: [PIPELINE] OUTDIR set to: /home/ubuntu/apps/election-app/win_prob/H/FL/05

$ /home/ubuntu/.venv/bin/python3 /home/ubuntu/apps/election-app/stats/1-statewide.py --input /home/ubuntu/apps/election-app/win_prob/H/FL/05/stats.csv --output /home/ubuntu/apps/election-app/win_prob/H/FL/05/_work/stats_with_statewide.csv
Wrote /home/ubuntu/apps/election-app/win_prob/H/FL/05/_work/stats_with_statewide.csv (rows=2)

$ /home/ubuntu/.venv/bin/python3 /home/ubuntu/apps/election-app/stats/1-stats-2.py --input /home/ubuntu/apps/election-app/win_prob/H/FL/05/stats2.csv --output /home/ubuntu/apps/election-app/win_prob/H/FL/05/_work/stats2_final_headers.csv
Wrote /home/ubuntu/apps/election-app/win_prob/H/FL/05/_work/stats2_final_headers.csv (rows=2)

$ /home/ubuntu/.venv/bin/python3 /home/ubuntu/apps/election-app/stats/1-append-new.py
Wrote 2024_county_results_with_final-old.csv (rows=2, missing_final_matches=0)

$ /home/ubuntu/.venv/bin/python3 /home/ubuntu/apps/election-app/stats/1-change_header.py
Wrote: 2024_county_results_with_final.csv

$ /home/ubuntu/.venv/bin/python3 /home/ubuntu/apps/election-app/stats/1-cut-zero-fips.py
Wrote: 2024_county_results_with_final_1.csv
Rows before: 2
Rows after:  2
Dropped (fips == 0): 0

$ /home/ubuntu/.venv/bin/python3 /home/ubuntu/apps/election-app/stats/2-calc.py
Wrote 2 rows with calculations to /home/ubuntu/apps/election-app/win_prob/H/FL/05/_work/2024_county_results_with_calcs-old.csv

$ /home/ubuntu/.venv/bin/python3 /home/ubuntu/apps/election-app/stats/2-eevp.py
Wrote (no-op copy): 2024_county_results_with_calcs.csv
Columns:
 - timestamp
 - state
 - county
 - fips
 - trump_votes
 - harris_votes
 - other_votes
 - eevp
 - state_eevp
 - harris_votes_statewide
 - trump_votes_statewide
 - other_votes_statewide
 - final_state
 - final_county
 - final_fips
 - final_trump_votes
 - final_harris_votes
 - final_other_votes
 - harris_percent_snapshot
 - trump_percent_snapshot
 - margin_snapshot
 - harris_percent_final
 - trump_percent_final
 - margin_final
 - margin_difference
 - margin_difference_abs

$ /home/ubuntu/.venv/bin/python3 /home/ubuntu/apps/election-app/stats/3-calc-new.py
Wrote 2 rows with new columns to /home/ubuntu/apps/election-app/win_prob/H/FL/05/_work/2024_county_results_with_calcs_new.csv

$ /home/ubuntu/.venv/bin/python3 /home/ubuntu/apps/election-app/stats/4-stats.py
Reading 2024_county_results_with_calcs_new.csv...
Aggregating statewide totals...
Calculating percentages and margins...
Writing to output_statewide_stats.csv...
Done!
[2026-01-24 20:07:02] INFO: [PIPELINE] ENTER win-prob generation | states=['FL'] ts_list=['2024-11-05T15-30-22']

============================================================================
[01/1] STATE = FL
============================================================================

$ /home/ubuntu/.venv/bin/python3 /home/ubuntu/apps/election-app/stats/5-snapshots.py --state FL --input /home/ubuntu/apps/election-app/win_prob/H/FL/05/_work/output_statewide_stats.csv --output /home/ubuntu/apps/election-app/win_prob/H/FL/05/snapshots_FL.csv --start 2024-11-05T15-30-22 --end 2024-11-05T15-30-22 --use-window 1 --interval 30
Mode: windowed-one-state
Rows written: 2
Distinct states in output: FL
Rows per normalized timestamp (empty = unparseable):
  2024-11-05T15-30-22: 2
Wrote /home/ubuntu/apps/election-app/win_prob/H/FL/05/snapshots_FL.csv

$ /home/ubuntu/.venv/bin/python3 /home/ubuntu/apps/election-app/stats/6-pval.py /home/ubuntu/apps/election-app/win_prob/H/FL/05/snapshots_FL.csv -t /home/ubuntu/apps/election-app/stats/parameters.csv -o /home/ubuntu/apps/election-app/win_prob/H/FL/05/data_output_FL.csv -c 50
Done. Wrote: /home/ubuntu/apps/election-app/win_prob/H/FL/05/data_output_FL.csv
Total rows: 2 (chunked, resumable).
Computed columns for PVALS = [0.01, 0.1, 1, 2, 3, 5, 10, 15, 20, 25, 30, 35, 40, 45, 50, 55, 60, 65, 70, 75, 80, 85, 90, 95, 97, 98, 99, 99.9, 99.99]
Per p (leader): shift_{p}, margin_new_{p}, harris_percent_new_{p}, trump_percent_new_{p}, total_snapshot_{p}, total_expected_{p}, harris_votes_new_{p}, trump_votes_new_{p}
Per p (trailing): shift_trailing_{p}, margin_new_{p}_trailing, harris_percent_new_{p}_trailing, trump_percent_new_{p}_trailing, total_snapshot_{p}_trailing, total_expected_{p}_trailing, harris_votes_new_{p}_trailing, trump_votes_new_{p}_trailing
Checkpoint saved at: /home/ubuntu/apps/election-app/win_prob/H/FL/05/data_output_FL.csv.checkpoint.json

$ /home/ubuntu/.venv/bin/python3 /home/ubuntu/apps/election-app/stats/7-margin-new.py
Wrote data_output_with_margins_old.csv

$ /home/ubuntu/.venv/bin/python3 /home/ubuntu/apps/election-app/stats/7-eevp-statewide.py
Wrote data_output_with_margins.csv (copied from data_output_with_margins_old.csv)

$ /home/ubuntu/.venv/bin/python3 /home/ubuntu/apps/election-app/stats/7.py --input /home/ubuntu/apps/election-app/win_prob/H/FL/05/data_output_FL_with_margins_statewide_eevp.csv --output /home/ubuntu/apps/election-app/win_prob/H/FL/05/statewide_margin_pct_vs_percent_FL_2026.png --state FL --start 2024-11-05T15-30-22 --end 2024-11-05T15-30-22 --stats /home/ubuntu/apps/election-app/win_prob/H/FL/05/stats.csv --stats2 /home/ubuntu/apps/election-app/win_prob/H/FL/05/stats2.csv --interval 30 --year 2026 --jsonl /home/ubuntu/apps/election-app/win_prob/H/FL/05/plotdata_FL_2026_2026-01-24T20-06-51.jsonl
[info] evaluating 1 timestamps from 2024-11-05T15-30-22 to 2024-11-05T15-30-22 every 30 minutes
[saved] probs_timeseries_FL.csv  (1 points)
[saved] /home/ubuntu/apps/election-app/win_prob/H/FL/05/plotdata_FL_2026_2026-01-24T20-06-51.jsonl  (4 points)
[saved] /home/ubuntu/apps/election-app/win_prob/H/FL/05/statewide_margin_pct_vs_percent_FL_2026_box.json
[saved] /home/ubuntu/apps/election-app/win_prob/H/FL/05/statewide_margin_pct_vs_percent_FL_2026_box.png
[saved] /home/ubuntu/apps/election-app/win_prob/H/FL/05/statewide_margin_pct_vs_percent_FL_2026.png

All 50 states complete. See: /home/ubuntu/apps/election-app/win_prob/H/FL/05

$ /home/ubuntu/.venv/bin/python3 /home/ubuntu/apps/election-app/stats/8.py --root /home/ubuntu/apps/election-app/win_prob/H/FL/05/_work --outdir /home/ubuntu/apps/election-app/win_prob/H/FL/05
[info] root  = /home/ubuntu/apps/election-app/win_prob/H/FL/05/_work
[info] outdir= /home/ubuntu/apps/election-app/win_prob/H/FL/05
[deleted] /home/ubuntu/apps/election-app/win_prob/H/FL/05/_work/stats_with_statewide.csv
[deleted] /home/ubuntu/apps/election-app/win_prob/H/FL/05/_work/stats2_final_headers.csv
[deleted] /home/ubuntu/apps/election-app/win_prob/H/FL/05/_work/2024_county_results_with_final-old.csv
[deleted] /home/ubuntu/apps/election-app/win_prob/H/FL/05/_work/2024_county_results_with_final.csv
[deleted] /home/ubuntu/apps/election-app/win_prob/H/FL/05/_work/2024_county_results_with_final_1.csv
[deleted] /home/ubuntu/apps/election-app/win_prob/H/FL/05/_work/2024_county_results_with_calcs-old.csv
[deleted] /home/ubuntu/apps/election-app/win_prob/H/FL/05/_work/2024_county_results_with_calcs_new.csv
[deleted] /home/ubuntu/apps/election-app/win_prob/H/FL/05/_work/output_statewide_stats.csv
[skip]    /home/ubuntu/apps/election-app/win_prob/H/FL/05/_work/probs_timeseries_PA.csv
[deleted] /home/ubuntu/apps/election-app/win_prob/H/FL/05/_work/2024_county_results_with_calcs.csv
[skip]    /home/ubuntu/apps/election-app/win_prob/H/FL/05/data_output.csv
[skip]    /home/ubuntu/apps/election-app/win_prob/H/FL/05/data_output_with_margins_old.csv
[skip]    /home/ubuntu/apps/election-app/win_prob/H/FL/05/data_output_with_margins.csv
[skip]    /home/ubuntu/apps/election-app/win_prob/H/FL/05/data_output_with_margins-statewide.csv
[deleted] /home/ubuntu/apps/election-app/win_prob/H/FL/05/snapshots_FL.csv
[deleted] /home/ubuntu/apps/election-app/win_prob/H/FL/05/data_output_FL.csv
[deleted] /home/ubuntu/apps/election-app/win_prob/H/FL/05/data_output_FL_with_margins_statewide_eevp.csv
[deleted] /home/ubuntu/apps/election-app/win_prob/H/FL/05/data_output_FL_with_margins.csv
[deleted] /home/ubuntu/apps/election-app/win_prob/H/FL/05/data_output_FL.csv.checkpoint.json
[deleted] /home/ubuntu/apps/election-app/win_prob/H/FL/05/stats.csv
[deleted] /home/ubuntu/apps/election-app/win_prob/H/FL/05/stats2.csv
[done] removed 16 file(s)
[2026-01-24 20:14:53] INFO: [PIPELINE] args: office=H state=FL district=05
[2026-01-24 20:14:53] INFO: [PIPELINE] WINPROB_DIR resolved to: /home/ubuntu/apps/election-app/win_prob/H/FL/05
[2026-01-24 20:14:53] INFO: [PIPELINE] OUTDIR set to: /home/ubuntu/apps/election-app/win_prob/H/FL/05

$ /home/ubuntu/.venv/bin/python3 /home/ubuntu/apps/election-app/stats/1-statewide.py --input /home/ubuntu/apps/election-app/win_prob/H/FL/05/stats.csv --output /home/ubuntu/apps/election-app/win_prob/H/FL/05/_work/stats_with_statewide.csv
Wrote /home/ubuntu/apps/election-app/win_prob/H/FL/05/_work/stats_with_statewide.csv (rows=2)

$ /home/ubuntu/.venv/bin/python3 /home/ubuntu/apps/election-app/stats/1-stats-2.py --input /home/ubuntu/apps/election-app/win_prob/H/FL/05/stats2.csv --output /home/ubuntu/apps/election-app/win_prob/H/FL/05/_work/stats2_final_headers.csv
Wrote /home/ubuntu/apps/election-app/win_prob/H/FL/05/_work/stats2_final_headers.csv (rows=2)

$ /home/ubuntu/.venv/bin/python3 /home/ubuntu/apps/election-app/stats/1-append-new.py
Wrote 2024_county_results_with_final-old.csv (rows=2, missing_final_matches=0)

$ /home/ubuntu/.venv/bin/python3 /home/ubuntu/apps/election-app/stats/1-change_header.py
Wrote: 2024_county_results_with_final.csv

$ /home/ubuntu/.venv/bin/python3 /home/ubuntu/apps/election-app/stats/1-cut-zero-fips.py
Wrote: 2024_county_results_with_final_1.csv
Rows before: 2
Rows after:  2
Dropped (fips == 0): 0

$ /home/ubuntu/.venv/bin/python3 /home/ubuntu/apps/election-app/stats/2-calc.py
Wrote 2 rows with calculations to /home/ubuntu/apps/election-app/win_prob/H/FL/05/_work/2024_county_results_with_calcs-old.csv

$ /home/ubuntu/.venv/bin/python3 /home/ubuntu/apps/election-app/stats/2-eevp.py
Wrote (no-op copy): 2024_county_results_with_calcs.csv
Columns:
 - timestamp
 - state
 - county
 - fips
 - trump_votes
 - harris_votes
 - other_votes
 - eevp
 - state_eevp
 - harris_votes_statewide
 - trump_votes_statewide
 - other_votes_statewide
 - final_state
 - final_county
 - final_fips
 - final_trump_votes
 - final_harris_votes
 - final_other_votes
 - harris_percent_snapshot
 - trump_percent_snapshot
 - margin_snapshot
 - harris_percent_final
 - trump_percent_final
 - margin_final
 - margin_difference
 - margin_difference_abs

$ /home/ubuntu/.venv/bin/python3 /home/ubuntu/apps/election-app/stats/3-calc-new.py
Wrote 2 rows with new columns to /home/ubuntu/apps/election-app/win_prob/H/FL/05/_work/2024_county_results_with_calcs_new.csv

$ /home/ubuntu/.venv/bin/python3 /home/ubuntu/apps/election-app/stats/4-stats.py
Reading 2024_county_results_with_calcs_new.csv...
Aggregating statewide totals...
Calculating percentages and margins...
Writing to output_statewide_stats.csv...
Done!
[2026-01-24 20:15:02] INFO: [PIPELINE] ENTER win-prob generation | states=['FL'] ts_list=['2024-11-05T15-30-22']

============================================================================
[01/1] STATE = FL
============================================================================

$ /home/ubuntu/.venv/bin/python3 /home/ubuntu/apps/election-app/stats/5-snapshots.py --state FL --input /home/ubuntu/apps/election-app/win_prob/H/FL/05/_work/output_statewide_stats.csv --output /home/ubuntu/apps/election-app/win_prob/H/FL/05/snapshots_FL.csv --start 2024-11-05T15-30-22 --end 2024-11-05T15-30-22 --use-window 1 --interval 30
Mode: windowed-one-state
Rows written: 2
Distinct states in output: FL
Rows per normalized timestamp (empty = unparseable):
  2024-11-05T15-30-22: 2
Wrote /home/ubuntu/apps/election-app/win_prob/H/FL/05/snapshots_FL.csv

$ /home/ubuntu/.venv/bin/python3 /home/ubuntu/apps/election-app/stats/6-pval.py /home/ubuntu/apps/election-app/win_prob/H/FL/05/snapshots_FL.csv -t /home/ubuntu/apps/election-app/stats/parameters.csv -o /home/ubuntu/apps/election-app/win_prob/H/FL/05/data_output_FL.csv -c 50
Done. Wrote: /home/ubuntu/apps/election-app/win_prob/H/FL/05/data_output_FL.csv
Total rows: 2 (chunked, resumable).
Computed columns for PVALS = [0.01, 0.1, 1, 2, 3, 5, 10, 15, 20, 25, 30, 35, 40, 45, 50, 55, 60, 65, 70, 75, 80, 85, 90, 95, 97, 98, 99, 99.9, 99.99]
Per p (leader): shift_{p}, margin_new_{p}, harris_percent_new_{p}, trump_percent_new_{p}, total_snapshot_{p}, total_expected_{p}, harris_votes_new_{p}, trump_votes_new_{p}
Per p (trailing): shift_trailing_{p}, margin_new_{p}_trailing, harris_percent_new_{p}_trailing, trump_percent_new_{p}_trailing, total_snapshot_{p}_trailing, total_expected_{p}_trailing, harris_votes_new_{p}_trailing, trump_votes_new_{p}_trailing
Checkpoint saved at: /home/ubuntu/apps/election-app/win_prob/H/FL/05/data_output_FL.csv.checkpoint.json

$ /home/ubuntu/.venv/bin/python3 /home/ubuntu/apps/election-app/stats/7-margin-new.py
Wrote data_output_with_margins_old.csv

$ /home/ubuntu/.venv/bin/python3 /home/ubuntu/apps/election-app/stats/7-eevp-statewide.py
Wrote data_output_with_margins.csv (copied from data_output_with_margins_old.csv)

$ /home/ubuntu/.venv/bin/python3 /home/ubuntu/apps/election-app/stats/7.py --input /home/ubuntu/apps/election-app/win_prob/H/FL/05/data_output_FL_with_margins_statewide_eevp.csv --output /home/ubuntu/apps/election-app/win_prob/H/FL/05/statewide_margin_pct_vs_percent_FL_2026.png --state FL --start 2024-11-05T15-30-22 --end 2024-11-05T15-30-22 --stats /home/ubuntu/apps/election-app/win_prob/H/FL/05/stats.csv --stats2 /home/ubuntu/apps/election-app/win_prob/H/FL/05/stats2.csv --interval 30 --year 2026 --jsonl /home/ubuntu/apps/election-app/win_prob/H/FL/05/plotdata_FL_2026_2026-01-24T20-14-53.jsonl
[info] evaluating 1 timestamps from 2024-11-05T15-30-22 to 2024-11-05T15-30-22 every 30 minutes
[saved] probs_timeseries_FL.csv  (1 points)
[saved] /home/ubuntu/apps/election-app/win_prob/H/FL/05/plotdata_FL_2026_2026-01-24T20-14-53.jsonl  (4 points)
[saved] /home/ubuntu/apps/election-app/win_prob/H/FL/05/statewide_margin_pct_vs_percent_FL_2026_box.json
[saved] /home/ubuntu/apps/election-app/win_prob/H/FL/05/statewide_margin_pct_vs_percent_FL_2026_box.png
[saved] /home/ubuntu/apps/election-app/win_prob/H/FL/05/statewide_margin_pct_vs_percent_FL_2026.png

All 50 states complete. See: /home/ubuntu/apps/election-app/win_prob/H/FL/05

$ /home/ubuntu/.venv/bin/python3 /home/ubuntu/apps/election-app/stats/8.py --root /home/ubuntu/apps/election-app/win_prob/H/FL/05/_work --outdir /home/ubuntu/apps/election-app/win_prob/H/FL/05
[info] root  = /home/ubuntu/apps/election-app/win_prob/H/FL/05/_work
[info] outdir= /home/ubuntu/apps/election-app/win_prob/H/FL/05
[deleted] /home/ubuntu/apps/election-app/win_prob/H/FL/05/_work/stats_with_statewide.csv
[deleted] /home/ubuntu/apps/election-app/win_prob/H/FL/05/_work/stats2_final_headers.csv
[deleted] /home/ubuntu/apps/election-app/win_prob/H/FL/05/_work/2024_county_results_with_final-old.csv
[deleted] /home/ubuntu/apps/election-app/win_prob/H/FL/05/_work/2024_county_results_with_final.csv
[deleted] /home/ubuntu/apps/election-app/win_prob/H/FL/05/_work/2024_county_results_with_final_1.csv
[deleted] /home/ubuntu/apps/election-app/win_prob/H/FL/05/_work/2024_county_results_with_calcs-old.csv
[deleted] /home/ubuntu/apps/election-app/win_prob/H/FL/05/_work/2024_county_results_with_calcs_new.csv
[deleted] /home/ubuntu/apps/election-app/win_prob/H/FL/05/_work/output_statewide_stats.csv
[skip]    /home/ubuntu/apps/election-app/win_prob/H/FL/05/_work/probs_timeseries_PA.csv
[deleted] /home/ubuntu/apps/election-app/win_prob/H/FL/05/_work/2024_county_results_with_calcs.csv
[skip]    /home/ubuntu/apps/election-app/win_prob/H/FL/05/data_output.csv
[skip]    /home/ubuntu/apps/election-app/win_prob/H/FL/05/data_output_with_margins_old.csv
[skip]    /home/ubuntu/apps/election-app/win_prob/H/FL/05/data_output_with_margins.csv
[skip]    /home/ubuntu/apps/election-app/win_prob/H/FL/05/data_output_with_margins-statewide.csv
[deleted] /home/ubuntu/apps/election-app/win_prob/H/FL/05/snapshots_FL.csv
[deleted] /home/ubuntu/apps/election-app/win_prob/H/FL/05/data_output_FL.csv
[deleted] /home/ubuntu/apps/election-app/win_prob/H/FL/05/data_output_FL_with_margins_statewide_eevp.csv
[deleted] /home/ubuntu/apps/election-app/win_prob/H/FL/05/data_output_FL_with_margins.csv
[deleted] /home/ubuntu/apps/election-app/win_prob/H/FL/05/data_output_FL.csv.checkpoint.json
[deleted] /home/ubuntu/apps/election-app/win_prob/H/FL/05/stats.csv
[deleted] /home/ubuntu/apps/election-app/win_prob/H/FL/05/stats2.csv
[done] removed 16 file(s)
[2026-01-24 20:21:55] INFO: [PIPELINE] args: office=H state=FL district=05
[2026-01-24 20:21:55] INFO: [PIPELINE] WINPROB_DIR resolved to: /home/ubuntu/apps/election-app/win_prob/H/FL/05
[2026-01-24 20:21:55] INFO: [PIPELINE] OUTDIR set to: /home/ubuntu/apps/election-app/win_prob/H/FL/05

$ /home/ubuntu/.venv/bin/python3 /home/ubuntu/apps/election-app/stats/1-statewide.py --input /home/ubuntu/apps/election-app/win_prob/H/FL/05/stats.csv --output /home/ubuntu/apps/election-app/win_prob/H/FL/05/_work/stats_with_statewide.csv
Wrote /home/ubuntu/apps/election-app/win_prob/H/FL/05/_work/stats_with_statewide.csv (rows=2)

$ /home/ubuntu/.venv/bin/python3 /home/ubuntu/apps/election-app/stats/1-stats-2.py --input /home/ubuntu/apps/election-app/win_prob/H/FL/05/stats2.csv --output /home/ubuntu/apps/election-app/win_prob/H/FL/05/_work/stats2_final_headers.csv
Wrote /home/ubuntu/apps/election-app/win_prob/H/FL/05/_work/stats2_final_headers.csv (rows=2)

$ /home/ubuntu/.venv/bin/python3 /home/ubuntu/apps/election-app/stats/1-append-new.py
Wrote 2024_county_results_with_final-old.csv (rows=2, missing_final_matches=0)

$ /home/ubuntu/.venv/bin/python3 /home/ubuntu/apps/election-app/stats/1-change_header.py
Wrote: 2024_county_results_with_final.csv

$ /home/ubuntu/.venv/bin/python3 /home/ubuntu/apps/election-app/stats/1-cut-zero-fips.py
Wrote: 2024_county_results_with_final_1.csv
Rows before: 2
Rows after:  2
Dropped (fips == 0): 0

$ /home/ubuntu/.venv/bin/python3 /home/ubuntu/apps/election-app/stats/2-calc.py
Wrote 2 rows with calculations to /home/ubuntu/apps/election-app/win_prob/H/FL/05/_work/2024_county_results_with_calcs-old.csv

$ /home/ubuntu/.venv/bin/python3 /home/ubuntu/apps/election-app/stats/2-eevp.py
Wrote (no-op copy): 2024_county_results_with_calcs.csv
Columns:
 - timestamp
 - state
 - county
 - fips
 - trump_votes
 - harris_votes
 - other_votes
 - eevp
 - state_eevp
 - harris_votes_statewide
 - trump_votes_statewide
 - other_votes_statewide
 - final_state
 - final_county
 - final_fips
 - final_trump_votes
 - final_harris_votes
 - final_other_votes
 - harris_percent_snapshot
 - trump_percent_snapshot
 - margin_snapshot
 - harris_percent_final
 - trump_percent_final
 - margin_final
 - margin_difference
 - margin_difference_abs

$ /home/ubuntu/.venv/bin/python3 /home/ubuntu/apps/election-app/stats/3-calc-new.py
Wrote 2 rows with new columns to /home/ubuntu/apps/election-app/win_prob/H/FL/05/_work/2024_county_results_with_calcs_new.csv

$ /home/ubuntu/.venv/bin/python3 /home/ubuntu/apps/election-app/stats/4-stats.py
Reading 2024_county_results_with_calcs_new.csv...
Aggregating statewide totals...
Calculating percentages and margins...
Writing to output_statewide_stats.csv...
Done!
[2026-01-24 20:22:05] INFO: [PIPELINE] ENTER win-prob generation | states=['FL'] ts_list=['2024-11-05T15-30-22']

============================================================================
[01/1] STATE = FL
============================================================================

$ /home/ubuntu/.venv/bin/python3 /home/ubuntu/apps/election-app/stats/5-snapshots.py --state FL --input /home/ubuntu/apps/election-app/win_prob/H/FL/05/_work/output_statewide_stats.csv --output /home/ubuntu/apps/election-app/win_prob/H/FL/05/snapshots_FL.csv --start 2024-11-05T15-30-22 --end 2024-11-05T15-30-22 --use-window 1 --interval 30
Mode: windowed-one-state
Rows written: 2
Distinct states in output: FL
Rows per normalized timestamp (empty = unparseable):
  2024-11-05T15-30-22: 2
Wrote /home/ubuntu/apps/election-app/win_prob/H/FL/05/snapshots_FL.csv

$ /home/ubuntu/.venv/bin/python3 /home/ubuntu/apps/election-app/stats/6-pval.py /home/ubuntu/apps/election-app/win_prob/H/FL/05/snapshots_FL.csv -t /home/ubuntu/apps/election-app/stats/parameters.csv -o /home/ubuntu/apps/election-app/win_prob/H/FL/05/data_output_FL.csv -c 50
Done. Wrote: /home/ubuntu/apps/election-app/win_prob/H/FL/05/data_output_FL.csv
Total rows: 2 (chunked, resumable).
Computed columns for PVALS = [0.01, 0.1, 1, 2, 3, 5, 10, 15, 20, 25, 30, 35, 40, 45, 50, 55, 60, 65, 70, 75, 80, 85, 90, 95, 97, 98, 99, 99.9, 99.99]
Per p (leader): shift_{p}, margin_new_{p}, harris_percent_new_{p}, trump_percent_new_{p}, total_snapshot_{p}, total_expected_{p}, harris_votes_new_{p}, trump_votes_new_{p}
Per p (trailing): shift_trailing_{p}, margin_new_{p}_trailing, harris_percent_new_{p}_trailing, trump_percent_new_{p}_trailing, total_snapshot_{p}_trailing, total_expected_{p}_trailing, harris_votes_new_{p}_trailing, trump_votes_new_{p}_trailing
Checkpoint saved at: /home/ubuntu/apps/election-app/win_prob/H/FL/05/data_output_FL.csv.checkpoint.json

$ /home/ubuntu/.venv/bin/python3 /home/ubuntu/apps/election-app/stats/7-margin-new.py
Wrote data_output_with_margins_old.csv

$ /home/ubuntu/.venv/bin/python3 /home/ubuntu/apps/election-app/stats/7-eevp-statewide.py
Wrote data_output_with_margins.csv (copied from data_output_with_margins_old.csv)

$ /home/ubuntu/.venv/bin/python3 /home/ubuntu/apps/election-app/stats/7.py --input /home/ubuntu/apps/election-app/win_prob/H/FL/05/data_output_FL_with_margins_statewide_eevp.csv --output /home/ubuntu/apps/election-app/win_prob/H/FL/05/statewide_margin_pct_vs_percent_FL_2026.png --state FL --start 2024-11-05T15-30-22 --end 2024-11-05T15-30-22 --stats /home/ubuntu/apps/election-app/win_prob/H/FL/05/stats.csv --stats2 /home/ubuntu/apps/election-app/win_prob/H/FL/05/stats2.csv --interval 30 --year 2026 --jsonl /home/ubuntu/apps/election-app/win_prob/H/FL/05/plotdata_FL_2026_2026-01-24T20-21-55.jsonl
[info] evaluating 1 timestamps from 2024-11-05T15-30-22 to 2024-11-05T15-30-22 every 30 minutes
[saved] probs_timeseries_FL.csv  (1 points)
[saved] /home/ubuntu/apps/election-app/win_prob/H/FL/05/plotdata_FL_2026_2026-01-24T20-21-55.jsonl  (4 points)
[saved] /home/ubuntu/apps/election-app/win_prob/H/FL/05/statewide_margin_pct_vs_percent_FL_2026_box.json
[saved] /home/ubuntu/apps/election-app/win_prob/H/FL/05/statewide_margin_pct_vs_percent_FL_2026_box.png
[saved] /home/ubuntu/apps/election-app/win_prob/H/FL/05/statewide_margin_pct_vs_percent_FL_2026.png

All 50 states complete. See: /home/ubuntu/apps/election-app/win_prob/H/FL/05

$ /home/ubuntu/.venv/bin/python3 /home/ubuntu/apps/election-app/stats/8.py --root /home/ubuntu/apps/election-app/win_prob/H/FL/05/_work --outdir /home/ubuntu/apps/election-app/win_prob/H/FL/05
[info] root  = /home/ubuntu/apps/election-app/win_prob/H/FL/05/_work
[info] outdir= /home/ubuntu/apps/election-app/win_prob/H/FL/05
[deleted] /home/ubuntu/apps/election-app/win_prob/H/FL/05/_work/stats_with_statewide.csv
[deleted] /home/ubuntu/apps/election-app/win_prob/H/FL/05/_work/stats2_final_headers.csv
[deleted] /home/ubuntu/apps/election-app/win_prob/H/FL/05/_work/2024_county_results_with_final-old.csv
[deleted] /home/ubuntu/apps/election-app/win_prob/H/FL/05/_work/2024_county_results_with_final.csv
[deleted] /home/ubuntu/apps/election-app/win_prob/H/FL/05/_work/2024_county_results_with_final_1.csv
[deleted] /home/ubuntu/apps/election-app/win_prob/H/FL/05/_work/2024_county_results_with_calcs-old.csv
[deleted] /home/ubuntu/apps/election-app/win_prob/H/FL/05/_work/2024_county_results_with_calcs_new.csv
[deleted] /home/ubuntu/apps/election-app/win_prob/H/FL/05/_work/output_statewide_stats.csv
[skip]    /home/ubuntu/apps/election-app/win_prob/H/FL/05/_work/probs_timeseries_PA.csv
[deleted] /home/ubuntu/apps/election-app/win_prob/H/FL/05/_work/2024_county_results_with_calcs.csv
[skip]    /home/ubuntu/apps/election-app/win_prob/H/FL/05/data_output.csv
[skip]    /home/ubuntu/apps/election-app/win_prob/H/FL/05/data_output_with_margins_old.csv
[skip]    /home/ubuntu/apps/election-app/win_prob/H/FL/05/data_output_with_margins.csv
[skip]    /home/ubuntu/apps/election-app/win_prob/H/FL/05/data_output_with_margins-statewide.csv
[deleted] /home/ubuntu/apps/election-app/win_prob/H/FL/05/snapshots_FL.csv
[deleted] /home/ubuntu/apps/election-app/win_prob/H/FL/05/data_output_FL.csv
[deleted] /home/ubuntu/apps/election-app/win_prob/H/FL/05/data_output_FL_with_margins_statewide_eevp.csv
[deleted] /home/ubuntu/apps/election-app/win_prob/H/FL/05/data_output_FL_with_margins.csv
[deleted] /home/ubuntu/apps/election-app/win_prob/H/FL/05/data_output_FL.csv.checkpoint.json
[deleted] /home/ubuntu/apps/election-app/win_prob/H/FL/05/stats.csv
[deleted] /home/ubuntu/apps/election-app/win_prob/H/FL/05/stats2.csv
[done] removed 16 file(s)
[2026-01-24 20:29:01] INFO: [PIPELINE] args: office=H state=FL district=05
[2026-01-24 20:29:01] INFO: [PIPELINE] WINPROB_DIR resolved to: /home/ubuntu/apps/election-app/win_prob/H/FL/05
[2026-01-24 20:29:01] INFO: [PIPELINE] OUTDIR set to: /home/ubuntu/apps/election-app/win_prob/H/FL/05

$ /home/ubuntu/.venv/bin/python3 /home/ubuntu/apps/election-app/stats/1-statewide.py --input /home/ubuntu/apps/election-app/win_prob/H/FL/05/stats.csv --output /home/ubuntu/apps/election-app/win_prob/H/FL/05/_work/stats_with_statewide.csv
Wrote /home/ubuntu/apps/election-app/win_prob/H/FL/05/_work/stats_with_statewide.csv (rows=2)

$ /home/ubuntu/.venv/bin/python3 /home/ubuntu/apps/election-app/stats/1-stats-2.py --input /home/ubuntu/apps/election-app/win_prob/H/FL/05/stats2.csv --output /home/ubuntu/apps/election-app/win_prob/H/FL/05/_work/stats2_final_headers.csv
Wrote /home/ubuntu/apps/election-app/win_prob/H/FL/05/_work/stats2_final_headers.csv (rows=2)

$ /home/ubuntu/.venv/bin/python3 /home/ubuntu/apps/election-app/stats/1-append-new.py
Wrote 2024_county_results_with_final-old.csv (rows=2, missing_final_matches=0)

$ /home/ubuntu/.venv/bin/python3 /home/ubuntu/apps/election-app/stats/1-change_header.py
Wrote: 2024_county_results_with_final.csv

$ /home/ubuntu/.venv/bin/python3 /home/ubuntu/apps/election-app/stats/1-cut-zero-fips.py
Wrote: 2024_county_results_with_final_1.csv
Rows before: 2
Rows after:  2
Dropped (fips == 0): 0

$ /home/ubuntu/.venv/bin/python3 /home/ubuntu/apps/election-app/stats/2-calc.py
Wrote 2 rows with calculations to /home/ubuntu/apps/election-app/win_prob/H/FL/05/_work/2024_county_results_with_calcs-old.csv

$ /home/ubuntu/.venv/bin/python3 /home/ubuntu/apps/election-app/stats/2-eevp.py
Wrote (no-op copy): 2024_county_results_with_calcs.csv
Columns:
 - timestamp
 - state
 - county
 - fips
 - trump_votes
 - harris_votes
 - other_votes
 - eevp
 - state_eevp
 - harris_votes_statewide
 - trump_votes_statewide
 - other_votes_statewide
 - final_state
 - final_county
 - final_fips
 - final_trump_votes
 - final_harris_votes
 - final_other_votes
 - harris_percent_snapshot
 - trump_percent_snapshot
 - margin_snapshot
 - harris_percent_final
 - trump_percent_final
 - margin_final
 - margin_difference
 - margin_difference_abs

$ /home/ubuntu/.venv/bin/python3 /home/ubuntu/apps/election-app/stats/3-calc-new.py
Wrote 2 rows with new columns to /home/ubuntu/apps/election-app/win_prob/H/FL/05/_work/2024_county_results_with_calcs_new.csv

$ /home/ubuntu/.venv/bin/python3 /home/ubuntu/apps/election-app/stats/4-stats.py
Reading 2024_county_results_with_calcs_new.csv...
Aggregating statewide totals...
Calculating percentages and margins...
Writing to output_statewide_stats.csv...
Done!
[2026-01-24 20:29:10] INFO: [PIPELINE] ENTER win-prob generation | states=['FL'] ts_list=['2024-11-05T15-30-22']

============================================================================
[01/1] STATE = FL
============================================================================

$ /home/ubuntu/.venv/bin/python3 /home/ubuntu/apps/election-app/stats/5-snapshots.py --state FL --input /home/ubuntu/apps/election-app/win_prob/H/FL/05/_work/output_statewide_stats.csv --output /home/ubuntu/apps/election-app/win_prob/H/FL/05/snapshots_FL.csv --start 2024-11-05T15-30-22 --end 2024-11-05T15-30-22 --use-window 1 --interval 30
Mode: windowed-one-state
Rows written: 2
Distinct states in output: FL
Rows per normalized timestamp (empty = unparseable):
  2024-11-05T15-30-22: 2
Wrote /home/ubuntu/apps/election-app/win_prob/H/FL/05/snapshots_FL.csv

$ /home/ubuntu/.venv/bin/python3 /home/ubuntu/apps/election-app/stats/6-pval.py /home/ubuntu/apps/election-app/win_prob/H/FL/05/snapshots_FL.csv -t /home/ubuntu/apps/election-app/stats/parameters.csv -o /home/ubuntu/apps/election-app/win_prob/H/FL/05/data_output_FL.csv -c 50
Done. Wrote: /home/ubuntu/apps/election-app/win_prob/H/FL/05/data_output_FL.csv
Total rows: 2 (chunked, resumable).
Computed columns for PVALS = [0.01, 0.1, 1, 2, 3, 5, 10, 15, 20, 25, 30, 35, 40, 45, 50, 55, 60, 65, 70, 75, 80, 85, 90, 95, 97, 98, 99, 99.9, 99.99]
Per p (leader): shift_{p}, margin_new_{p}, harris_percent_new_{p}, trump_percent_new_{p}, total_snapshot_{p}, total_expected_{p}, harris_votes_new_{p}, trump_votes_new_{p}
Per p (trailing): shift_trailing_{p}, margin_new_{p}_trailing, harris_percent_new_{p}_trailing, trump_percent_new_{p}_trailing, total_snapshot_{p}_trailing, total_expected_{p}_trailing, harris_votes_new_{p}_trailing, trump_votes_new_{p}_trailing
Checkpoint saved at: /home/ubuntu/apps/election-app/win_prob/H/FL/05/data_output_FL.csv.checkpoint.json

$ /home/ubuntu/.venv/bin/python3 /home/ubuntu/apps/election-app/stats/7-margin-new.py
Wrote data_output_with_margins_old.csv

$ /home/ubuntu/.venv/bin/python3 /home/ubuntu/apps/election-app/stats/7-eevp-statewide.py
Wrote data_output_with_margins.csv (copied from data_output_with_margins_old.csv)

$ /home/ubuntu/.venv/bin/python3 /home/ubuntu/apps/election-app/stats/7.py --input /home/ubuntu/apps/election-app/win_prob/H/FL/05/data_output_FL_with_margins_statewide_eevp.csv --output /home/ubuntu/apps/election-app/win_prob/H/FL/05/statewide_margin_pct_vs_percent_FL_2026.png --state FL --start 2024-11-05T15-30-22 --end 2024-11-05T15-30-22 --stats /home/ubuntu/apps/election-app/win_prob/H/FL/05/stats.csv --stats2 /home/ubuntu/apps/election-app/win_prob/H/FL/05/stats2.csv --interval 30 --year 2026 --jsonl /home/ubuntu/apps/election-app/win_prob/H/FL/05/plotdata_FL_2026_2026-01-24T20-29-01.jsonl
[info] evaluating 1 timestamps from 2024-11-05T15-30-22 to 2024-11-05T15-30-22 every 30 minutes
[saved] probs_timeseries_FL.csv  (1 points)
[saved] /home/ubuntu/apps/election-app/win_prob/H/FL/05/plotdata_FL_2026_2026-01-24T20-29-01.jsonl  (4 points)
[saved] /home/ubuntu/apps/election-app/win_prob/H/FL/05/statewide_margin_pct_vs_percent_FL_2026_box.json
[saved] /home/ubuntu/apps/election-app/win_prob/H/FL/05/statewide_margin_pct_vs_percent_FL_2026_box.png
[saved] /home/ubuntu/apps/election-app/win_prob/H/FL/05/statewide_margin_pct_vs_percent_FL_2026.png

All 50 states complete. See: /home/ubuntu/apps/election-app/win_prob/H/FL/05

$ /home/ubuntu/.venv/bin/python3 /home/ubuntu/apps/election-app/stats/8.py --root /home/ubuntu/apps/election-app/win_prob/H/FL/05/_work --outdir /home/ubuntu/apps/election-app/win_prob/H/FL/05
[info] root  = /home/ubuntu/apps/election-app/win_prob/H/FL/05/_work
[info] outdir= /home/ubuntu/apps/election-app/win_prob/H/FL/05
[deleted] /home/ubuntu/apps/election-app/win_prob/H/FL/05/_work/stats_with_statewide.csv
[deleted] /home/ubuntu/apps/election-app/win_prob/H/FL/05/_work/stats2_final_headers.csv
[deleted] /home/ubuntu/apps/election-app/win_prob/H/FL/05/_work/2024_county_results_with_final-old.csv
[deleted] /home/ubuntu/apps/election-app/win_prob/H/FL/05/_work/2024_county_results_with_final.csv
[deleted] /home/ubuntu/apps/election-app/win_prob/H/FL/05/_work/2024_county_results_with_final_1.csv
[deleted] /home/ubuntu/apps/election-app/win_prob/H/FL/05/_work/2024_county_results_with_calcs-old.csv
[deleted] /home/ubuntu/apps/election-app/win_prob/H/FL/05/_work/2024_county_results_with_calcs_new.csv
[deleted] /home/ubuntu/apps/election-app/win_prob/H/FL/05/_work/output_statewide_stats.csv
[skip]    /home/ubuntu/apps/election-app/win_prob/H/FL/05/_work/probs_timeseries_PA.csv
[deleted] /home/ubuntu/apps/election-app/win_prob/H/FL/05/_work/2024_county_results_with_calcs.csv
[skip]    /home/ubuntu/apps/election-app/win_prob/H/FL/05/data_output.csv
[skip]    /home/ubuntu/apps/election-app/win_prob/H/FL/05/data_output_with_margins_old.csv
[skip]    /home/ubuntu/apps/election-app/win_prob/H/FL/05/data_output_with_margins.csv
[skip]    /home/ubuntu/apps/election-app/win_prob/H/FL/05/data_output_with_margins-statewide.csv
[deleted] /home/ubuntu/apps/election-app/win_prob/H/FL/05/snapshots_FL.csv
[deleted] /home/ubuntu/apps/election-app/win_prob/H/FL/05/data_output_FL.csv
[deleted] /home/ubuntu/apps/election-app/win_prob/H/FL/05/data_output_FL_with_margins_statewide_eevp.csv
[deleted] /home/ubuntu/apps/election-app/win_prob/H/FL/05/data_output_FL_with_margins.csv
[deleted] /home/ubuntu/apps/election-app/win_prob/H/FL/05/data_output_FL.csv.checkpoint.json
[deleted] /home/ubuntu/apps/election-app/win_prob/H/FL/05/stats.csv
[deleted] /home/ubuntu/apps/election-app/win_prob/H/FL/05/stats2.csv
[done] removed 16 file(s)
[2026-02-04 17:17:07] INFO: [PIPELINE] args: office=H state=FL district=05
[2026-02-04 17:17:07] INFO: [PIPELINE] WINPROB_DIR resolved to: /home/ubuntu/apps/election-app/win_prob/H/FL/05
[2026-02-04 17:17:07] INFO: [PIPELINE] OUTDIR set to: /home/ubuntu/apps/election-app/win_prob/H/FL/05

$ /home/ubuntu/.venv/bin/python3 /home/ubuntu/apps/election-app/stats/1-statewide.py --input /home/ubuntu/apps/election-app/win_prob/H/FL/05/stats.csv --output /home/ubuntu/apps/election-app/win_prob/H/FL/05/_work/stats_with_statewide.csv
Wrote /home/ubuntu/apps/election-app/win_prob/H/FL/05/_work/stats_with_statewide.csv (rows=2)

$ /home/ubuntu/.venv/bin/python3 /home/ubuntu/apps/election-app/stats/1-stats-2.py --input /home/ubuntu/apps/election-app/win_prob/H/FL/05/stats2.csv --output /home/ubuntu/apps/election-app/win_prob/H/FL/05/_work/stats2_final_headers.csv
Wrote /home/ubuntu/apps/election-app/win_prob/H/FL/05/_work/stats2_final_headers.csv (rows=2)

$ /home/ubuntu/.venv/bin/python3 /home/ubuntu/apps/election-app/stats/1-append-new.py
Wrote 2024_county_results_with_final-old.csv (rows=2, missing_final_matches=0)

$ /home/ubuntu/.venv/bin/python3 /home/ubuntu/apps/election-app/stats/1-change_header.py
Wrote: 2024_county_results_with_final.csv

$ /home/ubuntu/.venv/bin/python3 /home/ubuntu/apps/election-app/stats/1-cut-zero-fips.py
Wrote: 2024_county_results_with_final_1.csv
Rows before: 2
Rows after:  2
Dropped (fips == 0): 0

$ /home/ubuntu/.venv/bin/python3 /home/ubuntu/apps/election-app/stats/2-calc.py
Wrote 2 rows with calculations to /home/ubuntu/apps/election-app/win_prob/H/FL/05/_work/2024_county_results_with_calcs-old.csv

$ /home/ubuntu/.venv/bin/python3 /home/ubuntu/apps/election-app/stats/2-eevp.py
Wrote (no-op copy): 2024_county_results_with_calcs.csv
Columns:
 - timestamp
 - state
 - county
 - fips
 - trump_votes
 - harris_votes
 - other_votes
 - eevp
 - state_eevp
 - harris_votes_statewide
 - trump_votes_statewide
 - other_votes_statewide
 - final_state
 - final_county
 - final_fips
 - final_trump_votes
 - final_harris_votes
 - final_other_votes
 - harris_percent_snapshot
 - trump_percent_snapshot
 - margin_snapshot
 - harris_percent_final
 - trump_percent_final
 - margin_final
 - margin_difference
 - margin_difference_abs

$ /home/ubuntu/.venv/bin/python3 /home/ubuntu/apps/election-app/stats/3-calc-new.py
Wrote 2 rows with new columns to /home/ubuntu/apps/election-app/win_prob/H/FL/05/_work/2024_county_results_with_calcs_new.csv

$ /home/ubuntu/.venv/bin/python3 /home/ubuntu/apps/election-app/stats/4-stats.py
Reading 2024_county_results_with_calcs_new.csv...
Aggregating statewide totals...
Calculating percentages and margins...
Writing to output_statewide_stats.csv...
Done!
[2026-02-04 17:17:19] INFO: [PIPELINE] ENTER win-prob generation | states=['FL'] ts_list=['2024-11-05T15-30-22']

============================================================================
[01/1] STATE = FL
============================================================================

$ /home/ubuntu/.venv/bin/python3 /home/ubuntu/apps/election-app/stats/5-snapshots.py --state FL --input /home/ubuntu/apps/election-app/win_prob/H/FL/05/_work/output_statewide_stats.csv --output /home/ubuntu/apps/election-app/win_prob/H/FL/05/snapshots_FL.csv --start 2024-11-05T15-30-22 --end 2024-11-05T15-30-22 --use-window 1 --interval 30
Mode: windowed-one-state
Rows written: 2
Distinct states in output: FL
Rows per normalized timestamp (empty = unparseable):
  2024-11-05T15-30-22: 2
Wrote /home/ubuntu/apps/election-app/win_prob/H/FL/05/snapshots_FL.csv

$ /home/ubuntu/.venv/bin/python3 /home/ubuntu/apps/election-app/stats/6-pval.py /home/ubuntu/apps/election-app/win_prob/H/FL/05/snapshots_FL.csv -t /home/ubuntu/apps/election-app/stats/parameters.csv -o /home/ubuntu/apps/election-app/win_prob/H/FL/05/data_output_FL.csv -c 50
Done. Wrote: /home/ubuntu/apps/election-app/win_prob/H/FL/05/data_output_FL.csv
Total rows: 2 (chunked, resumable).
Computed columns for PVALS = [0.01, 0.1, 1, 2, 3, 5, 10, 15, 20, 25, 30, 35, 40, 45, 50, 55, 60, 65, 70, 75, 80, 85, 90, 95, 97, 98, 99, 99.9, 99.99]
Per p (leader): shift_{p}, margin_new_{p}, harris_percent_new_{p}, trump_percent_new_{p}, total_snapshot_{p}, total_expected_{p}, harris_votes_new_{p}, trump_votes_new_{p}
Per p (trailing): shift_trailing_{p}, margin_new_{p}_trailing, harris_percent_new_{p}_trailing, trump_percent_new_{p}_trailing, total_snapshot_{p}_trailing, total_expected_{p}_trailing, harris_votes_new_{p}_trailing, trump_votes_new_{p}_trailing
Checkpoint saved at: /home/ubuntu/apps/election-app/win_prob/H/FL/05/data_output_FL.csv.checkpoint.json

$ /home/ubuntu/.venv/bin/python3 /home/ubuntu/apps/election-app/stats/7-margin-new.py
Wrote data_output_with_margins_old.csv

$ /home/ubuntu/.venv/bin/python3 /home/ubuntu/apps/election-app/stats/7-eevp-statewide.py
Wrote data_output_with_margins.csv (copied from data_output_with_margins_old.csv)

$ /home/ubuntu/.venv/bin/python3 /home/ubuntu/apps/election-app/stats/7.py --input /home/ubuntu/apps/election-app/win_prob/H/FL/05/data_output_FL_with_margins_statewide_eevp.csv --output /home/ubuntu/apps/election-app/win_prob/H/FL/05/statewide_margin_pct_vs_percent_FL_2026.png --state FL --start 2024-11-05T15-30-22 --end 2024-11-05T15-30-22 --stats /home/ubuntu/apps/election-app/win_prob/H/FL/05/stats.csv --stats2 /home/ubuntu/apps/election-app/win_prob/H/FL/05/stats2.csv --interval 30 --year 2026 --jsonl /home/ubuntu/apps/election-app/win_prob/H/FL/05/plotdata_FL_2026_2026-02-04T17-17-07.jsonl
[info] evaluating 1 timestamps from 2024-11-05T15-30-22 to 2024-11-05T15-30-22 every 30 minutes
[saved] probs_timeseries_FL.csv  (1 points)
[saved] /home/ubuntu/apps/election-app/win_prob/H/FL/05/plotdata_FL_2026_2026-02-04T17-17-07.jsonl  (4 points)
[saved] /home/ubuntu/apps/election-app/win_prob/H/FL/05/statewide_margin_pct_vs_percent_FL_2026_box.json
[saved] /home/ubuntu/apps/election-app/win_prob/H/FL/05/statewide_margin_pct_vs_percent_FL_2026_box.png
[saved] /home/ubuntu/apps/election-app/win_prob/H/FL/05/statewide_margin_pct_vs_percent_FL_2026.png

All 50 states complete. See: /home/ubuntu/apps/election-app/win_prob/H/FL/05

$ /home/ubuntu/.venv/bin/python3 /home/ubuntu/apps/election-app/stats/8.py --root /home/ubuntu/apps/election-app/win_prob/H/FL/05/_work --outdir /home/ubuntu/apps/election-app/win_prob/H/FL/05
[info] root  = /home/ubuntu/apps/election-app/win_prob/H/FL/05/_work
[info] outdir= /home/ubuntu/apps/election-app/win_prob/H/FL/05
[deleted] /home/ubuntu/apps/election-app/win_prob/H/FL/05/_work/stats_with_statewide.csv
[deleted] /home/ubuntu/apps/election-app/win_prob/H/FL/05/_work/stats2_final_headers.csv
[deleted] /home/ubuntu/apps/election-app/win_prob/H/FL/05/_work/2024_county_results_with_final-old.csv
[deleted] /home/ubuntu/apps/election-app/win_prob/H/FL/05/_work/2024_county_results_with_final.csv
[deleted] /home/ubuntu/apps/election-app/win_prob/H/FL/05/_work/2024_county_results_with_final_1.csv
[deleted] /home/ubuntu/apps/election-app/win_prob/H/FL/05/_work/2024_county_results_with_calcs-old.csv
[deleted] /home/ubuntu/apps/election-app/win_prob/H/FL/05/_work/2024_county_results_with_calcs_new.csv
[deleted] /home/ubuntu/apps/election-app/win_prob/H/FL/05/_work/output_statewide_stats.csv
[skip]    /home/ubuntu/apps/election-app/win_prob/H/FL/05/_work/probs_timeseries_PA.csv
[deleted] /home/ubuntu/apps/election-app/win_prob/H/FL/05/_work/2024_county_results_with_calcs.csv
[skip]    /home/ubuntu/apps/election-app/win_prob/H/FL/05/data_output.csv
[skip]    /home/ubuntu/apps/election-app/win_prob/H/FL/05/data_output_with_margins_old.csv
[skip]    /home/ubuntu/apps/election-app/win_prob/H/FL/05/data_output_with_margins.csv
[skip]    /home/ubuntu/apps/election-app/win_prob/H/FL/05/data_output_with_margins-statewide.csv
[deleted] /home/ubuntu/apps/election-app/win_prob/H/FL/05/snapshots_FL.csv
[deleted] /home/ubuntu/apps/election-app/win_prob/H/FL/05/data_output_FL.csv
[deleted] /home/ubuntu/apps/election-app/win_prob/H/FL/05/data_output_FL_with_margins_statewide_eevp.csv
[deleted] /home/ubuntu/apps/election-app/win_prob/H/FL/05/data_output_FL_with_margins.csv
[deleted] /home/ubuntu/apps/election-app/win_prob/H/FL/05/data_output_FL.csv.checkpoint.json
[deleted] /home/ubuntu/apps/election-app/win_prob/H/FL/05/stats.csv
[deleted] /home/ubuntu/apps/election-app/win_prob/H/FL/05/stats2.csv
[done] removed 16 file(s)
