[2026-01-23 21:26:06] INFO: [PIPELINE] args: office=H state=OH district=12
[2026-01-23 21:26:06] INFO: [PIPELINE] WINPROB_DIR resolved to: /home/ubuntu/apps/election-app/win_prob/H/OH/12
[2026-01-23 21:26:06] INFO: [PIPELINE] OUTDIR set to: /home/ubuntu/apps/election-app/win_prob/H/OH/12

$ /home/ubuntu/.venv/bin/python3 /home/ubuntu/apps/election-app/stats/1-statewide.py --input /home/ubuntu/apps/election-app/win_prob/H/OH/12/stats.csv --output /home/ubuntu/apps/election-app/win_prob/H/OH/12/_work/stats_with_statewide.csv
Wrote /home/ubuntu/apps/election-app/win_prob/H/OH/12/_work/stats_with_statewide.csv (rows=12)

$ /home/ubuntu/.venv/bin/python3 /home/ubuntu/apps/election-app/stats/1-stats-2.py --input /home/ubuntu/apps/election-app/win_prob/H/OH/12/stats2.csv --output /home/ubuntu/apps/election-app/win_prob/H/OH/12/_work/stats2_final_headers.csv
Wrote /home/ubuntu/apps/election-app/win_prob/H/OH/12/_work/stats2_final_headers.csv (rows=12)

$ /home/ubuntu/.venv/bin/python3 /home/ubuntu/apps/election-app/stats/1-append-new.py
Wrote 2024_county_results_with_final-old.csv (rows=12, missing_final_matches=0)

$ /home/ubuntu/.venv/bin/python3 /home/ubuntu/apps/election-app/stats/1-change_header.py
Wrote: 2024_county_results_with_final.csv

$ /home/ubuntu/.venv/bin/python3 /home/ubuntu/apps/election-app/stats/1-cut-zero-fips.py
Wrote: 2024_county_results_with_final_1.csv
Rows before: 12
Rows after:  12
Dropped (fips == 0): 0

$ /home/ubuntu/.venv/bin/python3 /home/ubuntu/apps/election-app/stats/2-calc.py
Wrote 12 rows with calculations to /home/ubuntu/apps/election-app/win_prob/H/OH/12/_work/2024_county_results_with_calcs-old.csv

$ /home/ubuntu/.venv/bin/python3 /home/ubuntu/apps/election-app/stats/2-eevp.py
Wrote (no-op copy): 2024_county_results_with_calcs.csv
Columns:
 - timestamp
 - state
 - county
 - fips
 - trump_votes
 - harris_votes
 - other_votes
 - eevp
 - state_eevp
 - harris_votes_statewide
 - trump_votes_statewide
 - other_votes_statewide
 - final_state
 - final_county
 - final_fips
 - final_trump_votes
 - final_harris_votes
 - final_other_votes
 - harris_percent_snapshot
 - trump_percent_snapshot
 - margin_snapshot
 - harris_percent_final
 - trump_percent_final
 - margin_final
 - margin_difference
 - margin_difference_abs

$ /home/ubuntu/.venv/bin/python3 /home/ubuntu/apps/election-app/stats/3-calc-new.py
Wrote 12 rows with new columns to /home/ubuntu/apps/election-app/win_prob/H/OH/12/_work/2024_county_results_with_calcs_new.csv

$ /home/ubuntu/.venv/bin/python3 /home/ubuntu/apps/election-app/stats/4-stats.py
Reading 2024_county_results_with_calcs_new.csv...
Aggregating statewide totals...
Calculating percentages and margins...
Writing to output_statewide_stats.csv...
Done!
[2026-01-23 21:26:16] INFO: [PIPELINE] ENTER win-prob generation | states=['OH'] ts_list=['2024-11-05T15-30-22']

============================================================================
[01/1] STATE = OH
============================================================================

$ /home/ubuntu/.venv/bin/python3 /home/ubuntu/apps/election-app/stats/5-snapshots.py --state OH --input /home/ubuntu/apps/election-app/win_prob/H/OH/12/_work/output_statewide_stats.csv --output /home/ubuntu/apps/election-app/win_prob/H/OH/12/snapshots_OH.csv --start 2024-11-05T15-30-22 --end 2024-11-05T15-30-22 --use-window 1 --interval 30
Mode: windowed-one-state
Rows written: 12
Distinct states in output: OH
Rows per normalized timestamp (empty = unparseable):
  2024-11-05T15-30-22: 12
Wrote /home/ubuntu/apps/election-app/win_prob/H/OH/12/snapshots_OH.csv

$ /home/ubuntu/.venv/bin/python3 /home/ubuntu/apps/election-app/stats/6-pval.py /home/ubuntu/apps/election-app/win_prob/H/OH/12/snapshots_OH.csv -t /home/ubuntu/apps/election-app/stats/parameters.csv -o /home/ubuntu/apps/election-app/win_prob/H/OH/12/data_output_OH.csv -c 50
Done. Wrote: /home/ubuntu/apps/election-app/win_prob/H/OH/12/data_output_OH.csv
Total rows: 12 (chunked, resumable).
Computed columns for PVALS = [0.01, 0.1, 1, 2, 3, 5, 10, 15, 20, 25, 30, 35, 40, 45, 50, 55, 60, 65, 70, 75, 80, 85, 90, 95, 97, 98, 99, 99.9, 99.99]
Per p (leader): shift_{p}, margin_new_{p}, harris_percent_new_{p}, trump_percent_new_{p}, total_snapshot_{p}, total_expected_{p}, harris_votes_new_{p}, trump_votes_new_{p}
Per p (trailing): shift_trailing_{p}, margin_new_{p}_trailing, harris_percent_new_{p}_trailing, trump_percent_new_{p}_trailing, total_snapshot_{p}_trailing, total_expected_{p}_trailing, harris_votes_new_{p}_trailing, trump_votes_new_{p}_trailing
Checkpoint saved at: /home/ubuntu/apps/election-app/win_prob/H/OH/12/data_output_OH.csv.checkpoint.json

$ /home/ubuntu/.venv/bin/python3 /home/ubuntu/apps/election-app/stats/7-margin-new.py
Wrote data_output_with_margins_old.csv

$ /home/ubuntu/.venv/bin/python3 /home/ubuntu/apps/election-app/stats/7-eevp-statewide.py
Wrote data_output_with_margins.csv (copied from data_output_with_margins_old.csv)

$ /home/ubuntu/.venv/bin/python3 /home/ubuntu/apps/election-app/stats/7.py --input /home/ubuntu/apps/election-app/win_prob/H/OH/12/data_output_OH_with_margins_statewide_eevp.csv --output /home/ubuntu/apps/election-app/win_prob/H/OH/12/statewide_margin_pct_vs_percent_OH_2026.png --state OH --start 2024-11-05T15-30-22 --end 2024-11-05T15-30-22 --stats /home/ubuntu/apps/election-app/win_prob/H/OH/12/stats.csv --stats2 /home/ubuntu/apps/election-app/win_prob/H/OH/12/stats2.csv --interval 30 --year 2026 --jsonl /home/ubuntu/apps/election-app/win_prob/H/OH/12/plotdata_OH_2026_2026-01-23T21-26-06.jsonl
[info] evaluating 1 timestamps from 2024-11-05T15-30-22 to 2024-11-05T15-30-22 every 30 minutes
[saved] probs_timeseries_OH.csv  (1 points)
[saved] /home/ubuntu/apps/election-app/win_prob/H/OH/12/plotdata_OH_2026_2026-01-23T21-26-06.jsonl  (0 points)
[saved] /home/ubuntu/apps/election-app/win_prob/H/OH/12/statewide_margin_pct_vs_percent_OH_2026_box.json
[saved] /home/ubuntu/apps/election-app/win_prob/H/OH/12/statewide_margin_pct_vs_percent_OH_2026_box.png
[saved] /home/ubuntu/apps/election-app/win_prob/H/OH/12/statewide_margin_pct_vs_percent_OH_2026.png

All 50 states complete. See: /home/ubuntu/apps/election-app/win_prob/H/OH/12

$ /home/ubuntu/.venv/bin/python3 /home/ubuntu/apps/election-app/stats/8.py --root /home/ubuntu/apps/election-app/win_prob/H/OH/12/_work --outdir /home/ubuntu/apps/election-app/win_prob/H/OH/12
[info] root  = /home/ubuntu/apps/election-app/win_prob/H/OH/12/_work
[info] outdir= /home/ubuntu/apps/election-app/win_prob/H/OH/12
[deleted] /home/ubuntu/apps/election-app/win_prob/H/OH/12/_work/stats_with_statewide.csv
[deleted] /home/ubuntu/apps/election-app/win_prob/H/OH/12/_work/stats2_final_headers.csv
[deleted] /home/ubuntu/apps/election-app/win_prob/H/OH/12/_work/2024_county_results_with_final-old.csv
[deleted] /home/ubuntu/apps/election-app/win_prob/H/OH/12/_work/2024_county_results_with_final.csv
[deleted] /home/ubuntu/apps/election-app/win_prob/H/OH/12/_work/2024_county_results_with_final_1.csv
[deleted] /home/ubuntu/apps/election-app/win_prob/H/OH/12/_work/2024_county_results_with_calcs-old.csv
[deleted] /home/ubuntu/apps/election-app/win_prob/H/OH/12/_work/2024_county_results_with_calcs_new.csv
[deleted] /home/ubuntu/apps/election-app/win_prob/H/OH/12/_work/output_statewide_stats.csv
[skip]    /home/ubuntu/apps/election-app/win_prob/H/OH/12/_work/probs_timeseries_PA.csv
[deleted] /home/ubuntu/apps/election-app/win_prob/H/OH/12/_work/2024_county_results_with_calcs.csv
[skip]    /home/ubuntu/apps/election-app/win_prob/H/OH/12/data_output.csv
[skip]    /home/ubuntu/apps/election-app/win_prob/H/OH/12/data_output_with_margins_old.csv
[skip]    /home/ubuntu/apps/election-app/win_prob/H/OH/12/data_output_with_margins.csv
[skip]    /home/ubuntu/apps/election-app/win_prob/H/OH/12/data_output_with_margins-statewide.csv
[deleted] /home/ubuntu/apps/election-app/win_prob/H/OH/12/snapshots_OH.csv
[deleted] /home/ubuntu/apps/election-app/win_prob/H/OH/12/data_output_OH.csv
[deleted] /home/ubuntu/apps/election-app/win_prob/H/OH/12/data_output_OH_with_margins_statewide_eevp.csv
[deleted] /home/ubuntu/apps/election-app/win_prob/H/OH/12/data_output_OH_with_margins.csv
[deleted] /home/ubuntu/apps/election-app/win_prob/H/OH/12/data_output_OH.csv.checkpoint.json
[deleted] /home/ubuntu/apps/election-app/win_prob/H/OH/12/stats.csv
[deleted] /home/ubuntu/apps/election-app/win_prob/H/OH/12/stats2.csv
[done] removed 16 file(s)
[2026-01-23 21:32:44] INFO: [PIPELINE] args: office=H state=OH district=12
[2026-01-23 21:32:44] INFO: [PIPELINE] WINPROB_DIR resolved to: /home/ubuntu/apps/election-app/win_prob/H/OH/12
[2026-01-23 21:32:44] INFO: [PIPELINE] OUTDIR set to: /home/ubuntu/apps/election-app/win_prob/H/OH/12

$ /home/ubuntu/.venv/bin/python3 /home/ubuntu/apps/election-app/stats/1-statewide.py --input /home/ubuntu/apps/election-app/win_prob/H/OH/12/stats.csv --output /home/ubuntu/apps/election-app/win_prob/H/OH/12/_work/stats_with_statewide.csv
Wrote /home/ubuntu/apps/election-app/win_prob/H/OH/12/_work/stats_with_statewide.csv (rows=12)

$ /home/ubuntu/.venv/bin/python3 /home/ubuntu/apps/election-app/stats/1-stats-2.py --input /home/ubuntu/apps/election-app/win_prob/H/OH/12/stats2.csv --output /home/ubuntu/apps/election-app/win_prob/H/OH/12/_work/stats2_final_headers.csv
Wrote /home/ubuntu/apps/election-app/win_prob/H/OH/12/_work/stats2_final_headers.csv (rows=12)

$ /home/ubuntu/.venv/bin/python3 /home/ubuntu/apps/election-app/stats/1-append-new.py
Wrote 2024_county_results_with_final-old.csv (rows=12, missing_final_matches=0)

$ /home/ubuntu/.venv/bin/python3 /home/ubuntu/apps/election-app/stats/1-change_header.py
Wrote: 2024_county_results_with_final.csv

$ /home/ubuntu/.venv/bin/python3 /home/ubuntu/apps/election-app/stats/1-cut-zero-fips.py
Wrote: 2024_county_results_with_final_1.csv
Rows before: 12
Rows after:  12
Dropped (fips == 0): 0

$ /home/ubuntu/.venv/bin/python3 /home/ubuntu/apps/election-app/stats/2-calc.py
Wrote 12 rows with calculations to /home/ubuntu/apps/election-app/win_prob/H/OH/12/_work/2024_county_results_with_calcs-old.csv

$ /home/ubuntu/.venv/bin/python3 /home/ubuntu/apps/election-app/stats/2-eevp.py
Wrote (no-op copy): 2024_county_results_with_calcs.csv
Columns:
 - timestamp
 - state
 - county
 - fips
 - trump_votes
 - harris_votes
 - other_votes
 - eevp
 - state_eevp
 - harris_votes_statewide
 - trump_votes_statewide
 - other_votes_statewide
 - final_state
 - final_county
 - final_fips
 - final_trump_votes
 - final_harris_votes
 - final_other_votes
 - harris_percent_snapshot
 - trump_percent_snapshot
 - margin_snapshot
 - harris_percent_final
 - trump_percent_final
 - margin_final
 - margin_difference
 - margin_difference_abs

$ /home/ubuntu/.venv/bin/python3 /home/ubuntu/apps/election-app/stats/3-calc-new.py
Wrote 12 rows with new columns to /home/ubuntu/apps/election-app/win_prob/H/OH/12/_work/2024_county_results_with_calcs_new.csv

$ /home/ubuntu/.venv/bin/python3 /home/ubuntu/apps/election-app/stats/4-stats.py
Reading 2024_county_results_with_calcs_new.csv...
Aggregating statewide totals...
Calculating percentages and margins...
Writing to output_statewide_stats.csv...
Done!
[2026-01-23 21:32:53] INFO: [PIPELINE] ENTER win-prob generation | states=['OH'] ts_list=['2024-11-05T15-30-22']

============================================================================
[01/1] STATE = OH
============================================================================

$ /home/ubuntu/.venv/bin/python3 /home/ubuntu/apps/election-app/stats/5-snapshots.py --state OH --input /home/ubuntu/apps/election-app/win_prob/H/OH/12/_work/output_statewide_stats.csv --output /home/ubuntu/apps/election-app/win_prob/H/OH/12/snapshots_OH.csv --start 2024-11-05T15-30-22 --end 2024-11-05T15-30-22 --use-window 1 --interval 30
Mode: windowed-one-state
Rows written: 12
Distinct states in output: OH
Rows per normalized timestamp (empty = unparseable):
  2024-11-05T15-30-22: 12
Wrote /home/ubuntu/apps/election-app/win_prob/H/OH/12/snapshots_OH.csv

$ /home/ubuntu/.venv/bin/python3 /home/ubuntu/apps/election-app/stats/6-pval.py /home/ubuntu/apps/election-app/win_prob/H/OH/12/snapshots_OH.csv -t /home/ubuntu/apps/election-app/stats/parameters.csv -o /home/ubuntu/apps/election-app/win_prob/H/OH/12/data_output_OH.csv -c 50
Done. Wrote: /home/ubuntu/apps/election-app/win_prob/H/OH/12/data_output_OH.csv
Total rows: 12 (chunked, resumable).
Computed columns for PVALS = [0.01, 0.1, 1, 2, 3, 5, 10, 15, 20, 25, 30, 35, 40, 45, 50, 55, 60, 65, 70, 75, 80, 85, 90, 95, 97, 98, 99, 99.9, 99.99]
Per p (leader): shift_{p}, margin_new_{p}, harris_percent_new_{p}, trump_percent_new_{p}, total_snapshot_{p}, total_expected_{p}, harris_votes_new_{p}, trump_votes_new_{p}
Per p (trailing): shift_trailing_{p}, margin_new_{p}_trailing, harris_percent_new_{p}_trailing, trump_percent_new_{p}_trailing, total_snapshot_{p}_trailing, total_expected_{p}_trailing, harris_votes_new_{p}_trailing, trump_votes_new_{p}_trailing
Checkpoint saved at: /home/ubuntu/apps/election-app/win_prob/H/OH/12/data_output_OH.csv.checkpoint.json

$ /home/ubuntu/.venv/bin/python3 /home/ubuntu/apps/election-app/stats/7-margin-new.py
Wrote data_output_with_margins_old.csv

$ /home/ubuntu/.venv/bin/python3 /home/ubuntu/apps/election-app/stats/7-eevp-statewide.py
Wrote data_output_with_margins.csv (copied from data_output_with_margins_old.csv)

$ /home/ubuntu/.venv/bin/python3 /home/ubuntu/apps/election-app/stats/7.py --input /home/ubuntu/apps/election-app/win_prob/H/OH/12/data_output_OH_with_margins_statewide_eevp.csv --output /home/ubuntu/apps/election-app/win_prob/H/OH/12/statewide_margin_pct_vs_percent_OH_2026.png --state OH --start 2024-11-05T15-30-22 --end 2024-11-05T15-30-22 --stats /home/ubuntu/apps/election-app/win_prob/H/OH/12/stats.csv --stats2 /home/ubuntu/apps/election-app/win_prob/H/OH/12/stats2.csv --interval 30 --year 2026 --jsonl /home/ubuntu/apps/election-app/win_prob/H/OH/12/plotdata_OH_2026_2026-01-23T21-32-44.jsonl
[info] evaluating 1 timestamps from 2024-11-05T15-30-22 to 2024-11-05T15-30-22 every 30 minutes
[saved] probs_timeseries_OH.csv  (1 points)
[saved] /home/ubuntu/apps/election-app/win_prob/H/OH/12/plotdata_OH_2026_2026-01-23T21-32-44.jsonl  (4 points)
[saved] /home/ubuntu/apps/election-app/win_prob/H/OH/12/statewide_margin_pct_vs_percent_OH_2026_box.json
[saved] /home/ubuntu/apps/election-app/win_prob/H/OH/12/statewide_margin_pct_vs_percent_OH_2026_box.png
[saved] /home/ubuntu/apps/election-app/win_prob/H/OH/12/statewide_margin_pct_vs_percent_OH_2026.png

All 50 states complete. See: /home/ubuntu/apps/election-app/win_prob/H/OH/12

$ /home/ubuntu/.venv/bin/python3 /home/ubuntu/apps/election-app/stats/8.py --root /home/ubuntu/apps/election-app/win_prob/H/OH/12/_work --outdir /home/ubuntu/apps/election-app/win_prob/H/OH/12
[info] root  = /home/ubuntu/apps/election-app/win_prob/H/OH/12/_work
[info] outdir= /home/ubuntu/apps/election-app/win_prob/H/OH/12
[deleted] /home/ubuntu/apps/election-app/win_prob/H/OH/12/_work/stats_with_statewide.csv
[deleted] /home/ubuntu/apps/election-app/win_prob/H/OH/12/_work/stats2_final_headers.csv
[deleted] /home/ubuntu/apps/election-app/win_prob/H/OH/12/_work/2024_county_results_with_final-old.csv
[deleted] /home/ubuntu/apps/election-app/win_prob/H/OH/12/_work/2024_county_results_with_final.csv
[deleted] /home/ubuntu/apps/election-app/win_prob/H/OH/12/_work/2024_county_results_with_final_1.csv
[deleted] /home/ubuntu/apps/election-app/win_prob/H/OH/12/_work/2024_county_results_with_calcs-old.csv
[deleted] /home/ubuntu/apps/election-app/win_prob/H/OH/12/_work/2024_county_results_with_calcs_new.csv
[deleted] /home/ubuntu/apps/election-app/win_prob/H/OH/12/_work/output_statewide_stats.csv
[skip]    /home/ubuntu/apps/election-app/win_prob/H/OH/12/_work/probs_timeseries_PA.csv
[deleted] /home/ubuntu/apps/election-app/win_prob/H/OH/12/_work/2024_county_results_with_calcs.csv
[skip]    /home/ubuntu/apps/election-app/win_prob/H/OH/12/data_output.csv
[skip]    /home/ubuntu/apps/election-app/win_prob/H/OH/12/data_output_with_margins_old.csv
[skip]    /home/ubuntu/apps/election-app/win_prob/H/OH/12/data_output_with_margins.csv
[skip]    /home/ubuntu/apps/election-app/win_prob/H/OH/12/data_output_with_margins-statewide.csv
[deleted] /home/ubuntu/apps/election-app/win_prob/H/OH/12/snapshots_OH.csv
[deleted] /home/ubuntu/apps/election-app/win_prob/H/OH/12/data_output_OH.csv
[deleted] /home/ubuntu/apps/election-app/win_prob/H/OH/12/data_output_OH_with_margins_statewide_eevp.csv
[deleted] /home/ubuntu/apps/election-app/win_prob/H/OH/12/data_output_OH_with_margins.csv
[deleted] /home/ubuntu/apps/election-app/win_prob/H/OH/12/data_output_OH.csv.checkpoint.json
[deleted] /home/ubuntu/apps/election-app/win_prob/H/OH/12/stats.csv
[deleted] /home/ubuntu/apps/election-app/win_prob/H/OH/12/stats2.csv
[done] removed 16 file(s)
[2026-01-23 21:40:14] INFO: [PIPELINE] args: office=H state=OH district=12
[2026-01-23 21:40:14] INFO: [PIPELINE] WINPROB_DIR resolved to: /home/ubuntu/apps/election-app/win_prob/H/OH/12
[2026-01-23 21:40:14] INFO: [PIPELINE] OUTDIR set to: /home/ubuntu/apps/election-app/win_prob/H/OH/12

$ /home/ubuntu/.venv/bin/python3 /home/ubuntu/apps/election-app/stats/1-statewide.py --input /home/ubuntu/apps/election-app/win_prob/H/OH/12/stats.csv --output /home/ubuntu/apps/election-app/win_prob/H/OH/12/_work/stats_with_statewide.csv
Wrote /home/ubuntu/apps/election-app/win_prob/H/OH/12/_work/stats_with_statewide.csv (rows=12)

$ /home/ubuntu/.venv/bin/python3 /home/ubuntu/apps/election-app/stats/1-stats-2.py --input /home/ubuntu/apps/election-app/win_prob/H/OH/12/stats2.csv --output /home/ubuntu/apps/election-app/win_prob/H/OH/12/_work/stats2_final_headers.csv
Wrote /home/ubuntu/apps/election-app/win_prob/H/OH/12/_work/stats2_final_headers.csv (rows=12)

$ /home/ubuntu/.venv/bin/python3 /home/ubuntu/apps/election-app/stats/1-append-new.py
Wrote 2024_county_results_with_final-old.csv (rows=12, missing_final_matches=0)

$ /home/ubuntu/.venv/bin/python3 /home/ubuntu/apps/election-app/stats/1-change_header.py
Wrote: 2024_county_results_with_final.csv

$ /home/ubuntu/.venv/bin/python3 /home/ubuntu/apps/election-app/stats/1-cut-zero-fips.py
Wrote: 2024_county_results_with_final_1.csv
Rows before: 12
Rows after:  12
Dropped (fips == 0): 0

$ /home/ubuntu/.venv/bin/python3 /home/ubuntu/apps/election-app/stats/2-calc.py
Wrote 12 rows with calculations to /home/ubuntu/apps/election-app/win_prob/H/OH/12/_work/2024_county_results_with_calcs-old.csv

$ /home/ubuntu/.venv/bin/python3 /home/ubuntu/apps/election-app/stats/2-eevp.py
Wrote (no-op copy): 2024_county_results_with_calcs.csv
Columns:
 - timestamp
 - state
 - county
 - fips
 - trump_votes
 - harris_votes
 - other_votes
 - eevp
 - state_eevp
 - harris_votes_statewide
 - trump_votes_statewide
 - other_votes_statewide
 - final_state
 - final_county
 - final_fips
 - final_trump_votes
 - final_harris_votes
 - final_other_votes
 - harris_percent_snapshot
 - trump_percent_snapshot
 - margin_snapshot
 - harris_percent_final
 - trump_percent_final
 - margin_final
 - margin_difference
 - margin_difference_abs

$ /home/ubuntu/.venv/bin/python3 /home/ubuntu/apps/election-app/stats/3-calc-new.py
Wrote 12 rows with new columns to /home/ubuntu/apps/election-app/win_prob/H/OH/12/_work/2024_county_results_with_calcs_new.csv

$ /home/ubuntu/.venv/bin/python3 /home/ubuntu/apps/election-app/stats/4-stats.py
Reading 2024_county_results_with_calcs_new.csv...
Aggregating statewide totals...
Calculating percentages and margins...
Writing to output_statewide_stats.csv...
Done!
[2026-01-23 21:40:23] INFO: [PIPELINE] ENTER win-prob generation | states=['OH'] ts_list=['2024-11-05T15-30-22']

============================================================================
[01/1] STATE = OH
============================================================================

$ /home/ubuntu/.venv/bin/python3 /home/ubuntu/apps/election-app/stats/5-snapshots.py --state OH --input /home/ubuntu/apps/election-app/win_prob/H/OH/12/_work/output_statewide_stats.csv --output /home/ubuntu/apps/election-app/win_prob/H/OH/12/snapshots_OH.csv --start 2024-11-05T15-30-22 --end 2024-11-05T15-30-22 --use-window 1 --interval 30
Mode: windowed-one-state
Rows written: 12
Distinct states in output: OH
Rows per normalized timestamp (empty = unparseable):
  2024-11-05T15-30-22: 12
Wrote /home/ubuntu/apps/election-app/win_prob/H/OH/12/snapshots_OH.csv

$ /home/ubuntu/.venv/bin/python3 /home/ubuntu/apps/election-app/stats/6-pval.py /home/ubuntu/apps/election-app/win_prob/H/OH/12/snapshots_OH.csv -t /home/ubuntu/apps/election-app/stats/parameters.csv -o /home/ubuntu/apps/election-app/win_prob/H/OH/12/data_output_OH.csv -c 50
Done. Wrote: /home/ubuntu/apps/election-app/win_prob/H/OH/12/data_output_OH.csv
Total rows: 12 (chunked, resumable).
Computed columns for PVALS = [0.01, 0.1, 1, 2, 3, 5, 10, 15, 20, 25, 30, 35, 40, 45, 50, 55, 60, 65, 70, 75, 80, 85, 90, 95, 97, 98, 99, 99.9, 99.99]
Per p (leader): shift_{p}, margin_new_{p}, harris_percent_new_{p}, trump_percent_new_{p}, total_snapshot_{p}, total_expected_{p}, harris_votes_new_{p}, trump_votes_new_{p}
Per p (trailing): shift_trailing_{p}, margin_new_{p}_trailing, harris_percent_new_{p}_trailing, trump_percent_new_{p}_trailing, total_snapshot_{p}_trailing, total_expected_{p}_trailing, harris_votes_new_{p}_trailing, trump_votes_new_{p}_trailing
Checkpoint saved at: /home/ubuntu/apps/election-app/win_prob/H/OH/12/data_output_OH.csv.checkpoint.json

$ /home/ubuntu/.venv/bin/python3 /home/ubuntu/apps/election-app/stats/7-margin-new.py
Wrote data_output_with_margins_old.csv

$ /home/ubuntu/.venv/bin/python3 /home/ubuntu/apps/election-app/stats/7-eevp-statewide.py
Wrote data_output_with_margins.csv (copied from data_output_with_margins_old.csv)

$ /home/ubuntu/.venv/bin/python3 /home/ubuntu/apps/election-app/stats/7.py --input /home/ubuntu/apps/election-app/win_prob/H/OH/12/data_output_OH_with_margins_statewide_eevp.csv --output /home/ubuntu/apps/election-app/win_prob/H/OH/12/statewide_margin_pct_vs_percent_OH_2026.png --state OH --start 2024-11-05T15-30-22 --end 2024-11-05T15-30-22 --stats /home/ubuntu/apps/election-app/win_prob/H/OH/12/stats.csv --stats2 /home/ubuntu/apps/election-app/win_prob/H/OH/12/stats2.csv --interval 30 --year 2026 --jsonl /home/ubuntu/apps/election-app/win_prob/H/OH/12/plotdata_OH_2026_2026-01-23T21-40-14.jsonl
[info] evaluating 1 timestamps from 2024-11-05T15-30-22 to 2024-11-05T15-30-22 every 30 minutes
[saved] probs_timeseries_OH.csv  (1 points)
[saved] /home/ubuntu/apps/election-app/win_prob/H/OH/12/plotdata_OH_2026_2026-01-23T21-40-14.jsonl  (4 points)
[saved] /home/ubuntu/apps/election-app/win_prob/H/OH/12/statewide_margin_pct_vs_percent_OH_2026_box.json
[saved] /home/ubuntu/apps/election-app/win_prob/H/OH/12/statewide_margin_pct_vs_percent_OH_2026_box.png
[saved] /home/ubuntu/apps/election-app/win_prob/H/OH/12/statewide_margin_pct_vs_percent_OH_2026.png

All 50 states complete. See: /home/ubuntu/apps/election-app/win_prob/H/OH/12

$ /home/ubuntu/.venv/bin/python3 /home/ubuntu/apps/election-app/stats/8.py --root /home/ubuntu/apps/election-app/win_prob/H/OH/12/_work --outdir /home/ubuntu/apps/election-app/win_prob/H/OH/12
[info] root  = /home/ubuntu/apps/election-app/win_prob/H/OH/12/_work
[info] outdir= /home/ubuntu/apps/election-app/win_prob/H/OH/12
[deleted] /home/ubuntu/apps/election-app/win_prob/H/OH/12/_work/stats_with_statewide.csv
[deleted] /home/ubuntu/apps/election-app/win_prob/H/OH/12/_work/stats2_final_headers.csv
[deleted] /home/ubuntu/apps/election-app/win_prob/H/OH/12/_work/2024_county_results_with_final-old.csv
[deleted] /home/ubuntu/apps/election-app/win_prob/H/OH/12/_work/2024_county_results_with_final.csv
[deleted] /home/ubuntu/apps/election-app/win_prob/H/OH/12/_work/2024_county_results_with_final_1.csv
[deleted] /home/ubuntu/apps/election-app/win_prob/H/OH/12/_work/2024_county_results_with_calcs-old.csv
[deleted] /home/ubuntu/apps/election-app/win_prob/H/OH/12/_work/2024_county_results_with_calcs_new.csv
[deleted] /home/ubuntu/apps/election-app/win_prob/H/OH/12/_work/output_statewide_stats.csv
[skip]    /home/ubuntu/apps/election-app/win_prob/H/OH/12/_work/probs_timeseries_PA.csv
[deleted] /home/ubuntu/apps/election-app/win_prob/H/OH/12/_work/2024_county_results_with_calcs.csv
[skip]    /home/ubuntu/apps/election-app/win_prob/H/OH/12/data_output.csv
[skip]    /home/ubuntu/apps/election-app/win_prob/H/OH/12/data_output_with_margins_old.csv
[skip]    /home/ubuntu/apps/election-app/win_prob/H/OH/12/data_output_with_margins.csv
[skip]    /home/ubuntu/apps/election-app/win_prob/H/OH/12/data_output_with_margins-statewide.csv
[deleted] /home/ubuntu/apps/election-app/win_prob/H/OH/12/snapshots_OH.csv
[deleted] /home/ubuntu/apps/election-app/win_prob/H/OH/12/data_output_OH.csv
[deleted] /home/ubuntu/apps/election-app/win_prob/H/OH/12/data_output_OH_with_margins_statewide_eevp.csv
[deleted] /home/ubuntu/apps/election-app/win_prob/H/OH/12/data_output_OH_with_margins.csv
[deleted] /home/ubuntu/apps/election-app/win_prob/H/OH/12/data_output_OH.csv.checkpoint.json
[deleted] /home/ubuntu/apps/election-app/win_prob/H/OH/12/stats.csv
[deleted] /home/ubuntu/apps/election-app/win_prob/H/OH/12/stats2.csv
[done] removed 16 file(s)
[2026-01-23 21:47:18] INFO: [PIPELINE] args: office=H state=OH district=12
[2026-01-23 21:47:18] INFO: [PIPELINE] WINPROB_DIR resolved to: /home/ubuntu/apps/election-app/win_prob/H/OH/12
[2026-01-23 21:47:18] INFO: [PIPELINE] OUTDIR set to: /home/ubuntu/apps/election-app/win_prob/H/OH/12

$ /home/ubuntu/.venv/bin/python3 /home/ubuntu/apps/election-app/stats/1-statewide.py --input /home/ubuntu/apps/election-app/win_prob/H/OH/12/stats.csv --output /home/ubuntu/apps/election-app/win_prob/H/OH/12/_work/stats_with_statewide.csv
Wrote /home/ubuntu/apps/election-app/win_prob/H/OH/12/_work/stats_with_statewide.csv (rows=12)

$ /home/ubuntu/.venv/bin/python3 /home/ubuntu/apps/election-app/stats/1-stats-2.py --input /home/ubuntu/apps/election-app/win_prob/H/OH/12/stats2.csv --output /home/ubuntu/apps/election-app/win_prob/H/OH/12/_work/stats2_final_headers.csv
Wrote /home/ubuntu/apps/election-app/win_prob/H/OH/12/_work/stats2_final_headers.csv (rows=12)

$ /home/ubuntu/.venv/bin/python3 /home/ubuntu/apps/election-app/stats/1-append-new.py
Wrote 2024_county_results_with_final-old.csv (rows=12, missing_final_matches=0)

$ /home/ubuntu/.venv/bin/python3 /home/ubuntu/apps/election-app/stats/1-change_header.py
Wrote: 2024_county_results_with_final.csv

$ /home/ubuntu/.venv/bin/python3 /home/ubuntu/apps/election-app/stats/1-cut-zero-fips.py
Wrote: 2024_county_results_with_final_1.csv
Rows before: 12
Rows after:  12
Dropped (fips == 0): 0

$ /home/ubuntu/.venv/bin/python3 /home/ubuntu/apps/election-app/stats/2-calc.py
Wrote 12 rows with calculations to /home/ubuntu/apps/election-app/win_prob/H/OH/12/_work/2024_county_results_with_calcs-old.csv

$ /home/ubuntu/.venv/bin/python3 /home/ubuntu/apps/election-app/stats/2-eevp.py
Wrote (no-op copy): 2024_county_results_with_calcs.csv
Columns:
 - timestamp
 - state
 - county
 - fips
 - trump_votes
 - harris_votes
 - other_votes
 - eevp
 - state_eevp
 - harris_votes_statewide
 - trump_votes_statewide
 - other_votes_statewide
 - final_state
 - final_county
 - final_fips
 - final_trump_votes
 - final_harris_votes
 - final_other_votes
 - harris_percent_snapshot
 - trump_percent_snapshot
 - margin_snapshot
 - harris_percent_final
 - trump_percent_final
 - margin_final
 - margin_difference
 - margin_difference_abs

$ /home/ubuntu/.venv/bin/python3 /home/ubuntu/apps/election-app/stats/3-calc-new.py
Wrote 12 rows with new columns to /home/ubuntu/apps/election-app/win_prob/H/OH/12/_work/2024_county_results_with_calcs_new.csv

$ /home/ubuntu/.venv/bin/python3 /home/ubuntu/apps/election-app/stats/4-stats.py
Reading 2024_county_results_with_calcs_new.csv...
Aggregating statewide totals...
Calculating percentages and margins...
Writing to output_statewide_stats.csv...
Done!
[2026-01-23 21:47:27] INFO: [PIPELINE] ENTER win-prob generation | states=['OH'] ts_list=['2024-11-05T15-30-22']

============================================================================
[01/1] STATE = OH
============================================================================

$ /home/ubuntu/.venv/bin/python3 /home/ubuntu/apps/election-app/stats/5-snapshots.py --state OH --input /home/ubuntu/apps/election-app/win_prob/H/OH/12/_work/output_statewide_stats.csv --output /home/ubuntu/apps/election-app/win_prob/H/OH/12/snapshots_OH.csv --start 2024-11-05T15-30-22 --end 2024-11-05T15-30-22 --use-window 1 --interval 30
Mode: windowed-one-state
Rows written: 12
Distinct states in output: OH
Rows per normalized timestamp (empty = unparseable):
  2024-11-05T15-30-22: 12
Wrote /home/ubuntu/apps/election-app/win_prob/H/OH/12/snapshots_OH.csv

$ /home/ubuntu/.venv/bin/python3 /home/ubuntu/apps/election-app/stats/6-pval.py /home/ubuntu/apps/election-app/win_prob/H/OH/12/snapshots_OH.csv -t /home/ubuntu/apps/election-app/stats/parameters.csv -o /home/ubuntu/apps/election-app/win_prob/H/OH/12/data_output_OH.csv -c 50
Done. Wrote: /home/ubuntu/apps/election-app/win_prob/H/OH/12/data_output_OH.csv
Total rows: 12 (chunked, resumable).
Computed columns for PVALS = [0.01, 0.1, 1, 2, 3, 5, 10, 15, 20, 25, 30, 35, 40, 45, 50, 55, 60, 65, 70, 75, 80, 85, 90, 95, 97, 98, 99, 99.9, 99.99]
Per p (leader): shift_{p}, margin_new_{p}, harris_percent_new_{p}, trump_percent_new_{p}, total_snapshot_{p}, total_expected_{p}, harris_votes_new_{p}, trump_votes_new_{p}
Per p (trailing): shift_trailing_{p}, margin_new_{p}_trailing, harris_percent_new_{p}_trailing, trump_percent_new_{p}_trailing, total_snapshot_{p}_trailing, total_expected_{p}_trailing, harris_votes_new_{p}_trailing, trump_votes_new_{p}_trailing
Checkpoint saved at: /home/ubuntu/apps/election-app/win_prob/H/OH/12/data_output_OH.csv.checkpoint.json

$ /home/ubuntu/.venv/bin/python3 /home/ubuntu/apps/election-app/stats/7-margin-new.py
Wrote data_output_with_margins_old.csv

$ /home/ubuntu/.venv/bin/python3 /home/ubuntu/apps/election-app/stats/7-eevp-statewide.py
Wrote data_output_with_margins.csv (copied from data_output_with_margins_old.csv)

$ /home/ubuntu/.venv/bin/python3 /home/ubuntu/apps/election-app/stats/7.py --input /home/ubuntu/apps/election-app/win_prob/H/OH/12/data_output_OH_with_margins_statewide_eevp.csv --output /home/ubuntu/apps/election-app/win_prob/H/OH/12/statewide_margin_pct_vs_percent_OH_2026.png --state OH --start 2024-11-05T15-30-22 --end 2024-11-05T15-30-22 --stats /home/ubuntu/apps/election-app/win_prob/H/OH/12/stats.csv --stats2 /home/ubuntu/apps/election-app/win_prob/H/OH/12/stats2.csv --interval 30 --year 2026 --jsonl /home/ubuntu/apps/election-app/win_prob/H/OH/12/plotdata_OH_2026_2026-01-23T21-47-18.jsonl
[info] evaluating 1 timestamps from 2024-11-05T15-30-22 to 2024-11-05T15-30-22 every 30 minutes
[saved] probs_timeseries_OH.csv  (1 points)
[saved] /home/ubuntu/apps/election-app/win_prob/H/OH/12/plotdata_OH_2026_2026-01-23T21-47-18.jsonl  (4 points)
[saved] /home/ubuntu/apps/election-app/win_prob/H/OH/12/statewide_margin_pct_vs_percent_OH_2026_box.json
[saved] /home/ubuntu/apps/election-app/win_prob/H/OH/12/statewide_margin_pct_vs_percent_OH_2026_box.png
[saved] /home/ubuntu/apps/election-app/win_prob/H/OH/12/statewide_margin_pct_vs_percent_OH_2026.png

All 50 states complete. See: /home/ubuntu/apps/election-app/win_prob/H/OH/12

$ /home/ubuntu/.venv/bin/python3 /home/ubuntu/apps/election-app/stats/8.py --root /home/ubuntu/apps/election-app/win_prob/H/OH/12/_work --outdir /home/ubuntu/apps/election-app/win_prob/H/OH/12
[info] root  = /home/ubuntu/apps/election-app/win_prob/H/OH/12/_work
[info] outdir= /home/ubuntu/apps/election-app/win_prob/H/OH/12
[deleted] /home/ubuntu/apps/election-app/win_prob/H/OH/12/_work/stats_with_statewide.csv
[deleted] /home/ubuntu/apps/election-app/win_prob/H/OH/12/_work/stats2_final_headers.csv
[deleted] /home/ubuntu/apps/election-app/win_prob/H/OH/12/_work/2024_county_results_with_final-old.csv
[deleted] /home/ubuntu/apps/election-app/win_prob/H/OH/12/_work/2024_county_results_with_final.csv
[deleted] /home/ubuntu/apps/election-app/win_prob/H/OH/12/_work/2024_county_results_with_final_1.csv
[deleted] /home/ubuntu/apps/election-app/win_prob/H/OH/12/_work/2024_county_results_with_calcs-old.csv
[deleted] /home/ubuntu/apps/election-app/win_prob/H/OH/12/_work/2024_county_results_with_calcs_new.csv
[deleted] /home/ubuntu/apps/election-app/win_prob/H/OH/12/_work/output_statewide_stats.csv
[skip]    /home/ubuntu/apps/election-app/win_prob/H/OH/12/_work/probs_timeseries_PA.csv
[deleted] /home/ubuntu/apps/election-app/win_prob/H/OH/12/_work/2024_county_results_with_calcs.csv
[skip]    /home/ubuntu/apps/election-app/win_prob/H/OH/12/data_output.csv
[skip]    /home/ubuntu/apps/election-app/win_prob/H/OH/12/data_output_with_margins_old.csv
[skip]    /home/ubuntu/apps/election-app/win_prob/H/OH/12/data_output_with_margins.csv
[skip]    /home/ubuntu/apps/election-app/win_prob/H/OH/12/data_output_with_margins-statewide.csv
[deleted] /home/ubuntu/apps/election-app/win_prob/H/OH/12/snapshots_OH.csv
[deleted] /home/ubuntu/apps/election-app/win_prob/H/OH/12/data_output_OH.csv
[deleted] /home/ubuntu/apps/election-app/win_prob/H/OH/12/data_output_OH_with_margins_statewide_eevp.csv
[deleted] /home/ubuntu/apps/election-app/win_prob/H/OH/12/data_output_OH_with_margins.csv
[deleted] /home/ubuntu/apps/election-app/win_prob/H/OH/12/data_output_OH.csv.checkpoint.json
[deleted] /home/ubuntu/apps/election-app/win_prob/H/OH/12/stats.csv
[deleted] /home/ubuntu/apps/election-app/win_prob/H/OH/12/stats2.csv
[done] removed 16 file(s)
[2026-01-23 21:54:20] INFO: [PIPELINE] args: office=H state=OH district=12
[2026-01-23 21:54:20] INFO: [PIPELINE] WINPROB_DIR resolved to: /home/ubuntu/apps/election-app/win_prob/H/OH/12
[2026-01-23 21:54:20] INFO: [PIPELINE] OUTDIR set to: /home/ubuntu/apps/election-app/win_prob/H/OH/12

$ /home/ubuntu/.venv/bin/python3 /home/ubuntu/apps/election-app/stats/1-statewide.py --input /home/ubuntu/apps/election-app/win_prob/H/OH/12/stats.csv --output /home/ubuntu/apps/election-app/win_prob/H/OH/12/_work/stats_with_statewide.csv
Wrote /home/ubuntu/apps/election-app/win_prob/H/OH/12/_work/stats_with_statewide.csv (rows=12)

$ /home/ubuntu/.venv/bin/python3 /home/ubuntu/apps/election-app/stats/1-stats-2.py --input /home/ubuntu/apps/election-app/win_prob/H/OH/12/stats2.csv --output /home/ubuntu/apps/election-app/win_prob/H/OH/12/_work/stats2_final_headers.csv
Wrote /home/ubuntu/apps/election-app/win_prob/H/OH/12/_work/stats2_final_headers.csv (rows=12)

$ /home/ubuntu/.venv/bin/python3 /home/ubuntu/apps/election-app/stats/1-append-new.py
Wrote 2024_county_results_with_final-old.csv (rows=12, missing_final_matches=0)

$ /home/ubuntu/.venv/bin/python3 /home/ubuntu/apps/election-app/stats/1-change_header.py
Wrote: 2024_county_results_with_final.csv

$ /home/ubuntu/.venv/bin/python3 /home/ubuntu/apps/election-app/stats/1-cut-zero-fips.py
Wrote: 2024_county_results_with_final_1.csv
Rows before: 12
Rows after:  12
Dropped (fips == 0): 0

$ /home/ubuntu/.venv/bin/python3 /home/ubuntu/apps/election-app/stats/2-calc.py
Wrote 12 rows with calculations to /home/ubuntu/apps/election-app/win_prob/H/OH/12/_work/2024_county_results_with_calcs-old.csv

$ /home/ubuntu/.venv/bin/python3 /home/ubuntu/apps/election-app/stats/2-eevp.py
Wrote (no-op copy): 2024_county_results_with_calcs.csv
Columns:
 - timestamp
 - state
 - county
 - fips
 - trump_votes
 - harris_votes
 - other_votes
 - eevp
 - state_eevp
 - harris_votes_statewide
 - trump_votes_statewide
 - other_votes_statewide
 - final_state
 - final_county
 - final_fips
 - final_trump_votes
 - final_harris_votes
 - final_other_votes
 - harris_percent_snapshot
 - trump_percent_snapshot
 - margin_snapshot
 - harris_percent_final
 - trump_percent_final
 - margin_final
 - margin_difference
 - margin_difference_abs

$ /home/ubuntu/.venv/bin/python3 /home/ubuntu/apps/election-app/stats/3-calc-new.py
Wrote 12 rows with new columns to /home/ubuntu/apps/election-app/win_prob/H/OH/12/_work/2024_county_results_with_calcs_new.csv

$ /home/ubuntu/.venv/bin/python3 /home/ubuntu/apps/election-app/stats/4-stats.py
Reading 2024_county_results_with_calcs_new.csv...
Aggregating statewide totals...
Calculating percentages and margins...
Writing to output_statewide_stats.csv...
Done!
[2026-01-23 21:54:30] INFO: [PIPELINE] ENTER win-prob generation | states=['OH'] ts_list=['2024-11-05T15-30-22']

============================================================================
[01/1] STATE = OH
============================================================================

$ /home/ubuntu/.venv/bin/python3 /home/ubuntu/apps/election-app/stats/5-snapshots.py --state OH --input /home/ubuntu/apps/election-app/win_prob/H/OH/12/_work/output_statewide_stats.csv --output /home/ubuntu/apps/election-app/win_prob/H/OH/12/snapshots_OH.csv --start 2024-11-05T15-30-22 --end 2024-11-05T15-30-22 --use-window 1 --interval 30
Mode: windowed-one-state
Rows written: 12
Distinct states in output: OH
Rows per normalized timestamp (empty = unparseable):
  2024-11-05T15-30-22: 12
Wrote /home/ubuntu/apps/election-app/win_prob/H/OH/12/snapshots_OH.csv

$ /home/ubuntu/.venv/bin/python3 /home/ubuntu/apps/election-app/stats/6-pval.py /home/ubuntu/apps/election-app/win_prob/H/OH/12/snapshots_OH.csv -t /home/ubuntu/apps/election-app/stats/parameters.csv -o /home/ubuntu/apps/election-app/win_prob/H/OH/12/data_output_OH.csv -c 50
Done. Wrote: /home/ubuntu/apps/election-app/win_prob/H/OH/12/data_output_OH.csv
Total rows: 12 (chunked, resumable).
Computed columns for PVALS = [0.01, 0.1, 1, 2, 3, 5, 10, 15, 20, 25, 30, 35, 40, 45, 50, 55, 60, 65, 70, 75, 80, 85, 90, 95, 97, 98, 99, 99.9, 99.99]
Per p (leader): shift_{p}, margin_new_{p}, harris_percent_new_{p}, trump_percent_new_{p}, total_snapshot_{p}, total_expected_{p}, harris_votes_new_{p}, trump_votes_new_{p}
Per p (trailing): shift_trailing_{p}, margin_new_{p}_trailing, harris_percent_new_{p}_trailing, trump_percent_new_{p}_trailing, total_snapshot_{p}_trailing, total_expected_{p}_trailing, harris_votes_new_{p}_trailing, trump_votes_new_{p}_trailing
Checkpoint saved at: /home/ubuntu/apps/election-app/win_prob/H/OH/12/data_output_OH.csv.checkpoint.json

$ /home/ubuntu/.venv/bin/python3 /home/ubuntu/apps/election-app/stats/7-margin-new.py
Wrote data_output_with_margins_old.csv

$ /home/ubuntu/.venv/bin/python3 /home/ubuntu/apps/election-app/stats/7-eevp-statewide.py
Wrote data_output_with_margins.csv (copied from data_output_with_margins_old.csv)

$ /home/ubuntu/.venv/bin/python3 /home/ubuntu/apps/election-app/stats/7.py --input /home/ubuntu/apps/election-app/win_prob/H/OH/12/data_output_OH_with_margins_statewide_eevp.csv --output /home/ubuntu/apps/election-app/win_prob/H/OH/12/statewide_margin_pct_vs_percent_OH_2026.png --state OH --start 2024-11-05T15-30-22 --end 2024-11-05T15-30-22 --stats /home/ubuntu/apps/election-app/win_prob/H/OH/12/stats.csv --stats2 /home/ubuntu/apps/election-app/win_prob/H/OH/12/stats2.csv --interval 30 --year 2026 --jsonl /home/ubuntu/apps/election-app/win_prob/H/OH/12/plotdata_OH_2026_2026-01-23T21-54-20.jsonl
[info] evaluating 1 timestamps from 2024-11-05T15-30-22 to 2024-11-05T15-30-22 every 30 minutes
[saved] probs_timeseries_OH.csv  (1 points)
[saved] /home/ubuntu/apps/election-app/win_prob/H/OH/12/plotdata_OH_2026_2026-01-23T21-54-20.jsonl  (4 points)
[saved] /home/ubuntu/apps/election-app/win_prob/H/OH/12/statewide_margin_pct_vs_percent_OH_2026_box.json
[saved] /home/ubuntu/apps/election-app/win_prob/H/OH/12/statewide_margin_pct_vs_percent_OH_2026_box.png
[saved] /home/ubuntu/apps/election-app/win_prob/H/OH/12/statewide_margin_pct_vs_percent_OH_2026.png

All 50 states complete. See: /home/ubuntu/apps/election-app/win_prob/H/OH/12

$ /home/ubuntu/.venv/bin/python3 /home/ubuntu/apps/election-app/stats/8.py --root /home/ubuntu/apps/election-app/win_prob/H/OH/12/_work --outdir /home/ubuntu/apps/election-app/win_prob/H/OH/12
[info] root  = /home/ubuntu/apps/election-app/win_prob/H/OH/12/_work
[info] outdir= /home/ubuntu/apps/election-app/win_prob/H/OH/12
[deleted] /home/ubuntu/apps/election-app/win_prob/H/OH/12/_work/stats_with_statewide.csv
[deleted] /home/ubuntu/apps/election-app/win_prob/H/OH/12/_work/stats2_final_headers.csv
[deleted] /home/ubuntu/apps/election-app/win_prob/H/OH/12/_work/2024_county_results_with_final-old.csv
[deleted] /home/ubuntu/apps/election-app/win_prob/H/OH/12/_work/2024_county_results_with_final.csv
[deleted] /home/ubuntu/apps/election-app/win_prob/H/OH/12/_work/2024_county_results_with_final_1.csv
[deleted] /home/ubuntu/apps/election-app/win_prob/H/OH/12/_work/2024_county_results_with_calcs-old.csv
[deleted] /home/ubuntu/apps/election-app/win_prob/H/OH/12/_work/2024_county_results_with_calcs_new.csv
[deleted] /home/ubuntu/apps/election-app/win_prob/H/OH/12/_work/output_statewide_stats.csv
[skip]    /home/ubuntu/apps/election-app/win_prob/H/OH/12/_work/probs_timeseries_PA.csv
[deleted] /home/ubuntu/apps/election-app/win_prob/H/OH/12/_work/2024_county_results_with_calcs.csv
[skip]    /home/ubuntu/apps/election-app/win_prob/H/OH/12/data_output.csv
[skip]    /home/ubuntu/apps/election-app/win_prob/H/OH/12/data_output_with_margins_old.csv
[skip]    /home/ubuntu/apps/election-app/win_prob/H/OH/12/data_output_with_margins.csv
[skip]    /home/ubuntu/apps/election-app/win_prob/H/OH/12/data_output_with_margins-statewide.csv
[deleted] /home/ubuntu/apps/election-app/win_prob/H/OH/12/snapshots_OH.csv
[deleted] /home/ubuntu/apps/election-app/win_prob/H/OH/12/data_output_OH.csv
[deleted] /home/ubuntu/apps/election-app/win_prob/H/OH/12/data_output_OH_with_margins_statewide_eevp.csv
[deleted] /home/ubuntu/apps/election-app/win_prob/H/OH/12/data_output_OH_with_margins.csv
[deleted] /home/ubuntu/apps/election-app/win_prob/H/OH/12/data_output_OH.csv.checkpoint.json
[deleted] /home/ubuntu/apps/election-app/win_prob/H/OH/12/stats.csv
[deleted] /home/ubuntu/apps/election-app/win_prob/H/OH/12/stats2.csv
[done] removed 16 file(s)
[2026-01-23 22:01:17] INFO: [PIPELINE] args: office=H state=OH district=12
[2026-01-23 22:01:17] INFO: [PIPELINE] WINPROB_DIR resolved to: /home/ubuntu/apps/election-app/win_prob/H/OH/12
[2026-01-23 22:01:17] INFO: [PIPELINE] OUTDIR set to: /home/ubuntu/apps/election-app/win_prob/H/OH/12

$ /home/ubuntu/.venv/bin/python3 /home/ubuntu/apps/election-app/stats/1-statewide.py --input /home/ubuntu/apps/election-app/win_prob/H/OH/12/stats.csv --output /home/ubuntu/apps/election-app/win_prob/H/OH/12/_work/stats_with_statewide.csv
Wrote /home/ubuntu/apps/election-app/win_prob/H/OH/12/_work/stats_with_statewide.csv (rows=12)

$ /home/ubuntu/.venv/bin/python3 /home/ubuntu/apps/election-app/stats/1-stats-2.py --input /home/ubuntu/apps/election-app/win_prob/H/OH/12/stats2.csv --output /home/ubuntu/apps/election-app/win_prob/H/OH/12/_work/stats2_final_headers.csv
Wrote /home/ubuntu/apps/election-app/win_prob/H/OH/12/_work/stats2_final_headers.csv (rows=12)

$ /home/ubuntu/.venv/bin/python3 /home/ubuntu/apps/election-app/stats/1-append-new.py
Wrote 2024_county_results_with_final-old.csv (rows=12, missing_final_matches=0)

$ /home/ubuntu/.venv/bin/python3 /home/ubuntu/apps/election-app/stats/1-change_header.py
Wrote: 2024_county_results_with_final.csv

$ /home/ubuntu/.venv/bin/python3 /home/ubuntu/apps/election-app/stats/1-cut-zero-fips.py
Wrote: 2024_county_results_with_final_1.csv
Rows before: 12
Rows after:  12
Dropped (fips == 0): 0

$ /home/ubuntu/.venv/bin/python3 /home/ubuntu/apps/election-app/stats/2-calc.py
Wrote 12 rows with calculations to /home/ubuntu/apps/election-app/win_prob/H/OH/12/_work/2024_county_results_with_calcs-old.csv

$ /home/ubuntu/.venv/bin/python3 /home/ubuntu/apps/election-app/stats/2-eevp.py
Wrote (no-op copy): 2024_county_results_with_calcs.csv
Columns:
 - timestamp
 - state
 - county
 - fips
 - trump_votes
 - harris_votes
 - other_votes
 - eevp
 - state_eevp
 - harris_votes_statewide
 - trump_votes_statewide
 - other_votes_statewide
 - final_state
 - final_county
 - final_fips
 - final_trump_votes
 - final_harris_votes
 - final_other_votes
 - harris_percent_snapshot
 - trump_percent_snapshot
 - margin_snapshot
 - harris_percent_final
 - trump_percent_final
 - margin_final
 - margin_difference
 - margin_difference_abs

$ /home/ubuntu/.venv/bin/python3 /home/ubuntu/apps/election-app/stats/3-calc-new.py
Wrote 12 rows with new columns to /home/ubuntu/apps/election-app/win_prob/H/OH/12/_work/2024_county_results_with_calcs_new.csv

$ /home/ubuntu/.venv/bin/python3 /home/ubuntu/apps/election-app/stats/4-stats.py
Reading 2024_county_results_with_calcs_new.csv...
Aggregating statewide totals...
Calculating percentages and margins...
Writing to output_statewide_stats.csv...
Done!
[2026-01-23 22:01:26] INFO: [PIPELINE] ENTER win-prob generation | states=['OH'] ts_list=['2024-11-05T15-30-22']

============================================================================
[01/1] STATE = OH
============================================================================

$ /home/ubuntu/.venv/bin/python3 /home/ubuntu/apps/election-app/stats/5-snapshots.py --state OH --input /home/ubuntu/apps/election-app/win_prob/H/OH/12/_work/output_statewide_stats.csv --output /home/ubuntu/apps/election-app/win_prob/H/OH/12/snapshots_OH.csv --start 2024-11-05T15-30-22 --end 2024-11-05T15-30-22 --use-window 1 --interval 30
Mode: windowed-one-state
Rows written: 12
Distinct states in output: OH
Rows per normalized timestamp (empty = unparseable):
  2024-11-05T15-30-22: 12
Wrote /home/ubuntu/apps/election-app/win_prob/H/OH/12/snapshots_OH.csv

$ /home/ubuntu/.venv/bin/python3 /home/ubuntu/apps/election-app/stats/6-pval.py /home/ubuntu/apps/election-app/win_prob/H/OH/12/snapshots_OH.csv -t /home/ubuntu/apps/election-app/stats/parameters.csv -o /home/ubuntu/apps/election-app/win_prob/H/OH/12/data_output_OH.csv -c 50
Done. Wrote: /home/ubuntu/apps/election-app/win_prob/H/OH/12/data_output_OH.csv
Total rows: 12 (chunked, resumable).
Computed columns for PVALS = [0.01, 0.1, 1, 2, 3, 5, 10, 15, 20, 25, 30, 35, 40, 45, 50, 55, 60, 65, 70, 75, 80, 85, 90, 95, 97, 98, 99, 99.9, 99.99]
Per p (leader): shift_{p}, margin_new_{p}, harris_percent_new_{p}, trump_percent_new_{p}, total_snapshot_{p}, total_expected_{p}, harris_votes_new_{p}, trump_votes_new_{p}
Per p (trailing): shift_trailing_{p}, margin_new_{p}_trailing, harris_percent_new_{p}_trailing, trump_percent_new_{p}_trailing, total_snapshot_{p}_trailing, total_expected_{p}_trailing, harris_votes_new_{p}_trailing, trump_votes_new_{p}_trailing
Checkpoint saved at: /home/ubuntu/apps/election-app/win_prob/H/OH/12/data_output_OH.csv.checkpoint.json

$ /home/ubuntu/.venv/bin/python3 /home/ubuntu/apps/election-app/stats/7-margin-new.py
Wrote data_output_with_margins_old.csv

$ /home/ubuntu/.venv/bin/python3 /home/ubuntu/apps/election-app/stats/7-eevp-statewide.py
Wrote data_output_with_margins.csv (copied from data_output_with_margins_old.csv)

$ /home/ubuntu/.venv/bin/python3 /home/ubuntu/apps/election-app/stats/7.py --input /home/ubuntu/apps/election-app/win_prob/H/OH/12/data_output_OH_with_margins_statewide_eevp.csv --output /home/ubuntu/apps/election-app/win_prob/H/OH/12/statewide_margin_pct_vs_percent_OH_2026.png --state OH --start 2024-11-05T15-30-22 --end 2024-11-05T15-30-22 --stats /home/ubuntu/apps/election-app/win_prob/H/OH/12/stats.csv --stats2 /home/ubuntu/apps/election-app/win_prob/H/OH/12/stats2.csv --interval 30 --year 2026 --jsonl /home/ubuntu/apps/election-app/win_prob/H/OH/12/plotdata_OH_2026_2026-01-23T22-01-17.jsonl
[info] evaluating 1 timestamps from 2024-11-05T15-30-22 to 2024-11-05T15-30-22 every 30 minutes
[saved] probs_timeseries_OH.csv  (1 points)
[saved] /home/ubuntu/apps/election-app/win_prob/H/OH/12/plotdata_OH_2026_2026-01-23T22-01-17.jsonl  (4 points)
[saved] /home/ubuntu/apps/election-app/win_prob/H/OH/12/statewide_margin_pct_vs_percent_OH_2026_box.json
[saved] /home/ubuntu/apps/election-app/win_prob/H/OH/12/statewide_margin_pct_vs_percent_OH_2026_box.png
[saved] /home/ubuntu/apps/election-app/win_prob/H/OH/12/statewide_margin_pct_vs_percent_OH_2026.png

All 50 states complete. See: /home/ubuntu/apps/election-app/win_prob/H/OH/12

$ /home/ubuntu/.venv/bin/python3 /home/ubuntu/apps/election-app/stats/8.py --root /home/ubuntu/apps/election-app/win_prob/H/OH/12/_work --outdir /home/ubuntu/apps/election-app/win_prob/H/OH/12
[info] root  = /home/ubuntu/apps/election-app/win_prob/H/OH/12/_work
[info] outdir= /home/ubuntu/apps/election-app/win_prob/H/OH/12
[deleted] /home/ubuntu/apps/election-app/win_prob/H/OH/12/_work/stats_with_statewide.csv
[deleted] /home/ubuntu/apps/election-app/win_prob/H/OH/12/_work/stats2_final_headers.csv
[deleted] /home/ubuntu/apps/election-app/win_prob/H/OH/12/_work/2024_county_results_with_final-old.csv
[deleted] /home/ubuntu/apps/election-app/win_prob/H/OH/12/_work/2024_county_results_with_final.csv
[deleted] /home/ubuntu/apps/election-app/win_prob/H/OH/12/_work/2024_county_results_with_final_1.csv
[deleted] /home/ubuntu/apps/election-app/win_prob/H/OH/12/_work/2024_county_results_with_calcs-old.csv
[deleted] /home/ubuntu/apps/election-app/win_prob/H/OH/12/_work/2024_county_results_with_calcs_new.csv
[deleted] /home/ubuntu/apps/election-app/win_prob/H/OH/12/_work/output_statewide_stats.csv
[skip]    /home/ubuntu/apps/election-app/win_prob/H/OH/12/_work/probs_timeseries_PA.csv
[deleted] /home/ubuntu/apps/election-app/win_prob/H/OH/12/_work/2024_county_results_with_calcs.csv
[skip]    /home/ubuntu/apps/election-app/win_prob/H/OH/12/data_output.csv
[skip]    /home/ubuntu/apps/election-app/win_prob/H/OH/12/data_output_with_margins_old.csv
[skip]    /home/ubuntu/apps/election-app/win_prob/H/OH/12/data_output_with_margins.csv
[skip]    /home/ubuntu/apps/election-app/win_prob/H/OH/12/data_output_with_margins-statewide.csv
[deleted] /home/ubuntu/apps/election-app/win_prob/H/OH/12/snapshots_OH.csv
[deleted] /home/ubuntu/apps/election-app/win_prob/H/OH/12/data_output_OH.csv
[deleted] /home/ubuntu/apps/election-app/win_prob/H/OH/12/data_output_OH_with_margins_statewide_eevp.csv
[deleted] /home/ubuntu/apps/election-app/win_prob/H/OH/12/data_output_OH_with_margins.csv
[deleted] /home/ubuntu/apps/election-app/win_prob/H/OH/12/data_output_OH.csv.checkpoint.json
[deleted] /home/ubuntu/apps/election-app/win_prob/H/OH/12/stats.csv
[deleted] /home/ubuntu/apps/election-app/win_prob/H/OH/12/stats2.csv
[done] removed 16 file(s)
[2026-01-25 19:55:35] INFO: [PIPELINE] args: office=H state=OH district=12
[2026-01-25 19:55:35] INFO: [PIPELINE] WINPROB_DIR resolved to: /home/ubuntu/apps/election-app/win_prob/H/OH/12
[2026-01-25 19:55:35] INFO: [PIPELINE] OUTDIR set to: /home/ubuntu/apps/election-app/win_prob/H/OH/12

$ /home/ubuntu/.venv/bin/python3 /home/ubuntu/apps/election-app/stats/1-statewide.py --input /home/ubuntu/apps/election-app/win_prob/H/OH/12/stats.csv --output /home/ubuntu/apps/election-app/win_prob/H/OH/12/_work/stats_with_statewide.csv
Wrote /home/ubuntu/apps/election-app/win_prob/H/OH/12/_work/stats_with_statewide.csv (rows=12)

$ /home/ubuntu/.venv/bin/python3 /home/ubuntu/apps/election-app/stats/1-stats-2.py --input /home/ubuntu/apps/election-app/win_prob/H/OH/12/stats2.csv --output /home/ubuntu/apps/election-app/win_prob/H/OH/12/_work/stats2_final_headers.csv
Wrote /home/ubuntu/apps/election-app/win_prob/H/OH/12/_work/stats2_final_headers.csv (rows=12)

$ /home/ubuntu/.venv/bin/python3 /home/ubuntu/apps/election-app/stats/1-append-new.py
Wrote 2024_county_results_with_final-old.csv (rows=12, missing_final_matches=0)

$ /home/ubuntu/.venv/bin/python3 /home/ubuntu/apps/election-app/stats/1-change_header.py
Wrote: 2024_county_results_with_final.csv

$ /home/ubuntu/.venv/bin/python3 /home/ubuntu/apps/election-app/stats/1-cut-zero-fips.py
Wrote: 2024_county_results_with_final_1.csv
Rows before: 12
Rows after:  12
Dropped (fips == 0): 0

$ /home/ubuntu/.venv/bin/python3 /home/ubuntu/apps/election-app/stats/2-calc.py
Wrote 12 rows with calculations to /home/ubuntu/apps/election-app/win_prob/H/OH/12/_work/2024_county_results_with_calcs-old.csv

$ /home/ubuntu/.venv/bin/python3 /home/ubuntu/apps/election-app/stats/2-eevp.py
Wrote (no-op copy): 2024_county_results_with_calcs.csv
Columns:
 - timestamp
 - state
 - county
 - fips
 - trump_votes
 - harris_votes
 - other_votes
 - eevp
 - state_eevp
 - harris_votes_statewide
 - trump_votes_statewide
 - other_votes_statewide
 - final_state
 - final_county
 - final_fips
 - final_trump_votes
 - final_harris_votes
 - final_other_votes
 - harris_percent_snapshot
 - trump_percent_snapshot
 - margin_snapshot
 - harris_percent_final
 - trump_percent_final
 - margin_final
 - margin_difference
 - margin_difference_abs

$ /home/ubuntu/.venv/bin/python3 /home/ubuntu/apps/election-app/stats/3-calc-new.py
Wrote 12 rows with new columns to /home/ubuntu/apps/election-app/win_prob/H/OH/12/_work/2024_county_results_with_calcs_new.csv

$ /home/ubuntu/.venv/bin/python3 /home/ubuntu/apps/election-app/stats/4-stats.py
Reading 2024_county_results_with_calcs_new.csv...
Aggregating statewide totals...
Calculating percentages and margins...
Writing to output_statewide_stats.csv...
Done!
[2026-01-25 19:55:45] INFO: [PIPELINE] ENTER win-prob generation | states=['OH'] ts_list=['2024-11-05T15-30-22']

============================================================================
[01/1] STATE = OH
============================================================================

$ /home/ubuntu/.venv/bin/python3 /home/ubuntu/apps/election-app/stats/5-snapshots.py --state OH --input /home/ubuntu/apps/election-app/win_prob/H/OH/12/_work/output_statewide_stats.csv --output /home/ubuntu/apps/election-app/win_prob/H/OH/12/snapshots_OH.csv --start 2024-11-05T15-30-22 --end 2024-11-05T15-30-22 --use-window 1 --interval 30
Mode: windowed-one-state
Rows written: 12
Distinct states in output: OH
Rows per normalized timestamp (empty = unparseable):
  2024-11-05T15-30-22: 12
Wrote /home/ubuntu/apps/election-app/win_prob/H/OH/12/snapshots_OH.csv

$ /home/ubuntu/.venv/bin/python3 /home/ubuntu/apps/election-app/stats/6-pval.py /home/ubuntu/apps/election-app/win_prob/H/OH/12/snapshots_OH.csv -t /home/ubuntu/apps/election-app/stats/parameters.csv -o /home/ubuntu/apps/election-app/win_prob/H/OH/12/data_output_OH.csv -c 50
Done. Wrote: /home/ubuntu/apps/election-app/win_prob/H/OH/12/data_output_OH.csv
Total rows: 12 (chunked, resumable).
Computed columns for PVALS = [0.01, 0.1, 1, 2, 3, 5, 10, 15, 20, 25, 30, 35, 40, 45, 50, 55, 60, 65, 70, 75, 80, 85, 90, 95, 97, 98, 99, 99.9, 99.99]
Per p (leader): shift_{p}, margin_new_{p}, harris_percent_new_{p}, trump_percent_new_{p}, total_snapshot_{p}, total_expected_{p}, harris_votes_new_{p}, trump_votes_new_{p}
Per p (trailing): shift_trailing_{p}, margin_new_{p}_trailing, harris_percent_new_{p}_trailing, trump_percent_new_{p}_trailing, total_snapshot_{p}_trailing, total_expected_{p}_trailing, harris_votes_new_{p}_trailing, trump_votes_new_{p}_trailing
Checkpoint saved at: /home/ubuntu/apps/election-app/win_prob/H/OH/12/data_output_OH.csv.checkpoint.json

$ /home/ubuntu/.venv/bin/python3 /home/ubuntu/apps/election-app/stats/7-margin-new.py
Wrote data_output_with_margins_old.csv

$ /home/ubuntu/.venv/bin/python3 /home/ubuntu/apps/election-app/stats/7-eevp-statewide.py
Wrote data_output_with_margins.csv (copied from data_output_with_margins_old.csv)

$ /home/ubuntu/.venv/bin/python3 /home/ubuntu/apps/election-app/stats/7.py --input /home/ubuntu/apps/election-app/win_prob/H/OH/12/data_output_OH_with_margins_statewide_eevp.csv --output /home/ubuntu/apps/election-app/win_prob/H/OH/12/statewide_margin_pct_vs_percent_OH_2026.png --state OH --start 2024-11-05T15-30-22 --end 2024-11-05T15-30-22 --stats /home/ubuntu/apps/election-app/win_prob/H/OH/12/stats.csv --stats2 /home/ubuntu/apps/election-app/win_prob/H/OH/12/stats2.csv --interval 30 --year 2026 --jsonl /home/ubuntu/apps/election-app/win_prob/H/OH/12/plotdata_OH_2026_2026-01-25T19-55-35.jsonl
[info] evaluating 1 timestamps from 2024-11-05T15-30-22 to 2024-11-05T15-30-22 every 30 minutes
[saved] probs_timeseries_OH.csv  (1 points)
[saved] /home/ubuntu/apps/election-app/win_prob/H/OH/12/plotdata_OH_2026_2026-01-25T19-55-35.jsonl  (0 points)
[saved] /home/ubuntu/apps/election-app/win_prob/H/OH/12/statewide_margin_pct_vs_percent_OH_2026_box.json
[saved] /home/ubuntu/apps/election-app/win_prob/H/OH/12/statewide_margin_pct_vs_percent_OH_2026_box.png
[saved] /home/ubuntu/apps/election-app/win_prob/H/OH/12/statewide_margin_pct_vs_percent_OH_2026.png

All 50 states complete. See: /home/ubuntu/apps/election-app/win_prob/H/OH/12

$ /home/ubuntu/.venv/bin/python3 /home/ubuntu/apps/election-app/stats/8.py --root /home/ubuntu/apps/election-app/win_prob/H/OH/12/_work --outdir /home/ubuntu/apps/election-app/win_prob/H/OH/12
[info] root  = /home/ubuntu/apps/election-app/win_prob/H/OH/12/_work
[info] outdir= /home/ubuntu/apps/election-app/win_prob/H/OH/12
[deleted] /home/ubuntu/apps/election-app/win_prob/H/OH/12/_work/stats_with_statewide.csv
[deleted] /home/ubuntu/apps/election-app/win_prob/H/OH/12/_work/stats2_final_headers.csv
[deleted] /home/ubuntu/apps/election-app/win_prob/H/OH/12/_work/2024_county_results_with_final-old.csv
[deleted] /home/ubuntu/apps/election-app/win_prob/H/OH/12/_work/2024_county_results_with_final.csv
[deleted] /home/ubuntu/apps/election-app/win_prob/H/OH/12/_work/2024_county_results_with_final_1.csv
[deleted] /home/ubuntu/apps/election-app/win_prob/H/OH/12/_work/2024_county_results_with_calcs-old.csv
[deleted] /home/ubuntu/apps/election-app/win_prob/H/OH/12/_work/2024_county_results_with_calcs_new.csv
[deleted] /home/ubuntu/apps/election-app/win_prob/H/OH/12/_work/output_statewide_stats.csv
[skip]    /home/ubuntu/apps/election-app/win_prob/H/OH/12/_work/probs_timeseries_PA.csv
[deleted] /home/ubuntu/apps/election-app/win_prob/H/OH/12/_work/2024_county_results_with_calcs.csv
[skip]    /home/ubuntu/apps/election-app/win_prob/H/OH/12/data_output.csv
[skip]    /home/ubuntu/apps/election-app/win_prob/H/OH/12/data_output_with_margins_old.csv
[skip]    /home/ubuntu/apps/election-app/win_prob/H/OH/12/data_output_with_margins.csv
[skip]    /home/ubuntu/apps/election-app/win_prob/H/OH/12/data_output_with_margins-statewide.csv
[deleted] /home/ubuntu/apps/election-app/win_prob/H/OH/12/snapshots_OH.csv
[deleted] /home/ubuntu/apps/election-app/win_prob/H/OH/12/data_output_OH.csv
[deleted] /home/ubuntu/apps/election-app/win_prob/H/OH/12/data_output_OH_with_margins_statewide_eevp.csv
[deleted] /home/ubuntu/apps/election-app/win_prob/H/OH/12/data_output_OH_with_margins.csv
[deleted] /home/ubuntu/apps/election-app/win_prob/H/OH/12/data_output_OH.csv.checkpoint.json
[deleted] /home/ubuntu/apps/election-app/win_prob/H/OH/12/stats.csv
[deleted] /home/ubuntu/apps/election-app/win_prob/H/OH/12/stats2.csv
[done] removed 16 file(s)
[2026-01-25 20:02:14] INFO: [PIPELINE] args: office=H state=OH district=12
[2026-01-25 20:02:14] INFO: [PIPELINE] WINPROB_DIR resolved to: /home/ubuntu/apps/election-app/win_prob/H/OH/12
[2026-01-25 20:02:14] INFO: [PIPELINE] OUTDIR set to: /home/ubuntu/apps/election-app/win_prob/H/OH/12

$ /home/ubuntu/.venv/bin/python3 /home/ubuntu/apps/election-app/stats/1-statewide.py --input /home/ubuntu/apps/election-app/win_prob/H/OH/12/stats.csv --output /home/ubuntu/apps/election-app/win_prob/H/OH/12/_work/stats_with_statewide.csv
Wrote /home/ubuntu/apps/election-app/win_prob/H/OH/12/_work/stats_with_statewide.csv (rows=12)

$ /home/ubuntu/.venv/bin/python3 /home/ubuntu/apps/election-app/stats/1-stats-2.py --input /home/ubuntu/apps/election-app/win_prob/H/OH/12/stats2.csv --output /home/ubuntu/apps/election-app/win_prob/H/OH/12/_work/stats2_final_headers.csv
Wrote /home/ubuntu/apps/election-app/win_prob/H/OH/12/_work/stats2_final_headers.csv (rows=12)

$ /home/ubuntu/.venv/bin/python3 /home/ubuntu/apps/election-app/stats/1-append-new.py
Wrote 2024_county_results_with_final-old.csv (rows=12, missing_final_matches=0)

$ /home/ubuntu/.venv/bin/python3 /home/ubuntu/apps/election-app/stats/1-change_header.py
Wrote: 2024_county_results_with_final.csv

$ /home/ubuntu/.venv/bin/python3 /home/ubuntu/apps/election-app/stats/1-cut-zero-fips.py
Wrote: 2024_county_results_with_final_1.csv
Rows before: 12
Rows after:  12
Dropped (fips == 0): 0

$ /home/ubuntu/.venv/bin/python3 /home/ubuntu/apps/election-app/stats/2-calc.py
Wrote 12 rows with calculations to /home/ubuntu/apps/election-app/win_prob/H/OH/12/_work/2024_county_results_with_calcs-old.csv

$ /home/ubuntu/.venv/bin/python3 /home/ubuntu/apps/election-app/stats/2-eevp.py
Wrote (no-op copy): 2024_county_results_with_calcs.csv
Columns:
 - timestamp
 - state
 - county
 - fips
 - trump_votes
 - harris_votes
 - other_votes
 - eevp
 - state_eevp
 - harris_votes_statewide
 - trump_votes_statewide
 - other_votes_statewide
 - final_state
 - final_county
 - final_fips
 - final_trump_votes
 - final_harris_votes
 - final_other_votes
 - harris_percent_snapshot
 - trump_percent_snapshot
 - margin_snapshot
 - harris_percent_final
 - trump_percent_final
 - margin_final
 - margin_difference
 - margin_difference_abs

$ /home/ubuntu/.venv/bin/python3 /home/ubuntu/apps/election-app/stats/3-calc-new.py
Wrote 12 rows with new columns to /home/ubuntu/apps/election-app/win_prob/H/OH/12/_work/2024_county_results_with_calcs_new.csv

$ /home/ubuntu/.venv/bin/python3 /home/ubuntu/apps/election-app/stats/4-stats.py
Reading 2024_county_results_with_calcs_new.csv...
Aggregating statewide totals...
Calculating percentages and margins...
Writing to output_statewide_stats.csv...
Done!
[2026-01-25 20:02:22] INFO: [PIPELINE] ENTER win-prob generation | states=['OH'] ts_list=['2024-11-05T15-30-22']

============================================================================
[01/1] STATE = OH
============================================================================

$ /home/ubuntu/.venv/bin/python3 /home/ubuntu/apps/election-app/stats/5-snapshots.py --state OH --input /home/ubuntu/apps/election-app/win_prob/H/OH/12/_work/output_statewide_stats.csv --output /home/ubuntu/apps/election-app/win_prob/H/OH/12/snapshots_OH.csv --start 2024-11-05T15-30-22 --end 2024-11-05T15-30-22 --use-window 1 --interval 30
Mode: windowed-one-state
Rows written: 12
Distinct states in output: OH
Rows per normalized timestamp (empty = unparseable):
  2024-11-05T15-30-22: 12
Wrote /home/ubuntu/apps/election-app/win_prob/H/OH/12/snapshots_OH.csv

$ /home/ubuntu/.venv/bin/python3 /home/ubuntu/apps/election-app/stats/6-pval.py /home/ubuntu/apps/election-app/win_prob/H/OH/12/snapshots_OH.csv -t /home/ubuntu/apps/election-app/stats/parameters.csv -o /home/ubuntu/apps/election-app/win_prob/H/OH/12/data_output_OH.csv -c 50
Done. Wrote: /home/ubuntu/apps/election-app/win_prob/H/OH/12/data_output_OH.csv
Total rows: 12 (chunked, resumable).
Computed columns for PVALS = [0.01, 0.1, 1, 2, 3, 5, 10, 15, 20, 25, 30, 35, 40, 45, 50, 55, 60, 65, 70, 75, 80, 85, 90, 95, 97, 98, 99, 99.9, 99.99]
Per p (leader): shift_{p}, margin_new_{p}, harris_percent_new_{p}, trump_percent_new_{p}, total_snapshot_{p}, total_expected_{p}, harris_votes_new_{p}, trump_votes_new_{p}
Per p (trailing): shift_trailing_{p}, margin_new_{p}_trailing, harris_percent_new_{p}_trailing, trump_percent_new_{p}_trailing, total_snapshot_{p}_trailing, total_expected_{p}_trailing, harris_votes_new_{p}_trailing, trump_votes_new_{p}_trailing
Checkpoint saved at: /home/ubuntu/apps/election-app/win_prob/H/OH/12/data_output_OH.csv.checkpoint.json

$ /home/ubuntu/.venv/bin/python3 /home/ubuntu/apps/election-app/stats/7-margin-new.py
Wrote data_output_with_margins_old.csv

$ /home/ubuntu/.venv/bin/python3 /home/ubuntu/apps/election-app/stats/7-eevp-statewide.py
Wrote data_output_with_margins.csv (copied from data_output_with_margins_old.csv)

$ /home/ubuntu/.venv/bin/python3 /home/ubuntu/apps/election-app/stats/7.py --input /home/ubuntu/apps/election-app/win_prob/H/OH/12/data_output_OH_with_margins_statewide_eevp.csv --output /home/ubuntu/apps/election-app/win_prob/H/OH/12/statewide_margin_pct_vs_percent_OH_2026.png --state OH --start 2024-11-05T15-30-22 --end 2024-11-05T15-30-22 --stats /home/ubuntu/apps/election-app/win_prob/H/OH/12/stats.csv --stats2 /home/ubuntu/apps/election-app/win_prob/H/OH/12/stats2.csv --interval 30 --year 2026 --jsonl /home/ubuntu/apps/election-app/win_prob/H/OH/12/plotdata_OH_2026_2026-01-25T20-02-14.jsonl
[info] evaluating 1 timestamps from 2024-11-05T15-30-22 to 2024-11-05T15-30-22 every 30 minutes
[saved] probs_timeseries_OH.csv  (1 points)
[saved] /home/ubuntu/apps/election-app/win_prob/H/OH/12/plotdata_OH_2026_2026-01-25T20-02-14.jsonl  (4 points)
[saved] /home/ubuntu/apps/election-app/win_prob/H/OH/12/statewide_margin_pct_vs_percent_OH_2026_box.json
[saved] /home/ubuntu/apps/election-app/win_prob/H/OH/12/statewide_margin_pct_vs_percent_OH_2026_box.png
[saved] /home/ubuntu/apps/election-app/win_prob/H/OH/12/statewide_margin_pct_vs_percent_OH_2026.png

All 50 states complete. See: /home/ubuntu/apps/election-app/win_prob/H/OH/12

$ /home/ubuntu/.venv/bin/python3 /home/ubuntu/apps/election-app/stats/8.py --root /home/ubuntu/apps/election-app/win_prob/H/OH/12/_work --outdir /home/ubuntu/apps/election-app/win_prob/H/OH/12
[info] root  = /home/ubuntu/apps/election-app/win_prob/H/OH/12/_work
[info] outdir= /home/ubuntu/apps/election-app/win_prob/H/OH/12
[deleted] /home/ubuntu/apps/election-app/win_prob/H/OH/12/_work/stats_with_statewide.csv
[deleted] /home/ubuntu/apps/election-app/win_prob/H/OH/12/_work/stats2_final_headers.csv
[deleted] /home/ubuntu/apps/election-app/win_prob/H/OH/12/_work/2024_county_results_with_final-old.csv
[deleted] /home/ubuntu/apps/election-app/win_prob/H/OH/12/_work/2024_county_results_with_final.csv
[deleted] /home/ubuntu/apps/election-app/win_prob/H/OH/12/_work/2024_county_results_with_final_1.csv
[deleted] /home/ubuntu/apps/election-app/win_prob/H/OH/12/_work/2024_county_results_with_calcs-old.csv
[deleted] /home/ubuntu/apps/election-app/win_prob/H/OH/12/_work/2024_county_results_with_calcs_new.csv
[deleted] /home/ubuntu/apps/election-app/win_prob/H/OH/12/_work/output_statewide_stats.csv
[skip]    /home/ubuntu/apps/election-app/win_prob/H/OH/12/_work/probs_timeseries_PA.csv
[deleted] /home/ubuntu/apps/election-app/win_prob/H/OH/12/_work/2024_county_results_with_calcs.csv
[skip]    /home/ubuntu/apps/election-app/win_prob/H/OH/12/data_output.csv
[skip]    /home/ubuntu/apps/election-app/win_prob/H/OH/12/data_output_with_margins_old.csv
[skip]    /home/ubuntu/apps/election-app/win_prob/H/OH/12/data_output_with_margins.csv
[skip]    /home/ubuntu/apps/election-app/win_prob/H/OH/12/data_output_with_margins-statewide.csv
[deleted] /home/ubuntu/apps/election-app/win_prob/H/OH/12/snapshots_OH.csv
[deleted] /home/ubuntu/apps/election-app/win_prob/H/OH/12/data_output_OH.csv
[deleted] /home/ubuntu/apps/election-app/win_prob/H/OH/12/data_output_OH_with_margins_statewide_eevp.csv
[deleted] /home/ubuntu/apps/election-app/win_prob/H/OH/12/data_output_OH_with_margins.csv
[deleted] /home/ubuntu/apps/election-app/win_prob/H/OH/12/data_output_OH.csv.checkpoint.json
[deleted] /home/ubuntu/apps/election-app/win_prob/H/OH/12/stats.csv
[deleted] /home/ubuntu/apps/election-app/win_prob/H/OH/12/stats2.csv
[done] removed 16 file(s)
[2026-01-25 20:09:43] INFO: [PIPELINE] args: office=H state=OH district=12
[2026-01-25 20:09:43] INFO: [PIPELINE] WINPROB_DIR resolved to: /home/ubuntu/apps/election-app/win_prob/H/OH/12
[2026-01-25 20:09:43] INFO: [PIPELINE] OUTDIR set to: /home/ubuntu/apps/election-app/win_prob/H/OH/12

$ /home/ubuntu/.venv/bin/python3 /home/ubuntu/apps/election-app/stats/1-statewide.py --input /home/ubuntu/apps/election-app/win_prob/H/OH/12/stats.csv --output /home/ubuntu/apps/election-app/win_prob/H/OH/12/_work/stats_with_statewide.csv
Wrote /home/ubuntu/apps/election-app/win_prob/H/OH/12/_work/stats_with_statewide.csv (rows=12)

$ /home/ubuntu/.venv/bin/python3 /home/ubuntu/apps/election-app/stats/1-stats-2.py --input /home/ubuntu/apps/election-app/win_prob/H/OH/12/stats2.csv --output /home/ubuntu/apps/election-app/win_prob/H/OH/12/_work/stats2_final_headers.csv
Wrote /home/ubuntu/apps/election-app/win_prob/H/OH/12/_work/stats2_final_headers.csv (rows=12)

$ /home/ubuntu/.venv/bin/python3 /home/ubuntu/apps/election-app/stats/1-append-new.py
Wrote 2024_county_results_with_final-old.csv (rows=12, missing_final_matches=0)

$ /home/ubuntu/.venv/bin/python3 /home/ubuntu/apps/election-app/stats/1-change_header.py
Wrote: 2024_county_results_with_final.csv

$ /home/ubuntu/.venv/bin/python3 /home/ubuntu/apps/election-app/stats/1-cut-zero-fips.py
Wrote: 2024_county_results_with_final_1.csv
Rows before: 12
Rows after:  12
Dropped (fips == 0): 0

$ /home/ubuntu/.venv/bin/python3 /home/ubuntu/apps/election-app/stats/2-calc.py
Wrote 12 rows with calculations to /home/ubuntu/apps/election-app/win_prob/H/OH/12/_work/2024_county_results_with_calcs-old.csv

$ /home/ubuntu/.venv/bin/python3 /home/ubuntu/apps/election-app/stats/2-eevp.py
Wrote (no-op copy): 2024_county_results_with_calcs.csv
Columns:
 - timestamp
 - state
 - county
 - fips
 - trump_votes
 - harris_votes
 - other_votes
 - eevp
 - state_eevp
 - harris_votes_statewide
 - trump_votes_statewide
 - other_votes_statewide
 - final_state
 - final_county
 - final_fips
 - final_trump_votes
 - final_harris_votes
 - final_other_votes
 - harris_percent_snapshot
 - trump_percent_snapshot
 - margin_snapshot
 - harris_percent_final
 - trump_percent_final
 - margin_final
 - margin_difference
 - margin_difference_abs

$ /home/ubuntu/.venv/bin/python3 /home/ubuntu/apps/election-app/stats/3-calc-new.py
Wrote 12 rows with new columns to /home/ubuntu/apps/election-app/win_prob/H/OH/12/_work/2024_county_results_with_calcs_new.csv

$ /home/ubuntu/.venv/bin/python3 /home/ubuntu/apps/election-app/stats/4-stats.py
Reading 2024_county_results_with_calcs_new.csv...
Aggregating statewide totals...
Calculating percentages and margins...
Writing to output_statewide_stats.csv...
Done!
[2026-01-25 20:09:52] INFO: [PIPELINE] ENTER win-prob generation | states=['OH'] ts_list=['2024-11-05T15-30-22']

============================================================================
[01/1] STATE = OH
============================================================================

$ /home/ubuntu/.venv/bin/python3 /home/ubuntu/apps/election-app/stats/5-snapshots.py --state OH --input /home/ubuntu/apps/election-app/win_prob/H/OH/12/_work/output_statewide_stats.csv --output /home/ubuntu/apps/election-app/win_prob/H/OH/12/snapshots_OH.csv --start 2024-11-05T15-30-22 --end 2024-11-05T15-30-22 --use-window 1 --interval 30
Mode: windowed-one-state
Rows written: 12
Distinct states in output: OH
Rows per normalized timestamp (empty = unparseable):
  2024-11-05T15-30-22: 12
Wrote /home/ubuntu/apps/election-app/win_prob/H/OH/12/snapshots_OH.csv

$ /home/ubuntu/.venv/bin/python3 /home/ubuntu/apps/election-app/stats/6-pval.py /home/ubuntu/apps/election-app/win_prob/H/OH/12/snapshots_OH.csv -t /home/ubuntu/apps/election-app/stats/parameters.csv -o /home/ubuntu/apps/election-app/win_prob/H/OH/12/data_output_OH.csv -c 50
Done. Wrote: /home/ubuntu/apps/election-app/win_prob/H/OH/12/data_output_OH.csv
Total rows: 12 (chunked, resumable).
Computed columns for PVALS = [0.01, 0.1, 1, 2, 3, 5, 10, 15, 20, 25, 30, 35, 40, 45, 50, 55, 60, 65, 70, 75, 80, 85, 90, 95, 97, 98, 99, 99.9, 99.99]
Per p (leader): shift_{p}, margin_new_{p}, harris_percent_new_{p}, trump_percent_new_{p}, total_snapshot_{p}, total_expected_{p}, harris_votes_new_{p}, trump_votes_new_{p}
Per p (trailing): shift_trailing_{p}, margin_new_{p}_trailing, harris_percent_new_{p}_trailing, trump_percent_new_{p}_trailing, total_snapshot_{p}_trailing, total_expected_{p}_trailing, harris_votes_new_{p}_trailing, trump_votes_new_{p}_trailing
Checkpoint saved at: /home/ubuntu/apps/election-app/win_prob/H/OH/12/data_output_OH.csv.checkpoint.json

$ /home/ubuntu/.venv/bin/python3 /home/ubuntu/apps/election-app/stats/7-margin-new.py
Wrote data_output_with_margins_old.csv

$ /home/ubuntu/.venv/bin/python3 /home/ubuntu/apps/election-app/stats/7-eevp-statewide.py
Wrote data_output_with_margins.csv (copied from data_output_with_margins_old.csv)

$ /home/ubuntu/.venv/bin/python3 /home/ubuntu/apps/election-app/stats/7.py --input /home/ubuntu/apps/election-app/win_prob/H/OH/12/data_output_OH_with_margins_statewide_eevp.csv --output /home/ubuntu/apps/election-app/win_prob/H/OH/12/statewide_margin_pct_vs_percent_OH_2026.png --state OH --start 2024-11-05T15-30-22 --end 2024-11-05T15-30-22 --stats /home/ubuntu/apps/election-app/win_prob/H/OH/12/stats.csv --stats2 /home/ubuntu/apps/election-app/win_prob/H/OH/12/stats2.csv --interval 30 --year 2026 --jsonl /home/ubuntu/apps/election-app/win_prob/H/OH/12/plotdata_OH_2026_2026-01-25T20-09-43.jsonl
[info] evaluating 1 timestamps from 2024-11-05T15-30-22 to 2024-11-05T15-30-22 every 30 minutes
[saved] probs_timeseries_OH.csv  (1 points)
[saved] /home/ubuntu/apps/election-app/win_prob/H/OH/12/plotdata_OH_2026_2026-01-25T20-09-43.jsonl  (4 points)
[saved] /home/ubuntu/apps/election-app/win_prob/H/OH/12/statewide_margin_pct_vs_percent_OH_2026_box.json
[saved] /home/ubuntu/apps/election-app/win_prob/H/OH/12/statewide_margin_pct_vs_percent_OH_2026_box.png
[saved] /home/ubuntu/apps/election-app/win_prob/H/OH/12/statewide_margin_pct_vs_percent_OH_2026.png

All 50 states complete. See: /home/ubuntu/apps/election-app/win_prob/H/OH/12

$ /home/ubuntu/.venv/bin/python3 /home/ubuntu/apps/election-app/stats/8.py --root /home/ubuntu/apps/election-app/win_prob/H/OH/12/_work --outdir /home/ubuntu/apps/election-app/win_prob/H/OH/12
[info] root  = /home/ubuntu/apps/election-app/win_prob/H/OH/12/_work
[info] outdir= /home/ubuntu/apps/election-app/win_prob/H/OH/12
[deleted] /home/ubuntu/apps/election-app/win_prob/H/OH/12/_work/stats_with_statewide.csv
[deleted] /home/ubuntu/apps/election-app/win_prob/H/OH/12/_work/stats2_final_headers.csv
[deleted] /home/ubuntu/apps/election-app/win_prob/H/OH/12/_work/2024_county_results_with_final-old.csv
[deleted] /home/ubuntu/apps/election-app/win_prob/H/OH/12/_work/2024_county_results_with_final.csv
[deleted] /home/ubuntu/apps/election-app/win_prob/H/OH/12/_work/2024_county_results_with_final_1.csv
[deleted] /home/ubuntu/apps/election-app/win_prob/H/OH/12/_work/2024_county_results_with_calcs-old.csv
[deleted] /home/ubuntu/apps/election-app/win_prob/H/OH/12/_work/2024_county_results_with_calcs_new.csv
[deleted] /home/ubuntu/apps/election-app/win_prob/H/OH/12/_work/output_statewide_stats.csv
[skip]    /home/ubuntu/apps/election-app/win_prob/H/OH/12/_work/probs_timeseries_PA.csv
[deleted] /home/ubuntu/apps/election-app/win_prob/H/OH/12/_work/2024_county_results_with_calcs.csv
[skip]    /home/ubuntu/apps/election-app/win_prob/H/OH/12/data_output.csv
[skip]    /home/ubuntu/apps/election-app/win_prob/H/OH/12/data_output_with_margins_old.csv
[skip]    /home/ubuntu/apps/election-app/win_prob/H/OH/12/data_output_with_margins.csv
[skip]    /home/ubuntu/apps/election-app/win_prob/H/OH/12/data_output_with_margins-statewide.csv
[deleted] /home/ubuntu/apps/election-app/win_prob/H/OH/12/snapshots_OH.csv
[deleted] /home/ubuntu/apps/election-app/win_prob/H/OH/12/data_output_OH.csv
[deleted] /home/ubuntu/apps/election-app/win_prob/H/OH/12/data_output_OH_with_margins_statewide_eevp.csv
[deleted] /home/ubuntu/apps/election-app/win_prob/H/OH/12/data_output_OH_with_margins.csv
[deleted] /home/ubuntu/apps/election-app/win_prob/H/OH/12/data_output_OH.csv.checkpoint.json
[deleted] /home/ubuntu/apps/election-app/win_prob/H/OH/12/stats.csv
[deleted] /home/ubuntu/apps/election-app/win_prob/H/OH/12/stats2.csv
[done] removed 16 file(s)
[2026-01-25 20:16:47] INFO: [PIPELINE] args: office=H state=OH district=12
[2026-01-25 20:16:47] INFO: [PIPELINE] WINPROB_DIR resolved to: /home/ubuntu/apps/election-app/win_prob/H/OH/12
[2026-01-25 20:16:47] INFO: [PIPELINE] OUTDIR set to: /home/ubuntu/apps/election-app/win_prob/H/OH/12

$ /home/ubuntu/.venv/bin/python3 /home/ubuntu/apps/election-app/stats/1-statewide.py --input /home/ubuntu/apps/election-app/win_prob/H/OH/12/stats.csv --output /home/ubuntu/apps/election-app/win_prob/H/OH/12/_work/stats_with_statewide.csv
Wrote /home/ubuntu/apps/election-app/win_prob/H/OH/12/_work/stats_with_statewide.csv (rows=12)

$ /home/ubuntu/.venv/bin/python3 /home/ubuntu/apps/election-app/stats/1-stats-2.py --input /home/ubuntu/apps/election-app/win_prob/H/OH/12/stats2.csv --output /home/ubuntu/apps/election-app/win_prob/H/OH/12/_work/stats2_final_headers.csv
Wrote /home/ubuntu/apps/election-app/win_prob/H/OH/12/_work/stats2_final_headers.csv (rows=12)

$ /home/ubuntu/.venv/bin/python3 /home/ubuntu/apps/election-app/stats/1-append-new.py
Wrote 2024_county_results_with_final-old.csv (rows=12, missing_final_matches=0)

$ /home/ubuntu/.venv/bin/python3 /home/ubuntu/apps/election-app/stats/1-change_header.py
Wrote: 2024_county_results_with_final.csv

$ /home/ubuntu/.venv/bin/python3 /home/ubuntu/apps/election-app/stats/1-cut-zero-fips.py
Wrote: 2024_county_results_with_final_1.csv
Rows before: 12
Rows after:  12
Dropped (fips == 0): 0

$ /home/ubuntu/.venv/bin/python3 /home/ubuntu/apps/election-app/stats/2-calc.py
Wrote 12 rows with calculations to /home/ubuntu/apps/election-app/win_prob/H/OH/12/_work/2024_county_results_with_calcs-old.csv

$ /home/ubuntu/.venv/bin/python3 /home/ubuntu/apps/election-app/stats/2-eevp.py
Wrote (no-op copy): 2024_county_results_with_calcs.csv
Columns:
 - timestamp
 - state
 - county
 - fips
 - trump_votes
 - harris_votes
 - other_votes
 - eevp
 - state_eevp
 - harris_votes_statewide
 - trump_votes_statewide
 - other_votes_statewide
 - final_state
 - final_county
 - final_fips
 - final_trump_votes
 - final_harris_votes
 - final_other_votes
 - harris_percent_snapshot
 - trump_percent_snapshot
 - margin_snapshot
 - harris_percent_final
 - trump_percent_final
 - margin_final
 - margin_difference
 - margin_difference_abs

$ /home/ubuntu/.venv/bin/python3 /home/ubuntu/apps/election-app/stats/3-calc-new.py
Wrote 12 rows with new columns to /home/ubuntu/apps/election-app/win_prob/H/OH/12/_work/2024_county_results_with_calcs_new.csv

$ /home/ubuntu/.venv/bin/python3 /home/ubuntu/apps/election-app/stats/4-stats.py
Reading 2024_county_results_with_calcs_new.csv...
Aggregating statewide totals...
Calculating percentages and margins...
Writing to output_statewide_stats.csv...
Done!
[2026-01-25 20:16:57] INFO: [PIPELINE] ENTER win-prob generation | states=['OH'] ts_list=['2024-11-05T15-30-22']

============================================================================
[01/1] STATE = OH
============================================================================

$ /home/ubuntu/.venv/bin/python3 /home/ubuntu/apps/election-app/stats/5-snapshots.py --state OH --input /home/ubuntu/apps/election-app/win_prob/H/OH/12/_work/output_statewide_stats.csv --output /home/ubuntu/apps/election-app/win_prob/H/OH/12/snapshots_OH.csv --start 2024-11-05T15-30-22 --end 2024-11-05T15-30-22 --use-window 1 --interval 30
Mode: windowed-one-state
Rows written: 12
Distinct states in output: OH
Rows per normalized timestamp (empty = unparseable):
  2024-11-05T15-30-22: 12
Wrote /home/ubuntu/apps/election-app/win_prob/H/OH/12/snapshots_OH.csv

$ /home/ubuntu/.venv/bin/python3 /home/ubuntu/apps/election-app/stats/6-pval.py /home/ubuntu/apps/election-app/win_prob/H/OH/12/snapshots_OH.csv -t /home/ubuntu/apps/election-app/stats/parameters.csv -o /home/ubuntu/apps/election-app/win_prob/H/OH/12/data_output_OH.csv -c 50
Done. Wrote: /home/ubuntu/apps/election-app/win_prob/H/OH/12/data_output_OH.csv
Total rows: 12 (chunked, resumable).
Computed columns for PVALS = [0.01, 0.1, 1, 2, 3, 5, 10, 15, 20, 25, 30, 35, 40, 45, 50, 55, 60, 65, 70, 75, 80, 85, 90, 95, 97, 98, 99, 99.9, 99.99]
Per p (leader): shift_{p}, margin_new_{p}, harris_percent_new_{p}, trump_percent_new_{p}, total_snapshot_{p}, total_expected_{p}, harris_votes_new_{p}, trump_votes_new_{p}
Per p (trailing): shift_trailing_{p}, margin_new_{p}_trailing, harris_percent_new_{p}_trailing, trump_percent_new_{p}_trailing, total_snapshot_{p}_trailing, total_expected_{p}_trailing, harris_votes_new_{p}_trailing, trump_votes_new_{p}_trailing
Checkpoint saved at: /home/ubuntu/apps/election-app/win_prob/H/OH/12/data_output_OH.csv.checkpoint.json

$ /home/ubuntu/.venv/bin/python3 /home/ubuntu/apps/election-app/stats/7-margin-new.py
Wrote data_output_with_margins_old.csv

$ /home/ubuntu/.venv/bin/python3 /home/ubuntu/apps/election-app/stats/7-eevp-statewide.py
Wrote data_output_with_margins.csv (copied from data_output_with_margins_old.csv)

$ /home/ubuntu/.venv/bin/python3 /home/ubuntu/apps/election-app/stats/7.py --input /home/ubuntu/apps/election-app/win_prob/H/OH/12/data_output_OH_with_margins_statewide_eevp.csv --output /home/ubuntu/apps/election-app/win_prob/H/OH/12/statewide_margin_pct_vs_percent_OH_2026.png --state OH --start 2024-11-05T15-30-22 --end 2024-11-05T15-30-22 --stats /home/ubuntu/apps/election-app/win_prob/H/OH/12/stats.csv --stats2 /home/ubuntu/apps/election-app/win_prob/H/OH/12/stats2.csv --interval 30 --year 2026 --jsonl /home/ubuntu/apps/election-app/win_prob/H/OH/12/plotdata_OH_2026_2026-01-25T20-16-47.jsonl
[info] evaluating 1 timestamps from 2024-11-05T15-30-22 to 2024-11-05T15-30-22 every 30 minutes
[saved] probs_timeseries_OH.csv  (1 points)
[saved] /home/ubuntu/apps/election-app/win_prob/H/OH/12/plotdata_OH_2026_2026-01-25T20-16-47.jsonl  (4 points)
[saved] /home/ubuntu/apps/election-app/win_prob/H/OH/12/statewide_margin_pct_vs_percent_OH_2026_box.json
[saved] /home/ubuntu/apps/election-app/win_prob/H/OH/12/statewide_margin_pct_vs_percent_OH_2026_box.png
[saved] /home/ubuntu/apps/election-app/win_prob/H/OH/12/statewide_margin_pct_vs_percent_OH_2026.png

All 50 states complete. See: /home/ubuntu/apps/election-app/win_prob/H/OH/12

$ /home/ubuntu/.venv/bin/python3 /home/ubuntu/apps/election-app/stats/8.py --root /home/ubuntu/apps/election-app/win_prob/H/OH/12/_work --outdir /home/ubuntu/apps/election-app/win_prob/H/OH/12
[info] root  = /home/ubuntu/apps/election-app/win_prob/H/OH/12/_work
[info] outdir= /home/ubuntu/apps/election-app/win_prob/H/OH/12
[deleted] /home/ubuntu/apps/election-app/win_prob/H/OH/12/_work/stats_with_statewide.csv
[deleted] /home/ubuntu/apps/election-app/win_prob/H/OH/12/_work/stats2_final_headers.csv
[deleted] /home/ubuntu/apps/election-app/win_prob/H/OH/12/_work/2024_county_results_with_final-old.csv
[deleted] /home/ubuntu/apps/election-app/win_prob/H/OH/12/_work/2024_county_results_with_final.csv
[deleted] /home/ubuntu/apps/election-app/win_prob/H/OH/12/_work/2024_county_results_with_final_1.csv
[deleted] /home/ubuntu/apps/election-app/win_prob/H/OH/12/_work/2024_county_results_with_calcs-old.csv
[deleted] /home/ubuntu/apps/election-app/win_prob/H/OH/12/_work/2024_county_results_with_calcs_new.csv
[deleted] /home/ubuntu/apps/election-app/win_prob/H/OH/12/_work/output_statewide_stats.csv
[skip]    /home/ubuntu/apps/election-app/win_prob/H/OH/12/_work/probs_timeseries_PA.csv
[deleted] /home/ubuntu/apps/election-app/win_prob/H/OH/12/_work/2024_county_results_with_calcs.csv
[skip]    /home/ubuntu/apps/election-app/win_prob/H/OH/12/data_output.csv
[skip]    /home/ubuntu/apps/election-app/win_prob/H/OH/12/data_output_with_margins_old.csv
[skip]    /home/ubuntu/apps/election-app/win_prob/H/OH/12/data_output_with_margins.csv
[skip]    /home/ubuntu/apps/election-app/win_prob/H/OH/12/data_output_with_margins-statewide.csv
[deleted] /home/ubuntu/apps/election-app/win_prob/H/OH/12/snapshots_OH.csv
[deleted] /home/ubuntu/apps/election-app/win_prob/H/OH/12/data_output_OH.csv
[deleted] /home/ubuntu/apps/election-app/win_prob/H/OH/12/data_output_OH_with_margins_statewide_eevp.csv
[deleted] /home/ubuntu/apps/election-app/win_prob/H/OH/12/data_output_OH_with_margins.csv
[deleted] /home/ubuntu/apps/election-app/win_prob/H/OH/12/data_output_OH.csv.checkpoint.json
[deleted] /home/ubuntu/apps/election-app/win_prob/H/OH/12/stats.csv
[deleted] /home/ubuntu/apps/election-app/win_prob/H/OH/12/stats2.csv
[done] removed 16 file(s)
[2026-01-25 20:23:50] INFO: [PIPELINE] args: office=H state=OH district=12
[2026-01-25 20:23:50] INFO: [PIPELINE] WINPROB_DIR resolved to: /home/ubuntu/apps/election-app/win_prob/H/OH/12
[2026-01-25 20:23:50] INFO: [PIPELINE] OUTDIR set to: /home/ubuntu/apps/election-app/win_prob/H/OH/12

$ /home/ubuntu/.venv/bin/python3 /home/ubuntu/apps/election-app/stats/1-statewide.py --input /home/ubuntu/apps/election-app/win_prob/H/OH/12/stats.csv --output /home/ubuntu/apps/election-app/win_prob/H/OH/12/_work/stats_with_statewide.csv
Wrote /home/ubuntu/apps/election-app/win_prob/H/OH/12/_work/stats_with_statewide.csv (rows=12)

$ /home/ubuntu/.venv/bin/python3 /home/ubuntu/apps/election-app/stats/1-stats-2.py --input /home/ubuntu/apps/election-app/win_prob/H/OH/12/stats2.csv --output /home/ubuntu/apps/election-app/win_prob/H/OH/12/_work/stats2_final_headers.csv
Wrote /home/ubuntu/apps/election-app/win_prob/H/OH/12/_work/stats2_final_headers.csv (rows=12)

$ /home/ubuntu/.venv/bin/python3 /home/ubuntu/apps/election-app/stats/1-append-new.py
Wrote 2024_county_results_with_final-old.csv (rows=12, missing_final_matches=0)

$ /home/ubuntu/.venv/bin/python3 /home/ubuntu/apps/election-app/stats/1-change_header.py
Wrote: 2024_county_results_with_final.csv

$ /home/ubuntu/.venv/bin/python3 /home/ubuntu/apps/election-app/stats/1-cut-zero-fips.py
Wrote: 2024_county_results_with_final_1.csv
Rows before: 12
Rows after:  12
Dropped (fips == 0): 0

$ /home/ubuntu/.venv/bin/python3 /home/ubuntu/apps/election-app/stats/2-calc.py
Wrote 12 rows with calculations to /home/ubuntu/apps/election-app/win_prob/H/OH/12/_work/2024_county_results_with_calcs-old.csv

$ /home/ubuntu/.venv/bin/python3 /home/ubuntu/apps/election-app/stats/2-eevp.py
Wrote (no-op copy): 2024_county_results_with_calcs.csv
Columns:
 - timestamp
 - state
 - county
 - fips
 - trump_votes
 - harris_votes
 - other_votes
 - eevp
 - state_eevp
 - harris_votes_statewide
 - trump_votes_statewide
 - other_votes_statewide
 - final_state
 - final_county
 - final_fips
 - final_trump_votes
 - final_harris_votes
 - final_other_votes
 - harris_percent_snapshot
 - trump_percent_snapshot
 - margin_snapshot
 - harris_percent_final
 - trump_percent_final
 - margin_final
 - margin_difference
 - margin_difference_abs

$ /home/ubuntu/.venv/bin/python3 /home/ubuntu/apps/election-app/stats/3-calc-new.py
Wrote 12 rows with new columns to /home/ubuntu/apps/election-app/win_prob/H/OH/12/_work/2024_county_results_with_calcs_new.csv

$ /home/ubuntu/.venv/bin/python3 /home/ubuntu/apps/election-app/stats/4-stats.py
Reading 2024_county_results_with_calcs_new.csv...
Aggregating statewide totals...
Calculating percentages and margins...
Writing to output_statewide_stats.csv...
Done!
[2026-01-25 20:23:59] INFO: [PIPELINE] ENTER win-prob generation | states=['OH'] ts_list=['2024-11-05T15-30-22']

============================================================================
[01/1] STATE = OH
============================================================================

$ /home/ubuntu/.venv/bin/python3 /home/ubuntu/apps/election-app/stats/5-snapshots.py --state OH --input /home/ubuntu/apps/election-app/win_prob/H/OH/12/_work/output_statewide_stats.csv --output /home/ubuntu/apps/election-app/win_prob/H/OH/12/snapshots_OH.csv --start 2024-11-05T15-30-22 --end 2024-11-05T15-30-22 --use-window 1 --interval 30
Mode: windowed-one-state
Rows written: 12
Distinct states in output: OH
Rows per normalized timestamp (empty = unparseable):
  2024-11-05T15-30-22: 12
Wrote /home/ubuntu/apps/election-app/win_prob/H/OH/12/snapshots_OH.csv

$ /home/ubuntu/.venv/bin/python3 /home/ubuntu/apps/election-app/stats/6-pval.py /home/ubuntu/apps/election-app/win_prob/H/OH/12/snapshots_OH.csv -t /home/ubuntu/apps/election-app/stats/parameters.csv -o /home/ubuntu/apps/election-app/win_prob/H/OH/12/data_output_OH.csv -c 50
Done. Wrote: /home/ubuntu/apps/election-app/win_prob/H/OH/12/data_output_OH.csv
Total rows: 12 (chunked, resumable).
Computed columns for PVALS = [0.01, 0.1, 1, 2, 3, 5, 10, 15, 20, 25, 30, 35, 40, 45, 50, 55, 60, 65, 70, 75, 80, 85, 90, 95, 97, 98, 99, 99.9, 99.99]
Per p (leader): shift_{p}, margin_new_{p}, harris_percent_new_{p}, trump_percent_new_{p}, total_snapshot_{p}, total_expected_{p}, harris_votes_new_{p}, trump_votes_new_{p}
Per p (trailing): shift_trailing_{p}, margin_new_{p}_trailing, harris_percent_new_{p}_trailing, trump_percent_new_{p}_trailing, total_snapshot_{p}_trailing, total_expected_{p}_trailing, harris_votes_new_{p}_trailing, trump_votes_new_{p}_trailing
Checkpoint saved at: /home/ubuntu/apps/election-app/win_prob/H/OH/12/data_output_OH.csv.checkpoint.json

$ /home/ubuntu/.venv/bin/python3 /home/ubuntu/apps/election-app/stats/7-margin-new.py
Wrote data_output_with_margins_old.csv

$ /home/ubuntu/.venv/bin/python3 /home/ubuntu/apps/election-app/stats/7-eevp-statewide.py
Wrote data_output_with_margins.csv (copied from data_output_with_margins_old.csv)

$ /home/ubuntu/.venv/bin/python3 /home/ubuntu/apps/election-app/stats/7.py --input /home/ubuntu/apps/election-app/win_prob/H/OH/12/data_output_OH_with_margins_statewide_eevp.csv --output /home/ubuntu/apps/election-app/win_prob/H/OH/12/statewide_margin_pct_vs_percent_OH_2026.png --state OH --start 2024-11-05T15-30-22 --end 2024-11-05T15-30-22 --stats /home/ubuntu/apps/election-app/win_prob/H/OH/12/stats.csv --stats2 /home/ubuntu/apps/election-app/win_prob/H/OH/12/stats2.csv --interval 30 --year 2026 --jsonl /home/ubuntu/apps/election-app/win_prob/H/OH/12/plotdata_OH_2026_2026-01-25T20-23-50.jsonl
[info] evaluating 1 timestamps from 2024-11-05T15-30-22 to 2024-11-05T15-30-22 every 30 minutes
[saved] probs_timeseries_OH.csv  (1 points)
[saved] /home/ubuntu/apps/election-app/win_prob/H/OH/12/plotdata_OH_2026_2026-01-25T20-23-50.jsonl  (4 points)
[saved] /home/ubuntu/apps/election-app/win_prob/H/OH/12/statewide_margin_pct_vs_percent_OH_2026_box.json
[saved] /home/ubuntu/apps/election-app/win_prob/H/OH/12/statewide_margin_pct_vs_percent_OH_2026_box.png
[saved] /home/ubuntu/apps/election-app/win_prob/H/OH/12/statewide_margin_pct_vs_percent_OH_2026.png

All 50 states complete. See: /home/ubuntu/apps/election-app/win_prob/H/OH/12

$ /home/ubuntu/.venv/bin/python3 /home/ubuntu/apps/election-app/stats/8.py --root /home/ubuntu/apps/election-app/win_prob/H/OH/12/_work --outdir /home/ubuntu/apps/election-app/win_prob/H/OH/12
[info] root  = /home/ubuntu/apps/election-app/win_prob/H/OH/12/_work
[info] outdir= /home/ubuntu/apps/election-app/win_prob/H/OH/12
[deleted] /home/ubuntu/apps/election-app/win_prob/H/OH/12/_work/stats_with_statewide.csv
[deleted] /home/ubuntu/apps/election-app/win_prob/H/OH/12/_work/stats2_final_headers.csv
[deleted] /home/ubuntu/apps/election-app/win_prob/H/OH/12/_work/2024_county_results_with_final-old.csv
[deleted] /home/ubuntu/apps/election-app/win_prob/H/OH/12/_work/2024_county_results_with_final.csv
[deleted] /home/ubuntu/apps/election-app/win_prob/H/OH/12/_work/2024_county_results_with_final_1.csv
[deleted] /home/ubuntu/apps/election-app/win_prob/H/OH/12/_work/2024_county_results_with_calcs-old.csv
[deleted] /home/ubuntu/apps/election-app/win_prob/H/OH/12/_work/2024_county_results_with_calcs_new.csv
[deleted] /home/ubuntu/apps/election-app/win_prob/H/OH/12/_work/output_statewide_stats.csv
[skip]    /home/ubuntu/apps/election-app/win_prob/H/OH/12/_work/probs_timeseries_PA.csv
[deleted] /home/ubuntu/apps/election-app/win_prob/H/OH/12/_work/2024_county_results_with_calcs.csv
[skip]    /home/ubuntu/apps/election-app/win_prob/H/OH/12/data_output.csv
[skip]    /home/ubuntu/apps/election-app/win_prob/H/OH/12/data_output_with_margins_old.csv
[skip]    /home/ubuntu/apps/election-app/win_prob/H/OH/12/data_output_with_margins.csv
[skip]    /home/ubuntu/apps/election-app/win_prob/H/OH/12/data_output_with_margins-statewide.csv
[deleted] /home/ubuntu/apps/election-app/win_prob/H/OH/12/snapshots_OH.csv
[deleted] /home/ubuntu/apps/election-app/win_prob/H/OH/12/data_output_OH.csv
[deleted] /home/ubuntu/apps/election-app/win_prob/H/OH/12/data_output_OH_with_margins_statewide_eevp.csv
[deleted] /home/ubuntu/apps/election-app/win_prob/H/OH/12/data_output_OH_with_margins.csv
[deleted] /home/ubuntu/apps/election-app/win_prob/H/OH/12/data_output_OH.csv.checkpoint.json
[deleted] /home/ubuntu/apps/election-app/win_prob/H/OH/12/stats.csv
[deleted] /home/ubuntu/apps/election-app/win_prob/H/OH/12/stats2.csv
[done] removed 16 file(s)
[2026-01-25 20:30:46] INFO: [PIPELINE] args: office=H state=OH district=12
[2026-01-25 20:30:46] INFO: [PIPELINE] WINPROB_DIR resolved to: /home/ubuntu/apps/election-app/win_prob/H/OH/12
[2026-01-25 20:30:46] INFO: [PIPELINE] OUTDIR set to: /home/ubuntu/apps/election-app/win_prob/H/OH/12

$ /home/ubuntu/.venv/bin/python3 /home/ubuntu/apps/election-app/stats/1-statewide.py --input /home/ubuntu/apps/election-app/win_prob/H/OH/12/stats.csv --output /home/ubuntu/apps/election-app/win_prob/H/OH/12/_work/stats_with_statewide.csv
Wrote /home/ubuntu/apps/election-app/win_prob/H/OH/12/_work/stats_with_statewide.csv (rows=12)

$ /home/ubuntu/.venv/bin/python3 /home/ubuntu/apps/election-app/stats/1-stats-2.py --input /home/ubuntu/apps/election-app/win_prob/H/OH/12/stats2.csv --output /home/ubuntu/apps/election-app/win_prob/H/OH/12/_work/stats2_final_headers.csv
Wrote /home/ubuntu/apps/election-app/win_prob/H/OH/12/_work/stats2_final_headers.csv (rows=12)

$ /home/ubuntu/.venv/bin/python3 /home/ubuntu/apps/election-app/stats/1-append-new.py
Wrote 2024_county_results_with_final-old.csv (rows=12, missing_final_matches=0)

$ /home/ubuntu/.venv/bin/python3 /home/ubuntu/apps/election-app/stats/1-change_header.py
Wrote: 2024_county_results_with_final.csv

$ /home/ubuntu/.venv/bin/python3 /home/ubuntu/apps/election-app/stats/1-cut-zero-fips.py
Wrote: 2024_county_results_with_final_1.csv
Rows before: 12
Rows after:  12
Dropped (fips == 0): 0

$ /home/ubuntu/.venv/bin/python3 /home/ubuntu/apps/election-app/stats/2-calc.py
Wrote 12 rows with calculations to /home/ubuntu/apps/election-app/win_prob/H/OH/12/_work/2024_county_results_with_calcs-old.csv

$ /home/ubuntu/.venv/bin/python3 /home/ubuntu/apps/election-app/stats/2-eevp.py
Wrote (no-op copy): 2024_county_results_with_calcs.csv
Columns:
 - timestamp
 - state
 - county
 - fips
 - trump_votes
 - harris_votes
 - other_votes
 - eevp
 - state_eevp
 - harris_votes_statewide
 - trump_votes_statewide
 - other_votes_statewide
 - final_state
 - final_county
 - final_fips
 - final_trump_votes
 - final_harris_votes
 - final_other_votes
 - harris_percent_snapshot
 - trump_percent_snapshot
 - margin_snapshot
 - harris_percent_final
 - trump_percent_final
 - margin_final
 - margin_difference
 - margin_difference_abs

$ /home/ubuntu/.venv/bin/python3 /home/ubuntu/apps/election-app/stats/3-calc-new.py
Wrote 12 rows with new columns to /home/ubuntu/apps/election-app/win_prob/H/OH/12/_work/2024_county_results_with_calcs_new.csv

$ /home/ubuntu/.venv/bin/python3 /home/ubuntu/apps/election-app/stats/4-stats.py
Reading 2024_county_results_with_calcs_new.csv...
Aggregating statewide totals...
Calculating percentages and margins...
Writing to output_statewide_stats.csv...
Done!
[2026-01-25 20:30:55] INFO: [PIPELINE] ENTER win-prob generation | states=['OH'] ts_list=['2024-11-05T15-30-22']

============================================================================
[01/1] STATE = OH
============================================================================

$ /home/ubuntu/.venv/bin/python3 /home/ubuntu/apps/election-app/stats/5-snapshots.py --state OH --input /home/ubuntu/apps/election-app/win_prob/H/OH/12/_work/output_statewide_stats.csv --output /home/ubuntu/apps/election-app/win_prob/H/OH/12/snapshots_OH.csv --start 2024-11-05T15-30-22 --end 2024-11-05T15-30-22 --use-window 1 --interval 30
Mode: windowed-one-state
Rows written: 12
Distinct states in output: OH
Rows per normalized timestamp (empty = unparseable):
  2024-11-05T15-30-22: 12
Wrote /home/ubuntu/apps/election-app/win_prob/H/OH/12/snapshots_OH.csv

$ /home/ubuntu/.venv/bin/python3 /home/ubuntu/apps/election-app/stats/6-pval.py /home/ubuntu/apps/election-app/win_prob/H/OH/12/snapshots_OH.csv -t /home/ubuntu/apps/election-app/stats/parameters.csv -o /home/ubuntu/apps/election-app/win_prob/H/OH/12/data_output_OH.csv -c 50
Done. Wrote: /home/ubuntu/apps/election-app/win_prob/H/OH/12/data_output_OH.csv
Total rows: 12 (chunked, resumable).
Computed columns for PVALS = [0.01, 0.1, 1, 2, 3, 5, 10, 15, 20, 25, 30, 35, 40, 45, 50, 55, 60, 65, 70, 75, 80, 85, 90, 95, 97, 98, 99, 99.9, 99.99]
Per p (leader): shift_{p}, margin_new_{p}, harris_percent_new_{p}, trump_percent_new_{p}, total_snapshot_{p}, total_expected_{p}, harris_votes_new_{p}, trump_votes_new_{p}
Per p (trailing): shift_trailing_{p}, margin_new_{p}_trailing, harris_percent_new_{p}_trailing, trump_percent_new_{p}_trailing, total_snapshot_{p}_trailing, total_expected_{p}_trailing, harris_votes_new_{p}_trailing, trump_votes_new_{p}_trailing
Checkpoint saved at: /home/ubuntu/apps/election-app/win_prob/H/OH/12/data_output_OH.csv.checkpoint.json

$ /home/ubuntu/.venv/bin/python3 /home/ubuntu/apps/election-app/stats/7-margin-new.py
Wrote data_output_with_margins_old.csv

$ /home/ubuntu/.venv/bin/python3 /home/ubuntu/apps/election-app/stats/7-eevp-statewide.py
Wrote data_output_with_margins.csv (copied from data_output_with_margins_old.csv)

$ /home/ubuntu/.venv/bin/python3 /home/ubuntu/apps/election-app/stats/7.py --input /home/ubuntu/apps/election-app/win_prob/H/OH/12/data_output_OH_with_margins_statewide_eevp.csv --output /home/ubuntu/apps/election-app/win_prob/H/OH/12/statewide_margin_pct_vs_percent_OH_2026.png --state OH --start 2024-11-05T15-30-22 --end 2024-11-05T15-30-22 --stats /home/ubuntu/apps/election-app/win_prob/H/OH/12/stats.csv --stats2 /home/ubuntu/apps/election-app/win_prob/H/OH/12/stats2.csv --interval 30 --year 2026 --jsonl /home/ubuntu/apps/election-app/win_prob/H/OH/12/plotdata_OH_2026_2026-01-25T20-30-46.jsonl
[info] evaluating 1 timestamps from 2024-11-05T15-30-22 to 2024-11-05T15-30-22 every 30 minutes
[saved] probs_timeseries_OH.csv  (1 points)
[saved] /home/ubuntu/apps/election-app/win_prob/H/OH/12/plotdata_OH_2026_2026-01-25T20-30-46.jsonl  (4 points)
[saved] /home/ubuntu/apps/election-app/win_prob/H/OH/12/statewide_margin_pct_vs_percent_OH_2026_box.json
[saved] /home/ubuntu/apps/election-app/win_prob/H/OH/12/statewide_margin_pct_vs_percent_OH_2026_box.png
[saved] /home/ubuntu/apps/election-app/win_prob/H/OH/12/statewide_margin_pct_vs_percent_OH_2026.png

All 50 states complete. See: /home/ubuntu/apps/election-app/win_prob/H/OH/12

$ /home/ubuntu/.venv/bin/python3 /home/ubuntu/apps/election-app/stats/8.py --root /home/ubuntu/apps/election-app/win_prob/H/OH/12/_work --outdir /home/ubuntu/apps/election-app/win_prob/H/OH/12
[info] root  = /home/ubuntu/apps/election-app/win_prob/H/OH/12/_work
[info] outdir= /home/ubuntu/apps/election-app/win_prob/H/OH/12
[deleted] /home/ubuntu/apps/election-app/win_prob/H/OH/12/_work/stats_with_statewide.csv
[deleted] /home/ubuntu/apps/election-app/win_prob/H/OH/12/_work/stats2_final_headers.csv
[deleted] /home/ubuntu/apps/election-app/win_prob/H/OH/12/_work/2024_county_results_with_final-old.csv
[deleted] /home/ubuntu/apps/election-app/win_prob/H/OH/12/_work/2024_county_results_with_final.csv
[deleted] /home/ubuntu/apps/election-app/win_prob/H/OH/12/_work/2024_county_results_with_final_1.csv
[deleted] /home/ubuntu/apps/election-app/win_prob/H/OH/12/_work/2024_county_results_with_calcs-old.csv
[deleted] /home/ubuntu/apps/election-app/win_prob/H/OH/12/_work/2024_county_results_with_calcs_new.csv
[deleted] /home/ubuntu/apps/election-app/win_prob/H/OH/12/_work/output_statewide_stats.csv
[skip]    /home/ubuntu/apps/election-app/win_prob/H/OH/12/_work/probs_timeseries_PA.csv
[deleted] /home/ubuntu/apps/election-app/win_prob/H/OH/12/_work/2024_county_results_with_calcs.csv
[skip]    /home/ubuntu/apps/election-app/win_prob/H/OH/12/data_output.csv
[skip]    /home/ubuntu/apps/election-app/win_prob/H/OH/12/data_output_with_margins_old.csv
[skip]    /home/ubuntu/apps/election-app/win_prob/H/OH/12/data_output_with_margins.csv
[skip]    /home/ubuntu/apps/election-app/win_prob/H/OH/12/data_output_with_margins-statewide.csv
[deleted] /home/ubuntu/apps/election-app/win_prob/H/OH/12/snapshots_OH.csv
[deleted] /home/ubuntu/apps/election-app/win_prob/H/OH/12/data_output_OH.csv
[deleted] /home/ubuntu/apps/election-app/win_prob/H/OH/12/data_output_OH_with_margins_statewide_eevp.csv
[deleted] /home/ubuntu/apps/election-app/win_prob/H/OH/12/data_output_OH_with_margins.csv
[deleted] /home/ubuntu/apps/election-app/win_prob/H/OH/12/data_output_OH.csv.checkpoint.json
[deleted] /home/ubuntu/apps/election-app/win_prob/H/OH/12/stats.csv
[deleted] /home/ubuntu/apps/election-app/win_prob/H/OH/12/stats2.csv
[done] removed 16 file(s)
[2026-02-04 17:54:19] INFO: [PIPELINE] args: office=H state=OH district=12
[2026-02-04 17:54:19] INFO: [PIPELINE] WINPROB_DIR resolved to: /home/ubuntu/apps/election-app/win_prob/H/OH/12
[2026-02-04 17:54:19] INFO: [PIPELINE] OUTDIR set to: /home/ubuntu/apps/election-app/win_prob/H/OH/12

$ /home/ubuntu/.venv/bin/python3 /home/ubuntu/apps/election-app/stats/1-statewide.py --input /home/ubuntu/apps/election-app/win_prob/H/OH/12/stats.csv --output /home/ubuntu/apps/election-app/win_prob/H/OH/12/_work/stats_with_statewide.csv
Wrote /home/ubuntu/apps/election-app/win_prob/H/OH/12/_work/stats_with_statewide.csv (rows=12)

$ /home/ubuntu/.venv/bin/python3 /home/ubuntu/apps/election-app/stats/1-stats-2.py --input /home/ubuntu/apps/election-app/win_prob/H/OH/12/stats2.csv --output /home/ubuntu/apps/election-app/win_prob/H/OH/12/_work/stats2_final_headers.csv
Wrote /home/ubuntu/apps/election-app/win_prob/H/OH/12/_work/stats2_final_headers.csv (rows=12)

$ /home/ubuntu/.venv/bin/python3 /home/ubuntu/apps/election-app/stats/1-append-new.py
Wrote 2024_county_results_with_final-old.csv (rows=12, missing_final_matches=0)

$ /home/ubuntu/.venv/bin/python3 /home/ubuntu/apps/election-app/stats/1-change_header.py
Wrote: 2024_county_results_with_final.csv

$ /home/ubuntu/.venv/bin/python3 /home/ubuntu/apps/election-app/stats/1-cut-zero-fips.py
Wrote: 2024_county_results_with_final_1.csv
Rows before: 12
Rows after:  12
Dropped (fips == 0): 0

$ /home/ubuntu/.venv/bin/python3 /home/ubuntu/apps/election-app/stats/2-calc.py
Wrote 12 rows with calculations to /home/ubuntu/apps/election-app/win_prob/H/OH/12/_work/2024_county_results_with_calcs-old.csv

$ /home/ubuntu/.venv/bin/python3 /home/ubuntu/apps/election-app/stats/2-eevp.py
Wrote (no-op copy): 2024_county_results_with_calcs.csv
Columns:
 - timestamp
 - state
 - county
 - fips
 - trump_votes
 - harris_votes
 - other_votes
 - eevp
 - state_eevp
 - harris_votes_statewide
 - trump_votes_statewide
 - other_votes_statewide
 - final_state
 - final_county
 - final_fips
 - final_trump_votes
 - final_harris_votes
 - final_other_votes
 - harris_percent_snapshot
 - trump_percent_snapshot
 - margin_snapshot
 - harris_percent_final
 - trump_percent_final
 - margin_final
 - margin_difference
 - margin_difference_abs

$ /home/ubuntu/.venv/bin/python3 /home/ubuntu/apps/election-app/stats/3-calc-new.py
Wrote 12 rows with new columns to /home/ubuntu/apps/election-app/win_prob/H/OH/12/_work/2024_county_results_with_calcs_new.csv

$ /home/ubuntu/.venv/bin/python3 /home/ubuntu/apps/election-app/stats/4-stats.py
Reading 2024_county_results_with_calcs_new.csv...
Aggregating statewide totals...
Calculating percentages and margins...
Writing to output_statewide_stats.csv...
Done!
[2026-02-04 17:54:28] INFO: [PIPELINE] ENTER win-prob generation | states=['OH'] ts_list=['2024-11-05T15-30-22']

============================================================================
[01/1] STATE = OH
============================================================================

$ /home/ubuntu/.venv/bin/python3 /home/ubuntu/apps/election-app/stats/5-snapshots.py --state OH --input /home/ubuntu/apps/election-app/win_prob/H/OH/12/_work/output_statewide_stats.csv --output /home/ubuntu/apps/election-app/win_prob/H/OH/12/snapshots_OH.csv --start 2024-11-05T15-30-22 --end 2024-11-05T15-30-22 --use-window 1 --interval 30
Mode: windowed-one-state
Rows written: 12
Distinct states in output: OH
Rows per normalized timestamp (empty = unparseable):
  2024-11-05T15-30-22: 12
Wrote /home/ubuntu/apps/election-app/win_prob/H/OH/12/snapshots_OH.csv

$ /home/ubuntu/.venv/bin/python3 /home/ubuntu/apps/election-app/stats/6-pval.py /home/ubuntu/apps/election-app/win_prob/H/OH/12/snapshots_OH.csv -t /home/ubuntu/apps/election-app/stats/parameters.csv -o /home/ubuntu/apps/election-app/win_prob/H/OH/12/data_output_OH.csv -c 50
Done. Wrote: /home/ubuntu/apps/election-app/win_prob/H/OH/12/data_output_OH.csv
Total rows: 12 (chunked, resumable).
Computed columns for PVALS = [0.01, 0.1, 1, 2, 3, 5, 10, 15, 20, 25, 30, 35, 40, 45, 50, 55, 60, 65, 70, 75, 80, 85, 90, 95, 97, 98, 99, 99.9, 99.99]
Per p (leader): shift_{p}, margin_new_{p}, harris_percent_new_{p}, trump_percent_new_{p}, total_snapshot_{p}, total_expected_{p}, harris_votes_new_{p}, trump_votes_new_{p}
Per p (trailing): shift_trailing_{p}, margin_new_{p}_trailing, harris_percent_new_{p}_trailing, trump_percent_new_{p}_trailing, total_snapshot_{p}_trailing, total_expected_{p}_trailing, harris_votes_new_{p}_trailing, trump_votes_new_{p}_trailing
Checkpoint saved at: /home/ubuntu/apps/election-app/win_prob/H/OH/12/data_output_OH.csv.checkpoint.json

$ /home/ubuntu/.venv/bin/python3 /home/ubuntu/apps/election-app/stats/7-margin-new.py
Wrote data_output_with_margins_old.csv

$ /home/ubuntu/.venv/bin/python3 /home/ubuntu/apps/election-app/stats/7-eevp-statewide.py
Wrote data_output_with_margins.csv (copied from data_output_with_margins_old.csv)

$ /home/ubuntu/.venv/bin/python3 /home/ubuntu/apps/election-app/stats/7.py --input /home/ubuntu/apps/election-app/win_prob/H/OH/12/data_output_OH_with_margins_statewide_eevp.csv --output /home/ubuntu/apps/election-app/win_prob/H/OH/12/statewide_margin_pct_vs_percent_OH_2026.png --state OH --start 2024-11-05T15-30-22 --end 2024-11-05T15-30-22 --stats /home/ubuntu/apps/election-app/win_prob/H/OH/12/stats.csv --stats2 /home/ubuntu/apps/election-app/win_prob/H/OH/12/stats2.csv --interval 30 --year 2026 --jsonl /home/ubuntu/apps/election-app/win_prob/H/OH/12/plotdata_OH_2026_2026-02-04T17-54-19.jsonl
[info] evaluating 1 timestamps from 2024-11-05T15-30-22 to 2024-11-05T15-30-22 every 30 minutes
[saved] probs_timeseries_OH.csv  (1 points)
[saved] /home/ubuntu/apps/election-app/win_prob/H/OH/12/plotdata_OH_2026_2026-02-04T17-54-19.jsonl  (4 points)
[saved] /home/ubuntu/apps/election-app/win_prob/H/OH/12/statewide_margin_pct_vs_percent_OH_2026_box.json
[saved] /home/ubuntu/apps/election-app/win_prob/H/OH/12/statewide_margin_pct_vs_percent_OH_2026_box.png
[saved] /home/ubuntu/apps/election-app/win_prob/H/OH/12/statewide_margin_pct_vs_percent_OH_2026.png

All 50 states complete. See: /home/ubuntu/apps/election-app/win_prob/H/OH/12

$ /home/ubuntu/.venv/bin/python3 /home/ubuntu/apps/election-app/stats/8.py --root /home/ubuntu/apps/election-app/win_prob/H/OH/12/_work --outdir /home/ubuntu/apps/election-app/win_prob/H/OH/12
[info] root  = /home/ubuntu/apps/election-app/win_prob/H/OH/12/_work
[info] outdir= /home/ubuntu/apps/election-app/win_prob/H/OH/12
[deleted] /home/ubuntu/apps/election-app/win_prob/H/OH/12/_work/stats_with_statewide.csv
[deleted] /home/ubuntu/apps/election-app/win_prob/H/OH/12/_work/stats2_final_headers.csv
[deleted] /home/ubuntu/apps/election-app/win_prob/H/OH/12/_work/2024_county_results_with_final-old.csv
[deleted] /home/ubuntu/apps/election-app/win_prob/H/OH/12/_work/2024_county_results_with_final.csv
[deleted] /home/ubuntu/apps/election-app/win_prob/H/OH/12/_work/2024_county_results_with_final_1.csv
[deleted] /home/ubuntu/apps/election-app/win_prob/H/OH/12/_work/2024_county_results_with_calcs-old.csv
[deleted] /home/ubuntu/apps/election-app/win_prob/H/OH/12/_work/2024_county_results_with_calcs_new.csv
[deleted] /home/ubuntu/apps/election-app/win_prob/H/OH/12/_work/output_statewide_stats.csv
[skip]    /home/ubuntu/apps/election-app/win_prob/H/OH/12/_work/probs_timeseries_PA.csv
[deleted] /home/ubuntu/apps/election-app/win_prob/H/OH/12/_work/2024_county_results_with_calcs.csv
[skip]    /home/ubuntu/apps/election-app/win_prob/H/OH/12/data_output.csv
[skip]    /home/ubuntu/apps/election-app/win_prob/H/OH/12/data_output_with_margins_old.csv
[skip]    /home/ubuntu/apps/election-app/win_prob/H/OH/12/data_output_with_margins.csv
[skip]    /home/ubuntu/apps/election-app/win_prob/H/OH/12/data_output_with_margins-statewide.csv
[deleted] /home/ubuntu/apps/election-app/win_prob/H/OH/12/snapshots_OH.csv
[deleted] /home/ubuntu/apps/election-app/win_prob/H/OH/12/data_output_OH.csv
[deleted] /home/ubuntu/apps/election-app/win_prob/H/OH/12/data_output_OH_with_margins_statewide_eevp.csv
[deleted] /home/ubuntu/apps/election-app/win_prob/H/OH/12/data_output_OH_with_margins.csv
[deleted] /home/ubuntu/apps/election-app/win_prob/H/OH/12/data_output_OH.csv.checkpoint.json
[deleted] /home/ubuntu/apps/election-app/win_prob/H/OH/12/stats.csv
[deleted] /home/ubuntu/apps/election-app/win_prob/H/OH/12/stats2.csv
[done] removed 16 file(s)
