[2026-01-22 19:08:25] INFO: [PIPELINE] args: office=P state=CO district=None
[2026-01-22 19:08:25] INFO: [PIPELINE] WINPROB_DIR resolved to: /home/ubuntu/apps/election-app/win_prob/P/CO
[2026-01-22 19:08:25] INFO: [PIPELINE] OUTDIR set to: /home/ubuntu/apps/election-app/win_prob/P/CO

$ /home/ubuntu/.venv/bin/python3 /home/ubuntu/apps/election-app/stats/1-statewide.py --input /home/ubuntu/apps/election-app/win_prob/P/CO/stats.csv --output /home/ubuntu/apps/election-app/win_prob/P/CO/_work/stats_with_statewide.csv
Wrote /home/ubuntu/apps/election-app/win_prob/P/CO/_work/stats_with_statewide.csv (rows=64)

$ /home/ubuntu/.venv/bin/python3 /home/ubuntu/apps/election-app/stats/1-stats-2.py --input /home/ubuntu/apps/election-app/win_prob/P/CO/stats2.csv --output /home/ubuntu/apps/election-app/win_prob/P/CO/_work/stats2_final_headers.csv
Wrote /home/ubuntu/apps/election-app/win_prob/P/CO/_work/stats2_final_headers.csv (rows=64)

$ /home/ubuntu/.venv/bin/python3 /home/ubuntu/apps/election-app/stats/1-append-new.py
Wrote 2024_county_results_with_final-old.csv (rows=64, missing_final_matches=0)

$ /home/ubuntu/.venv/bin/python3 /home/ubuntu/apps/election-app/stats/1-change_header.py
Wrote: 2024_county_results_with_final.csv

$ /home/ubuntu/.venv/bin/python3 /home/ubuntu/apps/election-app/stats/1-cut-zero-fips.py
Wrote: 2024_county_results_with_final_1.csv
Rows before: 64
Rows after:  64
Dropped (fips == 0): 0

$ /home/ubuntu/.venv/bin/python3 /home/ubuntu/apps/election-app/stats/2-calc.py
Wrote 64 rows with calculations to /home/ubuntu/apps/election-app/win_prob/P/CO/_work/2024_county_results_with_calcs-old.csv

$ /home/ubuntu/.venv/bin/python3 /home/ubuntu/apps/election-app/stats/2-eevp.py
Wrote (no-op copy): 2024_county_results_with_calcs.csv
Columns:
 - timestamp
 - state
 - county
 - fips
 - trump_votes
 - harris_votes
 - other_votes
 - eevp
 - state_eevp
 - harris_votes_statewide
 - trump_votes_statewide
 - other_votes_statewide
 - final_state
 - final_county
 - final_fips
 - final_trump_votes
 - final_harris_votes
 - final_other_votes
 - harris_percent_snapshot
 - trump_percent_snapshot
 - margin_snapshot
 - harris_percent_final
 - trump_percent_final
 - margin_final
 - margin_difference
 - margin_difference_abs

$ /home/ubuntu/.venv/bin/python3 /home/ubuntu/apps/election-app/stats/3-calc-new.py
Wrote 64 rows with new columns to /home/ubuntu/apps/election-app/win_prob/P/CO/_work/2024_county_results_with_calcs_new.csv

$ /home/ubuntu/.venv/bin/python3 /home/ubuntu/apps/election-app/stats/4-stats.py
Reading 2024_county_results_with_calcs_new.csv...
Aggregating statewide totals...
Calculating percentages and margins...
Writing to output_statewide_stats.csv...
Done!
[2026-01-22 19:08:34] INFO: [PIPELINE] ENTER win-prob generation | states=['CO'] ts_list=['2024-11-05T15-30-22']

============================================================================
[01/1] STATE = CO
============================================================================

$ /home/ubuntu/.venv/bin/python3 /home/ubuntu/apps/election-app/stats/5-snapshots.py --state CO --input /home/ubuntu/apps/election-app/win_prob/P/CO/_work/output_statewide_stats.csv --output /home/ubuntu/apps/election-app/win_prob/P/CO/snapshots_CO.csv --start 2024-11-05T15-30-22 --end 2024-11-05T15-30-22 --use-window 1 --interval 30
Mode: windowed-one-state
Rows written: 64
Distinct states in output: CO
Rows per normalized timestamp (empty = unparseable):
  2024-11-05T15-30-22: 64
Wrote /home/ubuntu/apps/election-app/win_prob/P/CO/snapshots_CO.csv

$ /home/ubuntu/.venv/bin/python3 /home/ubuntu/apps/election-app/stats/6-pval.py /home/ubuntu/apps/election-app/win_prob/P/CO/snapshots_CO.csv -t /home/ubuntu/apps/election-app/stats/parameters.csv -o /home/ubuntu/apps/election-app/win_prob/P/CO/data_output_CO.csv -c 50
Done. Wrote: /home/ubuntu/apps/election-app/win_prob/P/CO/data_output_CO.csv
Total rows: 64 (chunked, resumable).
Computed columns for PVALS = [0.01, 0.1, 1, 2, 3, 5, 10, 15, 20, 25, 30, 35, 40, 45, 50, 55, 60, 65, 70, 75, 80, 85, 90, 95, 97, 98, 99, 99.9, 99.99]
Per p (leader): shift_{p}, margin_new_{p}, harris_percent_new_{p}, trump_percent_new_{p}, total_snapshot_{p}, total_expected_{p}, harris_votes_new_{p}, trump_votes_new_{p}
Per p (trailing): shift_trailing_{p}, margin_new_{p}_trailing, harris_percent_new_{p}_trailing, trump_percent_new_{p}_trailing, total_snapshot_{p}_trailing, total_expected_{p}_trailing, harris_votes_new_{p}_trailing, trump_votes_new_{p}_trailing
Checkpoint saved at: /home/ubuntu/apps/election-app/win_prob/P/CO/data_output_CO.csv.checkpoint.json

$ /home/ubuntu/.venv/bin/python3 /home/ubuntu/apps/election-app/stats/7-margin-new.py
Wrote data_output_with_margins_old.csv

$ /home/ubuntu/.venv/bin/python3 /home/ubuntu/apps/election-app/stats/7-eevp-statewide.py
Wrote data_output_with_margins.csv (copied from data_output_with_margins_old.csv)

$ /home/ubuntu/.venv/bin/python3 /home/ubuntu/apps/election-app/stats/7.py --input /home/ubuntu/apps/election-app/win_prob/P/CO/data_output_CO_with_margins_statewide_eevp.csv --output /home/ubuntu/apps/election-app/win_prob/P/CO/statewide_margin_pct_vs_percent_CO_2026.png --state CO --start 2024-11-05T15-30-22 --end 2024-11-05T15-30-22 --stats /home/ubuntu/apps/election-app/win_prob/P/CO/stats.csv --stats2 /home/ubuntu/apps/election-app/win_prob/P/CO/stats2.csv --interval 30 --year 2026 --jsonl /home/ubuntu/apps/election-app/win_prob/P/CO/plotdata_CO_2026_2026-01-22T19-08-25.jsonl
[info] evaluating 1 timestamps from 2024-11-05T15-30-22 to 2024-11-05T15-30-22 every 30 minutes
[saved] probs_timeseries_CO.csv  (1 points)
[saved] /home/ubuntu/apps/election-app/win_prob/P/CO/plotdata_CO_2026_2026-01-22T19-08-25.jsonl  (0 points)
[saved] /home/ubuntu/apps/election-app/win_prob/P/CO/statewide_margin_pct_vs_percent_CO_2026_box.json
[saved] /home/ubuntu/apps/election-app/win_prob/P/CO/statewide_margin_pct_vs_percent_CO_2026_box.png
[saved] /home/ubuntu/apps/election-app/win_prob/P/CO/statewide_margin_pct_vs_percent_CO_2026.png

All 50 states complete. See: /home/ubuntu/apps/election-app/win_prob/P/CO

$ /home/ubuntu/.venv/bin/python3 /home/ubuntu/apps/election-app/stats/8.py --root /home/ubuntu/apps/election-app/win_prob/P/CO/_work --outdir /home/ubuntu/apps/election-app/win_prob/P/CO
[info] root  = /home/ubuntu/apps/election-app/win_prob/P/CO/_work
[info] outdir= /home/ubuntu/apps/election-app/win_prob/P/CO
[deleted] /home/ubuntu/apps/election-app/win_prob/P/CO/_work/stats_with_statewide.csv
[deleted] /home/ubuntu/apps/election-app/win_prob/P/CO/_work/stats2_final_headers.csv
[deleted] /home/ubuntu/apps/election-app/win_prob/P/CO/_work/2024_county_results_with_final-old.csv
[deleted] /home/ubuntu/apps/election-app/win_prob/P/CO/_work/2024_county_results_with_final.csv
[deleted] /home/ubuntu/apps/election-app/win_prob/P/CO/_work/2024_county_results_with_final_1.csv
[deleted] /home/ubuntu/apps/election-app/win_prob/P/CO/_work/2024_county_results_with_calcs-old.csv
[deleted] /home/ubuntu/apps/election-app/win_prob/P/CO/_work/2024_county_results_with_calcs_new.csv
[deleted] /home/ubuntu/apps/election-app/win_prob/P/CO/_work/output_statewide_stats.csv
[skip]    /home/ubuntu/apps/election-app/win_prob/P/CO/_work/probs_timeseries_PA.csv
[deleted] /home/ubuntu/apps/election-app/win_prob/P/CO/_work/2024_county_results_with_calcs.csv
[skip]    /home/ubuntu/apps/election-app/win_prob/P/CO/data_output.csv
[skip]    /home/ubuntu/apps/election-app/win_prob/P/CO/data_output_with_margins_old.csv
[skip]    /home/ubuntu/apps/election-app/win_prob/P/CO/data_output_with_margins.csv
[skip]    /home/ubuntu/apps/election-app/win_prob/P/CO/data_output_with_margins-statewide.csv
[deleted] /home/ubuntu/apps/election-app/win_prob/P/CO/snapshots_CO.csv
[deleted] /home/ubuntu/apps/election-app/win_prob/P/CO/data_output_CO_with_margins_statewide_eevp.csv
[deleted] /home/ubuntu/apps/election-app/win_prob/P/CO/data_output_CO.csv
[deleted] /home/ubuntu/apps/election-app/win_prob/P/CO/data_output_CO_with_margins.csv
[deleted] /home/ubuntu/apps/election-app/win_prob/P/CO/data_output_CO.csv.checkpoint.json
[deleted] /home/ubuntu/apps/election-app/win_prob/P/CO/stats.csv
[deleted] /home/ubuntu/apps/election-app/win_prob/P/CO/stats2.csv
[done] removed 16 file(s)
[2026-01-22 19:17:46] INFO: [PIPELINE] args: office=P state=CO district=None
[2026-01-22 19:17:46] INFO: [PIPELINE] WINPROB_DIR resolved to: /home/ubuntu/apps/election-app/win_prob/P/CO
[2026-01-22 19:17:46] INFO: [PIPELINE] OUTDIR set to: /home/ubuntu/apps/election-app/win_prob/P/CO

$ /home/ubuntu/.venv/bin/python3 /home/ubuntu/apps/election-app/stats/1-statewide.py --input /home/ubuntu/apps/election-app/win_prob/P/CO/stats.csv --output /home/ubuntu/apps/election-app/win_prob/P/CO/_work/stats_with_statewide.csv
Wrote /home/ubuntu/apps/election-app/win_prob/P/CO/_work/stats_with_statewide.csv (rows=64)

$ /home/ubuntu/.venv/bin/python3 /home/ubuntu/apps/election-app/stats/1-stats-2.py --input /home/ubuntu/apps/election-app/win_prob/P/CO/stats2.csv --output /home/ubuntu/apps/election-app/win_prob/P/CO/_work/stats2_final_headers.csv
Wrote /home/ubuntu/apps/election-app/win_prob/P/CO/_work/stats2_final_headers.csv (rows=64)

$ /home/ubuntu/.venv/bin/python3 /home/ubuntu/apps/election-app/stats/1-append-new.py
Wrote 2024_county_results_with_final-old.csv (rows=64, missing_final_matches=0)

$ /home/ubuntu/.venv/bin/python3 /home/ubuntu/apps/election-app/stats/1-change_header.py
Wrote: 2024_county_results_with_final.csv

$ /home/ubuntu/.venv/bin/python3 /home/ubuntu/apps/election-app/stats/1-cut-zero-fips.py
Wrote: 2024_county_results_with_final_1.csv
Rows before: 64
Rows after:  64
Dropped (fips == 0): 0

$ /home/ubuntu/.venv/bin/python3 /home/ubuntu/apps/election-app/stats/2-calc.py
Wrote 64 rows with calculations to /home/ubuntu/apps/election-app/win_prob/P/CO/_work/2024_county_results_with_calcs-old.csv

$ /home/ubuntu/.venv/bin/python3 /home/ubuntu/apps/election-app/stats/2-eevp.py
Wrote (no-op copy): 2024_county_results_with_calcs.csv
Columns:
 - timestamp
 - state
 - county
 - fips
 - trump_votes
 - harris_votes
 - other_votes
 - eevp
 - state_eevp
 - harris_votes_statewide
 - trump_votes_statewide
 - other_votes_statewide
 - final_state
 - final_county
 - final_fips
 - final_trump_votes
 - final_harris_votes
 - final_other_votes
 - harris_percent_snapshot
 - trump_percent_snapshot
 - margin_snapshot
 - harris_percent_final
 - trump_percent_final
 - margin_final
 - margin_difference
 - margin_difference_abs

$ /home/ubuntu/.venv/bin/python3 /home/ubuntu/apps/election-app/stats/3-calc-new.py
Wrote 64 rows with new columns to /home/ubuntu/apps/election-app/win_prob/P/CO/_work/2024_county_results_with_calcs_new.csv

$ /home/ubuntu/.venv/bin/python3 /home/ubuntu/apps/election-app/stats/4-stats.py
Reading 2024_county_results_with_calcs_new.csv...
Aggregating statewide totals...
Calculating percentages and margins...
Writing to output_statewide_stats.csv...
Done!
[2026-01-22 19:17:56] INFO: [PIPELINE] ENTER win-prob generation | states=['CO'] ts_list=['2024-11-05T15-30-22']

============================================================================
[01/1] STATE = CO
============================================================================

$ /home/ubuntu/.venv/bin/python3 /home/ubuntu/apps/election-app/stats/5-snapshots.py --state CO --input /home/ubuntu/apps/election-app/win_prob/P/CO/_work/output_statewide_stats.csv --output /home/ubuntu/apps/election-app/win_prob/P/CO/snapshots_CO.csv --start 2024-11-05T15-30-22 --end 2024-11-05T15-30-22 --use-window 1 --interval 30
Mode: windowed-one-state
Rows written: 64
Distinct states in output: CO
Rows per normalized timestamp (empty = unparseable):
  2024-11-05T15-30-22: 64
Wrote /home/ubuntu/apps/election-app/win_prob/P/CO/snapshots_CO.csv

$ /home/ubuntu/.venv/bin/python3 /home/ubuntu/apps/election-app/stats/6-pval.py /home/ubuntu/apps/election-app/win_prob/P/CO/snapshots_CO.csv -t /home/ubuntu/apps/election-app/stats/parameters.csv -o /home/ubuntu/apps/election-app/win_prob/P/CO/data_output_CO.csv -c 50
Done. Wrote: /home/ubuntu/apps/election-app/win_prob/P/CO/data_output_CO.csv
Total rows: 64 (chunked, resumable).
Computed columns for PVALS = [0.01, 0.1, 1, 2, 3, 5, 10, 15, 20, 25, 30, 35, 40, 45, 50, 55, 60, 65, 70, 75, 80, 85, 90, 95, 97, 98, 99, 99.9, 99.99]
Per p (leader): shift_{p}, margin_new_{p}, harris_percent_new_{p}, trump_percent_new_{p}, total_snapshot_{p}, total_expected_{p}, harris_votes_new_{p}, trump_votes_new_{p}
Per p (trailing): shift_trailing_{p}, margin_new_{p}_trailing, harris_percent_new_{p}_trailing, trump_percent_new_{p}_trailing, total_snapshot_{p}_trailing, total_expected_{p}_trailing, harris_votes_new_{p}_trailing, trump_votes_new_{p}_trailing
Checkpoint saved at: /home/ubuntu/apps/election-app/win_prob/P/CO/data_output_CO.csv.checkpoint.json

$ /home/ubuntu/.venv/bin/python3 /home/ubuntu/apps/election-app/stats/7-margin-new.py
Wrote data_output_with_margins_old.csv

$ /home/ubuntu/.venv/bin/python3 /home/ubuntu/apps/election-app/stats/7-eevp-statewide.py
Wrote data_output_with_margins.csv (copied from data_output_with_margins_old.csv)

$ /home/ubuntu/.venv/bin/python3 /home/ubuntu/apps/election-app/stats/7.py --input /home/ubuntu/apps/election-app/win_prob/P/CO/data_output_CO_with_margins_statewide_eevp.csv --output /home/ubuntu/apps/election-app/win_prob/P/CO/statewide_margin_pct_vs_percent_CO_2026.png --state CO --start 2024-11-05T15-30-22 --end 2024-11-05T15-30-22 --stats /home/ubuntu/apps/election-app/win_prob/P/CO/stats.csv --stats2 /home/ubuntu/apps/election-app/win_prob/P/CO/stats2.csv --interval 30 --year 2026 --jsonl /home/ubuntu/apps/election-app/win_prob/P/CO/plotdata_CO_2026_2026-01-22T19-17-46.jsonl
[info] evaluating 1 timestamps from 2024-11-05T15-30-22 to 2024-11-05T15-30-22 every 30 minutes
[saved] probs_timeseries_CO.csv  (1 points)
[saved] /home/ubuntu/apps/election-app/win_prob/P/CO/plotdata_CO_2026_2026-01-22T19-17-46.jsonl  (4 points)
[saved] /home/ubuntu/apps/election-app/win_prob/P/CO/statewide_margin_pct_vs_percent_CO_2026_box.json
[saved] /home/ubuntu/apps/election-app/win_prob/P/CO/statewide_margin_pct_vs_percent_CO_2026_box.png
[saved] /home/ubuntu/apps/election-app/win_prob/P/CO/statewide_margin_pct_vs_percent_CO_2026.png

All 50 states complete. See: /home/ubuntu/apps/election-app/win_prob/P/CO

$ /home/ubuntu/.venv/bin/python3 /home/ubuntu/apps/election-app/stats/8.py --root /home/ubuntu/apps/election-app/win_prob/P/CO/_work --outdir /home/ubuntu/apps/election-app/win_prob/P/CO
[info] root  = /home/ubuntu/apps/election-app/win_prob/P/CO/_work
[info] outdir= /home/ubuntu/apps/election-app/win_prob/P/CO
[deleted] /home/ubuntu/apps/election-app/win_prob/P/CO/_work/stats_with_statewide.csv
[deleted] /home/ubuntu/apps/election-app/win_prob/P/CO/_work/stats2_final_headers.csv
[deleted] /home/ubuntu/apps/election-app/win_prob/P/CO/_work/2024_county_results_with_final-old.csv
[deleted] /home/ubuntu/apps/election-app/win_prob/P/CO/_work/2024_county_results_with_final.csv
[deleted] /home/ubuntu/apps/election-app/win_prob/P/CO/_work/2024_county_results_with_final_1.csv
[deleted] /home/ubuntu/apps/election-app/win_prob/P/CO/_work/2024_county_results_with_calcs-old.csv
[deleted] /home/ubuntu/apps/election-app/win_prob/P/CO/_work/2024_county_results_with_calcs_new.csv
[deleted] /home/ubuntu/apps/election-app/win_prob/P/CO/_work/output_statewide_stats.csv
[skip]    /home/ubuntu/apps/election-app/win_prob/P/CO/_work/probs_timeseries_PA.csv
[deleted] /home/ubuntu/apps/election-app/win_prob/P/CO/_work/2024_county_results_with_calcs.csv
[skip]    /home/ubuntu/apps/election-app/win_prob/P/CO/data_output.csv
[skip]    /home/ubuntu/apps/election-app/win_prob/P/CO/data_output_with_margins_old.csv
[skip]    /home/ubuntu/apps/election-app/win_prob/P/CO/data_output_with_margins.csv
[skip]    /home/ubuntu/apps/election-app/win_prob/P/CO/data_output_with_margins-statewide.csv
[deleted] /home/ubuntu/apps/election-app/win_prob/P/CO/snapshots_CO.csv
[deleted] /home/ubuntu/apps/election-app/win_prob/P/CO/data_output_CO_with_margins_statewide_eevp.csv
[deleted] /home/ubuntu/apps/election-app/win_prob/P/CO/data_output_CO.csv
[deleted] /home/ubuntu/apps/election-app/win_prob/P/CO/data_output_CO_with_margins.csv
[deleted] /home/ubuntu/apps/election-app/win_prob/P/CO/data_output_CO.csv.checkpoint.json
[deleted] /home/ubuntu/apps/election-app/win_prob/P/CO/stats.csv
[deleted] /home/ubuntu/apps/election-app/win_prob/P/CO/stats2.csv
[done] removed 16 file(s)
[2026-01-22 19:24:48] INFO: [PIPELINE] args: office=P state=CO district=None
[2026-01-22 19:24:48] INFO: [PIPELINE] WINPROB_DIR resolved to: /home/ubuntu/apps/election-app/win_prob/P/CO
[2026-01-22 19:24:48] INFO: [PIPELINE] OUTDIR set to: /home/ubuntu/apps/election-app/win_prob/P/CO

$ /home/ubuntu/.venv/bin/python3 /home/ubuntu/apps/election-app/stats/1-statewide.py --input /home/ubuntu/apps/election-app/win_prob/P/CO/stats.csv --output /home/ubuntu/apps/election-app/win_prob/P/CO/_work/stats_with_statewide.csv
Wrote /home/ubuntu/apps/election-app/win_prob/P/CO/_work/stats_with_statewide.csv (rows=64)

$ /home/ubuntu/.venv/bin/python3 /home/ubuntu/apps/election-app/stats/1-stats-2.py --input /home/ubuntu/apps/election-app/win_prob/P/CO/stats2.csv --output /home/ubuntu/apps/election-app/win_prob/P/CO/_work/stats2_final_headers.csv
Wrote /home/ubuntu/apps/election-app/win_prob/P/CO/_work/stats2_final_headers.csv (rows=64)

$ /home/ubuntu/.venv/bin/python3 /home/ubuntu/apps/election-app/stats/1-append-new.py
Wrote 2024_county_results_with_final-old.csv (rows=64, missing_final_matches=0)

$ /home/ubuntu/.venv/bin/python3 /home/ubuntu/apps/election-app/stats/1-change_header.py
Wrote: 2024_county_results_with_final.csv

$ /home/ubuntu/.venv/bin/python3 /home/ubuntu/apps/election-app/stats/1-cut-zero-fips.py
Wrote: 2024_county_results_with_final_1.csv
Rows before: 64
Rows after:  64
Dropped (fips == 0): 0

$ /home/ubuntu/.venv/bin/python3 /home/ubuntu/apps/election-app/stats/2-calc.py
Wrote 64 rows with calculations to /home/ubuntu/apps/election-app/win_prob/P/CO/_work/2024_county_results_with_calcs-old.csv

$ /home/ubuntu/.venv/bin/python3 /home/ubuntu/apps/election-app/stats/2-eevp.py
Wrote (no-op copy): 2024_county_results_with_calcs.csv
Columns:
 - timestamp
 - state
 - county
 - fips
 - trump_votes
 - harris_votes
 - other_votes
 - eevp
 - state_eevp
 - harris_votes_statewide
 - trump_votes_statewide
 - other_votes_statewide
 - final_state
 - final_county
 - final_fips
 - final_trump_votes
 - final_harris_votes
 - final_other_votes
 - harris_percent_snapshot
 - trump_percent_snapshot
 - margin_snapshot
 - harris_percent_final
 - trump_percent_final
 - margin_final
 - margin_difference
 - margin_difference_abs

$ /home/ubuntu/.venv/bin/python3 /home/ubuntu/apps/election-app/stats/3-calc-new.py
Wrote 64 rows with new columns to /home/ubuntu/apps/election-app/win_prob/P/CO/_work/2024_county_results_with_calcs_new.csv

$ /home/ubuntu/.venv/bin/python3 /home/ubuntu/apps/election-app/stats/4-stats.py
Reading 2024_county_results_with_calcs_new.csv...
Aggregating statewide totals...
Calculating percentages and margins...
Writing to output_statewide_stats.csv...
Done!
[2026-01-22 19:24:58] INFO: [PIPELINE] ENTER win-prob generation | states=['CO'] ts_list=['2024-11-05T15-30-22']

============================================================================
[01/1] STATE = CO
============================================================================

$ /home/ubuntu/.venv/bin/python3 /home/ubuntu/apps/election-app/stats/5-snapshots.py --state CO --input /home/ubuntu/apps/election-app/win_prob/P/CO/_work/output_statewide_stats.csv --output /home/ubuntu/apps/election-app/win_prob/P/CO/snapshots_CO.csv --start 2024-11-05T15-30-22 --end 2024-11-05T15-30-22 --use-window 1 --interval 30
Mode: windowed-one-state
Rows written: 64
Distinct states in output: CO
Rows per normalized timestamp (empty = unparseable):
  2024-11-05T15-30-22: 64
Wrote /home/ubuntu/apps/election-app/win_prob/P/CO/snapshots_CO.csv

$ /home/ubuntu/.venv/bin/python3 /home/ubuntu/apps/election-app/stats/6-pval.py /home/ubuntu/apps/election-app/win_prob/P/CO/snapshots_CO.csv -t /home/ubuntu/apps/election-app/stats/parameters.csv -o /home/ubuntu/apps/election-app/win_prob/P/CO/data_output_CO.csv -c 50
Done. Wrote: /home/ubuntu/apps/election-app/win_prob/P/CO/data_output_CO.csv
Total rows: 64 (chunked, resumable).
Computed columns for PVALS = [0.01, 0.1, 1, 2, 3, 5, 10, 15, 20, 25, 30, 35, 40, 45, 50, 55, 60, 65, 70, 75, 80, 85, 90, 95, 97, 98, 99, 99.9, 99.99]
Per p (leader): shift_{p}, margin_new_{p}, harris_percent_new_{p}, trump_percent_new_{p}, total_snapshot_{p}, total_expected_{p}, harris_votes_new_{p}, trump_votes_new_{p}
Per p (trailing): shift_trailing_{p}, margin_new_{p}_trailing, harris_percent_new_{p}_trailing, trump_percent_new_{p}_trailing, total_snapshot_{p}_trailing, total_expected_{p}_trailing, harris_votes_new_{p}_trailing, trump_votes_new_{p}_trailing
Checkpoint saved at: /home/ubuntu/apps/election-app/win_prob/P/CO/data_output_CO.csv.checkpoint.json

$ /home/ubuntu/.venv/bin/python3 /home/ubuntu/apps/election-app/stats/7-margin-new.py
Wrote data_output_with_margins_old.csv

$ /home/ubuntu/.venv/bin/python3 /home/ubuntu/apps/election-app/stats/7-eevp-statewide.py
Wrote data_output_with_margins.csv (copied from data_output_with_margins_old.csv)

$ /home/ubuntu/.venv/bin/python3 /home/ubuntu/apps/election-app/stats/7.py --input /home/ubuntu/apps/election-app/win_prob/P/CO/data_output_CO_with_margins_statewide_eevp.csv --output /home/ubuntu/apps/election-app/win_prob/P/CO/statewide_margin_pct_vs_percent_CO_2026.png --state CO --start 2024-11-05T15-30-22 --end 2024-11-05T15-30-22 --stats /home/ubuntu/apps/election-app/win_prob/P/CO/stats.csv --stats2 /home/ubuntu/apps/election-app/win_prob/P/CO/stats2.csv --interval 30 --year 2026 --jsonl /home/ubuntu/apps/election-app/win_prob/P/CO/plotdata_CO_2026_2026-01-22T19-24-48.jsonl
[info] evaluating 1 timestamps from 2024-11-05T15-30-22 to 2024-11-05T15-30-22 every 30 minutes
[saved] probs_timeseries_CO.csv  (1 points)
[saved] /home/ubuntu/apps/election-app/win_prob/P/CO/plotdata_CO_2026_2026-01-22T19-24-48.jsonl  (4 points)
[saved] /home/ubuntu/apps/election-app/win_prob/P/CO/statewide_margin_pct_vs_percent_CO_2026_box.json
[saved] /home/ubuntu/apps/election-app/win_prob/P/CO/statewide_margin_pct_vs_percent_CO_2026_box.png
[saved] /home/ubuntu/apps/election-app/win_prob/P/CO/statewide_margin_pct_vs_percent_CO_2026.png

All 50 states complete. See: /home/ubuntu/apps/election-app/win_prob/P/CO

$ /home/ubuntu/.venv/bin/python3 /home/ubuntu/apps/election-app/stats/8.py --root /home/ubuntu/apps/election-app/win_prob/P/CO/_work --outdir /home/ubuntu/apps/election-app/win_prob/P/CO
[info] root  = /home/ubuntu/apps/election-app/win_prob/P/CO/_work
[info] outdir= /home/ubuntu/apps/election-app/win_prob/P/CO
[deleted] /home/ubuntu/apps/election-app/win_prob/P/CO/_work/stats_with_statewide.csv
[deleted] /home/ubuntu/apps/election-app/win_prob/P/CO/_work/stats2_final_headers.csv
[deleted] /home/ubuntu/apps/election-app/win_prob/P/CO/_work/2024_county_results_with_final-old.csv
[deleted] /home/ubuntu/apps/election-app/win_prob/P/CO/_work/2024_county_results_with_final.csv
[deleted] /home/ubuntu/apps/election-app/win_prob/P/CO/_work/2024_county_results_with_final_1.csv
[deleted] /home/ubuntu/apps/election-app/win_prob/P/CO/_work/2024_county_results_with_calcs-old.csv
[deleted] /home/ubuntu/apps/election-app/win_prob/P/CO/_work/2024_county_results_with_calcs_new.csv
[deleted] /home/ubuntu/apps/election-app/win_prob/P/CO/_work/output_statewide_stats.csv
[skip]    /home/ubuntu/apps/election-app/win_prob/P/CO/_work/probs_timeseries_PA.csv
[deleted] /home/ubuntu/apps/election-app/win_prob/P/CO/_work/2024_county_results_with_calcs.csv
[skip]    /home/ubuntu/apps/election-app/win_prob/P/CO/data_output.csv
[skip]    /home/ubuntu/apps/election-app/win_prob/P/CO/data_output_with_margins_old.csv
[skip]    /home/ubuntu/apps/election-app/win_prob/P/CO/data_output_with_margins.csv
[skip]    /home/ubuntu/apps/election-app/win_prob/P/CO/data_output_with_margins-statewide.csv
[deleted] /home/ubuntu/apps/election-app/win_prob/P/CO/snapshots_CO.csv
[deleted] /home/ubuntu/apps/election-app/win_prob/P/CO/data_output_CO_with_margins_statewide_eevp.csv
[deleted] /home/ubuntu/apps/election-app/win_prob/P/CO/data_output_CO.csv
[deleted] /home/ubuntu/apps/election-app/win_prob/P/CO/data_output_CO_with_margins.csv
[deleted] /home/ubuntu/apps/election-app/win_prob/P/CO/data_output_CO.csv.checkpoint.json
[deleted] /home/ubuntu/apps/election-app/win_prob/P/CO/stats.csv
[deleted] /home/ubuntu/apps/election-app/win_prob/P/CO/stats2.csv
[done] removed 16 file(s)
[2026-01-22 19:31:51] INFO: [PIPELINE] args: office=P state=CO district=None
[2026-01-22 19:31:51] INFO: [PIPELINE] WINPROB_DIR resolved to: /home/ubuntu/apps/election-app/win_prob/P/CO
[2026-01-22 19:31:51] INFO: [PIPELINE] OUTDIR set to: /home/ubuntu/apps/election-app/win_prob/P/CO

$ /home/ubuntu/.venv/bin/python3 /home/ubuntu/apps/election-app/stats/1-statewide.py --input /home/ubuntu/apps/election-app/win_prob/P/CO/stats.csv --output /home/ubuntu/apps/election-app/win_prob/P/CO/_work/stats_with_statewide.csv
Wrote /home/ubuntu/apps/election-app/win_prob/P/CO/_work/stats_with_statewide.csv (rows=64)

$ /home/ubuntu/.venv/bin/python3 /home/ubuntu/apps/election-app/stats/1-stats-2.py --input /home/ubuntu/apps/election-app/win_prob/P/CO/stats2.csv --output /home/ubuntu/apps/election-app/win_prob/P/CO/_work/stats2_final_headers.csv
Wrote /home/ubuntu/apps/election-app/win_prob/P/CO/_work/stats2_final_headers.csv (rows=64)

$ /home/ubuntu/.venv/bin/python3 /home/ubuntu/apps/election-app/stats/1-append-new.py
Wrote 2024_county_results_with_final-old.csv (rows=64, missing_final_matches=0)

$ /home/ubuntu/.venv/bin/python3 /home/ubuntu/apps/election-app/stats/1-change_header.py
Wrote: 2024_county_results_with_final.csv

$ /home/ubuntu/.venv/bin/python3 /home/ubuntu/apps/election-app/stats/1-cut-zero-fips.py
Wrote: 2024_county_results_with_final_1.csv
Rows before: 64
Rows after:  64
Dropped (fips == 0): 0

$ /home/ubuntu/.venv/bin/python3 /home/ubuntu/apps/election-app/stats/2-calc.py
Wrote 64 rows with calculations to /home/ubuntu/apps/election-app/win_prob/P/CO/_work/2024_county_results_with_calcs-old.csv

$ /home/ubuntu/.venv/bin/python3 /home/ubuntu/apps/election-app/stats/2-eevp.py
Wrote (no-op copy): 2024_county_results_with_calcs.csv
Columns:
 - timestamp
 - state
 - county
 - fips
 - trump_votes
 - harris_votes
 - other_votes
 - eevp
 - state_eevp
 - harris_votes_statewide
 - trump_votes_statewide
 - other_votes_statewide
 - final_state
 - final_county
 - final_fips
 - final_trump_votes
 - final_harris_votes
 - final_other_votes
 - harris_percent_snapshot
 - trump_percent_snapshot
 - margin_snapshot
 - harris_percent_final
 - trump_percent_final
 - margin_final
 - margin_difference
 - margin_difference_abs

$ /home/ubuntu/.venv/bin/python3 /home/ubuntu/apps/election-app/stats/3-calc-new.py
Wrote 64 rows with new columns to /home/ubuntu/apps/election-app/win_prob/P/CO/_work/2024_county_results_with_calcs_new.csv

$ /home/ubuntu/.venv/bin/python3 /home/ubuntu/apps/election-app/stats/4-stats.py
Reading 2024_county_results_with_calcs_new.csv...
Aggregating statewide totals...
Calculating percentages and margins...
Writing to output_statewide_stats.csv...
Done!
[2026-01-22 19:32:00] INFO: [PIPELINE] ENTER win-prob generation | states=['CO'] ts_list=['2024-11-05T15-30-22']

============================================================================
[01/1] STATE = CO
============================================================================

$ /home/ubuntu/.venv/bin/python3 /home/ubuntu/apps/election-app/stats/5-snapshots.py --state CO --input /home/ubuntu/apps/election-app/win_prob/P/CO/_work/output_statewide_stats.csv --output /home/ubuntu/apps/election-app/win_prob/P/CO/snapshots_CO.csv --start 2024-11-05T15-30-22 --end 2024-11-05T15-30-22 --use-window 1 --interval 30
Mode: windowed-one-state
Rows written: 64
Distinct states in output: CO
Rows per normalized timestamp (empty = unparseable):
  2024-11-05T15-30-22: 64
Wrote /home/ubuntu/apps/election-app/win_prob/P/CO/snapshots_CO.csv

$ /home/ubuntu/.venv/bin/python3 /home/ubuntu/apps/election-app/stats/6-pval.py /home/ubuntu/apps/election-app/win_prob/P/CO/snapshots_CO.csv -t /home/ubuntu/apps/election-app/stats/parameters.csv -o /home/ubuntu/apps/election-app/win_prob/P/CO/data_output_CO.csv -c 50
Done. Wrote: /home/ubuntu/apps/election-app/win_prob/P/CO/data_output_CO.csv
Total rows: 64 (chunked, resumable).
Computed columns for PVALS = [0.01, 0.1, 1, 2, 3, 5, 10, 15, 20, 25, 30, 35, 40, 45, 50, 55, 60, 65, 70, 75, 80, 85, 90, 95, 97, 98, 99, 99.9, 99.99]
Per p (leader): shift_{p}, margin_new_{p}, harris_percent_new_{p}, trump_percent_new_{p}, total_snapshot_{p}, total_expected_{p}, harris_votes_new_{p}, trump_votes_new_{p}
Per p (trailing): shift_trailing_{p}, margin_new_{p}_trailing, harris_percent_new_{p}_trailing, trump_percent_new_{p}_trailing, total_snapshot_{p}_trailing, total_expected_{p}_trailing, harris_votes_new_{p}_trailing, trump_votes_new_{p}_trailing
Checkpoint saved at: /home/ubuntu/apps/election-app/win_prob/P/CO/data_output_CO.csv.checkpoint.json

$ /home/ubuntu/.venv/bin/python3 /home/ubuntu/apps/election-app/stats/7-margin-new.py
Wrote data_output_with_margins_old.csv

$ /home/ubuntu/.venv/bin/python3 /home/ubuntu/apps/election-app/stats/7-eevp-statewide.py
Wrote data_output_with_margins.csv (copied from data_output_with_margins_old.csv)

$ /home/ubuntu/.venv/bin/python3 /home/ubuntu/apps/election-app/stats/7.py --input /home/ubuntu/apps/election-app/win_prob/P/CO/data_output_CO_with_margins_statewide_eevp.csv --output /home/ubuntu/apps/election-app/win_prob/P/CO/statewide_margin_pct_vs_percent_CO_2026.png --state CO --start 2024-11-05T15-30-22 --end 2024-11-05T15-30-22 --stats /home/ubuntu/apps/election-app/win_prob/P/CO/stats.csv --stats2 /home/ubuntu/apps/election-app/win_prob/P/CO/stats2.csv --interval 30 --year 2026 --jsonl /home/ubuntu/apps/election-app/win_prob/P/CO/plotdata_CO_2026_2026-01-22T19-31-51.jsonl
[info] evaluating 1 timestamps from 2024-11-05T15-30-22 to 2024-11-05T15-30-22 every 30 minutes
[saved] probs_timeseries_CO.csv  (1 points)
[saved] /home/ubuntu/apps/election-app/win_prob/P/CO/plotdata_CO_2026_2026-01-22T19-31-51.jsonl  (4 points)
[saved] /home/ubuntu/apps/election-app/win_prob/P/CO/statewide_margin_pct_vs_percent_CO_2026_box.json
[saved] /home/ubuntu/apps/election-app/win_prob/P/CO/statewide_margin_pct_vs_percent_CO_2026_box.png
[saved] /home/ubuntu/apps/election-app/win_prob/P/CO/statewide_margin_pct_vs_percent_CO_2026.png

All 50 states complete. See: /home/ubuntu/apps/election-app/win_prob/P/CO

$ /home/ubuntu/.venv/bin/python3 /home/ubuntu/apps/election-app/stats/8.py --root /home/ubuntu/apps/election-app/win_prob/P/CO/_work --outdir /home/ubuntu/apps/election-app/win_prob/P/CO
[info] root  = /home/ubuntu/apps/election-app/win_prob/P/CO/_work
[info] outdir= /home/ubuntu/apps/election-app/win_prob/P/CO
[deleted] /home/ubuntu/apps/election-app/win_prob/P/CO/_work/stats_with_statewide.csv
[deleted] /home/ubuntu/apps/election-app/win_prob/P/CO/_work/stats2_final_headers.csv
[deleted] /home/ubuntu/apps/election-app/win_prob/P/CO/_work/2024_county_results_with_final-old.csv
[deleted] /home/ubuntu/apps/election-app/win_prob/P/CO/_work/2024_county_results_with_final.csv
[deleted] /home/ubuntu/apps/election-app/win_prob/P/CO/_work/2024_county_results_with_final_1.csv
[deleted] /home/ubuntu/apps/election-app/win_prob/P/CO/_work/2024_county_results_with_calcs-old.csv
[deleted] /home/ubuntu/apps/election-app/win_prob/P/CO/_work/2024_county_results_with_calcs_new.csv
[deleted] /home/ubuntu/apps/election-app/win_prob/P/CO/_work/output_statewide_stats.csv
[skip]    /home/ubuntu/apps/election-app/win_prob/P/CO/_work/probs_timeseries_PA.csv
[deleted] /home/ubuntu/apps/election-app/win_prob/P/CO/_work/2024_county_results_with_calcs.csv
[skip]    /home/ubuntu/apps/election-app/win_prob/P/CO/data_output.csv
[skip]    /home/ubuntu/apps/election-app/win_prob/P/CO/data_output_with_margins_old.csv
[skip]    /home/ubuntu/apps/election-app/win_prob/P/CO/data_output_with_margins.csv
[skip]    /home/ubuntu/apps/election-app/win_prob/P/CO/data_output_with_margins-statewide.csv
[deleted] /home/ubuntu/apps/election-app/win_prob/P/CO/snapshots_CO.csv
[deleted] /home/ubuntu/apps/election-app/win_prob/P/CO/data_output_CO_with_margins_statewide_eevp.csv
[deleted] /home/ubuntu/apps/election-app/win_prob/P/CO/data_output_CO.csv
[deleted] /home/ubuntu/apps/election-app/win_prob/P/CO/data_output_CO_with_margins.csv
[deleted] /home/ubuntu/apps/election-app/win_prob/P/CO/data_output_CO.csv.checkpoint.json
[deleted] /home/ubuntu/apps/election-app/win_prob/P/CO/stats.csv
[deleted] /home/ubuntu/apps/election-app/win_prob/P/CO/stats2.csv
[done] removed 16 file(s)
[2026-01-22 19:38:53] INFO: [PIPELINE] args: office=P state=CO district=None
[2026-01-22 19:38:53] INFO: [PIPELINE] WINPROB_DIR resolved to: /home/ubuntu/apps/election-app/win_prob/P/CO
[2026-01-22 19:38:53] INFO: [PIPELINE] OUTDIR set to: /home/ubuntu/apps/election-app/win_prob/P/CO

$ /home/ubuntu/.venv/bin/python3 /home/ubuntu/apps/election-app/stats/1-statewide.py --input /home/ubuntu/apps/election-app/win_prob/P/CO/stats.csv --output /home/ubuntu/apps/election-app/win_prob/P/CO/_work/stats_with_statewide.csv
Wrote /home/ubuntu/apps/election-app/win_prob/P/CO/_work/stats_with_statewide.csv (rows=64)

$ /home/ubuntu/.venv/bin/python3 /home/ubuntu/apps/election-app/stats/1-stats-2.py --input /home/ubuntu/apps/election-app/win_prob/P/CO/stats2.csv --output /home/ubuntu/apps/election-app/win_prob/P/CO/_work/stats2_final_headers.csv
Wrote /home/ubuntu/apps/election-app/win_prob/P/CO/_work/stats2_final_headers.csv (rows=64)

$ /home/ubuntu/.venv/bin/python3 /home/ubuntu/apps/election-app/stats/1-append-new.py
Wrote 2024_county_results_with_final-old.csv (rows=64, missing_final_matches=0)

$ /home/ubuntu/.venv/bin/python3 /home/ubuntu/apps/election-app/stats/1-change_header.py
Wrote: 2024_county_results_with_final.csv

$ /home/ubuntu/.venv/bin/python3 /home/ubuntu/apps/election-app/stats/1-cut-zero-fips.py
Wrote: 2024_county_results_with_final_1.csv
Rows before: 64
Rows after:  64
Dropped (fips == 0): 0

$ /home/ubuntu/.venv/bin/python3 /home/ubuntu/apps/election-app/stats/2-calc.py
Wrote 64 rows with calculations to /home/ubuntu/apps/election-app/win_prob/P/CO/_work/2024_county_results_with_calcs-old.csv

$ /home/ubuntu/.venv/bin/python3 /home/ubuntu/apps/election-app/stats/2-eevp.py
Wrote (no-op copy): 2024_county_results_with_calcs.csv
Columns:
 - timestamp
 - state
 - county
 - fips
 - trump_votes
 - harris_votes
 - other_votes
 - eevp
 - state_eevp
 - harris_votes_statewide
 - trump_votes_statewide
 - other_votes_statewide
 - final_state
 - final_county
 - final_fips
 - final_trump_votes
 - final_harris_votes
 - final_other_votes
 - harris_percent_snapshot
 - trump_percent_snapshot
 - margin_snapshot
 - harris_percent_final
 - trump_percent_final
 - margin_final
 - margin_difference
 - margin_difference_abs

$ /home/ubuntu/.venv/bin/python3 /home/ubuntu/apps/election-app/stats/3-calc-new.py
Wrote 64 rows with new columns to /home/ubuntu/apps/election-app/win_prob/P/CO/_work/2024_county_results_with_calcs_new.csv

$ /home/ubuntu/.venv/bin/python3 /home/ubuntu/apps/election-app/stats/4-stats.py
Reading 2024_county_results_with_calcs_new.csv...
Aggregating statewide totals...
Calculating percentages and margins...
Writing to output_statewide_stats.csv...
Done!
[2026-01-22 19:39:02] INFO: [PIPELINE] ENTER win-prob generation | states=['CO'] ts_list=['2024-11-05T15-30-22']

============================================================================
[01/1] STATE = CO
============================================================================

$ /home/ubuntu/.venv/bin/python3 /home/ubuntu/apps/election-app/stats/5-snapshots.py --state CO --input /home/ubuntu/apps/election-app/win_prob/P/CO/_work/output_statewide_stats.csv --output /home/ubuntu/apps/election-app/win_prob/P/CO/snapshots_CO.csv --start 2024-11-05T15-30-22 --end 2024-11-05T15-30-22 --use-window 1 --interval 30
Mode: windowed-one-state
Rows written: 64
Distinct states in output: CO
Rows per normalized timestamp (empty = unparseable):
  2024-11-05T15-30-22: 64
Wrote /home/ubuntu/apps/election-app/win_prob/P/CO/snapshots_CO.csv

$ /home/ubuntu/.venv/bin/python3 /home/ubuntu/apps/election-app/stats/6-pval.py /home/ubuntu/apps/election-app/win_prob/P/CO/snapshots_CO.csv -t /home/ubuntu/apps/election-app/stats/parameters.csv -o /home/ubuntu/apps/election-app/win_prob/P/CO/data_output_CO.csv -c 50
Done. Wrote: /home/ubuntu/apps/election-app/win_prob/P/CO/data_output_CO.csv
Total rows: 64 (chunked, resumable).
Computed columns for PVALS = [0.01, 0.1, 1, 2, 3, 5, 10, 15, 20, 25, 30, 35, 40, 45, 50, 55, 60, 65, 70, 75, 80, 85, 90, 95, 97, 98, 99, 99.9, 99.99]
Per p (leader): shift_{p}, margin_new_{p}, harris_percent_new_{p}, trump_percent_new_{p}, total_snapshot_{p}, total_expected_{p}, harris_votes_new_{p}, trump_votes_new_{p}
Per p (trailing): shift_trailing_{p}, margin_new_{p}_trailing, harris_percent_new_{p}_trailing, trump_percent_new_{p}_trailing, total_snapshot_{p}_trailing, total_expected_{p}_trailing, harris_votes_new_{p}_trailing, trump_votes_new_{p}_trailing
Checkpoint saved at: /home/ubuntu/apps/election-app/win_prob/P/CO/data_output_CO.csv.checkpoint.json

$ /home/ubuntu/.venv/bin/python3 /home/ubuntu/apps/election-app/stats/7-margin-new.py
Wrote data_output_with_margins_old.csv

$ /home/ubuntu/.venv/bin/python3 /home/ubuntu/apps/election-app/stats/7-eevp-statewide.py
Wrote data_output_with_margins.csv (copied from data_output_with_margins_old.csv)

$ /home/ubuntu/.venv/bin/python3 /home/ubuntu/apps/election-app/stats/7.py --input /home/ubuntu/apps/election-app/win_prob/P/CO/data_output_CO_with_margins_statewide_eevp.csv --output /home/ubuntu/apps/election-app/win_prob/P/CO/statewide_margin_pct_vs_percent_CO_2026.png --state CO --start 2024-11-05T15-30-22 --end 2024-11-05T15-30-22 --stats /home/ubuntu/apps/election-app/win_prob/P/CO/stats.csv --stats2 /home/ubuntu/apps/election-app/win_prob/P/CO/stats2.csv --interval 30 --year 2026 --jsonl /home/ubuntu/apps/election-app/win_prob/P/CO/plotdata_CO_2026_2026-01-22T19-38-53.jsonl
[info] evaluating 1 timestamps from 2024-11-05T15-30-22 to 2024-11-05T15-30-22 every 30 minutes
[saved] probs_timeseries_CO.csv  (1 points)
[saved] /home/ubuntu/apps/election-app/win_prob/P/CO/plotdata_CO_2026_2026-01-22T19-38-53.jsonl  (4 points)
[saved] /home/ubuntu/apps/election-app/win_prob/P/CO/statewide_margin_pct_vs_percent_CO_2026_box.json
[saved] /home/ubuntu/apps/election-app/win_prob/P/CO/statewide_margin_pct_vs_percent_CO_2026_box.png
[saved] /home/ubuntu/apps/election-app/win_prob/P/CO/statewide_margin_pct_vs_percent_CO_2026.png

All 50 states complete. See: /home/ubuntu/apps/election-app/win_prob/P/CO

$ /home/ubuntu/.venv/bin/python3 /home/ubuntu/apps/election-app/stats/8.py --root /home/ubuntu/apps/election-app/win_prob/P/CO/_work --outdir /home/ubuntu/apps/election-app/win_prob/P/CO
[info] root  = /home/ubuntu/apps/election-app/win_prob/P/CO/_work
[info] outdir= /home/ubuntu/apps/election-app/win_prob/P/CO
[deleted] /home/ubuntu/apps/election-app/win_prob/P/CO/_work/stats_with_statewide.csv
[deleted] /home/ubuntu/apps/election-app/win_prob/P/CO/_work/stats2_final_headers.csv
[deleted] /home/ubuntu/apps/election-app/win_prob/P/CO/_work/2024_county_results_with_final-old.csv
[deleted] /home/ubuntu/apps/election-app/win_prob/P/CO/_work/2024_county_results_with_final.csv
[deleted] /home/ubuntu/apps/election-app/win_prob/P/CO/_work/2024_county_results_with_final_1.csv
[deleted] /home/ubuntu/apps/election-app/win_prob/P/CO/_work/2024_county_results_with_calcs-old.csv
[deleted] /home/ubuntu/apps/election-app/win_prob/P/CO/_work/2024_county_results_with_calcs_new.csv
[deleted] /home/ubuntu/apps/election-app/win_prob/P/CO/_work/output_statewide_stats.csv
[skip]    /home/ubuntu/apps/election-app/win_prob/P/CO/_work/probs_timeseries_PA.csv
[deleted] /home/ubuntu/apps/election-app/win_prob/P/CO/_work/2024_county_results_with_calcs.csv
[skip]    /home/ubuntu/apps/election-app/win_prob/P/CO/data_output.csv
[skip]    /home/ubuntu/apps/election-app/win_prob/P/CO/data_output_with_margins_old.csv
[skip]    /home/ubuntu/apps/election-app/win_prob/P/CO/data_output_with_margins.csv
[skip]    /home/ubuntu/apps/election-app/win_prob/P/CO/data_output_with_margins-statewide.csv
[deleted] /home/ubuntu/apps/election-app/win_prob/P/CO/snapshots_CO.csv
[deleted] /home/ubuntu/apps/election-app/win_prob/P/CO/data_output_CO_with_margins_statewide_eevp.csv
[deleted] /home/ubuntu/apps/election-app/win_prob/P/CO/data_output_CO.csv
[deleted] /home/ubuntu/apps/election-app/win_prob/P/CO/data_output_CO_with_margins.csv
[deleted] /home/ubuntu/apps/election-app/win_prob/P/CO/data_output_CO.csv.checkpoint.json
[deleted] /home/ubuntu/apps/election-app/win_prob/P/CO/stats.csv
[deleted] /home/ubuntu/apps/election-app/win_prob/P/CO/stats2.csv
[done] removed 16 file(s)
[2026-01-22 19:45:55] INFO: [PIPELINE] args: office=P state=CO district=None
[2026-01-22 19:45:55] INFO: [PIPELINE] WINPROB_DIR resolved to: /home/ubuntu/apps/election-app/win_prob/P/CO
[2026-01-22 19:45:55] INFO: [PIPELINE] OUTDIR set to: /home/ubuntu/apps/election-app/win_prob/P/CO

$ /home/ubuntu/.venv/bin/python3 /home/ubuntu/apps/election-app/stats/1-statewide.py --input /home/ubuntu/apps/election-app/win_prob/P/CO/stats.csv --output /home/ubuntu/apps/election-app/win_prob/P/CO/_work/stats_with_statewide.csv
Wrote /home/ubuntu/apps/election-app/win_prob/P/CO/_work/stats_with_statewide.csv (rows=64)

$ /home/ubuntu/.venv/bin/python3 /home/ubuntu/apps/election-app/stats/1-stats-2.py --input /home/ubuntu/apps/election-app/win_prob/P/CO/stats2.csv --output /home/ubuntu/apps/election-app/win_prob/P/CO/_work/stats2_final_headers.csv
Wrote /home/ubuntu/apps/election-app/win_prob/P/CO/_work/stats2_final_headers.csv (rows=64)

$ /home/ubuntu/.venv/bin/python3 /home/ubuntu/apps/election-app/stats/1-append-new.py
Wrote 2024_county_results_with_final-old.csv (rows=64, missing_final_matches=0)

$ /home/ubuntu/.venv/bin/python3 /home/ubuntu/apps/election-app/stats/1-change_header.py
Wrote: 2024_county_results_with_final.csv

$ /home/ubuntu/.venv/bin/python3 /home/ubuntu/apps/election-app/stats/1-cut-zero-fips.py
Wrote: 2024_county_results_with_final_1.csv
Rows before: 64
Rows after:  64
Dropped (fips == 0): 0

$ /home/ubuntu/.venv/bin/python3 /home/ubuntu/apps/election-app/stats/2-calc.py
Wrote 64 rows with calculations to /home/ubuntu/apps/election-app/win_prob/P/CO/_work/2024_county_results_with_calcs-old.csv

$ /home/ubuntu/.venv/bin/python3 /home/ubuntu/apps/election-app/stats/2-eevp.py
Wrote (no-op copy): 2024_county_results_with_calcs.csv
Columns:
 - timestamp
 - state
 - county
 - fips
 - trump_votes
 - harris_votes
 - other_votes
 - eevp
 - state_eevp
 - harris_votes_statewide
 - trump_votes_statewide
 - other_votes_statewide
 - final_state
 - final_county
 - final_fips
 - final_trump_votes
 - final_harris_votes
 - final_other_votes
 - harris_percent_snapshot
 - trump_percent_snapshot
 - margin_snapshot
 - harris_percent_final
 - trump_percent_final
 - margin_final
 - margin_difference
 - margin_difference_abs

$ /home/ubuntu/.venv/bin/python3 /home/ubuntu/apps/election-app/stats/3-calc-new.py
Wrote 64 rows with new columns to /home/ubuntu/apps/election-app/win_prob/P/CO/_work/2024_county_results_with_calcs_new.csv

$ /home/ubuntu/.venv/bin/python3 /home/ubuntu/apps/election-app/stats/4-stats.py
Reading 2024_county_results_with_calcs_new.csv...
Aggregating statewide totals...
Calculating percentages and margins...
Writing to output_statewide_stats.csv...
Done!
[2026-01-22 19:46:05] INFO: [PIPELINE] ENTER win-prob generation | states=['CO'] ts_list=['2024-11-05T15-30-22']

============================================================================
[01/1] STATE = CO
============================================================================

$ /home/ubuntu/.venv/bin/python3 /home/ubuntu/apps/election-app/stats/5-snapshots.py --state CO --input /home/ubuntu/apps/election-app/win_prob/P/CO/_work/output_statewide_stats.csv --output /home/ubuntu/apps/election-app/win_prob/P/CO/snapshots_CO.csv --start 2024-11-05T15-30-22 --end 2024-11-05T15-30-22 --use-window 1 --interval 30
Mode: windowed-one-state
Rows written: 64
Distinct states in output: CO
Rows per normalized timestamp (empty = unparseable):
  2024-11-05T15-30-22: 64
Wrote /home/ubuntu/apps/election-app/win_prob/P/CO/snapshots_CO.csv

$ /home/ubuntu/.venv/bin/python3 /home/ubuntu/apps/election-app/stats/6-pval.py /home/ubuntu/apps/election-app/win_prob/P/CO/snapshots_CO.csv -t /home/ubuntu/apps/election-app/stats/parameters.csv -o /home/ubuntu/apps/election-app/win_prob/P/CO/data_output_CO.csv -c 50
Done. Wrote: /home/ubuntu/apps/election-app/win_prob/P/CO/data_output_CO.csv
Total rows: 64 (chunked, resumable).
Computed columns for PVALS = [0.01, 0.1, 1, 2, 3, 5, 10, 15, 20, 25, 30, 35, 40, 45, 50, 55, 60, 65, 70, 75, 80, 85, 90, 95, 97, 98, 99, 99.9, 99.99]
Per p (leader): shift_{p}, margin_new_{p}, harris_percent_new_{p}, trump_percent_new_{p}, total_snapshot_{p}, total_expected_{p}, harris_votes_new_{p}, trump_votes_new_{p}
Per p (trailing): shift_trailing_{p}, margin_new_{p}_trailing, harris_percent_new_{p}_trailing, trump_percent_new_{p}_trailing, total_snapshot_{p}_trailing, total_expected_{p}_trailing, harris_votes_new_{p}_trailing, trump_votes_new_{p}_trailing
Checkpoint saved at: /home/ubuntu/apps/election-app/win_prob/P/CO/data_output_CO.csv.checkpoint.json

$ /home/ubuntu/.venv/bin/python3 /home/ubuntu/apps/election-app/stats/7-margin-new.py
Wrote data_output_with_margins_old.csv

$ /home/ubuntu/.venv/bin/python3 /home/ubuntu/apps/election-app/stats/7-eevp-statewide.py
Wrote data_output_with_margins.csv (copied from data_output_with_margins_old.csv)

$ /home/ubuntu/.venv/bin/python3 /home/ubuntu/apps/election-app/stats/7.py --input /home/ubuntu/apps/election-app/win_prob/P/CO/data_output_CO_with_margins_statewide_eevp.csv --output /home/ubuntu/apps/election-app/win_prob/P/CO/statewide_margin_pct_vs_percent_CO_2026.png --state CO --start 2024-11-05T15-30-22 --end 2024-11-05T15-30-22 --stats /home/ubuntu/apps/election-app/win_prob/P/CO/stats.csv --stats2 /home/ubuntu/apps/election-app/win_prob/P/CO/stats2.csv --interval 30 --year 2026 --jsonl /home/ubuntu/apps/election-app/win_prob/P/CO/plotdata_CO_2026_2026-01-22T19-45-55.jsonl
[info] evaluating 1 timestamps from 2024-11-05T15-30-22 to 2024-11-05T15-30-22 every 30 minutes
[saved] probs_timeseries_CO.csv  (1 points)
[saved] /home/ubuntu/apps/election-app/win_prob/P/CO/plotdata_CO_2026_2026-01-22T19-45-55.jsonl  (4 points)
[saved] /home/ubuntu/apps/election-app/win_prob/P/CO/statewide_margin_pct_vs_percent_CO_2026_box.json
[saved] /home/ubuntu/apps/election-app/win_prob/P/CO/statewide_margin_pct_vs_percent_CO_2026_box.png
[saved] /home/ubuntu/apps/election-app/win_prob/P/CO/statewide_margin_pct_vs_percent_CO_2026.png

All 50 states complete. See: /home/ubuntu/apps/election-app/win_prob/P/CO

$ /home/ubuntu/.venv/bin/python3 /home/ubuntu/apps/election-app/stats/8.py --root /home/ubuntu/apps/election-app/win_prob/P/CO/_work --outdir /home/ubuntu/apps/election-app/win_prob/P/CO
[info] root  = /home/ubuntu/apps/election-app/win_prob/P/CO/_work
[info] outdir= /home/ubuntu/apps/election-app/win_prob/P/CO
[deleted] /home/ubuntu/apps/election-app/win_prob/P/CO/_work/stats_with_statewide.csv
[deleted] /home/ubuntu/apps/election-app/win_prob/P/CO/_work/stats2_final_headers.csv
[deleted] /home/ubuntu/apps/election-app/win_prob/P/CO/_work/2024_county_results_with_final-old.csv
[deleted] /home/ubuntu/apps/election-app/win_prob/P/CO/_work/2024_county_results_with_final.csv
[deleted] /home/ubuntu/apps/election-app/win_prob/P/CO/_work/2024_county_results_with_final_1.csv
[deleted] /home/ubuntu/apps/election-app/win_prob/P/CO/_work/2024_county_results_with_calcs-old.csv
[deleted] /home/ubuntu/apps/election-app/win_prob/P/CO/_work/2024_county_results_with_calcs_new.csv
[deleted] /home/ubuntu/apps/election-app/win_prob/P/CO/_work/output_statewide_stats.csv
[skip]    /home/ubuntu/apps/election-app/win_prob/P/CO/_work/probs_timeseries_PA.csv
[deleted] /home/ubuntu/apps/election-app/win_prob/P/CO/_work/2024_county_results_with_calcs.csv
[skip]    /home/ubuntu/apps/election-app/win_prob/P/CO/data_output.csv
[skip]    /home/ubuntu/apps/election-app/win_prob/P/CO/data_output_with_margins_old.csv
[skip]    /home/ubuntu/apps/election-app/win_prob/P/CO/data_output_with_margins.csv
[skip]    /home/ubuntu/apps/election-app/win_prob/P/CO/data_output_with_margins-statewide.csv
[deleted] /home/ubuntu/apps/election-app/win_prob/P/CO/snapshots_CO.csv
[deleted] /home/ubuntu/apps/election-app/win_prob/P/CO/data_output_CO_with_margins_statewide_eevp.csv
[deleted] /home/ubuntu/apps/election-app/win_prob/P/CO/data_output_CO.csv
[deleted] /home/ubuntu/apps/election-app/win_prob/P/CO/data_output_CO_with_margins.csv
[deleted] /home/ubuntu/apps/election-app/win_prob/P/CO/data_output_CO.csv.checkpoint.json
[deleted] /home/ubuntu/apps/election-app/win_prob/P/CO/stats.csv
[deleted] /home/ubuntu/apps/election-app/win_prob/P/CO/stats2.csv
[done] removed 16 file(s)
[2026-01-22 19:52:57] INFO: [PIPELINE] args: office=P state=CO district=None
[2026-01-22 19:52:57] INFO: [PIPELINE] WINPROB_DIR resolved to: /home/ubuntu/apps/election-app/win_prob/P/CO
[2026-01-22 19:52:57] INFO: [PIPELINE] OUTDIR set to: /home/ubuntu/apps/election-app/win_prob/P/CO

$ /home/ubuntu/.venv/bin/python3 /home/ubuntu/apps/election-app/stats/1-statewide.py --input /home/ubuntu/apps/election-app/win_prob/P/CO/stats.csv --output /home/ubuntu/apps/election-app/win_prob/P/CO/_work/stats_with_statewide.csv
Wrote /home/ubuntu/apps/election-app/win_prob/P/CO/_work/stats_with_statewide.csv (rows=64)

$ /home/ubuntu/.venv/bin/python3 /home/ubuntu/apps/election-app/stats/1-stats-2.py --input /home/ubuntu/apps/election-app/win_prob/P/CO/stats2.csv --output /home/ubuntu/apps/election-app/win_prob/P/CO/_work/stats2_final_headers.csv
Wrote /home/ubuntu/apps/election-app/win_prob/P/CO/_work/stats2_final_headers.csv (rows=64)

$ /home/ubuntu/.venv/bin/python3 /home/ubuntu/apps/election-app/stats/1-append-new.py
Wrote 2024_county_results_with_final-old.csv (rows=64, missing_final_matches=0)

$ /home/ubuntu/.venv/bin/python3 /home/ubuntu/apps/election-app/stats/1-change_header.py
Wrote: 2024_county_results_with_final.csv

$ /home/ubuntu/.venv/bin/python3 /home/ubuntu/apps/election-app/stats/1-cut-zero-fips.py
Wrote: 2024_county_results_with_final_1.csv
Rows before: 64
Rows after:  64
Dropped (fips == 0): 0

$ /home/ubuntu/.venv/bin/python3 /home/ubuntu/apps/election-app/stats/2-calc.py
Wrote 64 rows with calculations to /home/ubuntu/apps/election-app/win_prob/P/CO/_work/2024_county_results_with_calcs-old.csv

$ /home/ubuntu/.venv/bin/python3 /home/ubuntu/apps/election-app/stats/2-eevp.py
Wrote (no-op copy): 2024_county_results_with_calcs.csv
Columns:
 - timestamp
 - state
 - county
 - fips
 - trump_votes
 - harris_votes
 - other_votes
 - eevp
 - state_eevp
 - harris_votes_statewide
 - trump_votes_statewide
 - other_votes_statewide
 - final_state
 - final_county
 - final_fips
 - final_trump_votes
 - final_harris_votes
 - final_other_votes
 - harris_percent_snapshot
 - trump_percent_snapshot
 - margin_snapshot
 - harris_percent_final
 - trump_percent_final
 - margin_final
 - margin_difference
 - margin_difference_abs

$ /home/ubuntu/.venv/bin/python3 /home/ubuntu/apps/election-app/stats/3-calc-new.py
Wrote 64 rows with new columns to /home/ubuntu/apps/election-app/win_prob/P/CO/_work/2024_county_results_with_calcs_new.csv

$ /home/ubuntu/.venv/bin/python3 /home/ubuntu/apps/election-app/stats/4-stats.py
Reading 2024_county_results_with_calcs_new.csv...
Aggregating statewide totals...
Calculating percentages and margins...
Writing to output_statewide_stats.csv...
Done!
[2026-01-22 19:53:07] INFO: [PIPELINE] ENTER win-prob generation | states=['CO'] ts_list=['2024-11-05T15-30-22']

============================================================================
[01/1] STATE = CO
============================================================================

$ /home/ubuntu/.venv/bin/python3 /home/ubuntu/apps/election-app/stats/5-snapshots.py --state CO --input /home/ubuntu/apps/election-app/win_prob/P/CO/_work/output_statewide_stats.csv --output /home/ubuntu/apps/election-app/win_prob/P/CO/snapshots_CO.csv --start 2024-11-05T15-30-22 --end 2024-11-05T15-30-22 --use-window 1 --interval 30
Mode: windowed-one-state
Rows written: 64
Distinct states in output: CO
Rows per normalized timestamp (empty = unparseable):
  2024-11-05T15-30-22: 64
Wrote /home/ubuntu/apps/election-app/win_prob/P/CO/snapshots_CO.csv

$ /home/ubuntu/.venv/bin/python3 /home/ubuntu/apps/election-app/stats/6-pval.py /home/ubuntu/apps/election-app/win_prob/P/CO/snapshots_CO.csv -t /home/ubuntu/apps/election-app/stats/parameters.csv -o /home/ubuntu/apps/election-app/win_prob/P/CO/data_output_CO.csv -c 50
Done. Wrote: /home/ubuntu/apps/election-app/win_prob/P/CO/data_output_CO.csv
Total rows: 64 (chunked, resumable).
Computed columns for PVALS = [0.01, 0.1, 1, 2, 3, 5, 10, 15, 20, 25, 30, 35, 40, 45, 50, 55, 60, 65, 70, 75, 80, 85, 90, 95, 97, 98, 99, 99.9, 99.99]
Per p (leader): shift_{p}, margin_new_{p}, harris_percent_new_{p}, trump_percent_new_{p}, total_snapshot_{p}, total_expected_{p}, harris_votes_new_{p}, trump_votes_new_{p}
Per p (trailing): shift_trailing_{p}, margin_new_{p}_trailing, harris_percent_new_{p}_trailing, trump_percent_new_{p}_trailing, total_snapshot_{p}_trailing, total_expected_{p}_trailing, harris_votes_new_{p}_trailing, trump_votes_new_{p}_trailing
Checkpoint saved at: /home/ubuntu/apps/election-app/win_prob/P/CO/data_output_CO.csv.checkpoint.json

$ /home/ubuntu/.venv/bin/python3 /home/ubuntu/apps/election-app/stats/7-margin-new.py
Wrote data_output_with_margins_old.csv

$ /home/ubuntu/.venv/bin/python3 /home/ubuntu/apps/election-app/stats/7-eevp-statewide.py
Wrote data_output_with_margins.csv (copied from data_output_with_margins_old.csv)

$ /home/ubuntu/.venv/bin/python3 /home/ubuntu/apps/election-app/stats/7.py --input /home/ubuntu/apps/election-app/win_prob/P/CO/data_output_CO_with_margins_statewide_eevp.csv --output /home/ubuntu/apps/election-app/win_prob/P/CO/statewide_margin_pct_vs_percent_CO_2026.png --state CO --start 2024-11-05T15-30-22 --end 2024-11-05T15-30-22 --stats /home/ubuntu/apps/election-app/win_prob/P/CO/stats.csv --stats2 /home/ubuntu/apps/election-app/win_prob/P/CO/stats2.csv --interval 30 --year 2026 --jsonl /home/ubuntu/apps/election-app/win_prob/P/CO/plotdata_CO_2026_2026-01-22T19-52-57.jsonl
[info] evaluating 1 timestamps from 2024-11-05T15-30-22 to 2024-11-05T15-30-22 every 30 minutes
[saved] probs_timeseries_CO.csv  (1 points)
[saved] /home/ubuntu/apps/election-app/win_prob/P/CO/plotdata_CO_2026_2026-01-22T19-52-57.jsonl  (4 points)
[saved] /home/ubuntu/apps/election-app/win_prob/P/CO/statewide_margin_pct_vs_percent_CO_2026_box.json
[saved] /home/ubuntu/apps/election-app/win_prob/P/CO/statewide_margin_pct_vs_percent_CO_2026_box.png
[saved] /home/ubuntu/apps/election-app/win_prob/P/CO/statewide_margin_pct_vs_percent_CO_2026.png

All 50 states complete. See: /home/ubuntu/apps/election-app/win_prob/P/CO

$ /home/ubuntu/.venv/bin/python3 /home/ubuntu/apps/election-app/stats/8.py --root /home/ubuntu/apps/election-app/win_prob/P/CO/_work --outdir /home/ubuntu/apps/election-app/win_prob/P/CO
[info] root  = /home/ubuntu/apps/election-app/win_prob/P/CO/_work
[info] outdir= /home/ubuntu/apps/election-app/win_prob/P/CO
[deleted] /home/ubuntu/apps/election-app/win_prob/P/CO/_work/stats_with_statewide.csv
[deleted] /home/ubuntu/apps/election-app/win_prob/P/CO/_work/stats2_final_headers.csv
[deleted] /home/ubuntu/apps/election-app/win_prob/P/CO/_work/2024_county_results_with_final-old.csv
[deleted] /home/ubuntu/apps/election-app/win_prob/P/CO/_work/2024_county_results_with_final.csv
[deleted] /home/ubuntu/apps/election-app/win_prob/P/CO/_work/2024_county_results_with_final_1.csv
[deleted] /home/ubuntu/apps/election-app/win_prob/P/CO/_work/2024_county_results_with_calcs-old.csv
[deleted] /home/ubuntu/apps/election-app/win_prob/P/CO/_work/2024_county_results_with_calcs_new.csv
[deleted] /home/ubuntu/apps/election-app/win_prob/P/CO/_work/output_statewide_stats.csv
[skip]    /home/ubuntu/apps/election-app/win_prob/P/CO/_work/probs_timeseries_PA.csv
[deleted] /home/ubuntu/apps/election-app/win_prob/P/CO/_work/2024_county_results_with_calcs.csv
[skip]    /home/ubuntu/apps/election-app/win_prob/P/CO/data_output.csv
[skip]    /home/ubuntu/apps/election-app/win_prob/P/CO/data_output_with_margins_old.csv
[skip]    /home/ubuntu/apps/election-app/win_prob/P/CO/data_output_with_margins.csv
[skip]    /home/ubuntu/apps/election-app/win_prob/P/CO/data_output_with_margins-statewide.csv
[deleted] /home/ubuntu/apps/election-app/win_prob/P/CO/snapshots_CO.csv
[deleted] /home/ubuntu/apps/election-app/win_prob/P/CO/data_output_CO_with_margins_statewide_eevp.csv
[deleted] /home/ubuntu/apps/election-app/win_prob/P/CO/data_output_CO.csv
[deleted] /home/ubuntu/apps/election-app/win_prob/P/CO/data_output_CO_with_margins.csv
[deleted] /home/ubuntu/apps/election-app/win_prob/P/CO/data_output_CO.csv.checkpoint.json
[deleted] /home/ubuntu/apps/election-app/win_prob/P/CO/stats.csv
[deleted] /home/ubuntu/apps/election-app/win_prob/P/CO/stats2.csv
[done] removed 16 file(s)
[2026-01-22 19:59:59] INFO: [PIPELINE] args: office=P state=CO district=None
[2026-01-22 19:59:59] INFO: [PIPELINE] WINPROB_DIR resolved to: /home/ubuntu/apps/election-app/win_prob/P/CO
[2026-01-22 19:59:59] INFO: [PIPELINE] OUTDIR set to: /home/ubuntu/apps/election-app/win_prob/P/CO

$ /home/ubuntu/.venv/bin/python3 /home/ubuntu/apps/election-app/stats/1-statewide.py --input /home/ubuntu/apps/election-app/win_prob/P/CO/stats.csv --output /home/ubuntu/apps/election-app/win_prob/P/CO/_work/stats_with_statewide.csv
Wrote /home/ubuntu/apps/election-app/win_prob/P/CO/_work/stats_with_statewide.csv (rows=64)

$ /home/ubuntu/.venv/bin/python3 /home/ubuntu/apps/election-app/stats/1-stats-2.py --input /home/ubuntu/apps/election-app/win_prob/P/CO/stats2.csv --output /home/ubuntu/apps/election-app/win_prob/P/CO/_work/stats2_final_headers.csv
Wrote /home/ubuntu/apps/election-app/win_prob/P/CO/_work/stats2_final_headers.csv (rows=64)

$ /home/ubuntu/.venv/bin/python3 /home/ubuntu/apps/election-app/stats/1-append-new.py
Wrote 2024_county_results_with_final-old.csv (rows=64, missing_final_matches=0)

$ /home/ubuntu/.venv/bin/python3 /home/ubuntu/apps/election-app/stats/1-change_header.py
Wrote: 2024_county_results_with_final.csv

$ /home/ubuntu/.venv/bin/python3 /home/ubuntu/apps/election-app/stats/1-cut-zero-fips.py
Wrote: 2024_county_results_with_final_1.csv
Rows before: 64
Rows after:  64
Dropped (fips == 0): 0

$ /home/ubuntu/.venv/bin/python3 /home/ubuntu/apps/election-app/stats/2-calc.py
Wrote 64 rows with calculations to /home/ubuntu/apps/election-app/win_prob/P/CO/_work/2024_county_results_with_calcs-old.csv

$ /home/ubuntu/.venv/bin/python3 /home/ubuntu/apps/election-app/stats/2-eevp.py
Wrote (no-op copy): 2024_county_results_with_calcs.csv
Columns:
 - timestamp
 - state
 - county
 - fips
 - trump_votes
 - harris_votes
 - other_votes
 - eevp
 - state_eevp
 - harris_votes_statewide
 - trump_votes_statewide
 - other_votes_statewide
 - final_state
 - final_county
 - final_fips
 - final_trump_votes
 - final_harris_votes
 - final_other_votes
 - harris_percent_snapshot
 - trump_percent_snapshot
 - margin_snapshot
 - harris_percent_final
 - trump_percent_final
 - margin_final
 - margin_difference
 - margin_difference_abs

$ /home/ubuntu/.venv/bin/python3 /home/ubuntu/apps/election-app/stats/3-calc-new.py
Wrote 64 rows with new columns to /home/ubuntu/apps/election-app/win_prob/P/CO/_work/2024_county_results_with_calcs_new.csv

$ /home/ubuntu/.venv/bin/python3 /home/ubuntu/apps/election-app/stats/4-stats.py
Reading 2024_county_results_with_calcs_new.csv...
Aggregating statewide totals...
Calculating percentages and margins...
Writing to output_statewide_stats.csv...
Done!
[2026-01-22 20:00:09] INFO: [PIPELINE] ENTER win-prob generation | states=['CO'] ts_list=['2024-11-05T15-30-22']

============================================================================
[01/1] STATE = CO
============================================================================

$ /home/ubuntu/.venv/bin/python3 /home/ubuntu/apps/election-app/stats/5-snapshots.py --state CO --input /home/ubuntu/apps/election-app/win_prob/P/CO/_work/output_statewide_stats.csv --output /home/ubuntu/apps/election-app/win_prob/P/CO/snapshots_CO.csv --start 2024-11-05T15-30-22 --end 2024-11-05T15-30-22 --use-window 1 --interval 30
Mode: windowed-one-state
Rows written: 64
Distinct states in output: CO
Rows per normalized timestamp (empty = unparseable):
  2024-11-05T15-30-22: 64
Wrote /home/ubuntu/apps/election-app/win_prob/P/CO/snapshots_CO.csv

$ /home/ubuntu/.venv/bin/python3 /home/ubuntu/apps/election-app/stats/6-pval.py /home/ubuntu/apps/election-app/win_prob/P/CO/snapshots_CO.csv -t /home/ubuntu/apps/election-app/stats/parameters.csv -o /home/ubuntu/apps/election-app/win_prob/P/CO/data_output_CO.csv -c 50
Done. Wrote: /home/ubuntu/apps/election-app/win_prob/P/CO/data_output_CO.csv
Total rows: 64 (chunked, resumable).
Computed columns for PVALS = [0.01, 0.1, 1, 2, 3, 5, 10, 15, 20, 25, 30, 35, 40, 45, 50, 55, 60, 65, 70, 75, 80, 85, 90, 95, 97, 98, 99, 99.9, 99.99]
Per p (leader): shift_{p}, margin_new_{p}, harris_percent_new_{p}, trump_percent_new_{p}, total_snapshot_{p}, total_expected_{p}, harris_votes_new_{p}, trump_votes_new_{p}
Per p (trailing): shift_trailing_{p}, margin_new_{p}_trailing, harris_percent_new_{p}_trailing, trump_percent_new_{p}_trailing, total_snapshot_{p}_trailing, total_expected_{p}_trailing, harris_votes_new_{p}_trailing, trump_votes_new_{p}_trailing
Checkpoint saved at: /home/ubuntu/apps/election-app/win_prob/P/CO/data_output_CO.csv.checkpoint.json

$ /home/ubuntu/.venv/bin/python3 /home/ubuntu/apps/election-app/stats/7-margin-new.py
Wrote data_output_with_margins_old.csv

$ /home/ubuntu/.venv/bin/python3 /home/ubuntu/apps/election-app/stats/7-eevp-statewide.py
Wrote data_output_with_margins.csv (copied from data_output_with_margins_old.csv)

$ /home/ubuntu/.venv/bin/python3 /home/ubuntu/apps/election-app/stats/7.py --input /home/ubuntu/apps/election-app/win_prob/P/CO/data_output_CO_with_margins_statewide_eevp.csv --output /home/ubuntu/apps/election-app/win_prob/P/CO/statewide_margin_pct_vs_percent_CO_2026.png --state CO --start 2024-11-05T15-30-22 --end 2024-11-05T15-30-22 --stats /home/ubuntu/apps/election-app/win_prob/P/CO/stats.csv --stats2 /home/ubuntu/apps/election-app/win_prob/P/CO/stats2.csv --interval 30 --year 2026 --jsonl /home/ubuntu/apps/election-app/win_prob/P/CO/plotdata_CO_2026_2026-01-22T19-59-59.jsonl
[info] evaluating 1 timestamps from 2024-11-05T15-30-22 to 2024-11-05T15-30-22 every 30 minutes
[saved] probs_timeseries_CO.csv  (1 points)
[saved] /home/ubuntu/apps/election-app/win_prob/P/CO/plotdata_CO_2026_2026-01-22T19-59-59.jsonl  (4 points)
[saved] /home/ubuntu/apps/election-app/win_prob/P/CO/statewide_margin_pct_vs_percent_CO_2026_box.json
[saved] /home/ubuntu/apps/election-app/win_prob/P/CO/statewide_margin_pct_vs_percent_CO_2026_box.png
[saved] /home/ubuntu/apps/election-app/win_prob/P/CO/statewide_margin_pct_vs_percent_CO_2026.png

All 50 states complete. See: /home/ubuntu/apps/election-app/win_prob/P/CO

$ /home/ubuntu/.venv/bin/python3 /home/ubuntu/apps/election-app/stats/8.py --root /home/ubuntu/apps/election-app/win_prob/P/CO/_work --outdir /home/ubuntu/apps/election-app/win_prob/P/CO
[info] root  = /home/ubuntu/apps/election-app/win_prob/P/CO/_work
[info] outdir= /home/ubuntu/apps/election-app/win_prob/P/CO
[deleted] /home/ubuntu/apps/election-app/win_prob/P/CO/_work/stats_with_statewide.csv
[deleted] /home/ubuntu/apps/election-app/win_prob/P/CO/_work/stats2_final_headers.csv
[deleted] /home/ubuntu/apps/election-app/win_prob/P/CO/_work/2024_county_results_with_final-old.csv
[deleted] /home/ubuntu/apps/election-app/win_prob/P/CO/_work/2024_county_results_with_final.csv
[deleted] /home/ubuntu/apps/election-app/win_prob/P/CO/_work/2024_county_results_with_final_1.csv
[deleted] /home/ubuntu/apps/election-app/win_prob/P/CO/_work/2024_county_results_with_calcs-old.csv
[deleted] /home/ubuntu/apps/election-app/win_prob/P/CO/_work/2024_county_results_with_calcs_new.csv
[deleted] /home/ubuntu/apps/election-app/win_prob/P/CO/_work/output_statewide_stats.csv
[skip]    /home/ubuntu/apps/election-app/win_prob/P/CO/_work/probs_timeseries_PA.csv
[deleted] /home/ubuntu/apps/election-app/win_prob/P/CO/_work/2024_county_results_with_calcs.csv
[skip]    /home/ubuntu/apps/election-app/win_prob/P/CO/data_output.csv
[skip]    /home/ubuntu/apps/election-app/win_prob/P/CO/data_output_with_margins_old.csv
[skip]    /home/ubuntu/apps/election-app/win_prob/P/CO/data_output_with_margins.csv
[skip]    /home/ubuntu/apps/election-app/win_prob/P/CO/data_output_with_margins-statewide.csv
[deleted] /home/ubuntu/apps/election-app/win_prob/P/CO/snapshots_CO.csv
[deleted] /home/ubuntu/apps/election-app/win_prob/P/CO/data_output_CO_with_margins_statewide_eevp.csv
[deleted] /home/ubuntu/apps/election-app/win_prob/P/CO/data_output_CO.csv
[deleted] /home/ubuntu/apps/election-app/win_prob/P/CO/data_output_CO_with_margins.csv
[deleted] /home/ubuntu/apps/election-app/win_prob/P/CO/data_output_CO.csv.checkpoint.json
[deleted] /home/ubuntu/apps/election-app/win_prob/P/CO/stats.csv
[deleted] /home/ubuntu/apps/election-app/win_prob/P/CO/stats2.csv
[done] removed 16 file(s)
[2026-01-24 17:36:38] INFO: [PIPELINE] args: office=P state=CO district=None
[2026-01-24 17:36:38] INFO: [PIPELINE] WINPROB_DIR resolved to: /home/ubuntu/apps/election-app/win_prob/P/CO
[2026-01-24 17:36:38] INFO: [PIPELINE] OUTDIR set to: /home/ubuntu/apps/election-app/win_prob/P/CO

$ /home/ubuntu/.venv/bin/python3 /home/ubuntu/apps/election-app/stats/1-statewide.py --input /home/ubuntu/apps/election-app/win_prob/P/CO/stats.csv --output /home/ubuntu/apps/election-app/win_prob/P/CO/_work/stats_with_statewide.csv
Wrote /home/ubuntu/apps/election-app/win_prob/P/CO/_work/stats_with_statewide.csv (rows=64)

$ /home/ubuntu/.venv/bin/python3 /home/ubuntu/apps/election-app/stats/1-stats-2.py --input /home/ubuntu/apps/election-app/win_prob/P/CO/stats2.csv --output /home/ubuntu/apps/election-app/win_prob/P/CO/_work/stats2_final_headers.csv
Wrote /home/ubuntu/apps/election-app/win_prob/P/CO/_work/stats2_final_headers.csv (rows=64)

$ /home/ubuntu/.venv/bin/python3 /home/ubuntu/apps/election-app/stats/1-append-new.py
Wrote 2024_county_results_with_final-old.csv (rows=64, missing_final_matches=0)

$ /home/ubuntu/.venv/bin/python3 /home/ubuntu/apps/election-app/stats/1-change_header.py
Wrote: 2024_county_results_with_final.csv

$ /home/ubuntu/.venv/bin/python3 /home/ubuntu/apps/election-app/stats/1-cut-zero-fips.py
Wrote: 2024_county_results_with_final_1.csv
Rows before: 64
Rows after:  64
Dropped (fips == 0): 0

$ /home/ubuntu/.venv/bin/python3 /home/ubuntu/apps/election-app/stats/2-calc.py
Wrote 64 rows with calculations to /home/ubuntu/apps/election-app/win_prob/P/CO/_work/2024_county_results_with_calcs-old.csv

$ /home/ubuntu/.venv/bin/python3 /home/ubuntu/apps/election-app/stats/2-eevp.py
Wrote (no-op copy): 2024_county_results_with_calcs.csv
Columns:
 - timestamp
 - state
 - county
 - fips
 - trump_votes
 - harris_votes
 - other_votes
 - eevp
 - state_eevp
 - harris_votes_statewide
 - trump_votes_statewide
 - other_votes_statewide
 - final_state
 - final_county
 - final_fips
 - final_trump_votes
 - final_harris_votes
 - final_other_votes
 - harris_percent_snapshot
 - trump_percent_snapshot
 - margin_snapshot
 - harris_percent_final
 - trump_percent_final
 - margin_final
 - margin_difference
 - margin_difference_abs

$ /home/ubuntu/.venv/bin/python3 /home/ubuntu/apps/election-app/stats/3-calc-new.py
Wrote 64 rows with new columns to /home/ubuntu/apps/election-app/win_prob/P/CO/_work/2024_county_results_with_calcs_new.csv

$ /home/ubuntu/.venv/bin/python3 /home/ubuntu/apps/election-app/stats/4-stats.py
Reading 2024_county_results_with_calcs_new.csv...
Aggregating statewide totals...
Calculating percentages and margins...
Writing to output_statewide_stats.csv...
Done!
[2026-01-24 17:36:47] INFO: [PIPELINE] ENTER win-prob generation | states=['CO'] ts_list=['2024-11-05T15-30-22']

============================================================================
[01/1] STATE = CO
============================================================================

$ /home/ubuntu/.venv/bin/python3 /home/ubuntu/apps/election-app/stats/5-snapshots.py --state CO --input /home/ubuntu/apps/election-app/win_prob/P/CO/_work/output_statewide_stats.csv --output /home/ubuntu/apps/election-app/win_prob/P/CO/snapshots_CO.csv --start 2024-11-05T15-30-22 --end 2024-11-05T15-30-22 --use-window 1 --interval 30
Mode: windowed-one-state
Rows written: 64
Distinct states in output: CO
Rows per normalized timestamp (empty = unparseable):
  2024-11-05T15-30-22: 64
Wrote /home/ubuntu/apps/election-app/win_prob/P/CO/snapshots_CO.csv

$ /home/ubuntu/.venv/bin/python3 /home/ubuntu/apps/election-app/stats/6-pval.py /home/ubuntu/apps/election-app/win_prob/P/CO/snapshots_CO.csv -t /home/ubuntu/apps/election-app/stats/parameters.csv -o /home/ubuntu/apps/election-app/win_prob/P/CO/data_output_CO.csv -c 50
Done. Wrote: /home/ubuntu/apps/election-app/win_prob/P/CO/data_output_CO.csv
Total rows: 64 (chunked, resumable).
Computed columns for PVALS = [0.01, 0.1, 1, 2, 3, 5, 10, 15, 20, 25, 30, 35, 40, 45, 50, 55, 60, 65, 70, 75, 80, 85, 90, 95, 97, 98, 99, 99.9, 99.99]
Per p (leader): shift_{p}, margin_new_{p}, harris_percent_new_{p}, trump_percent_new_{p}, total_snapshot_{p}, total_expected_{p}, harris_votes_new_{p}, trump_votes_new_{p}
Per p (trailing): shift_trailing_{p}, margin_new_{p}_trailing, harris_percent_new_{p}_trailing, trump_percent_new_{p}_trailing, total_snapshot_{p}_trailing, total_expected_{p}_trailing, harris_votes_new_{p}_trailing, trump_votes_new_{p}_trailing
Checkpoint saved at: /home/ubuntu/apps/election-app/win_prob/P/CO/data_output_CO.csv.checkpoint.json

$ /home/ubuntu/.venv/bin/python3 /home/ubuntu/apps/election-app/stats/7-margin-new.py
Wrote data_output_with_margins_old.csv

$ /home/ubuntu/.venv/bin/python3 /home/ubuntu/apps/election-app/stats/7-eevp-statewide.py
Wrote data_output_with_margins.csv (copied from data_output_with_margins_old.csv)

$ /home/ubuntu/.venv/bin/python3 /home/ubuntu/apps/election-app/stats/7.py --input /home/ubuntu/apps/election-app/win_prob/P/CO/data_output_CO_with_margins_statewide_eevp.csv --output /home/ubuntu/apps/election-app/win_prob/P/CO/statewide_margin_pct_vs_percent_CO_2026.png --state CO --start 2024-11-05T15-30-22 --end 2024-11-05T15-30-22 --stats /home/ubuntu/apps/election-app/win_prob/P/CO/stats.csv --stats2 /home/ubuntu/apps/election-app/win_prob/P/CO/stats2.csv --interval 30 --year 2026 --jsonl /home/ubuntu/apps/election-app/win_prob/P/CO/plotdata_CO_2026_2026-01-24T17-36-38.jsonl
[info] evaluating 1 timestamps from 2024-11-05T15-30-22 to 2024-11-05T15-30-22 every 30 minutes
[saved] probs_timeseries_CO.csv  (1 points)
[saved] /home/ubuntu/apps/election-app/win_prob/P/CO/plotdata_CO_2026_2026-01-24T17-36-38.jsonl  (0 points)
[saved] /home/ubuntu/apps/election-app/win_prob/P/CO/statewide_margin_pct_vs_percent_CO_2026_box.json
[saved] /home/ubuntu/apps/election-app/win_prob/P/CO/statewide_margin_pct_vs_percent_CO_2026_box.png
[saved] /home/ubuntu/apps/election-app/win_prob/P/CO/statewide_margin_pct_vs_percent_CO_2026.png

All 50 states complete. See: /home/ubuntu/apps/election-app/win_prob/P/CO

$ /home/ubuntu/.venv/bin/python3 /home/ubuntu/apps/election-app/stats/8.py --root /home/ubuntu/apps/election-app/win_prob/P/CO/_work --outdir /home/ubuntu/apps/election-app/win_prob/P/CO
[info] root  = /home/ubuntu/apps/election-app/win_prob/P/CO/_work
[info] outdir= /home/ubuntu/apps/election-app/win_prob/P/CO
[deleted] /home/ubuntu/apps/election-app/win_prob/P/CO/_work/stats_with_statewide.csv
[deleted] /home/ubuntu/apps/election-app/win_prob/P/CO/_work/stats2_final_headers.csv
[deleted] /home/ubuntu/apps/election-app/win_prob/P/CO/_work/2024_county_results_with_final-old.csv
[deleted] /home/ubuntu/apps/election-app/win_prob/P/CO/_work/2024_county_results_with_final.csv
[deleted] /home/ubuntu/apps/election-app/win_prob/P/CO/_work/2024_county_results_with_final_1.csv
[deleted] /home/ubuntu/apps/election-app/win_prob/P/CO/_work/2024_county_results_with_calcs-old.csv
[deleted] /home/ubuntu/apps/election-app/win_prob/P/CO/_work/2024_county_results_with_calcs_new.csv
[deleted] /home/ubuntu/apps/election-app/win_prob/P/CO/_work/output_statewide_stats.csv
[skip]    /home/ubuntu/apps/election-app/win_prob/P/CO/_work/probs_timeseries_PA.csv
[deleted] /home/ubuntu/apps/election-app/win_prob/P/CO/_work/2024_county_results_with_calcs.csv
[skip]    /home/ubuntu/apps/election-app/win_prob/P/CO/data_output.csv
[skip]    /home/ubuntu/apps/election-app/win_prob/P/CO/data_output_with_margins_old.csv
[skip]    /home/ubuntu/apps/election-app/win_prob/P/CO/data_output_with_margins.csv
[skip]    /home/ubuntu/apps/election-app/win_prob/P/CO/data_output_with_margins-statewide.csv
[deleted] /home/ubuntu/apps/election-app/win_prob/P/CO/snapshots_CO.csv
[deleted] /home/ubuntu/apps/election-app/win_prob/P/CO/data_output_CO_with_margins_statewide_eevp.csv
[deleted] /home/ubuntu/apps/election-app/win_prob/P/CO/data_output_CO.csv
[deleted] /home/ubuntu/apps/election-app/win_prob/P/CO/data_output_CO_with_margins.csv
[deleted] /home/ubuntu/apps/election-app/win_prob/P/CO/data_output_CO.csv.checkpoint.json
[deleted] /home/ubuntu/apps/election-app/win_prob/P/CO/stats.csv
[deleted] /home/ubuntu/apps/election-app/win_prob/P/CO/stats2.csv
[done] removed 16 file(s)
[2026-01-24 17:46:23] INFO: [PIPELINE] args: office=P state=CO district=None
[2026-01-24 17:46:23] INFO: [PIPELINE] WINPROB_DIR resolved to: /home/ubuntu/apps/election-app/win_prob/P/CO
[2026-01-24 17:46:23] INFO: [PIPELINE] OUTDIR set to: /home/ubuntu/apps/election-app/win_prob/P/CO

$ /home/ubuntu/.venv/bin/python3 /home/ubuntu/apps/election-app/stats/1-statewide.py --input /home/ubuntu/apps/election-app/win_prob/P/CO/stats.csv --output /home/ubuntu/apps/election-app/win_prob/P/CO/_work/stats_with_statewide.csv
Wrote /home/ubuntu/apps/election-app/win_prob/P/CO/_work/stats_with_statewide.csv (rows=64)

$ /home/ubuntu/.venv/bin/python3 /home/ubuntu/apps/election-app/stats/1-stats-2.py --input /home/ubuntu/apps/election-app/win_prob/P/CO/stats2.csv --output /home/ubuntu/apps/election-app/win_prob/P/CO/_work/stats2_final_headers.csv
Wrote /home/ubuntu/apps/election-app/win_prob/P/CO/_work/stats2_final_headers.csv (rows=64)

$ /home/ubuntu/.venv/bin/python3 /home/ubuntu/apps/election-app/stats/1-append-new.py
Wrote 2024_county_results_with_final-old.csv (rows=64, missing_final_matches=0)

$ /home/ubuntu/.venv/bin/python3 /home/ubuntu/apps/election-app/stats/1-change_header.py
Wrote: 2024_county_results_with_final.csv

$ /home/ubuntu/.venv/bin/python3 /home/ubuntu/apps/election-app/stats/1-cut-zero-fips.py
Wrote: 2024_county_results_with_final_1.csv
Rows before: 64
Rows after:  64
Dropped (fips == 0): 0

$ /home/ubuntu/.venv/bin/python3 /home/ubuntu/apps/election-app/stats/2-calc.py
Wrote 64 rows with calculations to /home/ubuntu/apps/election-app/win_prob/P/CO/_work/2024_county_results_with_calcs-old.csv

$ /home/ubuntu/.venv/bin/python3 /home/ubuntu/apps/election-app/stats/2-eevp.py
Wrote (no-op copy): 2024_county_results_with_calcs.csv
Columns:
 - timestamp
 - state
 - county
 - fips
 - trump_votes
 - harris_votes
 - other_votes
 - eevp
 - state_eevp
 - harris_votes_statewide
 - trump_votes_statewide
 - other_votes_statewide
 - final_state
 - final_county
 - final_fips
 - final_trump_votes
 - final_harris_votes
 - final_other_votes
 - harris_percent_snapshot
 - trump_percent_snapshot
 - margin_snapshot
 - harris_percent_final
 - trump_percent_final
 - margin_final
 - margin_difference
 - margin_difference_abs

$ /home/ubuntu/.venv/bin/python3 /home/ubuntu/apps/election-app/stats/3-calc-new.py
Wrote 64 rows with new columns to /home/ubuntu/apps/election-app/win_prob/P/CO/_work/2024_county_results_with_calcs_new.csv

$ /home/ubuntu/.venv/bin/python3 /home/ubuntu/apps/election-app/stats/4-stats.py
Reading 2024_county_results_with_calcs_new.csv...
Aggregating statewide totals...
Calculating percentages and margins...
Writing to output_statewide_stats.csv...
Done!
[2026-01-24 17:46:33] INFO: [PIPELINE] ENTER win-prob generation | states=['CO'] ts_list=['2024-11-05T15-30-22']

============================================================================
[01/1] STATE = CO
============================================================================

$ /home/ubuntu/.venv/bin/python3 /home/ubuntu/apps/election-app/stats/5-snapshots.py --state CO --input /home/ubuntu/apps/election-app/win_prob/P/CO/_work/output_statewide_stats.csv --output /home/ubuntu/apps/election-app/win_prob/P/CO/snapshots_CO.csv --start 2024-11-05T15-30-22 --end 2024-11-05T15-30-22 --use-window 1 --interval 30
Mode: windowed-one-state
Rows written: 64
Distinct states in output: CO
Rows per normalized timestamp (empty = unparseable):
  2024-11-05T15-30-22: 64
Wrote /home/ubuntu/apps/election-app/win_prob/P/CO/snapshots_CO.csv

$ /home/ubuntu/.venv/bin/python3 /home/ubuntu/apps/election-app/stats/6-pval.py /home/ubuntu/apps/election-app/win_prob/P/CO/snapshots_CO.csv -t /home/ubuntu/apps/election-app/stats/parameters.csv -o /home/ubuntu/apps/election-app/win_prob/P/CO/data_output_CO.csv -c 50
Done. Wrote: /home/ubuntu/apps/election-app/win_prob/P/CO/data_output_CO.csv
Total rows: 64 (chunked, resumable).
Computed columns for PVALS = [0.01, 0.1, 1, 2, 3, 5, 10, 15, 20, 25, 30, 35, 40, 45, 50, 55, 60, 65, 70, 75, 80, 85, 90, 95, 97, 98, 99, 99.9, 99.99]
Per p (leader): shift_{p}, margin_new_{p}, harris_percent_new_{p}, trump_percent_new_{p}, total_snapshot_{p}, total_expected_{p}, harris_votes_new_{p}, trump_votes_new_{p}
Per p (trailing): shift_trailing_{p}, margin_new_{p}_trailing, harris_percent_new_{p}_trailing, trump_percent_new_{p}_trailing, total_snapshot_{p}_trailing, total_expected_{p}_trailing, harris_votes_new_{p}_trailing, trump_votes_new_{p}_trailing
Checkpoint saved at: /home/ubuntu/apps/election-app/win_prob/P/CO/data_output_CO.csv.checkpoint.json

$ /home/ubuntu/.venv/bin/python3 /home/ubuntu/apps/election-app/stats/7-margin-new.py
Wrote data_output_with_margins_old.csv

$ /home/ubuntu/.venv/bin/python3 /home/ubuntu/apps/election-app/stats/7-eevp-statewide.py
Wrote data_output_with_margins.csv (copied from data_output_with_margins_old.csv)

$ /home/ubuntu/.venv/bin/python3 /home/ubuntu/apps/election-app/stats/7.py --input /home/ubuntu/apps/election-app/win_prob/P/CO/data_output_CO_with_margins_statewide_eevp.csv --output /home/ubuntu/apps/election-app/win_prob/P/CO/statewide_margin_pct_vs_percent_CO_2026.png --state CO --start 2024-11-05T15-30-22 --end 2024-11-05T15-30-22 --stats /home/ubuntu/apps/election-app/win_prob/P/CO/stats.csv --stats2 /home/ubuntu/apps/election-app/win_prob/P/CO/stats2.csv --interval 30 --year 2026 --jsonl /home/ubuntu/apps/election-app/win_prob/P/CO/plotdata_CO_2026_2026-01-24T17-46-23.jsonl
[info] evaluating 1 timestamps from 2024-11-05T15-30-22 to 2024-11-05T15-30-22 every 30 minutes
[saved] probs_timeseries_CO.csv  (1 points)
[saved] /home/ubuntu/apps/election-app/win_prob/P/CO/plotdata_CO_2026_2026-01-24T17-46-23.jsonl  (4 points)
[saved] /home/ubuntu/apps/election-app/win_prob/P/CO/statewide_margin_pct_vs_percent_CO_2026_box.json
[saved] /home/ubuntu/apps/election-app/win_prob/P/CO/statewide_margin_pct_vs_percent_CO_2026_box.png
[saved] /home/ubuntu/apps/election-app/win_prob/P/CO/statewide_margin_pct_vs_percent_CO_2026.png

All 50 states complete. See: /home/ubuntu/apps/election-app/win_prob/P/CO

$ /home/ubuntu/.venv/bin/python3 /home/ubuntu/apps/election-app/stats/8.py --root /home/ubuntu/apps/election-app/win_prob/P/CO/_work --outdir /home/ubuntu/apps/election-app/win_prob/P/CO
[info] root  = /home/ubuntu/apps/election-app/win_prob/P/CO/_work
[info] outdir= /home/ubuntu/apps/election-app/win_prob/P/CO
[deleted] /home/ubuntu/apps/election-app/win_prob/P/CO/_work/stats_with_statewide.csv
[deleted] /home/ubuntu/apps/election-app/win_prob/P/CO/_work/stats2_final_headers.csv
[deleted] /home/ubuntu/apps/election-app/win_prob/P/CO/_work/2024_county_results_with_final-old.csv
[deleted] /home/ubuntu/apps/election-app/win_prob/P/CO/_work/2024_county_results_with_final.csv
[deleted] /home/ubuntu/apps/election-app/win_prob/P/CO/_work/2024_county_results_with_final_1.csv
[deleted] /home/ubuntu/apps/election-app/win_prob/P/CO/_work/2024_county_results_with_calcs-old.csv
[deleted] /home/ubuntu/apps/election-app/win_prob/P/CO/_work/2024_county_results_with_calcs_new.csv
[deleted] /home/ubuntu/apps/election-app/win_prob/P/CO/_work/output_statewide_stats.csv
[skip]    /home/ubuntu/apps/election-app/win_prob/P/CO/_work/probs_timeseries_PA.csv
[deleted] /home/ubuntu/apps/election-app/win_prob/P/CO/_work/2024_county_results_with_calcs.csv
[skip]    /home/ubuntu/apps/election-app/win_prob/P/CO/data_output.csv
[skip]    /home/ubuntu/apps/election-app/win_prob/P/CO/data_output_with_margins_old.csv
[skip]    /home/ubuntu/apps/election-app/win_prob/P/CO/data_output_with_margins.csv
[skip]    /home/ubuntu/apps/election-app/win_prob/P/CO/data_output_with_margins-statewide.csv
[deleted] /home/ubuntu/apps/election-app/win_prob/P/CO/snapshots_CO.csv
[deleted] /home/ubuntu/apps/election-app/win_prob/P/CO/data_output_CO_with_margins_statewide_eevp.csv
[deleted] /home/ubuntu/apps/election-app/win_prob/P/CO/data_output_CO.csv
[deleted] /home/ubuntu/apps/election-app/win_prob/P/CO/data_output_CO_with_margins.csv
[deleted] /home/ubuntu/apps/election-app/win_prob/P/CO/data_output_CO.csv.checkpoint.json
[deleted] /home/ubuntu/apps/election-app/win_prob/P/CO/stats.csv
[deleted] /home/ubuntu/apps/election-app/win_prob/P/CO/stats2.csv
[done] removed 16 file(s)
[2026-01-24 17:53:25] INFO: [PIPELINE] args: office=P state=CO district=None
[2026-01-24 17:53:25] INFO: [PIPELINE] WINPROB_DIR resolved to: /home/ubuntu/apps/election-app/win_prob/P/CO
[2026-01-24 17:53:25] INFO: [PIPELINE] OUTDIR set to: /home/ubuntu/apps/election-app/win_prob/P/CO

$ /home/ubuntu/.venv/bin/python3 /home/ubuntu/apps/election-app/stats/1-statewide.py --input /home/ubuntu/apps/election-app/win_prob/P/CO/stats.csv --output /home/ubuntu/apps/election-app/win_prob/P/CO/_work/stats_with_statewide.csv
Wrote /home/ubuntu/apps/election-app/win_prob/P/CO/_work/stats_with_statewide.csv (rows=64)

$ /home/ubuntu/.venv/bin/python3 /home/ubuntu/apps/election-app/stats/1-stats-2.py --input /home/ubuntu/apps/election-app/win_prob/P/CO/stats2.csv --output /home/ubuntu/apps/election-app/win_prob/P/CO/_work/stats2_final_headers.csv
Wrote /home/ubuntu/apps/election-app/win_prob/P/CO/_work/stats2_final_headers.csv (rows=64)

$ /home/ubuntu/.venv/bin/python3 /home/ubuntu/apps/election-app/stats/1-append-new.py
Wrote 2024_county_results_with_final-old.csv (rows=64, missing_final_matches=0)

$ /home/ubuntu/.venv/bin/python3 /home/ubuntu/apps/election-app/stats/1-change_header.py
Wrote: 2024_county_results_with_final.csv

$ /home/ubuntu/.venv/bin/python3 /home/ubuntu/apps/election-app/stats/1-cut-zero-fips.py
Wrote: 2024_county_results_with_final_1.csv
Rows before: 64
Rows after:  64
Dropped (fips == 0): 0

$ /home/ubuntu/.venv/bin/python3 /home/ubuntu/apps/election-app/stats/2-calc.py
Wrote 64 rows with calculations to /home/ubuntu/apps/election-app/win_prob/P/CO/_work/2024_county_results_with_calcs-old.csv

$ /home/ubuntu/.venv/bin/python3 /home/ubuntu/apps/election-app/stats/2-eevp.py
Wrote (no-op copy): 2024_county_results_with_calcs.csv
Columns:
 - timestamp
 - state
 - county
 - fips
 - trump_votes
 - harris_votes
 - other_votes
 - eevp
 - state_eevp
 - harris_votes_statewide
 - trump_votes_statewide
 - other_votes_statewide
 - final_state
 - final_county
 - final_fips
 - final_trump_votes
 - final_harris_votes
 - final_other_votes
 - harris_percent_snapshot
 - trump_percent_snapshot
 - margin_snapshot
 - harris_percent_final
 - trump_percent_final
 - margin_final
 - margin_difference
 - margin_difference_abs

$ /home/ubuntu/.venv/bin/python3 /home/ubuntu/apps/election-app/stats/3-calc-new.py
Wrote 64 rows with new columns to /home/ubuntu/apps/election-app/win_prob/P/CO/_work/2024_county_results_with_calcs_new.csv

$ /home/ubuntu/.venv/bin/python3 /home/ubuntu/apps/election-app/stats/4-stats.py
Reading 2024_county_results_with_calcs_new.csv...
Aggregating statewide totals...
Calculating percentages and margins...
Writing to output_statewide_stats.csv...
Done!
[2026-01-24 17:53:35] INFO: [PIPELINE] ENTER win-prob generation | states=['CO'] ts_list=['2024-11-05T15-30-22']

============================================================================
[01/1] STATE = CO
============================================================================

$ /home/ubuntu/.venv/bin/python3 /home/ubuntu/apps/election-app/stats/5-snapshots.py --state CO --input /home/ubuntu/apps/election-app/win_prob/P/CO/_work/output_statewide_stats.csv --output /home/ubuntu/apps/election-app/win_prob/P/CO/snapshots_CO.csv --start 2024-11-05T15-30-22 --end 2024-11-05T15-30-22 --use-window 1 --interval 30
Mode: windowed-one-state
Rows written: 64
Distinct states in output: CO
Rows per normalized timestamp (empty = unparseable):
  2024-11-05T15-30-22: 64
Wrote /home/ubuntu/apps/election-app/win_prob/P/CO/snapshots_CO.csv

$ /home/ubuntu/.venv/bin/python3 /home/ubuntu/apps/election-app/stats/6-pval.py /home/ubuntu/apps/election-app/win_prob/P/CO/snapshots_CO.csv -t /home/ubuntu/apps/election-app/stats/parameters.csv -o /home/ubuntu/apps/election-app/win_prob/P/CO/data_output_CO.csv -c 50
Done. Wrote: /home/ubuntu/apps/election-app/win_prob/P/CO/data_output_CO.csv
Total rows: 64 (chunked, resumable).
Computed columns for PVALS = [0.01, 0.1, 1, 2, 3, 5, 10, 15, 20, 25, 30, 35, 40, 45, 50, 55, 60, 65, 70, 75, 80, 85, 90, 95, 97, 98, 99, 99.9, 99.99]
Per p (leader): shift_{p}, margin_new_{p}, harris_percent_new_{p}, trump_percent_new_{p}, total_snapshot_{p}, total_expected_{p}, harris_votes_new_{p}, trump_votes_new_{p}
Per p (trailing): shift_trailing_{p}, margin_new_{p}_trailing, harris_percent_new_{p}_trailing, trump_percent_new_{p}_trailing, total_snapshot_{p}_trailing, total_expected_{p}_trailing, harris_votes_new_{p}_trailing, trump_votes_new_{p}_trailing
Checkpoint saved at: /home/ubuntu/apps/election-app/win_prob/P/CO/data_output_CO.csv.checkpoint.json

$ /home/ubuntu/.venv/bin/python3 /home/ubuntu/apps/election-app/stats/7-margin-new.py
Wrote data_output_with_margins_old.csv

$ /home/ubuntu/.venv/bin/python3 /home/ubuntu/apps/election-app/stats/7-eevp-statewide.py
Wrote data_output_with_margins.csv (copied from data_output_with_margins_old.csv)

$ /home/ubuntu/.venv/bin/python3 /home/ubuntu/apps/election-app/stats/7.py --input /home/ubuntu/apps/election-app/win_prob/P/CO/data_output_CO_with_margins_statewide_eevp.csv --output /home/ubuntu/apps/election-app/win_prob/P/CO/statewide_margin_pct_vs_percent_CO_2026.png --state CO --start 2024-11-05T15-30-22 --end 2024-11-05T15-30-22 --stats /home/ubuntu/apps/election-app/win_prob/P/CO/stats.csv --stats2 /home/ubuntu/apps/election-app/win_prob/P/CO/stats2.csv --interval 30 --year 2026 --jsonl /home/ubuntu/apps/election-app/win_prob/P/CO/plotdata_CO_2026_2026-01-24T17-53-25.jsonl
[info] evaluating 1 timestamps from 2024-11-05T15-30-22 to 2024-11-05T15-30-22 every 30 minutes
[saved] probs_timeseries_CO.csv  (1 points)
[saved] /home/ubuntu/apps/election-app/win_prob/P/CO/plotdata_CO_2026_2026-01-24T17-53-25.jsonl  (4 points)
[saved] /home/ubuntu/apps/election-app/win_prob/P/CO/statewide_margin_pct_vs_percent_CO_2026_box.json
[saved] /home/ubuntu/apps/election-app/win_prob/P/CO/statewide_margin_pct_vs_percent_CO_2026_box.png
[saved] /home/ubuntu/apps/election-app/win_prob/P/CO/statewide_margin_pct_vs_percent_CO_2026.png

All 50 states complete. See: /home/ubuntu/apps/election-app/win_prob/P/CO

$ /home/ubuntu/.venv/bin/python3 /home/ubuntu/apps/election-app/stats/8.py --root /home/ubuntu/apps/election-app/win_prob/P/CO/_work --outdir /home/ubuntu/apps/election-app/win_prob/P/CO
[info] root  = /home/ubuntu/apps/election-app/win_prob/P/CO/_work
[info] outdir= /home/ubuntu/apps/election-app/win_prob/P/CO
[deleted] /home/ubuntu/apps/election-app/win_prob/P/CO/_work/stats_with_statewide.csv
[deleted] /home/ubuntu/apps/election-app/win_prob/P/CO/_work/stats2_final_headers.csv
[deleted] /home/ubuntu/apps/election-app/win_prob/P/CO/_work/2024_county_results_with_final-old.csv
[deleted] /home/ubuntu/apps/election-app/win_prob/P/CO/_work/2024_county_results_with_final.csv
[deleted] /home/ubuntu/apps/election-app/win_prob/P/CO/_work/2024_county_results_with_final_1.csv
[deleted] /home/ubuntu/apps/election-app/win_prob/P/CO/_work/2024_county_results_with_calcs-old.csv
[deleted] /home/ubuntu/apps/election-app/win_prob/P/CO/_work/2024_county_results_with_calcs_new.csv
[deleted] /home/ubuntu/apps/election-app/win_prob/P/CO/_work/output_statewide_stats.csv
[skip]    /home/ubuntu/apps/election-app/win_prob/P/CO/_work/probs_timeseries_PA.csv
[deleted] /home/ubuntu/apps/election-app/win_prob/P/CO/_work/2024_county_results_with_calcs.csv
[skip]    /home/ubuntu/apps/election-app/win_prob/P/CO/data_output.csv
[skip]    /home/ubuntu/apps/election-app/win_prob/P/CO/data_output_with_margins_old.csv
[skip]    /home/ubuntu/apps/election-app/win_prob/P/CO/data_output_with_margins.csv
[skip]    /home/ubuntu/apps/election-app/win_prob/P/CO/data_output_with_margins-statewide.csv
[deleted] /home/ubuntu/apps/election-app/win_prob/P/CO/snapshots_CO.csv
[deleted] /home/ubuntu/apps/election-app/win_prob/P/CO/data_output_CO_with_margins_statewide_eevp.csv
[deleted] /home/ubuntu/apps/election-app/win_prob/P/CO/data_output_CO.csv
[deleted] /home/ubuntu/apps/election-app/win_prob/P/CO/data_output_CO_with_margins.csv
[deleted] /home/ubuntu/apps/election-app/win_prob/P/CO/data_output_CO.csv.checkpoint.json
[deleted] /home/ubuntu/apps/election-app/win_prob/P/CO/stats.csv
[deleted] /home/ubuntu/apps/election-app/win_prob/P/CO/stats2.csv
[done] removed 16 file(s)
[2026-01-24 18:00:28] INFO: [PIPELINE] args: office=P state=CO district=None
[2026-01-24 18:00:28] INFO: [PIPELINE] WINPROB_DIR resolved to: /home/ubuntu/apps/election-app/win_prob/P/CO
[2026-01-24 18:00:28] INFO: [PIPELINE] OUTDIR set to: /home/ubuntu/apps/election-app/win_prob/P/CO

$ /home/ubuntu/.venv/bin/python3 /home/ubuntu/apps/election-app/stats/1-statewide.py --input /home/ubuntu/apps/election-app/win_prob/P/CO/stats.csv --output /home/ubuntu/apps/election-app/win_prob/P/CO/_work/stats_with_statewide.csv
Wrote /home/ubuntu/apps/election-app/win_prob/P/CO/_work/stats_with_statewide.csv (rows=64)

$ /home/ubuntu/.venv/bin/python3 /home/ubuntu/apps/election-app/stats/1-stats-2.py --input /home/ubuntu/apps/election-app/win_prob/P/CO/stats2.csv --output /home/ubuntu/apps/election-app/win_prob/P/CO/_work/stats2_final_headers.csv
Wrote /home/ubuntu/apps/election-app/win_prob/P/CO/_work/stats2_final_headers.csv (rows=64)

$ /home/ubuntu/.venv/bin/python3 /home/ubuntu/apps/election-app/stats/1-append-new.py
Wrote 2024_county_results_with_final-old.csv (rows=64, missing_final_matches=0)

$ /home/ubuntu/.venv/bin/python3 /home/ubuntu/apps/election-app/stats/1-change_header.py
Wrote: 2024_county_results_with_final.csv

$ /home/ubuntu/.venv/bin/python3 /home/ubuntu/apps/election-app/stats/1-cut-zero-fips.py
Wrote: 2024_county_results_with_final_1.csv
Rows before: 64
Rows after:  64
Dropped (fips == 0): 0

$ /home/ubuntu/.venv/bin/python3 /home/ubuntu/apps/election-app/stats/2-calc.py
Wrote 64 rows with calculations to /home/ubuntu/apps/election-app/win_prob/P/CO/_work/2024_county_results_with_calcs-old.csv

$ /home/ubuntu/.venv/bin/python3 /home/ubuntu/apps/election-app/stats/2-eevp.py
Wrote (no-op copy): 2024_county_results_with_calcs.csv
Columns:
 - timestamp
 - state
 - county
 - fips
 - trump_votes
 - harris_votes
 - other_votes
 - eevp
 - state_eevp
 - harris_votes_statewide
 - trump_votes_statewide
 - other_votes_statewide
 - final_state
 - final_county
 - final_fips
 - final_trump_votes
 - final_harris_votes
 - final_other_votes
 - harris_percent_snapshot
 - trump_percent_snapshot
 - margin_snapshot
 - harris_percent_final
 - trump_percent_final
 - margin_final
 - margin_difference
 - margin_difference_abs

$ /home/ubuntu/.venv/bin/python3 /home/ubuntu/apps/election-app/stats/3-calc-new.py
Wrote 64 rows with new columns to /home/ubuntu/apps/election-app/win_prob/P/CO/_work/2024_county_results_with_calcs_new.csv

$ /home/ubuntu/.venv/bin/python3 /home/ubuntu/apps/election-app/stats/4-stats.py
Reading 2024_county_results_with_calcs_new.csv...
Aggregating statewide totals...
Calculating percentages and margins...
Writing to output_statewide_stats.csv...
Done!
[2026-01-24 18:00:37] INFO: [PIPELINE] ENTER win-prob generation | states=['CO'] ts_list=['2024-11-05T15-30-22']

============================================================================
[01/1] STATE = CO
============================================================================

$ /home/ubuntu/.venv/bin/python3 /home/ubuntu/apps/election-app/stats/5-snapshots.py --state CO --input /home/ubuntu/apps/election-app/win_prob/P/CO/_work/output_statewide_stats.csv --output /home/ubuntu/apps/election-app/win_prob/P/CO/snapshots_CO.csv --start 2024-11-05T15-30-22 --end 2024-11-05T15-30-22 --use-window 1 --interval 30
Mode: windowed-one-state
Rows written: 64
Distinct states in output: CO
Rows per normalized timestamp (empty = unparseable):
  2024-11-05T15-30-22: 64
Wrote /home/ubuntu/apps/election-app/win_prob/P/CO/snapshots_CO.csv

$ /home/ubuntu/.venv/bin/python3 /home/ubuntu/apps/election-app/stats/6-pval.py /home/ubuntu/apps/election-app/win_prob/P/CO/snapshots_CO.csv -t /home/ubuntu/apps/election-app/stats/parameters.csv -o /home/ubuntu/apps/election-app/win_prob/P/CO/data_output_CO.csv -c 50
Done. Wrote: /home/ubuntu/apps/election-app/win_prob/P/CO/data_output_CO.csv
Total rows: 64 (chunked, resumable).
Computed columns for PVALS = [0.01, 0.1, 1, 2, 3, 5, 10, 15, 20, 25, 30, 35, 40, 45, 50, 55, 60, 65, 70, 75, 80, 85, 90, 95, 97, 98, 99, 99.9, 99.99]
Per p (leader): shift_{p}, margin_new_{p}, harris_percent_new_{p}, trump_percent_new_{p}, total_snapshot_{p}, total_expected_{p}, harris_votes_new_{p}, trump_votes_new_{p}
Per p (trailing): shift_trailing_{p}, margin_new_{p}_trailing, harris_percent_new_{p}_trailing, trump_percent_new_{p}_trailing, total_snapshot_{p}_trailing, total_expected_{p}_trailing, harris_votes_new_{p}_trailing, trump_votes_new_{p}_trailing
Checkpoint saved at: /home/ubuntu/apps/election-app/win_prob/P/CO/data_output_CO.csv.checkpoint.json

$ /home/ubuntu/.venv/bin/python3 /home/ubuntu/apps/election-app/stats/7-margin-new.py
Wrote data_output_with_margins_old.csv

$ /home/ubuntu/.venv/bin/python3 /home/ubuntu/apps/election-app/stats/7-eevp-statewide.py
Wrote data_output_with_margins.csv (copied from data_output_with_margins_old.csv)

$ /home/ubuntu/.venv/bin/python3 /home/ubuntu/apps/election-app/stats/7.py --input /home/ubuntu/apps/election-app/win_prob/P/CO/data_output_CO_with_margins_statewide_eevp.csv --output /home/ubuntu/apps/election-app/win_prob/P/CO/statewide_margin_pct_vs_percent_CO_2026.png --state CO --start 2024-11-05T15-30-22 --end 2024-11-05T15-30-22 --stats /home/ubuntu/apps/election-app/win_prob/P/CO/stats.csv --stats2 /home/ubuntu/apps/election-app/win_prob/P/CO/stats2.csv --interval 30 --year 2026 --jsonl /home/ubuntu/apps/election-app/win_prob/P/CO/plotdata_CO_2026_2026-01-24T18-00-28.jsonl
[info] evaluating 1 timestamps from 2024-11-05T15-30-22 to 2024-11-05T15-30-22 every 30 minutes
[saved] probs_timeseries_CO.csv  (1 points)
[saved] /home/ubuntu/apps/election-app/win_prob/P/CO/plotdata_CO_2026_2026-01-24T18-00-28.jsonl  (4 points)
[saved] /home/ubuntu/apps/election-app/win_prob/P/CO/statewide_margin_pct_vs_percent_CO_2026_box.json
[saved] /home/ubuntu/apps/election-app/win_prob/P/CO/statewide_margin_pct_vs_percent_CO_2026_box.png
[saved] /home/ubuntu/apps/election-app/win_prob/P/CO/statewide_margin_pct_vs_percent_CO_2026.png

All 50 states complete. See: /home/ubuntu/apps/election-app/win_prob/P/CO

$ /home/ubuntu/.venv/bin/python3 /home/ubuntu/apps/election-app/stats/8.py --root /home/ubuntu/apps/election-app/win_prob/P/CO/_work --outdir /home/ubuntu/apps/election-app/win_prob/P/CO
[info] root  = /home/ubuntu/apps/election-app/win_prob/P/CO/_work
[info] outdir= /home/ubuntu/apps/election-app/win_prob/P/CO
[deleted] /home/ubuntu/apps/election-app/win_prob/P/CO/_work/stats_with_statewide.csv
[deleted] /home/ubuntu/apps/election-app/win_prob/P/CO/_work/stats2_final_headers.csv
[deleted] /home/ubuntu/apps/election-app/win_prob/P/CO/_work/2024_county_results_with_final-old.csv
[deleted] /home/ubuntu/apps/election-app/win_prob/P/CO/_work/2024_county_results_with_final.csv
[deleted] /home/ubuntu/apps/election-app/win_prob/P/CO/_work/2024_county_results_with_final_1.csv
[deleted] /home/ubuntu/apps/election-app/win_prob/P/CO/_work/2024_county_results_with_calcs-old.csv
[deleted] /home/ubuntu/apps/election-app/win_prob/P/CO/_work/2024_county_results_with_calcs_new.csv
[deleted] /home/ubuntu/apps/election-app/win_prob/P/CO/_work/output_statewide_stats.csv
[skip]    /home/ubuntu/apps/election-app/win_prob/P/CO/_work/probs_timeseries_PA.csv
[deleted] /home/ubuntu/apps/election-app/win_prob/P/CO/_work/2024_county_results_with_calcs.csv
[skip]    /home/ubuntu/apps/election-app/win_prob/P/CO/data_output.csv
[skip]    /home/ubuntu/apps/election-app/win_prob/P/CO/data_output_with_margins_old.csv
[skip]    /home/ubuntu/apps/election-app/win_prob/P/CO/data_output_with_margins.csv
[skip]    /home/ubuntu/apps/election-app/win_prob/P/CO/data_output_with_margins-statewide.csv
[deleted] /home/ubuntu/apps/election-app/win_prob/P/CO/snapshots_CO.csv
[deleted] /home/ubuntu/apps/election-app/win_prob/P/CO/data_output_CO_with_margins_statewide_eevp.csv
[deleted] /home/ubuntu/apps/election-app/win_prob/P/CO/data_output_CO.csv
[deleted] /home/ubuntu/apps/election-app/win_prob/P/CO/data_output_CO_with_margins.csv
[deleted] /home/ubuntu/apps/election-app/win_prob/P/CO/data_output_CO.csv.checkpoint.json
[deleted] /home/ubuntu/apps/election-app/win_prob/P/CO/stats.csv
[deleted] /home/ubuntu/apps/election-app/win_prob/P/CO/stats2.csv
[done] removed 16 file(s)
[2026-01-24 18:07:30] INFO: [PIPELINE] args: office=P state=CO district=None
[2026-01-24 18:07:30] INFO: [PIPELINE] WINPROB_DIR resolved to: /home/ubuntu/apps/election-app/win_prob/P/CO
[2026-01-24 18:07:30] INFO: [PIPELINE] OUTDIR set to: /home/ubuntu/apps/election-app/win_prob/P/CO

$ /home/ubuntu/.venv/bin/python3 /home/ubuntu/apps/election-app/stats/1-statewide.py --input /home/ubuntu/apps/election-app/win_prob/P/CO/stats.csv --output /home/ubuntu/apps/election-app/win_prob/P/CO/_work/stats_with_statewide.csv
Wrote /home/ubuntu/apps/election-app/win_prob/P/CO/_work/stats_with_statewide.csv (rows=64)

$ /home/ubuntu/.venv/bin/python3 /home/ubuntu/apps/election-app/stats/1-stats-2.py --input /home/ubuntu/apps/election-app/win_prob/P/CO/stats2.csv --output /home/ubuntu/apps/election-app/win_prob/P/CO/_work/stats2_final_headers.csv
Wrote /home/ubuntu/apps/election-app/win_prob/P/CO/_work/stats2_final_headers.csv (rows=64)

$ /home/ubuntu/.venv/bin/python3 /home/ubuntu/apps/election-app/stats/1-append-new.py
Wrote 2024_county_results_with_final-old.csv (rows=64, missing_final_matches=0)

$ /home/ubuntu/.venv/bin/python3 /home/ubuntu/apps/election-app/stats/1-change_header.py
Wrote: 2024_county_results_with_final.csv

$ /home/ubuntu/.venv/bin/python3 /home/ubuntu/apps/election-app/stats/1-cut-zero-fips.py
Wrote: 2024_county_results_with_final_1.csv
Rows before: 64
Rows after:  64
Dropped (fips == 0): 0

$ /home/ubuntu/.venv/bin/python3 /home/ubuntu/apps/election-app/stats/2-calc.py
Wrote 64 rows with calculations to /home/ubuntu/apps/election-app/win_prob/P/CO/_work/2024_county_results_with_calcs-old.csv

$ /home/ubuntu/.venv/bin/python3 /home/ubuntu/apps/election-app/stats/2-eevp.py
Wrote (no-op copy): 2024_county_results_with_calcs.csv
Columns:
 - timestamp
 - state
 - county
 - fips
 - trump_votes
 - harris_votes
 - other_votes
 - eevp
 - state_eevp
 - harris_votes_statewide
 - trump_votes_statewide
 - other_votes_statewide
 - final_state
 - final_county
 - final_fips
 - final_trump_votes
 - final_harris_votes
 - final_other_votes
 - harris_percent_snapshot
 - trump_percent_snapshot
 - margin_snapshot
 - harris_percent_final
 - trump_percent_final
 - margin_final
 - margin_difference
 - margin_difference_abs

$ /home/ubuntu/.venv/bin/python3 /home/ubuntu/apps/election-app/stats/3-calc-new.py
Wrote 64 rows with new columns to /home/ubuntu/apps/election-app/win_prob/P/CO/_work/2024_county_results_with_calcs_new.csv

$ /home/ubuntu/.venv/bin/python3 /home/ubuntu/apps/election-app/stats/4-stats.py
Reading 2024_county_results_with_calcs_new.csv...
Aggregating statewide totals...
Calculating percentages and margins...
Writing to output_statewide_stats.csv...
Done!
[2026-01-24 18:07:39] INFO: [PIPELINE] ENTER win-prob generation | states=['CO'] ts_list=['2024-11-05T15-30-22']

============================================================================
[01/1] STATE = CO
============================================================================

$ /home/ubuntu/.venv/bin/python3 /home/ubuntu/apps/election-app/stats/5-snapshots.py --state CO --input /home/ubuntu/apps/election-app/win_prob/P/CO/_work/output_statewide_stats.csv --output /home/ubuntu/apps/election-app/win_prob/P/CO/snapshots_CO.csv --start 2024-11-05T15-30-22 --end 2024-11-05T15-30-22 --use-window 1 --interval 30
Mode: windowed-one-state
Rows written: 64
Distinct states in output: CO
Rows per normalized timestamp (empty = unparseable):
  2024-11-05T15-30-22: 64
Wrote /home/ubuntu/apps/election-app/win_prob/P/CO/snapshots_CO.csv

$ /home/ubuntu/.venv/bin/python3 /home/ubuntu/apps/election-app/stats/6-pval.py /home/ubuntu/apps/election-app/win_prob/P/CO/snapshots_CO.csv -t /home/ubuntu/apps/election-app/stats/parameters.csv -o /home/ubuntu/apps/election-app/win_prob/P/CO/data_output_CO.csv -c 50
Done. Wrote: /home/ubuntu/apps/election-app/win_prob/P/CO/data_output_CO.csv
Total rows: 64 (chunked, resumable).
Computed columns for PVALS = [0.01, 0.1, 1, 2, 3, 5, 10, 15, 20, 25, 30, 35, 40, 45, 50, 55, 60, 65, 70, 75, 80, 85, 90, 95, 97, 98, 99, 99.9, 99.99]
Per p (leader): shift_{p}, margin_new_{p}, harris_percent_new_{p}, trump_percent_new_{p}, total_snapshot_{p}, total_expected_{p}, harris_votes_new_{p}, trump_votes_new_{p}
Per p (trailing): shift_trailing_{p}, margin_new_{p}_trailing, harris_percent_new_{p}_trailing, trump_percent_new_{p}_trailing, total_snapshot_{p}_trailing, total_expected_{p}_trailing, harris_votes_new_{p}_trailing, trump_votes_new_{p}_trailing
Checkpoint saved at: /home/ubuntu/apps/election-app/win_prob/P/CO/data_output_CO.csv.checkpoint.json

$ /home/ubuntu/.venv/bin/python3 /home/ubuntu/apps/election-app/stats/7-margin-new.py
Wrote data_output_with_margins_old.csv

$ /home/ubuntu/.venv/bin/python3 /home/ubuntu/apps/election-app/stats/7-eevp-statewide.py
Wrote data_output_with_margins.csv (copied from data_output_with_margins_old.csv)

$ /home/ubuntu/.venv/bin/python3 /home/ubuntu/apps/election-app/stats/7.py --input /home/ubuntu/apps/election-app/win_prob/P/CO/data_output_CO_with_margins_statewide_eevp.csv --output /home/ubuntu/apps/election-app/win_prob/P/CO/statewide_margin_pct_vs_percent_CO_2026.png --state CO --start 2024-11-05T15-30-22 --end 2024-11-05T15-30-22 --stats /home/ubuntu/apps/election-app/win_prob/P/CO/stats.csv --stats2 /home/ubuntu/apps/election-app/win_prob/P/CO/stats2.csv --interval 30 --year 2026 --jsonl /home/ubuntu/apps/election-app/win_prob/P/CO/plotdata_CO_2026_2026-01-24T18-07-30.jsonl
[info] evaluating 1 timestamps from 2024-11-05T15-30-22 to 2024-11-05T15-30-22 every 30 minutes
[saved] probs_timeseries_CO.csv  (1 points)
[saved] /home/ubuntu/apps/election-app/win_prob/P/CO/plotdata_CO_2026_2026-01-24T18-07-30.jsonl  (4 points)
[saved] /home/ubuntu/apps/election-app/win_prob/P/CO/statewide_margin_pct_vs_percent_CO_2026_box.json
[saved] /home/ubuntu/apps/election-app/win_prob/P/CO/statewide_margin_pct_vs_percent_CO_2026_box.png
[saved] /home/ubuntu/apps/election-app/win_prob/P/CO/statewide_margin_pct_vs_percent_CO_2026.png

All 50 states complete. See: /home/ubuntu/apps/election-app/win_prob/P/CO

$ /home/ubuntu/.venv/bin/python3 /home/ubuntu/apps/election-app/stats/8.py --root /home/ubuntu/apps/election-app/win_prob/P/CO/_work --outdir /home/ubuntu/apps/election-app/win_prob/P/CO
[info] root  = /home/ubuntu/apps/election-app/win_prob/P/CO/_work
[info] outdir= /home/ubuntu/apps/election-app/win_prob/P/CO
[deleted] /home/ubuntu/apps/election-app/win_prob/P/CO/_work/stats_with_statewide.csv
[deleted] /home/ubuntu/apps/election-app/win_prob/P/CO/_work/stats2_final_headers.csv
[deleted] /home/ubuntu/apps/election-app/win_prob/P/CO/_work/2024_county_results_with_final-old.csv
[deleted] /home/ubuntu/apps/election-app/win_prob/P/CO/_work/2024_county_results_with_final.csv
[deleted] /home/ubuntu/apps/election-app/win_prob/P/CO/_work/2024_county_results_with_final_1.csv
[deleted] /home/ubuntu/apps/election-app/win_prob/P/CO/_work/2024_county_results_with_calcs-old.csv
[deleted] /home/ubuntu/apps/election-app/win_prob/P/CO/_work/2024_county_results_with_calcs_new.csv
[deleted] /home/ubuntu/apps/election-app/win_prob/P/CO/_work/output_statewide_stats.csv
[skip]    /home/ubuntu/apps/election-app/win_prob/P/CO/_work/probs_timeseries_PA.csv
[deleted] /home/ubuntu/apps/election-app/win_prob/P/CO/_work/2024_county_results_with_calcs.csv
[skip]    /home/ubuntu/apps/election-app/win_prob/P/CO/data_output.csv
[skip]    /home/ubuntu/apps/election-app/win_prob/P/CO/data_output_with_margins_old.csv
[skip]    /home/ubuntu/apps/election-app/win_prob/P/CO/data_output_with_margins.csv
[skip]    /home/ubuntu/apps/election-app/win_prob/P/CO/data_output_with_margins-statewide.csv
[deleted] /home/ubuntu/apps/election-app/win_prob/P/CO/snapshots_CO.csv
[deleted] /home/ubuntu/apps/election-app/win_prob/P/CO/data_output_CO_with_margins_statewide_eevp.csv
[deleted] /home/ubuntu/apps/election-app/win_prob/P/CO/data_output_CO.csv
[deleted] /home/ubuntu/apps/election-app/win_prob/P/CO/data_output_CO_with_margins.csv
[deleted] /home/ubuntu/apps/election-app/win_prob/P/CO/data_output_CO.csv.checkpoint.json
[deleted] /home/ubuntu/apps/election-app/win_prob/P/CO/stats.csv
[deleted] /home/ubuntu/apps/election-app/win_prob/P/CO/stats2.csv
[done] removed 16 file(s)
[2026-01-24 18:14:32] INFO: [PIPELINE] args: office=P state=CO district=None
[2026-01-24 18:14:32] INFO: [PIPELINE] WINPROB_DIR resolved to: /home/ubuntu/apps/election-app/win_prob/P/CO
[2026-01-24 18:14:32] INFO: [PIPELINE] OUTDIR set to: /home/ubuntu/apps/election-app/win_prob/P/CO

$ /home/ubuntu/.venv/bin/python3 /home/ubuntu/apps/election-app/stats/1-statewide.py --input /home/ubuntu/apps/election-app/win_prob/P/CO/stats.csv --output /home/ubuntu/apps/election-app/win_prob/P/CO/_work/stats_with_statewide.csv
Wrote /home/ubuntu/apps/election-app/win_prob/P/CO/_work/stats_with_statewide.csv (rows=64)

$ /home/ubuntu/.venv/bin/python3 /home/ubuntu/apps/election-app/stats/1-stats-2.py --input /home/ubuntu/apps/election-app/win_prob/P/CO/stats2.csv --output /home/ubuntu/apps/election-app/win_prob/P/CO/_work/stats2_final_headers.csv
Wrote /home/ubuntu/apps/election-app/win_prob/P/CO/_work/stats2_final_headers.csv (rows=64)

$ /home/ubuntu/.venv/bin/python3 /home/ubuntu/apps/election-app/stats/1-append-new.py
Wrote 2024_county_results_with_final-old.csv (rows=64, missing_final_matches=0)

$ /home/ubuntu/.venv/bin/python3 /home/ubuntu/apps/election-app/stats/1-change_header.py
Wrote: 2024_county_results_with_final.csv

$ /home/ubuntu/.venv/bin/python3 /home/ubuntu/apps/election-app/stats/1-cut-zero-fips.py
Wrote: 2024_county_results_with_final_1.csv
Rows before: 64
Rows after:  64
Dropped (fips == 0): 0

$ /home/ubuntu/.venv/bin/python3 /home/ubuntu/apps/election-app/stats/2-calc.py
Wrote 64 rows with calculations to /home/ubuntu/apps/election-app/win_prob/P/CO/_work/2024_county_results_with_calcs-old.csv

$ /home/ubuntu/.venv/bin/python3 /home/ubuntu/apps/election-app/stats/2-eevp.py
Wrote (no-op copy): 2024_county_results_with_calcs.csv
Columns:
 - timestamp
 - state
 - county
 - fips
 - trump_votes
 - harris_votes
 - other_votes
 - eevp
 - state_eevp
 - harris_votes_statewide
 - trump_votes_statewide
 - other_votes_statewide
 - final_state
 - final_county
 - final_fips
 - final_trump_votes
 - final_harris_votes
 - final_other_votes
 - harris_percent_snapshot
 - trump_percent_snapshot
 - margin_snapshot
 - harris_percent_final
 - trump_percent_final
 - margin_final
 - margin_difference
 - margin_difference_abs

$ /home/ubuntu/.venv/bin/python3 /home/ubuntu/apps/election-app/stats/3-calc-new.py
Wrote 64 rows with new columns to /home/ubuntu/apps/election-app/win_prob/P/CO/_work/2024_county_results_with_calcs_new.csv

$ /home/ubuntu/.venv/bin/python3 /home/ubuntu/apps/election-app/stats/4-stats.py
Reading 2024_county_results_with_calcs_new.csv...
Aggregating statewide totals...
Calculating percentages and margins...
Writing to output_statewide_stats.csv...
Done!
[2026-01-24 18:14:42] INFO: [PIPELINE] ENTER win-prob generation | states=['CO'] ts_list=['2024-11-05T15-30-22']

============================================================================
[01/1] STATE = CO
============================================================================

$ /home/ubuntu/.venv/bin/python3 /home/ubuntu/apps/election-app/stats/5-snapshots.py --state CO --input /home/ubuntu/apps/election-app/win_prob/P/CO/_work/output_statewide_stats.csv --output /home/ubuntu/apps/election-app/win_prob/P/CO/snapshots_CO.csv --start 2024-11-05T15-30-22 --end 2024-11-05T15-30-22 --use-window 1 --interval 30
Mode: windowed-one-state
Rows written: 64
Distinct states in output: CO
Rows per normalized timestamp (empty = unparseable):
  2024-11-05T15-30-22: 64
Wrote /home/ubuntu/apps/election-app/win_prob/P/CO/snapshots_CO.csv

$ /home/ubuntu/.venv/bin/python3 /home/ubuntu/apps/election-app/stats/6-pval.py /home/ubuntu/apps/election-app/win_prob/P/CO/snapshots_CO.csv -t /home/ubuntu/apps/election-app/stats/parameters.csv -o /home/ubuntu/apps/election-app/win_prob/P/CO/data_output_CO.csv -c 50
Done. Wrote: /home/ubuntu/apps/election-app/win_prob/P/CO/data_output_CO.csv
Total rows: 64 (chunked, resumable).
Computed columns for PVALS = [0.01, 0.1, 1, 2, 3, 5, 10, 15, 20, 25, 30, 35, 40, 45, 50, 55, 60, 65, 70, 75, 80, 85, 90, 95, 97, 98, 99, 99.9, 99.99]
Per p (leader): shift_{p}, margin_new_{p}, harris_percent_new_{p}, trump_percent_new_{p}, total_snapshot_{p}, total_expected_{p}, harris_votes_new_{p}, trump_votes_new_{p}
Per p (trailing): shift_trailing_{p}, margin_new_{p}_trailing, harris_percent_new_{p}_trailing, trump_percent_new_{p}_trailing, total_snapshot_{p}_trailing, total_expected_{p}_trailing, harris_votes_new_{p}_trailing, trump_votes_new_{p}_trailing
Checkpoint saved at: /home/ubuntu/apps/election-app/win_prob/P/CO/data_output_CO.csv.checkpoint.json

$ /home/ubuntu/.venv/bin/python3 /home/ubuntu/apps/election-app/stats/7-margin-new.py
Wrote data_output_with_margins_old.csv

$ /home/ubuntu/.venv/bin/python3 /home/ubuntu/apps/election-app/stats/7-eevp-statewide.py
Wrote data_output_with_margins.csv (copied from data_output_with_margins_old.csv)

$ /home/ubuntu/.venv/bin/python3 /home/ubuntu/apps/election-app/stats/7.py --input /home/ubuntu/apps/election-app/win_prob/P/CO/data_output_CO_with_margins_statewide_eevp.csv --output /home/ubuntu/apps/election-app/win_prob/P/CO/statewide_margin_pct_vs_percent_CO_2026.png --state CO --start 2024-11-05T15-30-22 --end 2024-11-05T15-30-22 --stats /home/ubuntu/apps/election-app/win_prob/P/CO/stats.csv --stats2 /home/ubuntu/apps/election-app/win_prob/P/CO/stats2.csv --interval 30 --year 2026 --jsonl /home/ubuntu/apps/election-app/win_prob/P/CO/plotdata_CO_2026_2026-01-24T18-14-32.jsonl
[info] evaluating 1 timestamps from 2024-11-05T15-30-22 to 2024-11-05T15-30-22 every 30 minutes
[saved] probs_timeseries_CO.csv  (1 points)
[saved] /home/ubuntu/apps/election-app/win_prob/P/CO/plotdata_CO_2026_2026-01-24T18-14-32.jsonl  (4 points)
[saved] /home/ubuntu/apps/election-app/win_prob/P/CO/statewide_margin_pct_vs_percent_CO_2026_box.json
[saved] /home/ubuntu/apps/election-app/win_prob/P/CO/statewide_margin_pct_vs_percent_CO_2026_box.png
[saved] /home/ubuntu/apps/election-app/win_prob/P/CO/statewide_margin_pct_vs_percent_CO_2026.png

All 50 states complete. See: /home/ubuntu/apps/election-app/win_prob/P/CO

$ /home/ubuntu/.venv/bin/python3 /home/ubuntu/apps/election-app/stats/8.py --root /home/ubuntu/apps/election-app/win_prob/P/CO/_work --outdir /home/ubuntu/apps/election-app/win_prob/P/CO
[info] root  = /home/ubuntu/apps/election-app/win_prob/P/CO/_work
[info] outdir= /home/ubuntu/apps/election-app/win_prob/P/CO
[deleted] /home/ubuntu/apps/election-app/win_prob/P/CO/_work/stats_with_statewide.csv
[deleted] /home/ubuntu/apps/election-app/win_prob/P/CO/_work/stats2_final_headers.csv
[deleted] /home/ubuntu/apps/election-app/win_prob/P/CO/_work/2024_county_results_with_final-old.csv
[deleted] /home/ubuntu/apps/election-app/win_prob/P/CO/_work/2024_county_results_with_final.csv
[deleted] /home/ubuntu/apps/election-app/win_prob/P/CO/_work/2024_county_results_with_final_1.csv
[deleted] /home/ubuntu/apps/election-app/win_prob/P/CO/_work/2024_county_results_with_calcs-old.csv
[deleted] /home/ubuntu/apps/election-app/win_prob/P/CO/_work/2024_county_results_with_calcs_new.csv
[deleted] /home/ubuntu/apps/election-app/win_prob/P/CO/_work/output_statewide_stats.csv
[skip]    /home/ubuntu/apps/election-app/win_prob/P/CO/_work/probs_timeseries_PA.csv
[deleted] /home/ubuntu/apps/election-app/win_prob/P/CO/_work/2024_county_results_with_calcs.csv
[skip]    /home/ubuntu/apps/election-app/win_prob/P/CO/data_output.csv
[skip]    /home/ubuntu/apps/election-app/win_prob/P/CO/data_output_with_margins_old.csv
[skip]    /home/ubuntu/apps/election-app/win_prob/P/CO/data_output_with_margins.csv
[skip]    /home/ubuntu/apps/election-app/win_prob/P/CO/data_output_with_margins-statewide.csv
[deleted] /home/ubuntu/apps/election-app/win_prob/P/CO/snapshots_CO.csv
[deleted] /home/ubuntu/apps/election-app/win_prob/P/CO/data_output_CO_with_margins_statewide_eevp.csv
[deleted] /home/ubuntu/apps/election-app/win_prob/P/CO/data_output_CO.csv
[deleted] /home/ubuntu/apps/election-app/win_prob/P/CO/data_output_CO_with_margins.csv
[deleted] /home/ubuntu/apps/election-app/win_prob/P/CO/data_output_CO.csv.checkpoint.json
[deleted] /home/ubuntu/apps/election-app/win_prob/P/CO/stats.csv
[deleted] /home/ubuntu/apps/election-app/win_prob/P/CO/stats2.csv
[done] removed 16 file(s)
[2026-01-24 18:21:34] INFO: [PIPELINE] args: office=P state=CO district=None
[2026-01-24 18:21:34] INFO: [PIPELINE] WINPROB_DIR resolved to: /home/ubuntu/apps/election-app/win_prob/P/CO
[2026-01-24 18:21:34] INFO: [PIPELINE] OUTDIR set to: /home/ubuntu/apps/election-app/win_prob/P/CO

$ /home/ubuntu/.venv/bin/python3 /home/ubuntu/apps/election-app/stats/1-statewide.py --input /home/ubuntu/apps/election-app/win_prob/P/CO/stats.csv --output /home/ubuntu/apps/election-app/win_prob/P/CO/_work/stats_with_statewide.csv
Wrote /home/ubuntu/apps/election-app/win_prob/P/CO/_work/stats_with_statewide.csv (rows=64)

$ /home/ubuntu/.venv/bin/python3 /home/ubuntu/apps/election-app/stats/1-stats-2.py --input /home/ubuntu/apps/election-app/win_prob/P/CO/stats2.csv --output /home/ubuntu/apps/election-app/win_prob/P/CO/_work/stats2_final_headers.csv
Wrote /home/ubuntu/apps/election-app/win_prob/P/CO/_work/stats2_final_headers.csv (rows=64)

$ /home/ubuntu/.venv/bin/python3 /home/ubuntu/apps/election-app/stats/1-append-new.py
Wrote 2024_county_results_with_final-old.csv (rows=64, missing_final_matches=0)

$ /home/ubuntu/.venv/bin/python3 /home/ubuntu/apps/election-app/stats/1-change_header.py
Wrote: 2024_county_results_with_final.csv

$ /home/ubuntu/.venv/bin/python3 /home/ubuntu/apps/election-app/stats/1-cut-zero-fips.py
Wrote: 2024_county_results_with_final_1.csv
Rows before: 64
Rows after:  64
Dropped (fips == 0): 0

$ /home/ubuntu/.venv/bin/python3 /home/ubuntu/apps/election-app/stats/2-calc.py
Wrote 64 rows with calculations to /home/ubuntu/apps/election-app/win_prob/P/CO/_work/2024_county_results_with_calcs-old.csv

$ /home/ubuntu/.venv/bin/python3 /home/ubuntu/apps/election-app/stats/2-eevp.py
Wrote (no-op copy): 2024_county_results_with_calcs.csv
Columns:
 - timestamp
 - state
 - county
 - fips
 - trump_votes
 - harris_votes
 - other_votes
 - eevp
 - state_eevp
 - harris_votes_statewide
 - trump_votes_statewide
 - other_votes_statewide
 - final_state
 - final_county
 - final_fips
 - final_trump_votes
 - final_harris_votes
 - final_other_votes
 - harris_percent_snapshot
 - trump_percent_snapshot
 - margin_snapshot
 - harris_percent_final
 - trump_percent_final
 - margin_final
 - margin_difference
 - margin_difference_abs

$ /home/ubuntu/.venv/bin/python3 /home/ubuntu/apps/election-app/stats/3-calc-new.py
Wrote 64 rows with new columns to /home/ubuntu/apps/election-app/win_prob/P/CO/_work/2024_county_results_with_calcs_new.csv

$ /home/ubuntu/.venv/bin/python3 /home/ubuntu/apps/election-app/stats/4-stats.py
Reading 2024_county_results_with_calcs_new.csv...
Aggregating statewide totals...
Calculating percentages and margins...
Writing to output_statewide_stats.csv...
Done!
[2026-01-24 18:21:44] INFO: [PIPELINE] ENTER win-prob generation | states=['CO'] ts_list=['2024-11-05T15-30-22']

============================================================================
[01/1] STATE = CO
============================================================================

$ /home/ubuntu/.venv/bin/python3 /home/ubuntu/apps/election-app/stats/5-snapshots.py --state CO --input /home/ubuntu/apps/election-app/win_prob/P/CO/_work/output_statewide_stats.csv --output /home/ubuntu/apps/election-app/win_prob/P/CO/snapshots_CO.csv --start 2024-11-05T15-30-22 --end 2024-11-05T15-30-22 --use-window 1 --interval 30
Mode: windowed-one-state
Rows written: 64
Distinct states in output: CO
Rows per normalized timestamp (empty = unparseable):
  2024-11-05T15-30-22: 64
Wrote /home/ubuntu/apps/election-app/win_prob/P/CO/snapshots_CO.csv

$ /home/ubuntu/.venv/bin/python3 /home/ubuntu/apps/election-app/stats/6-pval.py /home/ubuntu/apps/election-app/win_prob/P/CO/snapshots_CO.csv -t /home/ubuntu/apps/election-app/stats/parameters.csv -o /home/ubuntu/apps/election-app/win_prob/P/CO/data_output_CO.csv -c 50
Done. Wrote: /home/ubuntu/apps/election-app/win_prob/P/CO/data_output_CO.csv
Total rows: 64 (chunked, resumable).
Computed columns for PVALS = [0.01, 0.1, 1, 2, 3, 5, 10, 15, 20, 25, 30, 35, 40, 45, 50, 55, 60, 65, 70, 75, 80, 85, 90, 95, 97, 98, 99, 99.9, 99.99]
Per p (leader): shift_{p}, margin_new_{p}, harris_percent_new_{p}, trump_percent_new_{p}, total_snapshot_{p}, total_expected_{p}, harris_votes_new_{p}, trump_votes_new_{p}
Per p (trailing): shift_trailing_{p}, margin_new_{p}_trailing, harris_percent_new_{p}_trailing, trump_percent_new_{p}_trailing, total_snapshot_{p}_trailing, total_expected_{p}_trailing, harris_votes_new_{p}_trailing, trump_votes_new_{p}_trailing
Checkpoint saved at: /home/ubuntu/apps/election-app/win_prob/P/CO/data_output_CO.csv.checkpoint.json

$ /home/ubuntu/.venv/bin/python3 /home/ubuntu/apps/election-app/stats/7-margin-new.py
Wrote data_output_with_margins_old.csv

$ /home/ubuntu/.venv/bin/python3 /home/ubuntu/apps/election-app/stats/7-eevp-statewide.py
Wrote data_output_with_margins.csv (copied from data_output_with_margins_old.csv)

$ /home/ubuntu/.venv/bin/python3 /home/ubuntu/apps/election-app/stats/7.py --input /home/ubuntu/apps/election-app/win_prob/P/CO/data_output_CO_with_margins_statewide_eevp.csv --output /home/ubuntu/apps/election-app/win_prob/P/CO/statewide_margin_pct_vs_percent_CO_2026.png --state CO --start 2024-11-05T15-30-22 --end 2024-11-05T15-30-22 --stats /home/ubuntu/apps/election-app/win_prob/P/CO/stats.csv --stats2 /home/ubuntu/apps/election-app/win_prob/P/CO/stats2.csv --interval 30 --year 2026 --jsonl /home/ubuntu/apps/election-app/win_prob/P/CO/plotdata_CO_2026_2026-01-24T18-21-34.jsonl
[info] evaluating 1 timestamps from 2024-11-05T15-30-22 to 2024-11-05T15-30-22 every 30 minutes
[saved] probs_timeseries_CO.csv  (1 points)
[saved] /home/ubuntu/apps/election-app/win_prob/P/CO/plotdata_CO_2026_2026-01-24T18-21-34.jsonl  (4 points)
[saved] /home/ubuntu/apps/election-app/win_prob/P/CO/statewide_margin_pct_vs_percent_CO_2026_box.json
[saved] /home/ubuntu/apps/election-app/win_prob/P/CO/statewide_margin_pct_vs_percent_CO_2026_box.png
[saved] /home/ubuntu/apps/election-app/win_prob/P/CO/statewide_margin_pct_vs_percent_CO_2026.png

All 50 states complete. See: /home/ubuntu/apps/election-app/win_prob/P/CO

$ /home/ubuntu/.venv/bin/python3 /home/ubuntu/apps/election-app/stats/8.py --root /home/ubuntu/apps/election-app/win_prob/P/CO/_work --outdir /home/ubuntu/apps/election-app/win_prob/P/CO
[info] root  = /home/ubuntu/apps/election-app/win_prob/P/CO/_work
[info] outdir= /home/ubuntu/apps/election-app/win_prob/P/CO
[deleted] /home/ubuntu/apps/election-app/win_prob/P/CO/_work/stats_with_statewide.csv
[deleted] /home/ubuntu/apps/election-app/win_prob/P/CO/_work/stats2_final_headers.csv
[deleted] /home/ubuntu/apps/election-app/win_prob/P/CO/_work/2024_county_results_with_final-old.csv
[deleted] /home/ubuntu/apps/election-app/win_prob/P/CO/_work/2024_county_results_with_final.csv
[deleted] /home/ubuntu/apps/election-app/win_prob/P/CO/_work/2024_county_results_with_final_1.csv
[deleted] /home/ubuntu/apps/election-app/win_prob/P/CO/_work/2024_county_results_with_calcs-old.csv
[deleted] /home/ubuntu/apps/election-app/win_prob/P/CO/_work/2024_county_results_with_calcs_new.csv
[deleted] /home/ubuntu/apps/election-app/win_prob/P/CO/_work/output_statewide_stats.csv
[skip]    /home/ubuntu/apps/election-app/win_prob/P/CO/_work/probs_timeseries_PA.csv
[deleted] /home/ubuntu/apps/election-app/win_prob/P/CO/_work/2024_county_results_with_calcs.csv
[skip]    /home/ubuntu/apps/election-app/win_prob/P/CO/data_output.csv
[skip]    /home/ubuntu/apps/election-app/win_prob/P/CO/data_output_with_margins_old.csv
[skip]    /home/ubuntu/apps/election-app/win_prob/P/CO/data_output_with_margins.csv
[skip]    /home/ubuntu/apps/election-app/win_prob/P/CO/data_output_with_margins-statewide.csv
[deleted] /home/ubuntu/apps/election-app/win_prob/P/CO/snapshots_CO.csv
[deleted] /home/ubuntu/apps/election-app/win_prob/P/CO/data_output_CO_with_margins_statewide_eevp.csv
[deleted] /home/ubuntu/apps/election-app/win_prob/P/CO/data_output_CO.csv
[deleted] /home/ubuntu/apps/election-app/win_prob/P/CO/data_output_CO_with_margins.csv
[deleted] /home/ubuntu/apps/election-app/win_prob/P/CO/data_output_CO.csv.checkpoint.json
[deleted] /home/ubuntu/apps/election-app/win_prob/P/CO/stats.csv
[deleted] /home/ubuntu/apps/election-app/win_prob/P/CO/stats2.csv
[done] removed 16 file(s)
[2026-01-24 18:28:37] INFO: [PIPELINE] args: office=P state=CO district=None
[2026-01-24 18:28:37] INFO: [PIPELINE] WINPROB_DIR resolved to: /home/ubuntu/apps/election-app/win_prob/P/CO
[2026-01-24 18:28:37] INFO: [PIPELINE] OUTDIR set to: /home/ubuntu/apps/election-app/win_prob/P/CO

$ /home/ubuntu/.venv/bin/python3 /home/ubuntu/apps/election-app/stats/1-statewide.py --input /home/ubuntu/apps/election-app/win_prob/P/CO/stats.csv --output /home/ubuntu/apps/election-app/win_prob/P/CO/_work/stats_with_statewide.csv
Wrote /home/ubuntu/apps/election-app/win_prob/P/CO/_work/stats_with_statewide.csv (rows=64)

$ /home/ubuntu/.venv/bin/python3 /home/ubuntu/apps/election-app/stats/1-stats-2.py --input /home/ubuntu/apps/election-app/win_prob/P/CO/stats2.csv --output /home/ubuntu/apps/election-app/win_prob/P/CO/_work/stats2_final_headers.csv
Wrote /home/ubuntu/apps/election-app/win_prob/P/CO/_work/stats2_final_headers.csv (rows=64)

$ /home/ubuntu/.venv/bin/python3 /home/ubuntu/apps/election-app/stats/1-append-new.py
Wrote 2024_county_results_with_final-old.csv (rows=64, missing_final_matches=0)

$ /home/ubuntu/.venv/bin/python3 /home/ubuntu/apps/election-app/stats/1-change_header.py
Wrote: 2024_county_results_with_final.csv

$ /home/ubuntu/.venv/bin/python3 /home/ubuntu/apps/election-app/stats/1-cut-zero-fips.py
Wrote: 2024_county_results_with_final_1.csv
Rows before: 64
Rows after:  64
Dropped (fips == 0): 0

$ /home/ubuntu/.venv/bin/python3 /home/ubuntu/apps/election-app/stats/2-calc.py
Wrote 64 rows with calculations to /home/ubuntu/apps/election-app/win_prob/P/CO/_work/2024_county_results_with_calcs-old.csv

$ /home/ubuntu/.venv/bin/python3 /home/ubuntu/apps/election-app/stats/2-eevp.py
Wrote (no-op copy): 2024_county_results_with_calcs.csv
Columns:
 - timestamp
 - state
 - county
 - fips
 - trump_votes
 - harris_votes
 - other_votes
 - eevp
 - state_eevp
 - harris_votes_statewide
 - trump_votes_statewide
 - other_votes_statewide
 - final_state
 - final_county
 - final_fips
 - final_trump_votes
 - final_harris_votes
 - final_other_votes
 - harris_percent_snapshot
 - trump_percent_snapshot
 - margin_snapshot
 - harris_percent_final
 - trump_percent_final
 - margin_final
 - margin_difference
 - margin_difference_abs

$ /home/ubuntu/.venv/bin/python3 /home/ubuntu/apps/election-app/stats/3-calc-new.py
Wrote 64 rows with new columns to /home/ubuntu/apps/election-app/win_prob/P/CO/_work/2024_county_results_with_calcs_new.csv

$ /home/ubuntu/.venv/bin/python3 /home/ubuntu/apps/election-app/stats/4-stats.py
Reading 2024_county_results_with_calcs_new.csv...
Aggregating statewide totals...
Calculating percentages and margins...
Writing to output_statewide_stats.csv...
Done!
[2026-01-24 18:28:46] INFO: [PIPELINE] ENTER win-prob generation | states=['CO'] ts_list=['2024-11-05T15-30-22']

============================================================================
[01/1] STATE = CO
============================================================================

$ /home/ubuntu/.venv/bin/python3 /home/ubuntu/apps/election-app/stats/5-snapshots.py --state CO --input /home/ubuntu/apps/election-app/win_prob/P/CO/_work/output_statewide_stats.csv --output /home/ubuntu/apps/election-app/win_prob/P/CO/snapshots_CO.csv --start 2024-11-05T15-30-22 --end 2024-11-05T15-30-22 --use-window 1 --interval 30
Mode: windowed-one-state
Rows written: 64
Distinct states in output: CO
Rows per normalized timestamp (empty = unparseable):
  2024-11-05T15-30-22: 64
Wrote /home/ubuntu/apps/election-app/win_prob/P/CO/snapshots_CO.csv

$ /home/ubuntu/.venv/bin/python3 /home/ubuntu/apps/election-app/stats/6-pval.py /home/ubuntu/apps/election-app/win_prob/P/CO/snapshots_CO.csv -t /home/ubuntu/apps/election-app/stats/parameters.csv -o /home/ubuntu/apps/election-app/win_prob/P/CO/data_output_CO.csv -c 50
Done. Wrote: /home/ubuntu/apps/election-app/win_prob/P/CO/data_output_CO.csv
Total rows: 64 (chunked, resumable).
Computed columns for PVALS = [0.01, 0.1, 1, 2, 3, 5, 10, 15, 20, 25, 30, 35, 40, 45, 50, 55, 60, 65, 70, 75, 80, 85, 90, 95, 97, 98, 99, 99.9, 99.99]
Per p (leader): shift_{p}, margin_new_{p}, harris_percent_new_{p}, trump_percent_new_{p}, total_snapshot_{p}, total_expected_{p}, harris_votes_new_{p}, trump_votes_new_{p}
Per p (trailing): shift_trailing_{p}, margin_new_{p}_trailing, harris_percent_new_{p}_trailing, trump_percent_new_{p}_trailing, total_snapshot_{p}_trailing, total_expected_{p}_trailing, harris_votes_new_{p}_trailing, trump_votes_new_{p}_trailing
Checkpoint saved at: /home/ubuntu/apps/election-app/win_prob/P/CO/data_output_CO.csv.checkpoint.json

$ /home/ubuntu/.venv/bin/python3 /home/ubuntu/apps/election-app/stats/7-margin-new.py
Wrote data_output_with_margins_old.csv

$ /home/ubuntu/.venv/bin/python3 /home/ubuntu/apps/election-app/stats/7-eevp-statewide.py
Wrote data_output_with_margins.csv (copied from data_output_with_margins_old.csv)

$ /home/ubuntu/.venv/bin/python3 /home/ubuntu/apps/election-app/stats/7.py --input /home/ubuntu/apps/election-app/win_prob/P/CO/data_output_CO_with_margins_statewide_eevp.csv --output /home/ubuntu/apps/election-app/win_prob/P/CO/statewide_margin_pct_vs_percent_CO_2026.png --state CO --start 2024-11-05T15-30-22 --end 2024-11-05T15-30-22 --stats /home/ubuntu/apps/election-app/win_prob/P/CO/stats.csv --stats2 /home/ubuntu/apps/election-app/win_prob/P/CO/stats2.csv --interval 30 --year 2026 --jsonl /home/ubuntu/apps/election-app/win_prob/P/CO/plotdata_CO_2026_2026-01-24T18-28-37.jsonl
[info] evaluating 1 timestamps from 2024-11-05T15-30-22 to 2024-11-05T15-30-22 every 30 minutes
[saved] probs_timeseries_CO.csv  (1 points)
[saved] /home/ubuntu/apps/election-app/win_prob/P/CO/plotdata_CO_2026_2026-01-24T18-28-37.jsonl  (4 points)
[saved] /home/ubuntu/apps/election-app/win_prob/P/CO/statewide_margin_pct_vs_percent_CO_2026_box.json
[saved] /home/ubuntu/apps/election-app/win_prob/P/CO/statewide_margin_pct_vs_percent_CO_2026_box.png
[saved] /home/ubuntu/apps/election-app/win_prob/P/CO/statewide_margin_pct_vs_percent_CO_2026.png

All 50 states complete. See: /home/ubuntu/apps/election-app/win_prob/P/CO

$ /home/ubuntu/.venv/bin/python3 /home/ubuntu/apps/election-app/stats/8.py --root /home/ubuntu/apps/election-app/win_prob/P/CO/_work --outdir /home/ubuntu/apps/election-app/win_prob/P/CO
[info] root  = /home/ubuntu/apps/election-app/win_prob/P/CO/_work
[info] outdir= /home/ubuntu/apps/election-app/win_prob/P/CO
[deleted] /home/ubuntu/apps/election-app/win_prob/P/CO/_work/stats_with_statewide.csv
[deleted] /home/ubuntu/apps/election-app/win_prob/P/CO/_work/stats2_final_headers.csv
[deleted] /home/ubuntu/apps/election-app/win_prob/P/CO/_work/2024_county_results_with_final-old.csv
[deleted] /home/ubuntu/apps/election-app/win_prob/P/CO/_work/2024_county_results_with_final.csv
[deleted] /home/ubuntu/apps/election-app/win_prob/P/CO/_work/2024_county_results_with_final_1.csv
[deleted] /home/ubuntu/apps/election-app/win_prob/P/CO/_work/2024_county_results_with_calcs-old.csv
[deleted] /home/ubuntu/apps/election-app/win_prob/P/CO/_work/2024_county_results_with_calcs_new.csv
[deleted] /home/ubuntu/apps/election-app/win_prob/P/CO/_work/output_statewide_stats.csv
[skip]    /home/ubuntu/apps/election-app/win_prob/P/CO/_work/probs_timeseries_PA.csv
[deleted] /home/ubuntu/apps/election-app/win_prob/P/CO/_work/2024_county_results_with_calcs.csv
[skip]    /home/ubuntu/apps/election-app/win_prob/P/CO/data_output.csv
[skip]    /home/ubuntu/apps/election-app/win_prob/P/CO/data_output_with_margins_old.csv
[skip]    /home/ubuntu/apps/election-app/win_prob/P/CO/data_output_with_margins.csv
[skip]    /home/ubuntu/apps/election-app/win_prob/P/CO/data_output_with_margins-statewide.csv
[deleted] /home/ubuntu/apps/election-app/win_prob/P/CO/snapshots_CO.csv
[deleted] /home/ubuntu/apps/election-app/win_prob/P/CO/data_output_CO_with_margins_statewide_eevp.csv
[deleted] /home/ubuntu/apps/election-app/win_prob/P/CO/data_output_CO.csv
[deleted] /home/ubuntu/apps/election-app/win_prob/P/CO/data_output_CO_with_margins.csv
[deleted] /home/ubuntu/apps/election-app/win_prob/P/CO/data_output_CO.csv.checkpoint.json
[deleted] /home/ubuntu/apps/election-app/win_prob/P/CO/stats.csv
[deleted] /home/ubuntu/apps/election-app/win_prob/P/CO/stats2.csv
[done] removed 16 file(s)
[2026-02-04 18:08:08] INFO: [PIPELINE] args: office=P state=CO district=None
[2026-02-04 18:08:08] INFO: [PIPELINE] WINPROB_DIR resolved to: /home/ubuntu/apps/election-app/win_prob/P/CO
[2026-02-04 18:08:08] INFO: [PIPELINE] OUTDIR set to: /home/ubuntu/apps/election-app/win_prob/P/CO

$ /home/ubuntu/.venv/bin/python3 /home/ubuntu/apps/election-app/stats/1-statewide.py --input /home/ubuntu/apps/election-app/win_prob/P/CO/stats.csv --output /home/ubuntu/apps/election-app/win_prob/P/CO/_work/stats_with_statewide.csv
Wrote /home/ubuntu/apps/election-app/win_prob/P/CO/_work/stats_with_statewide.csv (rows=64)

$ /home/ubuntu/.venv/bin/python3 /home/ubuntu/apps/election-app/stats/1-stats-2.py --input /home/ubuntu/apps/election-app/win_prob/P/CO/stats2.csv --output /home/ubuntu/apps/election-app/win_prob/P/CO/_work/stats2_final_headers.csv
Wrote /home/ubuntu/apps/election-app/win_prob/P/CO/_work/stats2_final_headers.csv (rows=64)

$ /home/ubuntu/.venv/bin/python3 /home/ubuntu/apps/election-app/stats/1-append-new.py
Wrote 2024_county_results_with_final-old.csv (rows=64, missing_final_matches=0)

$ /home/ubuntu/.venv/bin/python3 /home/ubuntu/apps/election-app/stats/1-change_header.py
Wrote: 2024_county_results_with_final.csv

$ /home/ubuntu/.venv/bin/python3 /home/ubuntu/apps/election-app/stats/1-cut-zero-fips.py
Wrote: 2024_county_results_with_final_1.csv
Rows before: 64
Rows after:  64
Dropped (fips == 0): 0

$ /home/ubuntu/.venv/bin/python3 /home/ubuntu/apps/election-app/stats/2-calc.py
Wrote 64 rows with calculations to /home/ubuntu/apps/election-app/win_prob/P/CO/_work/2024_county_results_with_calcs-old.csv

$ /home/ubuntu/.venv/bin/python3 /home/ubuntu/apps/election-app/stats/2-eevp.py
Wrote (no-op copy): 2024_county_results_with_calcs.csv
Columns:
 - timestamp
 - state
 - county
 - fips
 - trump_votes
 - harris_votes
 - other_votes
 - eevp
 - state_eevp
 - harris_votes_statewide
 - trump_votes_statewide
 - other_votes_statewide
 - final_state
 - final_county
 - final_fips
 - final_trump_votes
 - final_harris_votes
 - final_other_votes
 - harris_percent_snapshot
 - trump_percent_snapshot
 - margin_snapshot
 - harris_percent_final
 - trump_percent_final
 - margin_final
 - margin_difference
 - margin_difference_abs

$ /home/ubuntu/.venv/bin/python3 /home/ubuntu/apps/election-app/stats/3-calc-new.py
Wrote 64 rows with new columns to /home/ubuntu/apps/election-app/win_prob/P/CO/_work/2024_county_results_with_calcs_new.csv

$ /home/ubuntu/.venv/bin/python3 /home/ubuntu/apps/election-app/stats/4-stats.py
Reading 2024_county_results_with_calcs_new.csv...
Aggregating statewide totals...
Calculating percentages and margins...
Writing to output_statewide_stats.csv...
Done!
[2026-02-04 18:08:21] INFO: [PIPELINE] ENTER win-prob generation | states=['CO'] ts_list=['2024-11-05T15-30-22']

============================================================================
[01/1] STATE = CO
============================================================================

$ /home/ubuntu/.venv/bin/python3 /home/ubuntu/apps/election-app/stats/5-snapshots.py --state CO --input /home/ubuntu/apps/election-app/win_prob/P/CO/_work/output_statewide_stats.csv --output /home/ubuntu/apps/election-app/win_prob/P/CO/snapshots_CO.csv --start 2024-11-05T15-30-22 --end 2024-11-05T15-30-22 --use-window 1 --interval 30
Mode: windowed-one-state
Rows written: 64
Distinct states in output: CO
Rows per normalized timestamp (empty = unparseable):
  2024-11-05T15-30-22: 64
Wrote /home/ubuntu/apps/election-app/win_prob/P/CO/snapshots_CO.csv

$ /home/ubuntu/.venv/bin/python3 /home/ubuntu/apps/election-app/stats/6-pval.py /home/ubuntu/apps/election-app/win_prob/P/CO/snapshots_CO.csv -t /home/ubuntu/apps/election-app/stats/parameters.csv -o /home/ubuntu/apps/election-app/win_prob/P/CO/data_output_CO.csv -c 50
Done. Wrote: /home/ubuntu/apps/election-app/win_prob/P/CO/data_output_CO.csv
Total rows: 64 (chunked, resumable).
Computed columns for PVALS = [0.01, 0.1, 1, 2, 3, 5, 10, 15, 20, 25, 30, 35, 40, 45, 50, 55, 60, 65, 70, 75, 80, 85, 90, 95, 97, 98, 99, 99.9, 99.99]
Per p (leader): shift_{p}, margin_new_{p}, harris_percent_new_{p}, trump_percent_new_{p}, total_snapshot_{p}, total_expected_{p}, harris_votes_new_{p}, trump_votes_new_{p}
Per p (trailing): shift_trailing_{p}, margin_new_{p}_trailing, harris_percent_new_{p}_trailing, trump_percent_new_{p}_trailing, total_snapshot_{p}_trailing, total_expected_{p}_trailing, harris_votes_new_{p}_trailing, trump_votes_new_{p}_trailing
Checkpoint saved at: /home/ubuntu/apps/election-app/win_prob/P/CO/data_output_CO.csv.checkpoint.json

$ /home/ubuntu/.venv/bin/python3 /home/ubuntu/apps/election-app/stats/7-margin-new.py
Wrote data_output_with_margins_old.csv

$ /home/ubuntu/.venv/bin/python3 /home/ubuntu/apps/election-app/stats/7-eevp-statewide.py
Wrote data_output_with_margins.csv (copied from data_output_with_margins_old.csv)

$ /home/ubuntu/.venv/bin/python3 /home/ubuntu/apps/election-app/stats/7.py --input /home/ubuntu/apps/election-app/win_prob/P/CO/data_output_CO_with_margins_statewide_eevp.csv --output /home/ubuntu/apps/election-app/win_prob/P/CO/statewide_margin_pct_vs_percent_CO_2026.png --state CO --start 2024-11-05T15-30-22 --end 2024-11-05T15-30-22 --stats /home/ubuntu/apps/election-app/win_prob/P/CO/stats.csv --stats2 /home/ubuntu/apps/election-app/win_prob/P/CO/stats2.csv --interval 30 --year 2026 --jsonl /home/ubuntu/apps/election-app/win_prob/P/CO/plotdata_CO_2026_2026-02-04T18-08-08.jsonl
[info] evaluating 1 timestamps from 2024-11-05T15-30-22 to 2024-11-05T15-30-22 every 30 minutes
[saved] probs_timeseries_CO.csv  (1 points)
[saved] /home/ubuntu/apps/election-app/win_prob/P/CO/plotdata_CO_2026_2026-02-04T18-08-08.jsonl  (4 points)
[saved] /home/ubuntu/apps/election-app/win_prob/P/CO/statewide_margin_pct_vs_percent_CO_2026_box.json
[saved] /home/ubuntu/apps/election-app/win_prob/P/CO/statewide_margin_pct_vs_percent_CO_2026_box.png
[saved] /home/ubuntu/apps/election-app/win_prob/P/CO/statewide_margin_pct_vs_percent_CO_2026.png

All 50 states complete. See: /home/ubuntu/apps/election-app/win_prob/P/CO

$ /home/ubuntu/.venv/bin/python3 /home/ubuntu/apps/election-app/stats/8.py --root /home/ubuntu/apps/election-app/win_prob/P/CO/_work --outdir /home/ubuntu/apps/election-app/win_prob/P/CO
[info] root  = /home/ubuntu/apps/election-app/win_prob/P/CO/_work
[info] outdir= /home/ubuntu/apps/election-app/win_prob/P/CO
[deleted] /home/ubuntu/apps/election-app/win_prob/P/CO/_work/stats_with_statewide.csv
[deleted] /home/ubuntu/apps/election-app/win_prob/P/CO/_work/stats2_final_headers.csv
[deleted] /home/ubuntu/apps/election-app/win_prob/P/CO/_work/2024_county_results_with_final-old.csv
[deleted] /home/ubuntu/apps/election-app/win_prob/P/CO/_work/2024_county_results_with_final.csv
[deleted] /home/ubuntu/apps/election-app/win_prob/P/CO/_work/2024_county_results_with_final_1.csv
[deleted] /home/ubuntu/apps/election-app/win_prob/P/CO/_work/2024_county_results_with_calcs-old.csv
[deleted] /home/ubuntu/apps/election-app/win_prob/P/CO/_work/2024_county_results_with_calcs_new.csv
[deleted] /home/ubuntu/apps/election-app/win_prob/P/CO/_work/output_statewide_stats.csv
[skip]    /home/ubuntu/apps/election-app/win_prob/P/CO/_work/probs_timeseries_PA.csv
[deleted] /home/ubuntu/apps/election-app/win_prob/P/CO/_work/2024_county_results_with_calcs.csv
[skip]    /home/ubuntu/apps/election-app/win_prob/P/CO/data_output.csv
[skip]    /home/ubuntu/apps/election-app/win_prob/P/CO/data_output_with_margins_old.csv
[skip]    /home/ubuntu/apps/election-app/win_prob/P/CO/data_output_with_margins.csv
[skip]    /home/ubuntu/apps/election-app/win_prob/P/CO/data_output_with_margins-statewide.csv
[deleted] /home/ubuntu/apps/election-app/win_prob/P/CO/snapshots_CO.csv
[deleted] /home/ubuntu/apps/election-app/win_prob/P/CO/data_output_CO_with_margins_statewide_eevp.csv
[deleted] /home/ubuntu/apps/election-app/win_prob/P/CO/data_output_CO.csv
[deleted] /home/ubuntu/apps/election-app/win_prob/P/CO/data_output_CO_with_margins.csv
[deleted] /home/ubuntu/apps/election-app/win_prob/P/CO/data_output_CO.csv.checkpoint.json
[deleted] /home/ubuntu/apps/election-app/win_prob/P/CO/stats.csv
[deleted] /home/ubuntu/apps/election-app/win_prob/P/CO/stats2.csv
[done] removed 16 file(s)
