[2026-01-23 19:19:39] INFO: [PIPELINE] args: office=H state=NC district=11
[2026-01-23 19:19:39] INFO: [PIPELINE] WINPROB_DIR resolved to: /home/ubuntu/apps/election-app/win_prob/H/NC/11
[2026-01-23 19:19:39] INFO: [PIPELINE] OUTDIR set to: /home/ubuntu/apps/election-app/win_prob/H/NC/11

$ /home/ubuntu/.venv/bin/python3 /home/ubuntu/apps/election-app/stats/1-statewide.py --input /home/ubuntu/apps/election-app/win_prob/H/NC/11/stats.csv --output /home/ubuntu/apps/election-app/win_prob/H/NC/11/_work/stats_with_statewide.csv
Wrote /home/ubuntu/apps/election-app/win_prob/H/NC/11/_work/stats_with_statewide.csv (rows=16)

$ /home/ubuntu/.venv/bin/python3 /home/ubuntu/apps/election-app/stats/1-stats-2.py --input /home/ubuntu/apps/election-app/win_prob/H/NC/11/stats2.csv --output /home/ubuntu/apps/election-app/win_prob/H/NC/11/_work/stats2_final_headers.csv
Wrote /home/ubuntu/apps/election-app/win_prob/H/NC/11/_work/stats2_final_headers.csv (rows=15)

$ /home/ubuntu/.venv/bin/python3 /home/ubuntu/apps/election-app/stats/1-append-new.py
[warn] stats/stats2 row+fips mismatch detected; will fill missing final_* with 10
Wrote 2024_county_results_with_final-old.csv (rows=16, missing_final_matches=2)

$ /home/ubuntu/.venv/bin/python3 /home/ubuntu/apps/election-app/stats/1-change_header.py
Wrote: 2024_county_results_with_final.csv

$ /home/ubuntu/.venv/bin/python3 /home/ubuntu/apps/election-app/stats/1-cut-zero-fips.py
Wrote: 2024_county_results_with_final_1.csv
Rows before: 16
Rows after:  16
Dropped (fips == 0): 0

$ /home/ubuntu/.venv/bin/python3 /home/ubuntu/apps/election-app/stats/2-calc.py
Wrote 16 rows with calculations to /home/ubuntu/apps/election-app/win_prob/H/NC/11/_work/2024_county_results_with_calcs-old.csv

$ /home/ubuntu/.venv/bin/python3 /home/ubuntu/apps/election-app/stats/2-eevp.py
Wrote (no-op copy): 2024_county_results_with_calcs.csv
Columns:
 - timestamp
 - state
 - county
 - fips
 - trump_votes
 - harris_votes
 - other_votes
 - eevp
 - state_eevp
 - harris_votes_statewide
 - trump_votes_statewide
 - other_votes_statewide
 - final_state
 - final_county
 - final_fips
 - final_trump_votes
 - final_harris_votes
 - final_other_votes
 - harris_percent_snapshot
 - trump_percent_snapshot
 - margin_snapshot
 - harris_percent_final
 - trump_percent_final
 - margin_final
 - margin_difference
 - margin_difference_abs

$ /home/ubuntu/.venv/bin/python3 /home/ubuntu/apps/election-app/stats/3-calc-new.py
Wrote 16 rows with new columns to /home/ubuntu/apps/election-app/win_prob/H/NC/11/_work/2024_county_results_with_calcs_new.csv

$ /home/ubuntu/.venv/bin/python3 /home/ubuntu/apps/election-app/stats/4-stats.py
Reading 2024_county_results_with_calcs_new.csv...
Aggregating statewide totals...
Calculating percentages and margins...
Writing to output_statewide_stats.csv...
Done!
[2026-01-23 19:19:48] INFO: [PIPELINE] ENTER win-prob generation | states=['NC'] ts_list=['2024-11-05T15-30-22']

============================================================================
[01/1] STATE = NC
============================================================================

$ /home/ubuntu/.venv/bin/python3 /home/ubuntu/apps/election-app/stats/5-snapshots.py --state NC --input /home/ubuntu/apps/election-app/win_prob/H/NC/11/_work/output_statewide_stats.csv --output /home/ubuntu/apps/election-app/win_prob/H/NC/11/snapshots_NC.csv --start 2024-11-05T15-30-22 --end 2024-11-05T15-30-22 --use-window 1 --interval 30
Mode: windowed-one-state
Rows written: 16
Distinct states in output: NC
Rows per normalized timestamp (empty = unparseable):
  2024-11-05T15-30-22: 16
Wrote /home/ubuntu/apps/election-app/win_prob/H/NC/11/snapshots_NC.csv

$ /home/ubuntu/.venv/bin/python3 /home/ubuntu/apps/election-app/stats/6-pval.py /home/ubuntu/apps/election-app/win_prob/H/NC/11/snapshots_NC.csv -t /home/ubuntu/apps/election-app/stats/parameters.csv -o /home/ubuntu/apps/election-app/win_prob/H/NC/11/data_output_NC.csv -c 50
Done. Wrote: /home/ubuntu/apps/election-app/win_prob/H/NC/11/data_output_NC.csv
Total rows: 16 (chunked, resumable).
Computed columns for PVALS = [0.01, 0.1, 1, 2, 3, 5, 10, 15, 20, 25, 30, 35, 40, 45, 50, 55, 60, 65, 70, 75, 80, 85, 90, 95, 97, 98, 99, 99.9, 99.99]
Per p (leader): shift_{p}, margin_new_{p}, harris_percent_new_{p}, trump_percent_new_{p}, total_snapshot_{p}, total_expected_{p}, harris_votes_new_{p}, trump_votes_new_{p}
Per p (trailing): shift_trailing_{p}, margin_new_{p}_trailing, harris_percent_new_{p}_trailing, trump_percent_new_{p}_trailing, total_snapshot_{p}_trailing, total_expected_{p}_trailing, harris_votes_new_{p}_trailing, trump_votes_new_{p}_trailing
Checkpoint saved at: /home/ubuntu/apps/election-app/win_prob/H/NC/11/data_output_NC.csv.checkpoint.json

$ /home/ubuntu/.venv/bin/python3 /home/ubuntu/apps/election-app/stats/7-margin-new.py
Wrote data_output_with_margins_old.csv

$ /home/ubuntu/.venv/bin/python3 /home/ubuntu/apps/election-app/stats/7-eevp-statewide.py
Wrote data_output_with_margins.csv (copied from data_output_with_margins_old.csv)

$ /home/ubuntu/.venv/bin/python3 /home/ubuntu/apps/election-app/stats/7.py --input /home/ubuntu/apps/election-app/win_prob/H/NC/11/data_output_NC_with_margins_statewide_eevp.csv --output /home/ubuntu/apps/election-app/win_prob/H/NC/11/statewide_margin_pct_vs_percent_NC_2026.png --state NC --start 2024-11-05T15-30-22 --end 2024-11-05T15-30-22 --stats /home/ubuntu/apps/election-app/win_prob/H/NC/11/stats.csv --stats2 /home/ubuntu/apps/election-app/win_prob/H/NC/11/stats2.csv --interval 30 --year 2026 --jsonl /home/ubuntu/apps/election-app/win_prob/H/NC/11/plotdata_NC_2026_2026-01-23T19-19-39.jsonl
[warn] stats/stats2 FIPS mismatch for state=NC; will apply penalty_pts=100 only if %nodata>0
[info] evaluating 1 timestamps from 2024-11-05T15-30-22 to 2024-11-05T15-30-22 every 30 minutes
[saved] probs_timeseries_NC.csv  (1 points)
[saved] /home/ubuntu/apps/election-app/win_prob/H/NC/11/plotdata_NC_2026_2026-01-23T19-19-39.jsonl  (0 points)
[saved] /home/ubuntu/apps/election-app/win_prob/H/NC/11/statewide_margin_pct_vs_percent_NC_2026_box.json
[saved] /home/ubuntu/apps/election-app/win_prob/H/NC/11/statewide_margin_pct_vs_percent_NC_2026_box.png
[saved] /home/ubuntu/apps/election-app/win_prob/H/NC/11/statewide_margin_pct_vs_percent_NC_2026.png

All 50 states complete. See: /home/ubuntu/apps/election-app/win_prob/H/NC/11

$ /home/ubuntu/.venv/bin/python3 /home/ubuntu/apps/election-app/stats/8.py --root /home/ubuntu/apps/election-app/win_prob/H/NC/11/_work --outdir /home/ubuntu/apps/election-app/win_prob/H/NC/11
[info] root  = /home/ubuntu/apps/election-app/win_prob/H/NC/11/_work
[info] outdir= /home/ubuntu/apps/election-app/win_prob/H/NC/11
[deleted] /home/ubuntu/apps/election-app/win_prob/H/NC/11/_work/stats_with_statewide.csv
[deleted] /home/ubuntu/apps/election-app/win_prob/H/NC/11/_work/stats2_final_headers.csv
[deleted] /home/ubuntu/apps/election-app/win_prob/H/NC/11/_work/2024_county_results_with_final-old.csv
[deleted] /home/ubuntu/apps/election-app/win_prob/H/NC/11/_work/2024_county_results_with_final.csv
[deleted] /home/ubuntu/apps/election-app/win_prob/H/NC/11/_work/2024_county_results_with_final_1.csv
[deleted] /home/ubuntu/apps/election-app/win_prob/H/NC/11/_work/2024_county_results_with_calcs-old.csv
[deleted] /home/ubuntu/apps/election-app/win_prob/H/NC/11/_work/2024_county_results_with_calcs_new.csv
[deleted] /home/ubuntu/apps/election-app/win_prob/H/NC/11/_work/output_statewide_stats.csv
[skip]    /home/ubuntu/apps/election-app/win_prob/H/NC/11/_work/probs_timeseries_PA.csv
[deleted] /home/ubuntu/apps/election-app/win_prob/H/NC/11/_work/2024_county_results_with_calcs.csv
[skip]    /home/ubuntu/apps/election-app/win_prob/H/NC/11/data_output.csv
[skip]    /home/ubuntu/apps/election-app/win_prob/H/NC/11/data_output_with_margins_old.csv
[skip]    /home/ubuntu/apps/election-app/win_prob/H/NC/11/data_output_with_margins.csv
[skip]    /home/ubuntu/apps/election-app/win_prob/H/NC/11/data_output_with_margins-statewide.csv
[deleted] /home/ubuntu/apps/election-app/win_prob/H/NC/11/snapshots_NC.csv
[deleted] /home/ubuntu/apps/election-app/win_prob/H/NC/11/data_output_NC_with_margins_statewide_eevp.csv
[deleted] /home/ubuntu/apps/election-app/win_prob/H/NC/11/data_output_NC.csv
[deleted] /home/ubuntu/apps/election-app/win_prob/H/NC/11/data_output_NC_with_margins.csv
[deleted] /home/ubuntu/apps/election-app/win_prob/H/NC/11/data_output_NC.csv.checkpoint.json
[deleted] /home/ubuntu/apps/election-app/win_prob/H/NC/11/stats.csv
[deleted] /home/ubuntu/apps/election-app/win_prob/H/NC/11/stats2.csv
[done] removed 16 file(s)
[2026-01-23 19:26:43] INFO: [PIPELINE] args: office=H state=NC district=11
[2026-01-23 19:26:43] INFO: [PIPELINE] WINPROB_DIR resolved to: /home/ubuntu/apps/election-app/win_prob/H/NC/11
[2026-01-23 19:26:43] INFO: [PIPELINE] OUTDIR set to: /home/ubuntu/apps/election-app/win_prob/H/NC/11

$ /home/ubuntu/.venv/bin/python3 /home/ubuntu/apps/election-app/stats/1-statewide.py --input /home/ubuntu/apps/election-app/win_prob/H/NC/11/stats.csv --output /home/ubuntu/apps/election-app/win_prob/H/NC/11/_work/stats_with_statewide.csv
Wrote /home/ubuntu/apps/election-app/win_prob/H/NC/11/_work/stats_with_statewide.csv (rows=16)

$ /home/ubuntu/.venv/bin/python3 /home/ubuntu/apps/election-app/stats/1-stats-2.py --input /home/ubuntu/apps/election-app/win_prob/H/NC/11/stats2.csv --output /home/ubuntu/apps/election-app/win_prob/H/NC/11/_work/stats2_final_headers.csv
Wrote /home/ubuntu/apps/election-app/win_prob/H/NC/11/_work/stats2_final_headers.csv (rows=15)

$ /home/ubuntu/.venv/bin/python3 /home/ubuntu/apps/election-app/stats/1-append-new.py
[warn] stats/stats2 row+fips mismatch detected; will fill missing final_* with 10
Wrote 2024_county_results_with_final-old.csv (rows=16, missing_final_matches=2)

$ /home/ubuntu/.venv/bin/python3 /home/ubuntu/apps/election-app/stats/1-change_header.py
Wrote: 2024_county_results_with_final.csv

$ /home/ubuntu/.venv/bin/python3 /home/ubuntu/apps/election-app/stats/1-cut-zero-fips.py
Wrote: 2024_county_results_with_final_1.csv
Rows before: 16
Rows after:  16
Dropped (fips == 0): 0

$ /home/ubuntu/.venv/bin/python3 /home/ubuntu/apps/election-app/stats/2-calc.py
Wrote 16 rows with calculations to /home/ubuntu/apps/election-app/win_prob/H/NC/11/_work/2024_county_results_with_calcs-old.csv

$ /home/ubuntu/.venv/bin/python3 /home/ubuntu/apps/election-app/stats/2-eevp.py
Wrote (no-op copy): 2024_county_results_with_calcs.csv
Columns:
 - timestamp
 - state
 - county
 - fips
 - trump_votes
 - harris_votes
 - other_votes
 - eevp
 - state_eevp
 - harris_votes_statewide
 - trump_votes_statewide
 - other_votes_statewide
 - final_state
 - final_county
 - final_fips
 - final_trump_votes
 - final_harris_votes
 - final_other_votes
 - harris_percent_snapshot
 - trump_percent_snapshot
 - margin_snapshot
 - harris_percent_final
 - trump_percent_final
 - margin_final
 - margin_difference
 - margin_difference_abs

$ /home/ubuntu/.venv/bin/python3 /home/ubuntu/apps/election-app/stats/3-calc-new.py
Wrote 16 rows with new columns to /home/ubuntu/apps/election-app/win_prob/H/NC/11/_work/2024_county_results_with_calcs_new.csv

$ /home/ubuntu/.venv/bin/python3 /home/ubuntu/apps/election-app/stats/4-stats.py
Reading 2024_county_results_with_calcs_new.csv...
Aggregating statewide totals...
Calculating percentages and margins...
Writing to output_statewide_stats.csv...
Done!
[2026-01-23 19:26:52] INFO: [PIPELINE] ENTER win-prob generation | states=['NC'] ts_list=['2024-11-05T15-30-22']

============================================================================
[01/1] STATE = NC
============================================================================

$ /home/ubuntu/.venv/bin/python3 /home/ubuntu/apps/election-app/stats/5-snapshots.py --state NC --input /home/ubuntu/apps/election-app/win_prob/H/NC/11/_work/output_statewide_stats.csv --output /home/ubuntu/apps/election-app/win_prob/H/NC/11/snapshots_NC.csv --start 2024-11-05T15-30-22 --end 2024-11-05T15-30-22 --use-window 1 --interval 30
Mode: windowed-one-state
Rows written: 16
Distinct states in output: NC
Rows per normalized timestamp (empty = unparseable):
  2024-11-05T15-30-22: 16
Wrote /home/ubuntu/apps/election-app/win_prob/H/NC/11/snapshots_NC.csv

$ /home/ubuntu/.venv/bin/python3 /home/ubuntu/apps/election-app/stats/6-pval.py /home/ubuntu/apps/election-app/win_prob/H/NC/11/snapshots_NC.csv -t /home/ubuntu/apps/election-app/stats/parameters.csv -o /home/ubuntu/apps/election-app/win_prob/H/NC/11/data_output_NC.csv -c 50
Done. Wrote: /home/ubuntu/apps/election-app/win_prob/H/NC/11/data_output_NC.csv
Total rows: 16 (chunked, resumable).
Computed columns for PVALS = [0.01, 0.1, 1, 2, 3, 5, 10, 15, 20, 25, 30, 35, 40, 45, 50, 55, 60, 65, 70, 75, 80, 85, 90, 95, 97, 98, 99, 99.9, 99.99]
Per p (leader): shift_{p}, margin_new_{p}, harris_percent_new_{p}, trump_percent_new_{p}, total_snapshot_{p}, total_expected_{p}, harris_votes_new_{p}, trump_votes_new_{p}
Per p (trailing): shift_trailing_{p}, margin_new_{p}_trailing, harris_percent_new_{p}_trailing, trump_percent_new_{p}_trailing, total_snapshot_{p}_trailing, total_expected_{p}_trailing, harris_votes_new_{p}_trailing, trump_votes_new_{p}_trailing
Checkpoint saved at: /home/ubuntu/apps/election-app/win_prob/H/NC/11/data_output_NC.csv.checkpoint.json

$ /home/ubuntu/.venv/bin/python3 /home/ubuntu/apps/election-app/stats/7-margin-new.py
Wrote data_output_with_margins_old.csv

$ /home/ubuntu/.venv/bin/python3 /home/ubuntu/apps/election-app/stats/7-eevp-statewide.py
Wrote data_output_with_margins.csv (copied from data_output_with_margins_old.csv)

$ /home/ubuntu/.venv/bin/python3 /home/ubuntu/apps/election-app/stats/7.py --input /home/ubuntu/apps/election-app/win_prob/H/NC/11/data_output_NC_with_margins_statewide_eevp.csv --output /home/ubuntu/apps/election-app/win_prob/H/NC/11/statewide_margin_pct_vs_percent_NC_2026.png --state NC --start 2024-11-05T15-30-22 --end 2024-11-05T15-30-22 --stats /home/ubuntu/apps/election-app/win_prob/H/NC/11/stats.csv --stats2 /home/ubuntu/apps/election-app/win_prob/H/NC/11/stats2.csv --interval 30 --year 2026 --jsonl /home/ubuntu/apps/election-app/win_prob/H/NC/11/plotdata_NC_2026_2026-01-23T19-26-43.jsonl
[warn] stats/stats2 FIPS mismatch for state=NC; will apply penalty_pts=100 only if %nodata>0
[info] evaluating 1 timestamps from 2024-11-05T15-30-22 to 2024-11-05T15-30-22 every 30 minutes
[saved] probs_timeseries_NC.csv  (1 points)
[saved] /home/ubuntu/apps/election-app/win_prob/H/NC/11/plotdata_NC_2026_2026-01-23T19-26-43.jsonl  (4 points)
[saved] /home/ubuntu/apps/election-app/win_prob/H/NC/11/statewide_margin_pct_vs_percent_NC_2026_box.json
[saved] /home/ubuntu/apps/election-app/win_prob/H/NC/11/statewide_margin_pct_vs_percent_NC_2026_box.png
[saved] /home/ubuntu/apps/election-app/win_prob/H/NC/11/statewide_margin_pct_vs_percent_NC_2026.png

All 50 states complete. See: /home/ubuntu/apps/election-app/win_prob/H/NC/11

$ /home/ubuntu/.venv/bin/python3 /home/ubuntu/apps/election-app/stats/8.py --root /home/ubuntu/apps/election-app/win_prob/H/NC/11/_work --outdir /home/ubuntu/apps/election-app/win_prob/H/NC/11
[info] root  = /home/ubuntu/apps/election-app/win_prob/H/NC/11/_work
[info] outdir= /home/ubuntu/apps/election-app/win_prob/H/NC/11
[deleted] /home/ubuntu/apps/election-app/win_prob/H/NC/11/_work/stats_with_statewide.csv
[deleted] /home/ubuntu/apps/election-app/win_prob/H/NC/11/_work/stats2_final_headers.csv
[deleted] /home/ubuntu/apps/election-app/win_prob/H/NC/11/_work/2024_county_results_with_final-old.csv
[deleted] /home/ubuntu/apps/election-app/win_prob/H/NC/11/_work/2024_county_results_with_final.csv
[deleted] /home/ubuntu/apps/election-app/win_prob/H/NC/11/_work/2024_county_results_with_final_1.csv
[deleted] /home/ubuntu/apps/election-app/win_prob/H/NC/11/_work/2024_county_results_with_calcs-old.csv
[deleted] /home/ubuntu/apps/election-app/win_prob/H/NC/11/_work/2024_county_results_with_calcs_new.csv
[deleted] /home/ubuntu/apps/election-app/win_prob/H/NC/11/_work/output_statewide_stats.csv
[skip]    /home/ubuntu/apps/election-app/win_prob/H/NC/11/_work/probs_timeseries_PA.csv
[deleted] /home/ubuntu/apps/election-app/win_prob/H/NC/11/_work/2024_county_results_with_calcs.csv
[skip]    /home/ubuntu/apps/election-app/win_prob/H/NC/11/data_output.csv
[skip]    /home/ubuntu/apps/election-app/win_prob/H/NC/11/data_output_with_margins_old.csv
[skip]    /home/ubuntu/apps/election-app/win_prob/H/NC/11/data_output_with_margins.csv
[skip]    /home/ubuntu/apps/election-app/win_prob/H/NC/11/data_output_with_margins-statewide.csv
[deleted] /home/ubuntu/apps/election-app/win_prob/H/NC/11/snapshots_NC.csv
[deleted] /home/ubuntu/apps/election-app/win_prob/H/NC/11/data_output_NC_with_margins_statewide_eevp.csv
[deleted] /home/ubuntu/apps/election-app/win_prob/H/NC/11/data_output_NC.csv
[deleted] /home/ubuntu/apps/election-app/win_prob/H/NC/11/data_output_NC_with_margins.csv
[deleted] /home/ubuntu/apps/election-app/win_prob/H/NC/11/data_output_NC.csv.checkpoint.json
[deleted] /home/ubuntu/apps/election-app/win_prob/H/NC/11/stats.csv
[deleted] /home/ubuntu/apps/election-app/win_prob/H/NC/11/stats2.csv
[done] removed 16 file(s)
[2026-01-23 19:33:46] INFO: [PIPELINE] args: office=H state=NC district=11
[2026-01-23 19:33:46] INFO: [PIPELINE] WINPROB_DIR resolved to: /home/ubuntu/apps/election-app/win_prob/H/NC/11
[2026-01-23 19:33:46] INFO: [PIPELINE] OUTDIR set to: /home/ubuntu/apps/election-app/win_prob/H/NC/11

$ /home/ubuntu/.venv/bin/python3 /home/ubuntu/apps/election-app/stats/1-statewide.py --input /home/ubuntu/apps/election-app/win_prob/H/NC/11/stats.csv --output /home/ubuntu/apps/election-app/win_prob/H/NC/11/_work/stats_with_statewide.csv
Wrote /home/ubuntu/apps/election-app/win_prob/H/NC/11/_work/stats_with_statewide.csv (rows=16)

$ /home/ubuntu/.venv/bin/python3 /home/ubuntu/apps/election-app/stats/1-stats-2.py --input /home/ubuntu/apps/election-app/win_prob/H/NC/11/stats2.csv --output /home/ubuntu/apps/election-app/win_prob/H/NC/11/_work/stats2_final_headers.csv
Wrote /home/ubuntu/apps/election-app/win_prob/H/NC/11/_work/stats2_final_headers.csv (rows=15)

$ /home/ubuntu/.venv/bin/python3 /home/ubuntu/apps/election-app/stats/1-append-new.py
[warn] stats/stats2 row+fips mismatch detected; will fill missing final_* with 10
Wrote 2024_county_results_with_final-old.csv (rows=16, missing_final_matches=2)

$ /home/ubuntu/.venv/bin/python3 /home/ubuntu/apps/election-app/stats/1-change_header.py
Wrote: 2024_county_results_with_final.csv

$ /home/ubuntu/.venv/bin/python3 /home/ubuntu/apps/election-app/stats/1-cut-zero-fips.py
Wrote: 2024_county_results_with_final_1.csv
Rows before: 16
Rows after:  16
Dropped (fips == 0): 0

$ /home/ubuntu/.venv/bin/python3 /home/ubuntu/apps/election-app/stats/2-calc.py
Wrote 16 rows with calculations to /home/ubuntu/apps/election-app/win_prob/H/NC/11/_work/2024_county_results_with_calcs-old.csv

$ /home/ubuntu/.venv/bin/python3 /home/ubuntu/apps/election-app/stats/2-eevp.py
Wrote (no-op copy): 2024_county_results_with_calcs.csv
Columns:
 - timestamp
 - state
 - county
 - fips
 - trump_votes
 - harris_votes
 - other_votes
 - eevp
 - state_eevp
 - harris_votes_statewide
 - trump_votes_statewide
 - other_votes_statewide
 - final_state
 - final_county
 - final_fips
 - final_trump_votes
 - final_harris_votes
 - final_other_votes
 - harris_percent_snapshot
 - trump_percent_snapshot
 - margin_snapshot
 - harris_percent_final
 - trump_percent_final
 - margin_final
 - margin_difference
 - margin_difference_abs

$ /home/ubuntu/.venv/bin/python3 /home/ubuntu/apps/election-app/stats/3-calc-new.py
Wrote 16 rows with new columns to /home/ubuntu/apps/election-app/win_prob/H/NC/11/_work/2024_county_results_with_calcs_new.csv

$ /home/ubuntu/.venv/bin/python3 /home/ubuntu/apps/election-app/stats/4-stats.py
Reading 2024_county_results_with_calcs_new.csv...
Aggregating statewide totals...
Calculating percentages and margins...
Writing to output_statewide_stats.csv...
Done!
[2026-01-23 19:33:55] INFO: [PIPELINE] ENTER win-prob generation | states=['NC'] ts_list=['2024-11-05T15-30-22']

============================================================================
[01/1] STATE = NC
============================================================================

$ /home/ubuntu/.venv/bin/python3 /home/ubuntu/apps/election-app/stats/5-snapshots.py --state NC --input /home/ubuntu/apps/election-app/win_prob/H/NC/11/_work/output_statewide_stats.csv --output /home/ubuntu/apps/election-app/win_prob/H/NC/11/snapshots_NC.csv --start 2024-11-05T15-30-22 --end 2024-11-05T15-30-22 --use-window 1 --interval 30
Mode: windowed-one-state
Rows written: 16
Distinct states in output: NC
Rows per normalized timestamp (empty = unparseable):
  2024-11-05T15-30-22: 16
Wrote /home/ubuntu/apps/election-app/win_prob/H/NC/11/snapshots_NC.csv

$ /home/ubuntu/.venv/bin/python3 /home/ubuntu/apps/election-app/stats/6-pval.py /home/ubuntu/apps/election-app/win_prob/H/NC/11/snapshots_NC.csv -t /home/ubuntu/apps/election-app/stats/parameters.csv -o /home/ubuntu/apps/election-app/win_prob/H/NC/11/data_output_NC.csv -c 50
Done. Wrote: /home/ubuntu/apps/election-app/win_prob/H/NC/11/data_output_NC.csv
Total rows: 16 (chunked, resumable).
Computed columns for PVALS = [0.01, 0.1, 1, 2, 3, 5, 10, 15, 20, 25, 30, 35, 40, 45, 50, 55, 60, 65, 70, 75, 80, 85, 90, 95, 97, 98, 99, 99.9, 99.99]
Per p (leader): shift_{p}, margin_new_{p}, harris_percent_new_{p}, trump_percent_new_{p}, total_snapshot_{p}, total_expected_{p}, harris_votes_new_{p}, trump_votes_new_{p}
Per p (trailing): shift_trailing_{p}, margin_new_{p}_trailing, harris_percent_new_{p}_trailing, trump_percent_new_{p}_trailing, total_snapshot_{p}_trailing, total_expected_{p}_trailing, harris_votes_new_{p}_trailing, trump_votes_new_{p}_trailing
Checkpoint saved at: /home/ubuntu/apps/election-app/win_prob/H/NC/11/data_output_NC.csv.checkpoint.json

$ /home/ubuntu/.venv/bin/python3 /home/ubuntu/apps/election-app/stats/7-margin-new.py
Wrote data_output_with_margins_old.csv

$ /home/ubuntu/.venv/bin/python3 /home/ubuntu/apps/election-app/stats/7-eevp-statewide.py
Wrote data_output_with_margins.csv (copied from data_output_with_margins_old.csv)

$ /home/ubuntu/.venv/bin/python3 /home/ubuntu/apps/election-app/stats/7.py --input /home/ubuntu/apps/election-app/win_prob/H/NC/11/data_output_NC_with_margins_statewide_eevp.csv --output /home/ubuntu/apps/election-app/win_prob/H/NC/11/statewide_margin_pct_vs_percent_NC_2026.png --state NC --start 2024-11-05T15-30-22 --end 2024-11-05T15-30-22 --stats /home/ubuntu/apps/election-app/win_prob/H/NC/11/stats.csv --stats2 /home/ubuntu/apps/election-app/win_prob/H/NC/11/stats2.csv --interval 30 --year 2026 --jsonl /home/ubuntu/apps/election-app/win_prob/H/NC/11/plotdata_NC_2026_2026-01-23T19-33-46.jsonl
[warn] stats/stats2 FIPS mismatch for state=NC; will apply penalty_pts=100 only if %nodata>0
[info] evaluating 1 timestamps from 2024-11-05T15-30-22 to 2024-11-05T15-30-22 every 30 minutes
[saved] probs_timeseries_NC.csv  (1 points)
[saved] /home/ubuntu/apps/election-app/win_prob/H/NC/11/plotdata_NC_2026_2026-01-23T19-33-46.jsonl  (4 points)
[saved] /home/ubuntu/apps/election-app/win_prob/H/NC/11/statewide_margin_pct_vs_percent_NC_2026_box.json
[saved] /home/ubuntu/apps/election-app/win_prob/H/NC/11/statewide_margin_pct_vs_percent_NC_2026_box.png
[saved] /home/ubuntu/apps/election-app/win_prob/H/NC/11/statewide_margin_pct_vs_percent_NC_2026.png

All 50 states complete. See: /home/ubuntu/apps/election-app/win_prob/H/NC/11

$ /home/ubuntu/.venv/bin/python3 /home/ubuntu/apps/election-app/stats/8.py --root /home/ubuntu/apps/election-app/win_prob/H/NC/11/_work --outdir /home/ubuntu/apps/election-app/win_prob/H/NC/11
[info] root  = /home/ubuntu/apps/election-app/win_prob/H/NC/11/_work
[info] outdir= /home/ubuntu/apps/election-app/win_prob/H/NC/11
[deleted] /home/ubuntu/apps/election-app/win_prob/H/NC/11/_work/stats_with_statewide.csv
[deleted] /home/ubuntu/apps/election-app/win_prob/H/NC/11/_work/stats2_final_headers.csv
[deleted] /home/ubuntu/apps/election-app/win_prob/H/NC/11/_work/2024_county_results_with_final-old.csv
[deleted] /home/ubuntu/apps/election-app/win_prob/H/NC/11/_work/2024_county_results_with_final.csv
[deleted] /home/ubuntu/apps/election-app/win_prob/H/NC/11/_work/2024_county_results_with_final_1.csv
[deleted] /home/ubuntu/apps/election-app/win_prob/H/NC/11/_work/2024_county_results_with_calcs-old.csv
[deleted] /home/ubuntu/apps/election-app/win_prob/H/NC/11/_work/2024_county_results_with_calcs_new.csv
[deleted] /home/ubuntu/apps/election-app/win_prob/H/NC/11/_work/output_statewide_stats.csv
[skip]    /home/ubuntu/apps/election-app/win_prob/H/NC/11/_work/probs_timeseries_PA.csv
[deleted] /home/ubuntu/apps/election-app/win_prob/H/NC/11/_work/2024_county_results_with_calcs.csv
[skip]    /home/ubuntu/apps/election-app/win_prob/H/NC/11/data_output.csv
[skip]    /home/ubuntu/apps/election-app/win_prob/H/NC/11/data_output_with_margins_old.csv
[skip]    /home/ubuntu/apps/election-app/win_prob/H/NC/11/data_output_with_margins.csv
[skip]    /home/ubuntu/apps/election-app/win_prob/H/NC/11/data_output_with_margins-statewide.csv
[deleted] /home/ubuntu/apps/election-app/win_prob/H/NC/11/snapshots_NC.csv
[deleted] /home/ubuntu/apps/election-app/win_prob/H/NC/11/data_output_NC_with_margins_statewide_eevp.csv
[deleted] /home/ubuntu/apps/election-app/win_prob/H/NC/11/data_output_NC.csv
[deleted] /home/ubuntu/apps/election-app/win_prob/H/NC/11/data_output_NC_with_margins.csv
[deleted] /home/ubuntu/apps/election-app/win_prob/H/NC/11/data_output_NC.csv.checkpoint.json
[deleted] /home/ubuntu/apps/election-app/win_prob/H/NC/11/stats.csv
[deleted] /home/ubuntu/apps/election-app/win_prob/H/NC/11/stats2.csv
[done] removed 16 file(s)
[2026-01-23 19:40:50] INFO: [PIPELINE] args: office=H state=NC district=11
[2026-01-23 19:40:50] INFO: [PIPELINE] WINPROB_DIR resolved to: /home/ubuntu/apps/election-app/win_prob/H/NC/11
[2026-01-23 19:40:50] INFO: [PIPELINE] OUTDIR set to: /home/ubuntu/apps/election-app/win_prob/H/NC/11

$ /home/ubuntu/.venv/bin/python3 /home/ubuntu/apps/election-app/stats/1-statewide.py --input /home/ubuntu/apps/election-app/win_prob/H/NC/11/stats.csv --output /home/ubuntu/apps/election-app/win_prob/H/NC/11/_work/stats_with_statewide.csv
Wrote /home/ubuntu/apps/election-app/win_prob/H/NC/11/_work/stats_with_statewide.csv (rows=16)

$ /home/ubuntu/.venv/bin/python3 /home/ubuntu/apps/election-app/stats/1-stats-2.py --input /home/ubuntu/apps/election-app/win_prob/H/NC/11/stats2.csv --output /home/ubuntu/apps/election-app/win_prob/H/NC/11/_work/stats2_final_headers.csv
Wrote /home/ubuntu/apps/election-app/win_prob/H/NC/11/_work/stats2_final_headers.csv (rows=15)

$ /home/ubuntu/.venv/bin/python3 /home/ubuntu/apps/election-app/stats/1-append-new.py
[warn] stats/stats2 row+fips mismatch detected; will fill missing final_* with 10
Wrote 2024_county_results_with_final-old.csv (rows=16, missing_final_matches=2)

$ /home/ubuntu/.venv/bin/python3 /home/ubuntu/apps/election-app/stats/1-change_header.py
Wrote: 2024_county_results_with_final.csv

$ /home/ubuntu/.venv/bin/python3 /home/ubuntu/apps/election-app/stats/1-cut-zero-fips.py
Wrote: 2024_county_results_with_final_1.csv
Rows before: 16
Rows after:  16
Dropped (fips == 0): 0

$ /home/ubuntu/.venv/bin/python3 /home/ubuntu/apps/election-app/stats/2-calc.py
Wrote 16 rows with calculations to /home/ubuntu/apps/election-app/win_prob/H/NC/11/_work/2024_county_results_with_calcs-old.csv

$ /home/ubuntu/.venv/bin/python3 /home/ubuntu/apps/election-app/stats/2-eevp.py
Wrote (no-op copy): 2024_county_results_with_calcs.csv
Columns:
 - timestamp
 - state
 - county
 - fips
 - trump_votes
 - harris_votes
 - other_votes
 - eevp
 - state_eevp
 - harris_votes_statewide
 - trump_votes_statewide
 - other_votes_statewide
 - final_state
 - final_county
 - final_fips
 - final_trump_votes
 - final_harris_votes
 - final_other_votes
 - harris_percent_snapshot
 - trump_percent_snapshot
 - margin_snapshot
 - harris_percent_final
 - trump_percent_final
 - margin_final
 - margin_difference
 - margin_difference_abs

$ /home/ubuntu/.venv/bin/python3 /home/ubuntu/apps/election-app/stats/3-calc-new.py
Wrote 16 rows with new columns to /home/ubuntu/apps/election-app/win_prob/H/NC/11/_work/2024_county_results_with_calcs_new.csv

$ /home/ubuntu/.venv/bin/python3 /home/ubuntu/apps/election-app/stats/4-stats.py
Reading 2024_county_results_with_calcs_new.csv...
Aggregating statewide totals...
Calculating percentages and margins...
Writing to output_statewide_stats.csv...
Done!
[2026-01-23 19:40:59] INFO: [PIPELINE] ENTER win-prob generation | states=['NC'] ts_list=['2024-11-05T15-30-22']

============================================================================
[01/1] STATE = NC
============================================================================

$ /home/ubuntu/.venv/bin/python3 /home/ubuntu/apps/election-app/stats/5-snapshots.py --state NC --input /home/ubuntu/apps/election-app/win_prob/H/NC/11/_work/output_statewide_stats.csv --output /home/ubuntu/apps/election-app/win_prob/H/NC/11/snapshots_NC.csv --start 2024-11-05T15-30-22 --end 2024-11-05T15-30-22 --use-window 1 --interval 30
Mode: windowed-one-state
Rows written: 16
Distinct states in output: NC
Rows per normalized timestamp (empty = unparseable):
  2024-11-05T15-30-22: 16
Wrote /home/ubuntu/apps/election-app/win_prob/H/NC/11/snapshots_NC.csv

$ /home/ubuntu/.venv/bin/python3 /home/ubuntu/apps/election-app/stats/6-pval.py /home/ubuntu/apps/election-app/win_prob/H/NC/11/snapshots_NC.csv -t /home/ubuntu/apps/election-app/stats/parameters.csv -o /home/ubuntu/apps/election-app/win_prob/H/NC/11/data_output_NC.csv -c 50
Done. Wrote: /home/ubuntu/apps/election-app/win_prob/H/NC/11/data_output_NC.csv
Total rows: 16 (chunked, resumable).
Computed columns for PVALS = [0.01, 0.1, 1, 2, 3, 5, 10, 15, 20, 25, 30, 35, 40, 45, 50, 55, 60, 65, 70, 75, 80, 85, 90, 95, 97, 98, 99, 99.9, 99.99]
Per p (leader): shift_{p}, margin_new_{p}, harris_percent_new_{p}, trump_percent_new_{p}, total_snapshot_{p}, total_expected_{p}, harris_votes_new_{p}, trump_votes_new_{p}
Per p (trailing): shift_trailing_{p}, margin_new_{p}_trailing, harris_percent_new_{p}_trailing, trump_percent_new_{p}_trailing, total_snapshot_{p}_trailing, total_expected_{p}_trailing, harris_votes_new_{p}_trailing, trump_votes_new_{p}_trailing
Checkpoint saved at: /home/ubuntu/apps/election-app/win_prob/H/NC/11/data_output_NC.csv.checkpoint.json

$ /home/ubuntu/.venv/bin/python3 /home/ubuntu/apps/election-app/stats/7-margin-new.py
Wrote data_output_with_margins_old.csv

$ /home/ubuntu/.venv/bin/python3 /home/ubuntu/apps/election-app/stats/7-eevp-statewide.py
Wrote data_output_with_margins.csv (copied from data_output_with_margins_old.csv)

$ /home/ubuntu/.venv/bin/python3 /home/ubuntu/apps/election-app/stats/7.py --input /home/ubuntu/apps/election-app/win_prob/H/NC/11/data_output_NC_with_margins_statewide_eevp.csv --output /home/ubuntu/apps/election-app/win_prob/H/NC/11/statewide_margin_pct_vs_percent_NC_2026.png --state NC --start 2024-11-05T15-30-22 --end 2024-11-05T15-30-22 --stats /home/ubuntu/apps/election-app/win_prob/H/NC/11/stats.csv --stats2 /home/ubuntu/apps/election-app/win_prob/H/NC/11/stats2.csv --interval 30 --year 2026 --jsonl /home/ubuntu/apps/election-app/win_prob/H/NC/11/plotdata_NC_2026_2026-01-23T19-40-50.jsonl
[warn] stats/stats2 FIPS mismatch for state=NC; will apply penalty_pts=100 only if %nodata>0
[info] evaluating 1 timestamps from 2024-11-05T15-30-22 to 2024-11-05T15-30-22 every 30 minutes
[saved] probs_timeseries_NC.csv  (1 points)
[saved] /home/ubuntu/apps/election-app/win_prob/H/NC/11/plotdata_NC_2026_2026-01-23T19-40-50.jsonl  (4 points)
[saved] /home/ubuntu/apps/election-app/win_prob/H/NC/11/statewide_margin_pct_vs_percent_NC_2026_box.json
[saved] /home/ubuntu/apps/election-app/win_prob/H/NC/11/statewide_margin_pct_vs_percent_NC_2026_box.png
[saved] /home/ubuntu/apps/election-app/win_prob/H/NC/11/statewide_margin_pct_vs_percent_NC_2026.png

All 50 states complete. See: /home/ubuntu/apps/election-app/win_prob/H/NC/11

$ /home/ubuntu/.venv/bin/python3 /home/ubuntu/apps/election-app/stats/8.py --root /home/ubuntu/apps/election-app/win_prob/H/NC/11/_work --outdir /home/ubuntu/apps/election-app/win_prob/H/NC/11
[info] root  = /home/ubuntu/apps/election-app/win_prob/H/NC/11/_work
[info] outdir= /home/ubuntu/apps/election-app/win_prob/H/NC/11
[deleted] /home/ubuntu/apps/election-app/win_prob/H/NC/11/_work/stats_with_statewide.csv
[deleted] /home/ubuntu/apps/election-app/win_prob/H/NC/11/_work/stats2_final_headers.csv
[deleted] /home/ubuntu/apps/election-app/win_prob/H/NC/11/_work/2024_county_results_with_final-old.csv
[deleted] /home/ubuntu/apps/election-app/win_prob/H/NC/11/_work/2024_county_results_with_final.csv
[deleted] /home/ubuntu/apps/election-app/win_prob/H/NC/11/_work/2024_county_results_with_final_1.csv
[deleted] /home/ubuntu/apps/election-app/win_prob/H/NC/11/_work/2024_county_results_with_calcs-old.csv
[deleted] /home/ubuntu/apps/election-app/win_prob/H/NC/11/_work/2024_county_results_with_calcs_new.csv
[deleted] /home/ubuntu/apps/election-app/win_prob/H/NC/11/_work/output_statewide_stats.csv
[skip]    /home/ubuntu/apps/election-app/win_prob/H/NC/11/_work/probs_timeseries_PA.csv
[deleted] /home/ubuntu/apps/election-app/win_prob/H/NC/11/_work/2024_county_results_with_calcs.csv
[skip]    /home/ubuntu/apps/election-app/win_prob/H/NC/11/data_output.csv
[skip]    /home/ubuntu/apps/election-app/win_prob/H/NC/11/data_output_with_margins_old.csv
[skip]    /home/ubuntu/apps/election-app/win_prob/H/NC/11/data_output_with_margins.csv
[skip]    /home/ubuntu/apps/election-app/win_prob/H/NC/11/data_output_with_margins-statewide.csv
[deleted] /home/ubuntu/apps/election-app/win_prob/H/NC/11/snapshots_NC.csv
[deleted] /home/ubuntu/apps/election-app/win_prob/H/NC/11/data_output_NC_with_margins_statewide_eevp.csv
[deleted] /home/ubuntu/apps/election-app/win_prob/H/NC/11/data_output_NC.csv
[deleted] /home/ubuntu/apps/election-app/win_prob/H/NC/11/data_output_NC_with_margins.csv
[deleted] /home/ubuntu/apps/election-app/win_prob/H/NC/11/data_output_NC.csv.checkpoint.json
[deleted] /home/ubuntu/apps/election-app/win_prob/H/NC/11/stats.csv
[deleted] /home/ubuntu/apps/election-app/win_prob/H/NC/11/stats2.csv
[done] removed 16 file(s)
[2026-01-23 19:47:53] INFO: [PIPELINE] args: office=H state=NC district=11
[2026-01-23 19:47:53] INFO: [PIPELINE] WINPROB_DIR resolved to: /home/ubuntu/apps/election-app/win_prob/H/NC/11
[2026-01-23 19:47:53] INFO: [PIPELINE] OUTDIR set to: /home/ubuntu/apps/election-app/win_prob/H/NC/11

$ /home/ubuntu/.venv/bin/python3 /home/ubuntu/apps/election-app/stats/1-statewide.py --input /home/ubuntu/apps/election-app/win_prob/H/NC/11/stats.csv --output /home/ubuntu/apps/election-app/win_prob/H/NC/11/_work/stats_with_statewide.csv
Wrote /home/ubuntu/apps/election-app/win_prob/H/NC/11/_work/stats_with_statewide.csv (rows=16)

$ /home/ubuntu/.venv/bin/python3 /home/ubuntu/apps/election-app/stats/1-stats-2.py --input /home/ubuntu/apps/election-app/win_prob/H/NC/11/stats2.csv --output /home/ubuntu/apps/election-app/win_prob/H/NC/11/_work/stats2_final_headers.csv
Wrote /home/ubuntu/apps/election-app/win_prob/H/NC/11/_work/stats2_final_headers.csv (rows=15)

$ /home/ubuntu/.venv/bin/python3 /home/ubuntu/apps/election-app/stats/1-append-new.py
[warn] stats/stats2 row+fips mismatch detected; will fill missing final_* with 10
Wrote 2024_county_results_with_final-old.csv (rows=16, missing_final_matches=2)

$ /home/ubuntu/.venv/bin/python3 /home/ubuntu/apps/election-app/stats/1-change_header.py
Wrote: 2024_county_results_with_final.csv

$ /home/ubuntu/.venv/bin/python3 /home/ubuntu/apps/election-app/stats/1-cut-zero-fips.py
Wrote: 2024_county_results_with_final_1.csv
Rows before: 16
Rows after:  16
Dropped (fips == 0): 0

$ /home/ubuntu/.venv/bin/python3 /home/ubuntu/apps/election-app/stats/2-calc.py
Wrote 16 rows with calculations to /home/ubuntu/apps/election-app/win_prob/H/NC/11/_work/2024_county_results_with_calcs-old.csv

$ /home/ubuntu/.venv/bin/python3 /home/ubuntu/apps/election-app/stats/2-eevp.py
Wrote (no-op copy): 2024_county_results_with_calcs.csv
Columns:
 - timestamp
 - state
 - county
 - fips
 - trump_votes
 - harris_votes
 - other_votes
 - eevp
 - state_eevp
 - harris_votes_statewide
 - trump_votes_statewide
 - other_votes_statewide
 - final_state
 - final_county
 - final_fips
 - final_trump_votes
 - final_harris_votes
 - final_other_votes
 - harris_percent_snapshot
 - trump_percent_snapshot
 - margin_snapshot
 - harris_percent_final
 - trump_percent_final
 - margin_final
 - margin_difference
 - margin_difference_abs

$ /home/ubuntu/.venv/bin/python3 /home/ubuntu/apps/election-app/stats/3-calc-new.py
Wrote 16 rows with new columns to /home/ubuntu/apps/election-app/win_prob/H/NC/11/_work/2024_county_results_with_calcs_new.csv

$ /home/ubuntu/.venv/bin/python3 /home/ubuntu/apps/election-app/stats/4-stats.py
Reading 2024_county_results_with_calcs_new.csv...
Aggregating statewide totals...
Calculating percentages and margins...
Writing to output_statewide_stats.csv...
Done!
[2026-01-23 19:48:02] INFO: [PIPELINE] ENTER win-prob generation | states=['NC'] ts_list=['2024-11-05T15-30-22']

============================================================================
[01/1] STATE = NC
============================================================================

$ /home/ubuntu/.venv/bin/python3 /home/ubuntu/apps/election-app/stats/5-snapshots.py --state NC --input /home/ubuntu/apps/election-app/win_prob/H/NC/11/_work/output_statewide_stats.csv --output /home/ubuntu/apps/election-app/win_prob/H/NC/11/snapshots_NC.csv --start 2024-11-05T15-30-22 --end 2024-11-05T15-30-22 --use-window 1 --interval 30
Mode: windowed-one-state
Rows written: 16
Distinct states in output: NC
Rows per normalized timestamp (empty = unparseable):
  2024-11-05T15-30-22: 16
Wrote /home/ubuntu/apps/election-app/win_prob/H/NC/11/snapshots_NC.csv

$ /home/ubuntu/.venv/bin/python3 /home/ubuntu/apps/election-app/stats/6-pval.py /home/ubuntu/apps/election-app/win_prob/H/NC/11/snapshots_NC.csv -t /home/ubuntu/apps/election-app/stats/parameters.csv -o /home/ubuntu/apps/election-app/win_prob/H/NC/11/data_output_NC.csv -c 50
Done. Wrote: /home/ubuntu/apps/election-app/win_prob/H/NC/11/data_output_NC.csv
Total rows: 16 (chunked, resumable).
Computed columns for PVALS = [0.01, 0.1, 1, 2, 3, 5, 10, 15, 20, 25, 30, 35, 40, 45, 50, 55, 60, 65, 70, 75, 80, 85, 90, 95, 97, 98, 99, 99.9, 99.99]
Per p (leader): shift_{p}, margin_new_{p}, harris_percent_new_{p}, trump_percent_new_{p}, total_snapshot_{p}, total_expected_{p}, harris_votes_new_{p}, trump_votes_new_{p}
Per p (trailing): shift_trailing_{p}, margin_new_{p}_trailing, harris_percent_new_{p}_trailing, trump_percent_new_{p}_trailing, total_snapshot_{p}_trailing, total_expected_{p}_trailing, harris_votes_new_{p}_trailing, trump_votes_new_{p}_trailing
Checkpoint saved at: /home/ubuntu/apps/election-app/win_prob/H/NC/11/data_output_NC.csv.checkpoint.json

$ /home/ubuntu/.venv/bin/python3 /home/ubuntu/apps/election-app/stats/7-margin-new.py
Wrote data_output_with_margins_old.csv

$ /home/ubuntu/.venv/bin/python3 /home/ubuntu/apps/election-app/stats/7-eevp-statewide.py
Wrote data_output_with_margins.csv (copied from data_output_with_margins_old.csv)

$ /home/ubuntu/.venv/bin/python3 /home/ubuntu/apps/election-app/stats/7.py --input /home/ubuntu/apps/election-app/win_prob/H/NC/11/data_output_NC_with_margins_statewide_eevp.csv --output /home/ubuntu/apps/election-app/win_prob/H/NC/11/statewide_margin_pct_vs_percent_NC_2026.png --state NC --start 2024-11-05T15-30-22 --end 2024-11-05T15-30-22 --stats /home/ubuntu/apps/election-app/win_prob/H/NC/11/stats.csv --stats2 /home/ubuntu/apps/election-app/win_prob/H/NC/11/stats2.csv --interval 30 --year 2026 --jsonl /home/ubuntu/apps/election-app/win_prob/H/NC/11/plotdata_NC_2026_2026-01-23T19-47-53.jsonl
[warn] stats/stats2 FIPS mismatch for state=NC; will apply penalty_pts=100 only if %nodata>0
[info] evaluating 1 timestamps from 2024-11-05T15-30-22 to 2024-11-05T15-30-22 every 30 minutes
[saved] probs_timeseries_NC.csv  (1 points)
[saved] /home/ubuntu/apps/election-app/win_prob/H/NC/11/plotdata_NC_2026_2026-01-23T19-47-53.jsonl  (4 points)
[saved] /home/ubuntu/apps/election-app/win_prob/H/NC/11/statewide_margin_pct_vs_percent_NC_2026_box.json
[saved] /home/ubuntu/apps/election-app/win_prob/H/NC/11/statewide_margin_pct_vs_percent_NC_2026_box.png
[saved] /home/ubuntu/apps/election-app/win_prob/H/NC/11/statewide_margin_pct_vs_percent_NC_2026.png

All 50 states complete. See: /home/ubuntu/apps/election-app/win_prob/H/NC/11

$ /home/ubuntu/.venv/bin/python3 /home/ubuntu/apps/election-app/stats/8.py --root /home/ubuntu/apps/election-app/win_prob/H/NC/11/_work --outdir /home/ubuntu/apps/election-app/win_prob/H/NC/11
[info] root  = /home/ubuntu/apps/election-app/win_prob/H/NC/11/_work
[info] outdir= /home/ubuntu/apps/election-app/win_prob/H/NC/11
[deleted] /home/ubuntu/apps/election-app/win_prob/H/NC/11/_work/stats_with_statewide.csv
[deleted] /home/ubuntu/apps/election-app/win_prob/H/NC/11/_work/stats2_final_headers.csv
[deleted] /home/ubuntu/apps/election-app/win_prob/H/NC/11/_work/2024_county_results_with_final-old.csv
[deleted] /home/ubuntu/apps/election-app/win_prob/H/NC/11/_work/2024_county_results_with_final.csv
[deleted] /home/ubuntu/apps/election-app/win_prob/H/NC/11/_work/2024_county_results_with_final_1.csv
[deleted] /home/ubuntu/apps/election-app/win_prob/H/NC/11/_work/2024_county_results_with_calcs-old.csv
[deleted] /home/ubuntu/apps/election-app/win_prob/H/NC/11/_work/2024_county_results_with_calcs_new.csv
[deleted] /home/ubuntu/apps/election-app/win_prob/H/NC/11/_work/output_statewide_stats.csv
[skip]    /home/ubuntu/apps/election-app/win_prob/H/NC/11/_work/probs_timeseries_PA.csv
[deleted] /home/ubuntu/apps/election-app/win_prob/H/NC/11/_work/2024_county_results_with_calcs.csv
[skip]    /home/ubuntu/apps/election-app/win_prob/H/NC/11/data_output.csv
[skip]    /home/ubuntu/apps/election-app/win_prob/H/NC/11/data_output_with_margins_old.csv
[skip]    /home/ubuntu/apps/election-app/win_prob/H/NC/11/data_output_with_margins.csv
[skip]    /home/ubuntu/apps/election-app/win_prob/H/NC/11/data_output_with_margins-statewide.csv
[deleted] /home/ubuntu/apps/election-app/win_prob/H/NC/11/snapshots_NC.csv
[deleted] /home/ubuntu/apps/election-app/win_prob/H/NC/11/data_output_NC_with_margins_statewide_eevp.csv
[deleted] /home/ubuntu/apps/election-app/win_prob/H/NC/11/data_output_NC.csv
[deleted] /home/ubuntu/apps/election-app/win_prob/H/NC/11/data_output_NC_with_margins.csv
[deleted] /home/ubuntu/apps/election-app/win_prob/H/NC/11/data_output_NC.csv.checkpoint.json
[deleted] /home/ubuntu/apps/election-app/win_prob/H/NC/11/stats.csv
[deleted] /home/ubuntu/apps/election-app/win_prob/H/NC/11/stats2.csv
[done] removed 16 file(s)
[2026-01-23 20:08:00] INFO: [PIPELINE] args: office=H state=NC district=11
[2026-01-23 20:08:00] INFO: [PIPELINE] WINPROB_DIR resolved to: /home/ubuntu/apps/election-app/win_prob/H/NC/11
[2026-01-23 20:08:00] INFO: [PIPELINE] OUTDIR set to: /home/ubuntu/apps/election-app/win_prob/H/NC/11

$ /home/ubuntu/.venv/bin/python3 /home/ubuntu/apps/election-app/stats/1-statewide.py --input /home/ubuntu/apps/election-app/win_prob/H/NC/11/stats.csv --output /home/ubuntu/apps/election-app/win_prob/H/NC/11/_work/stats_with_statewide.csv
Wrote /home/ubuntu/apps/election-app/win_prob/H/NC/11/_work/stats_with_statewide.csv (rows=16)

$ /home/ubuntu/.venv/bin/python3 /home/ubuntu/apps/election-app/stats/1-stats-2.py --input /home/ubuntu/apps/election-app/win_prob/H/NC/11/stats2.csv --output /home/ubuntu/apps/election-app/win_prob/H/NC/11/_work/stats2_final_headers.csv
Wrote /home/ubuntu/apps/election-app/win_prob/H/NC/11/_work/stats2_final_headers.csv (rows=15)

$ /home/ubuntu/.venv/bin/python3 /home/ubuntu/apps/election-app/stats/1-append-new.py
[warn] stats/stats2 row+fips mismatch detected; will fill missing final_* with 10
Wrote 2024_county_results_with_final-old.csv (rows=16, missing_final_matches=2)

$ /home/ubuntu/.venv/bin/python3 /home/ubuntu/apps/election-app/stats/1-change_header.py
Wrote: 2024_county_results_with_final.csv

$ /home/ubuntu/.venv/bin/python3 /home/ubuntu/apps/election-app/stats/1-cut-zero-fips.py
Wrote: 2024_county_results_with_final_1.csv
Rows before: 16
Rows after:  16
Dropped (fips == 0): 0

$ /home/ubuntu/.venv/bin/python3 /home/ubuntu/apps/election-app/stats/2-calc.py
Wrote 16 rows with calculations to /home/ubuntu/apps/election-app/win_prob/H/NC/11/_work/2024_county_results_with_calcs-old.csv

$ /home/ubuntu/.venv/bin/python3 /home/ubuntu/apps/election-app/stats/2-eevp.py
Wrote (no-op copy): 2024_county_results_with_calcs.csv
Columns:
 - timestamp
 - state
 - county
 - fips
 - trump_votes
 - harris_votes
 - other_votes
 - eevp
 - state_eevp
 - harris_votes_statewide
 - trump_votes_statewide
 - other_votes_statewide
 - final_state
 - final_county
 - final_fips
 - final_trump_votes
 - final_harris_votes
 - final_other_votes
 - harris_percent_snapshot
 - trump_percent_snapshot
 - margin_snapshot
 - harris_percent_final
 - trump_percent_final
 - margin_final
 - margin_difference
 - margin_difference_abs

$ /home/ubuntu/.venv/bin/python3 /home/ubuntu/apps/election-app/stats/3-calc-new.py
Wrote 16 rows with new columns to /home/ubuntu/apps/election-app/win_prob/H/NC/11/_work/2024_county_results_with_calcs_new.csv

$ /home/ubuntu/.venv/bin/python3 /home/ubuntu/apps/election-app/stats/4-stats.py
Reading 2024_county_results_with_calcs_new.csv...
Aggregating statewide totals...
Calculating percentages and margins...
Writing to output_statewide_stats.csv...
Done!
[2026-01-23 20:08:09] INFO: [PIPELINE] ENTER win-prob generation | states=['NC'] ts_list=['2024-11-05T15-30-22']

============================================================================
[01/1] STATE = NC
============================================================================

$ /home/ubuntu/.venv/bin/python3 /home/ubuntu/apps/election-app/stats/5-snapshots.py --state NC --input /home/ubuntu/apps/election-app/win_prob/H/NC/11/_work/output_statewide_stats.csv --output /home/ubuntu/apps/election-app/win_prob/H/NC/11/snapshots_NC.csv --start 2024-11-05T15-30-22 --end 2024-11-05T15-30-22 --use-window 1 --interval 30
Mode: windowed-one-state
Rows written: 16
Distinct states in output: NC
Rows per normalized timestamp (empty = unparseable):
  2024-11-05T15-30-22: 16
Wrote /home/ubuntu/apps/election-app/win_prob/H/NC/11/snapshots_NC.csv

$ /home/ubuntu/.venv/bin/python3 /home/ubuntu/apps/election-app/stats/6-pval.py /home/ubuntu/apps/election-app/win_prob/H/NC/11/snapshots_NC.csv -t /home/ubuntu/apps/election-app/stats/parameters.csv -o /home/ubuntu/apps/election-app/win_prob/H/NC/11/data_output_NC.csv -c 50
Done. Wrote: /home/ubuntu/apps/election-app/win_prob/H/NC/11/data_output_NC.csv
Total rows: 16 (chunked, resumable).
Computed columns for PVALS = [0.01, 0.1, 1, 2, 3, 5, 10, 15, 20, 25, 30, 35, 40, 45, 50, 55, 60, 65, 70, 75, 80, 85, 90, 95, 97, 98, 99, 99.9, 99.99]
Per p (leader): shift_{p}, margin_new_{p}, harris_percent_new_{p}, trump_percent_new_{p}, total_snapshot_{p}, total_expected_{p}, harris_votes_new_{p}, trump_votes_new_{p}
Per p (trailing): shift_trailing_{p}, margin_new_{p}_trailing, harris_percent_new_{p}_trailing, trump_percent_new_{p}_trailing, total_snapshot_{p}_trailing, total_expected_{p}_trailing, harris_votes_new_{p}_trailing, trump_votes_new_{p}_trailing
Checkpoint saved at: /home/ubuntu/apps/election-app/win_prob/H/NC/11/data_output_NC.csv.checkpoint.json

$ /home/ubuntu/.venv/bin/python3 /home/ubuntu/apps/election-app/stats/7-margin-new.py
Wrote data_output_with_margins_old.csv

$ /home/ubuntu/.venv/bin/python3 /home/ubuntu/apps/election-app/stats/7-eevp-statewide.py
Wrote data_output_with_margins.csv (copied from data_output_with_margins_old.csv)

$ /home/ubuntu/.venv/bin/python3 /home/ubuntu/apps/election-app/stats/7.py --input /home/ubuntu/apps/election-app/win_prob/H/NC/11/data_output_NC_with_margins_statewide_eevp.csv --output /home/ubuntu/apps/election-app/win_prob/H/NC/11/statewide_margin_pct_vs_percent_NC_2026.png --state NC --start 2024-11-05T15-30-22 --end 2024-11-05T15-30-22 --stats /home/ubuntu/apps/election-app/win_prob/H/NC/11/stats.csv --stats2 /home/ubuntu/apps/election-app/win_prob/H/NC/11/stats2.csv --interval 30 --year 2026 --jsonl /home/ubuntu/apps/election-app/win_prob/H/NC/11/plotdata_NC_2026_2026-01-23T20-08-00.jsonl
[warn] stats/stats2 FIPS mismatch for state=NC; will apply penalty_pts=100 only if %nodata>0
[info] evaluating 1 timestamps from 2024-11-05T15-30-22 to 2024-11-05T15-30-22 every 30 minutes
[saved] probs_timeseries_NC.csv  (1 points)
[saved] /home/ubuntu/apps/election-app/win_prob/H/NC/11/plotdata_NC_2026_2026-01-23T20-08-00.jsonl  (4 points)
[saved] /home/ubuntu/apps/election-app/win_prob/H/NC/11/statewide_margin_pct_vs_percent_NC_2026_box.json
[saved] /home/ubuntu/apps/election-app/win_prob/H/NC/11/statewide_margin_pct_vs_percent_NC_2026_box.png
[saved] /home/ubuntu/apps/election-app/win_prob/H/NC/11/statewide_margin_pct_vs_percent_NC_2026.png

All 50 states complete. See: /home/ubuntu/apps/election-app/win_prob/H/NC/11

$ /home/ubuntu/.venv/bin/python3 /home/ubuntu/apps/election-app/stats/8.py --root /home/ubuntu/apps/election-app/win_prob/H/NC/11/_work --outdir /home/ubuntu/apps/election-app/win_prob/H/NC/11
[info] root  = /home/ubuntu/apps/election-app/win_prob/H/NC/11/_work
[info] outdir= /home/ubuntu/apps/election-app/win_prob/H/NC/11
[deleted] /home/ubuntu/apps/election-app/win_prob/H/NC/11/_work/stats_with_statewide.csv
[deleted] /home/ubuntu/apps/election-app/win_prob/H/NC/11/_work/stats2_final_headers.csv
[deleted] /home/ubuntu/apps/election-app/win_prob/H/NC/11/_work/2024_county_results_with_final-old.csv
[deleted] /home/ubuntu/apps/election-app/win_prob/H/NC/11/_work/2024_county_results_with_final.csv
[deleted] /home/ubuntu/apps/election-app/win_prob/H/NC/11/_work/2024_county_results_with_final_1.csv
[deleted] /home/ubuntu/apps/election-app/win_prob/H/NC/11/_work/2024_county_results_with_calcs-old.csv
[deleted] /home/ubuntu/apps/election-app/win_prob/H/NC/11/_work/2024_county_results_with_calcs_new.csv
[deleted] /home/ubuntu/apps/election-app/win_prob/H/NC/11/_work/output_statewide_stats.csv
[skip]    /home/ubuntu/apps/election-app/win_prob/H/NC/11/_work/probs_timeseries_PA.csv
[deleted] /home/ubuntu/apps/election-app/win_prob/H/NC/11/_work/2024_county_results_with_calcs.csv
[skip]    /home/ubuntu/apps/election-app/win_prob/H/NC/11/data_output.csv
[skip]    /home/ubuntu/apps/election-app/win_prob/H/NC/11/data_output_with_margins_old.csv
[skip]    /home/ubuntu/apps/election-app/win_prob/H/NC/11/data_output_with_margins.csv
[skip]    /home/ubuntu/apps/election-app/win_prob/H/NC/11/data_output_with_margins-statewide.csv
[deleted] /home/ubuntu/apps/election-app/win_prob/H/NC/11/snapshots_NC.csv
[deleted] /home/ubuntu/apps/election-app/win_prob/H/NC/11/data_output_NC_with_margins_statewide_eevp.csv
[deleted] /home/ubuntu/apps/election-app/win_prob/H/NC/11/data_output_NC.csv
[deleted] /home/ubuntu/apps/election-app/win_prob/H/NC/11/data_output_NC_with_margins.csv
[deleted] /home/ubuntu/apps/election-app/win_prob/H/NC/11/data_output_NC.csv.checkpoint.json
[deleted] /home/ubuntu/apps/election-app/win_prob/H/NC/11/stats.csv
[deleted] /home/ubuntu/apps/election-app/win_prob/H/NC/11/stats2.csv
[done] removed 16 file(s)
[2026-01-23 20:15:46] INFO: [PIPELINE] args: office=H state=NC district=11
[2026-01-23 20:15:46] INFO: [PIPELINE] WINPROB_DIR resolved to: /home/ubuntu/apps/election-app/win_prob/H/NC/11
[2026-01-23 20:15:46] INFO: [PIPELINE] OUTDIR set to: /home/ubuntu/apps/election-app/win_prob/H/NC/11

$ /home/ubuntu/.venv/bin/python3 /home/ubuntu/apps/election-app/stats/1-statewide.py --input /home/ubuntu/apps/election-app/win_prob/H/NC/11/stats.csv --output /home/ubuntu/apps/election-app/win_prob/H/NC/11/_work/stats_with_statewide.csv
Wrote /home/ubuntu/apps/election-app/win_prob/H/NC/11/_work/stats_with_statewide.csv (rows=16)

$ /home/ubuntu/.venv/bin/python3 /home/ubuntu/apps/election-app/stats/1-stats-2.py --input /home/ubuntu/apps/election-app/win_prob/H/NC/11/stats2.csv --output /home/ubuntu/apps/election-app/win_prob/H/NC/11/_work/stats2_final_headers.csv
Wrote /home/ubuntu/apps/election-app/win_prob/H/NC/11/_work/stats2_final_headers.csv (rows=15)

$ /home/ubuntu/.venv/bin/python3 /home/ubuntu/apps/election-app/stats/1-append-new.py
[warn] stats/stats2 row+fips mismatch detected; will fill missing final_* with 10
Wrote 2024_county_results_with_final-old.csv (rows=16, missing_final_matches=2)

$ /home/ubuntu/.venv/bin/python3 /home/ubuntu/apps/election-app/stats/1-change_header.py
Wrote: 2024_county_results_with_final.csv

$ /home/ubuntu/.venv/bin/python3 /home/ubuntu/apps/election-app/stats/1-cut-zero-fips.py
Wrote: 2024_county_results_with_final_1.csv
Rows before: 16
Rows after:  16
Dropped (fips == 0): 0

$ /home/ubuntu/.venv/bin/python3 /home/ubuntu/apps/election-app/stats/2-calc.py
Wrote 16 rows with calculations to /home/ubuntu/apps/election-app/win_prob/H/NC/11/_work/2024_county_results_with_calcs-old.csv

$ /home/ubuntu/.venv/bin/python3 /home/ubuntu/apps/election-app/stats/2-eevp.py
Wrote (no-op copy): 2024_county_results_with_calcs.csv
Columns:
 - timestamp
 - state
 - county
 - fips
 - trump_votes
 - harris_votes
 - other_votes
 - eevp
 - state_eevp
 - harris_votes_statewide
 - trump_votes_statewide
 - other_votes_statewide
 - final_state
 - final_county
 - final_fips
 - final_trump_votes
 - final_harris_votes
 - final_other_votes
 - harris_percent_snapshot
 - trump_percent_snapshot
 - margin_snapshot
 - harris_percent_final
 - trump_percent_final
 - margin_final
 - margin_difference
 - margin_difference_abs

$ /home/ubuntu/.venv/bin/python3 /home/ubuntu/apps/election-app/stats/3-calc-new.py
Wrote 16 rows with new columns to /home/ubuntu/apps/election-app/win_prob/H/NC/11/_work/2024_county_results_with_calcs_new.csv

$ /home/ubuntu/.venv/bin/python3 /home/ubuntu/apps/election-app/stats/4-stats.py
Reading 2024_county_results_with_calcs_new.csv...
Aggregating statewide totals...
Calculating percentages and margins...
Writing to output_statewide_stats.csv...
Done!
[2026-01-23 20:15:55] INFO: [PIPELINE] ENTER win-prob generation | states=['NC'] ts_list=['2024-11-05T15-30-22']

============================================================================
[01/1] STATE = NC
============================================================================

$ /home/ubuntu/.venv/bin/python3 /home/ubuntu/apps/election-app/stats/5-snapshots.py --state NC --input /home/ubuntu/apps/election-app/win_prob/H/NC/11/_work/output_statewide_stats.csv --output /home/ubuntu/apps/election-app/win_prob/H/NC/11/snapshots_NC.csv --start 2024-11-05T15-30-22 --end 2024-11-05T15-30-22 --use-window 1 --interval 30
Mode: windowed-one-state
Rows written: 16
Distinct states in output: NC
Rows per normalized timestamp (empty = unparseable):
  2024-11-05T15-30-22: 16
Wrote /home/ubuntu/apps/election-app/win_prob/H/NC/11/snapshots_NC.csv

$ /home/ubuntu/.venv/bin/python3 /home/ubuntu/apps/election-app/stats/6-pval.py /home/ubuntu/apps/election-app/win_prob/H/NC/11/snapshots_NC.csv -t /home/ubuntu/apps/election-app/stats/parameters.csv -o /home/ubuntu/apps/election-app/win_prob/H/NC/11/data_output_NC.csv -c 50
Done. Wrote: /home/ubuntu/apps/election-app/win_prob/H/NC/11/data_output_NC.csv
Total rows: 16 (chunked, resumable).
Computed columns for PVALS = [0.01, 0.1, 1, 2, 3, 5, 10, 15, 20, 25, 30, 35, 40, 45, 50, 55, 60, 65, 70, 75, 80, 85, 90, 95, 97, 98, 99, 99.9, 99.99]
Per p (leader): shift_{p}, margin_new_{p}, harris_percent_new_{p}, trump_percent_new_{p}, total_snapshot_{p}, total_expected_{p}, harris_votes_new_{p}, trump_votes_new_{p}
Per p (trailing): shift_trailing_{p}, margin_new_{p}_trailing, harris_percent_new_{p}_trailing, trump_percent_new_{p}_trailing, total_snapshot_{p}_trailing, total_expected_{p}_trailing, harris_votes_new_{p}_trailing, trump_votes_new_{p}_trailing
Checkpoint saved at: /home/ubuntu/apps/election-app/win_prob/H/NC/11/data_output_NC.csv.checkpoint.json

$ /home/ubuntu/.venv/bin/python3 /home/ubuntu/apps/election-app/stats/7-margin-new.py
Wrote data_output_with_margins_old.csv

$ /home/ubuntu/.venv/bin/python3 /home/ubuntu/apps/election-app/stats/7-eevp-statewide.py
Wrote data_output_with_margins.csv (copied from data_output_with_margins_old.csv)

$ /home/ubuntu/.venv/bin/python3 /home/ubuntu/apps/election-app/stats/7.py --input /home/ubuntu/apps/election-app/win_prob/H/NC/11/data_output_NC_with_margins_statewide_eevp.csv --output /home/ubuntu/apps/election-app/win_prob/H/NC/11/statewide_margin_pct_vs_percent_NC_2026.png --state NC --start 2024-11-05T15-30-22 --end 2024-11-05T15-30-22 --stats /home/ubuntu/apps/election-app/win_prob/H/NC/11/stats.csv --stats2 /home/ubuntu/apps/election-app/win_prob/H/NC/11/stats2.csv --interval 30 --year 2026 --jsonl /home/ubuntu/apps/election-app/win_prob/H/NC/11/plotdata_NC_2026_2026-01-23T20-15-46.jsonl
[warn] stats/stats2 FIPS mismatch for state=NC; will apply penalty_pts=100 only if %nodata>0
[info] evaluating 1 timestamps from 2024-11-05T15-30-22 to 2024-11-05T15-30-22 every 30 minutes
[saved] probs_timeseries_NC.csv  (1 points)
[saved] /home/ubuntu/apps/election-app/win_prob/H/NC/11/plotdata_NC_2026_2026-01-23T20-15-46.jsonl  (4 points)
[saved] /home/ubuntu/apps/election-app/win_prob/H/NC/11/statewide_margin_pct_vs_percent_NC_2026_box.json
[saved] /home/ubuntu/apps/election-app/win_prob/H/NC/11/statewide_margin_pct_vs_percent_NC_2026_box.png
[saved] /home/ubuntu/apps/election-app/win_prob/H/NC/11/statewide_margin_pct_vs_percent_NC_2026.png

All 50 states complete. See: /home/ubuntu/apps/election-app/win_prob/H/NC/11

$ /home/ubuntu/.venv/bin/python3 /home/ubuntu/apps/election-app/stats/8.py --root /home/ubuntu/apps/election-app/win_prob/H/NC/11/_work --outdir /home/ubuntu/apps/election-app/win_prob/H/NC/11
[info] root  = /home/ubuntu/apps/election-app/win_prob/H/NC/11/_work
[info] outdir= /home/ubuntu/apps/election-app/win_prob/H/NC/11
[deleted] /home/ubuntu/apps/election-app/win_prob/H/NC/11/_work/stats_with_statewide.csv
[deleted] /home/ubuntu/apps/election-app/win_prob/H/NC/11/_work/stats2_final_headers.csv
[deleted] /home/ubuntu/apps/election-app/win_prob/H/NC/11/_work/2024_county_results_with_final-old.csv
[deleted] /home/ubuntu/apps/election-app/win_prob/H/NC/11/_work/2024_county_results_with_final.csv
[deleted] /home/ubuntu/apps/election-app/win_prob/H/NC/11/_work/2024_county_results_with_final_1.csv
[deleted] /home/ubuntu/apps/election-app/win_prob/H/NC/11/_work/2024_county_results_with_calcs-old.csv
[deleted] /home/ubuntu/apps/election-app/win_prob/H/NC/11/_work/2024_county_results_with_calcs_new.csv
[deleted] /home/ubuntu/apps/election-app/win_prob/H/NC/11/_work/output_statewide_stats.csv
[skip]    /home/ubuntu/apps/election-app/win_prob/H/NC/11/_work/probs_timeseries_PA.csv
[deleted] /home/ubuntu/apps/election-app/win_prob/H/NC/11/_work/2024_county_results_with_calcs.csv
[skip]    /home/ubuntu/apps/election-app/win_prob/H/NC/11/data_output.csv
[skip]    /home/ubuntu/apps/election-app/win_prob/H/NC/11/data_output_with_margins_old.csv
[skip]    /home/ubuntu/apps/election-app/win_prob/H/NC/11/data_output_with_margins.csv
[skip]    /home/ubuntu/apps/election-app/win_prob/H/NC/11/data_output_with_margins-statewide.csv
[deleted] /home/ubuntu/apps/election-app/win_prob/H/NC/11/snapshots_NC.csv
[deleted] /home/ubuntu/apps/election-app/win_prob/H/NC/11/data_output_NC_with_margins_statewide_eevp.csv
[deleted] /home/ubuntu/apps/election-app/win_prob/H/NC/11/data_output_NC.csv
[deleted] /home/ubuntu/apps/election-app/win_prob/H/NC/11/data_output_NC_with_margins.csv
[deleted] /home/ubuntu/apps/election-app/win_prob/H/NC/11/data_output_NC.csv.checkpoint.json
[deleted] /home/ubuntu/apps/election-app/win_prob/H/NC/11/stats.csv
[deleted] /home/ubuntu/apps/election-app/win_prob/H/NC/11/stats2.csv
[done] removed 16 file(s)
[2026-01-25 17:49:07] INFO: [PIPELINE] args: office=H state=NC district=11
[2026-01-25 17:49:07] INFO: [PIPELINE] WINPROB_DIR resolved to: /home/ubuntu/apps/election-app/win_prob/H/NC/11
[2026-01-25 17:49:07] INFO: [PIPELINE] OUTDIR set to: /home/ubuntu/apps/election-app/win_prob/H/NC/11

$ /home/ubuntu/.venv/bin/python3 /home/ubuntu/apps/election-app/stats/1-statewide.py --input /home/ubuntu/apps/election-app/win_prob/H/NC/11/stats.csv --output /home/ubuntu/apps/election-app/win_prob/H/NC/11/_work/stats_with_statewide.csv
Wrote /home/ubuntu/apps/election-app/win_prob/H/NC/11/_work/stats_with_statewide.csv (rows=16)

$ /home/ubuntu/.venv/bin/python3 /home/ubuntu/apps/election-app/stats/1-stats-2.py --input /home/ubuntu/apps/election-app/win_prob/H/NC/11/stats2.csv --output /home/ubuntu/apps/election-app/win_prob/H/NC/11/_work/stats2_final_headers.csv
Wrote /home/ubuntu/apps/election-app/win_prob/H/NC/11/_work/stats2_final_headers.csv (rows=15)

$ /home/ubuntu/.venv/bin/python3 /home/ubuntu/apps/election-app/stats/1-append-new.py
[warn] stats/stats2 row+fips mismatch detected; will fill missing final_* with 10
Wrote 2024_county_results_with_final-old.csv (rows=16, missing_final_matches=2)

$ /home/ubuntu/.venv/bin/python3 /home/ubuntu/apps/election-app/stats/1-change_header.py
Wrote: 2024_county_results_with_final.csv

$ /home/ubuntu/.venv/bin/python3 /home/ubuntu/apps/election-app/stats/1-cut-zero-fips.py
Wrote: 2024_county_results_with_final_1.csv
Rows before: 16
Rows after:  16
Dropped (fips == 0): 0

$ /home/ubuntu/.venv/bin/python3 /home/ubuntu/apps/election-app/stats/2-calc.py
Wrote 16 rows with calculations to /home/ubuntu/apps/election-app/win_prob/H/NC/11/_work/2024_county_results_with_calcs-old.csv

$ /home/ubuntu/.venv/bin/python3 /home/ubuntu/apps/election-app/stats/2-eevp.py
Wrote (no-op copy): 2024_county_results_with_calcs.csv
Columns:
 - timestamp
 - state
 - county
 - fips
 - trump_votes
 - harris_votes
 - other_votes
 - eevp
 - state_eevp
 - harris_votes_statewide
 - trump_votes_statewide
 - other_votes_statewide
 - final_state
 - final_county
 - final_fips
 - final_trump_votes
 - final_harris_votes
 - final_other_votes
 - harris_percent_snapshot
 - trump_percent_snapshot
 - margin_snapshot
 - harris_percent_final
 - trump_percent_final
 - margin_final
 - margin_difference
 - margin_difference_abs

$ /home/ubuntu/.venv/bin/python3 /home/ubuntu/apps/election-app/stats/3-calc-new.py
Wrote 16 rows with new columns to /home/ubuntu/apps/election-app/win_prob/H/NC/11/_work/2024_county_results_with_calcs_new.csv

$ /home/ubuntu/.venv/bin/python3 /home/ubuntu/apps/election-app/stats/4-stats.py
Reading 2024_county_results_with_calcs_new.csv...
Aggregating statewide totals...
Calculating percentages and margins...
Writing to output_statewide_stats.csv...
Done!
[2026-01-25 17:49:16] INFO: [PIPELINE] ENTER win-prob generation | states=['NC'] ts_list=['2024-11-05T15-30-22']

============================================================================
[01/1] STATE = NC
============================================================================

$ /home/ubuntu/.venv/bin/python3 /home/ubuntu/apps/election-app/stats/5-snapshots.py --state NC --input /home/ubuntu/apps/election-app/win_prob/H/NC/11/_work/output_statewide_stats.csv --output /home/ubuntu/apps/election-app/win_prob/H/NC/11/snapshots_NC.csv --start 2024-11-05T15-30-22 --end 2024-11-05T15-30-22 --use-window 1 --interval 30
Mode: windowed-one-state
Rows written: 16
Distinct states in output: NC
Rows per normalized timestamp (empty = unparseable):
  2024-11-05T15-30-22: 16
Wrote /home/ubuntu/apps/election-app/win_prob/H/NC/11/snapshots_NC.csv

$ /home/ubuntu/.venv/bin/python3 /home/ubuntu/apps/election-app/stats/6-pval.py /home/ubuntu/apps/election-app/win_prob/H/NC/11/snapshots_NC.csv -t /home/ubuntu/apps/election-app/stats/parameters.csv -o /home/ubuntu/apps/election-app/win_prob/H/NC/11/data_output_NC.csv -c 50
Done. Wrote: /home/ubuntu/apps/election-app/win_prob/H/NC/11/data_output_NC.csv
Total rows: 16 (chunked, resumable).
Computed columns for PVALS = [0.01, 0.1, 1, 2, 3, 5, 10, 15, 20, 25, 30, 35, 40, 45, 50, 55, 60, 65, 70, 75, 80, 85, 90, 95, 97, 98, 99, 99.9, 99.99]
Per p (leader): shift_{p}, margin_new_{p}, harris_percent_new_{p}, trump_percent_new_{p}, total_snapshot_{p}, total_expected_{p}, harris_votes_new_{p}, trump_votes_new_{p}
Per p (trailing): shift_trailing_{p}, margin_new_{p}_trailing, harris_percent_new_{p}_trailing, trump_percent_new_{p}_trailing, total_snapshot_{p}_trailing, total_expected_{p}_trailing, harris_votes_new_{p}_trailing, trump_votes_new_{p}_trailing
Checkpoint saved at: /home/ubuntu/apps/election-app/win_prob/H/NC/11/data_output_NC.csv.checkpoint.json

$ /home/ubuntu/.venv/bin/python3 /home/ubuntu/apps/election-app/stats/7-margin-new.py
Wrote data_output_with_margins_old.csv

$ /home/ubuntu/.venv/bin/python3 /home/ubuntu/apps/election-app/stats/7-eevp-statewide.py
Wrote data_output_with_margins.csv (copied from data_output_with_margins_old.csv)

$ /home/ubuntu/.venv/bin/python3 /home/ubuntu/apps/election-app/stats/7.py --input /home/ubuntu/apps/election-app/win_prob/H/NC/11/data_output_NC_with_margins_statewide_eevp.csv --output /home/ubuntu/apps/election-app/win_prob/H/NC/11/statewide_margin_pct_vs_percent_NC_2026.png --state NC --start 2024-11-05T15-30-22 --end 2024-11-05T15-30-22 --stats /home/ubuntu/apps/election-app/win_prob/H/NC/11/stats.csv --stats2 /home/ubuntu/apps/election-app/win_prob/H/NC/11/stats2.csv --interval 30 --year 2026 --jsonl /home/ubuntu/apps/election-app/win_prob/H/NC/11/plotdata_NC_2026_2026-01-25T17-49-07.jsonl
[warn] stats/stats2 FIPS mismatch for state=NC; will apply penalty_pts=100 only if %nodata>0
[info] evaluating 1 timestamps from 2024-11-05T15-30-22 to 2024-11-05T15-30-22 every 30 minutes
[saved] probs_timeseries_NC.csv  (1 points)
[saved] /home/ubuntu/apps/election-app/win_prob/H/NC/11/plotdata_NC_2026_2026-01-25T17-49-07.jsonl  (0 points)
[saved] /home/ubuntu/apps/election-app/win_prob/H/NC/11/statewide_margin_pct_vs_percent_NC_2026_box.json
[saved] /home/ubuntu/apps/election-app/win_prob/H/NC/11/statewide_margin_pct_vs_percent_NC_2026_box.png
[saved] /home/ubuntu/apps/election-app/win_prob/H/NC/11/statewide_margin_pct_vs_percent_NC_2026.png

All 50 states complete. See: /home/ubuntu/apps/election-app/win_prob/H/NC/11

$ /home/ubuntu/.venv/bin/python3 /home/ubuntu/apps/election-app/stats/8.py --root /home/ubuntu/apps/election-app/win_prob/H/NC/11/_work --outdir /home/ubuntu/apps/election-app/win_prob/H/NC/11
[info] root  = /home/ubuntu/apps/election-app/win_prob/H/NC/11/_work
[info] outdir= /home/ubuntu/apps/election-app/win_prob/H/NC/11
[deleted] /home/ubuntu/apps/election-app/win_prob/H/NC/11/_work/stats_with_statewide.csv
[deleted] /home/ubuntu/apps/election-app/win_prob/H/NC/11/_work/stats2_final_headers.csv
[deleted] /home/ubuntu/apps/election-app/win_prob/H/NC/11/_work/2024_county_results_with_final-old.csv
[deleted] /home/ubuntu/apps/election-app/win_prob/H/NC/11/_work/2024_county_results_with_final.csv
[deleted] /home/ubuntu/apps/election-app/win_prob/H/NC/11/_work/2024_county_results_with_final_1.csv
[deleted] /home/ubuntu/apps/election-app/win_prob/H/NC/11/_work/2024_county_results_with_calcs-old.csv
[deleted] /home/ubuntu/apps/election-app/win_prob/H/NC/11/_work/2024_county_results_with_calcs_new.csv
[deleted] /home/ubuntu/apps/election-app/win_prob/H/NC/11/_work/output_statewide_stats.csv
[skip]    /home/ubuntu/apps/election-app/win_prob/H/NC/11/_work/probs_timeseries_PA.csv
[deleted] /home/ubuntu/apps/election-app/win_prob/H/NC/11/_work/2024_county_results_with_calcs.csv
[skip]    /home/ubuntu/apps/election-app/win_prob/H/NC/11/data_output.csv
[skip]    /home/ubuntu/apps/election-app/win_prob/H/NC/11/data_output_with_margins_old.csv
[skip]    /home/ubuntu/apps/election-app/win_prob/H/NC/11/data_output_with_margins.csv
[skip]    /home/ubuntu/apps/election-app/win_prob/H/NC/11/data_output_with_margins-statewide.csv
[deleted] /home/ubuntu/apps/election-app/win_prob/H/NC/11/snapshots_NC.csv
[deleted] /home/ubuntu/apps/election-app/win_prob/H/NC/11/data_output_NC_with_margins_statewide_eevp.csv
[deleted] /home/ubuntu/apps/election-app/win_prob/H/NC/11/data_output_NC.csv
[deleted] /home/ubuntu/apps/election-app/win_prob/H/NC/11/data_output_NC_with_margins.csv
[deleted] /home/ubuntu/apps/election-app/win_prob/H/NC/11/data_output_NC.csv.checkpoint.json
[deleted] /home/ubuntu/apps/election-app/win_prob/H/NC/11/stats.csv
[deleted] /home/ubuntu/apps/election-app/win_prob/H/NC/11/stats2.csv
[done] removed 16 file(s)
[2026-01-25 17:56:11] INFO: [PIPELINE] args: office=H state=NC district=11
[2026-01-25 17:56:11] INFO: [PIPELINE] WINPROB_DIR resolved to: /home/ubuntu/apps/election-app/win_prob/H/NC/11
[2026-01-25 17:56:11] INFO: [PIPELINE] OUTDIR set to: /home/ubuntu/apps/election-app/win_prob/H/NC/11

$ /home/ubuntu/.venv/bin/python3 /home/ubuntu/apps/election-app/stats/1-statewide.py --input /home/ubuntu/apps/election-app/win_prob/H/NC/11/stats.csv --output /home/ubuntu/apps/election-app/win_prob/H/NC/11/_work/stats_with_statewide.csv
Wrote /home/ubuntu/apps/election-app/win_prob/H/NC/11/_work/stats_with_statewide.csv (rows=16)

$ /home/ubuntu/.venv/bin/python3 /home/ubuntu/apps/election-app/stats/1-stats-2.py --input /home/ubuntu/apps/election-app/win_prob/H/NC/11/stats2.csv --output /home/ubuntu/apps/election-app/win_prob/H/NC/11/_work/stats2_final_headers.csv
Wrote /home/ubuntu/apps/election-app/win_prob/H/NC/11/_work/stats2_final_headers.csv (rows=15)

$ /home/ubuntu/.venv/bin/python3 /home/ubuntu/apps/election-app/stats/1-append-new.py
[warn] stats/stats2 row+fips mismatch detected; will fill missing final_* with 10
Wrote 2024_county_results_with_final-old.csv (rows=16, missing_final_matches=2)

$ /home/ubuntu/.venv/bin/python3 /home/ubuntu/apps/election-app/stats/1-change_header.py
Wrote: 2024_county_results_with_final.csv

$ /home/ubuntu/.venv/bin/python3 /home/ubuntu/apps/election-app/stats/1-cut-zero-fips.py
Wrote: 2024_county_results_with_final_1.csv
Rows before: 16
Rows after:  16
Dropped (fips == 0): 0

$ /home/ubuntu/.venv/bin/python3 /home/ubuntu/apps/election-app/stats/2-calc.py
Wrote 16 rows with calculations to /home/ubuntu/apps/election-app/win_prob/H/NC/11/_work/2024_county_results_with_calcs-old.csv

$ /home/ubuntu/.venv/bin/python3 /home/ubuntu/apps/election-app/stats/2-eevp.py
Wrote (no-op copy): 2024_county_results_with_calcs.csv
Columns:
 - timestamp
 - state
 - county
 - fips
 - trump_votes
 - harris_votes
 - other_votes
 - eevp
 - state_eevp
 - harris_votes_statewide
 - trump_votes_statewide
 - other_votes_statewide
 - final_state
 - final_county
 - final_fips
 - final_trump_votes
 - final_harris_votes
 - final_other_votes
 - harris_percent_snapshot
 - trump_percent_snapshot
 - margin_snapshot
 - harris_percent_final
 - trump_percent_final
 - margin_final
 - margin_difference
 - margin_difference_abs

$ /home/ubuntu/.venv/bin/python3 /home/ubuntu/apps/election-app/stats/3-calc-new.py
Wrote 16 rows with new columns to /home/ubuntu/apps/election-app/win_prob/H/NC/11/_work/2024_county_results_with_calcs_new.csv

$ /home/ubuntu/.venv/bin/python3 /home/ubuntu/apps/election-app/stats/4-stats.py
Reading 2024_county_results_with_calcs_new.csv...
Aggregating statewide totals...
Calculating percentages and margins...
Writing to output_statewide_stats.csv...
Done!
[2026-01-25 17:56:20] INFO: [PIPELINE] ENTER win-prob generation | states=['NC'] ts_list=['2024-11-05T15-30-22']

============================================================================
[01/1] STATE = NC
============================================================================

$ /home/ubuntu/.venv/bin/python3 /home/ubuntu/apps/election-app/stats/5-snapshots.py --state NC --input /home/ubuntu/apps/election-app/win_prob/H/NC/11/_work/output_statewide_stats.csv --output /home/ubuntu/apps/election-app/win_prob/H/NC/11/snapshots_NC.csv --start 2024-11-05T15-30-22 --end 2024-11-05T15-30-22 --use-window 1 --interval 30
Mode: windowed-one-state
Rows written: 16
Distinct states in output: NC
Rows per normalized timestamp (empty = unparseable):
  2024-11-05T15-30-22: 16
Wrote /home/ubuntu/apps/election-app/win_prob/H/NC/11/snapshots_NC.csv

$ /home/ubuntu/.venv/bin/python3 /home/ubuntu/apps/election-app/stats/6-pval.py /home/ubuntu/apps/election-app/win_prob/H/NC/11/snapshots_NC.csv -t /home/ubuntu/apps/election-app/stats/parameters.csv -o /home/ubuntu/apps/election-app/win_prob/H/NC/11/data_output_NC.csv -c 50
Done. Wrote: /home/ubuntu/apps/election-app/win_prob/H/NC/11/data_output_NC.csv
Total rows: 16 (chunked, resumable).
Computed columns for PVALS = [0.01, 0.1, 1, 2, 3, 5, 10, 15, 20, 25, 30, 35, 40, 45, 50, 55, 60, 65, 70, 75, 80, 85, 90, 95, 97, 98, 99, 99.9, 99.99]
Per p (leader): shift_{p}, margin_new_{p}, harris_percent_new_{p}, trump_percent_new_{p}, total_snapshot_{p}, total_expected_{p}, harris_votes_new_{p}, trump_votes_new_{p}
Per p (trailing): shift_trailing_{p}, margin_new_{p}_trailing, harris_percent_new_{p}_trailing, trump_percent_new_{p}_trailing, total_snapshot_{p}_trailing, total_expected_{p}_trailing, harris_votes_new_{p}_trailing, trump_votes_new_{p}_trailing
Checkpoint saved at: /home/ubuntu/apps/election-app/win_prob/H/NC/11/data_output_NC.csv.checkpoint.json

$ /home/ubuntu/.venv/bin/python3 /home/ubuntu/apps/election-app/stats/7-margin-new.py
Wrote data_output_with_margins_old.csv

$ /home/ubuntu/.venv/bin/python3 /home/ubuntu/apps/election-app/stats/7-eevp-statewide.py
Wrote data_output_with_margins.csv (copied from data_output_with_margins_old.csv)

$ /home/ubuntu/.venv/bin/python3 /home/ubuntu/apps/election-app/stats/7.py --input /home/ubuntu/apps/election-app/win_prob/H/NC/11/data_output_NC_with_margins_statewide_eevp.csv --output /home/ubuntu/apps/election-app/win_prob/H/NC/11/statewide_margin_pct_vs_percent_NC_2026.png --state NC --start 2024-11-05T15-30-22 --end 2024-11-05T15-30-22 --stats /home/ubuntu/apps/election-app/win_prob/H/NC/11/stats.csv --stats2 /home/ubuntu/apps/election-app/win_prob/H/NC/11/stats2.csv --interval 30 --year 2026 --jsonl /home/ubuntu/apps/election-app/win_prob/H/NC/11/plotdata_NC_2026_2026-01-25T17-56-11.jsonl
[warn] stats/stats2 FIPS mismatch for state=NC; will apply penalty_pts=100 only if %nodata>0
[info] evaluating 1 timestamps from 2024-11-05T15-30-22 to 2024-11-05T15-30-22 every 30 minutes
[saved] probs_timeseries_NC.csv  (1 points)
[saved] /home/ubuntu/apps/election-app/win_prob/H/NC/11/plotdata_NC_2026_2026-01-25T17-56-11.jsonl  (4 points)
[saved] /home/ubuntu/apps/election-app/win_prob/H/NC/11/statewide_margin_pct_vs_percent_NC_2026_box.json
[saved] /home/ubuntu/apps/election-app/win_prob/H/NC/11/statewide_margin_pct_vs_percent_NC_2026_box.png
[saved] /home/ubuntu/apps/election-app/win_prob/H/NC/11/statewide_margin_pct_vs_percent_NC_2026.png

All 50 states complete. See: /home/ubuntu/apps/election-app/win_prob/H/NC/11

$ /home/ubuntu/.venv/bin/python3 /home/ubuntu/apps/election-app/stats/8.py --root /home/ubuntu/apps/election-app/win_prob/H/NC/11/_work --outdir /home/ubuntu/apps/election-app/win_prob/H/NC/11
[info] root  = /home/ubuntu/apps/election-app/win_prob/H/NC/11/_work
[info] outdir= /home/ubuntu/apps/election-app/win_prob/H/NC/11
[deleted] /home/ubuntu/apps/election-app/win_prob/H/NC/11/_work/stats_with_statewide.csv
[deleted] /home/ubuntu/apps/election-app/win_prob/H/NC/11/_work/stats2_final_headers.csv
[deleted] /home/ubuntu/apps/election-app/win_prob/H/NC/11/_work/2024_county_results_with_final-old.csv
[deleted] /home/ubuntu/apps/election-app/win_prob/H/NC/11/_work/2024_county_results_with_final.csv
[deleted] /home/ubuntu/apps/election-app/win_prob/H/NC/11/_work/2024_county_results_with_final_1.csv
[deleted] /home/ubuntu/apps/election-app/win_prob/H/NC/11/_work/2024_county_results_with_calcs-old.csv
[deleted] /home/ubuntu/apps/election-app/win_prob/H/NC/11/_work/2024_county_results_with_calcs_new.csv
[deleted] /home/ubuntu/apps/election-app/win_prob/H/NC/11/_work/output_statewide_stats.csv
[skip]    /home/ubuntu/apps/election-app/win_prob/H/NC/11/_work/probs_timeseries_PA.csv
[deleted] /home/ubuntu/apps/election-app/win_prob/H/NC/11/_work/2024_county_results_with_calcs.csv
[skip]    /home/ubuntu/apps/election-app/win_prob/H/NC/11/data_output.csv
[skip]    /home/ubuntu/apps/election-app/win_prob/H/NC/11/data_output_with_margins_old.csv
[skip]    /home/ubuntu/apps/election-app/win_prob/H/NC/11/data_output_with_margins.csv
[skip]    /home/ubuntu/apps/election-app/win_prob/H/NC/11/data_output_with_margins-statewide.csv
[deleted] /home/ubuntu/apps/election-app/win_prob/H/NC/11/snapshots_NC.csv
[deleted] /home/ubuntu/apps/election-app/win_prob/H/NC/11/data_output_NC_with_margins_statewide_eevp.csv
[deleted] /home/ubuntu/apps/election-app/win_prob/H/NC/11/data_output_NC.csv
[deleted] /home/ubuntu/apps/election-app/win_prob/H/NC/11/data_output_NC_with_margins.csv
[deleted] /home/ubuntu/apps/election-app/win_prob/H/NC/11/data_output_NC.csv.checkpoint.json
[deleted] /home/ubuntu/apps/election-app/win_prob/H/NC/11/stats.csv
[deleted] /home/ubuntu/apps/election-app/win_prob/H/NC/11/stats2.csv
[done] removed 16 file(s)
[2026-01-25 18:03:14] INFO: [PIPELINE] args: office=H state=NC district=11
[2026-01-25 18:03:14] INFO: [PIPELINE] WINPROB_DIR resolved to: /home/ubuntu/apps/election-app/win_prob/H/NC/11
[2026-01-25 18:03:14] INFO: [PIPELINE] OUTDIR set to: /home/ubuntu/apps/election-app/win_prob/H/NC/11

$ /home/ubuntu/.venv/bin/python3 /home/ubuntu/apps/election-app/stats/1-statewide.py --input /home/ubuntu/apps/election-app/win_prob/H/NC/11/stats.csv --output /home/ubuntu/apps/election-app/win_prob/H/NC/11/_work/stats_with_statewide.csv
Wrote /home/ubuntu/apps/election-app/win_prob/H/NC/11/_work/stats_with_statewide.csv (rows=16)

$ /home/ubuntu/.venv/bin/python3 /home/ubuntu/apps/election-app/stats/1-stats-2.py --input /home/ubuntu/apps/election-app/win_prob/H/NC/11/stats2.csv --output /home/ubuntu/apps/election-app/win_prob/H/NC/11/_work/stats2_final_headers.csv
Wrote /home/ubuntu/apps/election-app/win_prob/H/NC/11/_work/stats2_final_headers.csv (rows=15)

$ /home/ubuntu/.venv/bin/python3 /home/ubuntu/apps/election-app/stats/1-append-new.py
[warn] stats/stats2 row+fips mismatch detected; will fill missing final_* with 10
Wrote 2024_county_results_with_final-old.csv (rows=16, missing_final_matches=2)

$ /home/ubuntu/.venv/bin/python3 /home/ubuntu/apps/election-app/stats/1-change_header.py
Wrote: 2024_county_results_with_final.csv

$ /home/ubuntu/.venv/bin/python3 /home/ubuntu/apps/election-app/stats/1-cut-zero-fips.py
Wrote: 2024_county_results_with_final_1.csv
Rows before: 16
Rows after:  16
Dropped (fips == 0): 0

$ /home/ubuntu/.venv/bin/python3 /home/ubuntu/apps/election-app/stats/2-calc.py
Wrote 16 rows with calculations to /home/ubuntu/apps/election-app/win_prob/H/NC/11/_work/2024_county_results_with_calcs-old.csv

$ /home/ubuntu/.venv/bin/python3 /home/ubuntu/apps/election-app/stats/2-eevp.py
Wrote (no-op copy): 2024_county_results_with_calcs.csv
Columns:
 - timestamp
 - state
 - county
 - fips
 - trump_votes
 - harris_votes
 - other_votes
 - eevp
 - state_eevp
 - harris_votes_statewide
 - trump_votes_statewide
 - other_votes_statewide
 - final_state
 - final_county
 - final_fips
 - final_trump_votes
 - final_harris_votes
 - final_other_votes
 - harris_percent_snapshot
 - trump_percent_snapshot
 - margin_snapshot
 - harris_percent_final
 - trump_percent_final
 - margin_final
 - margin_difference
 - margin_difference_abs

$ /home/ubuntu/.venv/bin/python3 /home/ubuntu/apps/election-app/stats/3-calc-new.py
Wrote 16 rows with new columns to /home/ubuntu/apps/election-app/win_prob/H/NC/11/_work/2024_county_results_with_calcs_new.csv

$ /home/ubuntu/.venv/bin/python3 /home/ubuntu/apps/election-app/stats/4-stats.py
Reading 2024_county_results_with_calcs_new.csv...
Aggregating statewide totals...
Calculating percentages and margins...
Writing to output_statewide_stats.csv...
Done!
[2026-01-25 18:03:23] INFO: [PIPELINE] ENTER win-prob generation | states=['NC'] ts_list=['2024-11-05T15-30-22']

============================================================================
[01/1] STATE = NC
============================================================================

$ /home/ubuntu/.venv/bin/python3 /home/ubuntu/apps/election-app/stats/5-snapshots.py --state NC --input /home/ubuntu/apps/election-app/win_prob/H/NC/11/_work/output_statewide_stats.csv --output /home/ubuntu/apps/election-app/win_prob/H/NC/11/snapshots_NC.csv --start 2024-11-05T15-30-22 --end 2024-11-05T15-30-22 --use-window 1 --interval 30
Mode: windowed-one-state
Rows written: 16
Distinct states in output: NC
Rows per normalized timestamp (empty = unparseable):
  2024-11-05T15-30-22: 16
Wrote /home/ubuntu/apps/election-app/win_prob/H/NC/11/snapshots_NC.csv

$ /home/ubuntu/.venv/bin/python3 /home/ubuntu/apps/election-app/stats/6-pval.py /home/ubuntu/apps/election-app/win_prob/H/NC/11/snapshots_NC.csv -t /home/ubuntu/apps/election-app/stats/parameters.csv -o /home/ubuntu/apps/election-app/win_prob/H/NC/11/data_output_NC.csv -c 50
Done. Wrote: /home/ubuntu/apps/election-app/win_prob/H/NC/11/data_output_NC.csv
Total rows: 16 (chunked, resumable).
Computed columns for PVALS = [0.01, 0.1, 1, 2, 3, 5, 10, 15, 20, 25, 30, 35, 40, 45, 50, 55, 60, 65, 70, 75, 80, 85, 90, 95, 97, 98, 99, 99.9, 99.99]
Per p (leader): shift_{p}, margin_new_{p}, harris_percent_new_{p}, trump_percent_new_{p}, total_snapshot_{p}, total_expected_{p}, harris_votes_new_{p}, trump_votes_new_{p}
Per p (trailing): shift_trailing_{p}, margin_new_{p}_trailing, harris_percent_new_{p}_trailing, trump_percent_new_{p}_trailing, total_snapshot_{p}_trailing, total_expected_{p}_trailing, harris_votes_new_{p}_trailing, trump_votes_new_{p}_trailing
Checkpoint saved at: /home/ubuntu/apps/election-app/win_prob/H/NC/11/data_output_NC.csv.checkpoint.json

$ /home/ubuntu/.venv/bin/python3 /home/ubuntu/apps/election-app/stats/7-margin-new.py
Wrote data_output_with_margins_old.csv

$ /home/ubuntu/.venv/bin/python3 /home/ubuntu/apps/election-app/stats/7-eevp-statewide.py
Wrote data_output_with_margins.csv (copied from data_output_with_margins_old.csv)

$ /home/ubuntu/.venv/bin/python3 /home/ubuntu/apps/election-app/stats/7.py --input /home/ubuntu/apps/election-app/win_prob/H/NC/11/data_output_NC_with_margins_statewide_eevp.csv --output /home/ubuntu/apps/election-app/win_prob/H/NC/11/statewide_margin_pct_vs_percent_NC_2026.png --state NC --start 2024-11-05T15-30-22 --end 2024-11-05T15-30-22 --stats /home/ubuntu/apps/election-app/win_prob/H/NC/11/stats.csv --stats2 /home/ubuntu/apps/election-app/win_prob/H/NC/11/stats2.csv --interval 30 --year 2026 --jsonl /home/ubuntu/apps/election-app/win_prob/H/NC/11/plotdata_NC_2026_2026-01-25T18-03-14.jsonl
[warn] stats/stats2 FIPS mismatch for state=NC; will apply penalty_pts=100 only if %nodata>0
[info] evaluating 1 timestamps from 2024-11-05T15-30-22 to 2024-11-05T15-30-22 every 30 minutes
[saved] probs_timeseries_NC.csv  (1 points)
[saved] /home/ubuntu/apps/election-app/win_prob/H/NC/11/plotdata_NC_2026_2026-01-25T18-03-14.jsonl  (4 points)
[saved] /home/ubuntu/apps/election-app/win_prob/H/NC/11/statewide_margin_pct_vs_percent_NC_2026_box.json
[saved] /home/ubuntu/apps/election-app/win_prob/H/NC/11/statewide_margin_pct_vs_percent_NC_2026_box.png
[saved] /home/ubuntu/apps/election-app/win_prob/H/NC/11/statewide_margin_pct_vs_percent_NC_2026.png

All 50 states complete. See: /home/ubuntu/apps/election-app/win_prob/H/NC/11

$ /home/ubuntu/.venv/bin/python3 /home/ubuntu/apps/election-app/stats/8.py --root /home/ubuntu/apps/election-app/win_prob/H/NC/11/_work --outdir /home/ubuntu/apps/election-app/win_prob/H/NC/11
[info] root  = /home/ubuntu/apps/election-app/win_prob/H/NC/11/_work
[info] outdir= /home/ubuntu/apps/election-app/win_prob/H/NC/11
[deleted] /home/ubuntu/apps/election-app/win_prob/H/NC/11/_work/stats_with_statewide.csv
[deleted] /home/ubuntu/apps/election-app/win_prob/H/NC/11/_work/stats2_final_headers.csv
[deleted] /home/ubuntu/apps/election-app/win_prob/H/NC/11/_work/2024_county_results_with_final-old.csv
[deleted] /home/ubuntu/apps/election-app/win_prob/H/NC/11/_work/2024_county_results_with_final.csv
[deleted] /home/ubuntu/apps/election-app/win_prob/H/NC/11/_work/2024_county_results_with_final_1.csv
[deleted] /home/ubuntu/apps/election-app/win_prob/H/NC/11/_work/2024_county_results_with_calcs-old.csv
[deleted] /home/ubuntu/apps/election-app/win_prob/H/NC/11/_work/2024_county_results_with_calcs_new.csv
[deleted] /home/ubuntu/apps/election-app/win_prob/H/NC/11/_work/output_statewide_stats.csv
[skip]    /home/ubuntu/apps/election-app/win_prob/H/NC/11/_work/probs_timeseries_PA.csv
[deleted] /home/ubuntu/apps/election-app/win_prob/H/NC/11/_work/2024_county_results_with_calcs.csv
[skip]    /home/ubuntu/apps/election-app/win_prob/H/NC/11/data_output.csv
[skip]    /home/ubuntu/apps/election-app/win_prob/H/NC/11/data_output_with_margins_old.csv
[skip]    /home/ubuntu/apps/election-app/win_prob/H/NC/11/data_output_with_margins.csv
[skip]    /home/ubuntu/apps/election-app/win_prob/H/NC/11/data_output_with_margins-statewide.csv
[deleted] /home/ubuntu/apps/election-app/win_prob/H/NC/11/snapshots_NC.csv
[deleted] /home/ubuntu/apps/election-app/win_prob/H/NC/11/data_output_NC_with_margins_statewide_eevp.csv
[deleted] /home/ubuntu/apps/election-app/win_prob/H/NC/11/data_output_NC.csv
[deleted] /home/ubuntu/apps/election-app/win_prob/H/NC/11/data_output_NC_with_margins.csv
[deleted] /home/ubuntu/apps/election-app/win_prob/H/NC/11/data_output_NC.csv.checkpoint.json
[deleted] /home/ubuntu/apps/election-app/win_prob/H/NC/11/stats.csv
[deleted] /home/ubuntu/apps/election-app/win_prob/H/NC/11/stats2.csv
[done] removed 16 file(s)
[2026-01-25 18:10:18] INFO: [PIPELINE] args: office=H state=NC district=11
[2026-01-25 18:10:18] INFO: [PIPELINE] WINPROB_DIR resolved to: /home/ubuntu/apps/election-app/win_prob/H/NC/11
[2026-01-25 18:10:18] INFO: [PIPELINE] OUTDIR set to: /home/ubuntu/apps/election-app/win_prob/H/NC/11

$ /home/ubuntu/.venv/bin/python3 /home/ubuntu/apps/election-app/stats/1-statewide.py --input /home/ubuntu/apps/election-app/win_prob/H/NC/11/stats.csv --output /home/ubuntu/apps/election-app/win_prob/H/NC/11/_work/stats_with_statewide.csv
Wrote /home/ubuntu/apps/election-app/win_prob/H/NC/11/_work/stats_with_statewide.csv (rows=16)

$ /home/ubuntu/.venv/bin/python3 /home/ubuntu/apps/election-app/stats/1-stats-2.py --input /home/ubuntu/apps/election-app/win_prob/H/NC/11/stats2.csv --output /home/ubuntu/apps/election-app/win_prob/H/NC/11/_work/stats2_final_headers.csv
Wrote /home/ubuntu/apps/election-app/win_prob/H/NC/11/_work/stats2_final_headers.csv (rows=15)

$ /home/ubuntu/.venv/bin/python3 /home/ubuntu/apps/election-app/stats/1-append-new.py
[warn] stats/stats2 row+fips mismatch detected; will fill missing final_* with 10
Wrote 2024_county_results_with_final-old.csv (rows=16, missing_final_matches=2)

$ /home/ubuntu/.venv/bin/python3 /home/ubuntu/apps/election-app/stats/1-change_header.py
Wrote: 2024_county_results_with_final.csv

$ /home/ubuntu/.venv/bin/python3 /home/ubuntu/apps/election-app/stats/1-cut-zero-fips.py
Wrote: 2024_county_results_with_final_1.csv
Rows before: 16
Rows after:  16
Dropped (fips == 0): 0

$ /home/ubuntu/.venv/bin/python3 /home/ubuntu/apps/election-app/stats/2-calc.py
Wrote 16 rows with calculations to /home/ubuntu/apps/election-app/win_prob/H/NC/11/_work/2024_county_results_with_calcs-old.csv

$ /home/ubuntu/.venv/bin/python3 /home/ubuntu/apps/election-app/stats/2-eevp.py
Wrote (no-op copy): 2024_county_results_with_calcs.csv
Columns:
 - timestamp
 - state
 - county
 - fips
 - trump_votes
 - harris_votes
 - other_votes
 - eevp
 - state_eevp
 - harris_votes_statewide
 - trump_votes_statewide
 - other_votes_statewide
 - final_state
 - final_county
 - final_fips
 - final_trump_votes
 - final_harris_votes
 - final_other_votes
 - harris_percent_snapshot
 - trump_percent_snapshot
 - margin_snapshot
 - harris_percent_final
 - trump_percent_final
 - margin_final
 - margin_difference
 - margin_difference_abs

$ /home/ubuntu/.venv/bin/python3 /home/ubuntu/apps/election-app/stats/3-calc-new.py
Wrote 16 rows with new columns to /home/ubuntu/apps/election-app/win_prob/H/NC/11/_work/2024_county_results_with_calcs_new.csv

$ /home/ubuntu/.venv/bin/python3 /home/ubuntu/apps/election-app/stats/4-stats.py
Reading 2024_county_results_with_calcs_new.csv...
Aggregating statewide totals...
Calculating percentages and margins...
Writing to output_statewide_stats.csv...
Done!
[2026-01-25 18:10:27] INFO: [PIPELINE] ENTER win-prob generation | states=['NC'] ts_list=['2024-11-05T15-30-22']

============================================================================
[01/1] STATE = NC
============================================================================

$ /home/ubuntu/.venv/bin/python3 /home/ubuntu/apps/election-app/stats/5-snapshots.py --state NC --input /home/ubuntu/apps/election-app/win_prob/H/NC/11/_work/output_statewide_stats.csv --output /home/ubuntu/apps/election-app/win_prob/H/NC/11/snapshots_NC.csv --start 2024-11-05T15-30-22 --end 2024-11-05T15-30-22 --use-window 1 --interval 30
Mode: windowed-one-state
Rows written: 16
Distinct states in output: NC
Rows per normalized timestamp (empty = unparseable):
  2024-11-05T15-30-22: 16
Wrote /home/ubuntu/apps/election-app/win_prob/H/NC/11/snapshots_NC.csv

$ /home/ubuntu/.venv/bin/python3 /home/ubuntu/apps/election-app/stats/6-pval.py /home/ubuntu/apps/election-app/win_prob/H/NC/11/snapshots_NC.csv -t /home/ubuntu/apps/election-app/stats/parameters.csv -o /home/ubuntu/apps/election-app/win_prob/H/NC/11/data_output_NC.csv -c 50
Done. Wrote: /home/ubuntu/apps/election-app/win_prob/H/NC/11/data_output_NC.csv
Total rows: 16 (chunked, resumable).
Computed columns for PVALS = [0.01, 0.1, 1, 2, 3, 5, 10, 15, 20, 25, 30, 35, 40, 45, 50, 55, 60, 65, 70, 75, 80, 85, 90, 95, 97, 98, 99, 99.9, 99.99]
Per p (leader): shift_{p}, margin_new_{p}, harris_percent_new_{p}, trump_percent_new_{p}, total_snapshot_{p}, total_expected_{p}, harris_votes_new_{p}, trump_votes_new_{p}
Per p (trailing): shift_trailing_{p}, margin_new_{p}_trailing, harris_percent_new_{p}_trailing, trump_percent_new_{p}_trailing, total_snapshot_{p}_trailing, total_expected_{p}_trailing, harris_votes_new_{p}_trailing, trump_votes_new_{p}_trailing
Checkpoint saved at: /home/ubuntu/apps/election-app/win_prob/H/NC/11/data_output_NC.csv.checkpoint.json

$ /home/ubuntu/.venv/bin/python3 /home/ubuntu/apps/election-app/stats/7-margin-new.py
Wrote data_output_with_margins_old.csv

$ /home/ubuntu/.venv/bin/python3 /home/ubuntu/apps/election-app/stats/7-eevp-statewide.py
Wrote data_output_with_margins.csv (copied from data_output_with_margins_old.csv)

$ /home/ubuntu/.venv/bin/python3 /home/ubuntu/apps/election-app/stats/7.py --input /home/ubuntu/apps/election-app/win_prob/H/NC/11/data_output_NC_with_margins_statewide_eevp.csv --output /home/ubuntu/apps/election-app/win_prob/H/NC/11/statewide_margin_pct_vs_percent_NC_2026.png --state NC --start 2024-11-05T15-30-22 --end 2024-11-05T15-30-22 --stats /home/ubuntu/apps/election-app/win_prob/H/NC/11/stats.csv --stats2 /home/ubuntu/apps/election-app/win_prob/H/NC/11/stats2.csv --interval 30 --year 2026 --jsonl /home/ubuntu/apps/election-app/win_prob/H/NC/11/plotdata_NC_2026_2026-01-25T18-10-18.jsonl
[warn] stats/stats2 FIPS mismatch for state=NC; will apply penalty_pts=100 only if %nodata>0
[info] evaluating 1 timestamps from 2024-11-05T15-30-22 to 2024-11-05T15-30-22 every 30 minutes
[saved] probs_timeseries_NC.csv  (1 points)
[saved] /home/ubuntu/apps/election-app/win_prob/H/NC/11/plotdata_NC_2026_2026-01-25T18-10-18.jsonl  (4 points)
[saved] /home/ubuntu/apps/election-app/win_prob/H/NC/11/statewide_margin_pct_vs_percent_NC_2026_box.json
[saved] /home/ubuntu/apps/election-app/win_prob/H/NC/11/statewide_margin_pct_vs_percent_NC_2026_box.png
[saved] /home/ubuntu/apps/election-app/win_prob/H/NC/11/statewide_margin_pct_vs_percent_NC_2026.png

All 50 states complete. See: /home/ubuntu/apps/election-app/win_prob/H/NC/11

$ /home/ubuntu/.venv/bin/python3 /home/ubuntu/apps/election-app/stats/8.py --root /home/ubuntu/apps/election-app/win_prob/H/NC/11/_work --outdir /home/ubuntu/apps/election-app/win_prob/H/NC/11
[info] root  = /home/ubuntu/apps/election-app/win_prob/H/NC/11/_work
[info] outdir= /home/ubuntu/apps/election-app/win_prob/H/NC/11
[deleted] /home/ubuntu/apps/election-app/win_prob/H/NC/11/_work/stats_with_statewide.csv
[deleted] /home/ubuntu/apps/election-app/win_prob/H/NC/11/_work/stats2_final_headers.csv
[deleted] /home/ubuntu/apps/election-app/win_prob/H/NC/11/_work/2024_county_results_with_final-old.csv
[deleted] /home/ubuntu/apps/election-app/win_prob/H/NC/11/_work/2024_county_results_with_final.csv
[deleted] /home/ubuntu/apps/election-app/win_prob/H/NC/11/_work/2024_county_results_with_final_1.csv
[deleted] /home/ubuntu/apps/election-app/win_prob/H/NC/11/_work/2024_county_results_with_calcs-old.csv
[deleted] /home/ubuntu/apps/election-app/win_prob/H/NC/11/_work/2024_county_results_with_calcs_new.csv
[deleted] /home/ubuntu/apps/election-app/win_prob/H/NC/11/_work/output_statewide_stats.csv
[skip]    /home/ubuntu/apps/election-app/win_prob/H/NC/11/_work/probs_timeseries_PA.csv
[deleted] /home/ubuntu/apps/election-app/win_prob/H/NC/11/_work/2024_county_results_with_calcs.csv
[skip]    /home/ubuntu/apps/election-app/win_prob/H/NC/11/data_output.csv
[skip]    /home/ubuntu/apps/election-app/win_prob/H/NC/11/data_output_with_margins_old.csv
[skip]    /home/ubuntu/apps/election-app/win_prob/H/NC/11/data_output_with_margins.csv
[skip]    /home/ubuntu/apps/election-app/win_prob/H/NC/11/data_output_with_margins-statewide.csv
[deleted] /home/ubuntu/apps/election-app/win_prob/H/NC/11/snapshots_NC.csv
[deleted] /home/ubuntu/apps/election-app/win_prob/H/NC/11/data_output_NC_with_margins_statewide_eevp.csv
[deleted] /home/ubuntu/apps/election-app/win_prob/H/NC/11/data_output_NC.csv
[deleted] /home/ubuntu/apps/election-app/win_prob/H/NC/11/data_output_NC_with_margins.csv
[deleted] /home/ubuntu/apps/election-app/win_prob/H/NC/11/data_output_NC.csv.checkpoint.json
[deleted] /home/ubuntu/apps/election-app/win_prob/H/NC/11/stats.csv
[deleted] /home/ubuntu/apps/election-app/win_prob/H/NC/11/stats2.csv
[done] removed 16 file(s)
[2026-01-25 18:17:22] INFO: [PIPELINE] args: office=H state=NC district=11
[2026-01-25 18:17:22] INFO: [PIPELINE] WINPROB_DIR resolved to: /home/ubuntu/apps/election-app/win_prob/H/NC/11
[2026-01-25 18:17:22] INFO: [PIPELINE] OUTDIR set to: /home/ubuntu/apps/election-app/win_prob/H/NC/11

$ /home/ubuntu/.venv/bin/python3 /home/ubuntu/apps/election-app/stats/1-statewide.py --input /home/ubuntu/apps/election-app/win_prob/H/NC/11/stats.csv --output /home/ubuntu/apps/election-app/win_prob/H/NC/11/_work/stats_with_statewide.csv
Wrote /home/ubuntu/apps/election-app/win_prob/H/NC/11/_work/stats_with_statewide.csv (rows=16)

$ /home/ubuntu/.venv/bin/python3 /home/ubuntu/apps/election-app/stats/1-stats-2.py --input /home/ubuntu/apps/election-app/win_prob/H/NC/11/stats2.csv --output /home/ubuntu/apps/election-app/win_prob/H/NC/11/_work/stats2_final_headers.csv
Wrote /home/ubuntu/apps/election-app/win_prob/H/NC/11/_work/stats2_final_headers.csv (rows=15)

$ /home/ubuntu/.venv/bin/python3 /home/ubuntu/apps/election-app/stats/1-append-new.py
[warn] stats/stats2 row+fips mismatch detected; will fill missing final_* with 10
Wrote 2024_county_results_with_final-old.csv (rows=16, missing_final_matches=2)

$ /home/ubuntu/.venv/bin/python3 /home/ubuntu/apps/election-app/stats/1-change_header.py
Wrote: 2024_county_results_with_final.csv

$ /home/ubuntu/.venv/bin/python3 /home/ubuntu/apps/election-app/stats/1-cut-zero-fips.py
Wrote: 2024_county_results_with_final_1.csv
Rows before: 16
Rows after:  16
Dropped (fips == 0): 0

$ /home/ubuntu/.venv/bin/python3 /home/ubuntu/apps/election-app/stats/2-calc.py
Wrote 16 rows with calculations to /home/ubuntu/apps/election-app/win_prob/H/NC/11/_work/2024_county_results_with_calcs-old.csv

$ /home/ubuntu/.venv/bin/python3 /home/ubuntu/apps/election-app/stats/2-eevp.py
Wrote (no-op copy): 2024_county_results_with_calcs.csv
Columns:
 - timestamp
 - state
 - county
 - fips
 - trump_votes
 - harris_votes
 - other_votes
 - eevp
 - state_eevp
 - harris_votes_statewide
 - trump_votes_statewide
 - other_votes_statewide
 - final_state
 - final_county
 - final_fips
 - final_trump_votes
 - final_harris_votes
 - final_other_votes
 - harris_percent_snapshot
 - trump_percent_snapshot
 - margin_snapshot
 - harris_percent_final
 - trump_percent_final
 - margin_final
 - margin_difference
 - margin_difference_abs

$ /home/ubuntu/.venv/bin/python3 /home/ubuntu/apps/election-app/stats/3-calc-new.py
Wrote 16 rows with new columns to /home/ubuntu/apps/election-app/win_prob/H/NC/11/_work/2024_county_results_with_calcs_new.csv

$ /home/ubuntu/.venv/bin/python3 /home/ubuntu/apps/election-app/stats/4-stats.py
Reading 2024_county_results_with_calcs_new.csv...
Aggregating statewide totals...
Calculating percentages and margins...
Writing to output_statewide_stats.csv...
Done!
[2026-01-25 18:17:32] INFO: [PIPELINE] ENTER win-prob generation | states=['NC'] ts_list=['2024-11-05T15-30-22']

============================================================================
[01/1] STATE = NC
============================================================================

$ /home/ubuntu/.venv/bin/python3 /home/ubuntu/apps/election-app/stats/5-snapshots.py --state NC --input /home/ubuntu/apps/election-app/win_prob/H/NC/11/_work/output_statewide_stats.csv --output /home/ubuntu/apps/election-app/win_prob/H/NC/11/snapshots_NC.csv --start 2024-11-05T15-30-22 --end 2024-11-05T15-30-22 --use-window 1 --interval 30
Mode: windowed-one-state
Rows written: 16
Distinct states in output: NC
Rows per normalized timestamp (empty = unparseable):
  2024-11-05T15-30-22: 16
Wrote /home/ubuntu/apps/election-app/win_prob/H/NC/11/snapshots_NC.csv

$ /home/ubuntu/.venv/bin/python3 /home/ubuntu/apps/election-app/stats/6-pval.py /home/ubuntu/apps/election-app/win_prob/H/NC/11/snapshots_NC.csv -t /home/ubuntu/apps/election-app/stats/parameters.csv -o /home/ubuntu/apps/election-app/win_prob/H/NC/11/data_output_NC.csv -c 50
Done. Wrote: /home/ubuntu/apps/election-app/win_prob/H/NC/11/data_output_NC.csv
Total rows: 16 (chunked, resumable).
Computed columns for PVALS = [0.01, 0.1, 1, 2, 3, 5, 10, 15, 20, 25, 30, 35, 40, 45, 50, 55, 60, 65, 70, 75, 80, 85, 90, 95, 97, 98, 99, 99.9, 99.99]
Per p (leader): shift_{p}, margin_new_{p}, harris_percent_new_{p}, trump_percent_new_{p}, total_snapshot_{p}, total_expected_{p}, harris_votes_new_{p}, trump_votes_new_{p}
Per p (trailing): shift_trailing_{p}, margin_new_{p}_trailing, harris_percent_new_{p}_trailing, trump_percent_new_{p}_trailing, total_snapshot_{p}_trailing, total_expected_{p}_trailing, harris_votes_new_{p}_trailing, trump_votes_new_{p}_trailing
Checkpoint saved at: /home/ubuntu/apps/election-app/win_prob/H/NC/11/data_output_NC.csv.checkpoint.json

$ /home/ubuntu/.venv/bin/python3 /home/ubuntu/apps/election-app/stats/7-margin-new.py
Wrote data_output_with_margins_old.csv

$ /home/ubuntu/.venv/bin/python3 /home/ubuntu/apps/election-app/stats/7-eevp-statewide.py
Wrote data_output_with_margins.csv (copied from data_output_with_margins_old.csv)

$ /home/ubuntu/.venv/bin/python3 /home/ubuntu/apps/election-app/stats/7.py --input /home/ubuntu/apps/election-app/win_prob/H/NC/11/data_output_NC_with_margins_statewide_eevp.csv --output /home/ubuntu/apps/election-app/win_prob/H/NC/11/statewide_margin_pct_vs_percent_NC_2026.png --state NC --start 2024-11-05T15-30-22 --end 2024-11-05T15-30-22 --stats /home/ubuntu/apps/election-app/win_prob/H/NC/11/stats.csv --stats2 /home/ubuntu/apps/election-app/win_prob/H/NC/11/stats2.csv --interval 30 --year 2026 --jsonl /home/ubuntu/apps/election-app/win_prob/H/NC/11/plotdata_NC_2026_2026-01-25T18-17-22.jsonl
[warn] stats/stats2 FIPS mismatch for state=NC; will apply penalty_pts=100 only if %nodata>0
[info] evaluating 1 timestamps from 2024-11-05T15-30-22 to 2024-11-05T15-30-22 every 30 minutes
[saved] probs_timeseries_NC.csv  (1 points)
[saved] /home/ubuntu/apps/election-app/win_prob/H/NC/11/plotdata_NC_2026_2026-01-25T18-17-22.jsonl  (4 points)
[saved] /home/ubuntu/apps/election-app/win_prob/H/NC/11/statewide_margin_pct_vs_percent_NC_2026_box.json
[saved] /home/ubuntu/apps/election-app/win_prob/H/NC/11/statewide_margin_pct_vs_percent_NC_2026_box.png
[saved] /home/ubuntu/apps/election-app/win_prob/H/NC/11/statewide_margin_pct_vs_percent_NC_2026.png

All 50 states complete. See: /home/ubuntu/apps/election-app/win_prob/H/NC/11

$ /home/ubuntu/.venv/bin/python3 /home/ubuntu/apps/election-app/stats/8.py --root /home/ubuntu/apps/election-app/win_prob/H/NC/11/_work --outdir /home/ubuntu/apps/election-app/win_prob/H/NC/11
[info] root  = /home/ubuntu/apps/election-app/win_prob/H/NC/11/_work
[info] outdir= /home/ubuntu/apps/election-app/win_prob/H/NC/11
[deleted] /home/ubuntu/apps/election-app/win_prob/H/NC/11/_work/stats_with_statewide.csv
[deleted] /home/ubuntu/apps/election-app/win_prob/H/NC/11/_work/stats2_final_headers.csv
[deleted] /home/ubuntu/apps/election-app/win_prob/H/NC/11/_work/2024_county_results_with_final-old.csv
[deleted] /home/ubuntu/apps/election-app/win_prob/H/NC/11/_work/2024_county_results_with_final.csv
[deleted] /home/ubuntu/apps/election-app/win_prob/H/NC/11/_work/2024_county_results_with_final_1.csv
[deleted] /home/ubuntu/apps/election-app/win_prob/H/NC/11/_work/2024_county_results_with_calcs-old.csv
[deleted] /home/ubuntu/apps/election-app/win_prob/H/NC/11/_work/2024_county_results_with_calcs_new.csv
[deleted] /home/ubuntu/apps/election-app/win_prob/H/NC/11/_work/output_statewide_stats.csv
[skip]    /home/ubuntu/apps/election-app/win_prob/H/NC/11/_work/probs_timeseries_PA.csv
[deleted] /home/ubuntu/apps/election-app/win_prob/H/NC/11/_work/2024_county_results_with_calcs.csv
[skip]    /home/ubuntu/apps/election-app/win_prob/H/NC/11/data_output.csv
[skip]    /home/ubuntu/apps/election-app/win_prob/H/NC/11/data_output_with_margins_old.csv
[skip]    /home/ubuntu/apps/election-app/win_prob/H/NC/11/data_output_with_margins.csv
[skip]    /home/ubuntu/apps/election-app/win_prob/H/NC/11/data_output_with_margins-statewide.csv
[deleted] /home/ubuntu/apps/election-app/win_prob/H/NC/11/snapshots_NC.csv
[deleted] /home/ubuntu/apps/election-app/win_prob/H/NC/11/data_output_NC_with_margins_statewide_eevp.csv
[deleted] /home/ubuntu/apps/election-app/win_prob/H/NC/11/data_output_NC.csv
[deleted] /home/ubuntu/apps/election-app/win_prob/H/NC/11/data_output_NC_with_margins.csv
[deleted] /home/ubuntu/apps/election-app/win_prob/H/NC/11/data_output_NC.csv.checkpoint.json
[deleted] /home/ubuntu/apps/election-app/win_prob/H/NC/11/stats.csv
[deleted] /home/ubuntu/apps/election-app/win_prob/H/NC/11/stats2.csv
[done] removed 16 file(s)
[2026-01-25 18:37:48] INFO: [PIPELINE] args: office=H state=NC district=11
[2026-01-25 18:37:48] INFO: [PIPELINE] WINPROB_DIR resolved to: /home/ubuntu/apps/election-app/win_prob/H/NC/11
[2026-01-25 18:37:48] INFO: [PIPELINE] OUTDIR set to: /home/ubuntu/apps/election-app/win_prob/H/NC/11

$ /home/ubuntu/.venv/bin/python3 /home/ubuntu/apps/election-app/stats/1-statewide.py --input /home/ubuntu/apps/election-app/win_prob/H/NC/11/stats.csv --output /home/ubuntu/apps/election-app/win_prob/H/NC/11/_work/stats_with_statewide.csv
Wrote /home/ubuntu/apps/election-app/win_prob/H/NC/11/_work/stats_with_statewide.csv (rows=16)

$ /home/ubuntu/.venv/bin/python3 /home/ubuntu/apps/election-app/stats/1-stats-2.py --input /home/ubuntu/apps/election-app/win_prob/H/NC/11/stats2.csv --output /home/ubuntu/apps/election-app/win_prob/H/NC/11/_work/stats2_final_headers.csv
Wrote /home/ubuntu/apps/election-app/win_prob/H/NC/11/_work/stats2_final_headers.csv (rows=15)

$ /home/ubuntu/.venv/bin/python3 /home/ubuntu/apps/election-app/stats/1-append-new.py
[warn] stats/stats2 row+fips mismatch detected; will fill missing final_* with 10
Wrote 2024_county_results_with_final-old.csv (rows=16, missing_final_matches=2)

$ /home/ubuntu/.venv/bin/python3 /home/ubuntu/apps/election-app/stats/1-change_header.py
Wrote: 2024_county_results_with_final.csv

$ /home/ubuntu/.venv/bin/python3 /home/ubuntu/apps/election-app/stats/1-cut-zero-fips.py
Wrote: 2024_county_results_with_final_1.csv
Rows before: 16
Rows after:  16
Dropped (fips == 0): 0

$ /home/ubuntu/.venv/bin/python3 /home/ubuntu/apps/election-app/stats/2-calc.py
Wrote 16 rows with calculations to /home/ubuntu/apps/election-app/win_prob/H/NC/11/_work/2024_county_results_with_calcs-old.csv

$ /home/ubuntu/.venv/bin/python3 /home/ubuntu/apps/election-app/stats/2-eevp.py
Wrote (no-op copy): 2024_county_results_with_calcs.csv
Columns:
 - timestamp
 - state
 - county
 - fips
 - trump_votes
 - harris_votes
 - other_votes
 - eevp
 - state_eevp
 - harris_votes_statewide
 - trump_votes_statewide
 - other_votes_statewide
 - final_state
 - final_county
 - final_fips
 - final_trump_votes
 - final_harris_votes
 - final_other_votes
 - harris_percent_snapshot
 - trump_percent_snapshot
 - margin_snapshot
 - harris_percent_final
 - trump_percent_final
 - margin_final
 - margin_difference
 - margin_difference_abs

$ /home/ubuntu/.venv/bin/python3 /home/ubuntu/apps/election-app/stats/3-calc-new.py
Wrote 16 rows with new columns to /home/ubuntu/apps/election-app/win_prob/H/NC/11/_work/2024_county_results_with_calcs_new.csv

$ /home/ubuntu/.venv/bin/python3 /home/ubuntu/apps/election-app/stats/4-stats.py
Reading 2024_county_results_with_calcs_new.csv...
Aggregating statewide totals...
Calculating percentages and margins...
Writing to output_statewide_stats.csv...
Done!
[2026-01-25 18:37:57] INFO: [PIPELINE] ENTER win-prob generation | states=['NC'] ts_list=['2024-11-05T15-30-22']

============================================================================
[01/1] STATE = NC
============================================================================

$ /home/ubuntu/.venv/bin/python3 /home/ubuntu/apps/election-app/stats/5-snapshots.py --state NC --input /home/ubuntu/apps/election-app/win_prob/H/NC/11/_work/output_statewide_stats.csv --output /home/ubuntu/apps/election-app/win_prob/H/NC/11/snapshots_NC.csv --start 2024-11-05T15-30-22 --end 2024-11-05T15-30-22 --use-window 1 --interval 30
Mode: windowed-one-state
Rows written: 16
Distinct states in output: NC
Rows per normalized timestamp (empty = unparseable):
  2024-11-05T15-30-22: 16
Wrote /home/ubuntu/apps/election-app/win_prob/H/NC/11/snapshots_NC.csv

$ /home/ubuntu/.venv/bin/python3 /home/ubuntu/apps/election-app/stats/6-pval.py /home/ubuntu/apps/election-app/win_prob/H/NC/11/snapshots_NC.csv -t /home/ubuntu/apps/election-app/stats/parameters.csv -o /home/ubuntu/apps/election-app/win_prob/H/NC/11/data_output_NC.csv -c 50
Done. Wrote: /home/ubuntu/apps/election-app/win_prob/H/NC/11/data_output_NC.csv
Total rows: 16 (chunked, resumable).
Computed columns for PVALS = [0.01, 0.1, 1, 2, 3, 5, 10, 15, 20, 25, 30, 35, 40, 45, 50, 55, 60, 65, 70, 75, 80, 85, 90, 95, 97, 98, 99, 99.9, 99.99]
Per p (leader): shift_{p}, margin_new_{p}, harris_percent_new_{p}, trump_percent_new_{p}, total_snapshot_{p}, total_expected_{p}, harris_votes_new_{p}, trump_votes_new_{p}
Per p (trailing): shift_trailing_{p}, margin_new_{p}_trailing, harris_percent_new_{p}_trailing, trump_percent_new_{p}_trailing, total_snapshot_{p}_trailing, total_expected_{p}_trailing, harris_votes_new_{p}_trailing, trump_votes_new_{p}_trailing
Checkpoint saved at: /home/ubuntu/apps/election-app/win_prob/H/NC/11/data_output_NC.csv.checkpoint.json

$ /home/ubuntu/.venv/bin/python3 /home/ubuntu/apps/election-app/stats/7-margin-new.py
Wrote data_output_with_margins_old.csv

$ /home/ubuntu/.venv/bin/python3 /home/ubuntu/apps/election-app/stats/7-eevp-statewide.py
Wrote data_output_with_margins.csv (copied from data_output_with_margins_old.csv)

$ /home/ubuntu/.venv/bin/python3 /home/ubuntu/apps/election-app/stats/7.py --input /home/ubuntu/apps/election-app/win_prob/H/NC/11/data_output_NC_with_margins_statewide_eevp.csv --output /home/ubuntu/apps/election-app/win_prob/H/NC/11/statewide_margin_pct_vs_percent_NC_2026.png --state NC --start 2024-11-05T15-30-22 --end 2024-11-05T15-30-22 --stats /home/ubuntu/apps/election-app/win_prob/H/NC/11/stats.csv --stats2 /home/ubuntu/apps/election-app/win_prob/H/NC/11/stats2.csv --interval 30 --year 2026 --jsonl /home/ubuntu/apps/election-app/win_prob/H/NC/11/plotdata_NC_2026_2026-01-25T18-37-48.jsonl
[warn] stats/stats2 FIPS mismatch for state=NC; will apply penalty_pts=100 only if %nodata>0
[info] evaluating 1 timestamps from 2024-11-05T15-30-22 to 2024-11-05T15-30-22 every 30 minutes
[saved] probs_timeseries_NC.csv  (1 points)
[saved] /home/ubuntu/apps/election-app/win_prob/H/NC/11/plotdata_NC_2026_2026-01-25T18-37-48.jsonl  (4 points)
[saved] /home/ubuntu/apps/election-app/win_prob/H/NC/11/statewide_margin_pct_vs_percent_NC_2026_box.json
[saved] /home/ubuntu/apps/election-app/win_prob/H/NC/11/statewide_margin_pct_vs_percent_NC_2026_box.png
[saved] /home/ubuntu/apps/election-app/win_prob/H/NC/11/statewide_margin_pct_vs_percent_NC_2026.png

All 50 states complete. See: /home/ubuntu/apps/election-app/win_prob/H/NC/11

$ /home/ubuntu/.venv/bin/python3 /home/ubuntu/apps/election-app/stats/8.py --root /home/ubuntu/apps/election-app/win_prob/H/NC/11/_work --outdir /home/ubuntu/apps/election-app/win_prob/H/NC/11
[info] root  = /home/ubuntu/apps/election-app/win_prob/H/NC/11/_work
[info] outdir= /home/ubuntu/apps/election-app/win_prob/H/NC/11
[deleted] /home/ubuntu/apps/election-app/win_prob/H/NC/11/_work/stats_with_statewide.csv
[deleted] /home/ubuntu/apps/election-app/win_prob/H/NC/11/_work/stats2_final_headers.csv
[deleted] /home/ubuntu/apps/election-app/win_prob/H/NC/11/_work/2024_county_results_with_final-old.csv
[deleted] /home/ubuntu/apps/election-app/win_prob/H/NC/11/_work/2024_county_results_with_final.csv
[deleted] /home/ubuntu/apps/election-app/win_prob/H/NC/11/_work/2024_county_results_with_final_1.csv
[deleted] /home/ubuntu/apps/election-app/win_prob/H/NC/11/_work/2024_county_results_with_calcs-old.csv
[deleted] /home/ubuntu/apps/election-app/win_prob/H/NC/11/_work/2024_county_results_with_calcs_new.csv
[deleted] /home/ubuntu/apps/election-app/win_prob/H/NC/11/_work/output_statewide_stats.csv
[skip]    /home/ubuntu/apps/election-app/win_prob/H/NC/11/_work/probs_timeseries_PA.csv
[deleted] /home/ubuntu/apps/election-app/win_prob/H/NC/11/_work/2024_county_results_with_calcs.csv
[skip]    /home/ubuntu/apps/election-app/win_prob/H/NC/11/data_output.csv
[skip]    /home/ubuntu/apps/election-app/win_prob/H/NC/11/data_output_with_margins_old.csv
[skip]    /home/ubuntu/apps/election-app/win_prob/H/NC/11/data_output_with_margins.csv
[skip]    /home/ubuntu/apps/election-app/win_prob/H/NC/11/data_output_with_margins-statewide.csv
[deleted] /home/ubuntu/apps/election-app/win_prob/H/NC/11/snapshots_NC.csv
[deleted] /home/ubuntu/apps/election-app/win_prob/H/NC/11/data_output_NC_with_margins_statewide_eevp.csv
[deleted] /home/ubuntu/apps/election-app/win_prob/H/NC/11/data_output_NC.csv
[deleted] /home/ubuntu/apps/election-app/win_prob/H/NC/11/data_output_NC_with_margins.csv
[deleted] /home/ubuntu/apps/election-app/win_prob/H/NC/11/data_output_NC.csv.checkpoint.json
[deleted] /home/ubuntu/apps/election-app/win_prob/H/NC/11/stats.csv
[deleted] /home/ubuntu/apps/election-app/win_prob/H/NC/11/stats2.csv
[done] removed 16 file(s)
[2026-01-25 18:45:33] INFO: [PIPELINE] args: office=H state=NC district=11
[2026-01-25 18:45:33] INFO: [PIPELINE] WINPROB_DIR resolved to: /home/ubuntu/apps/election-app/win_prob/H/NC/11
[2026-01-25 18:45:33] INFO: [PIPELINE] OUTDIR set to: /home/ubuntu/apps/election-app/win_prob/H/NC/11

$ /home/ubuntu/.venv/bin/python3 /home/ubuntu/apps/election-app/stats/1-statewide.py --input /home/ubuntu/apps/election-app/win_prob/H/NC/11/stats.csv --output /home/ubuntu/apps/election-app/win_prob/H/NC/11/_work/stats_with_statewide.csv
Wrote /home/ubuntu/apps/election-app/win_prob/H/NC/11/_work/stats_with_statewide.csv (rows=16)

$ /home/ubuntu/.venv/bin/python3 /home/ubuntu/apps/election-app/stats/1-stats-2.py --input /home/ubuntu/apps/election-app/win_prob/H/NC/11/stats2.csv --output /home/ubuntu/apps/election-app/win_prob/H/NC/11/_work/stats2_final_headers.csv
Wrote /home/ubuntu/apps/election-app/win_prob/H/NC/11/_work/stats2_final_headers.csv (rows=15)

$ /home/ubuntu/.venv/bin/python3 /home/ubuntu/apps/election-app/stats/1-append-new.py
[warn] stats/stats2 row+fips mismatch detected; will fill missing final_* with 10
Wrote 2024_county_results_with_final-old.csv (rows=16, missing_final_matches=2)

$ /home/ubuntu/.venv/bin/python3 /home/ubuntu/apps/election-app/stats/1-change_header.py
Wrote: 2024_county_results_with_final.csv

$ /home/ubuntu/.venv/bin/python3 /home/ubuntu/apps/election-app/stats/1-cut-zero-fips.py
Wrote: 2024_county_results_with_final_1.csv
Rows before: 16
Rows after:  16
Dropped (fips == 0): 0

$ /home/ubuntu/.venv/bin/python3 /home/ubuntu/apps/election-app/stats/2-calc.py
Wrote 16 rows with calculations to /home/ubuntu/apps/election-app/win_prob/H/NC/11/_work/2024_county_results_with_calcs-old.csv

$ /home/ubuntu/.venv/bin/python3 /home/ubuntu/apps/election-app/stats/2-eevp.py
Wrote (no-op copy): 2024_county_results_with_calcs.csv
Columns:
 - timestamp
 - state
 - county
 - fips
 - trump_votes
 - harris_votes
 - other_votes
 - eevp
 - state_eevp
 - harris_votes_statewide
 - trump_votes_statewide
 - other_votes_statewide
 - final_state
 - final_county
 - final_fips
 - final_trump_votes
 - final_harris_votes
 - final_other_votes
 - harris_percent_snapshot
 - trump_percent_snapshot
 - margin_snapshot
 - harris_percent_final
 - trump_percent_final
 - margin_final
 - margin_difference
 - margin_difference_abs

$ /home/ubuntu/.venv/bin/python3 /home/ubuntu/apps/election-app/stats/3-calc-new.py
Wrote 16 rows with new columns to /home/ubuntu/apps/election-app/win_prob/H/NC/11/_work/2024_county_results_with_calcs_new.csv

$ /home/ubuntu/.venv/bin/python3 /home/ubuntu/apps/election-app/stats/4-stats.py
Reading 2024_county_results_with_calcs_new.csv...
Aggregating statewide totals...
Calculating percentages and margins...
Writing to output_statewide_stats.csv...
Done!
[2026-01-25 18:45:43] INFO: [PIPELINE] ENTER win-prob generation | states=['NC'] ts_list=['2024-11-05T15-30-22']

============================================================================
[01/1] STATE = NC
============================================================================

$ /home/ubuntu/.venv/bin/python3 /home/ubuntu/apps/election-app/stats/5-snapshots.py --state NC --input /home/ubuntu/apps/election-app/win_prob/H/NC/11/_work/output_statewide_stats.csv --output /home/ubuntu/apps/election-app/win_prob/H/NC/11/snapshots_NC.csv --start 2024-11-05T15-30-22 --end 2024-11-05T15-30-22 --use-window 1 --interval 30
Mode: windowed-one-state
Rows written: 16
Distinct states in output: NC
Rows per normalized timestamp (empty = unparseable):
  2024-11-05T15-30-22: 16
Wrote /home/ubuntu/apps/election-app/win_prob/H/NC/11/snapshots_NC.csv

$ /home/ubuntu/.venv/bin/python3 /home/ubuntu/apps/election-app/stats/6-pval.py /home/ubuntu/apps/election-app/win_prob/H/NC/11/snapshots_NC.csv -t /home/ubuntu/apps/election-app/stats/parameters.csv -o /home/ubuntu/apps/election-app/win_prob/H/NC/11/data_output_NC.csv -c 50
Done. Wrote: /home/ubuntu/apps/election-app/win_prob/H/NC/11/data_output_NC.csv
Total rows: 16 (chunked, resumable).
Computed columns for PVALS = [0.01, 0.1, 1, 2, 3, 5, 10, 15, 20, 25, 30, 35, 40, 45, 50, 55, 60, 65, 70, 75, 80, 85, 90, 95, 97, 98, 99, 99.9, 99.99]
Per p (leader): shift_{p}, margin_new_{p}, harris_percent_new_{p}, trump_percent_new_{p}, total_snapshot_{p}, total_expected_{p}, harris_votes_new_{p}, trump_votes_new_{p}
Per p (trailing): shift_trailing_{p}, margin_new_{p}_trailing, harris_percent_new_{p}_trailing, trump_percent_new_{p}_trailing, total_snapshot_{p}_trailing, total_expected_{p}_trailing, harris_votes_new_{p}_trailing, trump_votes_new_{p}_trailing
Checkpoint saved at: /home/ubuntu/apps/election-app/win_prob/H/NC/11/data_output_NC.csv.checkpoint.json

$ /home/ubuntu/.venv/bin/python3 /home/ubuntu/apps/election-app/stats/7-margin-new.py
Wrote data_output_with_margins_old.csv

$ /home/ubuntu/.venv/bin/python3 /home/ubuntu/apps/election-app/stats/7-eevp-statewide.py
Wrote data_output_with_margins.csv (copied from data_output_with_margins_old.csv)

$ /home/ubuntu/.venv/bin/python3 /home/ubuntu/apps/election-app/stats/7.py --input /home/ubuntu/apps/election-app/win_prob/H/NC/11/data_output_NC_with_margins_statewide_eevp.csv --output /home/ubuntu/apps/election-app/win_prob/H/NC/11/statewide_margin_pct_vs_percent_NC_2026.png --state NC --start 2024-11-05T15-30-22 --end 2024-11-05T15-30-22 --stats /home/ubuntu/apps/election-app/win_prob/H/NC/11/stats.csv --stats2 /home/ubuntu/apps/election-app/win_prob/H/NC/11/stats2.csv --interval 30 --year 2026 --jsonl /home/ubuntu/apps/election-app/win_prob/H/NC/11/plotdata_NC_2026_2026-01-25T18-45-33.jsonl
[warn] stats/stats2 FIPS mismatch for state=NC; will apply penalty_pts=100 only if %nodata>0
[info] evaluating 1 timestamps from 2024-11-05T15-30-22 to 2024-11-05T15-30-22 every 30 minutes
[saved] probs_timeseries_NC.csv  (1 points)
[saved] /home/ubuntu/apps/election-app/win_prob/H/NC/11/plotdata_NC_2026_2026-01-25T18-45-33.jsonl  (4 points)
[saved] /home/ubuntu/apps/election-app/win_prob/H/NC/11/statewide_margin_pct_vs_percent_NC_2026_box.json
[saved] /home/ubuntu/apps/election-app/win_prob/H/NC/11/statewide_margin_pct_vs_percent_NC_2026_box.png
[saved] /home/ubuntu/apps/election-app/win_prob/H/NC/11/statewide_margin_pct_vs_percent_NC_2026.png

All 50 states complete. See: /home/ubuntu/apps/election-app/win_prob/H/NC/11

$ /home/ubuntu/.venv/bin/python3 /home/ubuntu/apps/election-app/stats/8.py --root /home/ubuntu/apps/election-app/win_prob/H/NC/11/_work --outdir /home/ubuntu/apps/election-app/win_prob/H/NC/11
[info] root  = /home/ubuntu/apps/election-app/win_prob/H/NC/11/_work
[info] outdir= /home/ubuntu/apps/election-app/win_prob/H/NC/11
[deleted] /home/ubuntu/apps/election-app/win_prob/H/NC/11/_work/stats_with_statewide.csv
[deleted] /home/ubuntu/apps/election-app/win_prob/H/NC/11/_work/stats2_final_headers.csv
[deleted] /home/ubuntu/apps/election-app/win_prob/H/NC/11/_work/2024_county_results_with_final-old.csv
[deleted] /home/ubuntu/apps/election-app/win_prob/H/NC/11/_work/2024_county_results_with_final.csv
[deleted] /home/ubuntu/apps/election-app/win_prob/H/NC/11/_work/2024_county_results_with_final_1.csv
[deleted] /home/ubuntu/apps/election-app/win_prob/H/NC/11/_work/2024_county_results_with_calcs-old.csv
[deleted] /home/ubuntu/apps/election-app/win_prob/H/NC/11/_work/2024_county_results_with_calcs_new.csv
[deleted] /home/ubuntu/apps/election-app/win_prob/H/NC/11/_work/output_statewide_stats.csv
[skip]    /home/ubuntu/apps/election-app/win_prob/H/NC/11/_work/probs_timeseries_PA.csv
[deleted] /home/ubuntu/apps/election-app/win_prob/H/NC/11/_work/2024_county_results_with_calcs.csv
[skip]    /home/ubuntu/apps/election-app/win_prob/H/NC/11/data_output.csv
[skip]    /home/ubuntu/apps/election-app/win_prob/H/NC/11/data_output_with_margins_old.csv
[skip]    /home/ubuntu/apps/election-app/win_prob/H/NC/11/data_output_with_margins.csv
[skip]    /home/ubuntu/apps/election-app/win_prob/H/NC/11/data_output_with_margins-statewide.csv
[deleted] /home/ubuntu/apps/election-app/win_prob/H/NC/11/snapshots_NC.csv
[deleted] /home/ubuntu/apps/election-app/win_prob/H/NC/11/data_output_NC_with_margins_statewide_eevp.csv
[deleted] /home/ubuntu/apps/election-app/win_prob/H/NC/11/data_output_NC.csv
[deleted] /home/ubuntu/apps/election-app/win_prob/H/NC/11/data_output_NC_with_margins.csv
[deleted] /home/ubuntu/apps/election-app/win_prob/H/NC/11/data_output_NC.csv.checkpoint.json
[deleted] /home/ubuntu/apps/election-app/win_prob/H/NC/11/stats.csv
[deleted] /home/ubuntu/apps/election-app/win_prob/H/NC/11/stats2.csv
[done] removed 16 file(s)
[2026-02-04 17:34:40] INFO: [PIPELINE] args: office=H state=NC district=11
[2026-02-04 17:34:40] INFO: [PIPELINE] WINPROB_DIR resolved to: /home/ubuntu/apps/election-app/win_prob/H/NC/11
[2026-02-04 17:34:40] INFO: [PIPELINE] OUTDIR set to: /home/ubuntu/apps/election-app/win_prob/H/NC/11

$ /home/ubuntu/.venv/bin/python3 /home/ubuntu/apps/election-app/stats/1-statewide.py --input /home/ubuntu/apps/election-app/win_prob/H/NC/11/stats.csv --output /home/ubuntu/apps/election-app/win_prob/H/NC/11/_work/stats_with_statewide.csv
Wrote /home/ubuntu/apps/election-app/win_prob/H/NC/11/_work/stats_with_statewide.csv (rows=16)

$ /home/ubuntu/.venv/bin/python3 /home/ubuntu/apps/election-app/stats/1-stats-2.py --input /home/ubuntu/apps/election-app/win_prob/H/NC/11/stats2.csv --output /home/ubuntu/apps/election-app/win_prob/H/NC/11/_work/stats2_final_headers.csv
Wrote /home/ubuntu/apps/election-app/win_prob/H/NC/11/_work/stats2_final_headers.csv (rows=15)

$ /home/ubuntu/.venv/bin/python3 /home/ubuntu/apps/election-app/stats/1-append-new.py
[warn] stats/stats2 row+fips mismatch detected; will fill missing final_* with 10
Wrote 2024_county_results_with_final-old.csv (rows=16, missing_final_matches=2)

$ /home/ubuntu/.venv/bin/python3 /home/ubuntu/apps/election-app/stats/1-change_header.py
Wrote: 2024_county_results_with_final.csv

$ /home/ubuntu/.venv/bin/python3 /home/ubuntu/apps/election-app/stats/1-cut-zero-fips.py
Wrote: 2024_county_results_with_final_1.csv
Rows before: 16
Rows after:  16
Dropped (fips == 0): 0

$ /home/ubuntu/.venv/bin/python3 /home/ubuntu/apps/election-app/stats/2-calc.py
Wrote 16 rows with calculations to /home/ubuntu/apps/election-app/win_prob/H/NC/11/_work/2024_county_results_with_calcs-old.csv

$ /home/ubuntu/.venv/bin/python3 /home/ubuntu/apps/election-app/stats/2-eevp.py
Wrote (no-op copy): 2024_county_results_with_calcs.csv
Columns:
 - timestamp
 - state
 - county
 - fips
 - trump_votes
 - harris_votes
 - other_votes
 - eevp
 - state_eevp
 - harris_votes_statewide
 - trump_votes_statewide
 - other_votes_statewide
 - final_state
 - final_county
 - final_fips
 - final_trump_votes
 - final_harris_votes
 - final_other_votes
 - harris_percent_snapshot
 - trump_percent_snapshot
 - margin_snapshot
 - harris_percent_final
 - trump_percent_final
 - margin_final
 - margin_difference
 - margin_difference_abs

$ /home/ubuntu/.venv/bin/python3 /home/ubuntu/apps/election-app/stats/3-calc-new.py
Wrote 16 rows with new columns to /home/ubuntu/apps/election-app/win_prob/H/NC/11/_work/2024_county_results_with_calcs_new.csv

$ /home/ubuntu/.venv/bin/python3 /home/ubuntu/apps/election-app/stats/4-stats.py
Reading 2024_county_results_with_calcs_new.csv...
Aggregating statewide totals...
Calculating percentages and margins...
Writing to output_statewide_stats.csv...
Done!
[2026-02-04 17:34:50] INFO: [PIPELINE] ENTER win-prob generation | states=['NC'] ts_list=['2024-11-05T15-30-22']

============================================================================
[01/1] STATE = NC
============================================================================

$ /home/ubuntu/.venv/bin/python3 /home/ubuntu/apps/election-app/stats/5-snapshots.py --state NC --input /home/ubuntu/apps/election-app/win_prob/H/NC/11/_work/output_statewide_stats.csv --output /home/ubuntu/apps/election-app/win_prob/H/NC/11/snapshots_NC.csv --start 2024-11-05T15-30-22 --end 2024-11-05T15-30-22 --use-window 1 --interval 30
Mode: windowed-one-state
Rows written: 16
Distinct states in output: NC
Rows per normalized timestamp (empty = unparseable):
  2024-11-05T15-30-22: 16
Wrote /home/ubuntu/apps/election-app/win_prob/H/NC/11/snapshots_NC.csv

$ /home/ubuntu/.venv/bin/python3 /home/ubuntu/apps/election-app/stats/6-pval.py /home/ubuntu/apps/election-app/win_prob/H/NC/11/snapshots_NC.csv -t /home/ubuntu/apps/election-app/stats/parameters.csv -o /home/ubuntu/apps/election-app/win_prob/H/NC/11/data_output_NC.csv -c 50
Done. Wrote: /home/ubuntu/apps/election-app/win_prob/H/NC/11/data_output_NC.csv
Total rows: 16 (chunked, resumable).
Computed columns for PVALS = [0.01, 0.1, 1, 2, 3, 5, 10, 15, 20, 25, 30, 35, 40, 45, 50, 55, 60, 65, 70, 75, 80, 85, 90, 95, 97, 98, 99, 99.9, 99.99]
Per p (leader): shift_{p}, margin_new_{p}, harris_percent_new_{p}, trump_percent_new_{p}, total_snapshot_{p}, total_expected_{p}, harris_votes_new_{p}, trump_votes_new_{p}
Per p (trailing): shift_trailing_{p}, margin_new_{p}_trailing, harris_percent_new_{p}_trailing, trump_percent_new_{p}_trailing, total_snapshot_{p}_trailing, total_expected_{p}_trailing, harris_votes_new_{p}_trailing, trump_votes_new_{p}_trailing
Checkpoint saved at: /home/ubuntu/apps/election-app/win_prob/H/NC/11/data_output_NC.csv.checkpoint.json

$ /home/ubuntu/.venv/bin/python3 /home/ubuntu/apps/election-app/stats/7-margin-new.py
Wrote data_output_with_margins_old.csv

$ /home/ubuntu/.venv/bin/python3 /home/ubuntu/apps/election-app/stats/7-eevp-statewide.py
Wrote data_output_with_margins.csv (copied from data_output_with_margins_old.csv)

$ /home/ubuntu/.venv/bin/python3 /home/ubuntu/apps/election-app/stats/7.py --input /home/ubuntu/apps/election-app/win_prob/H/NC/11/data_output_NC_with_margins_statewide_eevp.csv --output /home/ubuntu/apps/election-app/win_prob/H/NC/11/statewide_margin_pct_vs_percent_NC_2026.png --state NC --start 2024-11-05T15-30-22 --end 2024-11-05T15-30-22 --stats /home/ubuntu/apps/election-app/win_prob/H/NC/11/stats.csv --stats2 /home/ubuntu/apps/election-app/win_prob/H/NC/11/stats2.csv --interval 30 --year 2026 --jsonl /home/ubuntu/apps/election-app/win_prob/H/NC/11/plotdata_NC_2026_2026-02-04T17-34-40.jsonl
[warn] stats/stats2 FIPS mismatch for state=NC; will apply penalty_pts=100 only if %nodata>0
[info] evaluating 1 timestamps from 2024-11-05T15-30-22 to 2024-11-05T15-30-22 every 30 minutes
[saved] probs_timeseries_NC.csv  (1 points)
[saved] /home/ubuntu/apps/election-app/win_prob/H/NC/11/plotdata_NC_2026_2026-02-04T17-34-40.jsonl  (4 points)
[saved] /home/ubuntu/apps/election-app/win_prob/H/NC/11/statewide_margin_pct_vs_percent_NC_2026_box.json
[saved] /home/ubuntu/apps/election-app/win_prob/H/NC/11/statewide_margin_pct_vs_percent_NC_2026_box.png
[saved] /home/ubuntu/apps/election-app/win_prob/H/NC/11/statewide_margin_pct_vs_percent_NC_2026.png

All 50 states complete. See: /home/ubuntu/apps/election-app/win_prob/H/NC/11

$ /home/ubuntu/.venv/bin/python3 /home/ubuntu/apps/election-app/stats/8.py --root /home/ubuntu/apps/election-app/win_prob/H/NC/11/_work --outdir /home/ubuntu/apps/election-app/win_prob/H/NC/11
[info] root  = /home/ubuntu/apps/election-app/win_prob/H/NC/11/_work
[info] outdir= /home/ubuntu/apps/election-app/win_prob/H/NC/11
[deleted] /home/ubuntu/apps/election-app/win_prob/H/NC/11/_work/stats_with_statewide.csv
[deleted] /home/ubuntu/apps/election-app/win_prob/H/NC/11/_work/stats2_final_headers.csv
[deleted] /home/ubuntu/apps/election-app/win_prob/H/NC/11/_work/2024_county_results_with_final-old.csv
[deleted] /home/ubuntu/apps/election-app/win_prob/H/NC/11/_work/2024_county_results_with_final.csv
[deleted] /home/ubuntu/apps/election-app/win_prob/H/NC/11/_work/2024_county_results_with_final_1.csv
[deleted] /home/ubuntu/apps/election-app/win_prob/H/NC/11/_work/2024_county_results_with_calcs-old.csv
[deleted] /home/ubuntu/apps/election-app/win_prob/H/NC/11/_work/2024_county_results_with_calcs_new.csv
[deleted] /home/ubuntu/apps/election-app/win_prob/H/NC/11/_work/output_statewide_stats.csv
[skip]    /home/ubuntu/apps/election-app/win_prob/H/NC/11/_work/probs_timeseries_PA.csv
[deleted] /home/ubuntu/apps/election-app/win_prob/H/NC/11/_work/2024_county_results_with_calcs.csv
[skip]    /home/ubuntu/apps/election-app/win_prob/H/NC/11/data_output.csv
[skip]    /home/ubuntu/apps/election-app/win_prob/H/NC/11/data_output_with_margins_old.csv
[skip]    /home/ubuntu/apps/election-app/win_prob/H/NC/11/data_output_with_margins.csv
[skip]    /home/ubuntu/apps/election-app/win_prob/H/NC/11/data_output_with_margins-statewide.csv
[deleted] /home/ubuntu/apps/election-app/win_prob/H/NC/11/snapshots_NC.csv
[deleted] /home/ubuntu/apps/election-app/win_prob/H/NC/11/data_output_NC_with_margins_statewide_eevp.csv
[deleted] /home/ubuntu/apps/election-app/win_prob/H/NC/11/data_output_NC.csv
[deleted] /home/ubuntu/apps/election-app/win_prob/H/NC/11/data_output_NC_with_margins.csv
[deleted] /home/ubuntu/apps/election-app/win_prob/H/NC/11/data_output_NC.csv.checkpoint.json
[deleted] /home/ubuntu/apps/election-app/win_prob/H/NC/11/stats.csv
[deleted] /home/ubuntu/apps/election-app/win_prob/H/NC/11/stats2.csv
[done] removed 16 file(s)
