[2026-01-23 02:25:45] INFO: [PIPELINE] args: office=P state=IN district=None
[2026-01-23 02:25:45] INFO: [PIPELINE] WINPROB_DIR resolved to: /home/ubuntu/apps/election-app/win_prob/P/IN
[2026-01-23 02:25:45] INFO: [PIPELINE] OUTDIR set to: /home/ubuntu/apps/election-app/win_prob/P/IN

$ /home/ubuntu/.venv/bin/python3 /home/ubuntu/apps/election-app/stats/1-statewide.py --input /home/ubuntu/apps/election-app/win_prob/P/IN/stats.csv --output /home/ubuntu/apps/election-app/win_prob/P/IN/_work/stats_with_statewide.csv
Wrote /home/ubuntu/apps/election-app/win_prob/P/IN/_work/stats_with_statewide.csv (rows=92)

$ /home/ubuntu/.venv/bin/python3 /home/ubuntu/apps/election-app/stats/1-stats-2.py --input /home/ubuntu/apps/election-app/win_prob/P/IN/stats2.csv --output /home/ubuntu/apps/election-app/win_prob/P/IN/_work/stats2_final_headers.csv
Wrote /home/ubuntu/apps/election-app/win_prob/P/IN/_work/stats2_final_headers.csv (rows=92)

$ /home/ubuntu/.venv/bin/python3 /home/ubuntu/apps/election-app/stats/1-append-new.py
Wrote 2024_county_results_with_final-old.csv (rows=92, missing_final_matches=0)

$ /home/ubuntu/.venv/bin/python3 /home/ubuntu/apps/election-app/stats/1-change_header.py
Wrote: 2024_county_results_with_final.csv

$ /home/ubuntu/.venv/bin/python3 /home/ubuntu/apps/election-app/stats/1-cut-zero-fips.py
Wrote: 2024_county_results_with_final_1.csv
Rows before: 92
Rows after:  92
Dropped (fips == 0): 0

$ /home/ubuntu/.venv/bin/python3 /home/ubuntu/apps/election-app/stats/2-calc.py
Wrote 92 rows with calculations to /home/ubuntu/apps/election-app/win_prob/P/IN/_work/2024_county_results_with_calcs-old.csv

$ /home/ubuntu/.venv/bin/python3 /home/ubuntu/apps/election-app/stats/2-eevp.py
Wrote (no-op copy): 2024_county_results_with_calcs.csv
Columns:
 - timestamp
 - state
 - county
 - fips
 - trump_votes
 - harris_votes
 - other_votes
 - eevp
 - state_eevp
 - harris_votes_statewide
 - trump_votes_statewide
 - other_votes_statewide
 - final_state
 - final_county
 - final_fips
 - final_trump_votes
 - final_harris_votes
 - final_other_votes
 - harris_percent_snapshot
 - trump_percent_snapshot
 - margin_snapshot
 - harris_percent_final
 - trump_percent_final
 - margin_final
 - margin_difference
 - margin_difference_abs

$ /home/ubuntu/.venv/bin/python3 /home/ubuntu/apps/election-app/stats/3-calc-new.py
Wrote 92 rows with new columns to /home/ubuntu/apps/election-app/win_prob/P/IN/_work/2024_county_results_with_calcs_new.csv

$ /home/ubuntu/.venv/bin/python3 /home/ubuntu/apps/election-app/stats/4-stats.py
Reading 2024_county_results_with_calcs_new.csv...
Aggregating statewide totals...
Calculating percentages and margins...
Writing to output_statewide_stats.csv...
Done!
[2026-01-23 02:25:54] INFO: [PIPELINE] ENTER win-prob generation | states=['IN'] ts_list=['2024-11-05T15-30-22']

============================================================================
[01/1] STATE = IN
============================================================================

$ /home/ubuntu/.venv/bin/python3 /home/ubuntu/apps/election-app/stats/5-snapshots.py --state IN --input /home/ubuntu/apps/election-app/win_prob/P/IN/_work/output_statewide_stats.csv --output /home/ubuntu/apps/election-app/win_prob/P/IN/snapshots_IN.csv --start 2024-11-05T15-30-22 --end 2024-11-05T15-30-22 --use-window 1 --interval 30
Mode: windowed-one-state
Rows written: 92
Distinct states in output: IN
Rows per normalized timestamp (empty = unparseable):
  2024-11-05T15-30-22: 92
Wrote /home/ubuntu/apps/election-app/win_prob/P/IN/snapshots_IN.csv

$ /home/ubuntu/.venv/bin/python3 /home/ubuntu/apps/election-app/stats/6-pval.py /home/ubuntu/apps/election-app/win_prob/P/IN/snapshots_IN.csv -t /home/ubuntu/apps/election-app/stats/parameters.csv -o /home/ubuntu/apps/election-app/win_prob/P/IN/data_output_IN.csv -c 50
Done. Wrote: /home/ubuntu/apps/election-app/win_prob/P/IN/data_output_IN.csv
Total rows: 92 (chunked, resumable).
Computed columns for PVALS = [0.01, 0.1, 1, 2, 3, 5, 10, 15, 20, 25, 30, 35, 40, 45, 50, 55, 60, 65, 70, 75, 80, 85, 90, 95, 97, 98, 99, 99.9, 99.99]
Per p (leader): shift_{p}, margin_new_{p}, harris_percent_new_{p}, trump_percent_new_{p}, total_snapshot_{p}, total_expected_{p}, harris_votes_new_{p}, trump_votes_new_{p}
Per p (trailing): shift_trailing_{p}, margin_new_{p}_trailing, harris_percent_new_{p}_trailing, trump_percent_new_{p}_trailing, total_snapshot_{p}_trailing, total_expected_{p}_trailing, harris_votes_new_{p}_trailing, trump_votes_new_{p}_trailing
Checkpoint saved at: /home/ubuntu/apps/election-app/win_prob/P/IN/data_output_IN.csv.checkpoint.json

$ /home/ubuntu/.venv/bin/python3 /home/ubuntu/apps/election-app/stats/7-margin-new.py
Wrote data_output_with_margins_old.csv

$ /home/ubuntu/.venv/bin/python3 /home/ubuntu/apps/election-app/stats/7-eevp-statewide.py
Wrote data_output_with_margins.csv (copied from data_output_with_margins_old.csv)

$ /home/ubuntu/.venv/bin/python3 /home/ubuntu/apps/election-app/stats/7.py --input /home/ubuntu/apps/election-app/win_prob/P/IN/data_output_IN_with_margins_statewide_eevp.csv --output /home/ubuntu/apps/election-app/win_prob/P/IN/statewide_margin_pct_vs_percent_IN_2026.png --state IN --start 2024-11-05T15-30-22 --end 2024-11-05T15-30-22 --stats /home/ubuntu/apps/election-app/win_prob/P/IN/stats.csv --stats2 /home/ubuntu/apps/election-app/win_prob/P/IN/stats2.csv --interval 30 --year 2026 --jsonl /home/ubuntu/apps/election-app/win_prob/P/IN/plotdata_IN_2026_2026-01-23T02-25-45.jsonl
[info] evaluating 1 timestamps from 2024-11-05T15-30-22 to 2024-11-05T15-30-22 every 30 minutes
[saved] probs_timeseries_IN.csv  (1 points)
[saved] /home/ubuntu/apps/election-app/win_prob/P/IN/plotdata_IN_2026_2026-01-23T02-25-45.jsonl  (0 points)
[saved] /home/ubuntu/apps/election-app/win_prob/P/IN/statewide_margin_pct_vs_percent_IN_2026_box.json
[saved] /home/ubuntu/apps/election-app/win_prob/P/IN/statewide_margin_pct_vs_percent_IN_2026_box.png
[saved] /home/ubuntu/apps/election-app/win_prob/P/IN/statewide_margin_pct_vs_percent_IN_2026.png

All 50 states complete. See: /home/ubuntu/apps/election-app/win_prob/P/IN

$ /home/ubuntu/.venv/bin/python3 /home/ubuntu/apps/election-app/stats/8.py --root /home/ubuntu/apps/election-app/win_prob/P/IN/_work --outdir /home/ubuntu/apps/election-app/win_prob/P/IN
[info] root  = /home/ubuntu/apps/election-app/win_prob/P/IN/_work
[info] outdir= /home/ubuntu/apps/election-app/win_prob/P/IN
[deleted] /home/ubuntu/apps/election-app/win_prob/P/IN/_work/stats_with_statewide.csv
[deleted] /home/ubuntu/apps/election-app/win_prob/P/IN/_work/stats2_final_headers.csv
[deleted] /home/ubuntu/apps/election-app/win_prob/P/IN/_work/2024_county_results_with_final-old.csv
[deleted] /home/ubuntu/apps/election-app/win_prob/P/IN/_work/2024_county_results_with_final.csv
[deleted] /home/ubuntu/apps/election-app/win_prob/P/IN/_work/2024_county_results_with_final_1.csv
[deleted] /home/ubuntu/apps/election-app/win_prob/P/IN/_work/2024_county_results_with_calcs-old.csv
[deleted] /home/ubuntu/apps/election-app/win_prob/P/IN/_work/2024_county_results_with_calcs_new.csv
[deleted] /home/ubuntu/apps/election-app/win_prob/P/IN/_work/output_statewide_stats.csv
[skip]    /home/ubuntu/apps/election-app/win_prob/P/IN/_work/probs_timeseries_PA.csv
[deleted] /home/ubuntu/apps/election-app/win_prob/P/IN/_work/2024_county_results_with_calcs.csv
[skip]    /home/ubuntu/apps/election-app/win_prob/P/IN/data_output.csv
[skip]    /home/ubuntu/apps/election-app/win_prob/P/IN/data_output_with_margins_old.csv
[skip]    /home/ubuntu/apps/election-app/win_prob/P/IN/data_output_with_margins.csv
[skip]    /home/ubuntu/apps/election-app/win_prob/P/IN/data_output_with_margins-statewide.csv
[deleted] /home/ubuntu/apps/election-app/win_prob/P/IN/snapshots_IN.csv
[deleted] /home/ubuntu/apps/election-app/win_prob/P/IN/data_output_IN_with_margins.csv
[deleted] /home/ubuntu/apps/election-app/win_prob/P/IN/data_output_IN.csv
[deleted] /home/ubuntu/apps/election-app/win_prob/P/IN/data_output_IN_with_margins_statewide_eevp.csv
[deleted] /home/ubuntu/apps/election-app/win_prob/P/IN/data_output_IN.csv.checkpoint.json
[deleted] /home/ubuntu/apps/election-app/win_prob/P/IN/stats.csv
[deleted] /home/ubuntu/apps/election-app/win_prob/P/IN/stats2.csv
[done] removed 16 file(s)
[2026-01-23 02:32:48] INFO: [PIPELINE] args: office=P state=IN district=None
[2026-01-23 02:32:48] INFO: [PIPELINE] WINPROB_DIR resolved to: /home/ubuntu/apps/election-app/win_prob/P/IN
[2026-01-23 02:32:48] INFO: [PIPELINE] OUTDIR set to: /home/ubuntu/apps/election-app/win_prob/P/IN

$ /home/ubuntu/.venv/bin/python3 /home/ubuntu/apps/election-app/stats/1-statewide.py --input /home/ubuntu/apps/election-app/win_prob/P/IN/stats.csv --output /home/ubuntu/apps/election-app/win_prob/P/IN/_work/stats_with_statewide.csv
Wrote /home/ubuntu/apps/election-app/win_prob/P/IN/_work/stats_with_statewide.csv (rows=92)

$ /home/ubuntu/.venv/bin/python3 /home/ubuntu/apps/election-app/stats/1-stats-2.py --input /home/ubuntu/apps/election-app/win_prob/P/IN/stats2.csv --output /home/ubuntu/apps/election-app/win_prob/P/IN/_work/stats2_final_headers.csv
Wrote /home/ubuntu/apps/election-app/win_prob/P/IN/_work/stats2_final_headers.csv (rows=92)

$ /home/ubuntu/.venv/bin/python3 /home/ubuntu/apps/election-app/stats/1-append-new.py
Wrote 2024_county_results_with_final-old.csv (rows=92, missing_final_matches=0)

$ /home/ubuntu/.venv/bin/python3 /home/ubuntu/apps/election-app/stats/1-change_header.py
Wrote: 2024_county_results_with_final.csv

$ /home/ubuntu/.venv/bin/python3 /home/ubuntu/apps/election-app/stats/1-cut-zero-fips.py
Wrote: 2024_county_results_with_final_1.csv
Rows before: 92
Rows after:  92
Dropped (fips == 0): 0

$ /home/ubuntu/.venv/bin/python3 /home/ubuntu/apps/election-app/stats/2-calc.py
Wrote 92 rows with calculations to /home/ubuntu/apps/election-app/win_prob/P/IN/_work/2024_county_results_with_calcs-old.csv

$ /home/ubuntu/.venv/bin/python3 /home/ubuntu/apps/election-app/stats/2-eevp.py
Wrote (no-op copy): 2024_county_results_with_calcs.csv
Columns:
 - timestamp
 - state
 - county
 - fips
 - trump_votes
 - harris_votes
 - other_votes
 - eevp
 - state_eevp
 - harris_votes_statewide
 - trump_votes_statewide
 - other_votes_statewide
 - final_state
 - final_county
 - final_fips
 - final_trump_votes
 - final_harris_votes
 - final_other_votes
 - harris_percent_snapshot
 - trump_percent_snapshot
 - margin_snapshot
 - harris_percent_final
 - trump_percent_final
 - margin_final
 - margin_difference
 - margin_difference_abs

$ /home/ubuntu/.venv/bin/python3 /home/ubuntu/apps/election-app/stats/3-calc-new.py
Wrote 92 rows with new columns to /home/ubuntu/apps/election-app/win_prob/P/IN/_work/2024_county_results_with_calcs_new.csv

$ /home/ubuntu/.venv/bin/python3 /home/ubuntu/apps/election-app/stats/4-stats.py
Reading 2024_county_results_with_calcs_new.csv...
Aggregating statewide totals...
Calculating percentages and margins...
Writing to output_statewide_stats.csv...
Done!
[2026-01-23 02:32:57] INFO: [PIPELINE] ENTER win-prob generation | states=['IN'] ts_list=['2024-11-05T15-30-22']

============================================================================
[01/1] STATE = IN
============================================================================

$ /home/ubuntu/.venv/bin/python3 /home/ubuntu/apps/election-app/stats/5-snapshots.py --state IN --input /home/ubuntu/apps/election-app/win_prob/P/IN/_work/output_statewide_stats.csv --output /home/ubuntu/apps/election-app/win_prob/P/IN/snapshots_IN.csv --start 2024-11-05T15-30-22 --end 2024-11-05T15-30-22 --use-window 1 --interval 30
Mode: windowed-one-state
Rows written: 92
Distinct states in output: IN
Rows per normalized timestamp (empty = unparseable):
  2024-11-05T15-30-22: 92
Wrote /home/ubuntu/apps/election-app/win_prob/P/IN/snapshots_IN.csv

$ /home/ubuntu/.venv/bin/python3 /home/ubuntu/apps/election-app/stats/6-pval.py /home/ubuntu/apps/election-app/win_prob/P/IN/snapshots_IN.csv -t /home/ubuntu/apps/election-app/stats/parameters.csv -o /home/ubuntu/apps/election-app/win_prob/P/IN/data_output_IN.csv -c 50
Done. Wrote: /home/ubuntu/apps/election-app/win_prob/P/IN/data_output_IN.csv
Total rows: 92 (chunked, resumable).
Computed columns for PVALS = [0.01, 0.1, 1, 2, 3, 5, 10, 15, 20, 25, 30, 35, 40, 45, 50, 55, 60, 65, 70, 75, 80, 85, 90, 95, 97, 98, 99, 99.9, 99.99]
Per p (leader): shift_{p}, margin_new_{p}, harris_percent_new_{p}, trump_percent_new_{p}, total_snapshot_{p}, total_expected_{p}, harris_votes_new_{p}, trump_votes_new_{p}
Per p (trailing): shift_trailing_{p}, margin_new_{p}_trailing, harris_percent_new_{p}_trailing, trump_percent_new_{p}_trailing, total_snapshot_{p}_trailing, total_expected_{p}_trailing, harris_votes_new_{p}_trailing, trump_votes_new_{p}_trailing
Checkpoint saved at: /home/ubuntu/apps/election-app/win_prob/P/IN/data_output_IN.csv.checkpoint.json

$ /home/ubuntu/.venv/bin/python3 /home/ubuntu/apps/election-app/stats/7-margin-new.py
Wrote data_output_with_margins_old.csv

$ /home/ubuntu/.venv/bin/python3 /home/ubuntu/apps/election-app/stats/7-eevp-statewide.py
Wrote data_output_with_margins.csv (copied from data_output_with_margins_old.csv)

$ /home/ubuntu/.venv/bin/python3 /home/ubuntu/apps/election-app/stats/7.py --input /home/ubuntu/apps/election-app/win_prob/P/IN/data_output_IN_with_margins_statewide_eevp.csv --output /home/ubuntu/apps/election-app/win_prob/P/IN/statewide_margin_pct_vs_percent_IN_2026.png --state IN --start 2024-11-05T15-30-22 --end 2024-11-05T15-30-22 --stats /home/ubuntu/apps/election-app/win_prob/P/IN/stats.csv --stats2 /home/ubuntu/apps/election-app/win_prob/P/IN/stats2.csv --interval 30 --year 2026 --jsonl /home/ubuntu/apps/election-app/win_prob/P/IN/plotdata_IN_2026_2026-01-23T02-32-48.jsonl
[info] evaluating 1 timestamps from 2024-11-05T15-30-22 to 2024-11-05T15-30-22 every 30 minutes
[saved] probs_timeseries_IN.csv  (1 points)
[saved] /home/ubuntu/apps/election-app/win_prob/P/IN/plotdata_IN_2026_2026-01-23T02-32-48.jsonl  (4 points)
[saved] /home/ubuntu/apps/election-app/win_prob/P/IN/statewide_margin_pct_vs_percent_IN_2026_box.json
[saved] /home/ubuntu/apps/election-app/win_prob/P/IN/statewide_margin_pct_vs_percent_IN_2026_box.png
[saved] /home/ubuntu/apps/election-app/win_prob/P/IN/statewide_margin_pct_vs_percent_IN_2026.png

All 50 states complete. See: /home/ubuntu/apps/election-app/win_prob/P/IN

$ /home/ubuntu/.venv/bin/python3 /home/ubuntu/apps/election-app/stats/8.py --root /home/ubuntu/apps/election-app/win_prob/P/IN/_work --outdir /home/ubuntu/apps/election-app/win_prob/P/IN
[info] root  = /home/ubuntu/apps/election-app/win_prob/P/IN/_work
[info] outdir= /home/ubuntu/apps/election-app/win_prob/P/IN
[deleted] /home/ubuntu/apps/election-app/win_prob/P/IN/_work/stats_with_statewide.csv
[deleted] /home/ubuntu/apps/election-app/win_prob/P/IN/_work/stats2_final_headers.csv
[deleted] /home/ubuntu/apps/election-app/win_prob/P/IN/_work/2024_county_results_with_final-old.csv
[deleted] /home/ubuntu/apps/election-app/win_prob/P/IN/_work/2024_county_results_with_final.csv
[deleted] /home/ubuntu/apps/election-app/win_prob/P/IN/_work/2024_county_results_with_final_1.csv
[deleted] /home/ubuntu/apps/election-app/win_prob/P/IN/_work/2024_county_results_with_calcs-old.csv
[deleted] /home/ubuntu/apps/election-app/win_prob/P/IN/_work/2024_county_results_with_calcs_new.csv
[deleted] /home/ubuntu/apps/election-app/win_prob/P/IN/_work/output_statewide_stats.csv
[skip]    /home/ubuntu/apps/election-app/win_prob/P/IN/_work/probs_timeseries_PA.csv
[deleted] /home/ubuntu/apps/election-app/win_prob/P/IN/_work/2024_county_results_with_calcs.csv
[skip]    /home/ubuntu/apps/election-app/win_prob/P/IN/data_output.csv
[skip]    /home/ubuntu/apps/election-app/win_prob/P/IN/data_output_with_margins_old.csv
[skip]    /home/ubuntu/apps/election-app/win_prob/P/IN/data_output_with_margins.csv
[skip]    /home/ubuntu/apps/election-app/win_prob/P/IN/data_output_with_margins-statewide.csv
[deleted] /home/ubuntu/apps/election-app/win_prob/P/IN/snapshots_IN.csv
[deleted] /home/ubuntu/apps/election-app/win_prob/P/IN/data_output_IN_with_margins.csv
[deleted] /home/ubuntu/apps/election-app/win_prob/P/IN/data_output_IN.csv
[deleted] /home/ubuntu/apps/election-app/win_prob/P/IN/data_output_IN_with_margins_statewide_eevp.csv
[deleted] /home/ubuntu/apps/election-app/win_prob/P/IN/data_output_IN.csv.checkpoint.json
[deleted] /home/ubuntu/apps/election-app/win_prob/P/IN/stats.csv
[deleted] /home/ubuntu/apps/election-app/win_prob/P/IN/stats2.csv
[done] removed 16 file(s)
[2026-01-23 02:39:50] INFO: [PIPELINE] args: office=P state=IN district=None
[2026-01-23 02:39:50] INFO: [PIPELINE] WINPROB_DIR resolved to: /home/ubuntu/apps/election-app/win_prob/P/IN
[2026-01-23 02:39:50] INFO: [PIPELINE] OUTDIR set to: /home/ubuntu/apps/election-app/win_prob/P/IN

$ /home/ubuntu/.venv/bin/python3 /home/ubuntu/apps/election-app/stats/1-statewide.py --input /home/ubuntu/apps/election-app/win_prob/P/IN/stats.csv --output /home/ubuntu/apps/election-app/win_prob/P/IN/_work/stats_with_statewide.csv
Wrote /home/ubuntu/apps/election-app/win_prob/P/IN/_work/stats_with_statewide.csv (rows=92)

$ /home/ubuntu/.venv/bin/python3 /home/ubuntu/apps/election-app/stats/1-stats-2.py --input /home/ubuntu/apps/election-app/win_prob/P/IN/stats2.csv --output /home/ubuntu/apps/election-app/win_prob/P/IN/_work/stats2_final_headers.csv
Wrote /home/ubuntu/apps/election-app/win_prob/P/IN/_work/stats2_final_headers.csv (rows=92)

$ /home/ubuntu/.venv/bin/python3 /home/ubuntu/apps/election-app/stats/1-append-new.py
Wrote 2024_county_results_with_final-old.csv (rows=92, missing_final_matches=0)

$ /home/ubuntu/.venv/bin/python3 /home/ubuntu/apps/election-app/stats/1-change_header.py
Wrote: 2024_county_results_with_final.csv

$ /home/ubuntu/.venv/bin/python3 /home/ubuntu/apps/election-app/stats/1-cut-zero-fips.py
Wrote: 2024_county_results_with_final_1.csv
Rows before: 92
Rows after:  92
Dropped (fips == 0): 0

$ /home/ubuntu/.venv/bin/python3 /home/ubuntu/apps/election-app/stats/2-calc.py
Wrote 92 rows with calculations to /home/ubuntu/apps/election-app/win_prob/P/IN/_work/2024_county_results_with_calcs-old.csv

$ /home/ubuntu/.venv/bin/python3 /home/ubuntu/apps/election-app/stats/2-eevp.py
Wrote (no-op copy): 2024_county_results_with_calcs.csv
Columns:
 - timestamp
 - state
 - county
 - fips
 - trump_votes
 - harris_votes
 - other_votes
 - eevp
 - state_eevp
 - harris_votes_statewide
 - trump_votes_statewide
 - other_votes_statewide
 - final_state
 - final_county
 - final_fips
 - final_trump_votes
 - final_harris_votes
 - final_other_votes
 - harris_percent_snapshot
 - trump_percent_snapshot
 - margin_snapshot
 - harris_percent_final
 - trump_percent_final
 - margin_final
 - margin_difference
 - margin_difference_abs

$ /home/ubuntu/.venv/bin/python3 /home/ubuntu/apps/election-app/stats/3-calc-new.py
Wrote 92 rows with new columns to /home/ubuntu/apps/election-app/win_prob/P/IN/_work/2024_county_results_with_calcs_new.csv

$ /home/ubuntu/.venv/bin/python3 /home/ubuntu/apps/election-app/stats/4-stats.py
Reading 2024_county_results_with_calcs_new.csv...
Aggregating statewide totals...
Calculating percentages and margins...
Writing to output_statewide_stats.csv...
Done!
[2026-01-23 02:40:00] INFO: [PIPELINE] ENTER win-prob generation | states=['IN'] ts_list=['2024-11-05T15-30-22']

============================================================================
[01/1] STATE = IN
============================================================================

$ /home/ubuntu/.venv/bin/python3 /home/ubuntu/apps/election-app/stats/5-snapshots.py --state IN --input /home/ubuntu/apps/election-app/win_prob/P/IN/_work/output_statewide_stats.csv --output /home/ubuntu/apps/election-app/win_prob/P/IN/snapshots_IN.csv --start 2024-11-05T15-30-22 --end 2024-11-05T15-30-22 --use-window 1 --interval 30
Mode: windowed-one-state
Rows written: 92
Distinct states in output: IN
Rows per normalized timestamp (empty = unparseable):
  2024-11-05T15-30-22: 92
Wrote /home/ubuntu/apps/election-app/win_prob/P/IN/snapshots_IN.csv

$ /home/ubuntu/.venv/bin/python3 /home/ubuntu/apps/election-app/stats/6-pval.py /home/ubuntu/apps/election-app/win_prob/P/IN/snapshots_IN.csv -t /home/ubuntu/apps/election-app/stats/parameters.csv -o /home/ubuntu/apps/election-app/win_prob/P/IN/data_output_IN.csv -c 50
Done. Wrote: /home/ubuntu/apps/election-app/win_prob/P/IN/data_output_IN.csv
Total rows: 92 (chunked, resumable).
Computed columns for PVALS = [0.01, 0.1, 1, 2, 3, 5, 10, 15, 20, 25, 30, 35, 40, 45, 50, 55, 60, 65, 70, 75, 80, 85, 90, 95, 97, 98, 99, 99.9, 99.99]
Per p (leader): shift_{p}, margin_new_{p}, harris_percent_new_{p}, trump_percent_new_{p}, total_snapshot_{p}, total_expected_{p}, harris_votes_new_{p}, trump_votes_new_{p}
Per p (trailing): shift_trailing_{p}, margin_new_{p}_trailing, harris_percent_new_{p}_trailing, trump_percent_new_{p}_trailing, total_snapshot_{p}_trailing, total_expected_{p}_trailing, harris_votes_new_{p}_trailing, trump_votes_new_{p}_trailing
Checkpoint saved at: /home/ubuntu/apps/election-app/win_prob/P/IN/data_output_IN.csv.checkpoint.json

$ /home/ubuntu/.venv/bin/python3 /home/ubuntu/apps/election-app/stats/7-margin-new.py
Wrote data_output_with_margins_old.csv

$ /home/ubuntu/.venv/bin/python3 /home/ubuntu/apps/election-app/stats/7-eevp-statewide.py
Wrote data_output_with_margins.csv (copied from data_output_with_margins_old.csv)

$ /home/ubuntu/.venv/bin/python3 /home/ubuntu/apps/election-app/stats/7.py --input /home/ubuntu/apps/election-app/win_prob/P/IN/data_output_IN_with_margins_statewide_eevp.csv --output /home/ubuntu/apps/election-app/win_prob/P/IN/statewide_margin_pct_vs_percent_IN_2026.png --state IN --start 2024-11-05T15-30-22 --end 2024-11-05T15-30-22 --stats /home/ubuntu/apps/election-app/win_prob/P/IN/stats.csv --stats2 /home/ubuntu/apps/election-app/win_prob/P/IN/stats2.csv --interval 30 --year 2026 --jsonl /home/ubuntu/apps/election-app/win_prob/P/IN/plotdata_IN_2026_2026-01-23T02-39-50.jsonl
[info] evaluating 1 timestamps from 2024-11-05T15-30-22 to 2024-11-05T15-30-22 every 30 minutes
[saved] probs_timeseries_IN.csv  (1 points)
[saved] /home/ubuntu/apps/election-app/win_prob/P/IN/plotdata_IN_2026_2026-01-23T02-39-50.jsonl  (4 points)
[saved] /home/ubuntu/apps/election-app/win_prob/P/IN/statewide_margin_pct_vs_percent_IN_2026_box.json
[saved] /home/ubuntu/apps/election-app/win_prob/P/IN/statewide_margin_pct_vs_percent_IN_2026_box.png
[saved] /home/ubuntu/apps/election-app/win_prob/P/IN/statewide_margin_pct_vs_percent_IN_2026.png

All 50 states complete. See: /home/ubuntu/apps/election-app/win_prob/P/IN

$ /home/ubuntu/.venv/bin/python3 /home/ubuntu/apps/election-app/stats/8.py --root /home/ubuntu/apps/election-app/win_prob/P/IN/_work --outdir /home/ubuntu/apps/election-app/win_prob/P/IN
[info] root  = /home/ubuntu/apps/election-app/win_prob/P/IN/_work
[info] outdir= /home/ubuntu/apps/election-app/win_prob/P/IN
[deleted] /home/ubuntu/apps/election-app/win_prob/P/IN/_work/stats_with_statewide.csv
[deleted] /home/ubuntu/apps/election-app/win_prob/P/IN/_work/stats2_final_headers.csv
[deleted] /home/ubuntu/apps/election-app/win_prob/P/IN/_work/2024_county_results_with_final-old.csv
[deleted] /home/ubuntu/apps/election-app/win_prob/P/IN/_work/2024_county_results_with_final.csv
[deleted] /home/ubuntu/apps/election-app/win_prob/P/IN/_work/2024_county_results_with_final_1.csv
[deleted] /home/ubuntu/apps/election-app/win_prob/P/IN/_work/2024_county_results_with_calcs-old.csv
[deleted] /home/ubuntu/apps/election-app/win_prob/P/IN/_work/2024_county_results_with_calcs_new.csv
[deleted] /home/ubuntu/apps/election-app/win_prob/P/IN/_work/output_statewide_stats.csv
[skip]    /home/ubuntu/apps/election-app/win_prob/P/IN/_work/probs_timeseries_PA.csv
[deleted] /home/ubuntu/apps/election-app/win_prob/P/IN/_work/2024_county_results_with_calcs.csv
[skip]    /home/ubuntu/apps/election-app/win_prob/P/IN/data_output.csv
[skip]    /home/ubuntu/apps/election-app/win_prob/P/IN/data_output_with_margins_old.csv
[skip]    /home/ubuntu/apps/election-app/win_prob/P/IN/data_output_with_margins.csv
[skip]    /home/ubuntu/apps/election-app/win_prob/P/IN/data_output_with_margins-statewide.csv
[deleted] /home/ubuntu/apps/election-app/win_prob/P/IN/snapshots_IN.csv
[deleted] /home/ubuntu/apps/election-app/win_prob/P/IN/data_output_IN_with_margins.csv
[deleted] /home/ubuntu/apps/election-app/win_prob/P/IN/data_output_IN.csv
[deleted] /home/ubuntu/apps/election-app/win_prob/P/IN/data_output_IN_with_margins_statewide_eevp.csv
[deleted] /home/ubuntu/apps/election-app/win_prob/P/IN/data_output_IN.csv.checkpoint.json
[deleted] /home/ubuntu/apps/election-app/win_prob/P/IN/stats.csv
[deleted] /home/ubuntu/apps/election-app/win_prob/P/IN/stats2.csv
[done] removed 16 file(s)
[2026-01-23 02:46:53] INFO: [PIPELINE] args: office=P state=IN district=None
[2026-01-23 02:46:53] INFO: [PIPELINE] WINPROB_DIR resolved to: /home/ubuntu/apps/election-app/win_prob/P/IN
[2026-01-23 02:46:53] INFO: [PIPELINE] OUTDIR set to: /home/ubuntu/apps/election-app/win_prob/P/IN

$ /home/ubuntu/.venv/bin/python3 /home/ubuntu/apps/election-app/stats/1-statewide.py --input /home/ubuntu/apps/election-app/win_prob/P/IN/stats.csv --output /home/ubuntu/apps/election-app/win_prob/P/IN/_work/stats_with_statewide.csv
Wrote /home/ubuntu/apps/election-app/win_prob/P/IN/_work/stats_with_statewide.csv (rows=92)

$ /home/ubuntu/.venv/bin/python3 /home/ubuntu/apps/election-app/stats/1-stats-2.py --input /home/ubuntu/apps/election-app/win_prob/P/IN/stats2.csv --output /home/ubuntu/apps/election-app/win_prob/P/IN/_work/stats2_final_headers.csv
Wrote /home/ubuntu/apps/election-app/win_prob/P/IN/_work/stats2_final_headers.csv (rows=92)

$ /home/ubuntu/.venv/bin/python3 /home/ubuntu/apps/election-app/stats/1-append-new.py
Wrote 2024_county_results_with_final-old.csv (rows=92, missing_final_matches=0)

$ /home/ubuntu/.venv/bin/python3 /home/ubuntu/apps/election-app/stats/1-change_header.py
Wrote: 2024_county_results_with_final.csv

$ /home/ubuntu/.venv/bin/python3 /home/ubuntu/apps/election-app/stats/1-cut-zero-fips.py
Wrote: 2024_county_results_with_final_1.csv
Rows before: 92
Rows after:  92
Dropped (fips == 0): 0

$ /home/ubuntu/.venv/bin/python3 /home/ubuntu/apps/election-app/stats/2-calc.py
Wrote 92 rows with calculations to /home/ubuntu/apps/election-app/win_prob/P/IN/_work/2024_county_results_with_calcs-old.csv

$ /home/ubuntu/.venv/bin/python3 /home/ubuntu/apps/election-app/stats/2-eevp.py
Wrote (no-op copy): 2024_county_results_with_calcs.csv
Columns:
 - timestamp
 - state
 - county
 - fips
 - trump_votes
 - harris_votes
 - other_votes
 - eevp
 - state_eevp
 - harris_votes_statewide
 - trump_votes_statewide
 - other_votes_statewide
 - final_state
 - final_county
 - final_fips
 - final_trump_votes
 - final_harris_votes
 - final_other_votes
 - harris_percent_snapshot
 - trump_percent_snapshot
 - margin_snapshot
 - harris_percent_final
 - trump_percent_final
 - margin_final
 - margin_difference
 - margin_difference_abs

$ /home/ubuntu/.venv/bin/python3 /home/ubuntu/apps/election-app/stats/3-calc-new.py
Wrote 92 rows with new columns to /home/ubuntu/apps/election-app/win_prob/P/IN/_work/2024_county_results_with_calcs_new.csv

$ /home/ubuntu/.venv/bin/python3 /home/ubuntu/apps/election-app/stats/4-stats.py
Reading 2024_county_results_with_calcs_new.csv...
Aggregating statewide totals...
Calculating percentages and margins...
Writing to output_statewide_stats.csv...
Done!
[2026-01-23 02:47:03] INFO: [PIPELINE] ENTER win-prob generation | states=['IN'] ts_list=['2024-11-05T15-30-22']

============================================================================
[01/1] STATE = IN
============================================================================

$ /home/ubuntu/.venv/bin/python3 /home/ubuntu/apps/election-app/stats/5-snapshots.py --state IN --input /home/ubuntu/apps/election-app/win_prob/P/IN/_work/output_statewide_stats.csv --output /home/ubuntu/apps/election-app/win_prob/P/IN/snapshots_IN.csv --start 2024-11-05T15-30-22 --end 2024-11-05T15-30-22 --use-window 1 --interval 30
Mode: windowed-one-state
Rows written: 92
Distinct states in output: IN
Rows per normalized timestamp (empty = unparseable):
  2024-11-05T15-30-22: 92
Wrote /home/ubuntu/apps/election-app/win_prob/P/IN/snapshots_IN.csv

$ /home/ubuntu/.venv/bin/python3 /home/ubuntu/apps/election-app/stats/6-pval.py /home/ubuntu/apps/election-app/win_prob/P/IN/snapshots_IN.csv -t /home/ubuntu/apps/election-app/stats/parameters.csv -o /home/ubuntu/apps/election-app/win_prob/P/IN/data_output_IN.csv -c 50
Done. Wrote: /home/ubuntu/apps/election-app/win_prob/P/IN/data_output_IN.csv
Total rows: 92 (chunked, resumable).
Computed columns for PVALS = [0.01, 0.1, 1, 2, 3, 5, 10, 15, 20, 25, 30, 35, 40, 45, 50, 55, 60, 65, 70, 75, 80, 85, 90, 95, 97, 98, 99, 99.9, 99.99]
Per p (leader): shift_{p}, margin_new_{p}, harris_percent_new_{p}, trump_percent_new_{p}, total_snapshot_{p}, total_expected_{p}, harris_votes_new_{p}, trump_votes_new_{p}
Per p (trailing): shift_trailing_{p}, margin_new_{p}_trailing, harris_percent_new_{p}_trailing, trump_percent_new_{p}_trailing, total_snapshot_{p}_trailing, total_expected_{p}_trailing, harris_votes_new_{p}_trailing, trump_votes_new_{p}_trailing
Checkpoint saved at: /home/ubuntu/apps/election-app/win_prob/P/IN/data_output_IN.csv.checkpoint.json

$ /home/ubuntu/.venv/bin/python3 /home/ubuntu/apps/election-app/stats/7-margin-new.py
Wrote data_output_with_margins_old.csv

$ /home/ubuntu/.venv/bin/python3 /home/ubuntu/apps/election-app/stats/7-eevp-statewide.py
Wrote data_output_with_margins.csv (copied from data_output_with_margins_old.csv)

$ /home/ubuntu/.venv/bin/python3 /home/ubuntu/apps/election-app/stats/7.py --input /home/ubuntu/apps/election-app/win_prob/P/IN/data_output_IN_with_margins_statewide_eevp.csv --output /home/ubuntu/apps/election-app/win_prob/P/IN/statewide_margin_pct_vs_percent_IN_2026.png --state IN --start 2024-11-05T15-30-22 --end 2024-11-05T15-30-22 --stats /home/ubuntu/apps/election-app/win_prob/P/IN/stats.csv --stats2 /home/ubuntu/apps/election-app/win_prob/P/IN/stats2.csv --interval 30 --year 2026 --jsonl /home/ubuntu/apps/election-app/win_prob/P/IN/plotdata_IN_2026_2026-01-23T02-46-53.jsonl
[info] evaluating 1 timestamps from 2024-11-05T15-30-22 to 2024-11-05T15-30-22 every 30 minutes
[saved] probs_timeseries_IN.csv  (1 points)
[saved] /home/ubuntu/apps/election-app/win_prob/P/IN/plotdata_IN_2026_2026-01-23T02-46-53.jsonl  (4 points)
[saved] /home/ubuntu/apps/election-app/win_prob/P/IN/statewide_margin_pct_vs_percent_IN_2026_box.json
[saved] /home/ubuntu/apps/election-app/win_prob/P/IN/statewide_margin_pct_vs_percent_IN_2026_box.png
[saved] /home/ubuntu/apps/election-app/win_prob/P/IN/statewide_margin_pct_vs_percent_IN_2026.png

All 50 states complete. See: /home/ubuntu/apps/election-app/win_prob/P/IN

$ /home/ubuntu/.venv/bin/python3 /home/ubuntu/apps/election-app/stats/8.py --root /home/ubuntu/apps/election-app/win_prob/P/IN/_work --outdir /home/ubuntu/apps/election-app/win_prob/P/IN
[info] root  = /home/ubuntu/apps/election-app/win_prob/P/IN/_work
[info] outdir= /home/ubuntu/apps/election-app/win_prob/P/IN
[deleted] /home/ubuntu/apps/election-app/win_prob/P/IN/_work/stats_with_statewide.csv
[deleted] /home/ubuntu/apps/election-app/win_prob/P/IN/_work/stats2_final_headers.csv
[deleted] /home/ubuntu/apps/election-app/win_prob/P/IN/_work/2024_county_results_with_final-old.csv
[deleted] /home/ubuntu/apps/election-app/win_prob/P/IN/_work/2024_county_results_with_final.csv
[deleted] /home/ubuntu/apps/election-app/win_prob/P/IN/_work/2024_county_results_with_final_1.csv
[deleted] /home/ubuntu/apps/election-app/win_prob/P/IN/_work/2024_county_results_with_calcs-old.csv
[deleted] /home/ubuntu/apps/election-app/win_prob/P/IN/_work/2024_county_results_with_calcs_new.csv
[deleted] /home/ubuntu/apps/election-app/win_prob/P/IN/_work/output_statewide_stats.csv
[skip]    /home/ubuntu/apps/election-app/win_prob/P/IN/_work/probs_timeseries_PA.csv
[deleted] /home/ubuntu/apps/election-app/win_prob/P/IN/_work/2024_county_results_with_calcs.csv
[skip]    /home/ubuntu/apps/election-app/win_prob/P/IN/data_output.csv
[skip]    /home/ubuntu/apps/election-app/win_prob/P/IN/data_output_with_margins_old.csv
[skip]    /home/ubuntu/apps/election-app/win_prob/P/IN/data_output_with_margins.csv
[skip]    /home/ubuntu/apps/election-app/win_prob/P/IN/data_output_with_margins-statewide.csv
[deleted] /home/ubuntu/apps/election-app/win_prob/P/IN/snapshots_IN.csv
[deleted] /home/ubuntu/apps/election-app/win_prob/P/IN/data_output_IN_with_margins.csv
[deleted] /home/ubuntu/apps/election-app/win_prob/P/IN/data_output_IN.csv
[deleted] /home/ubuntu/apps/election-app/win_prob/P/IN/data_output_IN_with_margins_statewide_eevp.csv
[deleted] /home/ubuntu/apps/election-app/win_prob/P/IN/data_output_IN.csv.checkpoint.json
[deleted] /home/ubuntu/apps/election-app/win_prob/P/IN/stats.csv
[deleted] /home/ubuntu/apps/election-app/win_prob/P/IN/stats2.csv
[done] removed 16 file(s)
[2026-01-23 02:53:56] INFO: [PIPELINE] args: office=P state=IN district=None
[2026-01-23 02:53:56] INFO: [PIPELINE] WINPROB_DIR resolved to: /home/ubuntu/apps/election-app/win_prob/P/IN
[2026-01-23 02:53:56] INFO: [PIPELINE] OUTDIR set to: /home/ubuntu/apps/election-app/win_prob/P/IN

$ /home/ubuntu/.venv/bin/python3 /home/ubuntu/apps/election-app/stats/1-statewide.py --input /home/ubuntu/apps/election-app/win_prob/P/IN/stats.csv --output /home/ubuntu/apps/election-app/win_prob/P/IN/_work/stats_with_statewide.csv
Wrote /home/ubuntu/apps/election-app/win_prob/P/IN/_work/stats_with_statewide.csv (rows=92)

$ /home/ubuntu/.venv/bin/python3 /home/ubuntu/apps/election-app/stats/1-stats-2.py --input /home/ubuntu/apps/election-app/win_prob/P/IN/stats2.csv --output /home/ubuntu/apps/election-app/win_prob/P/IN/_work/stats2_final_headers.csv
Wrote /home/ubuntu/apps/election-app/win_prob/P/IN/_work/stats2_final_headers.csv (rows=92)

$ /home/ubuntu/.venv/bin/python3 /home/ubuntu/apps/election-app/stats/1-append-new.py
Wrote 2024_county_results_with_final-old.csv (rows=92, missing_final_matches=0)

$ /home/ubuntu/.venv/bin/python3 /home/ubuntu/apps/election-app/stats/1-change_header.py
Wrote: 2024_county_results_with_final.csv

$ /home/ubuntu/.venv/bin/python3 /home/ubuntu/apps/election-app/stats/1-cut-zero-fips.py
Wrote: 2024_county_results_with_final_1.csv
Rows before: 92
Rows after:  92
Dropped (fips == 0): 0

$ /home/ubuntu/.venv/bin/python3 /home/ubuntu/apps/election-app/stats/2-calc.py
Wrote 92 rows with calculations to /home/ubuntu/apps/election-app/win_prob/P/IN/_work/2024_county_results_with_calcs-old.csv

$ /home/ubuntu/.venv/bin/python3 /home/ubuntu/apps/election-app/stats/2-eevp.py
Wrote (no-op copy): 2024_county_results_with_calcs.csv
Columns:
 - timestamp
 - state
 - county
 - fips
 - trump_votes
 - harris_votes
 - other_votes
 - eevp
 - state_eevp
 - harris_votes_statewide
 - trump_votes_statewide
 - other_votes_statewide
 - final_state
 - final_county
 - final_fips
 - final_trump_votes
 - final_harris_votes
 - final_other_votes
 - harris_percent_snapshot
 - trump_percent_snapshot
 - margin_snapshot
 - harris_percent_final
 - trump_percent_final
 - margin_final
 - margin_difference
 - margin_difference_abs

$ /home/ubuntu/.venv/bin/python3 /home/ubuntu/apps/election-app/stats/3-calc-new.py
Wrote 92 rows with new columns to /home/ubuntu/apps/election-app/win_prob/P/IN/_work/2024_county_results_with_calcs_new.csv

$ /home/ubuntu/.venv/bin/python3 /home/ubuntu/apps/election-app/stats/4-stats.py
Reading 2024_county_results_with_calcs_new.csv...
Aggregating statewide totals...
Calculating percentages and margins...
Writing to output_statewide_stats.csv...
Done!
[2026-01-23 02:54:05] INFO: [PIPELINE] ENTER win-prob generation | states=['IN'] ts_list=['2024-11-05T15-30-22']

============================================================================
[01/1] STATE = IN
============================================================================

$ /home/ubuntu/.venv/bin/python3 /home/ubuntu/apps/election-app/stats/5-snapshots.py --state IN --input /home/ubuntu/apps/election-app/win_prob/P/IN/_work/output_statewide_stats.csv --output /home/ubuntu/apps/election-app/win_prob/P/IN/snapshots_IN.csv --start 2024-11-05T15-30-22 --end 2024-11-05T15-30-22 --use-window 1 --interval 30
Mode: windowed-one-state
Rows written: 92
Distinct states in output: IN
Rows per normalized timestamp (empty = unparseable):
  2024-11-05T15-30-22: 92
Wrote /home/ubuntu/apps/election-app/win_prob/P/IN/snapshots_IN.csv

$ /home/ubuntu/.venv/bin/python3 /home/ubuntu/apps/election-app/stats/6-pval.py /home/ubuntu/apps/election-app/win_prob/P/IN/snapshots_IN.csv -t /home/ubuntu/apps/election-app/stats/parameters.csv -o /home/ubuntu/apps/election-app/win_prob/P/IN/data_output_IN.csv -c 50
Done. Wrote: /home/ubuntu/apps/election-app/win_prob/P/IN/data_output_IN.csv
Total rows: 92 (chunked, resumable).
Computed columns for PVALS = [0.01, 0.1, 1, 2, 3, 5, 10, 15, 20, 25, 30, 35, 40, 45, 50, 55, 60, 65, 70, 75, 80, 85, 90, 95, 97, 98, 99, 99.9, 99.99]
Per p (leader): shift_{p}, margin_new_{p}, harris_percent_new_{p}, trump_percent_new_{p}, total_snapshot_{p}, total_expected_{p}, harris_votes_new_{p}, trump_votes_new_{p}
Per p (trailing): shift_trailing_{p}, margin_new_{p}_trailing, harris_percent_new_{p}_trailing, trump_percent_new_{p}_trailing, total_snapshot_{p}_trailing, total_expected_{p}_trailing, harris_votes_new_{p}_trailing, trump_votes_new_{p}_trailing
Checkpoint saved at: /home/ubuntu/apps/election-app/win_prob/P/IN/data_output_IN.csv.checkpoint.json

$ /home/ubuntu/.venv/bin/python3 /home/ubuntu/apps/election-app/stats/7-margin-new.py
Wrote data_output_with_margins_old.csv

$ /home/ubuntu/.venv/bin/python3 /home/ubuntu/apps/election-app/stats/7-eevp-statewide.py
Wrote data_output_with_margins.csv (copied from data_output_with_margins_old.csv)

$ /home/ubuntu/.venv/bin/python3 /home/ubuntu/apps/election-app/stats/7.py --input /home/ubuntu/apps/election-app/win_prob/P/IN/data_output_IN_with_margins_statewide_eevp.csv --output /home/ubuntu/apps/election-app/win_prob/P/IN/statewide_margin_pct_vs_percent_IN_2026.png --state IN --start 2024-11-05T15-30-22 --end 2024-11-05T15-30-22 --stats /home/ubuntu/apps/election-app/win_prob/P/IN/stats.csv --stats2 /home/ubuntu/apps/election-app/win_prob/P/IN/stats2.csv --interval 30 --year 2026 --jsonl /home/ubuntu/apps/election-app/win_prob/P/IN/plotdata_IN_2026_2026-01-23T02-53-56.jsonl
[info] evaluating 1 timestamps from 2024-11-05T15-30-22 to 2024-11-05T15-30-22 every 30 minutes
[saved] probs_timeseries_IN.csv  (1 points)
[saved] /home/ubuntu/apps/election-app/win_prob/P/IN/plotdata_IN_2026_2026-01-23T02-53-56.jsonl  (4 points)
[saved] /home/ubuntu/apps/election-app/win_prob/P/IN/statewide_margin_pct_vs_percent_IN_2026_box.json
[saved] /home/ubuntu/apps/election-app/win_prob/P/IN/statewide_margin_pct_vs_percent_IN_2026_box.png
[saved] /home/ubuntu/apps/election-app/win_prob/P/IN/statewide_margin_pct_vs_percent_IN_2026.png

All 50 states complete. See: /home/ubuntu/apps/election-app/win_prob/P/IN

$ /home/ubuntu/.venv/bin/python3 /home/ubuntu/apps/election-app/stats/8.py --root /home/ubuntu/apps/election-app/win_prob/P/IN/_work --outdir /home/ubuntu/apps/election-app/win_prob/P/IN
[info] root  = /home/ubuntu/apps/election-app/win_prob/P/IN/_work
[info] outdir= /home/ubuntu/apps/election-app/win_prob/P/IN
[deleted] /home/ubuntu/apps/election-app/win_prob/P/IN/_work/stats_with_statewide.csv
[deleted] /home/ubuntu/apps/election-app/win_prob/P/IN/_work/stats2_final_headers.csv
[deleted] /home/ubuntu/apps/election-app/win_prob/P/IN/_work/2024_county_results_with_final-old.csv
[deleted] /home/ubuntu/apps/election-app/win_prob/P/IN/_work/2024_county_results_with_final.csv
[deleted] /home/ubuntu/apps/election-app/win_prob/P/IN/_work/2024_county_results_with_final_1.csv
[deleted] /home/ubuntu/apps/election-app/win_prob/P/IN/_work/2024_county_results_with_calcs-old.csv
[deleted] /home/ubuntu/apps/election-app/win_prob/P/IN/_work/2024_county_results_with_calcs_new.csv
[deleted] /home/ubuntu/apps/election-app/win_prob/P/IN/_work/output_statewide_stats.csv
[skip]    /home/ubuntu/apps/election-app/win_prob/P/IN/_work/probs_timeseries_PA.csv
[deleted] /home/ubuntu/apps/election-app/win_prob/P/IN/_work/2024_county_results_with_calcs.csv
[skip]    /home/ubuntu/apps/election-app/win_prob/P/IN/data_output.csv
[skip]    /home/ubuntu/apps/election-app/win_prob/P/IN/data_output_with_margins_old.csv
[skip]    /home/ubuntu/apps/election-app/win_prob/P/IN/data_output_with_margins.csv
[skip]    /home/ubuntu/apps/election-app/win_prob/P/IN/data_output_with_margins-statewide.csv
[deleted] /home/ubuntu/apps/election-app/win_prob/P/IN/snapshots_IN.csv
[deleted] /home/ubuntu/apps/election-app/win_prob/P/IN/data_output_IN_with_margins.csv
[deleted] /home/ubuntu/apps/election-app/win_prob/P/IN/data_output_IN.csv
[deleted] /home/ubuntu/apps/election-app/win_prob/P/IN/data_output_IN_with_margins_statewide_eevp.csv
[deleted] /home/ubuntu/apps/election-app/win_prob/P/IN/data_output_IN.csv.checkpoint.json
[deleted] /home/ubuntu/apps/election-app/win_prob/P/IN/stats.csv
[deleted] /home/ubuntu/apps/election-app/win_prob/P/IN/stats2.csv
[done] removed 16 file(s)
[2026-01-23 03:00:59] INFO: [PIPELINE] args: office=P state=IN district=None
[2026-01-23 03:00:59] INFO: [PIPELINE] WINPROB_DIR resolved to: /home/ubuntu/apps/election-app/win_prob/P/IN
[2026-01-23 03:00:59] INFO: [PIPELINE] OUTDIR set to: /home/ubuntu/apps/election-app/win_prob/P/IN

$ /home/ubuntu/.venv/bin/python3 /home/ubuntu/apps/election-app/stats/1-statewide.py --input /home/ubuntu/apps/election-app/win_prob/P/IN/stats.csv --output /home/ubuntu/apps/election-app/win_prob/P/IN/_work/stats_with_statewide.csv
Wrote /home/ubuntu/apps/election-app/win_prob/P/IN/_work/stats_with_statewide.csv (rows=92)

$ /home/ubuntu/.venv/bin/python3 /home/ubuntu/apps/election-app/stats/1-stats-2.py --input /home/ubuntu/apps/election-app/win_prob/P/IN/stats2.csv --output /home/ubuntu/apps/election-app/win_prob/P/IN/_work/stats2_final_headers.csv
Wrote /home/ubuntu/apps/election-app/win_prob/P/IN/_work/stats2_final_headers.csv (rows=92)

$ /home/ubuntu/.venv/bin/python3 /home/ubuntu/apps/election-app/stats/1-append-new.py
Wrote 2024_county_results_with_final-old.csv (rows=92, missing_final_matches=0)

$ /home/ubuntu/.venv/bin/python3 /home/ubuntu/apps/election-app/stats/1-change_header.py
Wrote: 2024_county_results_with_final.csv

$ /home/ubuntu/.venv/bin/python3 /home/ubuntu/apps/election-app/stats/1-cut-zero-fips.py
Wrote: 2024_county_results_with_final_1.csv
Rows before: 92
Rows after:  92
Dropped (fips == 0): 0

$ /home/ubuntu/.venv/bin/python3 /home/ubuntu/apps/election-app/stats/2-calc.py
Wrote 92 rows with calculations to /home/ubuntu/apps/election-app/win_prob/P/IN/_work/2024_county_results_with_calcs-old.csv

$ /home/ubuntu/.venv/bin/python3 /home/ubuntu/apps/election-app/stats/2-eevp.py
Wrote (no-op copy): 2024_county_results_with_calcs.csv
Columns:
 - timestamp
 - state
 - county
 - fips
 - trump_votes
 - harris_votes
 - other_votes
 - eevp
 - state_eevp
 - harris_votes_statewide
 - trump_votes_statewide
 - other_votes_statewide
 - final_state
 - final_county
 - final_fips
 - final_trump_votes
 - final_harris_votes
 - final_other_votes
 - harris_percent_snapshot
 - trump_percent_snapshot
 - margin_snapshot
 - harris_percent_final
 - trump_percent_final
 - margin_final
 - margin_difference
 - margin_difference_abs

$ /home/ubuntu/.venv/bin/python3 /home/ubuntu/apps/election-app/stats/3-calc-new.py
Wrote 92 rows with new columns to /home/ubuntu/apps/election-app/win_prob/P/IN/_work/2024_county_results_with_calcs_new.csv

$ /home/ubuntu/.venv/bin/python3 /home/ubuntu/apps/election-app/stats/4-stats.py
Reading 2024_county_results_with_calcs_new.csv...
Aggregating statewide totals...
Calculating percentages and margins...
Writing to output_statewide_stats.csv...
Done!
[2026-01-23 03:01:09] INFO: [PIPELINE] ENTER win-prob generation | states=['IN'] ts_list=['2024-11-05T15-30-22']

============================================================================
[01/1] STATE = IN
============================================================================

$ /home/ubuntu/.venv/bin/python3 /home/ubuntu/apps/election-app/stats/5-snapshots.py --state IN --input /home/ubuntu/apps/election-app/win_prob/P/IN/_work/output_statewide_stats.csv --output /home/ubuntu/apps/election-app/win_prob/P/IN/snapshots_IN.csv --start 2024-11-05T15-30-22 --end 2024-11-05T15-30-22 --use-window 1 --interval 30
Mode: windowed-one-state
Rows written: 92
Distinct states in output: IN
Rows per normalized timestamp (empty = unparseable):
  2024-11-05T15-30-22: 92
Wrote /home/ubuntu/apps/election-app/win_prob/P/IN/snapshots_IN.csv

$ /home/ubuntu/.venv/bin/python3 /home/ubuntu/apps/election-app/stats/6-pval.py /home/ubuntu/apps/election-app/win_prob/P/IN/snapshots_IN.csv -t /home/ubuntu/apps/election-app/stats/parameters.csv -o /home/ubuntu/apps/election-app/win_prob/P/IN/data_output_IN.csv -c 50
Done. Wrote: /home/ubuntu/apps/election-app/win_prob/P/IN/data_output_IN.csv
Total rows: 92 (chunked, resumable).
Computed columns for PVALS = [0.01, 0.1, 1, 2, 3, 5, 10, 15, 20, 25, 30, 35, 40, 45, 50, 55, 60, 65, 70, 75, 80, 85, 90, 95, 97, 98, 99, 99.9, 99.99]
Per p (leader): shift_{p}, margin_new_{p}, harris_percent_new_{p}, trump_percent_new_{p}, total_snapshot_{p}, total_expected_{p}, harris_votes_new_{p}, trump_votes_new_{p}
Per p (trailing): shift_trailing_{p}, margin_new_{p}_trailing, harris_percent_new_{p}_trailing, trump_percent_new_{p}_trailing, total_snapshot_{p}_trailing, total_expected_{p}_trailing, harris_votes_new_{p}_trailing, trump_votes_new_{p}_trailing
Checkpoint saved at: /home/ubuntu/apps/election-app/win_prob/P/IN/data_output_IN.csv.checkpoint.json

$ /home/ubuntu/.venv/bin/python3 /home/ubuntu/apps/election-app/stats/7-margin-new.py
Wrote data_output_with_margins_old.csv

$ /home/ubuntu/.venv/bin/python3 /home/ubuntu/apps/election-app/stats/7-eevp-statewide.py
Wrote data_output_with_margins.csv (copied from data_output_with_margins_old.csv)

$ /home/ubuntu/.venv/bin/python3 /home/ubuntu/apps/election-app/stats/7.py --input /home/ubuntu/apps/election-app/win_prob/P/IN/data_output_IN_with_margins_statewide_eevp.csv --output /home/ubuntu/apps/election-app/win_prob/P/IN/statewide_margin_pct_vs_percent_IN_2026.png --state IN --start 2024-11-05T15-30-22 --end 2024-11-05T15-30-22 --stats /home/ubuntu/apps/election-app/win_prob/P/IN/stats.csv --stats2 /home/ubuntu/apps/election-app/win_prob/P/IN/stats2.csv --interval 30 --year 2026 --jsonl /home/ubuntu/apps/election-app/win_prob/P/IN/plotdata_IN_2026_2026-01-23T03-00-59.jsonl
[info] evaluating 1 timestamps from 2024-11-05T15-30-22 to 2024-11-05T15-30-22 every 30 minutes
[saved] probs_timeseries_IN.csv  (1 points)
[saved] /home/ubuntu/apps/election-app/win_prob/P/IN/plotdata_IN_2026_2026-01-23T03-00-59.jsonl  (4 points)
[saved] /home/ubuntu/apps/election-app/win_prob/P/IN/statewide_margin_pct_vs_percent_IN_2026_box.json
[saved] /home/ubuntu/apps/election-app/win_prob/P/IN/statewide_margin_pct_vs_percent_IN_2026_box.png
[saved] /home/ubuntu/apps/election-app/win_prob/P/IN/statewide_margin_pct_vs_percent_IN_2026.png

All 50 states complete. See: /home/ubuntu/apps/election-app/win_prob/P/IN

$ /home/ubuntu/.venv/bin/python3 /home/ubuntu/apps/election-app/stats/8.py --root /home/ubuntu/apps/election-app/win_prob/P/IN/_work --outdir /home/ubuntu/apps/election-app/win_prob/P/IN
[info] root  = /home/ubuntu/apps/election-app/win_prob/P/IN/_work
[info] outdir= /home/ubuntu/apps/election-app/win_prob/P/IN
[deleted] /home/ubuntu/apps/election-app/win_prob/P/IN/_work/stats_with_statewide.csv
[deleted] /home/ubuntu/apps/election-app/win_prob/P/IN/_work/stats2_final_headers.csv
[deleted] /home/ubuntu/apps/election-app/win_prob/P/IN/_work/2024_county_results_with_final-old.csv
[deleted] /home/ubuntu/apps/election-app/win_prob/P/IN/_work/2024_county_results_with_final.csv
[deleted] /home/ubuntu/apps/election-app/win_prob/P/IN/_work/2024_county_results_with_final_1.csv
[deleted] /home/ubuntu/apps/election-app/win_prob/P/IN/_work/2024_county_results_with_calcs-old.csv
[deleted] /home/ubuntu/apps/election-app/win_prob/P/IN/_work/2024_county_results_with_calcs_new.csv
[deleted] /home/ubuntu/apps/election-app/win_prob/P/IN/_work/output_statewide_stats.csv
[skip]    /home/ubuntu/apps/election-app/win_prob/P/IN/_work/probs_timeseries_PA.csv
[deleted] /home/ubuntu/apps/election-app/win_prob/P/IN/_work/2024_county_results_with_calcs.csv
[skip]    /home/ubuntu/apps/election-app/win_prob/P/IN/data_output.csv
[skip]    /home/ubuntu/apps/election-app/win_prob/P/IN/data_output_with_margins_old.csv
[skip]    /home/ubuntu/apps/election-app/win_prob/P/IN/data_output_with_margins.csv
[skip]    /home/ubuntu/apps/election-app/win_prob/P/IN/data_output_with_margins-statewide.csv
[deleted] /home/ubuntu/apps/election-app/win_prob/P/IN/snapshots_IN.csv
[deleted] /home/ubuntu/apps/election-app/win_prob/P/IN/data_output_IN_with_margins.csv
[deleted] /home/ubuntu/apps/election-app/win_prob/P/IN/data_output_IN.csv
[deleted] /home/ubuntu/apps/election-app/win_prob/P/IN/data_output_IN_with_margins_statewide_eevp.csv
[deleted] /home/ubuntu/apps/election-app/win_prob/P/IN/data_output_IN.csv.checkpoint.json
[deleted] /home/ubuntu/apps/election-app/win_prob/P/IN/stats.csv
[deleted] /home/ubuntu/apps/election-app/win_prob/P/IN/stats2.csv
[done] removed 16 file(s)
[2026-01-23 03:08:01] INFO: [PIPELINE] args: office=P state=IN district=None
[2026-01-23 03:08:01] INFO: [PIPELINE] WINPROB_DIR resolved to: /home/ubuntu/apps/election-app/win_prob/P/IN
[2026-01-23 03:08:01] INFO: [PIPELINE] OUTDIR set to: /home/ubuntu/apps/election-app/win_prob/P/IN

$ /home/ubuntu/.venv/bin/python3 /home/ubuntu/apps/election-app/stats/1-statewide.py --input /home/ubuntu/apps/election-app/win_prob/P/IN/stats.csv --output /home/ubuntu/apps/election-app/win_prob/P/IN/_work/stats_with_statewide.csv
Wrote /home/ubuntu/apps/election-app/win_prob/P/IN/_work/stats_with_statewide.csv (rows=92)

$ /home/ubuntu/.venv/bin/python3 /home/ubuntu/apps/election-app/stats/1-stats-2.py --input /home/ubuntu/apps/election-app/win_prob/P/IN/stats2.csv --output /home/ubuntu/apps/election-app/win_prob/P/IN/_work/stats2_final_headers.csv
Wrote /home/ubuntu/apps/election-app/win_prob/P/IN/_work/stats2_final_headers.csv (rows=92)

$ /home/ubuntu/.venv/bin/python3 /home/ubuntu/apps/election-app/stats/1-append-new.py
Wrote 2024_county_results_with_final-old.csv (rows=92, missing_final_matches=0)

$ /home/ubuntu/.venv/bin/python3 /home/ubuntu/apps/election-app/stats/1-change_header.py
Wrote: 2024_county_results_with_final.csv

$ /home/ubuntu/.venv/bin/python3 /home/ubuntu/apps/election-app/stats/1-cut-zero-fips.py
Wrote: 2024_county_results_with_final_1.csv
Rows before: 92
Rows after:  92
Dropped (fips == 0): 0

$ /home/ubuntu/.venv/bin/python3 /home/ubuntu/apps/election-app/stats/2-calc.py
Wrote 92 rows with calculations to /home/ubuntu/apps/election-app/win_prob/P/IN/_work/2024_county_results_with_calcs-old.csv

$ /home/ubuntu/.venv/bin/python3 /home/ubuntu/apps/election-app/stats/2-eevp.py
Wrote (no-op copy): 2024_county_results_with_calcs.csv
Columns:
 - timestamp
 - state
 - county
 - fips
 - trump_votes
 - harris_votes
 - other_votes
 - eevp
 - state_eevp
 - harris_votes_statewide
 - trump_votes_statewide
 - other_votes_statewide
 - final_state
 - final_county
 - final_fips
 - final_trump_votes
 - final_harris_votes
 - final_other_votes
 - harris_percent_snapshot
 - trump_percent_snapshot
 - margin_snapshot
 - harris_percent_final
 - trump_percent_final
 - margin_final
 - margin_difference
 - margin_difference_abs

$ /home/ubuntu/.venv/bin/python3 /home/ubuntu/apps/election-app/stats/3-calc-new.py
Wrote 92 rows with new columns to /home/ubuntu/apps/election-app/win_prob/P/IN/_work/2024_county_results_with_calcs_new.csv

$ /home/ubuntu/.venv/bin/python3 /home/ubuntu/apps/election-app/stats/4-stats.py
Reading 2024_county_results_with_calcs_new.csv...
Aggregating statewide totals...
Calculating percentages and margins...
Writing to output_statewide_stats.csv...
Done!
[2026-01-23 03:08:11] INFO: [PIPELINE] ENTER win-prob generation | states=['IN'] ts_list=['2024-11-05T15-30-22']

============================================================================
[01/1] STATE = IN
============================================================================

$ /home/ubuntu/.venv/bin/python3 /home/ubuntu/apps/election-app/stats/5-snapshots.py --state IN --input /home/ubuntu/apps/election-app/win_prob/P/IN/_work/output_statewide_stats.csv --output /home/ubuntu/apps/election-app/win_prob/P/IN/snapshots_IN.csv --start 2024-11-05T15-30-22 --end 2024-11-05T15-30-22 --use-window 1 --interval 30
Mode: windowed-one-state
Rows written: 92
Distinct states in output: IN
Rows per normalized timestamp (empty = unparseable):
  2024-11-05T15-30-22: 92
Wrote /home/ubuntu/apps/election-app/win_prob/P/IN/snapshots_IN.csv

$ /home/ubuntu/.venv/bin/python3 /home/ubuntu/apps/election-app/stats/6-pval.py /home/ubuntu/apps/election-app/win_prob/P/IN/snapshots_IN.csv -t /home/ubuntu/apps/election-app/stats/parameters.csv -o /home/ubuntu/apps/election-app/win_prob/P/IN/data_output_IN.csv -c 50
Done. Wrote: /home/ubuntu/apps/election-app/win_prob/P/IN/data_output_IN.csv
Total rows: 92 (chunked, resumable).
Computed columns for PVALS = [0.01, 0.1, 1, 2, 3, 5, 10, 15, 20, 25, 30, 35, 40, 45, 50, 55, 60, 65, 70, 75, 80, 85, 90, 95, 97, 98, 99, 99.9, 99.99]
Per p (leader): shift_{p}, margin_new_{p}, harris_percent_new_{p}, trump_percent_new_{p}, total_snapshot_{p}, total_expected_{p}, harris_votes_new_{p}, trump_votes_new_{p}
Per p (trailing): shift_trailing_{p}, margin_new_{p}_trailing, harris_percent_new_{p}_trailing, trump_percent_new_{p}_trailing, total_snapshot_{p}_trailing, total_expected_{p}_trailing, harris_votes_new_{p}_trailing, trump_votes_new_{p}_trailing
Checkpoint saved at: /home/ubuntu/apps/election-app/win_prob/P/IN/data_output_IN.csv.checkpoint.json

$ /home/ubuntu/.venv/bin/python3 /home/ubuntu/apps/election-app/stats/7-margin-new.py
Wrote data_output_with_margins_old.csv

$ /home/ubuntu/.venv/bin/python3 /home/ubuntu/apps/election-app/stats/7-eevp-statewide.py
Wrote data_output_with_margins.csv (copied from data_output_with_margins_old.csv)

$ /home/ubuntu/.venv/bin/python3 /home/ubuntu/apps/election-app/stats/7.py --input /home/ubuntu/apps/election-app/win_prob/P/IN/data_output_IN_with_margins_statewide_eevp.csv --output /home/ubuntu/apps/election-app/win_prob/P/IN/statewide_margin_pct_vs_percent_IN_2026.png --state IN --start 2024-11-05T15-30-22 --end 2024-11-05T15-30-22 --stats /home/ubuntu/apps/election-app/win_prob/P/IN/stats.csv --stats2 /home/ubuntu/apps/election-app/win_prob/P/IN/stats2.csv --interval 30 --year 2026 --jsonl /home/ubuntu/apps/election-app/win_prob/P/IN/plotdata_IN_2026_2026-01-23T03-08-01.jsonl
[info] evaluating 1 timestamps from 2024-11-05T15-30-22 to 2024-11-05T15-30-22 every 30 minutes
[saved] probs_timeseries_IN.csv  (1 points)
[saved] /home/ubuntu/apps/election-app/win_prob/P/IN/plotdata_IN_2026_2026-01-23T03-08-01.jsonl  (4 points)
[saved] /home/ubuntu/apps/election-app/win_prob/P/IN/statewide_margin_pct_vs_percent_IN_2026_box.json
[saved] /home/ubuntu/apps/election-app/win_prob/P/IN/statewide_margin_pct_vs_percent_IN_2026_box.png
[saved] /home/ubuntu/apps/election-app/win_prob/P/IN/statewide_margin_pct_vs_percent_IN_2026.png

All 50 states complete. See: /home/ubuntu/apps/election-app/win_prob/P/IN

$ /home/ubuntu/.venv/bin/python3 /home/ubuntu/apps/election-app/stats/8.py --root /home/ubuntu/apps/election-app/win_prob/P/IN/_work --outdir /home/ubuntu/apps/election-app/win_prob/P/IN
[info] root  = /home/ubuntu/apps/election-app/win_prob/P/IN/_work
[info] outdir= /home/ubuntu/apps/election-app/win_prob/P/IN
[deleted] /home/ubuntu/apps/election-app/win_prob/P/IN/_work/stats_with_statewide.csv
[deleted] /home/ubuntu/apps/election-app/win_prob/P/IN/_work/stats2_final_headers.csv
[deleted] /home/ubuntu/apps/election-app/win_prob/P/IN/_work/2024_county_results_with_final-old.csv
[deleted] /home/ubuntu/apps/election-app/win_prob/P/IN/_work/2024_county_results_with_final.csv
[deleted] /home/ubuntu/apps/election-app/win_prob/P/IN/_work/2024_county_results_with_final_1.csv
[deleted] /home/ubuntu/apps/election-app/win_prob/P/IN/_work/2024_county_results_with_calcs-old.csv
[deleted] /home/ubuntu/apps/election-app/win_prob/P/IN/_work/2024_county_results_with_calcs_new.csv
[deleted] /home/ubuntu/apps/election-app/win_prob/P/IN/_work/output_statewide_stats.csv
[skip]    /home/ubuntu/apps/election-app/win_prob/P/IN/_work/probs_timeseries_PA.csv
[deleted] /home/ubuntu/apps/election-app/win_prob/P/IN/_work/2024_county_results_with_calcs.csv
[skip]    /home/ubuntu/apps/election-app/win_prob/P/IN/data_output.csv
[skip]    /home/ubuntu/apps/election-app/win_prob/P/IN/data_output_with_margins_old.csv
[skip]    /home/ubuntu/apps/election-app/win_prob/P/IN/data_output_with_margins.csv
[skip]    /home/ubuntu/apps/election-app/win_prob/P/IN/data_output_with_margins-statewide.csv
[deleted] /home/ubuntu/apps/election-app/win_prob/P/IN/snapshots_IN.csv
[deleted] /home/ubuntu/apps/election-app/win_prob/P/IN/data_output_IN_with_margins.csv
[deleted] /home/ubuntu/apps/election-app/win_prob/P/IN/data_output_IN.csv
[deleted] /home/ubuntu/apps/election-app/win_prob/P/IN/data_output_IN_with_margins_statewide_eevp.csv
[deleted] /home/ubuntu/apps/election-app/win_prob/P/IN/data_output_IN.csv.checkpoint.json
[deleted] /home/ubuntu/apps/election-app/win_prob/P/IN/stats.csv
[deleted] /home/ubuntu/apps/election-app/win_prob/P/IN/stats2.csv
[done] removed 16 file(s)
[2026-01-23 03:15:04] INFO: [PIPELINE] args: office=P state=IN district=None
[2026-01-23 03:15:04] INFO: [PIPELINE] WINPROB_DIR resolved to: /home/ubuntu/apps/election-app/win_prob/P/IN
[2026-01-23 03:15:04] INFO: [PIPELINE] OUTDIR set to: /home/ubuntu/apps/election-app/win_prob/P/IN

$ /home/ubuntu/.venv/bin/python3 /home/ubuntu/apps/election-app/stats/1-statewide.py --input /home/ubuntu/apps/election-app/win_prob/P/IN/stats.csv --output /home/ubuntu/apps/election-app/win_prob/P/IN/_work/stats_with_statewide.csv
Wrote /home/ubuntu/apps/election-app/win_prob/P/IN/_work/stats_with_statewide.csv (rows=92)

$ /home/ubuntu/.venv/bin/python3 /home/ubuntu/apps/election-app/stats/1-stats-2.py --input /home/ubuntu/apps/election-app/win_prob/P/IN/stats2.csv --output /home/ubuntu/apps/election-app/win_prob/P/IN/_work/stats2_final_headers.csv
Wrote /home/ubuntu/apps/election-app/win_prob/P/IN/_work/stats2_final_headers.csv (rows=92)

$ /home/ubuntu/.venv/bin/python3 /home/ubuntu/apps/election-app/stats/1-append-new.py
Wrote 2024_county_results_with_final-old.csv (rows=92, missing_final_matches=0)

$ /home/ubuntu/.venv/bin/python3 /home/ubuntu/apps/election-app/stats/1-change_header.py
Wrote: 2024_county_results_with_final.csv

$ /home/ubuntu/.venv/bin/python3 /home/ubuntu/apps/election-app/stats/1-cut-zero-fips.py
Wrote: 2024_county_results_with_final_1.csv
Rows before: 92
Rows after:  92
Dropped (fips == 0): 0

$ /home/ubuntu/.venv/bin/python3 /home/ubuntu/apps/election-app/stats/2-calc.py
Wrote 92 rows with calculations to /home/ubuntu/apps/election-app/win_prob/P/IN/_work/2024_county_results_with_calcs-old.csv

$ /home/ubuntu/.venv/bin/python3 /home/ubuntu/apps/election-app/stats/2-eevp.py
Wrote (no-op copy): 2024_county_results_with_calcs.csv
Columns:
 - timestamp
 - state
 - county
 - fips
 - trump_votes
 - harris_votes
 - other_votes
 - eevp
 - state_eevp
 - harris_votes_statewide
 - trump_votes_statewide
 - other_votes_statewide
 - final_state
 - final_county
 - final_fips
 - final_trump_votes
 - final_harris_votes
 - final_other_votes
 - harris_percent_snapshot
 - trump_percent_snapshot
 - margin_snapshot
 - harris_percent_final
 - trump_percent_final
 - margin_final
 - margin_difference
 - margin_difference_abs

$ /home/ubuntu/.venv/bin/python3 /home/ubuntu/apps/election-app/stats/3-calc-new.py
Wrote 92 rows with new columns to /home/ubuntu/apps/election-app/win_prob/P/IN/_work/2024_county_results_with_calcs_new.csv

$ /home/ubuntu/.venv/bin/python3 /home/ubuntu/apps/election-app/stats/4-stats.py
Reading 2024_county_results_with_calcs_new.csv...
Aggregating statewide totals...
Calculating percentages and margins...
Writing to output_statewide_stats.csv...
Done!
[2026-01-23 03:15:14] INFO: [PIPELINE] ENTER win-prob generation | states=['IN'] ts_list=['2024-11-05T15-30-22']

============================================================================
[01/1] STATE = IN
============================================================================

$ /home/ubuntu/.venv/bin/python3 /home/ubuntu/apps/election-app/stats/5-snapshots.py --state IN --input /home/ubuntu/apps/election-app/win_prob/P/IN/_work/output_statewide_stats.csv --output /home/ubuntu/apps/election-app/win_prob/P/IN/snapshots_IN.csv --start 2024-11-05T15-30-22 --end 2024-11-05T15-30-22 --use-window 1 --interval 30
Mode: windowed-one-state
Rows written: 92
Distinct states in output: IN
Rows per normalized timestamp (empty = unparseable):
  2024-11-05T15-30-22: 92
Wrote /home/ubuntu/apps/election-app/win_prob/P/IN/snapshots_IN.csv

$ /home/ubuntu/.venv/bin/python3 /home/ubuntu/apps/election-app/stats/6-pval.py /home/ubuntu/apps/election-app/win_prob/P/IN/snapshots_IN.csv -t /home/ubuntu/apps/election-app/stats/parameters.csv -o /home/ubuntu/apps/election-app/win_prob/P/IN/data_output_IN.csv -c 50
Done. Wrote: /home/ubuntu/apps/election-app/win_prob/P/IN/data_output_IN.csv
Total rows: 92 (chunked, resumable).
Computed columns for PVALS = [0.01, 0.1, 1, 2, 3, 5, 10, 15, 20, 25, 30, 35, 40, 45, 50, 55, 60, 65, 70, 75, 80, 85, 90, 95, 97, 98, 99, 99.9, 99.99]
Per p (leader): shift_{p}, margin_new_{p}, harris_percent_new_{p}, trump_percent_new_{p}, total_snapshot_{p}, total_expected_{p}, harris_votes_new_{p}, trump_votes_new_{p}
Per p (trailing): shift_trailing_{p}, margin_new_{p}_trailing, harris_percent_new_{p}_trailing, trump_percent_new_{p}_trailing, total_snapshot_{p}_trailing, total_expected_{p}_trailing, harris_votes_new_{p}_trailing, trump_votes_new_{p}_trailing
Checkpoint saved at: /home/ubuntu/apps/election-app/win_prob/P/IN/data_output_IN.csv.checkpoint.json

$ /home/ubuntu/.venv/bin/python3 /home/ubuntu/apps/election-app/stats/7-margin-new.py
Wrote data_output_with_margins_old.csv

$ /home/ubuntu/.venv/bin/python3 /home/ubuntu/apps/election-app/stats/7-eevp-statewide.py
Wrote data_output_with_margins.csv (copied from data_output_with_margins_old.csv)

$ /home/ubuntu/.venv/bin/python3 /home/ubuntu/apps/election-app/stats/7.py --input /home/ubuntu/apps/election-app/win_prob/P/IN/data_output_IN_with_margins_statewide_eevp.csv --output /home/ubuntu/apps/election-app/win_prob/P/IN/statewide_margin_pct_vs_percent_IN_2026.png --state IN --start 2024-11-05T15-30-22 --end 2024-11-05T15-30-22 --stats /home/ubuntu/apps/election-app/win_prob/P/IN/stats.csv --stats2 /home/ubuntu/apps/election-app/win_prob/P/IN/stats2.csv --interval 30 --year 2026 --jsonl /home/ubuntu/apps/election-app/win_prob/P/IN/plotdata_IN_2026_2026-01-23T03-15-04.jsonl
[info] evaluating 1 timestamps from 2024-11-05T15-30-22 to 2024-11-05T15-30-22 every 30 minutes
[saved] probs_timeseries_IN.csv  (1 points)
[saved] /home/ubuntu/apps/election-app/win_prob/P/IN/plotdata_IN_2026_2026-01-23T03-15-04.jsonl  (4 points)
[saved] /home/ubuntu/apps/election-app/win_prob/P/IN/statewide_margin_pct_vs_percent_IN_2026_box.json
[saved] /home/ubuntu/apps/election-app/win_prob/P/IN/statewide_margin_pct_vs_percent_IN_2026_box.png
[saved] /home/ubuntu/apps/election-app/win_prob/P/IN/statewide_margin_pct_vs_percent_IN_2026.png

All 50 states complete. See: /home/ubuntu/apps/election-app/win_prob/P/IN

$ /home/ubuntu/.venv/bin/python3 /home/ubuntu/apps/election-app/stats/8.py --root /home/ubuntu/apps/election-app/win_prob/P/IN/_work --outdir /home/ubuntu/apps/election-app/win_prob/P/IN
[info] root  = /home/ubuntu/apps/election-app/win_prob/P/IN/_work
[info] outdir= /home/ubuntu/apps/election-app/win_prob/P/IN
[deleted] /home/ubuntu/apps/election-app/win_prob/P/IN/_work/stats_with_statewide.csv
[deleted] /home/ubuntu/apps/election-app/win_prob/P/IN/_work/stats2_final_headers.csv
[deleted] /home/ubuntu/apps/election-app/win_prob/P/IN/_work/2024_county_results_with_final-old.csv
[deleted] /home/ubuntu/apps/election-app/win_prob/P/IN/_work/2024_county_results_with_final.csv
[deleted] /home/ubuntu/apps/election-app/win_prob/P/IN/_work/2024_county_results_with_final_1.csv
[deleted] /home/ubuntu/apps/election-app/win_prob/P/IN/_work/2024_county_results_with_calcs-old.csv
[deleted] /home/ubuntu/apps/election-app/win_prob/P/IN/_work/2024_county_results_with_calcs_new.csv
[deleted] /home/ubuntu/apps/election-app/win_prob/P/IN/_work/output_statewide_stats.csv
[skip]    /home/ubuntu/apps/election-app/win_prob/P/IN/_work/probs_timeseries_PA.csv
[deleted] /home/ubuntu/apps/election-app/win_prob/P/IN/_work/2024_county_results_with_calcs.csv
[skip]    /home/ubuntu/apps/election-app/win_prob/P/IN/data_output.csv
[skip]    /home/ubuntu/apps/election-app/win_prob/P/IN/data_output_with_margins_old.csv
[skip]    /home/ubuntu/apps/election-app/win_prob/P/IN/data_output_with_margins.csv
[skip]    /home/ubuntu/apps/election-app/win_prob/P/IN/data_output_with_margins-statewide.csv
[deleted] /home/ubuntu/apps/election-app/win_prob/P/IN/snapshots_IN.csv
[deleted] /home/ubuntu/apps/election-app/win_prob/P/IN/data_output_IN_with_margins.csv
[deleted] /home/ubuntu/apps/election-app/win_prob/P/IN/data_output_IN.csv
[deleted] /home/ubuntu/apps/election-app/win_prob/P/IN/data_output_IN_with_margins_statewide_eevp.csv
[deleted] /home/ubuntu/apps/election-app/win_prob/P/IN/data_output_IN.csv.checkpoint.json
[deleted] /home/ubuntu/apps/election-app/win_prob/P/IN/stats.csv
[deleted] /home/ubuntu/apps/election-app/win_prob/P/IN/stats2.csv
[done] removed 16 file(s)
[2026-01-23 03:22:07] INFO: [PIPELINE] args: office=P state=IN district=None
[2026-01-23 03:22:07] INFO: [PIPELINE] WINPROB_DIR resolved to: /home/ubuntu/apps/election-app/win_prob/P/IN
[2026-01-23 03:22:07] INFO: [PIPELINE] OUTDIR set to: /home/ubuntu/apps/election-app/win_prob/P/IN

$ /home/ubuntu/.venv/bin/python3 /home/ubuntu/apps/election-app/stats/1-statewide.py --input /home/ubuntu/apps/election-app/win_prob/P/IN/stats.csv --output /home/ubuntu/apps/election-app/win_prob/P/IN/_work/stats_with_statewide.csv
Wrote /home/ubuntu/apps/election-app/win_prob/P/IN/_work/stats_with_statewide.csv (rows=92)

$ /home/ubuntu/.venv/bin/python3 /home/ubuntu/apps/election-app/stats/1-stats-2.py --input /home/ubuntu/apps/election-app/win_prob/P/IN/stats2.csv --output /home/ubuntu/apps/election-app/win_prob/P/IN/_work/stats2_final_headers.csv
Wrote /home/ubuntu/apps/election-app/win_prob/P/IN/_work/stats2_final_headers.csv (rows=92)

$ /home/ubuntu/.venv/bin/python3 /home/ubuntu/apps/election-app/stats/1-append-new.py
Wrote 2024_county_results_with_final-old.csv (rows=92, missing_final_matches=0)

$ /home/ubuntu/.venv/bin/python3 /home/ubuntu/apps/election-app/stats/1-change_header.py
Wrote: 2024_county_results_with_final.csv

$ /home/ubuntu/.venv/bin/python3 /home/ubuntu/apps/election-app/stats/1-cut-zero-fips.py
Wrote: 2024_county_results_with_final_1.csv
Rows before: 92
Rows after:  92
Dropped (fips == 0): 0

$ /home/ubuntu/.venv/bin/python3 /home/ubuntu/apps/election-app/stats/2-calc.py
Wrote 92 rows with calculations to /home/ubuntu/apps/election-app/win_prob/P/IN/_work/2024_county_results_with_calcs-old.csv

$ /home/ubuntu/.venv/bin/python3 /home/ubuntu/apps/election-app/stats/2-eevp.py
Wrote (no-op copy): 2024_county_results_with_calcs.csv
Columns:
 - timestamp
 - state
 - county
 - fips
 - trump_votes
 - harris_votes
 - other_votes
 - eevp
 - state_eevp
 - harris_votes_statewide
 - trump_votes_statewide
 - other_votes_statewide
 - final_state
 - final_county
 - final_fips
 - final_trump_votes
 - final_harris_votes
 - final_other_votes
 - harris_percent_snapshot
 - trump_percent_snapshot
 - margin_snapshot
 - harris_percent_final
 - trump_percent_final
 - margin_final
 - margin_difference
 - margin_difference_abs

$ /home/ubuntu/.venv/bin/python3 /home/ubuntu/apps/election-app/stats/3-calc-new.py
Wrote 92 rows with new columns to /home/ubuntu/apps/election-app/win_prob/P/IN/_work/2024_county_results_with_calcs_new.csv

$ /home/ubuntu/.venv/bin/python3 /home/ubuntu/apps/election-app/stats/4-stats.py
Reading 2024_county_results_with_calcs_new.csv...
Aggregating statewide totals...
Calculating percentages and margins...
Writing to output_statewide_stats.csv...
Done!
[2026-01-23 03:22:17] INFO: [PIPELINE] ENTER win-prob generation | states=['IN'] ts_list=['2024-11-05T15-30-22']

============================================================================
[01/1] STATE = IN
============================================================================

$ /home/ubuntu/.venv/bin/python3 /home/ubuntu/apps/election-app/stats/5-snapshots.py --state IN --input /home/ubuntu/apps/election-app/win_prob/P/IN/_work/output_statewide_stats.csv --output /home/ubuntu/apps/election-app/win_prob/P/IN/snapshots_IN.csv --start 2024-11-05T15-30-22 --end 2024-11-05T15-30-22 --use-window 1 --interval 30
Mode: windowed-one-state
Rows written: 92
Distinct states in output: IN
Rows per normalized timestamp (empty = unparseable):
  2024-11-05T15-30-22: 92
Wrote /home/ubuntu/apps/election-app/win_prob/P/IN/snapshots_IN.csv

$ /home/ubuntu/.venv/bin/python3 /home/ubuntu/apps/election-app/stats/6-pval.py /home/ubuntu/apps/election-app/win_prob/P/IN/snapshots_IN.csv -t /home/ubuntu/apps/election-app/stats/parameters.csv -o /home/ubuntu/apps/election-app/win_prob/P/IN/data_output_IN.csv -c 50
Done. Wrote: /home/ubuntu/apps/election-app/win_prob/P/IN/data_output_IN.csv
Total rows: 92 (chunked, resumable).
Computed columns for PVALS = [0.01, 0.1, 1, 2, 3, 5, 10, 15, 20, 25, 30, 35, 40, 45, 50, 55, 60, 65, 70, 75, 80, 85, 90, 95, 97, 98, 99, 99.9, 99.99]
Per p (leader): shift_{p}, margin_new_{p}, harris_percent_new_{p}, trump_percent_new_{p}, total_snapshot_{p}, total_expected_{p}, harris_votes_new_{p}, trump_votes_new_{p}
Per p (trailing): shift_trailing_{p}, margin_new_{p}_trailing, harris_percent_new_{p}_trailing, trump_percent_new_{p}_trailing, total_snapshot_{p}_trailing, total_expected_{p}_trailing, harris_votes_new_{p}_trailing, trump_votes_new_{p}_trailing
Checkpoint saved at: /home/ubuntu/apps/election-app/win_prob/P/IN/data_output_IN.csv.checkpoint.json

$ /home/ubuntu/.venv/bin/python3 /home/ubuntu/apps/election-app/stats/7-margin-new.py
Wrote data_output_with_margins_old.csv

$ /home/ubuntu/.venv/bin/python3 /home/ubuntu/apps/election-app/stats/7-eevp-statewide.py
Wrote data_output_with_margins.csv (copied from data_output_with_margins_old.csv)

$ /home/ubuntu/.venv/bin/python3 /home/ubuntu/apps/election-app/stats/7.py --input /home/ubuntu/apps/election-app/win_prob/P/IN/data_output_IN_with_margins_statewide_eevp.csv --output /home/ubuntu/apps/election-app/win_prob/P/IN/statewide_margin_pct_vs_percent_IN_2026.png --state IN --start 2024-11-05T15-30-22 --end 2024-11-05T15-30-22 --stats /home/ubuntu/apps/election-app/win_prob/P/IN/stats.csv --stats2 /home/ubuntu/apps/election-app/win_prob/P/IN/stats2.csv --interval 30 --year 2026 --jsonl /home/ubuntu/apps/election-app/win_prob/P/IN/plotdata_IN_2026_2026-01-23T03-22-07.jsonl
[info] evaluating 1 timestamps from 2024-11-05T15-30-22 to 2024-11-05T15-30-22 every 30 minutes
[saved] probs_timeseries_IN.csv  (1 points)
[saved] /home/ubuntu/apps/election-app/win_prob/P/IN/plotdata_IN_2026_2026-01-23T03-22-07.jsonl  (4 points)
[saved] /home/ubuntu/apps/election-app/win_prob/P/IN/statewide_margin_pct_vs_percent_IN_2026_box.json
[saved] /home/ubuntu/apps/election-app/win_prob/P/IN/statewide_margin_pct_vs_percent_IN_2026_box.png
[saved] /home/ubuntu/apps/election-app/win_prob/P/IN/statewide_margin_pct_vs_percent_IN_2026.png

All 50 states complete. See: /home/ubuntu/apps/election-app/win_prob/P/IN

$ /home/ubuntu/.venv/bin/python3 /home/ubuntu/apps/election-app/stats/8.py --root /home/ubuntu/apps/election-app/win_prob/P/IN/_work --outdir /home/ubuntu/apps/election-app/win_prob/P/IN
[info] root  = /home/ubuntu/apps/election-app/win_prob/P/IN/_work
[info] outdir= /home/ubuntu/apps/election-app/win_prob/P/IN
[deleted] /home/ubuntu/apps/election-app/win_prob/P/IN/_work/stats_with_statewide.csv
[deleted] /home/ubuntu/apps/election-app/win_prob/P/IN/_work/stats2_final_headers.csv
[deleted] /home/ubuntu/apps/election-app/win_prob/P/IN/_work/2024_county_results_with_final-old.csv
[deleted] /home/ubuntu/apps/election-app/win_prob/P/IN/_work/2024_county_results_with_final.csv
[deleted] /home/ubuntu/apps/election-app/win_prob/P/IN/_work/2024_county_results_with_final_1.csv
[deleted] /home/ubuntu/apps/election-app/win_prob/P/IN/_work/2024_county_results_with_calcs-old.csv
[deleted] /home/ubuntu/apps/election-app/win_prob/P/IN/_work/2024_county_results_with_calcs_new.csv
[deleted] /home/ubuntu/apps/election-app/win_prob/P/IN/_work/output_statewide_stats.csv
[skip]    /home/ubuntu/apps/election-app/win_prob/P/IN/_work/probs_timeseries_PA.csv
[deleted] /home/ubuntu/apps/election-app/win_prob/P/IN/_work/2024_county_results_with_calcs.csv
[skip]    /home/ubuntu/apps/election-app/win_prob/P/IN/data_output.csv
[skip]    /home/ubuntu/apps/election-app/win_prob/P/IN/data_output_with_margins_old.csv
[skip]    /home/ubuntu/apps/election-app/win_prob/P/IN/data_output_with_margins.csv
[skip]    /home/ubuntu/apps/election-app/win_prob/P/IN/data_output_with_margins-statewide.csv
[deleted] /home/ubuntu/apps/election-app/win_prob/P/IN/snapshots_IN.csv
[deleted] /home/ubuntu/apps/election-app/win_prob/P/IN/data_output_IN_with_margins.csv
[deleted] /home/ubuntu/apps/election-app/win_prob/P/IN/data_output_IN.csv
[deleted] /home/ubuntu/apps/election-app/win_prob/P/IN/data_output_IN_with_margins_statewide_eevp.csv
[deleted] /home/ubuntu/apps/election-app/win_prob/P/IN/data_output_IN.csv.checkpoint.json
[deleted] /home/ubuntu/apps/election-app/win_prob/P/IN/stats.csv
[deleted] /home/ubuntu/apps/election-app/win_prob/P/IN/stats2.csv
[done] removed 16 file(s)
[2026-01-25 00:54:46] INFO: [PIPELINE] args: office=P state=IN district=None
[2026-01-25 00:54:46] INFO: [PIPELINE] WINPROB_DIR resolved to: /home/ubuntu/apps/election-app/win_prob/P/IN
[2026-01-25 00:54:46] INFO: [PIPELINE] OUTDIR set to: /home/ubuntu/apps/election-app/win_prob/P/IN

$ /home/ubuntu/.venv/bin/python3 /home/ubuntu/apps/election-app/stats/1-statewide.py --input /home/ubuntu/apps/election-app/win_prob/P/IN/stats.csv --output /home/ubuntu/apps/election-app/win_prob/P/IN/_work/stats_with_statewide.csv
Wrote /home/ubuntu/apps/election-app/win_prob/P/IN/_work/stats_with_statewide.csv (rows=92)

$ /home/ubuntu/.venv/bin/python3 /home/ubuntu/apps/election-app/stats/1-stats-2.py --input /home/ubuntu/apps/election-app/win_prob/P/IN/stats2.csv --output /home/ubuntu/apps/election-app/win_prob/P/IN/_work/stats2_final_headers.csv
Wrote /home/ubuntu/apps/election-app/win_prob/P/IN/_work/stats2_final_headers.csv (rows=92)

$ /home/ubuntu/.venv/bin/python3 /home/ubuntu/apps/election-app/stats/1-append-new.py
Wrote 2024_county_results_with_final-old.csv (rows=92, missing_final_matches=0)

$ /home/ubuntu/.venv/bin/python3 /home/ubuntu/apps/election-app/stats/1-change_header.py
Wrote: 2024_county_results_with_final.csv

$ /home/ubuntu/.venv/bin/python3 /home/ubuntu/apps/election-app/stats/1-cut-zero-fips.py
Wrote: 2024_county_results_with_final_1.csv
Rows before: 92
Rows after:  92
Dropped (fips == 0): 0

$ /home/ubuntu/.venv/bin/python3 /home/ubuntu/apps/election-app/stats/2-calc.py
Wrote 92 rows with calculations to /home/ubuntu/apps/election-app/win_prob/P/IN/_work/2024_county_results_with_calcs-old.csv

$ /home/ubuntu/.venv/bin/python3 /home/ubuntu/apps/election-app/stats/2-eevp.py
Wrote (no-op copy): 2024_county_results_with_calcs.csv
Columns:
 - timestamp
 - state
 - county
 - fips
 - trump_votes
 - harris_votes
 - other_votes
 - eevp
 - state_eevp
 - harris_votes_statewide
 - trump_votes_statewide
 - other_votes_statewide
 - final_state
 - final_county
 - final_fips
 - final_trump_votes
 - final_harris_votes
 - final_other_votes
 - harris_percent_snapshot
 - trump_percent_snapshot
 - margin_snapshot
 - harris_percent_final
 - trump_percent_final
 - margin_final
 - margin_difference
 - margin_difference_abs

$ /home/ubuntu/.venv/bin/python3 /home/ubuntu/apps/election-app/stats/3-calc-new.py
Wrote 92 rows with new columns to /home/ubuntu/apps/election-app/win_prob/P/IN/_work/2024_county_results_with_calcs_new.csv

$ /home/ubuntu/.venv/bin/python3 /home/ubuntu/apps/election-app/stats/4-stats.py
Reading 2024_county_results_with_calcs_new.csv...
Aggregating statewide totals...
Calculating percentages and margins...
Writing to output_statewide_stats.csv...
Done!
[2026-01-25 00:54:56] INFO: [PIPELINE] ENTER win-prob generation | states=['IN'] ts_list=['2024-11-05T15-30-22']

============================================================================
[01/1] STATE = IN
============================================================================

$ /home/ubuntu/.venv/bin/python3 /home/ubuntu/apps/election-app/stats/5-snapshots.py --state IN --input /home/ubuntu/apps/election-app/win_prob/P/IN/_work/output_statewide_stats.csv --output /home/ubuntu/apps/election-app/win_prob/P/IN/snapshots_IN.csv --start 2024-11-05T15-30-22 --end 2024-11-05T15-30-22 --use-window 1 --interval 30
Mode: windowed-one-state
Rows written: 92
Distinct states in output: IN
Rows per normalized timestamp (empty = unparseable):
  2024-11-05T15-30-22: 92
Wrote /home/ubuntu/apps/election-app/win_prob/P/IN/snapshots_IN.csv

$ /home/ubuntu/.venv/bin/python3 /home/ubuntu/apps/election-app/stats/6-pval.py /home/ubuntu/apps/election-app/win_prob/P/IN/snapshots_IN.csv -t /home/ubuntu/apps/election-app/stats/parameters.csv -o /home/ubuntu/apps/election-app/win_prob/P/IN/data_output_IN.csv -c 50
Done. Wrote: /home/ubuntu/apps/election-app/win_prob/P/IN/data_output_IN.csv
Total rows: 92 (chunked, resumable).
Computed columns for PVALS = [0.01, 0.1, 1, 2, 3, 5, 10, 15, 20, 25, 30, 35, 40, 45, 50, 55, 60, 65, 70, 75, 80, 85, 90, 95, 97, 98, 99, 99.9, 99.99]
Per p (leader): shift_{p}, margin_new_{p}, harris_percent_new_{p}, trump_percent_new_{p}, total_snapshot_{p}, total_expected_{p}, harris_votes_new_{p}, trump_votes_new_{p}
Per p (trailing): shift_trailing_{p}, margin_new_{p}_trailing, harris_percent_new_{p}_trailing, trump_percent_new_{p}_trailing, total_snapshot_{p}_trailing, total_expected_{p}_trailing, harris_votes_new_{p}_trailing, trump_votes_new_{p}_trailing
Checkpoint saved at: /home/ubuntu/apps/election-app/win_prob/P/IN/data_output_IN.csv.checkpoint.json

$ /home/ubuntu/.venv/bin/python3 /home/ubuntu/apps/election-app/stats/7-margin-new.py
Wrote data_output_with_margins_old.csv

$ /home/ubuntu/.venv/bin/python3 /home/ubuntu/apps/election-app/stats/7-eevp-statewide.py
Wrote data_output_with_margins.csv (copied from data_output_with_margins_old.csv)

$ /home/ubuntu/.venv/bin/python3 /home/ubuntu/apps/election-app/stats/7.py --input /home/ubuntu/apps/election-app/win_prob/P/IN/data_output_IN_with_margins_statewide_eevp.csv --output /home/ubuntu/apps/election-app/win_prob/P/IN/statewide_margin_pct_vs_percent_IN_2026.png --state IN --start 2024-11-05T15-30-22 --end 2024-11-05T15-30-22 --stats /home/ubuntu/apps/election-app/win_prob/P/IN/stats.csv --stats2 /home/ubuntu/apps/election-app/win_prob/P/IN/stats2.csv --interval 30 --year 2026 --jsonl /home/ubuntu/apps/election-app/win_prob/P/IN/plotdata_IN_2026_2026-01-25T00-54-46.jsonl
[info] evaluating 1 timestamps from 2024-11-05T15-30-22 to 2024-11-05T15-30-22 every 30 minutes
[saved] probs_timeseries_IN.csv  (1 points)
[saved] /home/ubuntu/apps/election-app/win_prob/P/IN/plotdata_IN_2026_2026-01-25T00-54-46.jsonl  (0 points)
[saved] /home/ubuntu/apps/election-app/win_prob/P/IN/statewide_margin_pct_vs_percent_IN_2026_box.json
[saved] /home/ubuntu/apps/election-app/win_prob/P/IN/statewide_margin_pct_vs_percent_IN_2026_box.png
[saved] /home/ubuntu/apps/election-app/win_prob/P/IN/statewide_margin_pct_vs_percent_IN_2026.png

All 50 states complete. See: /home/ubuntu/apps/election-app/win_prob/P/IN

$ /home/ubuntu/.venv/bin/python3 /home/ubuntu/apps/election-app/stats/8.py --root /home/ubuntu/apps/election-app/win_prob/P/IN/_work --outdir /home/ubuntu/apps/election-app/win_prob/P/IN
[info] root  = /home/ubuntu/apps/election-app/win_prob/P/IN/_work
[info] outdir= /home/ubuntu/apps/election-app/win_prob/P/IN
[deleted] /home/ubuntu/apps/election-app/win_prob/P/IN/_work/stats_with_statewide.csv
[deleted] /home/ubuntu/apps/election-app/win_prob/P/IN/_work/stats2_final_headers.csv
[deleted] /home/ubuntu/apps/election-app/win_prob/P/IN/_work/2024_county_results_with_final-old.csv
[deleted] /home/ubuntu/apps/election-app/win_prob/P/IN/_work/2024_county_results_with_final.csv
[deleted] /home/ubuntu/apps/election-app/win_prob/P/IN/_work/2024_county_results_with_final_1.csv
[deleted] /home/ubuntu/apps/election-app/win_prob/P/IN/_work/2024_county_results_with_calcs-old.csv
[deleted] /home/ubuntu/apps/election-app/win_prob/P/IN/_work/2024_county_results_with_calcs_new.csv
[deleted] /home/ubuntu/apps/election-app/win_prob/P/IN/_work/output_statewide_stats.csv
[skip]    /home/ubuntu/apps/election-app/win_prob/P/IN/_work/probs_timeseries_PA.csv
[deleted] /home/ubuntu/apps/election-app/win_prob/P/IN/_work/2024_county_results_with_calcs.csv
[skip]    /home/ubuntu/apps/election-app/win_prob/P/IN/data_output.csv
[skip]    /home/ubuntu/apps/election-app/win_prob/P/IN/data_output_with_margins_old.csv
[skip]    /home/ubuntu/apps/election-app/win_prob/P/IN/data_output_with_margins.csv
[skip]    /home/ubuntu/apps/election-app/win_prob/P/IN/data_output_with_margins-statewide.csv
[deleted] /home/ubuntu/apps/election-app/win_prob/P/IN/snapshots_IN.csv
[deleted] /home/ubuntu/apps/election-app/win_prob/P/IN/data_output_IN_with_margins.csv
[deleted] /home/ubuntu/apps/election-app/win_prob/P/IN/data_output_IN.csv
[deleted] /home/ubuntu/apps/election-app/win_prob/P/IN/data_output_IN_with_margins_statewide_eevp.csv
[deleted] /home/ubuntu/apps/election-app/win_prob/P/IN/data_output_IN.csv.checkpoint.json
[deleted] /home/ubuntu/apps/election-app/win_prob/P/IN/stats.csv
[deleted] /home/ubuntu/apps/election-app/win_prob/P/IN/stats2.csv
[done] removed 16 file(s)
[2026-01-25 01:01:49] INFO: [PIPELINE] args: office=P state=IN district=None
[2026-01-25 01:01:49] INFO: [PIPELINE] WINPROB_DIR resolved to: /home/ubuntu/apps/election-app/win_prob/P/IN
[2026-01-25 01:01:49] INFO: [PIPELINE] OUTDIR set to: /home/ubuntu/apps/election-app/win_prob/P/IN

$ /home/ubuntu/.venv/bin/python3 /home/ubuntu/apps/election-app/stats/1-statewide.py --input /home/ubuntu/apps/election-app/win_prob/P/IN/stats.csv --output /home/ubuntu/apps/election-app/win_prob/P/IN/_work/stats_with_statewide.csv
Wrote /home/ubuntu/apps/election-app/win_prob/P/IN/_work/stats_with_statewide.csv (rows=92)

$ /home/ubuntu/.venv/bin/python3 /home/ubuntu/apps/election-app/stats/1-stats-2.py --input /home/ubuntu/apps/election-app/win_prob/P/IN/stats2.csv --output /home/ubuntu/apps/election-app/win_prob/P/IN/_work/stats2_final_headers.csv
Wrote /home/ubuntu/apps/election-app/win_prob/P/IN/_work/stats2_final_headers.csv (rows=92)

$ /home/ubuntu/.venv/bin/python3 /home/ubuntu/apps/election-app/stats/1-append-new.py
Wrote 2024_county_results_with_final-old.csv (rows=92, missing_final_matches=0)

$ /home/ubuntu/.venv/bin/python3 /home/ubuntu/apps/election-app/stats/1-change_header.py
Wrote: 2024_county_results_with_final.csv

$ /home/ubuntu/.venv/bin/python3 /home/ubuntu/apps/election-app/stats/1-cut-zero-fips.py
Wrote: 2024_county_results_with_final_1.csv
Rows before: 92
Rows after:  92
Dropped (fips == 0): 0

$ /home/ubuntu/.venv/bin/python3 /home/ubuntu/apps/election-app/stats/2-calc.py
Wrote 92 rows with calculations to /home/ubuntu/apps/election-app/win_prob/P/IN/_work/2024_county_results_with_calcs-old.csv

$ /home/ubuntu/.venv/bin/python3 /home/ubuntu/apps/election-app/stats/2-eevp.py
Wrote (no-op copy): 2024_county_results_with_calcs.csv
Columns:
 - timestamp
 - state
 - county
 - fips
 - trump_votes
 - harris_votes
 - other_votes
 - eevp
 - state_eevp
 - harris_votes_statewide
 - trump_votes_statewide
 - other_votes_statewide
 - final_state
 - final_county
 - final_fips
 - final_trump_votes
 - final_harris_votes
 - final_other_votes
 - harris_percent_snapshot
 - trump_percent_snapshot
 - margin_snapshot
 - harris_percent_final
 - trump_percent_final
 - margin_final
 - margin_difference
 - margin_difference_abs

$ /home/ubuntu/.venv/bin/python3 /home/ubuntu/apps/election-app/stats/3-calc-new.py
Wrote 92 rows with new columns to /home/ubuntu/apps/election-app/win_prob/P/IN/_work/2024_county_results_with_calcs_new.csv

$ /home/ubuntu/.venv/bin/python3 /home/ubuntu/apps/election-app/stats/4-stats.py
Reading 2024_county_results_with_calcs_new.csv...
Aggregating statewide totals...
Calculating percentages and margins...
Writing to output_statewide_stats.csv...
Done!
[2026-01-25 01:01:59] INFO: [PIPELINE] ENTER win-prob generation | states=['IN'] ts_list=['2024-11-05T15-30-22']

============================================================================
[01/1] STATE = IN
============================================================================

$ /home/ubuntu/.venv/bin/python3 /home/ubuntu/apps/election-app/stats/5-snapshots.py --state IN --input /home/ubuntu/apps/election-app/win_prob/P/IN/_work/output_statewide_stats.csv --output /home/ubuntu/apps/election-app/win_prob/P/IN/snapshots_IN.csv --start 2024-11-05T15-30-22 --end 2024-11-05T15-30-22 --use-window 1 --interval 30
Mode: windowed-one-state
Rows written: 92
Distinct states in output: IN
Rows per normalized timestamp (empty = unparseable):
  2024-11-05T15-30-22: 92
Wrote /home/ubuntu/apps/election-app/win_prob/P/IN/snapshots_IN.csv

$ /home/ubuntu/.venv/bin/python3 /home/ubuntu/apps/election-app/stats/6-pval.py /home/ubuntu/apps/election-app/win_prob/P/IN/snapshots_IN.csv -t /home/ubuntu/apps/election-app/stats/parameters.csv -o /home/ubuntu/apps/election-app/win_prob/P/IN/data_output_IN.csv -c 50
Done. Wrote: /home/ubuntu/apps/election-app/win_prob/P/IN/data_output_IN.csv
Total rows: 92 (chunked, resumable).
Computed columns for PVALS = [0.01, 0.1, 1, 2, 3, 5, 10, 15, 20, 25, 30, 35, 40, 45, 50, 55, 60, 65, 70, 75, 80, 85, 90, 95, 97, 98, 99, 99.9, 99.99]
Per p (leader): shift_{p}, margin_new_{p}, harris_percent_new_{p}, trump_percent_new_{p}, total_snapshot_{p}, total_expected_{p}, harris_votes_new_{p}, trump_votes_new_{p}
Per p (trailing): shift_trailing_{p}, margin_new_{p}_trailing, harris_percent_new_{p}_trailing, trump_percent_new_{p}_trailing, total_snapshot_{p}_trailing, total_expected_{p}_trailing, harris_votes_new_{p}_trailing, trump_votes_new_{p}_trailing
Checkpoint saved at: /home/ubuntu/apps/election-app/win_prob/P/IN/data_output_IN.csv.checkpoint.json

$ /home/ubuntu/.venv/bin/python3 /home/ubuntu/apps/election-app/stats/7-margin-new.py
Wrote data_output_with_margins_old.csv

$ /home/ubuntu/.venv/bin/python3 /home/ubuntu/apps/election-app/stats/7-eevp-statewide.py
Wrote data_output_with_margins.csv (copied from data_output_with_margins_old.csv)

$ /home/ubuntu/.venv/bin/python3 /home/ubuntu/apps/election-app/stats/7.py --input /home/ubuntu/apps/election-app/win_prob/P/IN/data_output_IN_with_margins_statewide_eevp.csv --output /home/ubuntu/apps/election-app/win_prob/P/IN/statewide_margin_pct_vs_percent_IN_2026.png --state IN --start 2024-11-05T15-30-22 --end 2024-11-05T15-30-22 --stats /home/ubuntu/apps/election-app/win_prob/P/IN/stats.csv --stats2 /home/ubuntu/apps/election-app/win_prob/P/IN/stats2.csv --interval 30 --year 2026 --jsonl /home/ubuntu/apps/election-app/win_prob/P/IN/plotdata_IN_2026_2026-01-25T01-01-49.jsonl
[info] evaluating 1 timestamps from 2024-11-05T15-30-22 to 2024-11-05T15-30-22 every 30 minutes
[saved] probs_timeseries_IN.csv  (1 points)
[saved] /home/ubuntu/apps/election-app/win_prob/P/IN/plotdata_IN_2026_2026-01-25T01-01-49.jsonl  (4 points)
[saved] /home/ubuntu/apps/election-app/win_prob/P/IN/statewide_margin_pct_vs_percent_IN_2026_box.json
[saved] /home/ubuntu/apps/election-app/win_prob/P/IN/statewide_margin_pct_vs_percent_IN_2026_box.png
[saved] /home/ubuntu/apps/election-app/win_prob/P/IN/statewide_margin_pct_vs_percent_IN_2026.png

All 50 states complete. See: /home/ubuntu/apps/election-app/win_prob/P/IN

$ /home/ubuntu/.venv/bin/python3 /home/ubuntu/apps/election-app/stats/8.py --root /home/ubuntu/apps/election-app/win_prob/P/IN/_work --outdir /home/ubuntu/apps/election-app/win_prob/P/IN
[info] root  = /home/ubuntu/apps/election-app/win_prob/P/IN/_work
[info] outdir= /home/ubuntu/apps/election-app/win_prob/P/IN
[deleted] /home/ubuntu/apps/election-app/win_prob/P/IN/_work/stats_with_statewide.csv
[deleted] /home/ubuntu/apps/election-app/win_prob/P/IN/_work/stats2_final_headers.csv
[deleted] /home/ubuntu/apps/election-app/win_prob/P/IN/_work/2024_county_results_with_final-old.csv
[deleted] /home/ubuntu/apps/election-app/win_prob/P/IN/_work/2024_county_results_with_final.csv
[deleted] /home/ubuntu/apps/election-app/win_prob/P/IN/_work/2024_county_results_with_final_1.csv
[deleted] /home/ubuntu/apps/election-app/win_prob/P/IN/_work/2024_county_results_with_calcs-old.csv
[deleted] /home/ubuntu/apps/election-app/win_prob/P/IN/_work/2024_county_results_with_calcs_new.csv
[deleted] /home/ubuntu/apps/election-app/win_prob/P/IN/_work/output_statewide_stats.csv
[skip]    /home/ubuntu/apps/election-app/win_prob/P/IN/_work/probs_timeseries_PA.csv
[deleted] /home/ubuntu/apps/election-app/win_prob/P/IN/_work/2024_county_results_with_calcs.csv
[skip]    /home/ubuntu/apps/election-app/win_prob/P/IN/data_output.csv
[skip]    /home/ubuntu/apps/election-app/win_prob/P/IN/data_output_with_margins_old.csv
[skip]    /home/ubuntu/apps/election-app/win_prob/P/IN/data_output_with_margins.csv
[skip]    /home/ubuntu/apps/election-app/win_prob/P/IN/data_output_with_margins-statewide.csv
[deleted] /home/ubuntu/apps/election-app/win_prob/P/IN/snapshots_IN.csv
[deleted] /home/ubuntu/apps/election-app/win_prob/P/IN/data_output_IN_with_margins.csv
[deleted] /home/ubuntu/apps/election-app/win_prob/P/IN/data_output_IN.csv
[deleted] /home/ubuntu/apps/election-app/win_prob/P/IN/data_output_IN_with_margins_statewide_eevp.csv
[deleted] /home/ubuntu/apps/election-app/win_prob/P/IN/data_output_IN.csv.checkpoint.json
[deleted] /home/ubuntu/apps/election-app/win_prob/P/IN/stats.csv
[deleted] /home/ubuntu/apps/election-app/win_prob/P/IN/stats2.csv
[done] removed 16 file(s)
[2026-01-25 01:08:52] INFO: [PIPELINE] args: office=P state=IN district=None
[2026-01-25 01:08:52] INFO: [PIPELINE] WINPROB_DIR resolved to: /home/ubuntu/apps/election-app/win_prob/P/IN
[2026-01-25 01:08:52] INFO: [PIPELINE] OUTDIR set to: /home/ubuntu/apps/election-app/win_prob/P/IN

$ /home/ubuntu/.venv/bin/python3 /home/ubuntu/apps/election-app/stats/1-statewide.py --input /home/ubuntu/apps/election-app/win_prob/P/IN/stats.csv --output /home/ubuntu/apps/election-app/win_prob/P/IN/_work/stats_with_statewide.csv
Wrote /home/ubuntu/apps/election-app/win_prob/P/IN/_work/stats_with_statewide.csv (rows=92)

$ /home/ubuntu/.venv/bin/python3 /home/ubuntu/apps/election-app/stats/1-stats-2.py --input /home/ubuntu/apps/election-app/win_prob/P/IN/stats2.csv --output /home/ubuntu/apps/election-app/win_prob/P/IN/_work/stats2_final_headers.csv
Wrote /home/ubuntu/apps/election-app/win_prob/P/IN/_work/stats2_final_headers.csv (rows=92)

$ /home/ubuntu/.venv/bin/python3 /home/ubuntu/apps/election-app/stats/1-append-new.py
Wrote 2024_county_results_with_final-old.csv (rows=92, missing_final_matches=0)

$ /home/ubuntu/.venv/bin/python3 /home/ubuntu/apps/election-app/stats/1-change_header.py
Wrote: 2024_county_results_with_final.csv

$ /home/ubuntu/.venv/bin/python3 /home/ubuntu/apps/election-app/stats/1-cut-zero-fips.py
Wrote: 2024_county_results_with_final_1.csv
Rows before: 92
Rows after:  92
Dropped (fips == 0): 0

$ /home/ubuntu/.venv/bin/python3 /home/ubuntu/apps/election-app/stats/2-calc.py
Wrote 92 rows with calculations to /home/ubuntu/apps/election-app/win_prob/P/IN/_work/2024_county_results_with_calcs-old.csv

$ /home/ubuntu/.venv/bin/python3 /home/ubuntu/apps/election-app/stats/2-eevp.py
Wrote (no-op copy): 2024_county_results_with_calcs.csv
Columns:
 - timestamp
 - state
 - county
 - fips
 - trump_votes
 - harris_votes
 - other_votes
 - eevp
 - state_eevp
 - harris_votes_statewide
 - trump_votes_statewide
 - other_votes_statewide
 - final_state
 - final_county
 - final_fips
 - final_trump_votes
 - final_harris_votes
 - final_other_votes
 - harris_percent_snapshot
 - trump_percent_snapshot
 - margin_snapshot
 - harris_percent_final
 - trump_percent_final
 - margin_final
 - margin_difference
 - margin_difference_abs

$ /home/ubuntu/.venv/bin/python3 /home/ubuntu/apps/election-app/stats/3-calc-new.py
Wrote 92 rows with new columns to /home/ubuntu/apps/election-app/win_prob/P/IN/_work/2024_county_results_with_calcs_new.csv

$ /home/ubuntu/.venv/bin/python3 /home/ubuntu/apps/election-app/stats/4-stats.py
Reading 2024_county_results_with_calcs_new.csv...
Aggregating statewide totals...
Calculating percentages and margins...
Writing to output_statewide_stats.csv...
Done!
[2026-01-25 01:09:02] INFO: [PIPELINE] ENTER win-prob generation | states=['IN'] ts_list=['2024-11-05T15-30-22']

============================================================================
[01/1] STATE = IN
============================================================================

$ /home/ubuntu/.venv/bin/python3 /home/ubuntu/apps/election-app/stats/5-snapshots.py --state IN --input /home/ubuntu/apps/election-app/win_prob/P/IN/_work/output_statewide_stats.csv --output /home/ubuntu/apps/election-app/win_prob/P/IN/snapshots_IN.csv --start 2024-11-05T15-30-22 --end 2024-11-05T15-30-22 --use-window 1 --interval 30
Mode: windowed-one-state
Rows written: 92
Distinct states in output: IN
Rows per normalized timestamp (empty = unparseable):
  2024-11-05T15-30-22: 92
Wrote /home/ubuntu/apps/election-app/win_prob/P/IN/snapshots_IN.csv

$ /home/ubuntu/.venv/bin/python3 /home/ubuntu/apps/election-app/stats/6-pval.py /home/ubuntu/apps/election-app/win_prob/P/IN/snapshots_IN.csv -t /home/ubuntu/apps/election-app/stats/parameters.csv -o /home/ubuntu/apps/election-app/win_prob/P/IN/data_output_IN.csv -c 50
Done. Wrote: /home/ubuntu/apps/election-app/win_prob/P/IN/data_output_IN.csv
Total rows: 92 (chunked, resumable).
Computed columns for PVALS = [0.01, 0.1, 1, 2, 3, 5, 10, 15, 20, 25, 30, 35, 40, 45, 50, 55, 60, 65, 70, 75, 80, 85, 90, 95, 97, 98, 99, 99.9, 99.99]
Per p (leader): shift_{p}, margin_new_{p}, harris_percent_new_{p}, trump_percent_new_{p}, total_snapshot_{p}, total_expected_{p}, harris_votes_new_{p}, trump_votes_new_{p}
Per p (trailing): shift_trailing_{p}, margin_new_{p}_trailing, harris_percent_new_{p}_trailing, trump_percent_new_{p}_trailing, total_snapshot_{p}_trailing, total_expected_{p}_trailing, harris_votes_new_{p}_trailing, trump_votes_new_{p}_trailing
Checkpoint saved at: /home/ubuntu/apps/election-app/win_prob/P/IN/data_output_IN.csv.checkpoint.json

$ /home/ubuntu/.venv/bin/python3 /home/ubuntu/apps/election-app/stats/7-margin-new.py
Wrote data_output_with_margins_old.csv

$ /home/ubuntu/.venv/bin/python3 /home/ubuntu/apps/election-app/stats/7-eevp-statewide.py
Wrote data_output_with_margins.csv (copied from data_output_with_margins_old.csv)

$ /home/ubuntu/.venv/bin/python3 /home/ubuntu/apps/election-app/stats/7.py --input /home/ubuntu/apps/election-app/win_prob/P/IN/data_output_IN_with_margins_statewide_eevp.csv --output /home/ubuntu/apps/election-app/win_prob/P/IN/statewide_margin_pct_vs_percent_IN_2026.png --state IN --start 2024-11-05T15-30-22 --end 2024-11-05T15-30-22 --stats /home/ubuntu/apps/election-app/win_prob/P/IN/stats.csv --stats2 /home/ubuntu/apps/election-app/win_prob/P/IN/stats2.csv --interval 30 --year 2026 --jsonl /home/ubuntu/apps/election-app/win_prob/P/IN/plotdata_IN_2026_2026-01-25T01-08-52.jsonl
[info] evaluating 1 timestamps from 2024-11-05T15-30-22 to 2024-11-05T15-30-22 every 30 minutes
[saved] probs_timeseries_IN.csv  (1 points)
[saved] /home/ubuntu/apps/election-app/win_prob/P/IN/plotdata_IN_2026_2026-01-25T01-08-52.jsonl  (4 points)
[saved] /home/ubuntu/apps/election-app/win_prob/P/IN/statewide_margin_pct_vs_percent_IN_2026_box.json
[saved] /home/ubuntu/apps/election-app/win_prob/P/IN/statewide_margin_pct_vs_percent_IN_2026_box.png
[saved] /home/ubuntu/apps/election-app/win_prob/P/IN/statewide_margin_pct_vs_percent_IN_2026.png

All 50 states complete. See: /home/ubuntu/apps/election-app/win_prob/P/IN

$ /home/ubuntu/.venv/bin/python3 /home/ubuntu/apps/election-app/stats/8.py --root /home/ubuntu/apps/election-app/win_prob/P/IN/_work --outdir /home/ubuntu/apps/election-app/win_prob/P/IN
[info] root  = /home/ubuntu/apps/election-app/win_prob/P/IN/_work
[info] outdir= /home/ubuntu/apps/election-app/win_prob/P/IN
[deleted] /home/ubuntu/apps/election-app/win_prob/P/IN/_work/stats_with_statewide.csv
[deleted] /home/ubuntu/apps/election-app/win_prob/P/IN/_work/stats2_final_headers.csv
[deleted] /home/ubuntu/apps/election-app/win_prob/P/IN/_work/2024_county_results_with_final-old.csv
[deleted] /home/ubuntu/apps/election-app/win_prob/P/IN/_work/2024_county_results_with_final.csv
[deleted] /home/ubuntu/apps/election-app/win_prob/P/IN/_work/2024_county_results_with_final_1.csv
[deleted] /home/ubuntu/apps/election-app/win_prob/P/IN/_work/2024_county_results_with_calcs-old.csv
[deleted] /home/ubuntu/apps/election-app/win_prob/P/IN/_work/2024_county_results_with_calcs_new.csv
[deleted] /home/ubuntu/apps/election-app/win_prob/P/IN/_work/output_statewide_stats.csv
[skip]    /home/ubuntu/apps/election-app/win_prob/P/IN/_work/probs_timeseries_PA.csv
[deleted] /home/ubuntu/apps/election-app/win_prob/P/IN/_work/2024_county_results_with_calcs.csv
[skip]    /home/ubuntu/apps/election-app/win_prob/P/IN/data_output.csv
[skip]    /home/ubuntu/apps/election-app/win_prob/P/IN/data_output_with_margins_old.csv
[skip]    /home/ubuntu/apps/election-app/win_prob/P/IN/data_output_with_margins.csv
[skip]    /home/ubuntu/apps/election-app/win_prob/P/IN/data_output_with_margins-statewide.csv
[deleted] /home/ubuntu/apps/election-app/win_prob/P/IN/snapshots_IN.csv
[deleted] /home/ubuntu/apps/election-app/win_prob/P/IN/data_output_IN_with_margins.csv
[deleted] /home/ubuntu/apps/election-app/win_prob/P/IN/data_output_IN.csv
[deleted] /home/ubuntu/apps/election-app/win_prob/P/IN/data_output_IN_with_margins_statewide_eevp.csv
[deleted] /home/ubuntu/apps/election-app/win_prob/P/IN/data_output_IN.csv.checkpoint.json
[deleted] /home/ubuntu/apps/election-app/win_prob/P/IN/stats.csv
[deleted] /home/ubuntu/apps/election-app/win_prob/P/IN/stats2.csv
[done] removed 16 file(s)
[2026-01-25 01:15:55] INFO: [PIPELINE] args: office=P state=IN district=None
[2026-01-25 01:15:55] INFO: [PIPELINE] WINPROB_DIR resolved to: /home/ubuntu/apps/election-app/win_prob/P/IN
[2026-01-25 01:15:55] INFO: [PIPELINE] OUTDIR set to: /home/ubuntu/apps/election-app/win_prob/P/IN

$ /home/ubuntu/.venv/bin/python3 /home/ubuntu/apps/election-app/stats/1-statewide.py --input /home/ubuntu/apps/election-app/win_prob/P/IN/stats.csv --output /home/ubuntu/apps/election-app/win_prob/P/IN/_work/stats_with_statewide.csv
Wrote /home/ubuntu/apps/election-app/win_prob/P/IN/_work/stats_with_statewide.csv (rows=92)

$ /home/ubuntu/.venv/bin/python3 /home/ubuntu/apps/election-app/stats/1-stats-2.py --input /home/ubuntu/apps/election-app/win_prob/P/IN/stats2.csv --output /home/ubuntu/apps/election-app/win_prob/P/IN/_work/stats2_final_headers.csv
Wrote /home/ubuntu/apps/election-app/win_prob/P/IN/_work/stats2_final_headers.csv (rows=92)

$ /home/ubuntu/.venv/bin/python3 /home/ubuntu/apps/election-app/stats/1-append-new.py
Wrote 2024_county_results_with_final-old.csv (rows=92, missing_final_matches=0)

$ /home/ubuntu/.venv/bin/python3 /home/ubuntu/apps/election-app/stats/1-change_header.py
Wrote: 2024_county_results_with_final.csv

$ /home/ubuntu/.venv/bin/python3 /home/ubuntu/apps/election-app/stats/1-cut-zero-fips.py
Wrote: 2024_county_results_with_final_1.csv
Rows before: 92
Rows after:  92
Dropped (fips == 0): 0

$ /home/ubuntu/.venv/bin/python3 /home/ubuntu/apps/election-app/stats/2-calc.py
Wrote 92 rows with calculations to /home/ubuntu/apps/election-app/win_prob/P/IN/_work/2024_county_results_with_calcs-old.csv

$ /home/ubuntu/.venv/bin/python3 /home/ubuntu/apps/election-app/stats/2-eevp.py
Wrote (no-op copy): 2024_county_results_with_calcs.csv
Columns:
 - timestamp
 - state
 - county
 - fips
 - trump_votes
 - harris_votes
 - other_votes
 - eevp
 - state_eevp
 - harris_votes_statewide
 - trump_votes_statewide
 - other_votes_statewide
 - final_state
 - final_county
 - final_fips
 - final_trump_votes
 - final_harris_votes
 - final_other_votes
 - harris_percent_snapshot
 - trump_percent_snapshot
 - margin_snapshot
 - harris_percent_final
 - trump_percent_final
 - margin_final
 - margin_difference
 - margin_difference_abs

$ /home/ubuntu/.venv/bin/python3 /home/ubuntu/apps/election-app/stats/3-calc-new.py
Wrote 92 rows with new columns to /home/ubuntu/apps/election-app/win_prob/P/IN/_work/2024_county_results_with_calcs_new.csv

$ /home/ubuntu/.venv/bin/python3 /home/ubuntu/apps/election-app/stats/4-stats.py
Reading 2024_county_results_with_calcs_new.csv...
Aggregating statewide totals...
Calculating percentages and margins...
Writing to output_statewide_stats.csv...
Done!
[2026-01-25 01:16:05] INFO: [PIPELINE] ENTER win-prob generation | states=['IN'] ts_list=['2024-11-05T15-30-22']

============================================================================
[01/1] STATE = IN
============================================================================

$ /home/ubuntu/.venv/bin/python3 /home/ubuntu/apps/election-app/stats/5-snapshots.py --state IN --input /home/ubuntu/apps/election-app/win_prob/P/IN/_work/output_statewide_stats.csv --output /home/ubuntu/apps/election-app/win_prob/P/IN/snapshots_IN.csv --start 2024-11-05T15-30-22 --end 2024-11-05T15-30-22 --use-window 1 --interval 30
Mode: windowed-one-state
Rows written: 92
Distinct states in output: IN
Rows per normalized timestamp (empty = unparseable):
  2024-11-05T15-30-22: 92
Wrote /home/ubuntu/apps/election-app/win_prob/P/IN/snapshots_IN.csv

$ /home/ubuntu/.venv/bin/python3 /home/ubuntu/apps/election-app/stats/6-pval.py /home/ubuntu/apps/election-app/win_prob/P/IN/snapshots_IN.csv -t /home/ubuntu/apps/election-app/stats/parameters.csv -o /home/ubuntu/apps/election-app/win_prob/P/IN/data_output_IN.csv -c 50
Done. Wrote: /home/ubuntu/apps/election-app/win_prob/P/IN/data_output_IN.csv
Total rows: 92 (chunked, resumable).
Computed columns for PVALS = [0.01, 0.1, 1, 2, 3, 5, 10, 15, 20, 25, 30, 35, 40, 45, 50, 55, 60, 65, 70, 75, 80, 85, 90, 95, 97, 98, 99, 99.9, 99.99]
Per p (leader): shift_{p}, margin_new_{p}, harris_percent_new_{p}, trump_percent_new_{p}, total_snapshot_{p}, total_expected_{p}, harris_votes_new_{p}, trump_votes_new_{p}
Per p (trailing): shift_trailing_{p}, margin_new_{p}_trailing, harris_percent_new_{p}_trailing, trump_percent_new_{p}_trailing, total_snapshot_{p}_trailing, total_expected_{p}_trailing, harris_votes_new_{p}_trailing, trump_votes_new_{p}_trailing
Checkpoint saved at: /home/ubuntu/apps/election-app/win_prob/P/IN/data_output_IN.csv.checkpoint.json

$ /home/ubuntu/.venv/bin/python3 /home/ubuntu/apps/election-app/stats/7-margin-new.py
Wrote data_output_with_margins_old.csv

$ /home/ubuntu/.venv/bin/python3 /home/ubuntu/apps/election-app/stats/7-eevp-statewide.py
Wrote data_output_with_margins.csv (copied from data_output_with_margins_old.csv)

$ /home/ubuntu/.venv/bin/python3 /home/ubuntu/apps/election-app/stats/7.py --input /home/ubuntu/apps/election-app/win_prob/P/IN/data_output_IN_with_margins_statewide_eevp.csv --output /home/ubuntu/apps/election-app/win_prob/P/IN/statewide_margin_pct_vs_percent_IN_2026.png --state IN --start 2024-11-05T15-30-22 --end 2024-11-05T15-30-22 --stats /home/ubuntu/apps/election-app/win_prob/P/IN/stats.csv --stats2 /home/ubuntu/apps/election-app/win_prob/P/IN/stats2.csv --interval 30 --year 2026 --jsonl /home/ubuntu/apps/election-app/win_prob/P/IN/plotdata_IN_2026_2026-01-25T01-15-55.jsonl
[info] evaluating 1 timestamps from 2024-11-05T15-30-22 to 2024-11-05T15-30-22 every 30 minutes
[saved] probs_timeseries_IN.csv  (1 points)
[saved] /home/ubuntu/apps/election-app/win_prob/P/IN/plotdata_IN_2026_2026-01-25T01-15-55.jsonl  (4 points)
[saved] /home/ubuntu/apps/election-app/win_prob/P/IN/statewide_margin_pct_vs_percent_IN_2026_box.json
[saved] /home/ubuntu/apps/election-app/win_prob/P/IN/statewide_margin_pct_vs_percent_IN_2026_box.png
[saved] /home/ubuntu/apps/election-app/win_prob/P/IN/statewide_margin_pct_vs_percent_IN_2026.png

All 50 states complete. See: /home/ubuntu/apps/election-app/win_prob/P/IN

$ /home/ubuntu/.venv/bin/python3 /home/ubuntu/apps/election-app/stats/8.py --root /home/ubuntu/apps/election-app/win_prob/P/IN/_work --outdir /home/ubuntu/apps/election-app/win_prob/P/IN
[info] root  = /home/ubuntu/apps/election-app/win_prob/P/IN/_work
[info] outdir= /home/ubuntu/apps/election-app/win_prob/P/IN
[deleted] /home/ubuntu/apps/election-app/win_prob/P/IN/_work/stats_with_statewide.csv
[deleted] /home/ubuntu/apps/election-app/win_prob/P/IN/_work/stats2_final_headers.csv
[deleted] /home/ubuntu/apps/election-app/win_prob/P/IN/_work/2024_county_results_with_final-old.csv
[deleted] /home/ubuntu/apps/election-app/win_prob/P/IN/_work/2024_county_results_with_final.csv
[deleted] /home/ubuntu/apps/election-app/win_prob/P/IN/_work/2024_county_results_with_final_1.csv
[deleted] /home/ubuntu/apps/election-app/win_prob/P/IN/_work/2024_county_results_with_calcs-old.csv
[deleted] /home/ubuntu/apps/election-app/win_prob/P/IN/_work/2024_county_results_with_calcs_new.csv
[deleted] /home/ubuntu/apps/election-app/win_prob/P/IN/_work/output_statewide_stats.csv
[skip]    /home/ubuntu/apps/election-app/win_prob/P/IN/_work/probs_timeseries_PA.csv
[deleted] /home/ubuntu/apps/election-app/win_prob/P/IN/_work/2024_county_results_with_calcs.csv
[skip]    /home/ubuntu/apps/election-app/win_prob/P/IN/data_output.csv
[skip]    /home/ubuntu/apps/election-app/win_prob/P/IN/data_output_with_margins_old.csv
[skip]    /home/ubuntu/apps/election-app/win_prob/P/IN/data_output_with_margins.csv
[skip]    /home/ubuntu/apps/election-app/win_prob/P/IN/data_output_with_margins-statewide.csv
[deleted] /home/ubuntu/apps/election-app/win_prob/P/IN/snapshots_IN.csv
[deleted] /home/ubuntu/apps/election-app/win_prob/P/IN/data_output_IN_with_margins.csv
[deleted] /home/ubuntu/apps/election-app/win_prob/P/IN/data_output_IN.csv
[deleted] /home/ubuntu/apps/election-app/win_prob/P/IN/data_output_IN_with_margins_statewide_eevp.csv
[deleted] /home/ubuntu/apps/election-app/win_prob/P/IN/data_output_IN.csv.checkpoint.json
[deleted] /home/ubuntu/apps/election-app/win_prob/P/IN/stats.csv
[deleted] /home/ubuntu/apps/election-app/win_prob/P/IN/stats2.csv
[done] removed 16 file(s)
[2026-01-25 01:22:58] INFO: [PIPELINE] args: office=P state=IN district=None
[2026-01-25 01:22:58] INFO: [PIPELINE] WINPROB_DIR resolved to: /home/ubuntu/apps/election-app/win_prob/P/IN
[2026-01-25 01:22:58] INFO: [PIPELINE] OUTDIR set to: /home/ubuntu/apps/election-app/win_prob/P/IN

$ /home/ubuntu/.venv/bin/python3 /home/ubuntu/apps/election-app/stats/1-statewide.py --input /home/ubuntu/apps/election-app/win_prob/P/IN/stats.csv --output /home/ubuntu/apps/election-app/win_prob/P/IN/_work/stats_with_statewide.csv
Wrote /home/ubuntu/apps/election-app/win_prob/P/IN/_work/stats_with_statewide.csv (rows=92)

$ /home/ubuntu/.venv/bin/python3 /home/ubuntu/apps/election-app/stats/1-stats-2.py --input /home/ubuntu/apps/election-app/win_prob/P/IN/stats2.csv --output /home/ubuntu/apps/election-app/win_prob/P/IN/_work/stats2_final_headers.csv
Wrote /home/ubuntu/apps/election-app/win_prob/P/IN/_work/stats2_final_headers.csv (rows=92)

$ /home/ubuntu/.venv/bin/python3 /home/ubuntu/apps/election-app/stats/1-append-new.py
Wrote 2024_county_results_with_final-old.csv (rows=92, missing_final_matches=0)

$ /home/ubuntu/.venv/bin/python3 /home/ubuntu/apps/election-app/stats/1-change_header.py
Wrote: 2024_county_results_with_final.csv

$ /home/ubuntu/.venv/bin/python3 /home/ubuntu/apps/election-app/stats/1-cut-zero-fips.py
Wrote: 2024_county_results_with_final_1.csv
Rows before: 92
Rows after:  92
Dropped (fips == 0): 0

$ /home/ubuntu/.venv/bin/python3 /home/ubuntu/apps/election-app/stats/2-calc.py
Wrote 92 rows with calculations to /home/ubuntu/apps/election-app/win_prob/P/IN/_work/2024_county_results_with_calcs-old.csv

$ /home/ubuntu/.venv/bin/python3 /home/ubuntu/apps/election-app/stats/2-eevp.py
Wrote (no-op copy): 2024_county_results_with_calcs.csv
Columns:
 - timestamp
 - state
 - county
 - fips
 - trump_votes
 - harris_votes
 - other_votes
 - eevp
 - state_eevp
 - harris_votes_statewide
 - trump_votes_statewide
 - other_votes_statewide
 - final_state
 - final_county
 - final_fips
 - final_trump_votes
 - final_harris_votes
 - final_other_votes
 - harris_percent_snapshot
 - trump_percent_snapshot
 - margin_snapshot
 - harris_percent_final
 - trump_percent_final
 - margin_final
 - margin_difference
 - margin_difference_abs

$ /home/ubuntu/.venv/bin/python3 /home/ubuntu/apps/election-app/stats/3-calc-new.py
Wrote 92 rows with new columns to /home/ubuntu/apps/election-app/win_prob/P/IN/_work/2024_county_results_with_calcs_new.csv

$ /home/ubuntu/.venv/bin/python3 /home/ubuntu/apps/election-app/stats/4-stats.py
Reading 2024_county_results_with_calcs_new.csv...
Aggregating statewide totals...
Calculating percentages and margins...
Writing to output_statewide_stats.csv...
Done!
[2026-01-25 01:23:08] INFO: [PIPELINE] ENTER win-prob generation | states=['IN'] ts_list=['2024-11-05T15-30-22']

============================================================================
[01/1] STATE = IN
============================================================================

$ /home/ubuntu/.venv/bin/python3 /home/ubuntu/apps/election-app/stats/5-snapshots.py --state IN --input /home/ubuntu/apps/election-app/win_prob/P/IN/_work/output_statewide_stats.csv --output /home/ubuntu/apps/election-app/win_prob/P/IN/snapshots_IN.csv --start 2024-11-05T15-30-22 --end 2024-11-05T15-30-22 --use-window 1 --interval 30
Mode: windowed-one-state
Rows written: 92
Distinct states in output: IN
Rows per normalized timestamp (empty = unparseable):
  2024-11-05T15-30-22: 92
Wrote /home/ubuntu/apps/election-app/win_prob/P/IN/snapshots_IN.csv

$ /home/ubuntu/.venv/bin/python3 /home/ubuntu/apps/election-app/stats/6-pval.py /home/ubuntu/apps/election-app/win_prob/P/IN/snapshots_IN.csv -t /home/ubuntu/apps/election-app/stats/parameters.csv -o /home/ubuntu/apps/election-app/win_prob/P/IN/data_output_IN.csv -c 50
Done. Wrote: /home/ubuntu/apps/election-app/win_prob/P/IN/data_output_IN.csv
Total rows: 92 (chunked, resumable).
Computed columns for PVALS = [0.01, 0.1, 1, 2, 3, 5, 10, 15, 20, 25, 30, 35, 40, 45, 50, 55, 60, 65, 70, 75, 80, 85, 90, 95, 97, 98, 99, 99.9, 99.99]
Per p (leader): shift_{p}, margin_new_{p}, harris_percent_new_{p}, trump_percent_new_{p}, total_snapshot_{p}, total_expected_{p}, harris_votes_new_{p}, trump_votes_new_{p}
Per p (trailing): shift_trailing_{p}, margin_new_{p}_trailing, harris_percent_new_{p}_trailing, trump_percent_new_{p}_trailing, total_snapshot_{p}_trailing, total_expected_{p}_trailing, harris_votes_new_{p}_trailing, trump_votes_new_{p}_trailing
Checkpoint saved at: /home/ubuntu/apps/election-app/win_prob/P/IN/data_output_IN.csv.checkpoint.json

$ /home/ubuntu/.venv/bin/python3 /home/ubuntu/apps/election-app/stats/7-margin-new.py
Wrote data_output_with_margins_old.csv

$ /home/ubuntu/.venv/bin/python3 /home/ubuntu/apps/election-app/stats/7-eevp-statewide.py
Wrote data_output_with_margins.csv (copied from data_output_with_margins_old.csv)

$ /home/ubuntu/.venv/bin/python3 /home/ubuntu/apps/election-app/stats/7.py --input /home/ubuntu/apps/election-app/win_prob/P/IN/data_output_IN_with_margins_statewide_eevp.csv --output /home/ubuntu/apps/election-app/win_prob/P/IN/statewide_margin_pct_vs_percent_IN_2026.png --state IN --start 2024-11-05T15-30-22 --end 2024-11-05T15-30-22 --stats /home/ubuntu/apps/election-app/win_prob/P/IN/stats.csv --stats2 /home/ubuntu/apps/election-app/win_prob/P/IN/stats2.csv --interval 30 --year 2026 --jsonl /home/ubuntu/apps/election-app/win_prob/P/IN/plotdata_IN_2026_2026-01-25T01-22-58.jsonl
[info] evaluating 1 timestamps from 2024-11-05T15-30-22 to 2024-11-05T15-30-22 every 30 minutes
[saved] probs_timeseries_IN.csv  (1 points)
[saved] /home/ubuntu/apps/election-app/win_prob/P/IN/plotdata_IN_2026_2026-01-25T01-22-58.jsonl  (4 points)
[saved] /home/ubuntu/apps/election-app/win_prob/P/IN/statewide_margin_pct_vs_percent_IN_2026_box.json
[saved] /home/ubuntu/apps/election-app/win_prob/P/IN/statewide_margin_pct_vs_percent_IN_2026_box.png
[saved] /home/ubuntu/apps/election-app/win_prob/P/IN/statewide_margin_pct_vs_percent_IN_2026.png

All 50 states complete. See: /home/ubuntu/apps/election-app/win_prob/P/IN

$ /home/ubuntu/.venv/bin/python3 /home/ubuntu/apps/election-app/stats/8.py --root /home/ubuntu/apps/election-app/win_prob/P/IN/_work --outdir /home/ubuntu/apps/election-app/win_prob/P/IN
[info] root  = /home/ubuntu/apps/election-app/win_prob/P/IN/_work
[info] outdir= /home/ubuntu/apps/election-app/win_prob/P/IN
[deleted] /home/ubuntu/apps/election-app/win_prob/P/IN/_work/stats_with_statewide.csv
[deleted] /home/ubuntu/apps/election-app/win_prob/P/IN/_work/stats2_final_headers.csv
[deleted] /home/ubuntu/apps/election-app/win_prob/P/IN/_work/2024_county_results_with_final-old.csv
[deleted] /home/ubuntu/apps/election-app/win_prob/P/IN/_work/2024_county_results_with_final.csv
[deleted] /home/ubuntu/apps/election-app/win_prob/P/IN/_work/2024_county_results_with_final_1.csv
[deleted] /home/ubuntu/apps/election-app/win_prob/P/IN/_work/2024_county_results_with_calcs-old.csv
[deleted] /home/ubuntu/apps/election-app/win_prob/P/IN/_work/2024_county_results_with_calcs_new.csv
[deleted] /home/ubuntu/apps/election-app/win_prob/P/IN/_work/output_statewide_stats.csv
[skip]    /home/ubuntu/apps/election-app/win_prob/P/IN/_work/probs_timeseries_PA.csv
[deleted] /home/ubuntu/apps/election-app/win_prob/P/IN/_work/2024_county_results_with_calcs.csv
[skip]    /home/ubuntu/apps/election-app/win_prob/P/IN/data_output.csv
[skip]    /home/ubuntu/apps/election-app/win_prob/P/IN/data_output_with_margins_old.csv
[skip]    /home/ubuntu/apps/election-app/win_prob/P/IN/data_output_with_margins.csv
[skip]    /home/ubuntu/apps/election-app/win_prob/P/IN/data_output_with_margins-statewide.csv
[deleted] /home/ubuntu/apps/election-app/win_prob/P/IN/snapshots_IN.csv
[deleted] /home/ubuntu/apps/election-app/win_prob/P/IN/data_output_IN_with_margins.csv
[deleted] /home/ubuntu/apps/election-app/win_prob/P/IN/data_output_IN.csv
[deleted] /home/ubuntu/apps/election-app/win_prob/P/IN/data_output_IN_with_margins_statewide_eevp.csv
[deleted] /home/ubuntu/apps/election-app/win_prob/P/IN/data_output_IN.csv.checkpoint.json
[deleted] /home/ubuntu/apps/election-app/win_prob/P/IN/stats.csv
[deleted] /home/ubuntu/apps/election-app/win_prob/P/IN/stats2.csv
[done] removed 16 file(s)
[2026-01-25 01:30:01] INFO: [PIPELINE] args: office=P state=IN district=None
[2026-01-25 01:30:01] INFO: [PIPELINE] WINPROB_DIR resolved to: /home/ubuntu/apps/election-app/win_prob/P/IN
[2026-01-25 01:30:01] INFO: [PIPELINE] OUTDIR set to: /home/ubuntu/apps/election-app/win_prob/P/IN

$ /home/ubuntu/.venv/bin/python3 /home/ubuntu/apps/election-app/stats/1-statewide.py --input /home/ubuntu/apps/election-app/win_prob/P/IN/stats.csv --output /home/ubuntu/apps/election-app/win_prob/P/IN/_work/stats_with_statewide.csv
Wrote /home/ubuntu/apps/election-app/win_prob/P/IN/_work/stats_with_statewide.csv (rows=92)

$ /home/ubuntu/.venv/bin/python3 /home/ubuntu/apps/election-app/stats/1-stats-2.py --input /home/ubuntu/apps/election-app/win_prob/P/IN/stats2.csv --output /home/ubuntu/apps/election-app/win_prob/P/IN/_work/stats2_final_headers.csv
Wrote /home/ubuntu/apps/election-app/win_prob/P/IN/_work/stats2_final_headers.csv (rows=92)

$ /home/ubuntu/.venv/bin/python3 /home/ubuntu/apps/election-app/stats/1-append-new.py
Wrote 2024_county_results_with_final-old.csv (rows=92, missing_final_matches=0)

$ /home/ubuntu/.venv/bin/python3 /home/ubuntu/apps/election-app/stats/1-change_header.py
Wrote: 2024_county_results_with_final.csv

$ /home/ubuntu/.venv/bin/python3 /home/ubuntu/apps/election-app/stats/1-cut-zero-fips.py
Wrote: 2024_county_results_with_final_1.csv
Rows before: 92
Rows after:  92
Dropped (fips == 0): 0

$ /home/ubuntu/.venv/bin/python3 /home/ubuntu/apps/election-app/stats/2-calc.py
Wrote 92 rows with calculations to /home/ubuntu/apps/election-app/win_prob/P/IN/_work/2024_county_results_with_calcs-old.csv

$ /home/ubuntu/.venv/bin/python3 /home/ubuntu/apps/election-app/stats/2-eevp.py
Wrote (no-op copy): 2024_county_results_with_calcs.csv
Columns:
 - timestamp
 - state
 - county
 - fips
 - trump_votes
 - harris_votes
 - other_votes
 - eevp
 - state_eevp
 - harris_votes_statewide
 - trump_votes_statewide
 - other_votes_statewide
 - final_state
 - final_county
 - final_fips
 - final_trump_votes
 - final_harris_votes
 - final_other_votes
 - harris_percent_snapshot
 - trump_percent_snapshot
 - margin_snapshot
 - harris_percent_final
 - trump_percent_final
 - margin_final
 - margin_difference
 - margin_difference_abs

$ /home/ubuntu/.venv/bin/python3 /home/ubuntu/apps/election-app/stats/3-calc-new.py
Wrote 92 rows with new columns to /home/ubuntu/apps/election-app/win_prob/P/IN/_work/2024_county_results_with_calcs_new.csv

$ /home/ubuntu/.venv/bin/python3 /home/ubuntu/apps/election-app/stats/4-stats.py
Reading 2024_county_results_with_calcs_new.csv...
Aggregating statewide totals...
Calculating percentages and margins...
Writing to output_statewide_stats.csv...
Done!
[2026-01-25 01:30:11] INFO: [PIPELINE] ENTER win-prob generation | states=['IN'] ts_list=['2024-11-05T15-30-22']

============================================================================
[01/1] STATE = IN
============================================================================

$ /home/ubuntu/.venv/bin/python3 /home/ubuntu/apps/election-app/stats/5-snapshots.py --state IN --input /home/ubuntu/apps/election-app/win_prob/P/IN/_work/output_statewide_stats.csv --output /home/ubuntu/apps/election-app/win_prob/P/IN/snapshots_IN.csv --start 2024-11-05T15-30-22 --end 2024-11-05T15-30-22 --use-window 1 --interval 30
Mode: windowed-one-state
Rows written: 92
Distinct states in output: IN
Rows per normalized timestamp (empty = unparseable):
  2024-11-05T15-30-22: 92
Wrote /home/ubuntu/apps/election-app/win_prob/P/IN/snapshots_IN.csv

$ /home/ubuntu/.venv/bin/python3 /home/ubuntu/apps/election-app/stats/6-pval.py /home/ubuntu/apps/election-app/win_prob/P/IN/snapshots_IN.csv -t /home/ubuntu/apps/election-app/stats/parameters.csv -o /home/ubuntu/apps/election-app/win_prob/P/IN/data_output_IN.csv -c 50
Done. Wrote: /home/ubuntu/apps/election-app/win_prob/P/IN/data_output_IN.csv
Total rows: 92 (chunked, resumable).
Computed columns for PVALS = [0.01, 0.1, 1, 2, 3, 5, 10, 15, 20, 25, 30, 35, 40, 45, 50, 55, 60, 65, 70, 75, 80, 85, 90, 95, 97, 98, 99, 99.9, 99.99]
Per p (leader): shift_{p}, margin_new_{p}, harris_percent_new_{p}, trump_percent_new_{p}, total_snapshot_{p}, total_expected_{p}, harris_votes_new_{p}, trump_votes_new_{p}
Per p (trailing): shift_trailing_{p}, margin_new_{p}_trailing, harris_percent_new_{p}_trailing, trump_percent_new_{p}_trailing, total_snapshot_{p}_trailing, total_expected_{p}_trailing, harris_votes_new_{p}_trailing, trump_votes_new_{p}_trailing
Checkpoint saved at: /home/ubuntu/apps/election-app/win_prob/P/IN/data_output_IN.csv.checkpoint.json

$ /home/ubuntu/.venv/bin/python3 /home/ubuntu/apps/election-app/stats/7-margin-new.py
Wrote data_output_with_margins_old.csv

$ /home/ubuntu/.venv/bin/python3 /home/ubuntu/apps/election-app/stats/7-eevp-statewide.py
Wrote data_output_with_margins.csv (copied from data_output_with_margins_old.csv)

$ /home/ubuntu/.venv/bin/python3 /home/ubuntu/apps/election-app/stats/7.py --input /home/ubuntu/apps/election-app/win_prob/P/IN/data_output_IN_with_margins_statewide_eevp.csv --output /home/ubuntu/apps/election-app/win_prob/P/IN/statewide_margin_pct_vs_percent_IN_2026.png --state IN --start 2024-11-05T15-30-22 --end 2024-11-05T15-30-22 --stats /home/ubuntu/apps/election-app/win_prob/P/IN/stats.csv --stats2 /home/ubuntu/apps/election-app/win_prob/P/IN/stats2.csv --interval 30 --year 2026 --jsonl /home/ubuntu/apps/election-app/win_prob/P/IN/plotdata_IN_2026_2026-01-25T01-30-01.jsonl
[info] evaluating 1 timestamps from 2024-11-05T15-30-22 to 2024-11-05T15-30-22 every 30 minutes
[saved] probs_timeseries_IN.csv  (1 points)
[saved] /home/ubuntu/apps/election-app/win_prob/P/IN/plotdata_IN_2026_2026-01-25T01-30-01.jsonl  (4 points)
[saved] /home/ubuntu/apps/election-app/win_prob/P/IN/statewide_margin_pct_vs_percent_IN_2026_box.json
[saved] /home/ubuntu/apps/election-app/win_prob/P/IN/statewide_margin_pct_vs_percent_IN_2026_box.png
[saved] /home/ubuntu/apps/election-app/win_prob/P/IN/statewide_margin_pct_vs_percent_IN_2026.png

All 50 states complete. See: /home/ubuntu/apps/election-app/win_prob/P/IN

$ /home/ubuntu/.venv/bin/python3 /home/ubuntu/apps/election-app/stats/8.py --root /home/ubuntu/apps/election-app/win_prob/P/IN/_work --outdir /home/ubuntu/apps/election-app/win_prob/P/IN
[info] root  = /home/ubuntu/apps/election-app/win_prob/P/IN/_work
[info] outdir= /home/ubuntu/apps/election-app/win_prob/P/IN
[deleted] /home/ubuntu/apps/election-app/win_prob/P/IN/_work/stats_with_statewide.csv
[deleted] /home/ubuntu/apps/election-app/win_prob/P/IN/_work/stats2_final_headers.csv
[deleted] /home/ubuntu/apps/election-app/win_prob/P/IN/_work/2024_county_results_with_final-old.csv
[deleted] /home/ubuntu/apps/election-app/win_prob/P/IN/_work/2024_county_results_with_final.csv
[deleted] /home/ubuntu/apps/election-app/win_prob/P/IN/_work/2024_county_results_with_final_1.csv
[deleted] /home/ubuntu/apps/election-app/win_prob/P/IN/_work/2024_county_results_with_calcs-old.csv
[deleted] /home/ubuntu/apps/election-app/win_prob/P/IN/_work/2024_county_results_with_calcs_new.csv
[deleted] /home/ubuntu/apps/election-app/win_prob/P/IN/_work/output_statewide_stats.csv
[skip]    /home/ubuntu/apps/election-app/win_prob/P/IN/_work/probs_timeseries_PA.csv
[deleted] /home/ubuntu/apps/election-app/win_prob/P/IN/_work/2024_county_results_with_calcs.csv
[skip]    /home/ubuntu/apps/election-app/win_prob/P/IN/data_output.csv
[skip]    /home/ubuntu/apps/election-app/win_prob/P/IN/data_output_with_margins_old.csv
[skip]    /home/ubuntu/apps/election-app/win_prob/P/IN/data_output_with_margins.csv
[skip]    /home/ubuntu/apps/election-app/win_prob/P/IN/data_output_with_margins-statewide.csv
[deleted] /home/ubuntu/apps/election-app/win_prob/P/IN/snapshots_IN.csv
[deleted] /home/ubuntu/apps/election-app/win_prob/P/IN/data_output_IN_with_margins.csv
[deleted] /home/ubuntu/apps/election-app/win_prob/P/IN/data_output_IN.csv
[deleted] /home/ubuntu/apps/election-app/win_prob/P/IN/data_output_IN_with_margins_statewide_eevp.csv
[deleted] /home/ubuntu/apps/election-app/win_prob/P/IN/data_output_IN.csv.checkpoint.json
[deleted] /home/ubuntu/apps/election-app/win_prob/P/IN/stats.csv
[deleted] /home/ubuntu/apps/election-app/win_prob/P/IN/stats2.csv
[done] removed 16 file(s)
[2026-01-25 01:37:04] INFO: [PIPELINE] args: office=P state=IN district=None
[2026-01-25 01:37:04] INFO: [PIPELINE] WINPROB_DIR resolved to: /home/ubuntu/apps/election-app/win_prob/P/IN
[2026-01-25 01:37:04] INFO: [PIPELINE] OUTDIR set to: /home/ubuntu/apps/election-app/win_prob/P/IN

$ /home/ubuntu/.venv/bin/python3 /home/ubuntu/apps/election-app/stats/1-statewide.py --input /home/ubuntu/apps/election-app/win_prob/P/IN/stats.csv --output /home/ubuntu/apps/election-app/win_prob/P/IN/_work/stats_with_statewide.csv
Wrote /home/ubuntu/apps/election-app/win_prob/P/IN/_work/stats_with_statewide.csv (rows=92)

$ /home/ubuntu/.venv/bin/python3 /home/ubuntu/apps/election-app/stats/1-stats-2.py --input /home/ubuntu/apps/election-app/win_prob/P/IN/stats2.csv --output /home/ubuntu/apps/election-app/win_prob/P/IN/_work/stats2_final_headers.csv
Wrote /home/ubuntu/apps/election-app/win_prob/P/IN/_work/stats2_final_headers.csv (rows=92)

$ /home/ubuntu/.venv/bin/python3 /home/ubuntu/apps/election-app/stats/1-append-new.py
Wrote 2024_county_results_with_final-old.csv (rows=92, missing_final_matches=0)

$ /home/ubuntu/.venv/bin/python3 /home/ubuntu/apps/election-app/stats/1-change_header.py
Wrote: 2024_county_results_with_final.csv

$ /home/ubuntu/.venv/bin/python3 /home/ubuntu/apps/election-app/stats/1-cut-zero-fips.py
Wrote: 2024_county_results_with_final_1.csv
Rows before: 92
Rows after:  92
Dropped (fips == 0): 0

$ /home/ubuntu/.venv/bin/python3 /home/ubuntu/apps/election-app/stats/2-calc.py
Wrote 92 rows with calculations to /home/ubuntu/apps/election-app/win_prob/P/IN/_work/2024_county_results_with_calcs-old.csv

$ /home/ubuntu/.venv/bin/python3 /home/ubuntu/apps/election-app/stats/2-eevp.py
Wrote (no-op copy): 2024_county_results_with_calcs.csv
Columns:
 - timestamp
 - state
 - county
 - fips
 - trump_votes
 - harris_votes
 - other_votes
 - eevp
 - state_eevp
 - harris_votes_statewide
 - trump_votes_statewide
 - other_votes_statewide
 - final_state
 - final_county
 - final_fips
 - final_trump_votes
 - final_harris_votes
 - final_other_votes
 - harris_percent_snapshot
 - trump_percent_snapshot
 - margin_snapshot
 - harris_percent_final
 - trump_percent_final
 - margin_final
 - margin_difference
 - margin_difference_abs

$ /home/ubuntu/.venv/bin/python3 /home/ubuntu/apps/election-app/stats/3-calc-new.py
Wrote 92 rows with new columns to /home/ubuntu/apps/election-app/win_prob/P/IN/_work/2024_county_results_with_calcs_new.csv

$ /home/ubuntu/.venv/bin/python3 /home/ubuntu/apps/election-app/stats/4-stats.py
Reading 2024_county_results_with_calcs_new.csv...
Aggregating statewide totals...
Calculating percentages and margins...
Writing to output_statewide_stats.csv...
Done!
[2026-01-25 01:37:13] INFO: [PIPELINE] ENTER win-prob generation | states=['IN'] ts_list=['2024-11-05T15-30-22']

============================================================================
[01/1] STATE = IN
============================================================================

$ /home/ubuntu/.venv/bin/python3 /home/ubuntu/apps/election-app/stats/5-snapshots.py --state IN --input /home/ubuntu/apps/election-app/win_prob/P/IN/_work/output_statewide_stats.csv --output /home/ubuntu/apps/election-app/win_prob/P/IN/snapshots_IN.csv --start 2024-11-05T15-30-22 --end 2024-11-05T15-30-22 --use-window 1 --interval 30
Mode: windowed-one-state
Rows written: 92
Distinct states in output: IN
Rows per normalized timestamp (empty = unparseable):
  2024-11-05T15-30-22: 92
Wrote /home/ubuntu/apps/election-app/win_prob/P/IN/snapshots_IN.csv

$ /home/ubuntu/.venv/bin/python3 /home/ubuntu/apps/election-app/stats/6-pval.py /home/ubuntu/apps/election-app/win_prob/P/IN/snapshots_IN.csv -t /home/ubuntu/apps/election-app/stats/parameters.csv -o /home/ubuntu/apps/election-app/win_prob/P/IN/data_output_IN.csv -c 50
Done. Wrote: /home/ubuntu/apps/election-app/win_prob/P/IN/data_output_IN.csv
Total rows: 92 (chunked, resumable).
Computed columns for PVALS = [0.01, 0.1, 1, 2, 3, 5, 10, 15, 20, 25, 30, 35, 40, 45, 50, 55, 60, 65, 70, 75, 80, 85, 90, 95, 97, 98, 99, 99.9, 99.99]
Per p (leader): shift_{p}, margin_new_{p}, harris_percent_new_{p}, trump_percent_new_{p}, total_snapshot_{p}, total_expected_{p}, harris_votes_new_{p}, trump_votes_new_{p}
Per p (trailing): shift_trailing_{p}, margin_new_{p}_trailing, harris_percent_new_{p}_trailing, trump_percent_new_{p}_trailing, total_snapshot_{p}_trailing, total_expected_{p}_trailing, harris_votes_new_{p}_trailing, trump_votes_new_{p}_trailing
Checkpoint saved at: /home/ubuntu/apps/election-app/win_prob/P/IN/data_output_IN.csv.checkpoint.json

$ /home/ubuntu/.venv/bin/python3 /home/ubuntu/apps/election-app/stats/7-margin-new.py
Wrote data_output_with_margins_old.csv

$ /home/ubuntu/.venv/bin/python3 /home/ubuntu/apps/election-app/stats/7-eevp-statewide.py
Wrote data_output_with_margins.csv (copied from data_output_with_margins_old.csv)

$ /home/ubuntu/.venv/bin/python3 /home/ubuntu/apps/election-app/stats/7.py --input /home/ubuntu/apps/election-app/win_prob/P/IN/data_output_IN_with_margins_statewide_eevp.csv --output /home/ubuntu/apps/election-app/win_prob/P/IN/statewide_margin_pct_vs_percent_IN_2026.png --state IN --start 2024-11-05T15-30-22 --end 2024-11-05T15-30-22 --stats /home/ubuntu/apps/election-app/win_prob/P/IN/stats.csv --stats2 /home/ubuntu/apps/election-app/win_prob/P/IN/stats2.csv --interval 30 --year 2026 --jsonl /home/ubuntu/apps/election-app/win_prob/P/IN/plotdata_IN_2026_2026-01-25T01-37-04.jsonl
[info] evaluating 1 timestamps from 2024-11-05T15-30-22 to 2024-11-05T15-30-22 every 30 minutes
[saved] probs_timeseries_IN.csv  (1 points)
[saved] /home/ubuntu/apps/election-app/win_prob/P/IN/plotdata_IN_2026_2026-01-25T01-37-04.jsonl  (4 points)
[saved] /home/ubuntu/apps/election-app/win_prob/P/IN/statewide_margin_pct_vs_percent_IN_2026_box.json
[saved] /home/ubuntu/apps/election-app/win_prob/P/IN/statewide_margin_pct_vs_percent_IN_2026_box.png
[saved] /home/ubuntu/apps/election-app/win_prob/P/IN/statewide_margin_pct_vs_percent_IN_2026.png

All 50 states complete. See: /home/ubuntu/apps/election-app/win_prob/P/IN

$ /home/ubuntu/.venv/bin/python3 /home/ubuntu/apps/election-app/stats/8.py --root /home/ubuntu/apps/election-app/win_prob/P/IN/_work --outdir /home/ubuntu/apps/election-app/win_prob/P/IN
[info] root  = /home/ubuntu/apps/election-app/win_prob/P/IN/_work
[info] outdir= /home/ubuntu/apps/election-app/win_prob/P/IN
[deleted] /home/ubuntu/apps/election-app/win_prob/P/IN/_work/stats_with_statewide.csv
[deleted] /home/ubuntu/apps/election-app/win_prob/P/IN/_work/stats2_final_headers.csv
[deleted] /home/ubuntu/apps/election-app/win_prob/P/IN/_work/2024_county_results_with_final-old.csv
[deleted] /home/ubuntu/apps/election-app/win_prob/P/IN/_work/2024_county_results_with_final.csv
[deleted] /home/ubuntu/apps/election-app/win_prob/P/IN/_work/2024_county_results_with_final_1.csv
[deleted] /home/ubuntu/apps/election-app/win_prob/P/IN/_work/2024_county_results_with_calcs-old.csv
[deleted] /home/ubuntu/apps/election-app/win_prob/P/IN/_work/2024_county_results_with_calcs_new.csv
[deleted] /home/ubuntu/apps/election-app/win_prob/P/IN/_work/output_statewide_stats.csv
[skip]    /home/ubuntu/apps/election-app/win_prob/P/IN/_work/probs_timeseries_PA.csv
[deleted] /home/ubuntu/apps/election-app/win_prob/P/IN/_work/2024_county_results_with_calcs.csv
[skip]    /home/ubuntu/apps/election-app/win_prob/P/IN/data_output.csv
[skip]    /home/ubuntu/apps/election-app/win_prob/P/IN/data_output_with_margins_old.csv
[skip]    /home/ubuntu/apps/election-app/win_prob/P/IN/data_output_with_margins.csv
[skip]    /home/ubuntu/apps/election-app/win_prob/P/IN/data_output_with_margins-statewide.csv
[deleted] /home/ubuntu/apps/election-app/win_prob/P/IN/snapshots_IN.csv
[deleted] /home/ubuntu/apps/election-app/win_prob/P/IN/data_output_IN_with_margins.csv
[deleted] /home/ubuntu/apps/election-app/win_prob/P/IN/data_output_IN.csv
[deleted] /home/ubuntu/apps/election-app/win_prob/P/IN/data_output_IN_with_margins_statewide_eevp.csv
[deleted] /home/ubuntu/apps/election-app/win_prob/P/IN/data_output_IN.csv.checkpoint.json
[deleted] /home/ubuntu/apps/election-app/win_prob/P/IN/stats.csv
[deleted] /home/ubuntu/apps/election-app/win_prob/P/IN/stats2.csv
[done] removed 16 file(s)
[2026-01-25 01:44:06] INFO: [PIPELINE] args: office=P state=IN district=None
[2026-01-25 01:44:06] INFO: [PIPELINE] WINPROB_DIR resolved to: /home/ubuntu/apps/election-app/win_prob/P/IN
[2026-01-25 01:44:06] INFO: [PIPELINE] OUTDIR set to: /home/ubuntu/apps/election-app/win_prob/P/IN

$ /home/ubuntu/.venv/bin/python3 /home/ubuntu/apps/election-app/stats/1-statewide.py --input /home/ubuntu/apps/election-app/win_prob/P/IN/stats.csv --output /home/ubuntu/apps/election-app/win_prob/P/IN/_work/stats_with_statewide.csv
Wrote /home/ubuntu/apps/election-app/win_prob/P/IN/_work/stats_with_statewide.csv (rows=92)

$ /home/ubuntu/.venv/bin/python3 /home/ubuntu/apps/election-app/stats/1-stats-2.py --input /home/ubuntu/apps/election-app/win_prob/P/IN/stats2.csv --output /home/ubuntu/apps/election-app/win_prob/P/IN/_work/stats2_final_headers.csv
Wrote /home/ubuntu/apps/election-app/win_prob/P/IN/_work/stats2_final_headers.csv (rows=92)

$ /home/ubuntu/.venv/bin/python3 /home/ubuntu/apps/election-app/stats/1-append-new.py
Wrote 2024_county_results_with_final-old.csv (rows=92, missing_final_matches=0)

$ /home/ubuntu/.venv/bin/python3 /home/ubuntu/apps/election-app/stats/1-change_header.py
Wrote: 2024_county_results_with_final.csv

$ /home/ubuntu/.venv/bin/python3 /home/ubuntu/apps/election-app/stats/1-cut-zero-fips.py
Wrote: 2024_county_results_with_final_1.csv
Rows before: 92
Rows after:  92
Dropped (fips == 0): 0

$ /home/ubuntu/.venv/bin/python3 /home/ubuntu/apps/election-app/stats/2-calc.py
Wrote 92 rows with calculations to /home/ubuntu/apps/election-app/win_prob/P/IN/_work/2024_county_results_with_calcs-old.csv

$ /home/ubuntu/.venv/bin/python3 /home/ubuntu/apps/election-app/stats/2-eevp.py
Wrote (no-op copy): 2024_county_results_with_calcs.csv
Columns:
 - timestamp
 - state
 - county
 - fips
 - trump_votes
 - harris_votes
 - other_votes
 - eevp
 - state_eevp
 - harris_votes_statewide
 - trump_votes_statewide
 - other_votes_statewide
 - final_state
 - final_county
 - final_fips
 - final_trump_votes
 - final_harris_votes
 - final_other_votes
 - harris_percent_snapshot
 - trump_percent_snapshot
 - margin_snapshot
 - harris_percent_final
 - trump_percent_final
 - margin_final
 - margin_difference
 - margin_difference_abs

$ /home/ubuntu/.venv/bin/python3 /home/ubuntu/apps/election-app/stats/3-calc-new.py
Wrote 92 rows with new columns to /home/ubuntu/apps/election-app/win_prob/P/IN/_work/2024_county_results_with_calcs_new.csv

$ /home/ubuntu/.venv/bin/python3 /home/ubuntu/apps/election-app/stats/4-stats.py
Reading 2024_county_results_with_calcs_new.csv...
Aggregating statewide totals...
Calculating percentages and margins...
Writing to output_statewide_stats.csv...
Done!
[2026-01-25 01:44:16] INFO: [PIPELINE] ENTER win-prob generation | states=['IN'] ts_list=['2024-11-05T15-30-22']

============================================================================
[01/1] STATE = IN
============================================================================

$ /home/ubuntu/.venv/bin/python3 /home/ubuntu/apps/election-app/stats/5-snapshots.py --state IN --input /home/ubuntu/apps/election-app/win_prob/P/IN/_work/output_statewide_stats.csv --output /home/ubuntu/apps/election-app/win_prob/P/IN/snapshots_IN.csv --start 2024-11-05T15-30-22 --end 2024-11-05T15-30-22 --use-window 1 --interval 30
Mode: windowed-one-state
Rows written: 92
Distinct states in output: IN
Rows per normalized timestamp (empty = unparseable):
  2024-11-05T15-30-22: 92
Wrote /home/ubuntu/apps/election-app/win_prob/P/IN/snapshots_IN.csv

$ /home/ubuntu/.venv/bin/python3 /home/ubuntu/apps/election-app/stats/6-pval.py /home/ubuntu/apps/election-app/win_prob/P/IN/snapshots_IN.csv -t /home/ubuntu/apps/election-app/stats/parameters.csv -o /home/ubuntu/apps/election-app/win_prob/P/IN/data_output_IN.csv -c 50
Done. Wrote: /home/ubuntu/apps/election-app/win_prob/P/IN/data_output_IN.csv
Total rows: 92 (chunked, resumable).
Computed columns for PVALS = [0.01, 0.1, 1, 2, 3, 5, 10, 15, 20, 25, 30, 35, 40, 45, 50, 55, 60, 65, 70, 75, 80, 85, 90, 95, 97, 98, 99, 99.9, 99.99]
Per p (leader): shift_{p}, margin_new_{p}, harris_percent_new_{p}, trump_percent_new_{p}, total_snapshot_{p}, total_expected_{p}, harris_votes_new_{p}, trump_votes_new_{p}
Per p (trailing): shift_trailing_{p}, margin_new_{p}_trailing, harris_percent_new_{p}_trailing, trump_percent_new_{p}_trailing, total_snapshot_{p}_trailing, total_expected_{p}_trailing, harris_votes_new_{p}_trailing, trump_votes_new_{p}_trailing
Checkpoint saved at: /home/ubuntu/apps/election-app/win_prob/P/IN/data_output_IN.csv.checkpoint.json

$ /home/ubuntu/.venv/bin/python3 /home/ubuntu/apps/election-app/stats/7-margin-new.py
Wrote data_output_with_margins_old.csv

$ /home/ubuntu/.venv/bin/python3 /home/ubuntu/apps/election-app/stats/7-eevp-statewide.py
Wrote data_output_with_margins.csv (copied from data_output_with_margins_old.csv)

$ /home/ubuntu/.venv/bin/python3 /home/ubuntu/apps/election-app/stats/7.py --input /home/ubuntu/apps/election-app/win_prob/P/IN/data_output_IN_with_margins_statewide_eevp.csv --output /home/ubuntu/apps/election-app/win_prob/P/IN/statewide_margin_pct_vs_percent_IN_2026.png --state IN --start 2024-11-05T15-30-22 --end 2024-11-05T15-30-22 --stats /home/ubuntu/apps/election-app/win_prob/P/IN/stats.csv --stats2 /home/ubuntu/apps/election-app/win_prob/P/IN/stats2.csv --interval 30 --year 2026 --jsonl /home/ubuntu/apps/election-app/win_prob/P/IN/plotdata_IN_2026_2026-01-25T01-44-06.jsonl
[info] evaluating 1 timestamps from 2024-11-05T15-30-22 to 2024-11-05T15-30-22 every 30 minutes
[saved] probs_timeseries_IN.csv  (1 points)
[saved] /home/ubuntu/apps/election-app/win_prob/P/IN/plotdata_IN_2026_2026-01-25T01-44-06.jsonl  (4 points)
[saved] /home/ubuntu/apps/election-app/win_prob/P/IN/statewide_margin_pct_vs_percent_IN_2026_box.json
[saved] /home/ubuntu/apps/election-app/win_prob/P/IN/statewide_margin_pct_vs_percent_IN_2026_box.png
[saved] /home/ubuntu/apps/election-app/win_prob/P/IN/statewide_margin_pct_vs_percent_IN_2026.png

All 50 states complete. See: /home/ubuntu/apps/election-app/win_prob/P/IN

$ /home/ubuntu/.venv/bin/python3 /home/ubuntu/apps/election-app/stats/8.py --root /home/ubuntu/apps/election-app/win_prob/P/IN/_work --outdir /home/ubuntu/apps/election-app/win_prob/P/IN
[info] root  = /home/ubuntu/apps/election-app/win_prob/P/IN/_work
[info] outdir= /home/ubuntu/apps/election-app/win_prob/P/IN
[deleted] /home/ubuntu/apps/election-app/win_prob/P/IN/_work/stats_with_statewide.csv
[deleted] /home/ubuntu/apps/election-app/win_prob/P/IN/_work/stats2_final_headers.csv
[deleted] /home/ubuntu/apps/election-app/win_prob/P/IN/_work/2024_county_results_with_final-old.csv
[deleted] /home/ubuntu/apps/election-app/win_prob/P/IN/_work/2024_county_results_with_final.csv
[deleted] /home/ubuntu/apps/election-app/win_prob/P/IN/_work/2024_county_results_with_final_1.csv
[deleted] /home/ubuntu/apps/election-app/win_prob/P/IN/_work/2024_county_results_with_calcs-old.csv
[deleted] /home/ubuntu/apps/election-app/win_prob/P/IN/_work/2024_county_results_with_calcs_new.csv
[deleted] /home/ubuntu/apps/election-app/win_prob/P/IN/_work/output_statewide_stats.csv
[skip]    /home/ubuntu/apps/election-app/win_prob/P/IN/_work/probs_timeseries_PA.csv
[deleted] /home/ubuntu/apps/election-app/win_prob/P/IN/_work/2024_county_results_with_calcs.csv
[skip]    /home/ubuntu/apps/election-app/win_prob/P/IN/data_output.csv
[skip]    /home/ubuntu/apps/election-app/win_prob/P/IN/data_output_with_margins_old.csv
[skip]    /home/ubuntu/apps/election-app/win_prob/P/IN/data_output_with_margins.csv
[skip]    /home/ubuntu/apps/election-app/win_prob/P/IN/data_output_with_margins-statewide.csv
[deleted] /home/ubuntu/apps/election-app/win_prob/P/IN/snapshots_IN.csv
[deleted] /home/ubuntu/apps/election-app/win_prob/P/IN/data_output_IN_with_margins.csv
[deleted] /home/ubuntu/apps/election-app/win_prob/P/IN/data_output_IN.csv
[deleted] /home/ubuntu/apps/election-app/win_prob/P/IN/data_output_IN_with_margins_statewide_eevp.csv
[deleted] /home/ubuntu/apps/election-app/win_prob/P/IN/data_output_IN.csv.checkpoint.json
[deleted] /home/ubuntu/apps/election-app/win_prob/P/IN/stats.csv
[deleted] /home/ubuntu/apps/election-app/win_prob/P/IN/stats2.csv
[done] removed 16 file(s)
[2026-01-25 01:51:09] INFO: [PIPELINE] args: office=P state=IN district=None
[2026-01-25 01:51:09] INFO: [PIPELINE] WINPROB_DIR resolved to: /home/ubuntu/apps/election-app/win_prob/P/IN
[2026-01-25 01:51:09] INFO: [PIPELINE] OUTDIR set to: /home/ubuntu/apps/election-app/win_prob/P/IN

$ /home/ubuntu/.venv/bin/python3 /home/ubuntu/apps/election-app/stats/1-statewide.py --input /home/ubuntu/apps/election-app/win_prob/P/IN/stats.csv --output /home/ubuntu/apps/election-app/win_prob/P/IN/_work/stats_with_statewide.csv
Wrote /home/ubuntu/apps/election-app/win_prob/P/IN/_work/stats_with_statewide.csv (rows=92)

$ /home/ubuntu/.venv/bin/python3 /home/ubuntu/apps/election-app/stats/1-stats-2.py --input /home/ubuntu/apps/election-app/win_prob/P/IN/stats2.csv --output /home/ubuntu/apps/election-app/win_prob/P/IN/_work/stats2_final_headers.csv
Wrote /home/ubuntu/apps/election-app/win_prob/P/IN/_work/stats2_final_headers.csv (rows=92)

$ /home/ubuntu/.venv/bin/python3 /home/ubuntu/apps/election-app/stats/1-append-new.py
Wrote 2024_county_results_with_final-old.csv (rows=92, missing_final_matches=0)

$ /home/ubuntu/.venv/bin/python3 /home/ubuntu/apps/election-app/stats/1-change_header.py
Wrote: 2024_county_results_with_final.csv

$ /home/ubuntu/.venv/bin/python3 /home/ubuntu/apps/election-app/stats/1-cut-zero-fips.py
Wrote: 2024_county_results_with_final_1.csv
Rows before: 92
Rows after:  92
Dropped (fips == 0): 0

$ /home/ubuntu/.venv/bin/python3 /home/ubuntu/apps/election-app/stats/2-calc.py
Wrote 92 rows with calculations to /home/ubuntu/apps/election-app/win_prob/P/IN/_work/2024_county_results_with_calcs-old.csv

$ /home/ubuntu/.venv/bin/python3 /home/ubuntu/apps/election-app/stats/2-eevp.py
Wrote (no-op copy): 2024_county_results_with_calcs.csv
Columns:
 - timestamp
 - state
 - county
 - fips
 - trump_votes
 - harris_votes
 - other_votes
 - eevp
 - state_eevp
 - harris_votes_statewide
 - trump_votes_statewide
 - other_votes_statewide
 - final_state
 - final_county
 - final_fips
 - final_trump_votes
 - final_harris_votes
 - final_other_votes
 - harris_percent_snapshot
 - trump_percent_snapshot
 - margin_snapshot
 - harris_percent_final
 - trump_percent_final
 - margin_final
 - margin_difference
 - margin_difference_abs

$ /home/ubuntu/.venv/bin/python3 /home/ubuntu/apps/election-app/stats/3-calc-new.py
Wrote 92 rows with new columns to /home/ubuntu/apps/election-app/win_prob/P/IN/_work/2024_county_results_with_calcs_new.csv

$ /home/ubuntu/.venv/bin/python3 /home/ubuntu/apps/election-app/stats/4-stats.py
Reading 2024_county_results_with_calcs_new.csv...
Aggregating statewide totals...
Calculating percentages and margins...
Writing to output_statewide_stats.csv...
Done!
[2026-01-25 01:51:19] INFO: [PIPELINE] ENTER win-prob generation | states=['IN'] ts_list=['2024-11-05T15-30-22']

============================================================================
[01/1] STATE = IN
============================================================================

$ /home/ubuntu/.venv/bin/python3 /home/ubuntu/apps/election-app/stats/5-snapshots.py --state IN --input /home/ubuntu/apps/election-app/win_prob/P/IN/_work/output_statewide_stats.csv --output /home/ubuntu/apps/election-app/win_prob/P/IN/snapshots_IN.csv --start 2024-11-05T15-30-22 --end 2024-11-05T15-30-22 --use-window 1 --interval 30
Mode: windowed-one-state
Rows written: 92
Distinct states in output: IN
Rows per normalized timestamp (empty = unparseable):
  2024-11-05T15-30-22: 92
Wrote /home/ubuntu/apps/election-app/win_prob/P/IN/snapshots_IN.csv

$ /home/ubuntu/.venv/bin/python3 /home/ubuntu/apps/election-app/stats/6-pval.py /home/ubuntu/apps/election-app/win_prob/P/IN/snapshots_IN.csv -t /home/ubuntu/apps/election-app/stats/parameters.csv -o /home/ubuntu/apps/election-app/win_prob/P/IN/data_output_IN.csv -c 50
Done. Wrote: /home/ubuntu/apps/election-app/win_prob/P/IN/data_output_IN.csv
Total rows: 92 (chunked, resumable).
Computed columns for PVALS = [0.01, 0.1, 1, 2, 3, 5, 10, 15, 20, 25, 30, 35, 40, 45, 50, 55, 60, 65, 70, 75, 80, 85, 90, 95, 97, 98, 99, 99.9, 99.99]
Per p (leader): shift_{p}, margin_new_{p}, harris_percent_new_{p}, trump_percent_new_{p}, total_snapshot_{p}, total_expected_{p}, harris_votes_new_{p}, trump_votes_new_{p}
Per p (trailing): shift_trailing_{p}, margin_new_{p}_trailing, harris_percent_new_{p}_trailing, trump_percent_new_{p}_trailing, total_snapshot_{p}_trailing, total_expected_{p}_trailing, harris_votes_new_{p}_trailing, trump_votes_new_{p}_trailing
Checkpoint saved at: /home/ubuntu/apps/election-app/win_prob/P/IN/data_output_IN.csv.checkpoint.json

$ /home/ubuntu/.venv/bin/python3 /home/ubuntu/apps/election-app/stats/7-margin-new.py
Wrote data_output_with_margins_old.csv

$ /home/ubuntu/.venv/bin/python3 /home/ubuntu/apps/election-app/stats/7-eevp-statewide.py
Wrote data_output_with_margins.csv (copied from data_output_with_margins_old.csv)

$ /home/ubuntu/.venv/bin/python3 /home/ubuntu/apps/election-app/stats/7.py --input /home/ubuntu/apps/election-app/win_prob/P/IN/data_output_IN_with_margins_statewide_eevp.csv --output /home/ubuntu/apps/election-app/win_prob/P/IN/statewide_margin_pct_vs_percent_IN_2026.png --state IN --start 2024-11-05T15-30-22 --end 2024-11-05T15-30-22 --stats /home/ubuntu/apps/election-app/win_prob/P/IN/stats.csv --stats2 /home/ubuntu/apps/election-app/win_prob/P/IN/stats2.csv --interval 30 --year 2026 --jsonl /home/ubuntu/apps/election-app/win_prob/P/IN/plotdata_IN_2026_2026-01-25T01-51-09.jsonl
[info] evaluating 1 timestamps from 2024-11-05T15-30-22 to 2024-11-05T15-30-22 every 30 minutes
[saved] probs_timeseries_IN.csv  (1 points)
[saved] /home/ubuntu/apps/election-app/win_prob/P/IN/plotdata_IN_2026_2026-01-25T01-51-09.jsonl  (4 points)
[saved] /home/ubuntu/apps/election-app/win_prob/P/IN/statewide_margin_pct_vs_percent_IN_2026_box.json
[saved] /home/ubuntu/apps/election-app/win_prob/P/IN/statewide_margin_pct_vs_percent_IN_2026_box.png
[saved] /home/ubuntu/apps/election-app/win_prob/P/IN/statewide_margin_pct_vs_percent_IN_2026.png

All 50 states complete. See: /home/ubuntu/apps/election-app/win_prob/P/IN

$ /home/ubuntu/.venv/bin/python3 /home/ubuntu/apps/election-app/stats/8.py --root /home/ubuntu/apps/election-app/win_prob/P/IN/_work --outdir /home/ubuntu/apps/election-app/win_prob/P/IN
[info] root  = /home/ubuntu/apps/election-app/win_prob/P/IN/_work
[info] outdir= /home/ubuntu/apps/election-app/win_prob/P/IN
[deleted] /home/ubuntu/apps/election-app/win_prob/P/IN/_work/stats_with_statewide.csv
[deleted] /home/ubuntu/apps/election-app/win_prob/P/IN/_work/stats2_final_headers.csv
[deleted] /home/ubuntu/apps/election-app/win_prob/P/IN/_work/2024_county_results_with_final-old.csv
[deleted] /home/ubuntu/apps/election-app/win_prob/P/IN/_work/2024_county_results_with_final.csv
[deleted] /home/ubuntu/apps/election-app/win_prob/P/IN/_work/2024_county_results_with_final_1.csv
[deleted] /home/ubuntu/apps/election-app/win_prob/P/IN/_work/2024_county_results_with_calcs-old.csv
[deleted] /home/ubuntu/apps/election-app/win_prob/P/IN/_work/2024_county_results_with_calcs_new.csv
[deleted] /home/ubuntu/apps/election-app/win_prob/P/IN/_work/output_statewide_stats.csv
[skip]    /home/ubuntu/apps/election-app/win_prob/P/IN/_work/probs_timeseries_PA.csv
[deleted] /home/ubuntu/apps/election-app/win_prob/P/IN/_work/2024_county_results_with_calcs.csv
[skip]    /home/ubuntu/apps/election-app/win_prob/P/IN/data_output.csv
[skip]    /home/ubuntu/apps/election-app/win_prob/P/IN/data_output_with_margins_old.csv
[skip]    /home/ubuntu/apps/election-app/win_prob/P/IN/data_output_with_margins.csv
[skip]    /home/ubuntu/apps/election-app/win_prob/P/IN/data_output_with_margins-statewide.csv
[deleted] /home/ubuntu/apps/election-app/win_prob/P/IN/snapshots_IN.csv
[deleted] /home/ubuntu/apps/election-app/win_prob/P/IN/data_output_IN_with_margins.csv
[deleted] /home/ubuntu/apps/election-app/win_prob/P/IN/data_output_IN.csv
[deleted] /home/ubuntu/apps/election-app/win_prob/P/IN/data_output_IN_with_margins_statewide_eevp.csv
[deleted] /home/ubuntu/apps/election-app/win_prob/P/IN/data_output_IN.csv.checkpoint.json
[deleted] /home/ubuntu/apps/election-app/win_prob/P/IN/stats.csv
[deleted] /home/ubuntu/apps/election-app/win_prob/P/IN/stats2.csv
[done] removed 16 file(s)
[2026-02-04 18:08:59] INFO: [PIPELINE] args: office=P state=IN district=None
[2026-02-04 18:08:59] INFO: [PIPELINE] WINPROB_DIR resolved to: /home/ubuntu/apps/election-app/win_prob/P/IN
[2026-02-04 18:08:59] INFO: [PIPELINE] OUTDIR set to: /home/ubuntu/apps/election-app/win_prob/P/IN

$ /home/ubuntu/.venv/bin/python3 /home/ubuntu/apps/election-app/stats/1-statewide.py --input /home/ubuntu/apps/election-app/win_prob/P/IN/stats.csv --output /home/ubuntu/apps/election-app/win_prob/P/IN/_work/stats_with_statewide.csv
Wrote /home/ubuntu/apps/election-app/win_prob/P/IN/_work/stats_with_statewide.csv (rows=92)

$ /home/ubuntu/.venv/bin/python3 /home/ubuntu/apps/election-app/stats/1-stats-2.py --input /home/ubuntu/apps/election-app/win_prob/P/IN/stats2.csv --output /home/ubuntu/apps/election-app/win_prob/P/IN/_work/stats2_final_headers.csv
Wrote /home/ubuntu/apps/election-app/win_prob/P/IN/_work/stats2_final_headers.csv (rows=92)

$ /home/ubuntu/.venv/bin/python3 /home/ubuntu/apps/election-app/stats/1-append-new.py
Wrote 2024_county_results_with_final-old.csv (rows=92, missing_final_matches=0)

$ /home/ubuntu/.venv/bin/python3 /home/ubuntu/apps/election-app/stats/1-change_header.py
Wrote: 2024_county_results_with_final.csv

$ /home/ubuntu/.venv/bin/python3 /home/ubuntu/apps/election-app/stats/1-cut-zero-fips.py
Wrote: 2024_county_results_with_final_1.csv
Rows before: 92
Rows after:  92
Dropped (fips == 0): 0

$ /home/ubuntu/.venv/bin/python3 /home/ubuntu/apps/election-app/stats/2-calc.py
Wrote 92 rows with calculations to /home/ubuntu/apps/election-app/win_prob/P/IN/_work/2024_county_results_with_calcs-old.csv

$ /home/ubuntu/.venv/bin/python3 /home/ubuntu/apps/election-app/stats/2-eevp.py
Wrote (no-op copy): 2024_county_results_with_calcs.csv
Columns:
 - timestamp
 - state
 - county
 - fips
 - trump_votes
 - harris_votes
 - other_votes
 - eevp
 - state_eevp
 - harris_votes_statewide
 - trump_votes_statewide
 - other_votes_statewide
 - final_state
 - final_county
 - final_fips
 - final_trump_votes
 - final_harris_votes
 - final_other_votes
 - harris_percent_snapshot
 - trump_percent_snapshot
 - margin_snapshot
 - harris_percent_final
 - trump_percent_final
 - margin_final
 - margin_difference
 - margin_difference_abs

$ /home/ubuntu/.venv/bin/python3 /home/ubuntu/apps/election-app/stats/3-calc-new.py
Wrote 92 rows with new columns to /home/ubuntu/apps/election-app/win_prob/P/IN/_work/2024_county_results_with_calcs_new.csv

$ /home/ubuntu/.venv/bin/python3 /home/ubuntu/apps/election-app/stats/4-stats.py
Reading 2024_county_results_with_calcs_new.csv...
Aggregating statewide totals...
Calculating percentages and margins...
Writing to output_statewide_stats.csv...
Done!
[2026-02-04 18:09:10] INFO: [PIPELINE] ENTER win-prob generation | states=['IN'] ts_list=['2024-11-05T15-30-22']

============================================================================
[01/1] STATE = IN
============================================================================

$ /home/ubuntu/.venv/bin/python3 /home/ubuntu/apps/election-app/stats/5-snapshots.py --state IN --input /home/ubuntu/apps/election-app/win_prob/P/IN/_work/output_statewide_stats.csv --output /home/ubuntu/apps/election-app/win_prob/P/IN/snapshots_IN.csv --start 2024-11-05T15-30-22 --end 2024-11-05T15-30-22 --use-window 1 --interval 30
Mode: windowed-one-state
Rows written: 92
Distinct states in output: IN
Rows per normalized timestamp (empty = unparseable):
  2024-11-05T15-30-22: 92
Wrote /home/ubuntu/apps/election-app/win_prob/P/IN/snapshots_IN.csv

$ /home/ubuntu/.venv/bin/python3 /home/ubuntu/apps/election-app/stats/6-pval.py /home/ubuntu/apps/election-app/win_prob/P/IN/snapshots_IN.csv -t /home/ubuntu/apps/election-app/stats/parameters.csv -o /home/ubuntu/apps/election-app/win_prob/P/IN/data_output_IN.csv -c 50
Done. Wrote: /home/ubuntu/apps/election-app/win_prob/P/IN/data_output_IN.csv
Total rows: 92 (chunked, resumable).
Computed columns for PVALS = [0.01, 0.1, 1, 2, 3, 5, 10, 15, 20, 25, 30, 35, 40, 45, 50, 55, 60, 65, 70, 75, 80, 85, 90, 95, 97, 98, 99, 99.9, 99.99]
Per p (leader): shift_{p}, margin_new_{p}, harris_percent_new_{p}, trump_percent_new_{p}, total_snapshot_{p}, total_expected_{p}, harris_votes_new_{p}, trump_votes_new_{p}
Per p (trailing): shift_trailing_{p}, margin_new_{p}_trailing, harris_percent_new_{p}_trailing, trump_percent_new_{p}_trailing, total_snapshot_{p}_trailing, total_expected_{p}_trailing, harris_votes_new_{p}_trailing, trump_votes_new_{p}_trailing
Checkpoint saved at: /home/ubuntu/apps/election-app/win_prob/P/IN/data_output_IN.csv.checkpoint.json

$ /home/ubuntu/.venv/bin/python3 /home/ubuntu/apps/election-app/stats/7-margin-new.py
Wrote data_output_with_margins_old.csv

$ /home/ubuntu/.venv/bin/python3 /home/ubuntu/apps/election-app/stats/7-eevp-statewide.py
Wrote data_output_with_margins.csv (copied from data_output_with_margins_old.csv)

$ /home/ubuntu/.venv/bin/python3 /home/ubuntu/apps/election-app/stats/7.py --input /home/ubuntu/apps/election-app/win_prob/P/IN/data_output_IN_with_margins_statewide_eevp.csv --output /home/ubuntu/apps/election-app/win_prob/P/IN/statewide_margin_pct_vs_percent_IN_2026.png --state IN --start 2024-11-05T15-30-22 --end 2024-11-05T15-30-22 --stats /home/ubuntu/apps/election-app/win_prob/P/IN/stats.csv --stats2 /home/ubuntu/apps/election-app/win_prob/P/IN/stats2.csv --interval 30 --year 2026 --jsonl /home/ubuntu/apps/election-app/win_prob/P/IN/plotdata_IN_2026_2026-02-04T18-08-59.jsonl
[info] evaluating 1 timestamps from 2024-11-05T15-30-22 to 2024-11-05T15-30-22 every 30 minutes
[saved] probs_timeseries_IN.csv  (1 points)
[saved] /home/ubuntu/apps/election-app/win_prob/P/IN/plotdata_IN_2026_2026-02-04T18-08-59.jsonl  (4 points)
[saved] /home/ubuntu/apps/election-app/win_prob/P/IN/statewide_margin_pct_vs_percent_IN_2026_box.json
[saved] /home/ubuntu/apps/election-app/win_prob/P/IN/statewide_margin_pct_vs_percent_IN_2026_box.png
[saved] /home/ubuntu/apps/election-app/win_prob/P/IN/statewide_margin_pct_vs_percent_IN_2026.png

All 50 states complete. See: /home/ubuntu/apps/election-app/win_prob/P/IN

$ /home/ubuntu/.venv/bin/python3 /home/ubuntu/apps/election-app/stats/8.py --root /home/ubuntu/apps/election-app/win_prob/P/IN/_work --outdir /home/ubuntu/apps/election-app/win_prob/P/IN
[info] root  = /home/ubuntu/apps/election-app/win_prob/P/IN/_work
[info] outdir= /home/ubuntu/apps/election-app/win_prob/P/IN
[deleted] /home/ubuntu/apps/election-app/win_prob/P/IN/_work/stats_with_statewide.csv
[deleted] /home/ubuntu/apps/election-app/win_prob/P/IN/_work/stats2_final_headers.csv
[deleted] /home/ubuntu/apps/election-app/win_prob/P/IN/_work/2024_county_results_with_final-old.csv
[deleted] /home/ubuntu/apps/election-app/win_prob/P/IN/_work/2024_county_results_with_final.csv
[deleted] /home/ubuntu/apps/election-app/win_prob/P/IN/_work/2024_county_results_with_final_1.csv
[deleted] /home/ubuntu/apps/election-app/win_prob/P/IN/_work/2024_county_results_with_calcs-old.csv
[deleted] /home/ubuntu/apps/election-app/win_prob/P/IN/_work/2024_county_results_with_calcs_new.csv
[deleted] /home/ubuntu/apps/election-app/win_prob/P/IN/_work/output_statewide_stats.csv
[skip]    /home/ubuntu/apps/election-app/win_prob/P/IN/_work/probs_timeseries_PA.csv
[deleted] /home/ubuntu/apps/election-app/win_prob/P/IN/_work/2024_county_results_with_calcs.csv
[skip]    /home/ubuntu/apps/election-app/win_prob/P/IN/data_output.csv
[skip]    /home/ubuntu/apps/election-app/win_prob/P/IN/data_output_with_margins_old.csv
[skip]    /home/ubuntu/apps/election-app/win_prob/P/IN/data_output_with_margins.csv
[skip]    /home/ubuntu/apps/election-app/win_prob/P/IN/data_output_with_margins-statewide.csv
[deleted] /home/ubuntu/apps/election-app/win_prob/P/IN/snapshots_IN.csv
[deleted] /home/ubuntu/apps/election-app/win_prob/P/IN/data_output_IN_with_margins.csv
[deleted] /home/ubuntu/apps/election-app/win_prob/P/IN/data_output_IN.csv
[deleted] /home/ubuntu/apps/election-app/win_prob/P/IN/data_output_IN_with_margins_statewide_eevp.csv
[deleted] /home/ubuntu/apps/election-app/win_prob/P/IN/data_output_IN.csv.checkpoint.json
[deleted] /home/ubuntu/apps/election-app/win_prob/P/IN/stats.csv
[deleted] /home/ubuntu/apps/election-app/win_prob/P/IN/stats2.csv
[done] removed 16 file(s)
