[2026-01-23 11:57:04] INFO: [PIPELINE] args: office=H state=MO district=08
[2026-01-23 11:57:04] INFO: [PIPELINE] WINPROB_DIR resolved to: /home/ubuntu/apps/election-app/win_prob/H/MO/08
[2026-01-23 11:57:04] INFO: [PIPELINE] OUTDIR set to: /home/ubuntu/apps/election-app/win_prob/H/MO/08

$ /home/ubuntu/.venv/bin/python3 /home/ubuntu/apps/election-app/stats/1-statewide.py --input /home/ubuntu/apps/election-app/win_prob/H/MO/08/stats.csv --output /home/ubuntu/apps/election-app/win_prob/H/MO/08/_work/stats_with_statewide.csv
Wrote /home/ubuntu/apps/election-app/win_prob/H/MO/08/_work/stats_with_statewide.csv (rows=28)

$ /home/ubuntu/.venv/bin/python3 /home/ubuntu/apps/election-app/stats/1-stats-2.py --input /home/ubuntu/apps/election-app/win_prob/H/MO/08/stats2.csv --output /home/ubuntu/apps/election-app/win_prob/H/MO/08/_work/stats2_final_headers.csv
Wrote /home/ubuntu/apps/election-app/win_prob/H/MO/08/_work/stats2_final_headers.csv (rows=28)

$ /home/ubuntu/.venv/bin/python3 /home/ubuntu/apps/election-app/stats/1-append-new.py
Wrote 2024_county_results_with_final-old.csv (rows=28, missing_final_matches=0)

$ /home/ubuntu/.venv/bin/python3 /home/ubuntu/apps/election-app/stats/1-change_header.py
Wrote: 2024_county_results_with_final.csv

$ /home/ubuntu/.venv/bin/python3 /home/ubuntu/apps/election-app/stats/1-cut-zero-fips.py
Wrote: 2024_county_results_with_final_1.csv
Rows before: 28
Rows after:  28
Dropped (fips == 0): 0

$ /home/ubuntu/.venv/bin/python3 /home/ubuntu/apps/election-app/stats/2-calc.py
Wrote 28 rows with calculations to /home/ubuntu/apps/election-app/win_prob/H/MO/08/_work/2024_county_results_with_calcs-old.csv

$ /home/ubuntu/.venv/bin/python3 /home/ubuntu/apps/election-app/stats/2-eevp.py
Wrote (no-op copy): 2024_county_results_with_calcs.csv
Columns:
 - timestamp
 - state
 - county
 - fips
 - trump_votes
 - harris_votes
 - other_votes
 - eevp
 - state_eevp
 - harris_votes_statewide
 - trump_votes_statewide
 - other_votes_statewide
 - final_state
 - final_county
 - final_fips
 - final_trump_votes
 - final_harris_votes
 - final_other_votes
 - harris_percent_snapshot
 - trump_percent_snapshot
 - margin_snapshot
 - harris_percent_final
 - trump_percent_final
 - margin_final
 - margin_difference
 - margin_difference_abs

$ /home/ubuntu/.venv/bin/python3 /home/ubuntu/apps/election-app/stats/3-calc-new.py
Wrote 28 rows with new columns to /home/ubuntu/apps/election-app/win_prob/H/MO/08/_work/2024_county_results_with_calcs_new.csv

$ /home/ubuntu/.venv/bin/python3 /home/ubuntu/apps/election-app/stats/4-stats.py
Reading 2024_county_results_with_calcs_new.csv...
Aggregating statewide totals...
Calculating percentages and margins...
Writing to output_statewide_stats.csv...
Done!
[2026-01-23 11:57:14] INFO: [PIPELINE] ENTER win-prob generation | states=['MO'] ts_list=['2024-11-05T15-30-22']

============================================================================
[01/1] STATE = MO
============================================================================

$ /home/ubuntu/.venv/bin/python3 /home/ubuntu/apps/election-app/stats/5-snapshots.py --state MO --input /home/ubuntu/apps/election-app/win_prob/H/MO/08/_work/output_statewide_stats.csv --output /home/ubuntu/apps/election-app/win_prob/H/MO/08/snapshots_MO.csv --start 2024-11-05T15-30-22 --end 2024-11-05T15-30-22 --use-window 1 --interval 30
Mode: windowed-one-state
Rows written: 28
Distinct states in output: MO
Rows per normalized timestamp (empty = unparseable):
  2024-11-05T15-30-22: 28
Wrote /home/ubuntu/apps/election-app/win_prob/H/MO/08/snapshots_MO.csv

$ /home/ubuntu/.venv/bin/python3 /home/ubuntu/apps/election-app/stats/6-pval.py /home/ubuntu/apps/election-app/win_prob/H/MO/08/snapshots_MO.csv -t /home/ubuntu/apps/election-app/stats/parameters.csv -o /home/ubuntu/apps/election-app/win_prob/H/MO/08/data_output_MO.csv -c 50
Done. Wrote: /home/ubuntu/apps/election-app/win_prob/H/MO/08/data_output_MO.csv
Total rows: 28 (chunked, resumable).
Computed columns for PVALS = [0.01, 0.1, 1, 2, 3, 5, 10, 15, 20, 25, 30, 35, 40, 45, 50, 55, 60, 65, 70, 75, 80, 85, 90, 95, 97, 98, 99, 99.9, 99.99]
Per p (leader): shift_{p}, margin_new_{p}, harris_percent_new_{p}, trump_percent_new_{p}, total_snapshot_{p}, total_expected_{p}, harris_votes_new_{p}, trump_votes_new_{p}
Per p (trailing): shift_trailing_{p}, margin_new_{p}_trailing, harris_percent_new_{p}_trailing, trump_percent_new_{p}_trailing, total_snapshot_{p}_trailing, total_expected_{p}_trailing, harris_votes_new_{p}_trailing, trump_votes_new_{p}_trailing
Checkpoint saved at: /home/ubuntu/apps/election-app/win_prob/H/MO/08/data_output_MO.csv.checkpoint.json

$ /home/ubuntu/.venv/bin/python3 /home/ubuntu/apps/election-app/stats/7-margin-new.py
Wrote data_output_with_margins_old.csv

$ /home/ubuntu/.venv/bin/python3 /home/ubuntu/apps/election-app/stats/7-eevp-statewide.py
Wrote data_output_with_margins.csv (copied from data_output_with_margins_old.csv)

$ /home/ubuntu/.venv/bin/python3 /home/ubuntu/apps/election-app/stats/7.py --input /home/ubuntu/apps/election-app/win_prob/H/MO/08/data_output_MO_with_margins_statewide_eevp.csv --output /home/ubuntu/apps/election-app/win_prob/H/MO/08/statewide_margin_pct_vs_percent_MO_2026.png --state MO --start 2024-11-05T15-30-22 --end 2024-11-05T15-30-22 --stats /home/ubuntu/apps/election-app/win_prob/H/MO/08/stats.csv --stats2 /home/ubuntu/apps/election-app/win_prob/H/MO/08/stats2.csv --interval 30 --year 2026 --jsonl /home/ubuntu/apps/election-app/win_prob/H/MO/08/plotdata_MO_2026_2026-01-23T11-57-04.jsonl
[info] evaluating 1 timestamps from 2024-11-05T15-30-22 to 2024-11-05T15-30-22 every 30 minutes
[saved] probs_timeseries_MO.csv  (1 points)
[saved] /home/ubuntu/apps/election-app/win_prob/H/MO/08/plotdata_MO_2026_2026-01-23T11-57-04.jsonl  (0 points)
[saved] /home/ubuntu/apps/election-app/win_prob/H/MO/08/statewide_margin_pct_vs_percent_MO_2026_box.json
[saved] /home/ubuntu/apps/election-app/win_prob/H/MO/08/statewide_margin_pct_vs_percent_MO_2026_box.png
[saved] /home/ubuntu/apps/election-app/win_prob/H/MO/08/statewide_margin_pct_vs_percent_MO_2026.png

All 50 states complete. See: /home/ubuntu/apps/election-app/win_prob/H/MO/08

$ /home/ubuntu/.venv/bin/python3 /home/ubuntu/apps/election-app/stats/8.py --root /home/ubuntu/apps/election-app/win_prob/H/MO/08/_work --outdir /home/ubuntu/apps/election-app/win_prob/H/MO/08
[info] root  = /home/ubuntu/apps/election-app/win_prob/H/MO/08/_work
[info] outdir= /home/ubuntu/apps/election-app/win_prob/H/MO/08
[deleted] /home/ubuntu/apps/election-app/win_prob/H/MO/08/_work/stats_with_statewide.csv
[deleted] /home/ubuntu/apps/election-app/win_prob/H/MO/08/_work/stats2_final_headers.csv
[deleted] /home/ubuntu/apps/election-app/win_prob/H/MO/08/_work/2024_county_results_with_final-old.csv
[deleted] /home/ubuntu/apps/election-app/win_prob/H/MO/08/_work/2024_county_results_with_final.csv
[deleted] /home/ubuntu/apps/election-app/win_prob/H/MO/08/_work/2024_county_results_with_final_1.csv
[deleted] /home/ubuntu/apps/election-app/win_prob/H/MO/08/_work/2024_county_results_with_calcs-old.csv
[deleted] /home/ubuntu/apps/election-app/win_prob/H/MO/08/_work/2024_county_results_with_calcs_new.csv
[deleted] /home/ubuntu/apps/election-app/win_prob/H/MO/08/_work/output_statewide_stats.csv
[skip]    /home/ubuntu/apps/election-app/win_prob/H/MO/08/_work/probs_timeseries_PA.csv
[deleted] /home/ubuntu/apps/election-app/win_prob/H/MO/08/_work/2024_county_results_with_calcs.csv
[skip]    /home/ubuntu/apps/election-app/win_prob/H/MO/08/data_output.csv
[skip]    /home/ubuntu/apps/election-app/win_prob/H/MO/08/data_output_with_margins_old.csv
[skip]    /home/ubuntu/apps/election-app/win_prob/H/MO/08/data_output_with_margins.csv
[skip]    /home/ubuntu/apps/election-app/win_prob/H/MO/08/data_output_with_margins-statewide.csv
[deleted] /home/ubuntu/apps/election-app/win_prob/H/MO/08/snapshots_MO.csv
[deleted] /home/ubuntu/apps/election-app/win_prob/H/MO/08/data_output_MO.csv
[deleted] /home/ubuntu/apps/election-app/win_prob/H/MO/08/data_output_MO_with_margins_statewide_eevp.csv
[deleted] /home/ubuntu/apps/election-app/win_prob/H/MO/08/data_output_MO_with_margins.csv
[deleted] /home/ubuntu/apps/election-app/win_prob/H/MO/08/data_output_MO.csv.checkpoint.json
[deleted] /home/ubuntu/apps/election-app/win_prob/H/MO/08/stats.csv
[deleted] /home/ubuntu/apps/election-app/win_prob/H/MO/08/stats2.csv
[done] removed 16 file(s)
[2026-01-23 12:11:10] INFO: [PIPELINE] args: office=H state=MO district=08
[2026-01-23 12:11:10] INFO: [PIPELINE] WINPROB_DIR resolved to: /home/ubuntu/apps/election-app/win_prob/H/MO/08
[2026-01-23 12:11:10] INFO: [PIPELINE] OUTDIR set to: /home/ubuntu/apps/election-app/win_prob/H/MO/08

$ /home/ubuntu/.venv/bin/python3 /home/ubuntu/apps/election-app/stats/1-statewide.py --input /home/ubuntu/apps/election-app/win_prob/H/MO/08/stats.csv --output /home/ubuntu/apps/election-app/win_prob/H/MO/08/_work/stats_with_statewide.csv
Wrote /home/ubuntu/apps/election-app/win_prob/H/MO/08/_work/stats_with_statewide.csv (rows=28)

$ /home/ubuntu/.venv/bin/python3 /home/ubuntu/apps/election-app/stats/1-stats-2.py --input /home/ubuntu/apps/election-app/win_prob/H/MO/08/stats2.csv --output /home/ubuntu/apps/election-app/win_prob/H/MO/08/_work/stats2_final_headers.csv
Wrote /home/ubuntu/apps/election-app/win_prob/H/MO/08/_work/stats2_final_headers.csv (rows=28)

$ /home/ubuntu/.venv/bin/python3 /home/ubuntu/apps/election-app/stats/1-append-new.py
Wrote 2024_county_results_with_final-old.csv (rows=28, missing_final_matches=0)

$ /home/ubuntu/.venv/bin/python3 /home/ubuntu/apps/election-app/stats/1-change_header.py
Wrote: 2024_county_results_with_final.csv

$ /home/ubuntu/.venv/bin/python3 /home/ubuntu/apps/election-app/stats/1-cut-zero-fips.py
Wrote: 2024_county_results_with_final_1.csv
Rows before: 28
Rows after:  28
Dropped (fips == 0): 0

$ /home/ubuntu/.venv/bin/python3 /home/ubuntu/apps/election-app/stats/2-calc.py
Wrote 28 rows with calculations to /home/ubuntu/apps/election-app/win_prob/H/MO/08/_work/2024_county_results_with_calcs-old.csv

$ /home/ubuntu/.venv/bin/python3 /home/ubuntu/apps/election-app/stats/2-eevp.py
Wrote (no-op copy): 2024_county_results_with_calcs.csv
Columns:
 - timestamp
 - state
 - county
 - fips
 - trump_votes
 - harris_votes
 - other_votes
 - eevp
 - state_eevp
 - harris_votes_statewide
 - trump_votes_statewide
 - other_votes_statewide
 - final_state
 - final_county
 - final_fips
 - final_trump_votes
 - final_harris_votes
 - final_other_votes
 - harris_percent_snapshot
 - trump_percent_snapshot
 - margin_snapshot
 - harris_percent_final
 - trump_percent_final
 - margin_final
 - margin_difference
 - margin_difference_abs

$ /home/ubuntu/.venv/bin/python3 /home/ubuntu/apps/election-app/stats/3-calc-new.py
Wrote 28 rows with new columns to /home/ubuntu/apps/election-app/win_prob/H/MO/08/_work/2024_county_results_with_calcs_new.csv

$ /home/ubuntu/.venv/bin/python3 /home/ubuntu/apps/election-app/stats/4-stats.py
Reading 2024_county_results_with_calcs_new.csv...
Aggregating statewide totals...
Calculating percentages and margins...
Writing to output_statewide_stats.csv...
Done!
[2026-01-23 12:11:19] INFO: [PIPELINE] ENTER win-prob generation | states=['MO'] ts_list=['2024-11-05T15-30-22']

============================================================================
[01/1] STATE = MO
============================================================================

$ /home/ubuntu/.venv/bin/python3 /home/ubuntu/apps/election-app/stats/5-snapshots.py --state MO --input /home/ubuntu/apps/election-app/win_prob/H/MO/08/_work/output_statewide_stats.csv --output /home/ubuntu/apps/election-app/win_prob/H/MO/08/snapshots_MO.csv --start 2024-11-05T15-30-22 --end 2024-11-05T15-30-22 --use-window 1 --interval 30
Mode: windowed-one-state
Rows written: 28
Distinct states in output: MO
Rows per normalized timestamp (empty = unparseable):
  2024-11-05T15-30-22: 28
Wrote /home/ubuntu/apps/election-app/win_prob/H/MO/08/snapshots_MO.csv

$ /home/ubuntu/.venv/bin/python3 /home/ubuntu/apps/election-app/stats/6-pval.py /home/ubuntu/apps/election-app/win_prob/H/MO/08/snapshots_MO.csv -t /home/ubuntu/apps/election-app/stats/parameters.csv -o /home/ubuntu/apps/election-app/win_prob/H/MO/08/data_output_MO.csv -c 50
Done. Wrote: /home/ubuntu/apps/election-app/win_prob/H/MO/08/data_output_MO.csv
Total rows: 28 (chunked, resumable).
Computed columns for PVALS = [0.01, 0.1, 1, 2, 3, 5, 10, 15, 20, 25, 30, 35, 40, 45, 50, 55, 60, 65, 70, 75, 80, 85, 90, 95, 97, 98, 99, 99.9, 99.99]
Per p (leader): shift_{p}, margin_new_{p}, harris_percent_new_{p}, trump_percent_new_{p}, total_snapshot_{p}, total_expected_{p}, harris_votes_new_{p}, trump_votes_new_{p}
Per p (trailing): shift_trailing_{p}, margin_new_{p}_trailing, harris_percent_new_{p}_trailing, trump_percent_new_{p}_trailing, total_snapshot_{p}_trailing, total_expected_{p}_trailing, harris_votes_new_{p}_trailing, trump_votes_new_{p}_trailing
Checkpoint saved at: /home/ubuntu/apps/election-app/win_prob/H/MO/08/data_output_MO.csv.checkpoint.json

$ /home/ubuntu/.venv/bin/python3 /home/ubuntu/apps/election-app/stats/7-margin-new.py
Wrote data_output_with_margins_old.csv

$ /home/ubuntu/.venv/bin/python3 /home/ubuntu/apps/election-app/stats/7-eevp-statewide.py
Wrote data_output_with_margins.csv (copied from data_output_with_margins_old.csv)

$ /home/ubuntu/.venv/bin/python3 /home/ubuntu/apps/election-app/stats/7.py --input /home/ubuntu/apps/election-app/win_prob/H/MO/08/data_output_MO_with_margins_statewide_eevp.csv --output /home/ubuntu/apps/election-app/win_prob/H/MO/08/statewide_margin_pct_vs_percent_MO_2026.png --state MO --start 2024-11-05T15-30-22 --end 2024-11-05T15-30-22 --stats /home/ubuntu/apps/election-app/win_prob/H/MO/08/stats.csv --stats2 /home/ubuntu/apps/election-app/win_prob/H/MO/08/stats2.csv --interval 30 --year 2026 --jsonl /home/ubuntu/apps/election-app/win_prob/H/MO/08/plotdata_MO_2026_2026-01-23T12-11-10.jsonl
[info] evaluating 1 timestamps from 2024-11-05T15-30-22 to 2024-11-05T15-30-22 every 30 minutes
[saved] probs_timeseries_MO.csv  (1 points)
[saved] /home/ubuntu/apps/election-app/win_prob/H/MO/08/plotdata_MO_2026_2026-01-23T12-11-10.jsonl  (4 points)
[saved] /home/ubuntu/apps/election-app/win_prob/H/MO/08/statewide_margin_pct_vs_percent_MO_2026_box.json
[saved] /home/ubuntu/apps/election-app/win_prob/H/MO/08/statewide_margin_pct_vs_percent_MO_2026_box.png
[saved] /home/ubuntu/apps/election-app/win_prob/H/MO/08/statewide_margin_pct_vs_percent_MO_2026.png

All 50 states complete. See: /home/ubuntu/apps/election-app/win_prob/H/MO/08

$ /home/ubuntu/.venv/bin/python3 /home/ubuntu/apps/election-app/stats/8.py --root /home/ubuntu/apps/election-app/win_prob/H/MO/08/_work --outdir /home/ubuntu/apps/election-app/win_prob/H/MO/08
[info] root  = /home/ubuntu/apps/election-app/win_prob/H/MO/08/_work
[info] outdir= /home/ubuntu/apps/election-app/win_prob/H/MO/08
[deleted] /home/ubuntu/apps/election-app/win_prob/H/MO/08/_work/stats_with_statewide.csv
[deleted] /home/ubuntu/apps/election-app/win_prob/H/MO/08/_work/stats2_final_headers.csv
[deleted] /home/ubuntu/apps/election-app/win_prob/H/MO/08/_work/2024_county_results_with_final-old.csv
[deleted] /home/ubuntu/apps/election-app/win_prob/H/MO/08/_work/2024_county_results_with_final.csv
[deleted] /home/ubuntu/apps/election-app/win_prob/H/MO/08/_work/2024_county_results_with_final_1.csv
[deleted] /home/ubuntu/apps/election-app/win_prob/H/MO/08/_work/2024_county_results_with_calcs-old.csv
[deleted] /home/ubuntu/apps/election-app/win_prob/H/MO/08/_work/2024_county_results_with_calcs_new.csv
[deleted] /home/ubuntu/apps/election-app/win_prob/H/MO/08/_work/output_statewide_stats.csv
[skip]    /home/ubuntu/apps/election-app/win_prob/H/MO/08/_work/probs_timeseries_PA.csv
[deleted] /home/ubuntu/apps/election-app/win_prob/H/MO/08/_work/2024_county_results_with_calcs.csv
[skip]    /home/ubuntu/apps/election-app/win_prob/H/MO/08/data_output.csv
[skip]    /home/ubuntu/apps/election-app/win_prob/H/MO/08/data_output_with_margins_old.csv
[skip]    /home/ubuntu/apps/election-app/win_prob/H/MO/08/data_output_with_margins.csv
[skip]    /home/ubuntu/apps/election-app/win_prob/H/MO/08/data_output_with_margins-statewide.csv
[deleted] /home/ubuntu/apps/election-app/win_prob/H/MO/08/snapshots_MO.csv
[deleted] /home/ubuntu/apps/election-app/win_prob/H/MO/08/data_output_MO.csv
[deleted] /home/ubuntu/apps/election-app/win_prob/H/MO/08/data_output_MO_with_margins_statewide_eevp.csv
[deleted] /home/ubuntu/apps/election-app/win_prob/H/MO/08/data_output_MO_with_margins.csv
[deleted] /home/ubuntu/apps/election-app/win_prob/H/MO/08/data_output_MO.csv.checkpoint.json
[deleted] /home/ubuntu/apps/election-app/win_prob/H/MO/08/stats.csv
[deleted] /home/ubuntu/apps/election-app/win_prob/H/MO/08/stats2.csv
[done] removed 16 file(s)
[2026-01-23 12:18:19] INFO: [PIPELINE] args: office=H state=MO district=08
[2026-01-23 12:18:19] INFO: [PIPELINE] WINPROB_DIR resolved to: /home/ubuntu/apps/election-app/win_prob/H/MO/08
[2026-01-23 12:18:19] INFO: [PIPELINE] OUTDIR set to: /home/ubuntu/apps/election-app/win_prob/H/MO/08

$ /home/ubuntu/.venv/bin/python3 /home/ubuntu/apps/election-app/stats/1-statewide.py --input /home/ubuntu/apps/election-app/win_prob/H/MO/08/stats.csv --output /home/ubuntu/apps/election-app/win_prob/H/MO/08/_work/stats_with_statewide.csv
Wrote /home/ubuntu/apps/election-app/win_prob/H/MO/08/_work/stats_with_statewide.csv (rows=28)

$ /home/ubuntu/.venv/bin/python3 /home/ubuntu/apps/election-app/stats/1-stats-2.py --input /home/ubuntu/apps/election-app/win_prob/H/MO/08/stats2.csv --output /home/ubuntu/apps/election-app/win_prob/H/MO/08/_work/stats2_final_headers.csv
Wrote /home/ubuntu/apps/election-app/win_prob/H/MO/08/_work/stats2_final_headers.csv (rows=28)

$ /home/ubuntu/.venv/bin/python3 /home/ubuntu/apps/election-app/stats/1-append-new.py
Wrote 2024_county_results_with_final-old.csv (rows=28, missing_final_matches=0)

$ /home/ubuntu/.venv/bin/python3 /home/ubuntu/apps/election-app/stats/1-change_header.py
Wrote: 2024_county_results_with_final.csv

$ /home/ubuntu/.venv/bin/python3 /home/ubuntu/apps/election-app/stats/1-cut-zero-fips.py
Wrote: 2024_county_results_with_final_1.csv
Rows before: 28
Rows after:  28
Dropped (fips == 0): 0

$ /home/ubuntu/.venv/bin/python3 /home/ubuntu/apps/election-app/stats/2-calc.py
Wrote 28 rows with calculations to /home/ubuntu/apps/election-app/win_prob/H/MO/08/_work/2024_county_results_with_calcs-old.csv

$ /home/ubuntu/.venv/bin/python3 /home/ubuntu/apps/election-app/stats/2-eevp.py
Wrote (no-op copy): 2024_county_results_with_calcs.csv
Columns:
 - timestamp
 - state
 - county
 - fips
 - trump_votes
 - harris_votes
 - other_votes
 - eevp
 - state_eevp
 - harris_votes_statewide
 - trump_votes_statewide
 - other_votes_statewide
 - final_state
 - final_county
 - final_fips
 - final_trump_votes
 - final_harris_votes
 - final_other_votes
 - harris_percent_snapshot
 - trump_percent_snapshot
 - margin_snapshot
 - harris_percent_final
 - trump_percent_final
 - margin_final
 - margin_difference
 - margin_difference_abs

$ /home/ubuntu/.venv/bin/python3 /home/ubuntu/apps/election-app/stats/3-calc-new.py
Wrote 28 rows with new columns to /home/ubuntu/apps/election-app/win_prob/H/MO/08/_work/2024_county_results_with_calcs_new.csv

$ /home/ubuntu/.venv/bin/python3 /home/ubuntu/apps/election-app/stats/4-stats.py
Reading 2024_county_results_with_calcs_new.csv...
Aggregating statewide totals...
Calculating percentages and margins...
Writing to output_statewide_stats.csv...
Done!
[2026-01-23 12:18:28] INFO: [PIPELINE] ENTER win-prob generation | states=['MO'] ts_list=['2024-11-05T15-30-22']

============================================================================
[01/1] STATE = MO
============================================================================

$ /home/ubuntu/.venv/bin/python3 /home/ubuntu/apps/election-app/stats/5-snapshots.py --state MO --input /home/ubuntu/apps/election-app/win_prob/H/MO/08/_work/output_statewide_stats.csv --output /home/ubuntu/apps/election-app/win_prob/H/MO/08/snapshots_MO.csv --start 2024-11-05T15-30-22 --end 2024-11-05T15-30-22 --use-window 1 --interval 30
Mode: windowed-one-state
Rows written: 28
Distinct states in output: MO
Rows per normalized timestamp (empty = unparseable):
  2024-11-05T15-30-22: 28
Wrote /home/ubuntu/apps/election-app/win_prob/H/MO/08/snapshots_MO.csv

$ /home/ubuntu/.venv/bin/python3 /home/ubuntu/apps/election-app/stats/6-pval.py /home/ubuntu/apps/election-app/win_prob/H/MO/08/snapshots_MO.csv -t /home/ubuntu/apps/election-app/stats/parameters.csv -o /home/ubuntu/apps/election-app/win_prob/H/MO/08/data_output_MO.csv -c 50
Done. Wrote: /home/ubuntu/apps/election-app/win_prob/H/MO/08/data_output_MO.csv
Total rows: 28 (chunked, resumable).
Computed columns for PVALS = [0.01, 0.1, 1, 2, 3, 5, 10, 15, 20, 25, 30, 35, 40, 45, 50, 55, 60, 65, 70, 75, 80, 85, 90, 95, 97, 98, 99, 99.9, 99.99]
Per p (leader): shift_{p}, margin_new_{p}, harris_percent_new_{p}, trump_percent_new_{p}, total_snapshot_{p}, total_expected_{p}, harris_votes_new_{p}, trump_votes_new_{p}
Per p (trailing): shift_trailing_{p}, margin_new_{p}_trailing, harris_percent_new_{p}_trailing, trump_percent_new_{p}_trailing, total_snapshot_{p}_trailing, total_expected_{p}_trailing, harris_votes_new_{p}_trailing, trump_votes_new_{p}_trailing
Checkpoint saved at: /home/ubuntu/apps/election-app/win_prob/H/MO/08/data_output_MO.csv.checkpoint.json

$ /home/ubuntu/.venv/bin/python3 /home/ubuntu/apps/election-app/stats/7-margin-new.py
Wrote data_output_with_margins_old.csv

$ /home/ubuntu/.venv/bin/python3 /home/ubuntu/apps/election-app/stats/7-eevp-statewide.py
Wrote data_output_with_margins.csv (copied from data_output_with_margins_old.csv)

$ /home/ubuntu/.venv/bin/python3 /home/ubuntu/apps/election-app/stats/7.py --input /home/ubuntu/apps/election-app/win_prob/H/MO/08/data_output_MO_with_margins_statewide_eevp.csv --output /home/ubuntu/apps/election-app/win_prob/H/MO/08/statewide_margin_pct_vs_percent_MO_2026.png --state MO --start 2024-11-05T15-30-22 --end 2024-11-05T15-30-22 --stats /home/ubuntu/apps/election-app/win_prob/H/MO/08/stats.csv --stats2 /home/ubuntu/apps/election-app/win_prob/H/MO/08/stats2.csv --interval 30 --year 2026 --jsonl /home/ubuntu/apps/election-app/win_prob/H/MO/08/plotdata_MO_2026_2026-01-23T12-18-19.jsonl
[info] evaluating 1 timestamps from 2024-11-05T15-30-22 to 2024-11-05T15-30-22 every 30 minutes
[saved] probs_timeseries_MO.csv  (1 points)
[saved] /home/ubuntu/apps/election-app/win_prob/H/MO/08/plotdata_MO_2026_2026-01-23T12-18-19.jsonl  (4 points)
[saved] /home/ubuntu/apps/election-app/win_prob/H/MO/08/statewide_margin_pct_vs_percent_MO_2026_box.json
[saved] /home/ubuntu/apps/election-app/win_prob/H/MO/08/statewide_margin_pct_vs_percent_MO_2026_box.png
[saved] /home/ubuntu/apps/election-app/win_prob/H/MO/08/statewide_margin_pct_vs_percent_MO_2026.png

All 50 states complete. See: /home/ubuntu/apps/election-app/win_prob/H/MO/08

$ /home/ubuntu/.venv/bin/python3 /home/ubuntu/apps/election-app/stats/8.py --root /home/ubuntu/apps/election-app/win_prob/H/MO/08/_work --outdir /home/ubuntu/apps/election-app/win_prob/H/MO/08
[info] root  = /home/ubuntu/apps/election-app/win_prob/H/MO/08/_work
[info] outdir= /home/ubuntu/apps/election-app/win_prob/H/MO/08
[deleted] /home/ubuntu/apps/election-app/win_prob/H/MO/08/_work/stats_with_statewide.csv
[deleted] /home/ubuntu/apps/election-app/win_prob/H/MO/08/_work/stats2_final_headers.csv
[deleted] /home/ubuntu/apps/election-app/win_prob/H/MO/08/_work/2024_county_results_with_final-old.csv
[deleted] /home/ubuntu/apps/election-app/win_prob/H/MO/08/_work/2024_county_results_with_final.csv
[deleted] /home/ubuntu/apps/election-app/win_prob/H/MO/08/_work/2024_county_results_with_final_1.csv
[deleted] /home/ubuntu/apps/election-app/win_prob/H/MO/08/_work/2024_county_results_with_calcs-old.csv
[deleted] /home/ubuntu/apps/election-app/win_prob/H/MO/08/_work/2024_county_results_with_calcs_new.csv
[deleted] /home/ubuntu/apps/election-app/win_prob/H/MO/08/_work/output_statewide_stats.csv
[skip]    /home/ubuntu/apps/election-app/win_prob/H/MO/08/_work/probs_timeseries_PA.csv
[deleted] /home/ubuntu/apps/election-app/win_prob/H/MO/08/_work/2024_county_results_with_calcs.csv
[skip]    /home/ubuntu/apps/election-app/win_prob/H/MO/08/data_output.csv
[skip]    /home/ubuntu/apps/election-app/win_prob/H/MO/08/data_output_with_margins_old.csv
[skip]    /home/ubuntu/apps/election-app/win_prob/H/MO/08/data_output_with_margins.csv
[skip]    /home/ubuntu/apps/election-app/win_prob/H/MO/08/data_output_with_margins-statewide.csv
[deleted] /home/ubuntu/apps/election-app/win_prob/H/MO/08/snapshots_MO.csv
[deleted] /home/ubuntu/apps/election-app/win_prob/H/MO/08/data_output_MO.csv
[deleted] /home/ubuntu/apps/election-app/win_prob/H/MO/08/data_output_MO_with_margins_statewide_eevp.csv
[deleted] /home/ubuntu/apps/election-app/win_prob/H/MO/08/data_output_MO_with_margins.csv
[deleted] /home/ubuntu/apps/election-app/win_prob/H/MO/08/data_output_MO.csv.checkpoint.json
[deleted] /home/ubuntu/apps/election-app/win_prob/H/MO/08/stats.csv
[deleted] /home/ubuntu/apps/election-app/win_prob/H/MO/08/stats2.csv
[done] removed 16 file(s)
[2026-01-23 12:25:24] INFO: [PIPELINE] args: office=H state=MO district=08
[2026-01-23 12:25:24] INFO: [PIPELINE] WINPROB_DIR resolved to: /home/ubuntu/apps/election-app/win_prob/H/MO/08
[2026-01-23 12:25:24] INFO: [PIPELINE] OUTDIR set to: /home/ubuntu/apps/election-app/win_prob/H/MO/08

$ /home/ubuntu/.venv/bin/python3 /home/ubuntu/apps/election-app/stats/1-statewide.py --input /home/ubuntu/apps/election-app/win_prob/H/MO/08/stats.csv --output /home/ubuntu/apps/election-app/win_prob/H/MO/08/_work/stats_with_statewide.csv
Wrote /home/ubuntu/apps/election-app/win_prob/H/MO/08/_work/stats_with_statewide.csv (rows=28)

$ /home/ubuntu/.venv/bin/python3 /home/ubuntu/apps/election-app/stats/1-stats-2.py --input /home/ubuntu/apps/election-app/win_prob/H/MO/08/stats2.csv --output /home/ubuntu/apps/election-app/win_prob/H/MO/08/_work/stats2_final_headers.csv
Wrote /home/ubuntu/apps/election-app/win_prob/H/MO/08/_work/stats2_final_headers.csv (rows=28)

$ /home/ubuntu/.venv/bin/python3 /home/ubuntu/apps/election-app/stats/1-append-new.py
Wrote 2024_county_results_with_final-old.csv (rows=28, missing_final_matches=0)

$ /home/ubuntu/.venv/bin/python3 /home/ubuntu/apps/election-app/stats/1-change_header.py
Wrote: 2024_county_results_with_final.csv

$ /home/ubuntu/.venv/bin/python3 /home/ubuntu/apps/election-app/stats/1-cut-zero-fips.py
Wrote: 2024_county_results_with_final_1.csv
Rows before: 28
Rows after:  28
Dropped (fips == 0): 0

$ /home/ubuntu/.venv/bin/python3 /home/ubuntu/apps/election-app/stats/2-calc.py
Wrote 28 rows with calculations to /home/ubuntu/apps/election-app/win_prob/H/MO/08/_work/2024_county_results_with_calcs-old.csv

$ /home/ubuntu/.venv/bin/python3 /home/ubuntu/apps/election-app/stats/2-eevp.py
Wrote (no-op copy): 2024_county_results_with_calcs.csv
Columns:
 - timestamp
 - state
 - county
 - fips
 - trump_votes
 - harris_votes
 - other_votes
 - eevp
 - state_eevp
 - harris_votes_statewide
 - trump_votes_statewide
 - other_votes_statewide
 - final_state
 - final_county
 - final_fips
 - final_trump_votes
 - final_harris_votes
 - final_other_votes
 - harris_percent_snapshot
 - trump_percent_snapshot
 - margin_snapshot
 - harris_percent_final
 - trump_percent_final
 - margin_final
 - margin_difference
 - margin_difference_abs

$ /home/ubuntu/.venv/bin/python3 /home/ubuntu/apps/election-app/stats/3-calc-new.py
Wrote 28 rows with new columns to /home/ubuntu/apps/election-app/win_prob/H/MO/08/_work/2024_county_results_with_calcs_new.csv

$ /home/ubuntu/.venv/bin/python3 /home/ubuntu/apps/election-app/stats/4-stats.py
Reading 2024_county_results_with_calcs_new.csv...
Aggregating statewide totals...
Calculating percentages and margins...
Writing to output_statewide_stats.csv...
Done!
[2026-01-23 12:25:33] INFO: [PIPELINE] ENTER win-prob generation | states=['MO'] ts_list=['2024-11-05T15-30-22']

============================================================================
[01/1] STATE = MO
============================================================================

$ /home/ubuntu/.venv/bin/python3 /home/ubuntu/apps/election-app/stats/5-snapshots.py --state MO --input /home/ubuntu/apps/election-app/win_prob/H/MO/08/_work/output_statewide_stats.csv --output /home/ubuntu/apps/election-app/win_prob/H/MO/08/snapshots_MO.csv --start 2024-11-05T15-30-22 --end 2024-11-05T15-30-22 --use-window 1 --interval 30
Mode: windowed-one-state
Rows written: 28
Distinct states in output: MO
Rows per normalized timestamp (empty = unparseable):
  2024-11-05T15-30-22: 28
Wrote /home/ubuntu/apps/election-app/win_prob/H/MO/08/snapshots_MO.csv

$ /home/ubuntu/.venv/bin/python3 /home/ubuntu/apps/election-app/stats/6-pval.py /home/ubuntu/apps/election-app/win_prob/H/MO/08/snapshots_MO.csv -t /home/ubuntu/apps/election-app/stats/parameters.csv -o /home/ubuntu/apps/election-app/win_prob/H/MO/08/data_output_MO.csv -c 50
Done. Wrote: /home/ubuntu/apps/election-app/win_prob/H/MO/08/data_output_MO.csv
Total rows: 28 (chunked, resumable).
Computed columns for PVALS = [0.01, 0.1, 1, 2, 3, 5, 10, 15, 20, 25, 30, 35, 40, 45, 50, 55, 60, 65, 70, 75, 80, 85, 90, 95, 97, 98, 99, 99.9, 99.99]
Per p (leader): shift_{p}, margin_new_{p}, harris_percent_new_{p}, trump_percent_new_{p}, total_snapshot_{p}, total_expected_{p}, harris_votes_new_{p}, trump_votes_new_{p}
Per p (trailing): shift_trailing_{p}, margin_new_{p}_trailing, harris_percent_new_{p}_trailing, trump_percent_new_{p}_trailing, total_snapshot_{p}_trailing, total_expected_{p}_trailing, harris_votes_new_{p}_trailing, trump_votes_new_{p}_trailing
Checkpoint saved at: /home/ubuntu/apps/election-app/win_prob/H/MO/08/data_output_MO.csv.checkpoint.json

$ /home/ubuntu/.venv/bin/python3 /home/ubuntu/apps/election-app/stats/7-margin-new.py
Wrote data_output_with_margins_old.csv

$ /home/ubuntu/.venv/bin/python3 /home/ubuntu/apps/election-app/stats/7-eevp-statewide.py
Wrote data_output_with_margins.csv (copied from data_output_with_margins_old.csv)

$ /home/ubuntu/.venv/bin/python3 /home/ubuntu/apps/election-app/stats/7.py --input /home/ubuntu/apps/election-app/win_prob/H/MO/08/data_output_MO_with_margins_statewide_eevp.csv --output /home/ubuntu/apps/election-app/win_prob/H/MO/08/statewide_margin_pct_vs_percent_MO_2026.png --state MO --start 2024-11-05T15-30-22 --end 2024-11-05T15-30-22 --stats /home/ubuntu/apps/election-app/win_prob/H/MO/08/stats.csv --stats2 /home/ubuntu/apps/election-app/win_prob/H/MO/08/stats2.csv --interval 30 --year 2026 --jsonl /home/ubuntu/apps/election-app/win_prob/H/MO/08/plotdata_MO_2026_2026-01-23T12-25-24.jsonl
[info] evaluating 1 timestamps from 2024-11-05T15-30-22 to 2024-11-05T15-30-22 every 30 minutes
[saved] probs_timeseries_MO.csv  (1 points)
[saved] /home/ubuntu/apps/election-app/win_prob/H/MO/08/plotdata_MO_2026_2026-01-23T12-25-24.jsonl  (4 points)
[saved] /home/ubuntu/apps/election-app/win_prob/H/MO/08/statewide_margin_pct_vs_percent_MO_2026_box.json
[saved] /home/ubuntu/apps/election-app/win_prob/H/MO/08/statewide_margin_pct_vs_percent_MO_2026_box.png
[saved] /home/ubuntu/apps/election-app/win_prob/H/MO/08/statewide_margin_pct_vs_percent_MO_2026.png

All 50 states complete. See: /home/ubuntu/apps/election-app/win_prob/H/MO/08

$ /home/ubuntu/.venv/bin/python3 /home/ubuntu/apps/election-app/stats/8.py --root /home/ubuntu/apps/election-app/win_prob/H/MO/08/_work --outdir /home/ubuntu/apps/election-app/win_prob/H/MO/08
[info] root  = /home/ubuntu/apps/election-app/win_prob/H/MO/08/_work
[info] outdir= /home/ubuntu/apps/election-app/win_prob/H/MO/08
[deleted] /home/ubuntu/apps/election-app/win_prob/H/MO/08/_work/stats_with_statewide.csv
[deleted] /home/ubuntu/apps/election-app/win_prob/H/MO/08/_work/stats2_final_headers.csv
[deleted] /home/ubuntu/apps/election-app/win_prob/H/MO/08/_work/2024_county_results_with_final-old.csv
[deleted] /home/ubuntu/apps/election-app/win_prob/H/MO/08/_work/2024_county_results_with_final.csv
[deleted] /home/ubuntu/apps/election-app/win_prob/H/MO/08/_work/2024_county_results_with_final_1.csv
[deleted] /home/ubuntu/apps/election-app/win_prob/H/MO/08/_work/2024_county_results_with_calcs-old.csv
[deleted] /home/ubuntu/apps/election-app/win_prob/H/MO/08/_work/2024_county_results_with_calcs_new.csv
[deleted] /home/ubuntu/apps/election-app/win_prob/H/MO/08/_work/output_statewide_stats.csv
[skip]    /home/ubuntu/apps/election-app/win_prob/H/MO/08/_work/probs_timeseries_PA.csv
[deleted] /home/ubuntu/apps/election-app/win_prob/H/MO/08/_work/2024_county_results_with_calcs.csv
[skip]    /home/ubuntu/apps/election-app/win_prob/H/MO/08/data_output.csv
[skip]    /home/ubuntu/apps/election-app/win_prob/H/MO/08/data_output_with_margins_old.csv
[skip]    /home/ubuntu/apps/election-app/win_prob/H/MO/08/data_output_with_margins.csv
[skip]    /home/ubuntu/apps/election-app/win_prob/H/MO/08/data_output_with_margins-statewide.csv
[deleted] /home/ubuntu/apps/election-app/win_prob/H/MO/08/snapshots_MO.csv
[deleted] /home/ubuntu/apps/election-app/win_prob/H/MO/08/data_output_MO.csv
[deleted] /home/ubuntu/apps/election-app/win_prob/H/MO/08/data_output_MO_with_margins_statewide_eevp.csv
[deleted] /home/ubuntu/apps/election-app/win_prob/H/MO/08/data_output_MO_with_margins.csv
[deleted] /home/ubuntu/apps/election-app/win_prob/H/MO/08/data_output_MO.csv.checkpoint.json
[deleted] /home/ubuntu/apps/election-app/win_prob/H/MO/08/stats.csv
[deleted] /home/ubuntu/apps/election-app/win_prob/H/MO/08/stats2.csv
[done] removed 16 file(s)
[2026-01-23 12:32:27] INFO: [PIPELINE] args: office=H state=MO district=08
[2026-01-23 12:32:27] INFO: [PIPELINE] WINPROB_DIR resolved to: /home/ubuntu/apps/election-app/win_prob/H/MO/08
[2026-01-23 12:32:27] INFO: [PIPELINE] OUTDIR set to: /home/ubuntu/apps/election-app/win_prob/H/MO/08

$ /home/ubuntu/.venv/bin/python3 /home/ubuntu/apps/election-app/stats/1-statewide.py --input /home/ubuntu/apps/election-app/win_prob/H/MO/08/stats.csv --output /home/ubuntu/apps/election-app/win_prob/H/MO/08/_work/stats_with_statewide.csv
Wrote /home/ubuntu/apps/election-app/win_prob/H/MO/08/_work/stats_with_statewide.csv (rows=28)

$ /home/ubuntu/.venv/bin/python3 /home/ubuntu/apps/election-app/stats/1-stats-2.py --input /home/ubuntu/apps/election-app/win_prob/H/MO/08/stats2.csv --output /home/ubuntu/apps/election-app/win_prob/H/MO/08/_work/stats2_final_headers.csv
Wrote /home/ubuntu/apps/election-app/win_prob/H/MO/08/_work/stats2_final_headers.csv (rows=28)

$ /home/ubuntu/.venv/bin/python3 /home/ubuntu/apps/election-app/stats/1-append-new.py
Wrote 2024_county_results_with_final-old.csv (rows=28, missing_final_matches=0)

$ /home/ubuntu/.venv/bin/python3 /home/ubuntu/apps/election-app/stats/1-change_header.py
Wrote: 2024_county_results_with_final.csv

$ /home/ubuntu/.venv/bin/python3 /home/ubuntu/apps/election-app/stats/1-cut-zero-fips.py
Wrote: 2024_county_results_with_final_1.csv
Rows before: 28
Rows after:  28
Dropped (fips == 0): 0

$ /home/ubuntu/.venv/bin/python3 /home/ubuntu/apps/election-app/stats/2-calc.py
Wrote 28 rows with calculations to /home/ubuntu/apps/election-app/win_prob/H/MO/08/_work/2024_county_results_with_calcs-old.csv

$ /home/ubuntu/.venv/bin/python3 /home/ubuntu/apps/election-app/stats/2-eevp.py
Wrote (no-op copy): 2024_county_results_with_calcs.csv
Columns:
 - timestamp
 - state
 - county
 - fips
 - trump_votes
 - harris_votes
 - other_votes
 - eevp
 - state_eevp
 - harris_votes_statewide
 - trump_votes_statewide
 - other_votes_statewide
 - final_state
 - final_county
 - final_fips
 - final_trump_votes
 - final_harris_votes
 - final_other_votes
 - harris_percent_snapshot
 - trump_percent_snapshot
 - margin_snapshot
 - harris_percent_final
 - trump_percent_final
 - margin_final
 - margin_difference
 - margin_difference_abs

$ /home/ubuntu/.venv/bin/python3 /home/ubuntu/apps/election-app/stats/3-calc-new.py
Wrote 28 rows with new columns to /home/ubuntu/apps/election-app/win_prob/H/MO/08/_work/2024_county_results_with_calcs_new.csv

$ /home/ubuntu/.venv/bin/python3 /home/ubuntu/apps/election-app/stats/4-stats.py
Reading 2024_county_results_with_calcs_new.csv...
Aggregating statewide totals...
Calculating percentages and margins...
Writing to output_statewide_stats.csv...
Done!
[2026-01-23 12:32:36] INFO: [PIPELINE] ENTER win-prob generation | states=['MO'] ts_list=['2024-11-05T15-30-22']

============================================================================
[01/1] STATE = MO
============================================================================

$ /home/ubuntu/.venv/bin/python3 /home/ubuntu/apps/election-app/stats/5-snapshots.py --state MO --input /home/ubuntu/apps/election-app/win_prob/H/MO/08/_work/output_statewide_stats.csv --output /home/ubuntu/apps/election-app/win_prob/H/MO/08/snapshots_MO.csv --start 2024-11-05T15-30-22 --end 2024-11-05T15-30-22 --use-window 1 --interval 30
Mode: windowed-one-state
Rows written: 28
Distinct states in output: MO
Rows per normalized timestamp (empty = unparseable):
  2024-11-05T15-30-22: 28
Wrote /home/ubuntu/apps/election-app/win_prob/H/MO/08/snapshots_MO.csv

$ /home/ubuntu/.venv/bin/python3 /home/ubuntu/apps/election-app/stats/6-pval.py /home/ubuntu/apps/election-app/win_prob/H/MO/08/snapshots_MO.csv -t /home/ubuntu/apps/election-app/stats/parameters.csv -o /home/ubuntu/apps/election-app/win_prob/H/MO/08/data_output_MO.csv -c 50
Done. Wrote: /home/ubuntu/apps/election-app/win_prob/H/MO/08/data_output_MO.csv
Total rows: 28 (chunked, resumable).
Computed columns for PVALS = [0.01, 0.1, 1, 2, 3, 5, 10, 15, 20, 25, 30, 35, 40, 45, 50, 55, 60, 65, 70, 75, 80, 85, 90, 95, 97, 98, 99, 99.9, 99.99]
Per p (leader): shift_{p}, margin_new_{p}, harris_percent_new_{p}, trump_percent_new_{p}, total_snapshot_{p}, total_expected_{p}, harris_votes_new_{p}, trump_votes_new_{p}
Per p (trailing): shift_trailing_{p}, margin_new_{p}_trailing, harris_percent_new_{p}_trailing, trump_percent_new_{p}_trailing, total_snapshot_{p}_trailing, total_expected_{p}_trailing, harris_votes_new_{p}_trailing, trump_votes_new_{p}_trailing
Checkpoint saved at: /home/ubuntu/apps/election-app/win_prob/H/MO/08/data_output_MO.csv.checkpoint.json

$ /home/ubuntu/.venv/bin/python3 /home/ubuntu/apps/election-app/stats/7-margin-new.py
Wrote data_output_with_margins_old.csv

$ /home/ubuntu/.venv/bin/python3 /home/ubuntu/apps/election-app/stats/7-eevp-statewide.py
Wrote data_output_with_margins.csv (copied from data_output_with_margins_old.csv)

$ /home/ubuntu/.venv/bin/python3 /home/ubuntu/apps/election-app/stats/7.py --input /home/ubuntu/apps/election-app/win_prob/H/MO/08/data_output_MO_with_margins_statewide_eevp.csv --output /home/ubuntu/apps/election-app/win_prob/H/MO/08/statewide_margin_pct_vs_percent_MO_2026.png --state MO --start 2024-11-05T15-30-22 --end 2024-11-05T15-30-22 --stats /home/ubuntu/apps/election-app/win_prob/H/MO/08/stats.csv --stats2 /home/ubuntu/apps/election-app/win_prob/H/MO/08/stats2.csv --interval 30 --year 2026 --jsonl /home/ubuntu/apps/election-app/win_prob/H/MO/08/plotdata_MO_2026_2026-01-23T12-32-27.jsonl
[info] evaluating 1 timestamps from 2024-11-05T15-30-22 to 2024-11-05T15-30-22 every 30 minutes
[saved] probs_timeseries_MO.csv  (1 points)
[saved] /home/ubuntu/apps/election-app/win_prob/H/MO/08/plotdata_MO_2026_2026-01-23T12-32-27.jsonl  (4 points)
[saved] /home/ubuntu/apps/election-app/win_prob/H/MO/08/statewide_margin_pct_vs_percent_MO_2026_box.json
[saved] /home/ubuntu/apps/election-app/win_prob/H/MO/08/statewide_margin_pct_vs_percent_MO_2026_box.png
[saved] /home/ubuntu/apps/election-app/win_prob/H/MO/08/statewide_margin_pct_vs_percent_MO_2026.png

All 50 states complete. See: /home/ubuntu/apps/election-app/win_prob/H/MO/08

$ /home/ubuntu/.venv/bin/python3 /home/ubuntu/apps/election-app/stats/8.py --root /home/ubuntu/apps/election-app/win_prob/H/MO/08/_work --outdir /home/ubuntu/apps/election-app/win_prob/H/MO/08
[info] root  = /home/ubuntu/apps/election-app/win_prob/H/MO/08/_work
[info] outdir= /home/ubuntu/apps/election-app/win_prob/H/MO/08
[deleted] /home/ubuntu/apps/election-app/win_prob/H/MO/08/_work/stats_with_statewide.csv
[deleted] /home/ubuntu/apps/election-app/win_prob/H/MO/08/_work/stats2_final_headers.csv
[deleted] /home/ubuntu/apps/election-app/win_prob/H/MO/08/_work/2024_county_results_with_final-old.csv
[deleted] /home/ubuntu/apps/election-app/win_prob/H/MO/08/_work/2024_county_results_with_final.csv
[deleted] /home/ubuntu/apps/election-app/win_prob/H/MO/08/_work/2024_county_results_with_final_1.csv
[deleted] /home/ubuntu/apps/election-app/win_prob/H/MO/08/_work/2024_county_results_with_calcs-old.csv
[deleted] /home/ubuntu/apps/election-app/win_prob/H/MO/08/_work/2024_county_results_with_calcs_new.csv
[deleted] /home/ubuntu/apps/election-app/win_prob/H/MO/08/_work/output_statewide_stats.csv
[skip]    /home/ubuntu/apps/election-app/win_prob/H/MO/08/_work/probs_timeseries_PA.csv
[deleted] /home/ubuntu/apps/election-app/win_prob/H/MO/08/_work/2024_county_results_with_calcs.csv
[skip]    /home/ubuntu/apps/election-app/win_prob/H/MO/08/data_output.csv
[skip]    /home/ubuntu/apps/election-app/win_prob/H/MO/08/data_output_with_margins_old.csv
[skip]    /home/ubuntu/apps/election-app/win_prob/H/MO/08/data_output_with_margins.csv
[skip]    /home/ubuntu/apps/election-app/win_prob/H/MO/08/data_output_with_margins-statewide.csv
[deleted] /home/ubuntu/apps/election-app/win_prob/H/MO/08/snapshots_MO.csv
[deleted] /home/ubuntu/apps/election-app/win_prob/H/MO/08/data_output_MO.csv
[deleted] /home/ubuntu/apps/election-app/win_prob/H/MO/08/data_output_MO_with_margins_statewide_eevp.csv
[deleted] /home/ubuntu/apps/election-app/win_prob/H/MO/08/data_output_MO_with_margins.csv
[deleted] /home/ubuntu/apps/election-app/win_prob/H/MO/08/data_output_MO.csv.checkpoint.json
[deleted] /home/ubuntu/apps/election-app/win_prob/H/MO/08/stats.csv
[deleted] /home/ubuntu/apps/election-app/win_prob/H/MO/08/stats2.csv
[done] removed 16 file(s)
[2026-01-23 12:39:24] INFO: [PIPELINE] args: office=H state=MO district=08
[2026-01-23 12:39:24] INFO: [PIPELINE] WINPROB_DIR resolved to: /home/ubuntu/apps/election-app/win_prob/H/MO/08
[2026-01-23 12:39:24] INFO: [PIPELINE] OUTDIR set to: /home/ubuntu/apps/election-app/win_prob/H/MO/08

$ /home/ubuntu/.venv/bin/python3 /home/ubuntu/apps/election-app/stats/1-statewide.py --input /home/ubuntu/apps/election-app/win_prob/H/MO/08/stats.csv --output /home/ubuntu/apps/election-app/win_prob/H/MO/08/_work/stats_with_statewide.csv
Wrote /home/ubuntu/apps/election-app/win_prob/H/MO/08/_work/stats_with_statewide.csv (rows=28)

$ /home/ubuntu/.venv/bin/python3 /home/ubuntu/apps/election-app/stats/1-stats-2.py --input /home/ubuntu/apps/election-app/win_prob/H/MO/08/stats2.csv --output /home/ubuntu/apps/election-app/win_prob/H/MO/08/_work/stats2_final_headers.csv
Wrote /home/ubuntu/apps/election-app/win_prob/H/MO/08/_work/stats2_final_headers.csv (rows=28)

$ /home/ubuntu/.venv/bin/python3 /home/ubuntu/apps/election-app/stats/1-append-new.py
Wrote 2024_county_results_with_final-old.csv (rows=28, missing_final_matches=0)

$ /home/ubuntu/.venv/bin/python3 /home/ubuntu/apps/election-app/stats/1-change_header.py
Wrote: 2024_county_results_with_final.csv

$ /home/ubuntu/.venv/bin/python3 /home/ubuntu/apps/election-app/stats/1-cut-zero-fips.py
Wrote: 2024_county_results_with_final_1.csv
Rows before: 28
Rows after:  28
Dropped (fips == 0): 0

$ /home/ubuntu/.venv/bin/python3 /home/ubuntu/apps/election-app/stats/2-calc.py
Wrote 28 rows with calculations to /home/ubuntu/apps/election-app/win_prob/H/MO/08/_work/2024_county_results_with_calcs-old.csv

$ /home/ubuntu/.venv/bin/python3 /home/ubuntu/apps/election-app/stats/2-eevp.py
Wrote (no-op copy): 2024_county_results_with_calcs.csv
Columns:
 - timestamp
 - state
 - county
 - fips
 - trump_votes
 - harris_votes
 - other_votes
 - eevp
 - state_eevp
 - harris_votes_statewide
 - trump_votes_statewide
 - other_votes_statewide
 - final_state
 - final_county
 - final_fips
 - final_trump_votes
 - final_harris_votes
 - final_other_votes
 - harris_percent_snapshot
 - trump_percent_snapshot
 - margin_snapshot
 - harris_percent_final
 - trump_percent_final
 - margin_final
 - margin_difference
 - margin_difference_abs

$ /home/ubuntu/.venv/bin/python3 /home/ubuntu/apps/election-app/stats/3-calc-new.py
Wrote 28 rows with new columns to /home/ubuntu/apps/election-app/win_prob/H/MO/08/_work/2024_county_results_with_calcs_new.csv

$ /home/ubuntu/.venv/bin/python3 /home/ubuntu/apps/election-app/stats/4-stats.py
Reading 2024_county_results_with_calcs_new.csv...
Aggregating statewide totals...
Calculating percentages and margins...
Writing to output_statewide_stats.csv...
Done!
[2026-01-23 12:39:33] INFO: [PIPELINE] ENTER win-prob generation | states=['MO'] ts_list=['2024-11-05T15-30-22']

============================================================================
[01/1] STATE = MO
============================================================================

$ /home/ubuntu/.venv/bin/python3 /home/ubuntu/apps/election-app/stats/5-snapshots.py --state MO --input /home/ubuntu/apps/election-app/win_prob/H/MO/08/_work/output_statewide_stats.csv --output /home/ubuntu/apps/election-app/win_prob/H/MO/08/snapshots_MO.csv --start 2024-11-05T15-30-22 --end 2024-11-05T15-30-22 --use-window 1 --interval 30
Mode: windowed-one-state
Rows written: 28
Distinct states in output: MO
Rows per normalized timestamp (empty = unparseable):
  2024-11-05T15-30-22: 28
Wrote /home/ubuntu/apps/election-app/win_prob/H/MO/08/snapshots_MO.csv

$ /home/ubuntu/.venv/bin/python3 /home/ubuntu/apps/election-app/stats/6-pval.py /home/ubuntu/apps/election-app/win_prob/H/MO/08/snapshots_MO.csv -t /home/ubuntu/apps/election-app/stats/parameters.csv -o /home/ubuntu/apps/election-app/win_prob/H/MO/08/data_output_MO.csv -c 50
Done. Wrote: /home/ubuntu/apps/election-app/win_prob/H/MO/08/data_output_MO.csv
Total rows: 28 (chunked, resumable).
Computed columns for PVALS = [0.01, 0.1, 1, 2, 3, 5, 10, 15, 20, 25, 30, 35, 40, 45, 50, 55, 60, 65, 70, 75, 80, 85, 90, 95, 97, 98, 99, 99.9, 99.99]
Per p (leader): shift_{p}, margin_new_{p}, harris_percent_new_{p}, trump_percent_new_{p}, total_snapshot_{p}, total_expected_{p}, harris_votes_new_{p}, trump_votes_new_{p}
Per p (trailing): shift_trailing_{p}, margin_new_{p}_trailing, harris_percent_new_{p}_trailing, trump_percent_new_{p}_trailing, total_snapshot_{p}_trailing, total_expected_{p}_trailing, harris_votes_new_{p}_trailing, trump_votes_new_{p}_trailing
Checkpoint saved at: /home/ubuntu/apps/election-app/win_prob/H/MO/08/data_output_MO.csv.checkpoint.json

$ /home/ubuntu/.venv/bin/python3 /home/ubuntu/apps/election-app/stats/7-margin-new.py
Wrote data_output_with_margins_old.csv

$ /home/ubuntu/.venv/bin/python3 /home/ubuntu/apps/election-app/stats/7-eevp-statewide.py
Wrote data_output_with_margins.csv (copied from data_output_with_margins_old.csv)

$ /home/ubuntu/.venv/bin/python3 /home/ubuntu/apps/election-app/stats/7.py --input /home/ubuntu/apps/election-app/win_prob/H/MO/08/data_output_MO_with_margins_statewide_eevp.csv --output /home/ubuntu/apps/election-app/win_prob/H/MO/08/statewide_margin_pct_vs_percent_MO_2026.png --state MO --start 2024-11-05T15-30-22 --end 2024-11-05T15-30-22 --stats /home/ubuntu/apps/election-app/win_prob/H/MO/08/stats.csv --stats2 /home/ubuntu/apps/election-app/win_prob/H/MO/08/stats2.csv --interval 30 --year 2026 --jsonl /home/ubuntu/apps/election-app/win_prob/H/MO/08/plotdata_MO_2026_2026-01-23T12-39-24.jsonl
[info] evaluating 1 timestamps from 2024-11-05T15-30-22 to 2024-11-05T15-30-22 every 30 minutes
[saved] probs_timeseries_MO.csv  (1 points)
[saved] /home/ubuntu/apps/election-app/win_prob/H/MO/08/plotdata_MO_2026_2026-01-23T12-39-24.jsonl  (4 points)
[saved] /home/ubuntu/apps/election-app/win_prob/H/MO/08/statewide_margin_pct_vs_percent_MO_2026_box.json
[saved] /home/ubuntu/apps/election-app/win_prob/H/MO/08/statewide_margin_pct_vs_percent_MO_2026_box.png
[saved] /home/ubuntu/apps/election-app/win_prob/H/MO/08/statewide_margin_pct_vs_percent_MO_2026.png

All 50 states complete. See: /home/ubuntu/apps/election-app/win_prob/H/MO/08

$ /home/ubuntu/.venv/bin/python3 /home/ubuntu/apps/election-app/stats/8.py --root /home/ubuntu/apps/election-app/win_prob/H/MO/08/_work --outdir /home/ubuntu/apps/election-app/win_prob/H/MO/08
[info] root  = /home/ubuntu/apps/election-app/win_prob/H/MO/08/_work
[info] outdir= /home/ubuntu/apps/election-app/win_prob/H/MO/08
[deleted] /home/ubuntu/apps/election-app/win_prob/H/MO/08/_work/stats_with_statewide.csv
[deleted] /home/ubuntu/apps/election-app/win_prob/H/MO/08/_work/stats2_final_headers.csv
[deleted] /home/ubuntu/apps/election-app/win_prob/H/MO/08/_work/2024_county_results_with_final-old.csv
[deleted] /home/ubuntu/apps/election-app/win_prob/H/MO/08/_work/2024_county_results_with_final.csv
[deleted] /home/ubuntu/apps/election-app/win_prob/H/MO/08/_work/2024_county_results_with_final_1.csv
[deleted] /home/ubuntu/apps/election-app/win_prob/H/MO/08/_work/2024_county_results_with_calcs-old.csv
[deleted] /home/ubuntu/apps/election-app/win_prob/H/MO/08/_work/2024_county_results_with_calcs_new.csv
[deleted] /home/ubuntu/apps/election-app/win_prob/H/MO/08/_work/output_statewide_stats.csv
[skip]    /home/ubuntu/apps/election-app/win_prob/H/MO/08/_work/probs_timeseries_PA.csv
[deleted] /home/ubuntu/apps/election-app/win_prob/H/MO/08/_work/2024_county_results_with_calcs.csv
[skip]    /home/ubuntu/apps/election-app/win_prob/H/MO/08/data_output.csv
[skip]    /home/ubuntu/apps/election-app/win_prob/H/MO/08/data_output_with_margins_old.csv
[skip]    /home/ubuntu/apps/election-app/win_prob/H/MO/08/data_output_with_margins.csv
[skip]    /home/ubuntu/apps/election-app/win_prob/H/MO/08/data_output_with_margins-statewide.csv
[deleted] /home/ubuntu/apps/election-app/win_prob/H/MO/08/snapshots_MO.csv
[deleted] /home/ubuntu/apps/election-app/win_prob/H/MO/08/data_output_MO.csv
[deleted] /home/ubuntu/apps/election-app/win_prob/H/MO/08/data_output_MO_with_margins_statewide_eevp.csv
[deleted] /home/ubuntu/apps/election-app/win_prob/H/MO/08/data_output_MO_with_margins.csv
[deleted] /home/ubuntu/apps/election-app/win_prob/H/MO/08/data_output_MO.csv.checkpoint.json
[deleted] /home/ubuntu/apps/election-app/win_prob/H/MO/08/stats.csv
[deleted] /home/ubuntu/apps/election-app/win_prob/H/MO/08/stats2.csv
[done] removed 16 file(s)
[2026-01-23 12:45:48] INFO: [PIPELINE] args: office=H state=MO district=08
[2026-01-23 12:45:48] INFO: [PIPELINE] WINPROB_DIR resolved to: /home/ubuntu/apps/election-app/win_prob/H/MO/08
[2026-01-23 12:45:48] INFO: [PIPELINE] OUTDIR set to: /home/ubuntu/apps/election-app/win_prob/H/MO/08

$ /home/ubuntu/.venv/bin/python3 /home/ubuntu/apps/election-app/stats/1-statewide.py --input /home/ubuntu/apps/election-app/win_prob/H/MO/08/stats.csv --output /home/ubuntu/apps/election-app/win_prob/H/MO/08/_work/stats_with_statewide.csv
Wrote /home/ubuntu/apps/election-app/win_prob/H/MO/08/_work/stats_with_statewide.csv (rows=28)

$ /home/ubuntu/.venv/bin/python3 /home/ubuntu/apps/election-app/stats/1-stats-2.py --input /home/ubuntu/apps/election-app/win_prob/H/MO/08/stats2.csv --output /home/ubuntu/apps/election-app/win_prob/H/MO/08/_work/stats2_final_headers.csv
Wrote /home/ubuntu/apps/election-app/win_prob/H/MO/08/_work/stats2_final_headers.csv (rows=28)

$ /home/ubuntu/.venv/bin/python3 /home/ubuntu/apps/election-app/stats/1-append-new.py
Wrote 2024_county_results_with_final-old.csv (rows=28, missing_final_matches=0)

$ /home/ubuntu/.venv/bin/python3 /home/ubuntu/apps/election-app/stats/1-change_header.py
Wrote: 2024_county_results_with_final.csv

$ /home/ubuntu/.venv/bin/python3 /home/ubuntu/apps/election-app/stats/1-cut-zero-fips.py
Wrote: 2024_county_results_with_final_1.csv
Rows before: 28
Rows after:  28
Dropped (fips == 0): 0

$ /home/ubuntu/.venv/bin/python3 /home/ubuntu/apps/election-app/stats/2-calc.py
Wrote 28 rows with calculations to /home/ubuntu/apps/election-app/win_prob/H/MO/08/_work/2024_county_results_with_calcs-old.csv

$ /home/ubuntu/.venv/bin/python3 /home/ubuntu/apps/election-app/stats/2-eevp.py
Wrote (no-op copy): 2024_county_results_with_calcs.csv
Columns:
 - timestamp
 - state
 - county
 - fips
 - trump_votes
 - harris_votes
 - other_votes
 - eevp
 - state_eevp
 - harris_votes_statewide
 - trump_votes_statewide
 - other_votes_statewide
 - final_state
 - final_county
 - final_fips
 - final_trump_votes
 - final_harris_votes
 - final_other_votes
 - harris_percent_snapshot
 - trump_percent_snapshot
 - margin_snapshot
 - harris_percent_final
 - trump_percent_final
 - margin_final
 - margin_difference
 - margin_difference_abs

$ /home/ubuntu/.venv/bin/python3 /home/ubuntu/apps/election-app/stats/3-calc-new.py
Wrote 28 rows with new columns to /home/ubuntu/apps/election-app/win_prob/H/MO/08/_work/2024_county_results_with_calcs_new.csv

$ /home/ubuntu/.venv/bin/python3 /home/ubuntu/apps/election-app/stats/4-stats.py
Reading 2024_county_results_with_calcs_new.csv...
Aggregating statewide totals...
Calculating percentages and margins...
Writing to output_statewide_stats.csv...
Done!
[2026-01-23 12:45:59] INFO: [PIPELINE] ENTER win-prob generation | states=['MO'] ts_list=['2024-11-05T15-30-22']

============================================================================
[01/1] STATE = MO
============================================================================

$ /home/ubuntu/.venv/bin/python3 /home/ubuntu/apps/election-app/stats/5-snapshots.py --state MO --input /home/ubuntu/apps/election-app/win_prob/H/MO/08/_work/output_statewide_stats.csv --output /home/ubuntu/apps/election-app/win_prob/H/MO/08/snapshots_MO.csv --start 2024-11-05T15-30-22 --end 2024-11-05T15-30-22 --use-window 1 --interval 30
Mode: windowed-one-state
Rows written: 28
Distinct states in output: MO
Rows per normalized timestamp (empty = unparseable):
  2024-11-05T15-30-22: 28
Wrote /home/ubuntu/apps/election-app/win_prob/H/MO/08/snapshots_MO.csv

$ /home/ubuntu/.venv/bin/python3 /home/ubuntu/apps/election-app/stats/6-pval.py /home/ubuntu/apps/election-app/win_prob/H/MO/08/snapshots_MO.csv -t /home/ubuntu/apps/election-app/stats/parameters.csv -o /home/ubuntu/apps/election-app/win_prob/H/MO/08/data_output_MO.csv -c 50
Done. Wrote: /home/ubuntu/apps/election-app/win_prob/H/MO/08/data_output_MO.csv
Total rows: 28 (chunked, resumable).
Computed columns for PVALS = [0.01, 0.1, 1, 2, 3, 5, 10, 15, 20, 25, 30, 35, 40, 45, 50, 55, 60, 65, 70, 75, 80, 85, 90, 95, 97, 98, 99, 99.9, 99.99]
Per p (leader): shift_{p}, margin_new_{p}, harris_percent_new_{p}, trump_percent_new_{p}, total_snapshot_{p}, total_expected_{p}, harris_votes_new_{p}, trump_votes_new_{p}
Per p (trailing): shift_trailing_{p}, margin_new_{p}_trailing, harris_percent_new_{p}_trailing, trump_percent_new_{p}_trailing, total_snapshot_{p}_trailing, total_expected_{p}_trailing, harris_votes_new_{p}_trailing, trump_votes_new_{p}_trailing
Checkpoint saved at: /home/ubuntu/apps/election-app/win_prob/H/MO/08/data_output_MO.csv.checkpoint.json

$ /home/ubuntu/.venv/bin/python3 /home/ubuntu/apps/election-app/stats/7-margin-new.py
Wrote data_output_with_margins_old.csv

$ /home/ubuntu/.venv/bin/python3 /home/ubuntu/apps/election-app/stats/7-eevp-statewide.py
Wrote data_output_with_margins.csv (copied from data_output_with_margins_old.csv)

$ /home/ubuntu/.venv/bin/python3 /home/ubuntu/apps/election-app/stats/7.py --input /home/ubuntu/apps/election-app/win_prob/H/MO/08/data_output_MO_with_margins_statewide_eevp.csv --output /home/ubuntu/apps/election-app/win_prob/H/MO/08/statewide_margin_pct_vs_percent_MO_2026.png --state MO --start 2024-11-05T15-30-22 --end 2024-11-05T15-30-22 --stats /home/ubuntu/apps/election-app/win_prob/H/MO/08/stats.csv --stats2 /home/ubuntu/apps/election-app/win_prob/H/MO/08/stats2.csv --interval 30 --year 2026 --jsonl /home/ubuntu/apps/election-app/win_prob/H/MO/08/plotdata_MO_2026_2026-01-23T12-45-48.jsonl
[info] evaluating 1 timestamps from 2024-11-05T15-30-22 to 2024-11-05T15-30-22 every 30 minutes
[saved] probs_timeseries_MO.csv  (1 points)
[saved] /home/ubuntu/apps/election-app/win_prob/H/MO/08/plotdata_MO_2026_2026-01-23T12-45-48.jsonl  (4 points)
[saved] /home/ubuntu/apps/election-app/win_prob/H/MO/08/statewide_margin_pct_vs_percent_MO_2026_box.json
[saved] /home/ubuntu/apps/election-app/win_prob/H/MO/08/statewide_margin_pct_vs_percent_MO_2026_box.png
[saved] /home/ubuntu/apps/election-app/win_prob/H/MO/08/statewide_margin_pct_vs_percent_MO_2026.png

All 50 states complete. See: /home/ubuntu/apps/election-app/win_prob/H/MO/08

$ /home/ubuntu/.venv/bin/python3 /home/ubuntu/apps/election-app/stats/8.py --root /home/ubuntu/apps/election-app/win_prob/H/MO/08/_work --outdir /home/ubuntu/apps/election-app/win_prob/H/MO/08
[info] root  = /home/ubuntu/apps/election-app/win_prob/H/MO/08/_work
[info] outdir= /home/ubuntu/apps/election-app/win_prob/H/MO/08
[deleted] /home/ubuntu/apps/election-app/win_prob/H/MO/08/_work/stats_with_statewide.csv
[deleted] /home/ubuntu/apps/election-app/win_prob/H/MO/08/_work/stats2_final_headers.csv
[deleted] /home/ubuntu/apps/election-app/win_prob/H/MO/08/_work/2024_county_results_with_final-old.csv
[deleted] /home/ubuntu/apps/election-app/win_prob/H/MO/08/_work/2024_county_results_with_final.csv
[deleted] /home/ubuntu/apps/election-app/win_prob/H/MO/08/_work/2024_county_results_with_final_1.csv
[deleted] /home/ubuntu/apps/election-app/win_prob/H/MO/08/_work/2024_county_results_with_calcs-old.csv
[deleted] /home/ubuntu/apps/election-app/win_prob/H/MO/08/_work/2024_county_results_with_calcs_new.csv
[deleted] /home/ubuntu/apps/election-app/win_prob/H/MO/08/_work/output_statewide_stats.csv
[skip]    /home/ubuntu/apps/election-app/win_prob/H/MO/08/_work/probs_timeseries_PA.csv
[deleted] /home/ubuntu/apps/election-app/win_prob/H/MO/08/_work/2024_county_results_with_calcs.csv
[skip]    /home/ubuntu/apps/election-app/win_prob/H/MO/08/data_output.csv
[skip]    /home/ubuntu/apps/election-app/win_prob/H/MO/08/data_output_with_margins_old.csv
[skip]    /home/ubuntu/apps/election-app/win_prob/H/MO/08/data_output_with_margins.csv
[skip]    /home/ubuntu/apps/election-app/win_prob/H/MO/08/data_output_with_margins-statewide.csv
[deleted] /home/ubuntu/apps/election-app/win_prob/H/MO/08/snapshots_MO.csv
[deleted] /home/ubuntu/apps/election-app/win_prob/H/MO/08/data_output_MO.csv
[deleted] /home/ubuntu/apps/election-app/win_prob/H/MO/08/data_output_MO_with_margins_statewide_eevp.csv
[deleted] /home/ubuntu/apps/election-app/win_prob/H/MO/08/data_output_MO_with_margins.csv
[deleted] /home/ubuntu/apps/election-app/win_prob/H/MO/08/data_output_MO.csv.checkpoint.json
[deleted] /home/ubuntu/apps/election-app/win_prob/H/MO/08/stats.csv
[deleted] /home/ubuntu/apps/election-app/win_prob/H/MO/08/stats2.csv
[done] removed 16 file(s)
[2026-01-23 12:53:35] INFO: [PIPELINE] args: office=H state=MO district=08
[2026-01-23 12:53:35] INFO: [PIPELINE] WINPROB_DIR resolved to: /home/ubuntu/apps/election-app/win_prob/H/MO/08
[2026-01-23 12:53:35] INFO: [PIPELINE] OUTDIR set to: /home/ubuntu/apps/election-app/win_prob/H/MO/08

$ /home/ubuntu/.venv/bin/python3 /home/ubuntu/apps/election-app/stats/1-statewide.py --input /home/ubuntu/apps/election-app/win_prob/H/MO/08/stats.csv --output /home/ubuntu/apps/election-app/win_prob/H/MO/08/_work/stats_with_statewide.csv
Wrote /home/ubuntu/apps/election-app/win_prob/H/MO/08/_work/stats_with_statewide.csv (rows=28)

$ /home/ubuntu/.venv/bin/python3 /home/ubuntu/apps/election-app/stats/1-stats-2.py --input /home/ubuntu/apps/election-app/win_prob/H/MO/08/stats2.csv --output /home/ubuntu/apps/election-app/win_prob/H/MO/08/_work/stats2_final_headers.csv
Wrote /home/ubuntu/apps/election-app/win_prob/H/MO/08/_work/stats2_final_headers.csv (rows=28)

$ /home/ubuntu/.venv/bin/python3 /home/ubuntu/apps/election-app/stats/1-append-new.py
Wrote 2024_county_results_with_final-old.csv (rows=28, missing_final_matches=0)

$ /home/ubuntu/.venv/bin/python3 /home/ubuntu/apps/election-app/stats/1-change_header.py
Wrote: 2024_county_results_with_final.csv

$ /home/ubuntu/.venv/bin/python3 /home/ubuntu/apps/election-app/stats/1-cut-zero-fips.py
Wrote: 2024_county_results_with_final_1.csv
Rows before: 28
Rows after:  28
Dropped (fips == 0): 0

$ /home/ubuntu/.venv/bin/python3 /home/ubuntu/apps/election-app/stats/2-calc.py
Wrote 28 rows with calculations to /home/ubuntu/apps/election-app/win_prob/H/MO/08/_work/2024_county_results_with_calcs-old.csv

$ /home/ubuntu/.venv/bin/python3 /home/ubuntu/apps/election-app/stats/2-eevp.py
Wrote (no-op copy): 2024_county_results_with_calcs.csv
Columns:
 - timestamp
 - state
 - county
 - fips
 - trump_votes
 - harris_votes
 - other_votes
 - eevp
 - state_eevp
 - harris_votes_statewide
 - trump_votes_statewide
 - other_votes_statewide
 - final_state
 - final_county
 - final_fips
 - final_trump_votes
 - final_harris_votes
 - final_other_votes
 - harris_percent_snapshot
 - trump_percent_snapshot
 - margin_snapshot
 - harris_percent_final
 - trump_percent_final
 - margin_final
 - margin_difference
 - margin_difference_abs

$ /home/ubuntu/.venv/bin/python3 /home/ubuntu/apps/election-app/stats/3-calc-new.py
Wrote 28 rows with new columns to /home/ubuntu/apps/election-app/win_prob/H/MO/08/_work/2024_county_results_with_calcs_new.csv

$ /home/ubuntu/.venv/bin/python3 /home/ubuntu/apps/election-app/stats/4-stats.py
Reading 2024_county_results_with_calcs_new.csv...
Aggregating statewide totals...
Calculating percentages and margins...
Writing to output_statewide_stats.csv...
Done!
[2026-01-23 12:53:45] INFO: [PIPELINE] ENTER win-prob generation | states=['MO'] ts_list=['2024-11-05T15-30-22']

============================================================================
[01/1] STATE = MO
============================================================================

$ /home/ubuntu/.venv/bin/python3 /home/ubuntu/apps/election-app/stats/5-snapshots.py --state MO --input /home/ubuntu/apps/election-app/win_prob/H/MO/08/_work/output_statewide_stats.csv --output /home/ubuntu/apps/election-app/win_prob/H/MO/08/snapshots_MO.csv --start 2024-11-05T15-30-22 --end 2024-11-05T15-30-22 --use-window 1 --interval 30
Mode: windowed-one-state
Rows written: 28
Distinct states in output: MO
Rows per normalized timestamp (empty = unparseable):
  2024-11-05T15-30-22: 28
Wrote /home/ubuntu/apps/election-app/win_prob/H/MO/08/snapshots_MO.csv

$ /home/ubuntu/.venv/bin/python3 /home/ubuntu/apps/election-app/stats/6-pval.py /home/ubuntu/apps/election-app/win_prob/H/MO/08/snapshots_MO.csv -t /home/ubuntu/apps/election-app/stats/parameters.csv -o /home/ubuntu/apps/election-app/win_prob/H/MO/08/data_output_MO.csv -c 50
Done. Wrote: /home/ubuntu/apps/election-app/win_prob/H/MO/08/data_output_MO.csv
Total rows: 28 (chunked, resumable).
Computed columns for PVALS = [0.01, 0.1, 1, 2, 3, 5, 10, 15, 20, 25, 30, 35, 40, 45, 50, 55, 60, 65, 70, 75, 80, 85, 90, 95, 97, 98, 99, 99.9, 99.99]
Per p (leader): shift_{p}, margin_new_{p}, harris_percent_new_{p}, trump_percent_new_{p}, total_snapshot_{p}, total_expected_{p}, harris_votes_new_{p}, trump_votes_new_{p}
Per p (trailing): shift_trailing_{p}, margin_new_{p}_trailing, harris_percent_new_{p}_trailing, trump_percent_new_{p}_trailing, total_snapshot_{p}_trailing, total_expected_{p}_trailing, harris_votes_new_{p}_trailing, trump_votes_new_{p}_trailing
Checkpoint saved at: /home/ubuntu/apps/election-app/win_prob/H/MO/08/data_output_MO.csv.checkpoint.json

$ /home/ubuntu/.venv/bin/python3 /home/ubuntu/apps/election-app/stats/7-margin-new.py
Wrote data_output_with_margins_old.csv

$ /home/ubuntu/.venv/bin/python3 /home/ubuntu/apps/election-app/stats/7-eevp-statewide.py
Wrote data_output_with_margins.csv (copied from data_output_with_margins_old.csv)

$ /home/ubuntu/.venv/bin/python3 /home/ubuntu/apps/election-app/stats/7.py --input /home/ubuntu/apps/election-app/win_prob/H/MO/08/data_output_MO_with_margins_statewide_eevp.csv --output /home/ubuntu/apps/election-app/win_prob/H/MO/08/statewide_margin_pct_vs_percent_MO_2026.png --state MO --start 2024-11-05T15-30-22 --end 2024-11-05T15-30-22 --stats /home/ubuntu/apps/election-app/win_prob/H/MO/08/stats.csv --stats2 /home/ubuntu/apps/election-app/win_prob/H/MO/08/stats2.csv --interval 30 --year 2026 --jsonl /home/ubuntu/apps/election-app/win_prob/H/MO/08/plotdata_MO_2026_2026-01-23T12-53-35.jsonl
[info] evaluating 1 timestamps from 2024-11-05T15-30-22 to 2024-11-05T15-30-22 every 30 minutes
[saved] probs_timeseries_MO.csv  (1 points)
[saved] /home/ubuntu/apps/election-app/win_prob/H/MO/08/plotdata_MO_2026_2026-01-23T12-53-35.jsonl  (4 points)
[saved] /home/ubuntu/apps/election-app/win_prob/H/MO/08/statewide_margin_pct_vs_percent_MO_2026_box.json
[saved] /home/ubuntu/apps/election-app/win_prob/H/MO/08/statewide_margin_pct_vs_percent_MO_2026_box.png
[saved] /home/ubuntu/apps/election-app/win_prob/H/MO/08/statewide_margin_pct_vs_percent_MO_2026.png

All 50 states complete. See: /home/ubuntu/apps/election-app/win_prob/H/MO/08

$ /home/ubuntu/.venv/bin/python3 /home/ubuntu/apps/election-app/stats/8.py --root /home/ubuntu/apps/election-app/win_prob/H/MO/08/_work --outdir /home/ubuntu/apps/election-app/win_prob/H/MO/08
[info] root  = /home/ubuntu/apps/election-app/win_prob/H/MO/08/_work
[info] outdir= /home/ubuntu/apps/election-app/win_prob/H/MO/08
[deleted] /home/ubuntu/apps/election-app/win_prob/H/MO/08/_work/stats_with_statewide.csv
[deleted] /home/ubuntu/apps/election-app/win_prob/H/MO/08/_work/stats2_final_headers.csv
[deleted] /home/ubuntu/apps/election-app/win_prob/H/MO/08/_work/2024_county_results_with_final-old.csv
[deleted] /home/ubuntu/apps/election-app/win_prob/H/MO/08/_work/2024_county_results_with_final.csv
[deleted] /home/ubuntu/apps/election-app/win_prob/H/MO/08/_work/2024_county_results_with_final_1.csv
[deleted] /home/ubuntu/apps/election-app/win_prob/H/MO/08/_work/2024_county_results_with_calcs-old.csv
[deleted] /home/ubuntu/apps/election-app/win_prob/H/MO/08/_work/2024_county_results_with_calcs_new.csv
[deleted] /home/ubuntu/apps/election-app/win_prob/H/MO/08/_work/output_statewide_stats.csv
[skip]    /home/ubuntu/apps/election-app/win_prob/H/MO/08/_work/probs_timeseries_PA.csv
[deleted] /home/ubuntu/apps/election-app/win_prob/H/MO/08/_work/2024_county_results_with_calcs.csv
[skip]    /home/ubuntu/apps/election-app/win_prob/H/MO/08/data_output.csv
[skip]    /home/ubuntu/apps/election-app/win_prob/H/MO/08/data_output_with_margins_old.csv
[skip]    /home/ubuntu/apps/election-app/win_prob/H/MO/08/data_output_with_margins.csv
[skip]    /home/ubuntu/apps/election-app/win_prob/H/MO/08/data_output_with_margins-statewide.csv
[deleted] /home/ubuntu/apps/election-app/win_prob/H/MO/08/snapshots_MO.csv
[deleted] /home/ubuntu/apps/election-app/win_prob/H/MO/08/data_output_MO.csv
[deleted] /home/ubuntu/apps/election-app/win_prob/H/MO/08/data_output_MO_with_margins_statewide_eevp.csv
[deleted] /home/ubuntu/apps/election-app/win_prob/H/MO/08/data_output_MO_with_margins.csv
[deleted] /home/ubuntu/apps/election-app/win_prob/H/MO/08/data_output_MO.csv.checkpoint.json
[deleted] /home/ubuntu/apps/election-app/win_prob/H/MO/08/stats.csv
[deleted] /home/ubuntu/apps/election-app/win_prob/H/MO/08/stats2.csv
[done] removed 16 file(s)
[2026-01-25 10:26:26] INFO: [PIPELINE] args: office=H state=MO district=08
[2026-01-25 10:26:26] INFO: [PIPELINE] WINPROB_DIR resolved to: /home/ubuntu/apps/election-app/win_prob/H/MO/08
[2026-01-25 10:26:26] INFO: [PIPELINE] OUTDIR set to: /home/ubuntu/apps/election-app/win_prob/H/MO/08

$ /home/ubuntu/.venv/bin/python3 /home/ubuntu/apps/election-app/stats/1-statewide.py --input /home/ubuntu/apps/election-app/win_prob/H/MO/08/stats.csv --output /home/ubuntu/apps/election-app/win_prob/H/MO/08/_work/stats_with_statewide.csv
Wrote /home/ubuntu/apps/election-app/win_prob/H/MO/08/_work/stats_with_statewide.csv (rows=28)

$ /home/ubuntu/.venv/bin/python3 /home/ubuntu/apps/election-app/stats/1-stats-2.py --input /home/ubuntu/apps/election-app/win_prob/H/MO/08/stats2.csv --output /home/ubuntu/apps/election-app/win_prob/H/MO/08/_work/stats2_final_headers.csv
Wrote /home/ubuntu/apps/election-app/win_prob/H/MO/08/_work/stats2_final_headers.csv (rows=28)

$ /home/ubuntu/.venv/bin/python3 /home/ubuntu/apps/election-app/stats/1-append-new.py
Wrote 2024_county_results_with_final-old.csv (rows=28, missing_final_matches=0)

$ /home/ubuntu/.venv/bin/python3 /home/ubuntu/apps/election-app/stats/1-change_header.py
Wrote: 2024_county_results_with_final.csv

$ /home/ubuntu/.venv/bin/python3 /home/ubuntu/apps/election-app/stats/1-cut-zero-fips.py
Wrote: 2024_county_results_with_final_1.csv
Rows before: 28
Rows after:  28
Dropped (fips == 0): 0

$ /home/ubuntu/.venv/bin/python3 /home/ubuntu/apps/election-app/stats/2-calc.py
Wrote 28 rows with calculations to /home/ubuntu/apps/election-app/win_prob/H/MO/08/_work/2024_county_results_with_calcs-old.csv

$ /home/ubuntu/.venv/bin/python3 /home/ubuntu/apps/election-app/stats/2-eevp.py
Wrote (no-op copy): 2024_county_results_with_calcs.csv
Columns:
 - timestamp
 - state
 - county
 - fips
 - trump_votes
 - harris_votes
 - other_votes
 - eevp
 - state_eevp
 - harris_votes_statewide
 - trump_votes_statewide
 - other_votes_statewide
 - final_state
 - final_county
 - final_fips
 - final_trump_votes
 - final_harris_votes
 - final_other_votes
 - harris_percent_snapshot
 - trump_percent_snapshot
 - margin_snapshot
 - harris_percent_final
 - trump_percent_final
 - margin_final
 - margin_difference
 - margin_difference_abs

$ /home/ubuntu/.venv/bin/python3 /home/ubuntu/apps/election-app/stats/3-calc-new.py
Wrote 28 rows with new columns to /home/ubuntu/apps/election-app/win_prob/H/MO/08/_work/2024_county_results_with_calcs_new.csv

$ /home/ubuntu/.venv/bin/python3 /home/ubuntu/apps/election-app/stats/4-stats.py
Reading 2024_county_results_with_calcs_new.csv...
Aggregating statewide totals...
Calculating percentages and margins...
Writing to output_statewide_stats.csv...
Done!
[2026-01-25 10:26:35] INFO: [PIPELINE] ENTER win-prob generation | states=['MO'] ts_list=['2024-11-05T15-30-22']

============================================================================
[01/1] STATE = MO
============================================================================

$ /home/ubuntu/.venv/bin/python3 /home/ubuntu/apps/election-app/stats/5-snapshots.py --state MO --input /home/ubuntu/apps/election-app/win_prob/H/MO/08/_work/output_statewide_stats.csv --output /home/ubuntu/apps/election-app/win_prob/H/MO/08/snapshots_MO.csv --start 2024-11-05T15-30-22 --end 2024-11-05T15-30-22 --use-window 1 --interval 30
Mode: windowed-one-state
Rows written: 28
Distinct states in output: MO
Rows per normalized timestamp (empty = unparseable):
  2024-11-05T15-30-22: 28
Wrote /home/ubuntu/apps/election-app/win_prob/H/MO/08/snapshots_MO.csv

$ /home/ubuntu/.venv/bin/python3 /home/ubuntu/apps/election-app/stats/6-pval.py /home/ubuntu/apps/election-app/win_prob/H/MO/08/snapshots_MO.csv -t /home/ubuntu/apps/election-app/stats/parameters.csv -o /home/ubuntu/apps/election-app/win_prob/H/MO/08/data_output_MO.csv -c 50
Done. Wrote: /home/ubuntu/apps/election-app/win_prob/H/MO/08/data_output_MO.csv
Total rows: 28 (chunked, resumable).
Computed columns for PVALS = [0.01, 0.1, 1, 2, 3, 5, 10, 15, 20, 25, 30, 35, 40, 45, 50, 55, 60, 65, 70, 75, 80, 85, 90, 95, 97, 98, 99, 99.9, 99.99]
Per p (leader): shift_{p}, margin_new_{p}, harris_percent_new_{p}, trump_percent_new_{p}, total_snapshot_{p}, total_expected_{p}, harris_votes_new_{p}, trump_votes_new_{p}
Per p (trailing): shift_trailing_{p}, margin_new_{p}_trailing, harris_percent_new_{p}_trailing, trump_percent_new_{p}_trailing, total_snapshot_{p}_trailing, total_expected_{p}_trailing, harris_votes_new_{p}_trailing, trump_votes_new_{p}_trailing
Checkpoint saved at: /home/ubuntu/apps/election-app/win_prob/H/MO/08/data_output_MO.csv.checkpoint.json

$ /home/ubuntu/.venv/bin/python3 /home/ubuntu/apps/election-app/stats/7-margin-new.py
Wrote data_output_with_margins_old.csv

$ /home/ubuntu/.venv/bin/python3 /home/ubuntu/apps/election-app/stats/7-eevp-statewide.py
Wrote data_output_with_margins.csv (copied from data_output_with_margins_old.csv)

$ /home/ubuntu/.venv/bin/python3 /home/ubuntu/apps/election-app/stats/7.py --input /home/ubuntu/apps/election-app/win_prob/H/MO/08/data_output_MO_with_margins_statewide_eevp.csv --output /home/ubuntu/apps/election-app/win_prob/H/MO/08/statewide_margin_pct_vs_percent_MO_2026.png --state MO --start 2024-11-05T15-30-22 --end 2024-11-05T15-30-22 --stats /home/ubuntu/apps/election-app/win_prob/H/MO/08/stats.csv --stats2 /home/ubuntu/apps/election-app/win_prob/H/MO/08/stats2.csv --interval 30 --year 2026 --jsonl /home/ubuntu/apps/election-app/win_prob/H/MO/08/plotdata_MO_2026_2026-01-25T10-26-26.jsonl
[info] evaluating 1 timestamps from 2024-11-05T15-30-22 to 2024-11-05T15-30-22 every 30 minutes
[saved] probs_timeseries_MO.csv  (1 points)
[saved] /home/ubuntu/apps/election-app/win_prob/H/MO/08/plotdata_MO_2026_2026-01-25T10-26-26.jsonl  (0 points)
[saved] /home/ubuntu/apps/election-app/win_prob/H/MO/08/statewide_margin_pct_vs_percent_MO_2026_box.json
[saved] /home/ubuntu/apps/election-app/win_prob/H/MO/08/statewide_margin_pct_vs_percent_MO_2026_box.png
[saved] /home/ubuntu/apps/election-app/win_prob/H/MO/08/statewide_margin_pct_vs_percent_MO_2026.png

All 50 states complete. See: /home/ubuntu/apps/election-app/win_prob/H/MO/08

$ /home/ubuntu/.venv/bin/python3 /home/ubuntu/apps/election-app/stats/8.py --root /home/ubuntu/apps/election-app/win_prob/H/MO/08/_work --outdir /home/ubuntu/apps/election-app/win_prob/H/MO/08
[info] root  = /home/ubuntu/apps/election-app/win_prob/H/MO/08/_work
[info] outdir= /home/ubuntu/apps/election-app/win_prob/H/MO/08
[deleted] /home/ubuntu/apps/election-app/win_prob/H/MO/08/_work/stats_with_statewide.csv
[deleted] /home/ubuntu/apps/election-app/win_prob/H/MO/08/_work/stats2_final_headers.csv
[deleted] /home/ubuntu/apps/election-app/win_prob/H/MO/08/_work/2024_county_results_with_final-old.csv
[deleted] /home/ubuntu/apps/election-app/win_prob/H/MO/08/_work/2024_county_results_with_final.csv
[deleted] /home/ubuntu/apps/election-app/win_prob/H/MO/08/_work/2024_county_results_with_final_1.csv
[deleted] /home/ubuntu/apps/election-app/win_prob/H/MO/08/_work/2024_county_results_with_calcs-old.csv
[deleted] /home/ubuntu/apps/election-app/win_prob/H/MO/08/_work/2024_county_results_with_calcs_new.csv
[deleted] /home/ubuntu/apps/election-app/win_prob/H/MO/08/_work/output_statewide_stats.csv
[skip]    /home/ubuntu/apps/election-app/win_prob/H/MO/08/_work/probs_timeseries_PA.csv
[deleted] /home/ubuntu/apps/election-app/win_prob/H/MO/08/_work/2024_county_results_with_calcs.csv
[skip]    /home/ubuntu/apps/election-app/win_prob/H/MO/08/data_output.csv
[skip]    /home/ubuntu/apps/election-app/win_prob/H/MO/08/data_output_with_margins_old.csv
[skip]    /home/ubuntu/apps/election-app/win_prob/H/MO/08/data_output_with_margins.csv
[skip]    /home/ubuntu/apps/election-app/win_prob/H/MO/08/data_output_with_margins-statewide.csv
[deleted] /home/ubuntu/apps/election-app/win_prob/H/MO/08/snapshots_MO.csv
[deleted] /home/ubuntu/apps/election-app/win_prob/H/MO/08/data_output_MO.csv
[deleted] /home/ubuntu/apps/election-app/win_prob/H/MO/08/data_output_MO_with_margins_statewide_eevp.csv
[deleted] /home/ubuntu/apps/election-app/win_prob/H/MO/08/data_output_MO_with_margins.csv
[deleted] /home/ubuntu/apps/election-app/win_prob/H/MO/08/data_output_MO.csv.checkpoint.json
[deleted] /home/ubuntu/apps/election-app/win_prob/H/MO/08/stats.csv
[deleted] /home/ubuntu/apps/election-app/win_prob/H/MO/08/stats2.csv
[done] removed 16 file(s)
[2026-01-25 10:40:35] INFO: [PIPELINE] args: office=H state=MO district=08
[2026-01-25 10:40:35] INFO: [PIPELINE] WINPROB_DIR resolved to: /home/ubuntu/apps/election-app/win_prob/H/MO/08
[2026-01-25 10:40:35] INFO: [PIPELINE] OUTDIR set to: /home/ubuntu/apps/election-app/win_prob/H/MO/08

$ /home/ubuntu/.venv/bin/python3 /home/ubuntu/apps/election-app/stats/1-statewide.py --input /home/ubuntu/apps/election-app/win_prob/H/MO/08/stats.csv --output /home/ubuntu/apps/election-app/win_prob/H/MO/08/_work/stats_with_statewide.csv
Wrote /home/ubuntu/apps/election-app/win_prob/H/MO/08/_work/stats_with_statewide.csv (rows=28)

$ /home/ubuntu/.venv/bin/python3 /home/ubuntu/apps/election-app/stats/1-stats-2.py --input /home/ubuntu/apps/election-app/win_prob/H/MO/08/stats2.csv --output /home/ubuntu/apps/election-app/win_prob/H/MO/08/_work/stats2_final_headers.csv
Wrote /home/ubuntu/apps/election-app/win_prob/H/MO/08/_work/stats2_final_headers.csv (rows=28)

$ /home/ubuntu/.venv/bin/python3 /home/ubuntu/apps/election-app/stats/1-append-new.py
Wrote 2024_county_results_with_final-old.csv (rows=28, missing_final_matches=0)

$ /home/ubuntu/.venv/bin/python3 /home/ubuntu/apps/election-app/stats/1-change_header.py
Wrote: 2024_county_results_with_final.csv

$ /home/ubuntu/.venv/bin/python3 /home/ubuntu/apps/election-app/stats/1-cut-zero-fips.py
Wrote: 2024_county_results_with_final_1.csv
Rows before: 28
Rows after:  28
Dropped (fips == 0): 0

$ /home/ubuntu/.venv/bin/python3 /home/ubuntu/apps/election-app/stats/2-calc.py
Wrote 28 rows with calculations to /home/ubuntu/apps/election-app/win_prob/H/MO/08/_work/2024_county_results_with_calcs-old.csv

$ /home/ubuntu/.venv/bin/python3 /home/ubuntu/apps/election-app/stats/2-eevp.py
Wrote (no-op copy): 2024_county_results_with_calcs.csv
Columns:
 - timestamp
 - state
 - county
 - fips
 - trump_votes
 - harris_votes
 - other_votes
 - eevp
 - state_eevp
 - harris_votes_statewide
 - trump_votes_statewide
 - other_votes_statewide
 - final_state
 - final_county
 - final_fips
 - final_trump_votes
 - final_harris_votes
 - final_other_votes
 - harris_percent_snapshot
 - trump_percent_snapshot
 - margin_snapshot
 - harris_percent_final
 - trump_percent_final
 - margin_final
 - margin_difference
 - margin_difference_abs

$ /home/ubuntu/.venv/bin/python3 /home/ubuntu/apps/election-app/stats/3-calc-new.py
Wrote 28 rows with new columns to /home/ubuntu/apps/election-app/win_prob/H/MO/08/_work/2024_county_results_with_calcs_new.csv

$ /home/ubuntu/.venv/bin/python3 /home/ubuntu/apps/election-app/stats/4-stats.py
Reading 2024_county_results_with_calcs_new.csv...
Aggregating statewide totals...
Calculating percentages and margins...
Writing to output_statewide_stats.csv...
Done!
[2026-01-25 10:40:44] INFO: [PIPELINE] ENTER win-prob generation | states=['MO'] ts_list=['2024-11-05T15-30-22']

============================================================================
[01/1] STATE = MO
============================================================================

$ /home/ubuntu/.venv/bin/python3 /home/ubuntu/apps/election-app/stats/5-snapshots.py --state MO --input /home/ubuntu/apps/election-app/win_prob/H/MO/08/_work/output_statewide_stats.csv --output /home/ubuntu/apps/election-app/win_prob/H/MO/08/snapshots_MO.csv --start 2024-11-05T15-30-22 --end 2024-11-05T15-30-22 --use-window 1 --interval 30
Mode: windowed-one-state
Rows written: 28
Distinct states in output: MO
Rows per normalized timestamp (empty = unparseable):
  2024-11-05T15-30-22: 28
Wrote /home/ubuntu/apps/election-app/win_prob/H/MO/08/snapshots_MO.csv

$ /home/ubuntu/.venv/bin/python3 /home/ubuntu/apps/election-app/stats/6-pval.py /home/ubuntu/apps/election-app/win_prob/H/MO/08/snapshots_MO.csv -t /home/ubuntu/apps/election-app/stats/parameters.csv -o /home/ubuntu/apps/election-app/win_prob/H/MO/08/data_output_MO.csv -c 50
Done. Wrote: /home/ubuntu/apps/election-app/win_prob/H/MO/08/data_output_MO.csv
Total rows: 28 (chunked, resumable).
Computed columns for PVALS = [0.01, 0.1, 1, 2, 3, 5, 10, 15, 20, 25, 30, 35, 40, 45, 50, 55, 60, 65, 70, 75, 80, 85, 90, 95, 97, 98, 99, 99.9, 99.99]
Per p (leader): shift_{p}, margin_new_{p}, harris_percent_new_{p}, trump_percent_new_{p}, total_snapshot_{p}, total_expected_{p}, harris_votes_new_{p}, trump_votes_new_{p}
Per p (trailing): shift_trailing_{p}, margin_new_{p}_trailing, harris_percent_new_{p}_trailing, trump_percent_new_{p}_trailing, total_snapshot_{p}_trailing, total_expected_{p}_trailing, harris_votes_new_{p}_trailing, trump_votes_new_{p}_trailing
Checkpoint saved at: /home/ubuntu/apps/election-app/win_prob/H/MO/08/data_output_MO.csv.checkpoint.json

$ /home/ubuntu/.venv/bin/python3 /home/ubuntu/apps/election-app/stats/7-margin-new.py
Wrote data_output_with_margins_old.csv

$ /home/ubuntu/.venv/bin/python3 /home/ubuntu/apps/election-app/stats/7-eevp-statewide.py
Wrote data_output_with_margins.csv (copied from data_output_with_margins_old.csv)

$ /home/ubuntu/.venv/bin/python3 /home/ubuntu/apps/election-app/stats/7.py --input /home/ubuntu/apps/election-app/win_prob/H/MO/08/data_output_MO_with_margins_statewide_eevp.csv --output /home/ubuntu/apps/election-app/win_prob/H/MO/08/statewide_margin_pct_vs_percent_MO_2026.png --state MO --start 2024-11-05T15-30-22 --end 2024-11-05T15-30-22 --stats /home/ubuntu/apps/election-app/win_prob/H/MO/08/stats.csv --stats2 /home/ubuntu/apps/election-app/win_prob/H/MO/08/stats2.csv --interval 30 --year 2026 --jsonl /home/ubuntu/apps/election-app/win_prob/H/MO/08/plotdata_MO_2026_2026-01-25T10-40-35.jsonl
[info] evaluating 1 timestamps from 2024-11-05T15-30-22 to 2024-11-05T15-30-22 every 30 minutes
[saved] probs_timeseries_MO.csv  (1 points)
[saved] /home/ubuntu/apps/election-app/win_prob/H/MO/08/plotdata_MO_2026_2026-01-25T10-40-35.jsonl  (4 points)
[saved] /home/ubuntu/apps/election-app/win_prob/H/MO/08/statewide_margin_pct_vs_percent_MO_2026_box.json
[saved] /home/ubuntu/apps/election-app/win_prob/H/MO/08/statewide_margin_pct_vs_percent_MO_2026_box.png
[saved] /home/ubuntu/apps/election-app/win_prob/H/MO/08/statewide_margin_pct_vs_percent_MO_2026.png

All 50 states complete. See: /home/ubuntu/apps/election-app/win_prob/H/MO/08

$ /home/ubuntu/.venv/bin/python3 /home/ubuntu/apps/election-app/stats/8.py --root /home/ubuntu/apps/election-app/win_prob/H/MO/08/_work --outdir /home/ubuntu/apps/election-app/win_prob/H/MO/08
[info] root  = /home/ubuntu/apps/election-app/win_prob/H/MO/08/_work
[info] outdir= /home/ubuntu/apps/election-app/win_prob/H/MO/08
[deleted] /home/ubuntu/apps/election-app/win_prob/H/MO/08/_work/stats_with_statewide.csv
[deleted] /home/ubuntu/apps/election-app/win_prob/H/MO/08/_work/stats2_final_headers.csv
[deleted] /home/ubuntu/apps/election-app/win_prob/H/MO/08/_work/2024_county_results_with_final-old.csv
[deleted] /home/ubuntu/apps/election-app/win_prob/H/MO/08/_work/2024_county_results_with_final.csv
[deleted] /home/ubuntu/apps/election-app/win_prob/H/MO/08/_work/2024_county_results_with_final_1.csv
[deleted] /home/ubuntu/apps/election-app/win_prob/H/MO/08/_work/2024_county_results_with_calcs-old.csv
[deleted] /home/ubuntu/apps/election-app/win_prob/H/MO/08/_work/2024_county_results_with_calcs_new.csv
[deleted] /home/ubuntu/apps/election-app/win_prob/H/MO/08/_work/output_statewide_stats.csv
[skip]    /home/ubuntu/apps/election-app/win_prob/H/MO/08/_work/probs_timeseries_PA.csv
[deleted] /home/ubuntu/apps/election-app/win_prob/H/MO/08/_work/2024_county_results_with_calcs.csv
[skip]    /home/ubuntu/apps/election-app/win_prob/H/MO/08/data_output.csv
[skip]    /home/ubuntu/apps/election-app/win_prob/H/MO/08/data_output_with_margins_old.csv
[skip]    /home/ubuntu/apps/election-app/win_prob/H/MO/08/data_output_with_margins.csv
[skip]    /home/ubuntu/apps/election-app/win_prob/H/MO/08/data_output_with_margins-statewide.csv
[deleted] /home/ubuntu/apps/election-app/win_prob/H/MO/08/snapshots_MO.csv
[deleted] /home/ubuntu/apps/election-app/win_prob/H/MO/08/data_output_MO.csv
[deleted] /home/ubuntu/apps/election-app/win_prob/H/MO/08/data_output_MO_with_margins_statewide_eevp.csv
[deleted] /home/ubuntu/apps/election-app/win_prob/H/MO/08/data_output_MO_with_margins.csv
[deleted] /home/ubuntu/apps/election-app/win_prob/H/MO/08/data_output_MO.csv.checkpoint.json
[deleted] /home/ubuntu/apps/election-app/win_prob/H/MO/08/stats.csv
[deleted] /home/ubuntu/apps/election-app/win_prob/H/MO/08/stats2.csv
[done] removed 16 file(s)
[2026-01-25 10:47:44] INFO: [PIPELINE] args: office=H state=MO district=08
[2026-01-25 10:47:44] INFO: [PIPELINE] WINPROB_DIR resolved to: /home/ubuntu/apps/election-app/win_prob/H/MO/08
[2026-01-25 10:47:44] INFO: [PIPELINE] OUTDIR set to: /home/ubuntu/apps/election-app/win_prob/H/MO/08

$ /home/ubuntu/.venv/bin/python3 /home/ubuntu/apps/election-app/stats/1-statewide.py --input /home/ubuntu/apps/election-app/win_prob/H/MO/08/stats.csv --output /home/ubuntu/apps/election-app/win_prob/H/MO/08/_work/stats_with_statewide.csv
Wrote /home/ubuntu/apps/election-app/win_prob/H/MO/08/_work/stats_with_statewide.csv (rows=28)

$ /home/ubuntu/.venv/bin/python3 /home/ubuntu/apps/election-app/stats/1-stats-2.py --input /home/ubuntu/apps/election-app/win_prob/H/MO/08/stats2.csv --output /home/ubuntu/apps/election-app/win_prob/H/MO/08/_work/stats2_final_headers.csv
Wrote /home/ubuntu/apps/election-app/win_prob/H/MO/08/_work/stats2_final_headers.csv (rows=28)

$ /home/ubuntu/.venv/bin/python3 /home/ubuntu/apps/election-app/stats/1-append-new.py
Wrote 2024_county_results_with_final-old.csv (rows=28, missing_final_matches=0)

$ /home/ubuntu/.venv/bin/python3 /home/ubuntu/apps/election-app/stats/1-change_header.py
Wrote: 2024_county_results_with_final.csv

$ /home/ubuntu/.venv/bin/python3 /home/ubuntu/apps/election-app/stats/1-cut-zero-fips.py
Wrote: 2024_county_results_with_final_1.csv
Rows before: 28
Rows after:  28
Dropped (fips == 0): 0

$ /home/ubuntu/.venv/bin/python3 /home/ubuntu/apps/election-app/stats/2-calc.py
Wrote 28 rows with calculations to /home/ubuntu/apps/election-app/win_prob/H/MO/08/_work/2024_county_results_with_calcs-old.csv

$ /home/ubuntu/.venv/bin/python3 /home/ubuntu/apps/election-app/stats/2-eevp.py
Wrote (no-op copy): 2024_county_results_with_calcs.csv
Columns:
 - timestamp
 - state
 - county
 - fips
 - trump_votes
 - harris_votes
 - other_votes
 - eevp
 - state_eevp
 - harris_votes_statewide
 - trump_votes_statewide
 - other_votes_statewide
 - final_state
 - final_county
 - final_fips
 - final_trump_votes
 - final_harris_votes
 - final_other_votes
 - harris_percent_snapshot
 - trump_percent_snapshot
 - margin_snapshot
 - harris_percent_final
 - trump_percent_final
 - margin_final
 - margin_difference
 - margin_difference_abs

$ /home/ubuntu/.venv/bin/python3 /home/ubuntu/apps/election-app/stats/3-calc-new.py
Wrote 28 rows with new columns to /home/ubuntu/apps/election-app/win_prob/H/MO/08/_work/2024_county_results_with_calcs_new.csv

$ /home/ubuntu/.venv/bin/python3 /home/ubuntu/apps/election-app/stats/4-stats.py
Reading 2024_county_results_with_calcs_new.csv...
Aggregating statewide totals...
Calculating percentages and margins...
Writing to output_statewide_stats.csv...
Done!
[2026-01-25 10:47:54] INFO: [PIPELINE] ENTER win-prob generation | states=['MO'] ts_list=['2024-11-05T15-30-22']

============================================================================
[01/1] STATE = MO
============================================================================

$ /home/ubuntu/.venv/bin/python3 /home/ubuntu/apps/election-app/stats/5-snapshots.py --state MO --input /home/ubuntu/apps/election-app/win_prob/H/MO/08/_work/output_statewide_stats.csv --output /home/ubuntu/apps/election-app/win_prob/H/MO/08/snapshots_MO.csv --start 2024-11-05T15-30-22 --end 2024-11-05T15-30-22 --use-window 1 --interval 30
Mode: windowed-one-state
Rows written: 28
Distinct states in output: MO
Rows per normalized timestamp (empty = unparseable):
  2024-11-05T15-30-22: 28
Wrote /home/ubuntu/apps/election-app/win_prob/H/MO/08/snapshots_MO.csv

$ /home/ubuntu/.venv/bin/python3 /home/ubuntu/apps/election-app/stats/6-pval.py /home/ubuntu/apps/election-app/win_prob/H/MO/08/snapshots_MO.csv -t /home/ubuntu/apps/election-app/stats/parameters.csv -o /home/ubuntu/apps/election-app/win_prob/H/MO/08/data_output_MO.csv -c 50
Done. Wrote: /home/ubuntu/apps/election-app/win_prob/H/MO/08/data_output_MO.csv
Total rows: 28 (chunked, resumable).
Computed columns for PVALS = [0.01, 0.1, 1, 2, 3, 5, 10, 15, 20, 25, 30, 35, 40, 45, 50, 55, 60, 65, 70, 75, 80, 85, 90, 95, 97, 98, 99, 99.9, 99.99]
Per p (leader): shift_{p}, margin_new_{p}, harris_percent_new_{p}, trump_percent_new_{p}, total_snapshot_{p}, total_expected_{p}, harris_votes_new_{p}, trump_votes_new_{p}
Per p (trailing): shift_trailing_{p}, margin_new_{p}_trailing, harris_percent_new_{p}_trailing, trump_percent_new_{p}_trailing, total_snapshot_{p}_trailing, total_expected_{p}_trailing, harris_votes_new_{p}_trailing, trump_votes_new_{p}_trailing
Checkpoint saved at: /home/ubuntu/apps/election-app/win_prob/H/MO/08/data_output_MO.csv.checkpoint.json

$ /home/ubuntu/.venv/bin/python3 /home/ubuntu/apps/election-app/stats/7-margin-new.py
Wrote data_output_with_margins_old.csv

$ /home/ubuntu/.venv/bin/python3 /home/ubuntu/apps/election-app/stats/7-eevp-statewide.py
Wrote data_output_with_margins.csv (copied from data_output_with_margins_old.csv)

$ /home/ubuntu/.venv/bin/python3 /home/ubuntu/apps/election-app/stats/7.py --input /home/ubuntu/apps/election-app/win_prob/H/MO/08/data_output_MO_with_margins_statewide_eevp.csv --output /home/ubuntu/apps/election-app/win_prob/H/MO/08/statewide_margin_pct_vs_percent_MO_2026.png --state MO --start 2024-11-05T15-30-22 --end 2024-11-05T15-30-22 --stats /home/ubuntu/apps/election-app/win_prob/H/MO/08/stats.csv --stats2 /home/ubuntu/apps/election-app/win_prob/H/MO/08/stats2.csv --interval 30 --year 2026 --jsonl /home/ubuntu/apps/election-app/win_prob/H/MO/08/plotdata_MO_2026_2026-01-25T10-47-44.jsonl
[info] evaluating 1 timestamps from 2024-11-05T15-30-22 to 2024-11-05T15-30-22 every 30 minutes
[saved] probs_timeseries_MO.csv  (1 points)
[saved] /home/ubuntu/apps/election-app/win_prob/H/MO/08/plotdata_MO_2026_2026-01-25T10-47-44.jsonl  (4 points)
[saved] /home/ubuntu/apps/election-app/win_prob/H/MO/08/statewide_margin_pct_vs_percent_MO_2026_box.json
[saved] /home/ubuntu/apps/election-app/win_prob/H/MO/08/statewide_margin_pct_vs_percent_MO_2026_box.png
[saved] /home/ubuntu/apps/election-app/win_prob/H/MO/08/statewide_margin_pct_vs_percent_MO_2026.png

All 50 states complete. See: /home/ubuntu/apps/election-app/win_prob/H/MO/08

$ /home/ubuntu/.venv/bin/python3 /home/ubuntu/apps/election-app/stats/8.py --root /home/ubuntu/apps/election-app/win_prob/H/MO/08/_work --outdir /home/ubuntu/apps/election-app/win_prob/H/MO/08
[info] root  = /home/ubuntu/apps/election-app/win_prob/H/MO/08/_work
[info] outdir= /home/ubuntu/apps/election-app/win_prob/H/MO/08
[deleted] /home/ubuntu/apps/election-app/win_prob/H/MO/08/_work/stats_with_statewide.csv
[deleted] /home/ubuntu/apps/election-app/win_prob/H/MO/08/_work/stats2_final_headers.csv
[deleted] /home/ubuntu/apps/election-app/win_prob/H/MO/08/_work/2024_county_results_with_final-old.csv
[deleted] /home/ubuntu/apps/election-app/win_prob/H/MO/08/_work/2024_county_results_with_final.csv
[deleted] /home/ubuntu/apps/election-app/win_prob/H/MO/08/_work/2024_county_results_with_final_1.csv
[deleted] /home/ubuntu/apps/election-app/win_prob/H/MO/08/_work/2024_county_results_with_calcs-old.csv
[deleted] /home/ubuntu/apps/election-app/win_prob/H/MO/08/_work/2024_county_results_with_calcs_new.csv
[deleted] /home/ubuntu/apps/election-app/win_prob/H/MO/08/_work/output_statewide_stats.csv
[skip]    /home/ubuntu/apps/election-app/win_prob/H/MO/08/_work/probs_timeseries_PA.csv
[deleted] /home/ubuntu/apps/election-app/win_prob/H/MO/08/_work/2024_county_results_with_calcs.csv
[skip]    /home/ubuntu/apps/election-app/win_prob/H/MO/08/data_output.csv
[skip]    /home/ubuntu/apps/election-app/win_prob/H/MO/08/data_output_with_margins_old.csv
[skip]    /home/ubuntu/apps/election-app/win_prob/H/MO/08/data_output_with_margins.csv
[skip]    /home/ubuntu/apps/election-app/win_prob/H/MO/08/data_output_with_margins-statewide.csv
[deleted] /home/ubuntu/apps/election-app/win_prob/H/MO/08/snapshots_MO.csv
[deleted] /home/ubuntu/apps/election-app/win_prob/H/MO/08/data_output_MO.csv
[deleted] /home/ubuntu/apps/election-app/win_prob/H/MO/08/data_output_MO_with_margins_statewide_eevp.csv
[deleted] /home/ubuntu/apps/election-app/win_prob/H/MO/08/data_output_MO_with_margins.csv
[deleted] /home/ubuntu/apps/election-app/win_prob/H/MO/08/data_output_MO.csv.checkpoint.json
[deleted] /home/ubuntu/apps/election-app/win_prob/H/MO/08/stats.csv
[deleted] /home/ubuntu/apps/election-app/win_prob/H/MO/08/stats2.csv
[done] removed 16 file(s)
[2026-01-25 10:54:48] INFO: [PIPELINE] args: office=H state=MO district=08
[2026-01-25 10:54:48] INFO: [PIPELINE] WINPROB_DIR resolved to: /home/ubuntu/apps/election-app/win_prob/H/MO/08
[2026-01-25 10:54:48] INFO: [PIPELINE] OUTDIR set to: /home/ubuntu/apps/election-app/win_prob/H/MO/08

$ /home/ubuntu/.venv/bin/python3 /home/ubuntu/apps/election-app/stats/1-statewide.py --input /home/ubuntu/apps/election-app/win_prob/H/MO/08/stats.csv --output /home/ubuntu/apps/election-app/win_prob/H/MO/08/_work/stats_with_statewide.csv
Wrote /home/ubuntu/apps/election-app/win_prob/H/MO/08/_work/stats_with_statewide.csv (rows=28)

$ /home/ubuntu/.venv/bin/python3 /home/ubuntu/apps/election-app/stats/1-stats-2.py --input /home/ubuntu/apps/election-app/win_prob/H/MO/08/stats2.csv --output /home/ubuntu/apps/election-app/win_prob/H/MO/08/_work/stats2_final_headers.csv
Wrote /home/ubuntu/apps/election-app/win_prob/H/MO/08/_work/stats2_final_headers.csv (rows=28)

$ /home/ubuntu/.venv/bin/python3 /home/ubuntu/apps/election-app/stats/1-append-new.py
Wrote 2024_county_results_with_final-old.csv (rows=28, missing_final_matches=0)

$ /home/ubuntu/.venv/bin/python3 /home/ubuntu/apps/election-app/stats/1-change_header.py
Wrote: 2024_county_results_with_final.csv

$ /home/ubuntu/.venv/bin/python3 /home/ubuntu/apps/election-app/stats/1-cut-zero-fips.py
Wrote: 2024_county_results_with_final_1.csv
Rows before: 28
Rows after:  28
Dropped (fips == 0): 0

$ /home/ubuntu/.venv/bin/python3 /home/ubuntu/apps/election-app/stats/2-calc.py
Wrote 28 rows with calculations to /home/ubuntu/apps/election-app/win_prob/H/MO/08/_work/2024_county_results_with_calcs-old.csv

$ /home/ubuntu/.venv/bin/python3 /home/ubuntu/apps/election-app/stats/2-eevp.py
Wrote (no-op copy): 2024_county_results_with_calcs.csv
Columns:
 - timestamp
 - state
 - county
 - fips
 - trump_votes
 - harris_votes
 - other_votes
 - eevp
 - state_eevp
 - harris_votes_statewide
 - trump_votes_statewide
 - other_votes_statewide
 - final_state
 - final_county
 - final_fips
 - final_trump_votes
 - final_harris_votes
 - final_other_votes
 - harris_percent_snapshot
 - trump_percent_snapshot
 - margin_snapshot
 - harris_percent_final
 - trump_percent_final
 - margin_final
 - margin_difference
 - margin_difference_abs

$ /home/ubuntu/.venv/bin/python3 /home/ubuntu/apps/election-app/stats/3-calc-new.py
Wrote 28 rows with new columns to /home/ubuntu/apps/election-app/win_prob/H/MO/08/_work/2024_county_results_with_calcs_new.csv

$ /home/ubuntu/.venv/bin/python3 /home/ubuntu/apps/election-app/stats/4-stats.py
Reading 2024_county_results_with_calcs_new.csv...
Aggregating statewide totals...
Calculating percentages and margins...
Writing to output_statewide_stats.csv...
Done!
[2026-01-25 10:54:57] INFO: [PIPELINE] ENTER win-prob generation | states=['MO'] ts_list=['2024-11-05T15-30-22']

============================================================================
[01/1] STATE = MO
============================================================================

$ /home/ubuntu/.venv/bin/python3 /home/ubuntu/apps/election-app/stats/5-snapshots.py --state MO --input /home/ubuntu/apps/election-app/win_prob/H/MO/08/_work/output_statewide_stats.csv --output /home/ubuntu/apps/election-app/win_prob/H/MO/08/snapshots_MO.csv --start 2024-11-05T15-30-22 --end 2024-11-05T15-30-22 --use-window 1 --interval 30
Mode: windowed-one-state
Rows written: 28
Distinct states in output: MO
Rows per normalized timestamp (empty = unparseable):
  2024-11-05T15-30-22: 28
Wrote /home/ubuntu/apps/election-app/win_prob/H/MO/08/snapshots_MO.csv

$ /home/ubuntu/.venv/bin/python3 /home/ubuntu/apps/election-app/stats/6-pval.py /home/ubuntu/apps/election-app/win_prob/H/MO/08/snapshots_MO.csv -t /home/ubuntu/apps/election-app/stats/parameters.csv -o /home/ubuntu/apps/election-app/win_prob/H/MO/08/data_output_MO.csv -c 50
Done. Wrote: /home/ubuntu/apps/election-app/win_prob/H/MO/08/data_output_MO.csv
Total rows: 28 (chunked, resumable).
Computed columns for PVALS = [0.01, 0.1, 1, 2, 3, 5, 10, 15, 20, 25, 30, 35, 40, 45, 50, 55, 60, 65, 70, 75, 80, 85, 90, 95, 97, 98, 99, 99.9, 99.99]
Per p (leader): shift_{p}, margin_new_{p}, harris_percent_new_{p}, trump_percent_new_{p}, total_snapshot_{p}, total_expected_{p}, harris_votes_new_{p}, trump_votes_new_{p}
Per p (trailing): shift_trailing_{p}, margin_new_{p}_trailing, harris_percent_new_{p}_trailing, trump_percent_new_{p}_trailing, total_snapshot_{p}_trailing, total_expected_{p}_trailing, harris_votes_new_{p}_trailing, trump_votes_new_{p}_trailing
Checkpoint saved at: /home/ubuntu/apps/election-app/win_prob/H/MO/08/data_output_MO.csv.checkpoint.json

$ /home/ubuntu/.venv/bin/python3 /home/ubuntu/apps/election-app/stats/7-margin-new.py
Wrote data_output_with_margins_old.csv

$ /home/ubuntu/.venv/bin/python3 /home/ubuntu/apps/election-app/stats/7-eevp-statewide.py
Wrote data_output_with_margins.csv (copied from data_output_with_margins_old.csv)

$ /home/ubuntu/.venv/bin/python3 /home/ubuntu/apps/election-app/stats/7.py --input /home/ubuntu/apps/election-app/win_prob/H/MO/08/data_output_MO_with_margins_statewide_eevp.csv --output /home/ubuntu/apps/election-app/win_prob/H/MO/08/statewide_margin_pct_vs_percent_MO_2026.png --state MO --start 2024-11-05T15-30-22 --end 2024-11-05T15-30-22 --stats /home/ubuntu/apps/election-app/win_prob/H/MO/08/stats.csv --stats2 /home/ubuntu/apps/election-app/win_prob/H/MO/08/stats2.csv --interval 30 --year 2026 --jsonl /home/ubuntu/apps/election-app/win_prob/H/MO/08/plotdata_MO_2026_2026-01-25T10-54-48.jsonl
[info] evaluating 1 timestamps from 2024-11-05T15-30-22 to 2024-11-05T15-30-22 every 30 minutes
[saved] probs_timeseries_MO.csv  (1 points)
[saved] /home/ubuntu/apps/election-app/win_prob/H/MO/08/plotdata_MO_2026_2026-01-25T10-54-48.jsonl  (4 points)
[saved] /home/ubuntu/apps/election-app/win_prob/H/MO/08/statewide_margin_pct_vs_percent_MO_2026_box.json
[saved] /home/ubuntu/apps/election-app/win_prob/H/MO/08/statewide_margin_pct_vs_percent_MO_2026_box.png
[saved] /home/ubuntu/apps/election-app/win_prob/H/MO/08/statewide_margin_pct_vs_percent_MO_2026.png

All 50 states complete. See: /home/ubuntu/apps/election-app/win_prob/H/MO/08

$ /home/ubuntu/.venv/bin/python3 /home/ubuntu/apps/election-app/stats/8.py --root /home/ubuntu/apps/election-app/win_prob/H/MO/08/_work --outdir /home/ubuntu/apps/election-app/win_prob/H/MO/08
[info] root  = /home/ubuntu/apps/election-app/win_prob/H/MO/08/_work
[info] outdir= /home/ubuntu/apps/election-app/win_prob/H/MO/08
[deleted] /home/ubuntu/apps/election-app/win_prob/H/MO/08/_work/stats_with_statewide.csv
[deleted] /home/ubuntu/apps/election-app/win_prob/H/MO/08/_work/stats2_final_headers.csv
[deleted] /home/ubuntu/apps/election-app/win_prob/H/MO/08/_work/2024_county_results_with_final-old.csv
[deleted] /home/ubuntu/apps/election-app/win_prob/H/MO/08/_work/2024_county_results_with_final.csv
[deleted] /home/ubuntu/apps/election-app/win_prob/H/MO/08/_work/2024_county_results_with_final_1.csv
[deleted] /home/ubuntu/apps/election-app/win_prob/H/MO/08/_work/2024_county_results_with_calcs-old.csv
[deleted] /home/ubuntu/apps/election-app/win_prob/H/MO/08/_work/2024_county_results_with_calcs_new.csv
[deleted] /home/ubuntu/apps/election-app/win_prob/H/MO/08/_work/output_statewide_stats.csv
[skip]    /home/ubuntu/apps/election-app/win_prob/H/MO/08/_work/probs_timeseries_PA.csv
[deleted] /home/ubuntu/apps/election-app/win_prob/H/MO/08/_work/2024_county_results_with_calcs.csv
[skip]    /home/ubuntu/apps/election-app/win_prob/H/MO/08/data_output.csv
[skip]    /home/ubuntu/apps/election-app/win_prob/H/MO/08/data_output_with_margins_old.csv
[skip]    /home/ubuntu/apps/election-app/win_prob/H/MO/08/data_output_with_margins.csv
[skip]    /home/ubuntu/apps/election-app/win_prob/H/MO/08/data_output_with_margins-statewide.csv
[deleted] /home/ubuntu/apps/election-app/win_prob/H/MO/08/snapshots_MO.csv
[deleted] /home/ubuntu/apps/election-app/win_prob/H/MO/08/data_output_MO.csv
[deleted] /home/ubuntu/apps/election-app/win_prob/H/MO/08/data_output_MO_with_margins_statewide_eevp.csv
[deleted] /home/ubuntu/apps/election-app/win_prob/H/MO/08/data_output_MO_with_margins.csv
[deleted] /home/ubuntu/apps/election-app/win_prob/H/MO/08/data_output_MO.csv.checkpoint.json
[deleted] /home/ubuntu/apps/election-app/win_prob/H/MO/08/stats.csv
[deleted] /home/ubuntu/apps/election-app/win_prob/H/MO/08/stats2.csv
[done] removed 16 file(s)
[2026-01-25 11:01:49] INFO: [PIPELINE] args: office=H state=MO district=08
[2026-01-25 11:01:49] INFO: [PIPELINE] WINPROB_DIR resolved to: /home/ubuntu/apps/election-app/win_prob/H/MO/08
[2026-01-25 11:01:49] INFO: [PIPELINE] OUTDIR set to: /home/ubuntu/apps/election-app/win_prob/H/MO/08

$ /home/ubuntu/.venv/bin/python3 /home/ubuntu/apps/election-app/stats/1-statewide.py --input /home/ubuntu/apps/election-app/win_prob/H/MO/08/stats.csv --output /home/ubuntu/apps/election-app/win_prob/H/MO/08/_work/stats_with_statewide.csv
Wrote /home/ubuntu/apps/election-app/win_prob/H/MO/08/_work/stats_with_statewide.csv (rows=28)

$ /home/ubuntu/.venv/bin/python3 /home/ubuntu/apps/election-app/stats/1-stats-2.py --input /home/ubuntu/apps/election-app/win_prob/H/MO/08/stats2.csv --output /home/ubuntu/apps/election-app/win_prob/H/MO/08/_work/stats2_final_headers.csv
Wrote /home/ubuntu/apps/election-app/win_prob/H/MO/08/_work/stats2_final_headers.csv (rows=28)

$ /home/ubuntu/.venv/bin/python3 /home/ubuntu/apps/election-app/stats/1-append-new.py
Wrote 2024_county_results_with_final-old.csv (rows=28, missing_final_matches=0)

$ /home/ubuntu/.venv/bin/python3 /home/ubuntu/apps/election-app/stats/1-change_header.py
Wrote: 2024_county_results_with_final.csv

$ /home/ubuntu/.venv/bin/python3 /home/ubuntu/apps/election-app/stats/1-cut-zero-fips.py
Wrote: 2024_county_results_with_final_1.csv
Rows before: 28
Rows after:  28
Dropped (fips == 0): 0

$ /home/ubuntu/.venv/bin/python3 /home/ubuntu/apps/election-app/stats/2-calc.py
Wrote 28 rows with calculations to /home/ubuntu/apps/election-app/win_prob/H/MO/08/_work/2024_county_results_with_calcs-old.csv

$ /home/ubuntu/.venv/bin/python3 /home/ubuntu/apps/election-app/stats/2-eevp.py
Wrote (no-op copy): 2024_county_results_with_calcs.csv
Columns:
 - timestamp
 - state
 - county
 - fips
 - trump_votes
 - harris_votes
 - other_votes
 - eevp
 - state_eevp
 - harris_votes_statewide
 - trump_votes_statewide
 - other_votes_statewide
 - final_state
 - final_county
 - final_fips
 - final_trump_votes
 - final_harris_votes
 - final_other_votes
 - harris_percent_snapshot
 - trump_percent_snapshot
 - margin_snapshot
 - harris_percent_final
 - trump_percent_final
 - margin_final
 - margin_difference
 - margin_difference_abs

$ /home/ubuntu/.venv/bin/python3 /home/ubuntu/apps/election-app/stats/3-calc-new.py
Wrote 28 rows with new columns to /home/ubuntu/apps/election-app/win_prob/H/MO/08/_work/2024_county_results_with_calcs_new.csv

$ /home/ubuntu/.venv/bin/python3 /home/ubuntu/apps/election-app/stats/4-stats.py
Reading 2024_county_results_with_calcs_new.csv...
Aggregating statewide totals...
Calculating percentages and margins...
Writing to output_statewide_stats.csv...
Done!
[2026-01-25 11:01:58] INFO: [PIPELINE] ENTER win-prob generation | states=['MO'] ts_list=['2024-11-05T15-30-22']

============================================================================
[01/1] STATE = MO
============================================================================

$ /home/ubuntu/.venv/bin/python3 /home/ubuntu/apps/election-app/stats/5-snapshots.py --state MO --input /home/ubuntu/apps/election-app/win_prob/H/MO/08/_work/output_statewide_stats.csv --output /home/ubuntu/apps/election-app/win_prob/H/MO/08/snapshots_MO.csv --start 2024-11-05T15-30-22 --end 2024-11-05T15-30-22 --use-window 1 --interval 30
Mode: windowed-one-state
Rows written: 28
Distinct states in output: MO
Rows per normalized timestamp (empty = unparseable):
  2024-11-05T15-30-22: 28
Wrote /home/ubuntu/apps/election-app/win_prob/H/MO/08/snapshots_MO.csv

$ /home/ubuntu/.venv/bin/python3 /home/ubuntu/apps/election-app/stats/6-pval.py /home/ubuntu/apps/election-app/win_prob/H/MO/08/snapshots_MO.csv -t /home/ubuntu/apps/election-app/stats/parameters.csv -o /home/ubuntu/apps/election-app/win_prob/H/MO/08/data_output_MO.csv -c 50
Done. Wrote: /home/ubuntu/apps/election-app/win_prob/H/MO/08/data_output_MO.csv
Total rows: 28 (chunked, resumable).
Computed columns for PVALS = [0.01, 0.1, 1, 2, 3, 5, 10, 15, 20, 25, 30, 35, 40, 45, 50, 55, 60, 65, 70, 75, 80, 85, 90, 95, 97, 98, 99, 99.9, 99.99]
Per p (leader): shift_{p}, margin_new_{p}, harris_percent_new_{p}, trump_percent_new_{p}, total_snapshot_{p}, total_expected_{p}, harris_votes_new_{p}, trump_votes_new_{p}
Per p (trailing): shift_trailing_{p}, margin_new_{p}_trailing, harris_percent_new_{p}_trailing, trump_percent_new_{p}_trailing, total_snapshot_{p}_trailing, total_expected_{p}_trailing, harris_votes_new_{p}_trailing, trump_votes_new_{p}_trailing
Checkpoint saved at: /home/ubuntu/apps/election-app/win_prob/H/MO/08/data_output_MO.csv.checkpoint.json

$ /home/ubuntu/.venv/bin/python3 /home/ubuntu/apps/election-app/stats/7-margin-new.py
Wrote data_output_with_margins_old.csv

$ /home/ubuntu/.venv/bin/python3 /home/ubuntu/apps/election-app/stats/7-eevp-statewide.py
Wrote data_output_with_margins.csv (copied from data_output_with_margins_old.csv)

$ /home/ubuntu/.venv/bin/python3 /home/ubuntu/apps/election-app/stats/7.py --input /home/ubuntu/apps/election-app/win_prob/H/MO/08/data_output_MO_with_margins_statewide_eevp.csv --output /home/ubuntu/apps/election-app/win_prob/H/MO/08/statewide_margin_pct_vs_percent_MO_2026.png --state MO --start 2024-11-05T15-30-22 --end 2024-11-05T15-30-22 --stats /home/ubuntu/apps/election-app/win_prob/H/MO/08/stats.csv --stats2 /home/ubuntu/apps/election-app/win_prob/H/MO/08/stats2.csv --interval 30 --year 2026 --jsonl /home/ubuntu/apps/election-app/win_prob/H/MO/08/plotdata_MO_2026_2026-01-25T11-01-49.jsonl
[info] evaluating 1 timestamps from 2024-11-05T15-30-22 to 2024-11-05T15-30-22 every 30 minutes
[saved] probs_timeseries_MO.csv  (1 points)
[saved] /home/ubuntu/apps/election-app/win_prob/H/MO/08/plotdata_MO_2026_2026-01-25T11-01-49.jsonl  (4 points)
[saved] /home/ubuntu/apps/election-app/win_prob/H/MO/08/statewide_margin_pct_vs_percent_MO_2026_box.json
[saved] /home/ubuntu/apps/election-app/win_prob/H/MO/08/statewide_margin_pct_vs_percent_MO_2026_box.png
[saved] /home/ubuntu/apps/election-app/win_prob/H/MO/08/statewide_margin_pct_vs_percent_MO_2026.png

All 50 states complete. See: /home/ubuntu/apps/election-app/win_prob/H/MO/08

$ /home/ubuntu/.venv/bin/python3 /home/ubuntu/apps/election-app/stats/8.py --root /home/ubuntu/apps/election-app/win_prob/H/MO/08/_work --outdir /home/ubuntu/apps/election-app/win_prob/H/MO/08
[info] root  = /home/ubuntu/apps/election-app/win_prob/H/MO/08/_work
[info] outdir= /home/ubuntu/apps/election-app/win_prob/H/MO/08
[deleted] /home/ubuntu/apps/election-app/win_prob/H/MO/08/_work/stats_with_statewide.csv
[deleted] /home/ubuntu/apps/election-app/win_prob/H/MO/08/_work/stats2_final_headers.csv
[deleted] /home/ubuntu/apps/election-app/win_prob/H/MO/08/_work/2024_county_results_with_final-old.csv
[deleted] /home/ubuntu/apps/election-app/win_prob/H/MO/08/_work/2024_county_results_with_final.csv
[deleted] /home/ubuntu/apps/election-app/win_prob/H/MO/08/_work/2024_county_results_with_final_1.csv
[deleted] /home/ubuntu/apps/election-app/win_prob/H/MO/08/_work/2024_county_results_with_calcs-old.csv
[deleted] /home/ubuntu/apps/election-app/win_prob/H/MO/08/_work/2024_county_results_with_calcs_new.csv
[deleted] /home/ubuntu/apps/election-app/win_prob/H/MO/08/_work/output_statewide_stats.csv
[skip]    /home/ubuntu/apps/election-app/win_prob/H/MO/08/_work/probs_timeseries_PA.csv
[deleted] /home/ubuntu/apps/election-app/win_prob/H/MO/08/_work/2024_county_results_with_calcs.csv
[skip]    /home/ubuntu/apps/election-app/win_prob/H/MO/08/data_output.csv
[skip]    /home/ubuntu/apps/election-app/win_prob/H/MO/08/data_output_with_margins_old.csv
[skip]    /home/ubuntu/apps/election-app/win_prob/H/MO/08/data_output_with_margins.csv
[skip]    /home/ubuntu/apps/election-app/win_prob/H/MO/08/data_output_with_margins-statewide.csv
[deleted] /home/ubuntu/apps/election-app/win_prob/H/MO/08/snapshots_MO.csv
[deleted] /home/ubuntu/apps/election-app/win_prob/H/MO/08/data_output_MO.csv
[deleted] /home/ubuntu/apps/election-app/win_prob/H/MO/08/data_output_MO_with_margins_statewide_eevp.csv
[deleted] /home/ubuntu/apps/election-app/win_prob/H/MO/08/data_output_MO_with_margins.csv
[deleted] /home/ubuntu/apps/election-app/win_prob/H/MO/08/data_output_MO.csv.checkpoint.json
[deleted] /home/ubuntu/apps/election-app/win_prob/H/MO/08/stats.csv
[deleted] /home/ubuntu/apps/election-app/win_prob/H/MO/08/stats2.csv
[done] removed 16 file(s)
[2026-01-25 11:08:56] INFO: [PIPELINE] args: office=H state=MO district=08
[2026-01-25 11:08:56] INFO: [PIPELINE] WINPROB_DIR resolved to: /home/ubuntu/apps/election-app/win_prob/H/MO/08
[2026-01-25 11:08:56] INFO: [PIPELINE] OUTDIR set to: /home/ubuntu/apps/election-app/win_prob/H/MO/08

$ /home/ubuntu/.venv/bin/python3 /home/ubuntu/apps/election-app/stats/1-statewide.py --input /home/ubuntu/apps/election-app/win_prob/H/MO/08/stats.csv --output /home/ubuntu/apps/election-app/win_prob/H/MO/08/_work/stats_with_statewide.csv
Wrote /home/ubuntu/apps/election-app/win_prob/H/MO/08/_work/stats_with_statewide.csv (rows=28)

$ /home/ubuntu/.venv/bin/python3 /home/ubuntu/apps/election-app/stats/1-stats-2.py --input /home/ubuntu/apps/election-app/win_prob/H/MO/08/stats2.csv --output /home/ubuntu/apps/election-app/win_prob/H/MO/08/_work/stats2_final_headers.csv
Wrote /home/ubuntu/apps/election-app/win_prob/H/MO/08/_work/stats2_final_headers.csv (rows=28)

$ /home/ubuntu/.venv/bin/python3 /home/ubuntu/apps/election-app/stats/1-append-new.py
Wrote 2024_county_results_with_final-old.csv (rows=28, missing_final_matches=0)

$ /home/ubuntu/.venv/bin/python3 /home/ubuntu/apps/election-app/stats/1-change_header.py
Wrote: 2024_county_results_with_final.csv

$ /home/ubuntu/.venv/bin/python3 /home/ubuntu/apps/election-app/stats/1-cut-zero-fips.py
Wrote: 2024_county_results_with_final_1.csv
Rows before: 28
Rows after:  28
Dropped (fips == 0): 0

$ /home/ubuntu/.venv/bin/python3 /home/ubuntu/apps/election-app/stats/2-calc.py
Wrote 28 rows with calculations to /home/ubuntu/apps/election-app/win_prob/H/MO/08/_work/2024_county_results_with_calcs-old.csv

$ /home/ubuntu/.venv/bin/python3 /home/ubuntu/apps/election-app/stats/2-eevp.py
Wrote (no-op copy): 2024_county_results_with_calcs.csv
Columns:
 - timestamp
 - state
 - county
 - fips
 - trump_votes
 - harris_votes
 - other_votes
 - eevp
 - state_eevp
 - harris_votes_statewide
 - trump_votes_statewide
 - other_votes_statewide
 - final_state
 - final_county
 - final_fips
 - final_trump_votes
 - final_harris_votes
 - final_other_votes
 - harris_percent_snapshot
 - trump_percent_snapshot
 - margin_snapshot
 - harris_percent_final
 - trump_percent_final
 - margin_final
 - margin_difference
 - margin_difference_abs

$ /home/ubuntu/.venv/bin/python3 /home/ubuntu/apps/election-app/stats/3-calc-new.py
Wrote 28 rows with new columns to /home/ubuntu/apps/election-app/win_prob/H/MO/08/_work/2024_county_results_with_calcs_new.csv

$ /home/ubuntu/.venv/bin/python3 /home/ubuntu/apps/election-app/stats/4-stats.py
Reading 2024_county_results_with_calcs_new.csv...
Aggregating statewide totals...
Calculating percentages and margins...
Writing to output_statewide_stats.csv...
Done!
[2026-01-25 11:09:05] INFO: [PIPELINE] ENTER win-prob generation | states=['MO'] ts_list=['2024-11-05T15-30-22']

============================================================================
[01/1] STATE = MO
============================================================================

$ /home/ubuntu/.venv/bin/python3 /home/ubuntu/apps/election-app/stats/5-snapshots.py --state MO --input /home/ubuntu/apps/election-app/win_prob/H/MO/08/_work/output_statewide_stats.csv --output /home/ubuntu/apps/election-app/win_prob/H/MO/08/snapshots_MO.csv --start 2024-11-05T15-30-22 --end 2024-11-05T15-30-22 --use-window 1 --interval 30
Mode: windowed-one-state
Rows written: 28
Distinct states in output: MO
Rows per normalized timestamp (empty = unparseable):
  2024-11-05T15-30-22: 28
Wrote /home/ubuntu/apps/election-app/win_prob/H/MO/08/snapshots_MO.csv

$ /home/ubuntu/.venv/bin/python3 /home/ubuntu/apps/election-app/stats/6-pval.py /home/ubuntu/apps/election-app/win_prob/H/MO/08/snapshots_MO.csv -t /home/ubuntu/apps/election-app/stats/parameters.csv -o /home/ubuntu/apps/election-app/win_prob/H/MO/08/data_output_MO.csv -c 50
Done. Wrote: /home/ubuntu/apps/election-app/win_prob/H/MO/08/data_output_MO.csv
Total rows: 28 (chunked, resumable).
Computed columns for PVALS = [0.01, 0.1, 1, 2, 3, 5, 10, 15, 20, 25, 30, 35, 40, 45, 50, 55, 60, 65, 70, 75, 80, 85, 90, 95, 97, 98, 99, 99.9, 99.99]
Per p (leader): shift_{p}, margin_new_{p}, harris_percent_new_{p}, trump_percent_new_{p}, total_snapshot_{p}, total_expected_{p}, harris_votes_new_{p}, trump_votes_new_{p}
Per p (trailing): shift_trailing_{p}, margin_new_{p}_trailing, harris_percent_new_{p}_trailing, trump_percent_new_{p}_trailing, total_snapshot_{p}_trailing, total_expected_{p}_trailing, harris_votes_new_{p}_trailing, trump_votes_new_{p}_trailing
Checkpoint saved at: /home/ubuntu/apps/election-app/win_prob/H/MO/08/data_output_MO.csv.checkpoint.json

$ /home/ubuntu/.venv/bin/python3 /home/ubuntu/apps/election-app/stats/7-margin-new.py
Wrote data_output_with_margins_old.csv

$ /home/ubuntu/.venv/bin/python3 /home/ubuntu/apps/election-app/stats/7-eevp-statewide.py
Wrote data_output_with_margins.csv (copied from data_output_with_margins_old.csv)

$ /home/ubuntu/.venv/bin/python3 /home/ubuntu/apps/election-app/stats/7.py --input /home/ubuntu/apps/election-app/win_prob/H/MO/08/data_output_MO_with_margins_statewide_eevp.csv --output /home/ubuntu/apps/election-app/win_prob/H/MO/08/statewide_margin_pct_vs_percent_MO_2026.png --state MO --start 2024-11-05T15-30-22 --end 2024-11-05T15-30-22 --stats /home/ubuntu/apps/election-app/win_prob/H/MO/08/stats.csv --stats2 /home/ubuntu/apps/election-app/win_prob/H/MO/08/stats2.csv --interval 30 --year 2026 --jsonl /home/ubuntu/apps/election-app/win_prob/H/MO/08/plotdata_MO_2026_2026-01-25T11-08-56.jsonl
[info] evaluating 1 timestamps from 2024-11-05T15-30-22 to 2024-11-05T15-30-22 every 30 minutes
[saved] probs_timeseries_MO.csv  (1 points)
[saved] /home/ubuntu/apps/election-app/win_prob/H/MO/08/plotdata_MO_2026_2026-01-25T11-08-56.jsonl  (4 points)
[saved] /home/ubuntu/apps/election-app/win_prob/H/MO/08/statewide_margin_pct_vs_percent_MO_2026_box.json
[saved] /home/ubuntu/apps/election-app/win_prob/H/MO/08/statewide_margin_pct_vs_percent_MO_2026_box.png
[saved] /home/ubuntu/apps/election-app/win_prob/H/MO/08/statewide_margin_pct_vs_percent_MO_2026.png

All 50 states complete. See: /home/ubuntu/apps/election-app/win_prob/H/MO/08

$ /home/ubuntu/.venv/bin/python3 /home/ubuntu/apps/election-app/stats/8.py --root /home/ubuntu/apps/election-app/win_prob/H/MO/08/_work --outdir /home/ubuntu/apps/election-app/win_prob/H/MO/08
[info] root  = /home/ubuntu/apps/election-app/win_prob/H/MO/08/_work
[info] outdir= /home/ubuntu/apps/election-app/win_prob/H/MO/08
[deleted] /home/ubuntu/apps/election-app/win_prob/H/MO/08/_work/stats_with_statewide.csv
[deleted] /home/ubuntu/apps/election-app/win_prob/H/MO/08/_work/stats2_final_headers.csv
[deleted] /home/ubuntu/apps/election-app/win_prob/H/MO/08/_work/2024_county_results_with_final-old.csv
[deleted] /home/ubuntu/apps/election-app/win_prob/H/MO/08/_work/2024_county_results_with_final.csv
[deleted] /home/ubuntu/apps/election-app/win_prob/H/MO/08/_work/2024_county_results_with_final_1.csv
[deleted] /home/ubuntu/apps/election-app/win_prob/H/MO/08/_work/2024_county_results_with_calcs-old.csv
[deleted] /home/ubuntu/apps/election-app/win_prob/H/MO/08/_work/2024_county_results_with_calcs_new.csv
[deleted] /home/ubuntu/apps/election-app/win_prob/H/MO/08/_work/output_statewide_stats.csv
[skip]    /home/ubuntu/apps/election-app/win_prob/H/MO/08/_work/probs_timeseries_PA.csv
[deleted] /home/ubuntu/apps/election-app/win_prob/H/MO/08/_work/2024_county_results_with_calcs.csv
[skip]    /home/ubuntu/apps/election-app/win_prob/H/MO/08/data_output.csv
[skip]    /home/ubuntu/apps/election-app/win_prob/H/MO/08/data_output_with_margins_old.csv
[skip]    /home/ubuntu/apps/election-app/win_prob/H/MO/08/data_output_with_margins.csv
[skip]    /home/ubuntu/apps/election-app/win_prob/H/MO/08/data_output_with_margins-statewide.csv
[deleted] /home/ubuntu/apps/election-app/win_prob/H/MO/08/snapshots_MO.csv
[deleted] /home/ubuntu/apps/election-app/win_prob/H/MO/08/data_output_MO.csv
[deleted] /home/ubuntu/apps/election-app/win_prob/H/MO/08/data_output_MO_with_margins_statewide_eevp.csv
[deleted] /home/ubuntu/apps/election-app/win_prob/H/MO/08/data_output_MO_with_margins.csv
[deleted] /home/ubuntu/apps/election-app/win_prob/H/MO/08/data_output_MO.csv.checkpoint.json
[deleted] /home/ubuntu/apps/election-app/win_prob/H/MO/08/stats.csv
[deleted] /home/ubuntu/apps/election-app/win_prob/H/MO/08/stats2.csv
[done] removed 16 file(s)
[2026-01-25 11:15:12] INFO: [PIPELINE] args: office=H state=MO district=08
[2026-01-25 11:15:12] INFO: [PIPELINE] WINPROB_DIR resolved to: /home/ubuntu/apps/election-app/win_prob/H/MO/08
[2026-01-25 11:15:12] INFO: [PIPELINE] OUTDIR set to: /home/ubuntu/apps/election-app/win_prob/H/MO/08

$ /home/ubuntu/.venv/bin/python3 /home/ubuntu/apps/election-app/stats/1-statewide.py --input /home/ubuntu/apps/election-app/win_prob/H/MO/08/stats.csv --output /home/ubuntu/apps/election-app/win_prob/H/MO/08/_work/stats_with_statewide.csv
Wrote /home/ubuntu/apps/election-app/win_prob/H/MO/08/_work/stats_with_statewide.csv (rows=28)

$ /home/ubuntu/.venv/bin/python3 /home/ubuntu/apps/election-app/stats/1-stats-2.py --input /home/ubuntu/apps/election-app/win_prob/H/MO/08/stats2.csv --output /home/ubuntu/apps/election-app/win_prob/H/MO/08/_work/stats2_final_headers.csv
Wrote /home/ubuntu/apps/election-app/win_prob/H/MO/08/_work/stats2_final_headers.csv (rows=28)

$ /home/ubuntu/.venv/bin/python3 /home/ubuntu/apps/election-app/stats/1-append-new.py
Wrote 2024_county_results_with_final-old.csv (rows=28, missing_final_matches=0)

$ /home/ubuntu/.venv/bin/python3 /home/ubuntu/apps/election-app/stats/1-change_header.py
Wrote: 2024_county_results_with_final.csv

$ /home/ubuntu/.venv/bin/python3 /home/ubuntu/apps/election-app/stats/1-cut-zero-fips.py
Wrote: 2024_county_results_with_final_1.csv
Rows before: 28
Rows after:  28
Dropped (fips == 0): 0

$ /home/ubuntu/.venv/bin/python3 /home/ubuntu/apps/election-app/stats/2-calc.py
Wrote 28 rows with calculations to /home/ubuntu/apps/election-app/win_prob/H/MO/08/_work/2024_county_results_with_calcs-old.csv

$ /home/ubuntu/.venv/bin/python3 /home/ubuntu/apps/election-app/stats/2-eevp.py
Wrote (no-op copy): 2024_county_results_with_calcs.csv
Columns:
 - timestamp
 - state
 - county
 - fips
 - trump_votes
 - harris_votes
 - other_votes
 - eevp
 - state_eevp
 - harris_votes_statewide
 - trump_votes_statewide
 - other_votes_statewide
 - final_state
 - final_county
 - final_fips
 - final_trump_votes
 - final_harris_votes
 - final_other_votes
 - harris_percent_snapshot
 - trump_percent_snapshot
 - margin_snapshot
 - harris_percent_final
 - trump_percent_final
 - margin_final
 - margin_difference
 - margin_difference_abs

$ /home/ubuntu/.venv/bin/python3 /home/ubuntu/apps/election-app/stats/3-calc-new.py
Wrote 28 rows with new columns to /home/ubuntu/apps/election-app/win_prob/H/MO/08/_work/2024_county_results_with_calcs_new.csv

$ /home/ubuntu/.venv/bin/python3 /home/ubuntu/apps/election-app/stats/4-stats.py
Reading 2024_county_results_with_calcs_new.csv...
Aggregating statewide totals...
Calculating percentages and margins...
Writing to output_statewide_stats.csv...
Done!
[2026-01-25 11:15:24] INFO: [PIPELINE] ENTER win-prob generation | states=['MO'] ts_list=['2024-11-05T15-30-22']

============================================================================
[01/1] STATE = MO
============================================================================

$ /home/ubuntu/.venv/bin/python3 /home/ubuntu/apps/election-app/stats/5-snapshots.py --state MO --input /home/ubuntu/apps/election-app/win_prob/H/MO/08/_work/output_statewide_stats.csv --output /home/ubuntu/apps/election-app/win_prob/H/MO/08/snapshots_MO.csv --start 2024-11-05T15-30-22 --end 2024-11-05T15-30-22 --use-window 1 --interval 30
Mode: windowed-one-state
Rows written: 28
Distinct states in output: MO
Rows per normalized timestamp (empty = unparseable):
  2024-11-05T15-30-22: 28
Wrote /home/ubuntu/apps/election-app/win_prob/H/MO/08/snapshots_MO.csv

$ /home/ubuntu/.venv/bin/python3 /home/ubuntu/apps/election-app/stats/6-pval.py /home/ubuntu/apps/election-app/win_prob/H/MO/08/snapshots_MO.csv -t /home/ubuntu/apps/election-app/stats/parameters.csv -o /home/ubuntu/apps/election-app/win_prob/H/MO/08/data_output_MO.csv -c 50
Done. Wrote: /home/ubuntu/apps/election-app/win_prob/H/MO/08/data_output_MO.csv
Total rows: 28 (chunked, resumable).
Computed columns for PVALS = [0.01, 0.1, 1, 2, 3, 5, 10, 15, 20, 25, 30, 35, 40, 45, 50, 55, 60, 65, 70, 75, 80, 85, 90, 95, 97, 98, 99, 99.9, 99.99]
Per p (leader): shift_{p}, margin_new_{p}, harris_percent_new_{p}, trump_percent_new_{p}, total_snapshot_{p}, total_expected_{p}, harris_votes_new_{p}, trump_votes_new_{p}
Per p (trailing): shift_trailing_{p}, margin_new_{p}_trailing, harris_percent_new_{p}_trailing, trump_percent_new_{p}_trailing, total_snapshot_{p}_trailing, total_expected_{p}_trailing, harris_votes_new_{p}_trailing, trump_votes_new_{p}_trailing
Checkpoint saved at: /home/ubuntu/apps/election-app/win_prob/H/MO/08/data_output_MO.csv.checkpoint.json

$ /home/ubuntu/.venv/bin/python3 /home/ubuntu/apps/election-app/stats/7-margin-new.py
Wrote data_output_with_margins_old.csv

$ /home/ubuntu/.venv/bin/python3 /home/ubuntu/apps/election-app/stats/7-eevp-statewide.py
Wrote data_output_with_margins.csv (copied from data_output_with_margins_old.csv)

$ /home/ubuntu/.venv/bin/python3 /home/ubuntu/apps/election-app/stats/7.py --input /home/ubuntu/apps/election-app/win_prob/H/MO/08/data_output_MO_with_margins_statewide_eevp.csv --output /home/ubuntu/apps/election-app/win_prob/H/MO/08/statewide_margin_pct_vs_percent_MO_2026.png --state MO --start 2024-11-05T15-30-22 --end 2024-11-05T15-30-22 --stats /home/ubuntu/apps/election-app/win_prob/H/MO/08/stats.csv --stats2 /home/ubuntu/apps/election-app/win_prob/H/MO/08/stats2.csv --interval 30 --year 2026 --jsonl /home/ubuntu/apps/election-app/win_prob/H/MO/08/plotdata_MO_2026_2026-01-25T11-15-12.jsonl
[info] evaluating 1 timestamps from 2024-11-05T15-30-22 to 2024-11-05T15-30-22 every 30 minutes
[saved] probs_timeseries_MO.csv  (1 points)
[saved] /home/ubuntu/apps/election-app/win_prob/H/MO/08/plotdata_MO_2026_2026-01-25T11-15-12.jsonl  (4 points)
[saved] /home/ubuntu/apps/election-app/win_prob/H/MO/08/statewide_margin_pct_vs_percent_MO_2026_box.json
[saved] /home/ubuntu/apps/election-app/win_prob/H/MO/08/statewide_margin_pct_vs_percent_MO_2026_box.png
[saved] /home/ubuntu/apps/election-app/win_prob/H/MO/08/statewide_margin_pct_vs_percent_MO_2026.png

All 50 states complete. See: /home/ubuntu/apps/election-app/win_prob/H/MO/08

$ /home/ubuntu/.venv/bin/python3 /home/ubuntu/apps/election-app/stats/8.py --root /home/ubuntu/apps/election-app/win_prob/H/MO/08/_work --outdir /home/ubuntu/apps/election-app/win_prob/H/MO/08
[info] root  = /home/ubuntu/apps/election-app/win_prob/H/MO/08/_work
[info] outdir= /home/ubuntu/apps/election-app/win_prob/H/MO/08
[deleted] /home/ubuntu/apps/election-app/win_prob/H/MO/08/_work/stats_with_statewide.csv
[deleted] /home/ubuntu/apps/election-app/win_prob/H/MO/08/_work/stats2_final_headers.csv
[deleted] /home/ubuntu/apps/election-app/win_prob/H/MO/08/_work/2024_county_results_with_final-old.csv
[deleted] /home/ubuntu/apps/election-app/win_prob/H/MO/08/_work/2024_county_results_with_final.csv
[deleted] /home/ubuntu/apps/election-app/win_prob/H/MO/08/_work/2024_county_results_with_final_1.csv
[deleted] /home/ubuntu/apps/election-app/win_prob/H/MO/08/_work/2024_county_results_with_calcs-old.csv
[deleted] /home/ubuntu/apps/election-app/win_prob/H/MO/08/_work/2024_county_results_with_calcs_new.csv
[deleted] /home/ubuntu/apps/election-app/win_prob/H/MO/08/_work/output_statewide_stats.csv
[skip]    /home/ubuntu/apps/election-app/win_prob/H/MO/08/_work/probs_timeseries_PA.csv
[deleted] /home/ubuntu/apps/election-app/win_prob/H/MO/08/_work/2024_county_results_with_calcs.csv
[skip]    /home/ubuntu/apps/election-app/win_prob/H/MO/08/data_output.csv
[skip]    /home/ubuntu/apps/election-app/win_prob/H/MO/08/data_output_with_margins_old.csv
[skip]    /home/ubuntu/apps/election-app/win_prob/H/MO/08/data_output_with_margins.csv
[skip]    /home/ubuntu/apps/election-app/win_prob/H/MO/08/data_output_with_margins-statewide.csv
[deleted] /home/ubuntu/apps/election-app/win_prob/H/MO/08/snapshots_MO.csv
[deleted] /home/ubuntu/apps/election-app/win_prob/H/MO/08/data_output_MO.csv
[deleted] /home/ubuntu/apps/election-app/win_prob/H/MO/08/data_output_MO_with_margins_statewide_eevp.csv
[deleted] /home/ubuntu/apps/election-app/win_prob/H/MO/08/data_output_MO_with_margins.csv
[deleted] /home/ubuntu/apps/election-app/win_prob/H/MO/08/data_output_MO.csv.checkpoint.json
[deleted] /home/ubuntu/apps/election-app/win_prob/H/MO/08/stats.csv
[deleted] /home/ubuntu/apps/election-app/win_prob/H/MO/08/stats2.csv
[done] removed 16 file(s)
[2026-01-25 11:23:01] INFO: [PIPELINE] args: office=H state=MO district=08
[2026-01-25 11:23:01] INFO: [PIPELINE] WINPROB_DIR resolved to: /home/ubuntu/apps/election-app/win_prob/H/MO/08
[2026-01-25 11:23:01] INFO: [PIPELINE] OUTDIR set to: /home/ubuntu/apps/election-app/win_prob/H/MO/08

$ /home/ubuntu/.venv/bin/python3 /home/ubuntu/apps/election-app/stats/1-statewide.py --input /home/ubuntu/apps/election-app/win_prob/H/MO/08/stats.csv --output /home/ubuntu/apps/election-app/win_prob/H/MO/08/_work/stats_with_statewide.csv
Wrote /home/ubuntu/apps/election-app/win_prob/H/MO/08/_work/stats_with_statewide.csv (rows=28)

$ /home/ubuntu/.venv/bin/python3 /home/ubuntu/apps/election-app/stats/1-stats-2.py --input /home/ubuntu/apps/election-app/win_prob/H/MO/08/stats2.csv --output /home/ubuntu/apps/election-app/win_prob/H/MO/08/_work/stats2_final_headers.csv
Wrote /home/ubuntu/apps/election-app/win_prob/H/MO/08/_work/stats2_final_headers.csv (rows=28)

$ /home/ubuntu/.venv/bin/python3 /home/ubuntu/apps/election-app/stats/1-append-new.py
Wrote 2024_county_results_with_final-old.csv (rows=28, missing_final_matches=0)

$ /home/ubuntu/.venv/bin/python3 /home/ubuntu/apps/election-app/stats/1-change_header.py
Wrote: 2024_county_results_with_final.csv

$ /home/ubuntu/.venv/bin/python3 /home/ubuntu/apps/election-app/stats/1-cut-zero-fips.py
Wrote: 2024_county_results_with_final_1.csv
Rows before: 28
Rows after:  28
Dropped (fips == 0): 0

$ /home/ubuntu/.venv/bin/python3 /home/ubuntu/apps/election-app/stats/2-calc.py
Wrote 28 rows with calculations to /home/ubuntu/apps/election-app/win_prob/H/MO/08/_work/2024_county_results_with_calcs-old.csv

$ /home/ubuntu/.venv/bin/python3 /home/ubuntu/apps/election-app/stats/2-eevp.py
Wrote (no-op copy): 2024_county_results_with_calcs.csv
Columns:
 - timestamp
 - state
 - county
 - fips
 - trump_votes
 - harris_votes
 - other_votes
 - eevp
 - state_eevp
 - harris_votes_statewide
 - trump_votes_statewide
 - other_votes_statewide
 - final_state
 - final_county
 - final_fips
 - final_trump_votes
 - final_harris_votes
 - final_other_votes
 - harris_percent_snapshot
 - trump_percent_snapshot
 - margin_snapshot
 - harris_percent_final
 - trump_percent_final
 - margin_final
 - margin_difference
 - margin_difference_abs

$ /home/ubuntu/.venv/bin/python3 /home/ubuntu/apps/election-app/stats/3-calc-new.py
Wrote 28 rows with new columns to /home/ubuntu/apps/election-app/win_prob/H/MO/08/_work/2024_county_results_with_calcs_new.csv

$ /home/ubuntu/.venv/bin/python3 /home/ubuntu/apps/election-app/stats/4-stats.py
Reading 2024_county_results_with_calcs_new.csv...
Aggregating statewide totals...
Calculating percentages and margins...
Writing to output_statewide_stats.csv...
Done!
[2026-01-25 11:23:10] INFO: [PIPELINE] ENTER win-prob generation | states=['MO'] ts_list=['2024-11-05T15-30-22']

============================================================================
[01/1] STATE = MO
============================================================================

$ /home/ubuntu/.venv/bin/python3 /home/ubuntu/apps/election-app/stats/5-snapshots.py --state MO --input /home/ubuntu/apps/election-app/win_prob/H/MO/08/_work/output_statewide_stats.csv --output /home/ubuntu/apps/election-app/win_prob/H/MO/08/snapshots_MO.csv --start 2024-11-05T15-30-22 --end 2024-11-05T15-30-22 --use-window 1 --interval 30
Mode: windowed-one-state
Rows written: 28
Distinct states in output: MO
Rows per normalized timestamp (empty = unparseable):
  2024-11-05T15-30-22: 28
Wrote /home/ubuntu/apps/election-app/win_prob/H/MO/08/snapshots_MO.csv

$ /home/ubuntu/.venv/bin/python3 /home/ubuntu/apps/election-app/stats/6-pval.py /home/ubuntu/apps/election-app/win_prob/H/MO/08/snapshots_MO.csv -t /home/ubuntu/apps/election-app/stats/parameters.csv -o /home/ubuntu/apps/election-app/win_prob/H/MO/08/data_output_MO.csv -c 50
Done. Wrote: /home/ubuntu/apps/election-app/win_prob/H/MO/08/data_output_MO.csv
Total rows: 28 (chunked, resumable).
Computed columns for PVALS = [0.01, 0.1, 1, 2, 3, 5, 10, 15, 20, 25, 30, 35, 40, 45, 50, 55, 60, 65, 70, 75, 80, 85, 90, 95, 97, 98, 99, 99.9, 99.99]
Per p (leader): shift_{p}, margin_new_{p}, harris_percent_new_{p}, trump_percent_new_{p}, total_snapshot_{p}, total_expected_{p}, harris_votes_new_{p}, trump_votes_new_{p}
Per p (trailing): shift_trailing_{p}, margin_new_{p}_trailing, harris_percent_new_{p}_trailing, trump_percent_new_{p}_trailing, total_snapshot_{p}_trailing, total_expected_{p}_trailing, harris_votes_new_{p}_trailing, trump_votes_new_{p}_trailing
Checkpoint saved at: /home/ubuntu/apps/election-app/win_prob/H/MO/08/data_output_MO.csv.checkpoint.json

$ /home/ubuntu/.venv/bin/python3 /home/ubuntu/apps/election-app/stats/7-margin-new.py
Wrote data_output_with_margins_old.csv

$ /home/ubuntu/.venv/bin/python3 /home/ubuntu/apps/election-app/stats/7-eevp-statewide.py
Wrote data_output_with_margins.csv (copied from data_output_with_margins_old.csv)

$ /home/ubuntu/.venv/bin/python3 /home/ubuntu/apps/election-app/stats/7.py --input /home/ubuntu/apps/election-app/win_prob/H/MO/08/data_output_MO_with_margins_statewide_eevp.csv --output /home/ubuntu/apps/election-app/win_prob/H/MO/08/statewide_margin_pct_vs_percent_MO_2026.png --state MO --start 2024-11-05T15-30-22 --end 2024-11-05T15-30-22 --stats /home/ubuntu/apps/election-app/win_prob/H/MO/08/stats.csv --stats2 /home/ubuntu/apps/election-app/win_prob/H/MO/08/stats2.csv --interval 30 --year 2026 --jsonl /home/ubuntu/apps/election-app/win_prob/H/MO/08/plotdata_MO_2026_2026-01-25T11-23-01.jsonl
[info] evaluating 1 timestamps from 2024-11-05T15-30-22 to 2024-11-05T15-30-22 every 30 minutes
[saved] probs_timeseries_MO.csv  (1 points)
[saved] /home/ubuntu/apps/election-app/win_prob/H/MO/08/plotdata_MO_2026_2026-01-25T11-23-01.jsonl  (4 points)
[saved] /home/ubuntu/apps/election-app/win_prob/H/MO/08/statewide_margin_pct_vs_percent_MO_2026_box.json
[saved] /home/ubuntu/apps/election-app/win_prob/H/MO/08/statewide_margin_pct_vs_percent_MO_2026_box.png
[saved] /home/ubuntu/apps/election-app/win_prob/H/MO/08/statewide_margin_pct_vs_percent_MO_2026.png

All 50 states complete. See: /home/ubuntu/apps/election-app/win_prob/H/MO/08

$ /home/ubuntu/.venv/bin/python3 /home/ubuntu/apps/election-app/stats/8.py --root /home/ubuntu/apps/election-app/win_prob/H/MO/08/_work --outdir /home/ubuntu/apps/election-app/win_prob/H/MO/08
[info] root  = /home/ubuntu/apps/election-app/win_prob/H/MO/08/_work
[info] outdir= /home/ubuntu/apps/election-app/win_prob/H/MO/08
[deleted] /home/ubuntu/apps/election-app/win_prob/H/MO/08/_work/stats_with_statewide.csv
[deleted] /home/ubuntu/apps/election-app/win_prob/H/MO/08/_work/stats2_final_headers.csv
[deleted] /home/ubuntu/apps/election-app/win_prob/H/MO/08/_work/2024_county_results_with_final-old.csv
[deleted] /home/ubuntu/apps/election-app/win_prob/H/MO/08/_work/2024_county_results_with_final.csv
[deleted] /home/ubuntu/apps/election-app/win_prob/H/MO/08/_work/2024_county_results_with_final_1.csv
[deleted] /home/ubuntu/apps/election-app/win_prob/H/MO/08/_work/2024_county_results_with_calcs-old.csv
[deleted] /home/ubuntu/apps/election-app/win_prob/H/MO/08/_work/2024_county_results_with_calcs_new.csv
[deleted] /home/ubuntu/apps/election-app/win_prob/H/MO/08/_work/output_statewide_stats.csv
[skip]    /home/ubuntu/apps/election-app/win_prob/H/MO/08/_work/probs_timeseries_PA.csv
[deleted] /home/ubuntu/apps/election-app/win_prob/H/MO/08/_work/2024_county_results_with_calcs.csv
[skip]    /home/ubuntu/apps/election-app/win_prob/H/MO/08/data_output.csv
[skip]    /home/ubuntu/apps/election-app/win_prob/H/MO/08/data_output_with_margins_old.csv
[skip]    /home/ubuntu/apps/election-app/win_prob/H/MO/08/data_output_with_margins.csv
[skip]    /home/ubuntu/apps/election-app/win_prob/H/MO/08/data_output_with_margins-statewide.csv
[deleted] /home/ubuntu/apps/election-app/win_prob/H/MO/08/snapshots_MO.csv
[deleted] /home/ubuntu/apps/election-app/win_prob/H/MO/08/data_output_MO.csv
[deleted] /home/ubuntu/apps/election-app/win_prob/H/MO/08/data_output_MO_with_margins_statewide_eevp.csv
[deleted] /home/ubuntu/apps/election-app/win_prob/H/MO/08/data_output_MO_with_margins.csv
[deleted] /home/ubuntu/apps/election-app/win_prob/H/MO/08/data_output_MO.csv.checkpoint.json
[deleted] /home/ubuntu/apps/election-app/win_prob/H/MO/08/stats.csv
[deleted] /home/ubuntu/apps/election-app/win_prob/H/MO/08/stats2.csv
[done] removed 16 file(s)
[2026-02-04 16:57:56] INFO: [PIPELINE] args: office=H state=MO district=08
[2026-02-04 16:57:56] INFO: [PIPELINE] WINPROB_DIR resolved to: /home/ubuntu/apps/election-app/win_prob/H/MO/08
[2026-02-04 16:57:56] INFO: [PIPELINE] OUTDIR set to: /home/ubuntu/apps/election-app/win_prob/H/MO/08

$ /home/ubuntu/.venv/bin/python3 /home/ubuntu/apps/election-app/stats/1-statewide.py --input /home/ubuntu/apps/election-app/win_prob/H/MO/08/stats.csv --output /home/ubuntu/apps/election-app/win_prob/H/MO/08/_work/stats_with_statewide.csv
Wrote /home/ubuntu/apps/election-app/win_prob/H/MO/08/_work/stats_with_statewide.csv (rows=28)

$ /home/ubuntu/.venv/bin/python3 /home/ubuntu/apps/election-app/stats/1-stats-2.py --input /home/ubuntu/apps/election-app/win_prob/H/MO/08/stats2.csv --output /home/ubuntu/apps/election-app/win_prob/H/MO/08/_work/stats2_final_headers.csv
Wrote /home/ubuntu/apps/election-app/win_prob/H/MO/08/_work/stats2_final_headers.csv (rows=28)

$ /home/ubuntu/.venv/bin/python3 /home/ubuntu/apps/election-app/stats/1-append-new.py
Wrote 2024_county_results_with_final-old.csv (rows=28, missing_final_matches=0)

$ /home/ubuntu/.venv/bin/python3 /home/ubuntu/apps/election-app/stats/1-change_header.py
Wrote: 2024_county_results_with_final.csv

$ /home/ubuntu/.venv/bin/python3 /home/ubuntu/apps/election-app/stats/1-cut-zero-fips.py
Wrote: 2024_county_results_with_final_1.csv
Rows before: 28
Rows after:  28
Dropped (fips == 0): 0

$ /home/ubuntu/.venv/bin/python3 /home/ubuntu/apps/election-app/stats/2-calc.py
Wrote 28 rows with calculations to /home/ubuntu/apps/election-app/win_prob/H/MO/08/_work/2024_county_results_with_calcs-old.csv

$ /home/ubuntu/.venv/bin/python3 /home/ubuntu/apps/election-app/stats/2-eevp.py
Wrote (no-op copy): 2024_county_results_with_calcs.csv
Columns:
 - timestamp
 - state
 - county
 - fips
 - trump_votes
 - harris_votes
 - other_votes
 - eevp
 - state_eevp
 - harris_votes_statewide
 - trump_votes_statewide
 - other_votes_statewide
 - final_state
 - final_county
 - final_fips
 - final_trump_votes
 - final_harris_votes
 - final_other_votes
 - harris_percent_snapshot
 - trump_percent_snapshot
 - margin_snapshot
 - harris_percent_final
 - trump_percent_final
 - margin_final
 - margin_difference
 - margin_difference_abs

$ /home/ubuntu/.venv/bin/python3 /home/ubuntu/apps/election-app/stats/3-calc-new.py
Wrote 28 rows with new columns to /home/ubuntu/apps/election-app/win_prob/H/MO/08/_work/2024_county_results_with_calcs_new.csv

$ /home/ubuntu/.venv/bin/python3 /home/ubuntu/apps/election-app/stats/4-stats.py
Reading 2024_county_results_with_calcs_new.csv...
Aggregating statewide totals...
Calculating percentages and margins...
Writing to output_statewide_stats.csv...
Done!
[2026-02-04 16:58:08] INFO: [PIPELINE] ENTER win-prob generation | states=['MO'] ts_list=['2024-11-05T15-30-22']

============================================================================
[01/1] STATE = MO
============================================================================

$ /home/ubuntu/.venv/bin/python3 /home/ubuntu/apps/election-app/stats/5-snapshots.py --state MO --input /home/ubuntu/apps/election-app/win_prob/H/MO/08/_work/output_statewide_stats.csv --output /home/ubuntu/apps/election-app/win_prob/H/MO/08/snapshots_MO.csv --start 2024-11-05T15-30-22 --end 2024-11-05T15-30-22 --use-window 1 --interval 30
Mode: windowed-one-state
Rows written: 28
Distinct states in output: MO
Rows per normalized timestamp (empty = unparseable):
  2024-11-05T15-30-22: 28
Wrote /home/ubuntu/apps/election-app/win_prob/H/MO/08/snapshots_MO.csv

$ /home/ubuntu/.venv/bin/python3 /home/ubuntu/apps/election-app/stats/6-pval.py /home/ubuntu/apps/election-app/win_prob/H/MO/08/snapshots_MO.csv -t /home/ubuntu/apps/election-app/stats/parameters.csv -o /home/ubuntu/apps/election-app/win_prob/H/MO/08/data_output_MO.csv -c 50
Done. Wrote: /home/ubuntu/apps/election-app/win_prob/H/MO/08/data_output_MO.csv
Total rows: 28 (chunked, resumable).
Computed columns for PVALS = [0.01, 0.1, 1, 2, 3, 5, 10, 15, 20, 25, 30, 35, 40, 45, 50, 55, 60, 65, 70, 75, 80, 85, 90, 95, 97, 98, 99, 99.9, 99.99]
Per p (leader): shift_{p}, margin_new_{p}, harris_percent_new_{p}, trump_percent_new_{p}, total_snapshot_{p}, total_expected_{p}, harris_votes_new_{p}, trump_votes_new_{p}
Per p (trailing): shift_trailing_{p}, margin_new_{p}_trailing, harris_percent_new_{p}_trailing, trump_percent_new_{p}_trailing, total_snapshot_{p}_trailing, total_expected_{p}_trailing, harris_votes_new_{p}_trailing, trump_votes_new_{p}_trailing
Checkpoint saved at: /home/ubuntu/apps/election-app/win_prob/H/MO/08/data_output_MO.csv.checkpoint.json

$ /home/ubuntu/.venv/bin/python3 /home/ubuntu/apps/election-app/stats/7-margin-new.py
Wrote data_output_with_margins_old.csv

$ /home/ubuntu/.venv/bin/python3 /home/ubuntu/apps/election-app/stats/7-eevp-statewide.py
Wrote data_output_with_margins.csv (copied from data_output_with_margins_old.csv)

$ /home/ubuntu/.venv/bin/python3 /home/ubuntu/apps/election-app/stats/7.py --input /home/ubuntu/apps/election-app/win_prob/H/MO/08/data_output_MO_with_margins_statewide_eevp.csv --output /home/ubuntu/apps/election-app/win_prob/H/MO/08/statewide_margin_pct_vs_percent_MO_2026.png --state MO --start 2024-11-05T15-30-22 --end 2024-11-05T15-30-22 --stats /home/ubuntu/apps/election-app/win_prob/H/MO/08/stats.csv --stats2 /home/ubuntu/apps/election-app/win_prob/H/MO/08/stats2.csv --interval 30 --year 2026 --jsonl /home/ubuntu/apps/election-app/win_prob/H/MO/08/plotdata_MO_2026_2026-02-04T16-57-56.jsonl
[info] evaluating 1 timestamps from 2024-11-05T15-30-22 to 2024-11-05T15-30-22 every 30 minutes
[saved] probs_timeseries_MO.csv  (1 points)
[saved] /home/ubuntu/apps/election-app/win_prob/H/MO/08/plotdata_MO_2026_2026-02-04T16-57-56.jsonl  (4 points)
[saved] /home/ubuntu/apps/election-app/win_prob/H/MO/08/statewide_margin_pct_vs_percent_MO_2026_box.json
[saved] /home/ubuntu/apps/election-app/win_prob/H/MO/08/statewide_margin_pct_vs_percent_MO_2026_box.png
[saved] /home/ubuntu/apps/election-app/win_prob/H/MO/08/statewide_margin_pct_vs_percent_MO_2026.png

All 50 states complete. See: /home/ubuntu/apps/election-app/win_prob/H/MO/08

$ /home/ubuntu/.venv/bin/python3 /home/ubuntu/apps/election-app/stats/8.py --root /home/ubuntu/apps/election-app/win_prob/H/MO/08/_work --outdir /home/ubuntu/apps/election-app/win_prob/H/MO/08
[info] root  = /home/ubuntu/apps/election-app/win_prob/H/MO/08/_work
[info] outdir= /home/ubuntu/apps/election-app/win_prob/H/MO/08
[deleted] /home/ubuntu/apps/election-app/win_prob/H/MO/08/_work/stats_with_statewide.csv
[deleted] /home/ubuntu/apps/election-app/win_prob/H/MO/08/_work/stats2_final_headers.csv
[deleted] /home/ubuntu/apps/election-app/win_prob/H/MO/08/_work/2024_county_results_with_final-old.csv
[deleted] /home/ubuntu/apps/election-app/win_prob/H/MO/08/_work/2024_county_results_with_final.csv
[deleted] /home/ubuntu/apps/election-app/win_prob/H/MO/08/_work/2024_county_results_with_final_1.csv
[deleted] /home/ubuntu/apps/election-app/win_prob/H/MO/08/_work/2024_county_results_with_calcs-old.csv
[deleted] /home/ubuntu/apps/election-app/win_prob/H/MO/08/_work/2024_county_results_with_calcs_new.csv
[deleted] /home/ubuntu/apps/election-app/win_prob/H/MO/08/_work/output_statewide_stats.csv
[skip]    /home/ubuntu/apps/election-app/win_prob/H/MO/08/_work/probs_timeseries_PA.csv
[deleted] /home/ubuntu/apps/election-app/win_prob/H/MO/08/_work/2024_county_results_with_calcs.csv
[skip]    /home/ubuntu/apps/election-app/win_prob/H/MO/08/data_output.csv
[skip]    /home/ubuntu/apps/election-app/win_prob/H/MO/08/data_output_with_margins_old.csv
[skip]    /home/ubuntu/apps/election-app/win_prob/H/MO/08/data_output_with_margins.csv
[skip]    /home/ubuntu/apps/election-app/win_prob/H/MO/08/data_output_with_margins-statewide.csv
[deleted] /home/ubuntu/apps/election-app/win_prob/H/MO/08/snapshots_MO.csv
[deleted] /home/ubuntu/apps/election-app/win_prob/H/MO/08/data_output_MO.csv
[deleted] /home/ubuntu/apps/election-app/win_prob/H/MO/08/data_output_MO_with_margins_statewide_eevp.csv
[deleted] /home/ubuntu/apps/election-app/win_prob/H/MO/08/data_output_MO_with_margins.csv
[deleted] /home/ubuntu/apps/election-app/win_prob/H/MO/08/data_output_MO.csv.checkpoint.json
[deleted] /home/ubuntu/apps/election-app/win_prob/H/MO/08/stats.csv
[deleted] /home/ubuntu/apps/election-app/win_prob/H/MO/08/stats2.csv
[done] removed 16 file(s)
