[2026-01-24 01:37:35] INFO: [PIPELINE] args: office=H state=SC district=07
[2026-01-24 01:37:35] INFO: [PIPELINE] WINPROB_DIR resolved to: /home/ubuntu/apps/election-app/win_prob/H/SC/07
[2026-01-24 01:37:35] INFO: [PIPELINE] OUTDIR set to: /home/ubuntu/apps/election-app/win_prob/H/SC/07

$ /home/ubuntu/.venv/bin/python3 /home/ubuntu/apps/election-app/stats/1-statewide.py --input /home/ubuntu/apps/election-app/win_prob/H/SC/07/stats.csv --output /home/ubuntu/apps/election-app/win_prob/H/SC/07/_work/stats_with_statewide.csv
Wrote /home/ubuntu/apps/election-app/win_prob/H/SC/07/_work/stats_with_statewide.csv (rows=8)

$ /home/ubuntu/.venv/bin/python3 /home/ubuntu/apps/election-app/stats/1-stats-2.py --input /home/ubuntu/apps/election-app/win_prob/H/SC/07/stats2.csv --output /home/ubuntu/apps/election-app/win_prob/H/SC/07/_work/stats2_final_headers.csv
Wrote /home/ubuntu/apps/election-app/win_prob/H/SC/07/_work/stats2_final_headers.csv (rows=8)

$ /home/ubuntu/.venv/bin/python3 /home/ubuntu/apps/election-app/stats/1-append-new.py
Wrote 2024_county_results_with_final-old.csv (rows=8, missing_final_matches=0)

$ /home/ubuntu/.venv/bin/python3 /home/ubuntu/apps/election-app/stats/1-change_header.py
Wrote: 2024_county_results_with_final.csv

$ /home/ubuntu/.venv/bin/python3 /home/ubuntu/apps/election-app/stats/1-cut-zero-fips.py
Wrote: 2024_county_results_with_final_1.csv
Rows before: 8
Rows after:  8
Dropped (fips == 0): 0

$ /home/ubuntu/.venv/bin/python3 /home/ubuntu/apps/election-app/stats/2-calc.py
Wrote 8 rows with calculations to /home/ubuntu/apps/election-app/win_prob/H/SC/07/_work/2024_county_results_with_calcs-old.csv

$ /home/ubuntu/.venv/bin/python3 /home/ubuntu/apps/election-app/stats/2-eevp.py
Wrote (no-op copy): 2024_county_results_with_calcs.csv
Columns:
 - timestamp
 - state
 - county
 - fips
 - trump_votes
 - harris_votes
 - other_votes
 - eevp
 - state_eevp
 - harris_votes_statewide
 - trump_votes_statewide
 - other_votes_statewide
 - final_state
 - final_county
 - final_fips
 - final_trump_votes
 - final_harris_votes
 - final_other_votes
 - harris_percent_snapshot
 - trump_percent_snapshot
 - margin_snapshot
 - harris_percent_final
 - trump_percent_final
 - margin_final
 - margin_difference
 - margin_difference_abs

$ /home/ubuntu/.venv/bin/python3 /home/ubuntu/apps/election-app/stats/3-calc-new.py
Wrote 8 rows with new columns to /home/ubuntu/apps/election-app/win_prob/H/SC/07/_work/2024_county_results_with_calcs_new.csv

$ /home/ubuntu/.venv/bin/python3 /home/ubuntu/apps/election-app/stats/4-stats.py
Reading 2024_county_results_with_calcs_new.csv...
Aggregating statewide totals...
Calculating percentages and margins...
Writing to output_statewide_stats.csv...
Done!
[2026-01-24 01:37:47] INFO: [PIPELINE] ENTER win-prob generation | states=['SC'] ts_list=['2024-11-05T15-30-22']

============================================================================
[01/1] STATE = SC
============================================================================

$ /home/ubuntu/.venv/bin/python3 /home/ubuntu/apps/election-app/stats/5-snapshots.py --state SC --input /home/ubuntu/apps/election-app/win_prob/H/SC/07/_work/output_statewide_stats.csv --output /home/ubuntu/apps/election-app/win_prob/H/SC/07/snapshots_SC.csv --start 2024-11-05T15-30-22 --end 2024-11-05T15-30-22 --use-window 1 --interval 30
Mode: windowed-one-state
Rows written: 8
Distinct states in output: SC
Rows per normalized timestamp (empty = unparseable):
  2024-11-05T15-30-22: 8
Wrote /home/ubuntu/apps/election-app/win_prob/H/SC/07/snapshots_SC.csv

$ /home/ubuntu/.venv/bin/python3 /home/ubuntu/apps/election-app/stats/6-pval.py /home/ubuntu/apps/election-app/win_prob/H/SC/07/snapshots_SC.csv -t /home/ubuntu/apps/election-app/stats/parameters.csv -o /home/ubuntu/apps/election-app/win_prob/H/SC/07/data_output_SC.csv -c 50
Done. Wrote: /home/ubuntu/apps/election-app/win_prob/H/SC/07/data_output_SC.csv
Total rows: 8 (chunked, resumable).
Computed columns for PVALS = [0.01, 0.1, 1, 2, 3, 5, 10, 15, 20, 25, 30, 35, 40, 45, 50, 55, 60, 65, 70, 75, 80, 85, 90, 95, 97, 98, 99, 99.9, 99.99]
Per p (leader): shift_{p}, margin_new_{p}, harris_percent_new_{p}, trump_percent_new_{p}, total_snapshot_{p}, total_expected_{p}, harris_votes_new_{p}, trump_votes_new_{p}
Per p (trailing): shift_trailing_{p}, margin_new_{p}_trailing, harris_percent_new_{p}_trailing, trump_percent_new_{p}_trailing, total_snapshot_{p}_trailing, total_expected_{p}_trailing, harris_votes_new_{p}_trailing, trump_votes_new_{p}_trailing
Checkpoint saved at: /home/ubuntu/apps/election-app/win_prob/H/SC/07/data_output_SC.csv.checkpoint.json

$ /home/ubuntu/.venv/bin/python3 /home/ubuntu/apps/election-app/stats/7-margin-new.py
Wrote data_output_with_margins_old.csv

$ /home/ubuntu/.venv/bin/python3 /home/ubuntu/apps/election-app/stats/7-eevp-statewide.py
Wrote data_output_with_margins.csv (copied from data_output_with_margins_old.csv)

$ /home/ubuntu/.venv/bin/python3 /home/ubuntu/apps/election-app/stats/7.py --input /home/ubuntu/apps/election-app/win_prob/H/SC/07/data_output_SC_with_margins_statewide_eevp.csv --output /home/ubuntu/apps/election-app/win_prob/H/SC/07/statewide_margin_pct_vs_percent_SC_2026.png --state SC --start 2024-11-05T15-30-22 --end 2024-11-05T15-30-22 --stats /home/ubuntu/apps/election-app/win_prob/H/SC/07/stats.csv --stats2 /home/ubuntu/apps/election-app/win_prob/H/SC/07/stats2.csv --interval 30 --year 2026 --jsonl /home/ubuntu/apps/election-app/win_prob/H/SC/07/plotdata_SC_2026_2026-01-24T01-37-35.jsonl
[info] evaluating 1 timestamps from 2024-11-05T15-30-22 to 2024-11-05T15-30-22 every 30 minutes
[saved] probs_timeseries_SC.csv  (1 points)
[saved] /home/ubuntu/apps/election-app/win_prob/H/SC/07/plotdata_SC_2026_2026-01-24T01-37-35.jsonl  (0 points)
[saved] /home/ubuntu/apps/election-app/win_prob/H/SC/07/statewide_margin_pct_vs_percent_SC_2026_box.json
[saved] /home/ubuntu/apps/election-app/win_prob/H/SC/07/statewide_margin_pct_vs_percent_SC_2026_box.png
[saved] /home/ubuntu/apps/election-app/win_prob/H/SC/07/statewide_margin_pct_vs_percent_SC_2026.png

All 50 states complete. See: /home/ubuntu/apps/election-app/win_prob/H/SC/07

$ /home/ubuntu/.venv/bin/python3 /home/ubuntu/apps/election-app/stats/8.py --root /home/ubuntu/apps/election-app/win_prob/H/SC/07/_work --outdir /home/ubuntu/apps/election-app/win_prob/H/SC/07
[info] root  = /home/ubuntu/apps/election-app/win_prob/H/SC/07/_work
[info] outdir= /home/ubuntu/apps/election-app/win_prob/H/SC/07
[deleted] /home/ubuntu/apps/election-app/win_prob/H/SC/07/_work/stats_with_statewide.csv
[deleted] /home/ubuntu/apps/election-app/win_prob/H/SC/07/_work/stats2_final_headers.csv
[deleted] /home/ubuntu/apps/election-app/win_prob/H/SC/07/_work/2024_county_results_with_final-old.csv
[deleted] /home/ubuntu/apps/election-app/win_prob/H/SC/07/_work/2024_county_results_with_final.csv
[deleted] /home/ubuntu/apps/election-app/win_prob/H/SC/07/_work/2024_county_results_with_final_1.csv
[deleted] /home/ubuntu/apps/election-app/win_prob/H/SC/07/_work/2024_county_results_with_calcs-old.csv
[deleted] /home/ubuntu/apps/election-app/win_prob/H/SC/07/_work/2024_county_results_with_calcs_new.csv
[deleted] /home/ubuntu/apps/election-app/win_prob/H/SC/07/_work/output_statewide_stats.csv
[skip]    /home/ubuntu/apps/election-app/win_prob/H/SC/07/_work/probs_timeseries_PA.csv
[deleted] /home/ubuntu/apps/election-app/win_prob/H/SC/07/_work/2024_county_results_with_calcs.csv
[skip]    /home/ubuntu/apps/election-app/win_prob/H/SC/07/data_output.csv
[skip]    /home/ubuntu/apps/election-app/win_prob/H/SC/07/data_output_with_margins_old.csv
[skip]    /home/ubuntu/apps/election-app/win_prob/H/SC/07/data_output_with_margins.csv
[skip]    /home/ubuntu/apps/election-app/win_prob/H/SC/07/data_output_with_margins-statewide.csv
[deleted] /home/ubuntu/apps/election-app/win_prob/H/SC/07/snapshots_SC.csv
[deleted] /home/ubuntu/apps/election-app/win_prob/H/SC/07/data_output_SC_with_margins_statewide_eevp.csv
[deleted] /home/ubuntu/apps/election-app/win_prob/H/SC/07/data_output_SC.csv
[deleted] /home/ubuntu/apps/election-app/win_prob/H/SC/07/data_output_SC_with_margins.csv
[deleted] /home/ubuntu/apps/election-app/win_prob/H/SC/07/data_output_SC.csv.checkpoint.json
[deleted] /home/ubuntu/apps/election-app/win_prob/H/SC/07/stats.csv
[deleted] /home/ubuntu/apps/election-app/win_prob/H/SC/07/stats2.csv
[done] removed 16 file(s)
[2026-01-24 01:44:35] INFO: [PIPELINE] args: office=H state=SC district=07
[2026-01-24 01:44:35] INFO: [PIPELINE] WINPROB_DIR resolved to: /home/ubuntu/apps/election-app/win_prob/H/SC/07
[2026-01-24 01:44:35] INFO: [PIPELINE] OUTDIR set to: /home/ubuntu/apps/election-app/win_prob/H/SC/07

$ /home/ubuntu/.venv/bin/python3 /home/ubuntu/apps/election-app/stats/1-statewide.py --input /home/ubuntu/apps/election-app/win_prob/H/SC/07/stats.csv --output /home/ubuntu/apps/election-app/win_prob/H/SC/07/_work/stats_with_statewide.csv
Wrote /home/ubuntu/apps/election-app/win_prob/H/SC/07/_work/stats_with_statewide.csv (rows=8)

$ /home/ubuntu/.venv/bin/python3 /home/ubuntu/apps/election-app/stats/1-stats-2.py --input /home/ubuntu/apps/election-app/win_prob/H/SC/07/stats2.csv --output /home/ubuntu/apps/election-app/win_prob/H/SC/07/_work/stats2_final_headers.csv
Wrote /home/ubuntu/apps/election-app/win_prob/H/SC/07/_work/stats2_final_headers.csv (rows=8)

$ /home/ubuntu/.venv/bin/python3 /home/ubuntu/apps/election-app/stats/1-append-new.py
Wrote 2024_county_results_with_final-old.csv (rows=8, missing_final_matches=0)

$ /home/ubuntu/.venv/bin/python3 /home/ubuntu/apps/election-app/stats/1-change_header.py
Wrote: 2024_county_results_with_final.csv

$ /home/ubuntu/.venv/bin/python3 /home/ubuntu/apps/election-app/stats/1-cut-zero-fips.py
Wrote: 2024_county_results_with_final_1.csv
Rows before: 8
Rows after:  8
Dropped (fips == 0): 0

$ /home/ubuntu/.venv/bin/python3 /home/ubuntu/apps/election-app/stats/2-calc.py
Wrote 8 rows with calculations to /home/ubuntu/apps/election-app/win_prob/H/SC/07/_work/2024_county_results_with_calcs-old.csv

$ /home/ubuntu/.venv/bin/python3 /home/ubuntu/apps/election-app/stats/2-eevp.py
Wrote (no-op copy): 2024_county_results_with_calcs.csv
Columns:
 - timestamp
 - state
 - county
 - fips
 - trump_votes
 - harris_votes
 - other_votes
 - eevp
 - state_eevp
 - harris_votes_statewide
 - trump_votes_statewide
 - other_votes_statewide
 - final_state
 - final_county
 - final_fips
 - final_trump_votes
 - final_harris_votes
 - final_other_votes
 - harris_percent_snapshot
 - trump_percent_snapshot
 - margin_snapshot
 - harris_percent_final
 - trump_percent_final
 - margin_final
 - margin_difference
 - margin_difference_abs

$ /home/ubuntu/.venv/bin/python3 /home/ubuntu/apps/election-app/stats/3-calc-new.py
Wrote 8 rows with new columns to /home/ubuntu/apps/election-app/win_prob/H/SC/07/_work/2024_county_results_with_calcs_new.csv

$ /home/ubuntu/.venv/bin/python3 /home/ubuntu/apps/election-app/stats/4-stats.py
Reading 2024_county_results_with_calcs_new.csv...
Aggregating statewide totals...
Calculating percentages and margins...
Writing to output_statewide_stats.csv...
Done!
[2026-01-24 01:44:44] INFO: [PIPELINE] ENTER win-prob generation | states=['SC'] ts_list=['2024-11-05T15-30-22']

============================================================================
[01/1] STATE = SC
============================================================================

$ /home/ubuntu/.venv/bin/python3 /home/ubuntu/apps/election-app/stats/5-snapshots.py --state SC --input /home/ubuntu/apps/election-app/win_prob/H/SC/07/_work/output_statewide_stats.csv --output /home/ubuntu/apps/election-app/win_prob/H/SC/07/snapshots_SC.csv --start 2024-11-05T15-30-22 --end 2024-11-05T15-30-22 --use-window 1 --interval 30
Mode: windowed-one-state
Rows written: 8
Distinct states in output: SC
Rows per normalized timestamp (empty = unparseable):
  2024-11-05T15-30-22: 8
Wrote /home/ubuntu/apps/election-app/win_prob/H/SC/07/snapshots_SC.csv

$ /home/ubuntu/.venv/bin/python3 /home/ubuntu/apps/election-app/stats/6-pval.py /home/ubuntu/apps/election-app/win_prob/H/SC/07/snapshots_SC.csv -t /home/ubuntu/apps/election-app/stats/parameters.csv -o /home/ubuntu/apps/election-app/win_prob/H/SC/07/data_output_SC.csv -c 50
Done. Wrote: /home/ubuntu/apps/election-app/win_prob/H/SC/07/data_output_SC.csv
Total rows: 8 (chunked, resumable).
Computed columns for PVALS = [0.01, 0.1, 1, 2, 3, 5, 10, 15, 20, 25, 30, 35, 40, 45, 50, 55, 60, 65, 70, 75, 80, 85, 90, 95, 97, 98, 99, 99.9, 99.99]
Per p (leader): shift_{p}, margin_new_{p}, harris_percent_new_{p}, trump_percent_new_{p}, total_snapshot_{p}, total_expected_{p}, harris_votes_new_{p}, trump_votes_new_{p}
Per p (trailing): shift_trailing_{p}, margin_new_{p}_trailing, harris_percent_new_{p}_trailing, trump_percent_new_{p}_trailing, total_snapshot_{p}_trailing, total_expected_{p}_trailing, harris_votes_new_{p}_trailing, trump_votes_new_{p}_trailing
Checkpoint saved at: /home/ubuntu/apps/election-app/win_prob/H/SC/07/data_output_SC.csv.checkpoint.json

$ /home/ubuntu/.venv/bin/python3 /home/ubuntu/apps/election-app/stats/7-margin-new.py
Wrote data_output_with_margins_old.csv

$ /home/ubuntu/.venv/bin/python3 /home/ubuntu/apps/election-app/stats/7-eevp-statewide.py
Wrote data_output_with_margins.csv (copied from data_output_with_margins_old.csv)

$ /home/ubuntu/.venv/bin/python3 /home/ubuntu/apps/election-app/stats/7.py --input /home/ubuntu/apps/election-app/win_prob/H/SC/07/data_output_SC_with_margins_statewide_eevp.csv --output /home/ubuntu/apps/election-app/win_prob/H/SC/07/statewide_margin_pct_vs_percent_SC_2026.png --state SC --start 2024-11-05T15-30-22 --end 2024-11-05T15-30-22 --stats /home/ubuntu/apps/election-app/win_prob/H/SC/07/stats.csv --stats2 /home/ubuntu/apps/election-app/win_prob/H/SC/07/stats2.csv --interval 30 --year 2026 --jsonl /home/ubuntu/apps/election-app/win_prob/H/SC/07/plotdata_SC_2026_2026-01-24T01-44-35.jsonl
[info] evaluating 1 timestamps from 2024-11-05T15-30-22 to 2024-11-05T15-30-22 every 30 minutes
[saved] probs_timeseries_SC.csv  (1 points)
[saved] /home/ubuntu/apps/election-app/win_prob/H/SC/07/plotdata_SC_2026_2026-01-24T01-44-35.jsonl  (4 points)
[saved] /home/ubuntu/apps/election-app/win_prob/H/SC/07/statewide_margin_pct_vs_percent_SC_2026_box.json
[saved] /home/ubuntu/apps/election-app/win_prob/H/SC/07/statewide_margin_pct_vs_percent_SC_2026_box.png
[saved] /home/ubuntu/apps/election-app/win_prob/H/SC/07/statewide_margin_pct_vs_percent_SC_2026.png

All 50 states complete. See: /home/ubuntu/apps/election-app/win_prob/H/SC/07

$ /home/ubuntu/.venv/bin/python3 /home/ubuntu/apps/election-app/stats/8.py --root /home/ubuntu/apps/election-app/win_prob/H/SC/07/_work --outdir /home/ubuntu/apps/election-app/win_prob/H/SC/07
[info] root  = /home/ubuntu/apps/election-app/win_prob/H/SC/07/_work
[info] outdir= /home/ubuntu/apps/election-app/win_prob/H/SC/07
[deleted] /home/ubuntu/apps/election-app/win_prob/H/SC/07/_work/stats_with_statewide.csv
[deleted] /home/ubuntu/apps/election-app/win_prob/H/SC/07/_work/stats2_final_headers.csv
[deleted] /home/ubuntu/apps/election-app/win_prob/H/SC/07/_work/2024_county_results_with_final-old.csv
[deleted] /home/ubuntu/apps/election-app/win_prob/H/SC/07/_work/2024_county_results_with_final.csv
[deleted] /home/ubuntu/apps/election-app/win_prob/H/SC/07/_work/2024_county_results_with_final_1.csv
[deleted] /home/ubuntu/apps/election-app/win_prob/H/SC/07/_work/2024_county_results_with_calcs-old.csv
[deleted] /home/ubuntu/apps/election-app/win_prob/H/SC/07/_work/2024_county_results_with_calcs_new.csv
[deleted] /home/ubuntu/apps/election-app/win_prob/H/SC/07/_work/output_statewide_stats.csv
[skip]    /home/ubuntu/apps/election-app/win_prob/H/SC/07/_work/probs_timeseries_PA.csv
[deleted] /home/ubuntu/apps/election-app/win_prob/H/SC/07/_work/2024_county_results_with_calcs.csv
[skip]    /home/ubuntu/apps/election-app/win_prob/H/SC/07/data_output.csv
[skip]    /home/ubuntu/apps/election-app/win_prob/H/SC/07/data_output_with_margins_old.csv
[skip]    /home/ubuntu/apps/election-app/win_prob/H/SC/07/data_output_with_margins.csv
[skip]    /home/ubuntu/apps/election-app/win_prob/H/SC/07/data_output_with_margins-statewide.csv
[deleted] /home/ubuntu/apps/election-app/win_prob/H/SC/07/snapshots_SC.csv
[deleted] /home/ubuntu/apps/election-app/win_prob/H/SC/07/data_output_SC_with_margins_statewide_eevp.csv
[deleted] /home/ubuntu/apps/election-app/win_prob/H/SC/07/data_output_SC.csv
[deleted] /home/ubuntu/apps/election-app/win_prob/H/SC/07/data_output_SC_with_margins.csv
[deleted] /home/ubuntu/apps/election-app/win_prob/H/SC/07/data_output_SC.csv.checkpoint.json
[deleted] /home/ubuntu/apps/election-app/win_prob/H/SC/07/stats.csv
[deleted] /home/ubuntu/apps/election-app/win_prob/H/SC/07/stats2.csv
[done] removed 16 file(s)
[2026-01-24 01:51:41] INFO: [PIPELINE] args: office=H state=SC district=07
[2026-01-24 01:51:41] INFO: [PIPELINE] WINPROB_DIR resolved to: /home/ubuntu/apps/election-app/win_prob/H/SC/07
[2026-01-24 01:51:41] INFO: [PIPELINE] OUTDIR set to: /home/ubuntu/apps/election-app/win_prob/H/SC/07

$ /home/ubuntu/.venv/bin/python3 /home/ubuntu/apps/election-app/stats/1-statewide.py --input /home/ubuntu/apps/election-app/win_prob/H/SC/07/stats.csv --output /home/ubuntu/apps/election-app/win_prob/H/SC/07/_work/stats_with_statewide.csv
Wrote /home/ubuntu/apps/election-app/win_prob/H/SC/07/_work/stats_with_statewide.csv (rows=8)

$ /home/ubuntu/.venv/bin/python3 /home/ubuntu/apps/election-app/stats/1-stats-2.py --input /home/ubuntu/apps/election-app/win_prob/H/SC/07/stats2.csv --output /home/ubuntu/apps/election-app/win_prob/H/SC/07/_work/stats2_final_headers.csv
Wrote /home/ubuntu/apps/election-app/win_prob/H/SC/07/_work/stats2_final_headers.csv (rows=8)

$ /home/ubuntu/.venv/bin/python3 /home/ubuntu/apps/election-app/stats/1-append-new.py
Wrote 2024_county_results_with_final-old.csv (rows=8, missing_final_matches=0)

$ /home/ubuntu/.venv/bin/python3 /home/ubuntu/apps/election-app/stats/1-change_header.py
Wrote: 2024_county_results_with_final.csv

$ /home/ubuntu/.venv/bin/python3 /home/ubuntu/apps/election-app/stats/1-cut-zero-fips.py
Wrote: 2024_county_results_with_final_1.csv
Rows before: 8
Rows after:  8
Dropped (fips == 0): 0

$ /home/ubuntu/.venv/bin/python3 /home/ubuntu/apps/election-app/stats/2-calc.py
Wrote 8 rows with calculations to /home/ubuntu/apps/election-app/win_prob/H/SC/07/_work/2024_county_results_with_calcs-old.csv

$ /home/ubuntu/.venv/bin/python3 /home/ubuntu/apps/election-app/stats/2-eevp.py
Wrote (no-op copy): 2024_county_results_with_calcs.csv
Columns:
 - timestamp
 - state
 - county
 - fips
 - trump_votes
 - harris_votes
 - other_votes
 - eevp
 - state_eevp
 - harris_votes_statewide
 - trump_votes_statewide
 - other_votes_statewide
 - final_state
 - final_county
 - final_fips
 - final_trump_votes
 - final_harris_votes
 - final_other_votes
 - harris_percent_snapshot
 - trump_percent_snapshot
 - margin_snapshot
 - harris_percent_final
 - trump_percent_final
 - margin_final
 - margin_difference
 - margin_difference_abs

$ /home/ubuntu/.venv/bin/python3 /home/ubuntu/apps/election-app/stats/3-calc-new.py
Wrote 8 rows with new columns to /home/ubuntu/apps/election-app/win_prob/H/SC/07/_work/2024_county_results_with_calcs_new.csv

$ /home/ubuntu/.venv/bin/python3 /home/ubuntu/apps/election-app/stats/4-stats.py
Reading 2024_county_results_with_calcs_new.csv...
Aggregating statewide totals...
Calculating percentages and margins...
Writing to output_statewide_stats.csv...
Done!
[2026-01-24 01:51:51] INFO: [PIPELINE] ENTER win-prob generation | states=['SC'] ts_list=['2024-11-05T15-30-22']

============================================================================
[01/1] STATE = SC
============================================================================

$ /home/ubuntu/.venv/bin/python3 /home/ubuntu/apps/election-app/stats/5-snapshots.py --state SC --input /home/ubuntu/apps/election-app/win_prob/H/SC/07/_work/output_statewide_stats.csv --output /home/ubuntu/apps/election-app/win_prob/H/SC/07/snapshots_SC.csv --start 2024-11-05T15-30-22 --end 2024-11-05T15-30-22 --use-window 1 --interval 30
Mode: windowed-one-state
Rows written: 8
Distinct states in output: SC
Rows per normalized timestamp (empty = unparseable):
  2024-11-05T15-30-22: 8
Wrote /home/ubuntu/apps/election-app/win_prob/H/SC/07/snapshots_SC.csv

$ /home/ubuntu/.venv/bin/python3 /home/ubuntu/apps/election-app/stats/6-pval.py /home/ubuntu/apps/election-app/win_prob/H/SC/07/snapshots_SC.csv -t /home/ubuntu/apps/election-app/stats/parameters.csv -o /home/ubuntu/apps/election-app/win_prob/H/SC/07/data_output_SC.csv -c 50
Done. Wrote: /home/ubuntu/apps/election-app/win_prob/H/SC/07/data_output_SC.csv
Total rows: 8 (chunked, resumable).
Computed columns for PVALS = [0.01, 0.1, 1, 2, 3, 5, 10, 15, 20, 25, 30, 35, 40, 45, 50, 55, 60, 65, 70, 75, 80, 85, 90, 95, 97, 98, 99, 99.9, 99.99]
Per p (leader): shift_{p}, margin_new_{p}, harris_percent_new_{p}, trump_percent_new_{p}, total_snapshot_{p}, total_expected_{p}, harris_votes_new_{p}, trump_votes_new_{p}
Per p (trailing): shift_trailing_{p}, margin_new_{p}_trailing, harris_percent_new_{p}_trailing, trump_percent_new_{p}_trailing, total_snapshot_{p}_trailing, total_expected_{p}_trailing, harris_votes_new_{p}_trailing, trump_votes_new_{p}_trailing
Checkpoint saved at: /home/ubuntu/apps/election-app/win_prob/H/SC/07/data_output_SC.csv.checkpoint.json

$ /home/ubuntu/.venv/bin/python3 /home/ubuntu/apps/election-app/stats/7-margin-new.py
Wrote data_output_with_margins_old.csv

$ /home/ubuntu/.venv/bin/python3 /home/ubuntu/apps/election-app/stats/7-eevp-statewide.py
Wrote data_output_with_margins.csv (copied from data_output_with_margins_old.csv)

$ /home/ubuntu/.venv/bin/python3 /home/ubuntu/apps/election-app/stats/7.py --input /home/ubuntu/apps/election-app/win_prob/H/SC/07/data_output_SC_with_margins_statewide_eevp.csv --output /home/ubuntu/apps/election-app/win_prob/H/SC/07/statewide_margin_pct_vs_percent_SC_2026.png --state SC --start 2024-11-05T15-30-22 --end 2024-11-05T15-30-22 --stats /home/ubuntu/apps/election-app/win_prob/H/SC/07/stats.csv --stats2 /home/ubuntu/apps/election-app/win_prob/H/SC/07/stats2.csv --interval 30 --year 2026 --jsonl /home/ubuntu/apps/election-app/win_prob/H/SC/07/plotdata_SC_2026_2026-01-24T01-51-41.jsonl
[info] evaluating 1 timestamps from 2024-11-05T15-30-22 to 2024-11-05T15-30-22 every 30 minutes
[saved] probs_timeseries_SC.csv  (1 points)
[saved] /home/ubuntu/apps/election-app/win_prob/H/SC/07/plotdata_SC_2026_2026-01-24T01-51-41.jsonl  (4 points)
[saved] /home/ubuntu/apps/election-app/win_prob/H/SC/07/statewide_margin_pct_vs_percent_SC_2026_box.json
[saved] /home/ubuntu/apps/election-app/win_prob/H/SC/07/statewide_margin_pct_vs_percent_SC_2026_box.png
[saved] /home/ubuntu/apps/election-app/win_prob/H/SC/07/statewide_margin_pct_vs_percent_SC_2026.png

All 50 states complete. See: /home/ubuntu/apps/election-app/win_prob/H/SC/07

$ /home/ubuntu/.venv/bin/python3 /home/ubuntu/apps/election-app/stats/8.py --root /home/ubuntu/apps/election-app/win_prob/H/SC/07/_work --outdir /home/ubuntu/apps/election-app/win_prob/H/SC/07
[info] root  = /home/ubuntu/apps/election-app/win_prob/H/SC/07/_work
[info] outdir= /home/ubuntu/apps/election-app/win_prob/H/SC/07
[deleted] /home/ubuntu/apps/election-app/win_prob/H/SC/07/_work/stats_with_statewide.csv
[deleted] /home/ubuntu/apps/election-app/win_prob/H/SC/07/_work/stats2_final_headers.csv
[deleted] /home/ubuntu/apps/election-app/win_prob/H/SC/07/_work/2024_county_results_with_final-old.csv
[deleted] /home/ubuntu/apps/election-app/win_prob/H/SC/07/_work/2024_county_results_with_final.csv
[deleted] /home/ubuntu/apps/election-app/win_prob/H/SC/07/_work/2024_county_results_with_final_1.csv
[deleted] /home/ubuntu/apps/election-app/win_prob/H/SC/07/_work/2024_county_results_with_calcs-old.csv
[deleted] /home/ubuntu/apps/election-app/win_prob/H/SC/07/_work/2024_county_results_with_calcs_new.csv
[deleted] /home/ubuntu/apps/election-app/win_prob/H/SC/07/_work/output_statewide_stats.csv
[skip]    /home/ubuntu/apps/election-app/win_prob/H/SC/07/_work/probs_timeseries_PA.csv
[deleted] /home/ubuntu/apps/election-app/win_prob/H/SC/07/_work/2024_county_results_with_calcs.csv
[skip]    /home/ubuntu/apps/election-app/win_prob/H/SC/07/data_output.csv
[skip]    /home/ubuntu/apps/election-app/win_prob/H/SC/07/data_output_with_margins_old.csv
[skip]    /home/ubuntu/apps/election-app/win_prob/H/SC/07/data_output_with_margins.csv
[skip]    /home/ubuntu/apps/election-app/win_prob/H/SC/07/data_output_with_margins-statewide.csv
[deleted] /home/ubuntu/apps/election-app/win_prob/H/SC/07/snapshots_SC.csv
[deleted] /home/ubuntu/apps/election-app/win_prob/H/SC/07/data_output_SC_with_margins_statewide_eevp.csv
[deleted] /home/ubuntu/apps/election-app/win_prob/H/SC/07/data_output_SC.csv
[deleted] /home/ubuntu/apps/election-app/win_prob/H/SC/07/data_output_SC_with_margins.csv
[deleted] /home/ubuntu/apps/election-app/win_prob/H/SC/07/data_output_SC.csv.checkpoint.json
[deleted] /home/ubuntu/apps/election-app/win_prob/H/SC/07/stats.csv
[deleted] /home/ubuntu/apps/election-app/win_prob/H/SC/07/stats2.csv
[done] removed 16 file(s)
[2026-01-24 01:58:43] INFO: [PIPELINE] args: office=H state=SC district=07
[2026-01-24 01:58:43] INFO: [PIPELINE] WINPROB_DIR resolved to: /home/ubuntu/apps/election-app/win_prob/H/SC/07
[2026-01-24 01:58:43] INFO: [PIPELINE] OUTDIR set to: /home/ubuntu/apps/election-app/win_prob/H/SC/07

$ /home/ubuntu/.venv/bin/python3 /home/ubuntu/apps/election-app/stats/1-statewide.py --input /home/ubuntu/apps/election-app/win_prob/H/SC/07/stats.csv --output /home/ubuntu/apps/election-app/win_prob/H/SC/07/_work/stats_with_statewide.csv
Wrote /home/ubuntu/apps/election-app/win_prob/H/SC/07/_work/stats_with_statewide.csv (rows=8)

$ /home/ubuntu/.venv/bin/python3 /home/ubuntu/apps/election-app/stats/1-stats-2.py --input /home/ubuntu/apps/election-app/win_prob/H/SC/07/stats2.csv --output /home/ubuntu/apps/election-app/win_prob/H/SC/07/_work/stats2_final_headers.csv
Wrote /home/ubuntu/apps/election-app/win_prob/H/SC/07/_work/stats2_final_headers.csv (rows=8)

$ /home/ubuntu/.venv/bin/python3 /home/ubuntu/apps/election-app/stats/1-append-new.py
Wrote 2024_county_results_with_final-old.csv (rows=8, missing_final_matches=0)

$ /home/ubuntu/.venv/bin/python3 /home/ubuntu/apps/election-app/stats/1-change_header.py
Wrote: 2024_county_results_with_final.csv

$ /home/ubuntu/.venv/bin/python3 /home/ubuntu/apps/election-app/stats/1-cut-zero-fips.py
Wrote: 2024_county_results_with_final_1.csv
Rows before: 8
Rows after:  8
Dropped (fips == 0): 0

$ /home/ubuntu/.venv/bin/python3 /home/ubuntu/apps/election-app/stats/2-calc.py
Wrote 8 rows with calculations to /home/ubuntu/apps/election-app/win_prob/H/SC/07/_work/2024_county_results_with_calcs-old.csv

$ /home/ubuntu/.venv/bin/python3 /home/ubuntu/apps/election-app/stats/2-eevp.py
Wrote (no-op copy): 2024_county_results_with_calcs.csv
Columns:
 - timestamp
 - state
 - county
 - fips
 - trump_votes
 - harris_votes
 - other_votes
 - eevp
 - state_eevp
 - harris_votes_statewide
 - trump_votes_statewide
 - other_votes_statewide
 - final_state
 - final_county
 - final_fips
 - final_trump_votes
 - final_harris_votes
 - final_other_votes
 - harris_percent_snapshot
 - trump_percent_snapshot
 - margin_snapshot
 - harris_percent_final
 - trump_percent_final
 - margin_final
 - margin_difference
 - margin_difference_abs

$ /home/ubuntu/.venv/bin/python3 /home/ubuntu/apps/election-app/stats/3-calc-new.py
Wrote 8 rows with new columns to /home/ubuntu/apps/election-app/win_prob/H/SC/07/_work/2024_county_results_with_calcs_new.csv

$ /home/ubuntu/.venv/bin/python3 /home/ubuntu/apps/election-app/stats/4-stats.py
Reading 2024_county_results_with_calcs_new.csv...
Aggregating statewide totals...
Calculating percentages and margins...
Writing to output_statewide_stats.csv...
Done!
[2026-01-24 01:58:53] INFO: [PIPELINE] ENTER win-prob generation | states=['SC'] ts_list=['2024-11-05T15-30-22']

============================================================================
[01/1] STATE = SC
============================================================================

$ /home/ubuntu/.venv/bin/python3 /home/ubuntu/apps/election-app/stats/5-snapshots.py --state SC --input /home/ubuntu/apps/election-app/win_prob/H/SC/07/_work/output_statewide_stats.csv --output /home/ubuntu/apps/election-app/win_prob/H/SC/07/snapshots_SC.csv --start 2024-11-05T15-30-22 --end 2024-11-05T15-30-22 --use-window 1 --interval 30
Mode: windowed-one-state
Rows written: 8
Distinct states in output: SC
Rows per normalized timestamp (empty = unparseable):
  2024-11-05T15-30-22: 8
Wrote /home/ubuntu/apps/election-app/win_prob/H/SC/07/snapshots_SC.csv

$ /home/ubuntu/.venv/bin/python3 /home/ubuntu/apps/election-app/stats/6-pval.py /home/ubuntu/apps/election-app/win_prob/H/SC/07/snapshots_SC.csv -t /home/ubuntu/apps/election-app/stats/parameters.csv -o /home/ubuntu/apps/election-app/win_prob/H/SC/07/data_output_SC.csv -c 50
Done. Wrote: /home/ubuntu/apps/election-app/win_prob/H/SC/07/data_output_SC.csv
Total rows: 8 (chunked, resumable).
Computed columns for PVALS = [0.01, 0.1, 1, 2, 3, 5, 10, 15, 20, 25, 30, 35, 40, 45, 50, 55, 60, 65, 70, 75, 80, 85, 90, 95, 97, 98, 99, 99.9, 99.99]
Per p (leader): shift_{p}, margin_new_{p}, harris_percent_new_{p}, trump_percent_new_{p}, total_snapshot_{p}, total_expected_{p}, harris_votes_new_{p}, trump_votes_new_{p}
Per p (trailing): shift_trailing_{p}, margin_new_{p}_trailing, harris_percent_new_{p}_trailing, trump_percent_new_{p}_trailing, total_snapshot_{p}_trailing, total_expected_{p}_trailing, harris_votes_new_{p}_trailing, trump_votes_new_{p}_trailing
Checkpoint saved at: /home/ubuntu/apps/election-app/win_prob/H/SC/07/data_output_SC.csv.checkpoint.json

$ /home/ubuntu/.venv/bin/python3 /home/ubuntu/apps/election-app/stats/7-margin-new.py
Wrote data_output_with_margins_old.csv

$ /home/ubuntu/.venv/bin/python3 /home/ubuntu/apps/election-app/stats/7-eevp-statewide.py
Wrote data_output_with_margins.csv (copied from data_output_with_margins_old.csv)

$ /home/ubuntu/.venv/bin/python3 /home/ubuntu/apps/election-app/stats/7.py --input /home/ubuntu/apps/election-app/win_prob/H/SC/07/data_output_SC_with_margins_statewide_eevp.csv --output /home/ubuntu/apps/election-app/win_prob/H/SC/07/statewide_margin_pct_vs_percent_SC_2026.png --state SC --start 2024-11-05T15-30-22 --end 2024-11-05T15-30-22 --stats /home/ubuntu/apps/election-app/win_prob/H/SC/07/stats.csv --stats2 /home/ubuntu/apps/election-app/win_prob/H/SC/07/stats2.csv --interval 30 --year 2026 --jsonl /home/ubuntu/apps/election-app/win_prob/H/SC/07/plotdata_SC_2026_2026-01-24T01-58-43.jsonl
[info] evaluating 1 timestamps from 2024-11-05T15-30-22 to 2024-11-05T15-30-22 every 30 minutes
[saved] probs_timeseries_SC.csv  (1 points)
[saved] /home/ubuntu/apps/election-app/win_prob/H/SC/07/plotdata_SC_2026_2026-01-24T01-58-43.jsonl  (4 points)
[saved] /home/ubuntu/apps/election-app/win_prob/H/SC/07/statewide_margin_pct_vs_percent_SC_2026_box.json
[saved] /home/ubuntu/apps/election-app/win_prob/H/SC/07/statewide_margin_pct_vs_percent_SC_2026_box.png
[saved] /home/ubuntu/apps/election-app/win_prob/H/SC/07/statewide_margin_pct_vs_percent_SC_2026.png

All 50 states complete. See: /home/ubuntu/apps/election-app/win_prob/H/SC/07

$ /home/ubuntu/.venv/bin/python3 /home/ubuntu/apps/election-app/stats/8.py --root /home/ubuntu/apps/election-app/win_prob/H/SC/07/_work --outdir /home/ubuntu/apps/election-app/win_prob/H/SC/07
[info] root  = /home/ubuntu/apps/election-app/win_prob/H/SC/07/_work
[info] outdir= /home/ubuntu/apps/election-app/win_prob/H/SC/07
[deleted] /home/ubuntu/apps/election-app/win_prob/H/SC/07/_work/stats_with_statewide.csv
[deleted] /home/ubuntu/apps/election-app/win_prob/H/SC/07/_work/stats2_final_headers.csv
[deleted] /home/ubuntu/apps/election-app/win_prob/H/SC/07/_work/2024_county_results_with_final-old.csv
[deleted] /home/ubuntu/apps/election-app/win_prob/H/SC/07/_work/2024_county_results_with_final.csv
[deleted] /home/ubuntu/apps/election-app/win_prob/H/SC/07/_work/2024_county_results_with_final_1.csv
[deleted] /home/ubuntu/apps/election-app/win_prob/H/SC/07/_work/2024_county_results_with_calcs-old.csv
[deleted] /home/ubuntu/apps/election-app/win_prob/H/SC/07/_work/2024_county_results_with_calcs_new.csv
[deleted] /home/ubuntu/apps/election-app/win_prob/H/SC/07/_work/output_statewide_stats.csv
[skip]    /home/ubuntu/apps/election-app/win_prob/H/SC/07/_work/probs_timeseries_PA.csv
[deleted] /home/ubuntu/apps/election-app/win_prob/H/SC/07/_work/2024_county_results_with_calcs.csv
[skip]    /home/ubuntu/apps/election-app/win_prob/H/SC/07/data_output.csv
[skip]    /home/ubuntu/apps/election-app/win_prob/H/SC/07/data_output_with_margins_old.csv
[skip]    /home/ubuntu/apps/election-app/win_prob/H/SC/07/data_output_with_margins.csv
[skip]    /home/ubuntu/apps/election-app/win_prob/H/SC/07/data_output_with_margins-statewide.csv
[deleted] /home/ubuntu/apps/election-app/win_prob/H/SC/07/snapshots_SC.csv
[deleted] /home/ubuntu/apps/election-app/win_prob/H/SC/07/data_output_SC_with_margins_statewide_eevp.csv
[deleted] /home/ubuntu/apps/election-app/win_prob/H/SC/07/data_output_SC.csv
[deleted] /home/ubuntu/apps/election-app/win_prob/H/SC/07/data_output_SC_with_margins.csv
[deleted] /home/ubuntu/apps/election-app/win_prob/H/SC/07/data_output_SC.csv.checkpoint.json
[deleted] /home/ubuntu/apps/election-app/win_prob/H/SC/07/stats.csv
[deleted] /home/ubuntu/apps/election-app/win_prob/H/SC/07/stats2.csv
[done] removed 16 file(s)
[2026-01-24 02:05:45] INFO: [PIPELINE] args: office=H state=SC district=07
[2026-01-24 02:05:45] INFO: [PIPELINE] WINPROB_DIR resolved to: /home/ubuntu/apps/election-app/win_prob/H/SC/07
[2026-01-24 02:05:45] INFO: [PIPELINE] OUTDIR set to: /home/ubuntu/apps/election-app/win_prob/H/SC/07

$ /home/ubuntu/.venv/bin/python3 /home/ubuntu/apps/election-app/stats/1-statewide.py --input /home/ubuntu/apps/election-app/win_prob/H/SC/07/stats.csv --output /home/ubuntu/apps/election-app/win_prob/H/SC/07/_work/stats_with_statewide.csv
Wrote /home/ubuntu/apps/election-app/win_prob/H/SC/07/_work/stats_with_statewide.csv (rows=8)

$ /home/ubuntu/.venv/bin/python3 /home/ubuntu/apps/election-app/stats/1-stats-2.py --input /home/ubuntu/apps/election-app/win_prob/H/SC/07/stats2.csv --output /home/ubuntu/apps/election-app/win_prob/H/SC/07/_work/stats2_final_headers.csv
Wrote /home/ubuntu/apps/election-app/win_prob/H/SC/07/_work/stats2_final_headers.csv (rows=8)

$ /home/ubuntu/.venv/bin/python3 /home/ubuntu/apps/election-app/stats/1-append-new.py
Wrote 2024_county_results_with_final-old.csv (rows=8, missing_final_matches=0)

$ /home/ubuntu/.venv/bin/python3 /home/ubuntu/apps/election-app/stats/1-change_header.py
Wrote: 2024_county_results_with_final.csv

$ /home/ubuntu/.venv/bin/python3 /home/ubuntu/apps/election-app/stats/1-cut-zero-fips.py
Wrote: 2024_county_results_with_final_1.csv
Rows before: 8
Rows after:  8
Dropped (fips == 0): 0

$ /home/ubuntu/.venv/bin/python3 /home/ubuntu/apps/election-app/stats/2-calc.py
Wrote 8 rows with calculations to /home/ubuntu/apps/election-app/win_prob/H/SC/07/_work/2024_county_results_with_calcs-old.csv

$ /home/ubuntu/.venv/bin/python3 /home/ubuntu/apps/election-app/stats/2-eevp.py
Wrote (no-op copy): 2024_county_results_with_calcs.csv
Columns:
 - timestamp
 - state
 - county
 - fips
 - trump_votes
 - harris_votes
 - other_votes
 - eevp
 - state_eevp
 - harris_votes_statewide
 - trump_votes_statewide
 - other_votes_statewide
 - final_state
 - final_county
 - final_fips
 - final_trump_votes
 - final_harris_votes
 - final_other_votes
 - harris_percent_snapshot
 - trump_percent_snapshot
 - margin_snapshot
 - harris_percent_final
 - trump_percent_final
 - margin_final
 - margin_difference
 - margin_difference_abs

$ /home/ubuntu/.venv/bin/python3 /home/ubuntu/apps/election-app/stats/3-calc-new.py
Wrote 8 rows with new columns to /home/ubuntu/apps/election-app/win_prob/H/SC/07/_work/2024_county_results_with_calcs_new.csv

$ /home/ubuntu/.venv/bin/python3 /home/ubuntu/apps/election-app/stats/4-stats.py
Reading 2024_county_results_with_calcs_new.csv...
Aggregating statewide totals...
Calculating percentages and margins...
Writing to output_statewide_stats.csv...
Done!
[2026-01-24 02:05:56] INFO: [PIPELINE] ENTER win-prob generation | states=['SC'] ts_list=['2024-11-05T15-30-22']

============================================================================
[01/1] STATE = SC
============================================================================

$ /home/ubuntu/.venv/bin/python3 /home/ubuntu/apps/election-app/stats/5-snapshots.py --state SC --input /home/ubuntu/apps/election-app/win_prob/H/SC/07/_work/output_statewide_stats.csv --output /home/ubuntu/apps/election-app/win_prob/H/SC/07/snapshots_SC.csv --start 2024-11-05T15-30-22 --end 2024-11-05T15-30-22 --use-window 1 --interval 30
Mode: windowed-one-state
Rows written: 8
Distinct states in output: SC
Rows per normalized timestamp (empty = unparseable):
  2024-11-05T15-30-22: 8
Wrote /home/ubuntu/apps/election-app/win_prob/H/SC/07/snapshots_SC.csv

$ /home/ubuntu/.venv/bin/python3 /home/ubuntu/apps/election-app/stats/6-pval.py /home/ubuntu/apps/election-app/win_prob/H/SC/07/snapshots_SC.csv -t /home/ubuntu/apps/election-app/stats/parameters.csv -o /home/ubuntu/apps/election-app/win_prob/H/SC/07/data_output_SC.csv -c 50
Done. Wrote: /home/ubuntu/apps/election-app/win_prob/H/SC/07/data_output_SC.csv
Total rows: 8 (chunked, resumable).
Computed columns for PVALS = [0.01, 0.1, 1, 2, 3, 5, 10, 15, 20, 25, 30, 35, 40, 45, 50, 55, 60, 65, 70, 75, 80, 85, 90, 95, 97, 98, 99, 99.9, 99.99]
Per p (leader): shift_{p}, margin_new_{p}, harris_percent_new_{p}, trump_percent_new_{p}, total_snapshot_{p}, total_expected_{p}, harris_votes_new_{p}, trump_votes_new_{p}
Per p (trailing): shift_trailing_{p}, margin_new_{p}_trailing, harris_percent_new_{p}_trailing, trump_percent_new_{p}_trailing, total_snapshot_{p}_trailing, total_expected_{p}_trailing, harris_votes_new_{p}_trailing, trump_votes_new_{p}_trailing
Checkpoint saved at: /home/ubuntu/apps/election-app/win_prob/H/SC/07/data_output_SC.csv.checkpoint.json

$ /home/ubuntu/.venv/bin/python3 /home/ubuntu/apps/election-app/stats/7-margin-new.py
Wrote data_output_with_margins_old.csv

$ /home/ubuntu/.venv/bin/python3 /home/ubuntu/apps/election-app/stats/7-eevp-statewide.py
Wrote data_output_with_margins.csv (copied from data_output_with_margins_old.csv)

$ /home/ubuntu/.venv/bin/python3 /home/ubuntu/apps/election-app/stats/7.py --input /home/ubuntu/apps/election-app/win_prob/H/SC/07/data_output_SC_with_margins_statewide_eevp.csv --output /home/ubuntu/apps/election-app/win_prob/H/SC/07/statewide_margin_pct_vs_percent_SC_2026.png --state SC --start 2024-11-05T15-30-22 --end 2024-11-05T15-30-22 --stats /home/ubuntu/apps/election-app/win_prob/H/SC/07/stats.csv --stats2 /home/ubuntu/apps/election-app/win_prob/H/SC/07/stats2.csv --interval 30 --year 2026 --jsonl /home/ubuntu/apps/election-app/win_prob/H/SC/07/plotdata_SC_2026_2026-01-24T02-05-45.jsonl
[info] evaluating 1 timestamps from 2024-11-05T15-30-22 to 2024-11-05T15-30-22 every 30 minutes
[saved] probs_timeseries_SC.csv  (1 points)
[saved] /home/ubuntu/apps/election-app/win_prob/H/SC/07/plotdata_SC_2026_2026-01-24T02-05-45.jsonl  (4 points)
[saved] /home/ubuntu/apps/election-app/win_prob/H/SC/07/statewide_margin_pct_vs_percent_SC_2026_box.json
[saved] /home/ubuntu/apps/election-app/win_prob/H/SC/07/statewide_margin_pct_vs_percent_SC_2026_box.png
[saved] /home/ubuntu/apps/election-app/win_prob/H/SC/07/statewide_margin_pct_vs_percent_SC_2026.png

All 50 states complete. See: /home/ubuntu/apps/election-app/win_prob/H/SC/07

$ /home/ubuntu/.venv/bin/python3 /home/ubuntu/apps/election-app/stats/8.py --root /home/ubuntu/apps/election-app/win_prob/H/SC/07/_work --outdir /home/ubuntu/apps/election-app/win_prob/H/SC/07
[info] root  = /home/ubuntu/apps/election-app/win_prob/H/SC/07/_work
[info] outdir= /home/ubuntu/apps/election-app/win_prob/H/SC/07
[deleted] /home/ubuntu/apps/election-app/win_prob/H/SC/07/_work/stats_with_statewide.csv
[deleted] /home/ubuntu/apps/election-app/win_prob/H/SC/07/_work/stats2_final_headers.csv
[deleted] /home/ubuntu/apps/election-app/win_prob/H/SC/07/_work/2024_county_results_with_final-old.csv
[deleted] /home/ubuntu/apps/election-app/win_prob/H/SC/07/_work/2024_county_results_with_final.csv
[deleted] /home/ubuntu/apps/election-app/win_prob/H/SC/07/_work/2024_county_results_with_final_1.csv
[deleted] /home/ubuntu/apps/election-app/win_prob/H/SC/07/_work/2024_county_results_with_calcs-old.csv
[deleted] /home/ubuntu/apps/election-app/win_prob/H/SC/07/_work/2024_county_results_with_calcs_new.csv
[deleted] /home/ubuntu/apps/election-app/win_prob/H/SC/07/_work/output_statewide_stats.csv
[skip]    /home/ubuntu/apps/election-app/win_prob/H/SC/07/_work/probs_timeseries_PA.csv
[deleted] /home/ubuntu/apps/election-app/win_prob/H/SC/07/_work/2024_county_results_with_calcs.csv
[skip]    /home/ubuntu/apps/election-app/win_prob/H/SC/07/data_output.csv
[skip]    /home/ubuntu/apps/election-app/win_prob/H/SC/07/data_output_with_margins_old.csv
[skip]    /home/ubuntu/apps/election-app/win_prob/H/SC/07/data_output_with_margins.csv
[skip]    /home/ubuntu/apps/election-app/win_prob/H/SC/07/data_output_with_margins-statewide.csv
[deleted] /home/ubuntu/apps/election-app/win_prob/H/SC/07/snapshots_SC.csv
[deleted] /home/ubuntu/apps/election-app/win_prob/H/SC/07/data_output_SC_with_margins_statewide_eevp.csv
[deleted] /home/ubuntu/apps/election-app/win_prob/H/SC/07/data_output_SC.csv
[deleted] /home/ubuntu/apps/election-app/win_prob/H/SC/07/data_output_SC_with_margins.csv
[deleted] /home/ubuntu/apps/election-app/win_prob/H/SC/07/data_output_SC.csv.checkpoint.json
[deleted] /home/ubuntu/apps/election-app/win_prob/H/SC/07/stats.csv
[deleted] /home/ubuntu/apps/election-app/win_prob/H/SC/07/stats2.csv
[done] removed 16 file(s)
[2026-01-24 02:12:47] INFO: [PIPELINE] args: office=H state=SC district=07
[2026-01-24 02:12:47] INFO: [PIPELINE] WINPROB_DIR resolved to: /home/ubuntu/apps/election-app/win_prob/H/SC/07
[2026-01-24 02:12:47] INFO: [PIPELINE] OUTDIR set to: /home/ubuntu/apps/election-app/win_prob/H/SC/07

$ /home/ubuntu/.venv/bin/python3 /home/ubuntu/apps/election-app/stats/1-statewide.py --input /home/ubuntu/apps/election-app/win_prob/H/SC/07/stats.csv --output /home/ubuntu/apps/election-app/win_prob/H/SC/07/_work/stats_with_statewide.csv
Wrote /home/ubuntu/apps/election-app/win_prob/H/SC/07/_work/stats_with_statewide.csv (rows=8)

$ /home/ubuntu/.venv/bin/python3 /home/ubuntu/apps/election-app/stats/1-stats-2.py --input /home/ubuntu/apps/election-app/win_prob/H/SC/07/stats2.csv --output /home/ubuntu/apps/election-app/win_prob/H/SC/07/_work/stats2_final_headers.csv
Wrote /home/ubuntu/apps/election-app/win_prob/H/SC/07/_work/stats2_final_headers.csv (rows=8)

$ /home/ubuntu/.venv/bin/python3 /home/ubuntu/apps/election-app/stats/1-append-new.py
Wrote 2024_county_results_with_final-old.csv (rows=8, missing_final_matches=0)

$ /home/ubuntu/.venv/bin/python3 /home/ubuntu/apps/election-app/stats/1-change_header.py
Wrote: 2024_county_results_with_final.csv

$ /home/ubuntu/.venv/bin/python3 /home/ubuntu/apps/election-app/stats/1-cut-zero-fips.py
Wrote: 2024_county_results_with_final_1.csv
Rows before: 8
Rows after:  8
Dropped (fips == 0): 0

$ /home/ubuntu/.venv/bin/python3 /home/ubuntu/apps/election-app/stats/2-calc.py
Wrote 8 rows with calculations to /home/ubuntu/apps/election-app/win_prob/H/SC/07/_work/2024_county_results_with_calcs-old.csv

$ /home/ubuntu/.venv/bin/python3 /home/ubuntu/apps/election-app/stats/2-eevp.py
Wrote (no-op copy): 2024_county_results_with_calcs.csv
Columns:
 - timestamp
 - state
 - county
 - fips
 - trump_votes
 - harris_votes
 - other_votes
 - eevp
 - state_eevp
 - harris_votes_statewide
 - trump_votes_statewide
 - other_votes_statewide
 - final_state
 - final_county
 - final_fips
 - final_trump_votes
 - final_harris_votes
 - final_other_votes
 - harris_percent_snapshot
 - trump_percent_snapshot
 - margin_snapshot
 - harris_percent_final
 - trump_percent_final
 - margin_final
 - margin_difference
 - margin_difference_abs

$ /home/ubuntu/.venv/bin/python3 /home/ubuntu/apps/election-app/stats/3-calc-new.py
Wrote 8 rows with new columns to /home/ubuntu/apps/election-app/win_prob/H/SC/07/_work/2024_county_results_with_calcs_new.csv

$ /home/ubuntu/.venv/bin/python3 /home/ubuntu/apps/election-app/stats/4-stats.py
Reading 2024_county_results_with_calcs_new.csv...
Aggregating statewide totals...
Calculating percentages and margins...
Writing to output_statewide_stats.csv...
Done!
[2026-01-24 02:12:58] INFO: [PIPELINE] ENTER win-prob generation | states=['SC'] ts_list=['2024-11-05T15-30-22']

============================================================================
[01/1] STATE = SC
============================================================================

$ /home/ubuntu/.venv/bin/python3 /home/ubuntu/apps/election-app/stats/5-snapshots.py --state SC --input /home/ubuntu/apps/election-app/win_prob/H/SC/07/_work/output_statewide_stats.csv --output /home/ubuntu/apps/election-app/win_prob/H/SC/07/snapshots_SC.csv --start 2024-11-05T15-30-22 --end 2024-11-05T15-30-22 --use-window 1 --interval 30
Mode: windowed-one-state
Rows written: 8
Distinct states in output: SC
Rows per normalized timestamp (empty = unparseable):
  2024-11-05T15-30-22: 8
Wrote /home/ubuntu/apps/election-app/win_prob/H/SC/07/snapshots_SC.csv

$ /home/ubuntu/.venv/bin/python3 /home/ubuntu/apps/election-app/stats/6-pval.py /home/ubuntu/apps/election-app/win_prob/H/SC/07/snapshots_SC.csv -t /home/ubuntu/apps/election-app/stats/parameters.csv -o /home/ubuntu/apps/election-app/win_prob/H/SC/07/data_output_SC.csv -c 50
Done. Wrote: /home/ubuntu/apps/election-app/win_prob/H/SC/07/data_output_SC.csv
Total rows: 8 (chunked, resumable).
Computed columns for PVALS = [0.01, 0.1, 1, 2, 3, 5, 10, 15, 20, 25, 30, 35, 40, 45, 50, 55, 60, 65, 70, 75, 80, 85, 90, 95, 97, 98, 99, 99.9, 99.99]
Per p (leader): shift_{p}, margin_new_{p}, harris_percent_new_{p}, trump_percent_new_{p}, total_snapshot_{p}, total_expected_{p}, harris_votes_new_{p}, trump_votes_new_{p}
Per p (trailing): shift_trailing_{p}, margin_new_{p}_trailing, harris_percent_new_{p}_trailing, trump_percent_new_{p}_trailing, total_snapshot_{p}_trailing, total_expected_{p}_trailing, harris_votes_new_{p}_trailing, trump_votes_new_{p}_trailing
Checkpoint saved at: /home/ubuntu/apps/election-app/win_prob/H/SC/07/data_output_SC.csv.checkpoint.json

$ /home/ubuntu/.venv/bin/python3 /home/ubuntu/apps/election-app/stats/7-margin-new.py
Wrote data_output_with_margins_old.csv

$ /home/ubuntu/.venv/bin/python3 /home/ubuntu/apps/election-app/stats/7-eevp-statewide.py
Wrote data_output_with_margins.csv (copied from data_output_with_margins_old.csv)

$ /home/ubuntu/.venv/bin/python3 /home/ubuntu/apps/election-app/stats/7.py --input /home/ubuntu/apps/election-app/win_prob/H/SC/07/data_output_SC_with_margins_statewide_eevp.csv --output /home/ubuntu/apps/election-app/win_prob/H/SC/07/statewide_margin_pct_vs_percent_SC_2026.png --state SC --start 2024-11-05T15-30-22 --end 2024-11-05T15-30-22 --stats /home/ubuntu/apps/election-app/win_prob/H/SC/07/stats.csv --stats2 /home/ubuntu/apps/election-app/win_prob/H/SC/07/stats2.csv --interval 30 --year 2026 --jsonl /home/ubuntu/apps/election-app/win_prob/H/SC/07/plotdata_SC_2026_2026-01-24T02-12-47.jsonl
[info] evaluating 1 timestamps from 2024-11-05T15-30-22 to 2024-11-05T15-30-22 every 30 minutes
[saved] probs_timeseries_SC.csv  (1 points)
[saved] /home/ubuntu/apps/election-app/win_prob/H/SC/07/plotdata_SC_2026_2026-01-24T02-12-47.jsonl  (4 points)
[saved] /home/ubuntu/apps/election-app/win_prob/H/SC/07/statewide_margin_pct_vs_percent_SC_2026_box.json
[saved] /home/ubuntu/apps/election-app/win_prob/H/SC/07/statewide_margin_pct_vs_percent_SC_2026_box.png
[saved] /home/ubuntu/apps/election-app/win_prob/H/SC/07/statewide_margin_pct_vs_percent_SC_2026.png

All 50 states complete. See: /home/ubuntu/apps/election-app/win_prob/H/SC/07

$ /home/ubuntu/.venv/bin/python3 /home/ubuntu/apps/election-app/stats/8.py --root /home/ubuntu/apps/election-app/win_prob/H/SC/07/_work --outdir /home/ubuntu/apps/election-app/win_prob/H/SC/07
[info] root  = /home/ubuntu/apps/election-app/win_prob/H/SC/07/_work
[info] outdir= /home/ubuntu/apps/election-app/win_prob/H/SC/07
[deleted] /home/ubuntu/apps/election-app/win_prob/H/SC/07/_work/stats_with_statewide.csv
[deleted] /home/ubuntu/apps/election-app/win_prob/H/SC/07/_work/stats2_final_headers.csv
[deleted] /home/ubuntu/apps/election-app/win_prob/H/SC/07/_work/2024_county_results_with_final-old.csv
[deleted] /home/ubuntu/apps/election-app/win_prob/H/SC/07/_work/2024_county_results_with_final.csv
[deleted] /home/ubuntu/apps/election-app/win_prob/H/SC/07/_work/2024_county_results_with_final_1.csv
[deleted] /home/ubuntu/apps/election-app/win_prob/H/SC/07/_work/2024_county_results_with_calcs-old.csv
[deleted] /home/ubuntu/apps/election-app/win_prob/H/SC/07/_work/2024_county_results_with_calcs_new.csv
[deleted] /home/ubuntu/apps/election-app/win_prob/H/SC/07/_work/output_statewide_stats.csv
[skip]    /home/ubuntu/apps/election-app/win_prob/H/SC/07/_work/probs_timeseries_PA.csv
[deleted] /home/ubuntu/apps/election-app/win_prob/H/SC/07/_work/2024_county_results_with_calcs.csv
[skip]    /home/ubuntu/apps/election-app/win_prob/H/SC/07/data_output.csv
[skip]    /home/ubuntu/apps/election-app/win_prob/H/SC/07/data_output_with_margins_old.csv
[skip]    /home/ubuntu/apps/election-app/win_prob/H/SC/07/data_output_with_margins.csv
[skip]    /home/ubuntu/apps/election-app/win_prob/H/SC/07/data_output_with_margins-statewide.csv
[deleted] /home/ubuntu/apps/election-app/win_prob/H/SC/07/snapshots_SC.csv
[deleted] /home/ubuntu/apps/election-app/win_prob/H/SC/07/data_output_SC_with_margins_statewide_eevp.csv
[deleted] /home/ubuntu/apps/election-app/win_prob/H/SC/07/data_output_SC.csv
[deleted] /home/ubuntu/apps/election-app/win_prob/H/SC/07/data_output_SC_with_margins.csv
[deleted] /home/ubuntu/apps/election-app/win_prob/H/SC/07/data_output_SC.csv.checkpoint.json
[deleted] /home/ubuntu/apps/election-app/win_prob/H/SC/07/stats.csv
[deleted] /home/ubuntu/apps/election-app/win_prob/H/SC/07/stats2.csv
[done] removed 16 file(s)
[2026-01-24 02:19:42] INFO: [PIPELINE] args: office=H state=SC district=07
[2026-01-24 02:19:42] INFO: [PIPELINE] WINPROB_DIR resolved to: /home/ubuntu/apps/election-app/win_prob/H/SC/07
[2026-01-24 02:19:42] INFO: [PIPELINE] OUTDIR set to: /home/ubuntu/apps/election-app/win_prob/H/SC/07

$ /home/ubuntu/.venv/bin/python3 /home/ubuntu/apps/election-app/stats/1-statewide.py --input /home/ubuntu/apps/election-app/win_prob/H/SC/07/stats.csv --output /home/ubuntu/apps/election-app/win_prob/H/SC/07/_work/stats_with_statewide.csv
Wrote /home/ubuntu/apps/election-app/win_prob/H/SC/07/_work/stats_with_statewide.csv (rows=8)

$ /home/ubuntu/.venv/bin/python3 /home/ubuntu/apps/election-app/stats/1-stats-2.py --input /home/ubuntu/apps/election-app/win_prob/H/SC/07/stats2.csv --output /home/ubuntu/apps/election-app/win_prob/H/SC/07/_work/stats2_final_headers.csv
Wrote /home/ubuntu/apps/election-app/win_prob/H/SC/07/_work/stats2_final_headers.csv (rows=8)

$ /home/ubuntu/.venv/bin/python3 /home/ubuntu/apps/election-app/stats/1-append-new.py
Wrote 2024_county_results_with_final-old.csv (rows=8, missing_final_matches=0)

$ /home/ubuntu/.venv/bin/python3 /home/ubuntu/apps/election-app/stats/1-change_header.py
Wrote: 2024_county_results_with_final.csv

$ /home/ubuntu/.venv/bin/python3 /home/ubuntu/apps/election-app/stats/1-cut-zero-fips.py
Wrote: 2024_county_results_with_final_1.csv
Rows before: 8
Rows after:  8
Dropped (fips == 0): 0

$ /home/ubuntu/.venv/bin/python3 /home/ubuntu/apps/election-app/stats/2-calc.py
Wrote 8 rows with calculations to /home/ubuntu/apps/election-app/win_prob/H/SC/07/_work/2024_county_results_with_calcs-old.csv

$ /home/ubuntu/.venv/bin/python3 /home/ubuntu/apps/election-app/stats/2-eevp.py
Wrote (no-op copy): 2024_county_results_with_calcs.csv
Columns:
 - timestamp
 - state
 - county
 - fips
 - trump_votes
 - harris_votes
 - other_votes
 - eevp
 - state_eevp
 - harris_votes_statewide
 - trump_votes_statewide
 - other_votes_statewide
 - final_state
 - final_county
 - final_fips
 - final_trump_votes
 - final_harris_votes
 - final_other_votes
 - harris_percent_snapshot
 - trump_percent_snapshot
 - margin_snapshot
 - harris_percent_final
 - trump_percent_final
 - margin_final
 - margin_difference
 - margin_difference_abs

$ /home/ubuntu/.venv/bin/python3 /home/ubuntu/apps/election-app/stats/3-calc-new.py
Wrote 8 rows with new columns to /home/ubuntu/apps/election-app/win_prob/H/SC/07/_work/2024_county_results_with_calcs_new.csv

$ /home/ubuntu/.venv/bin/python3 /home/ubuntu/apps/election-app/stats/4-stats.py
Reading 2024_county_results_with_calcs_new.csv...
Aggregating statewide totals...
Calculating percentages and margins...
Writing to output_statewide_stats.csv...
Done!
[2026-01-24 02:19:51] INFO: [PIPELINE] ENTER win-prob generation | states=['SC'] ts_list=['2024-11-05T15-30-22']

============================================================================
[01/1] STATE = SC
============================================================================

$ /home/ubuntu/.venv/bin/python3 /home/ubuntu/apps/election-app/stats/5-snapshots.py --state SC --input /home/ubuntu/apps/election-app/win_prob/H/SC/07/_work/output_statewide_stats.csv --output /home/ubuntu/apps/election-app/win_prob/H/SC/07/snapshots_SC.csv --start 2024-11-05T15-30-22 --end 2024-11-05T15-30-22 --use-window 1 --interval 30
Mode: windowed-one-state
Rows written: 8
Distinct states in output: SC
Rows per normalized timestamp (empty = unparseable):
  2024-11-05T15-30-22: 8
Wrote /home/ubuntu/apps/election-app/win_prob/H/SC/07/snapshots_SC.csv

$ /home/ubuntu/.venv/bin/python3 /home/ubuntu/apps/election-app/stats/6-pval.py /home/ubuntu/apps/election-app/win_prob/H/SC/07/snapshots_SC.csv -t /home/ubuntu/apps/election-app/stats/parameters.csv -o /home/ubuntu/apps/election-app/win_prob/H/SC/07/data_output_SC.csv -c 50
Done. Wrote: /home/ubuntu/apps/election-app/win_prob/H/SC/07/data_output_SC.csv
Total rows: 8 (chunked, resumable).
Computed columns for PVALS = [0.01, 0.1, 1, 2, 3, 5, 10, 15, 20, 25, 30, 35, 40, 45, 50, 55, 60, 65, 70, 75, 80, 85, 90, 95, 97, 98, 99, 99.9, 99.99]
Per p (leader): shift_{p}, margin_new_{p}, harris_percent_new_{p}, trump_percent_new_{p}, total_snapshot_{p}, total_expected_{p}, harris_votes_new_{p}, trump_votes_new_{p}
Per p (trailing): shift_trailing_{p}, margin_new_{p}_trailing, harris_percent_new_{p}_trailing, trump_percent_new_{p}_trailing, total_snapshot_{p}_trailing, total_expected_{p}_trailing, harris_votes_new_{p}_trailing, trump_votes_new_{p}_trailing
Checkpoint saved at: /home/ubuntu/apps/election-app/win_prob/H/SC/07/data_output_SC.csv.checkpoint.json

$ /home/ubuntu/.venv/bin/python3 /home/ubuntu/apps/election-app/stats/7-margin-new.py
Wrote data_output_with_margins_old.csv

$ /home/ubuntu/.venv/bin/python3 /home/ubuntu/apps/election-app/stats/7-eevp-statewide.py
Wrote data_output_with_margins.csv (copied from data_output_with_margins_old.csv)

$ /home/ubuntu/.venv/bin/python3 /home/ubuntu/apps/election-app/stats/7.py --input /home/ubuntu/apps/election-app/win_prob/H/SC/07/data_output_SC_with_margins_statewide_eevp.csv --output /home/ubuntu/apps/election-app/win_prob/H/SC/07/statewide_margin_pct_vs_percent_SC_2026.png --state SC --start 2024-11-05T15-30-22 --end 2024-11-05T15-30-22 --stats /home/ubuntu/apps/election-app/win_prob/H/SC/07/stats.csv --stats2 /home/ubuntu/apps/election-app/win_prob/H/SC/07/stats2.csv --interval 30 --year 2026 --jsonl /home/ubuntu/apps/election-app/win_prob/H/SC/07/plotdata_SC_2026_2026-01-24T02-19-42.jsonl
[info] evaluating 1 timestamps from 2024-11-05T15-30-22 to 2024-11-05T15-30-22 every 30 minutes
[saved] probs_timeseries_SC.csv  (1 points)
[saved] /home/ubuntu/apps/election-app/win_prob/H/SC/07/plotdata_SC_2026_2026-01-24T02-19-42.jsonl  (4 points)
[saved] /home/ubuntu/apps/election-app/win_prob/H/SC/07/statewide_margin_pct_vs_percent_SC_2026_box.json
[saved] /home/ubuntu/apps/election-app/win_prob/H/SC/07/statewide_margin_pct_vs_percent_SC_2026_box.png
[saved] /home/ubuntu/apps/election-app/win_prob/H/SC/07/statewide_margin_pct_vs_percent_SC_2026.png

All 50 states complete. See: /home/ubuntu/apps/election-app/win_prob/H/SC/07

$ /home/ubuntu/.venv/bin/python3 /home/ubuntu/apps/election-app/stats/8.py --root /home/ubuntu/apps/election-app/win_prob/H/SC/07/_work --outdir /home/ubuntu/apps/election-app/win_prob/H/SC/07
[info] root  = /home/ubuntu/apps/election-app/win_prob/H/SC/07/_work
[info] outdir= /home/ubuntu/apps/election-app/win_prob/H/SC/07
[deleted] /home/ubuntu/apps/election-app/win_prob/H/SC/07/_work/stats_with_statewide.csv
[deleted] /home/ubuntu/apps/election-app/win_prob/H/SC/07/_work/stats2_final_headers.csv
[deleted] /home/ubuntu/apps/election-app/win_prob/H/SC/07/_work/2024_county_results_with_final-old.csv
[deleted] /home/ubuntu/apps/election-app/win_prob/H/SC/07/_work/2024_county_results_with_final.csv
[deleted] /home/ubuntu/apps/election-app/win_prob/H/SC/07/_work/2024_county_results_with_final_1.csv
[deleted] /home/ubuntu/apps/election-app/win_prob/H/SC/07/_work/2024_county_results_with_calcs-old.csv
[deleted] /home/ubuntu/apps/election-app/win_prob/H/SC/07/_work/2024_county_results_with_calcs_new.csv
[deleted] /home/ubuntu/apps/election-app/win_prob/H/SC/07/_work/output_statewide_stats.csv
[skip]    /home/ubuntu/apps/election-app/win_prob/H/SC/07/_work/probs_timeseries_PA.csv
[deleted] /home/ubuntu/apps/election-app/win_prob/H/SC/07/_work/2024_county_results_with_calcs.csv
[skip]    /home/ubuntu/apps/election-app/win_prob/H/SC/07/data_output.csv
[skip]    /home/ubuntu/apps/election-app/win_prob/H/SC/07/data_output_with_margins_old.csv
[skip]    /home/ubuntu/apps/election-app/win_prob/H/SC/07/data_output_with_margins.csv
[skip]    /home/ubuntu/apps/election-app/win_prob/H/SC/07/data_output_with_margins-statewide.csv
[deleted] /home/ubuntu/apps/election-app/win_prob/H/SC/07/snapshots_SC.csv
[deleted] /home/ubuntu/apps/election-app/win_prob/H/SC/07/data_output_SC_with_margins_statewide_eevp.csv
[deleted] /home/ubuntu/apps/election-app/win_prob/H/SC/07/data_output_SC.csv
[deleted] /home/ubuntu/apps/election-app/win_prob/H/SC/07/data_output_SC_with_margins.csv
[deleted] /home/ubuntu/apps/election-app/win_prob/H/SC/07/data_output_SC.csv.checkpoint.json
[deleted] /home/ubuntu/apps/election-app/win_prob/H/SC/07/stats.csv
[deleted] /home/ubuntu/apps/election-app/win_prob/H/SC/07/stats2.csv
[done] removed 16 file(s)
[2026-01-24 02:26:51] INFO: [PIPELINE] args: office=H state=SC district=07
[2026-01-24 02:26:51] INFO: [PIPELINE] WINPROB_DIR resolved to: /home/ubuntu/apps/election-app/win_prob/H/SC/07
[2026-01-24 02:26:51] INFO: [PIPELINE] OUTDIR set to: /home/ubuntu/apps/election-app/win_prob/H/SC/07

$ /home/ubuntu/.venv/bin/python3 /home/ubuntu/apps/election-app/stats/1-statewide.py --input /home/ubuntu/apps/election-app/win_prob/H/SC/07/stats.csv --output /home/ubuntu/apps/election-app/win_prob/H/SC/07/_work/stats_with_statewide.csv
Wrote /home/ubuntu/apps/election-app/win_prob/H/SC/07/_work/stats_with_statewide.csv (rows=8)

$ /home/ubuntu/.venv/bin/python3 /home/ubuntu/apps/election-app/stats/1-stats-2.py --input /home/ubuntu/apps/election-app/win_prob/H/SC/07/stats2.csv --output /home/ubuntu/apps/election-app/win_prob/H/SC/07/_work/stats2_final_headers.csv
Wrote /home/ubuntu/apps/election-app/win_prob/H/SC/07/_work/stats2_final_headers.csv (rows=8)

$ /home/ubuntu/.venv/bin/python3 /home/ubuntu/apps/election-app/stats/1-append-new.py
Wrote 2024_county_results_with_final-old.csv (rows=8, missing_final_matches=0)

$ /home/ubuntu/.venv/bin/python3 /home/ubuntu/apps/election-app/stats/1-change_header.py
Wrote: 2024_county_results_with_final.csv

$ /home/ubuntu/.venv/bin/python3 /home/ubuntu/apps/election-app/stats/1-cut-zero-fips.py
Wrote: 2024_county_results_with_final_1.csv
Rows before: 8
Rows after:  8
Dropped (fips == 0): 0

$ /home/ubuntu/.venv/bin/python3 /home/ubuntu/apps/election-app/stats/2-calc.py
Wrote 8 rows with calculations to /home/ubuntu/apps/election-app/win_prob/H/SC/07/_work/2024_county_results_with_calcs-old.csv

$ /home/ubuntu/.venv/bin/python3 /home/ubuntu/apps/election-app/stats/2-eevp.py
Wrote (no-op copy): 2024_county_results_with_calcs.csv
Columns:
 - timestamp
 - state
 - county
 - fips
 - trump_votes
 - harris_votes
 - other_votes
 - eevp
 - state_eevp
 - harris_votes_statewide
 - trump_votes_statewide
 - other_votes_statewide
 - final_state
 - final_county
 - final_fips
 - final_trump_votes
 - final_harris_votes
 - final_other_votes
 - harris_percent_snapshot
 - trump_percent_snapshot
 - margin_snapshot
 - harris_percent_final
 - trump_percent_final
 - margin_final
 - margin_difference
 - margin_difference_abs

$ /home/ubuntu/.venv/bin/python3 /home/ubuntu/apps/election-app/stats/3-calc-new.py
Wrote 8 rows with new columns to /home/ubuntu/apps/election-app/win_prob/H/SC/07/_work/2024_county_results_with_calcs_new.csv

$ /home/ubuntu/.venv/bin/python3 /home/ubuntu/apps/election-app/stats/4-stats.py
Reading 2024_county_results_with_calcs_new.csv...
Aggregating statewide totals...
Calculating percentages and margins...
Writing to output_statewide_stats.csv...
Done!
[2026-01-24 02:27:01] INFO: [PIPELINE] ENTER win-prob generation | states=['SC'] ts_list=['2024-11-05T15-30-22']

============================================================================
[01/1] STATE = SC
============================================================================

$ /home/ubuntu/.venv/bin/python3 /home/ubuntu/apps/election-app/stats/5-snapshots.py --state SC --input /home/ubuntu/apps/election-app/win_prob/H/SC/07/_work/output_statewide_stats.csv --output /home/ubuntu/apps/election-app/win_prob/H/SC/07/snapshots_SC.csv --start 2024-11-05T15-30-22 --end 2024-11-05T15-30-22 --use-window 1 --interval 30
Mode: windowed-one-state
Rows written: 8
Distinct states in output: SC
Rows per normalized timestamp (empty = unparseable):
  2024-11-05T15-30-22: 8
Wrote /home/ubuntu/apps/election-app/win_prob/H/SC/07/snapshots_SC.csv

$ /home/ubuntu/.venv/bin/python3 /home/ubuntu/apps/election-app/stats/6-pval.py /home/ubuntu/apps/election-app/win_prob/H/SC/07/snapshots_SC.csv -t /home/ubuntu/apps/election-app/stats/parameters.csv -o /home/ubuntu/apps/election-app/win_prob/H/SC/07/data_output_SC.csv -c 50
Done. Wrote: /home/ubuntu/apps/election-app/win_prob/H/SC/07/data_output_SC.csv
Total rows: 8 (chunked, resumable).
Computed columns for PVALS = [0.01, 0.1, 1, 2, 3, 5, 10, 15, 20, 25, 30, 35, 40, 45, 50, 55, 60, 65, 70, 75, 80, 85, 90, 95, 97, 98, 99, 99.9, 99.99]
Per p (leader): shift_{p}, margin_new_{p}, harris_percent_new_{p}, trump_percent_new_{p}, total_snapshot_{p}, total_expected_{p}, harris_votes_new_{p}, trump_votes_new_{p}
Per p (trailing): shift_trailing_{p}, margin_new_{p}_trailing, harris_percent_new_{p}_trailing, trump_percent_new_{p}_trailing, total_snapshot_{p}_trailing, total_expected_{p}_trailing, harris_votes_new_{p}_trailing, trump_votes_new_{p}_trailing
Checkpoint saved at: /home/ubuntu/apps/election-app/win_prob/H/SC/07/data_output_SC.csv.checkpoint.json

$ /home/ubuntu/.venv/bin/python3 /home/ubuntu/apps/election-app/stats/7-margin-new.py
Wrote data_output_with_margins_old.csv

$ /home/ubuntu/.venv/bin/python3 /home/ubuntu/apps/election-app/stats/7-eevp-statewide.py
Wrote data_output_with_margins.csv (copied from data_output_with_margins_old.csv)

$ /home/ubuntu/.venv/bin/python3 /home/ubuntu/apps/election-app/stats/7.py --input /home/ubuntu/apps/election-app/win_prob/H/SC/07/data_output_SC_with_margins_statewide_eevp.csv --output /home/ubuntu/apps/election-app/win_prob/H/SC/07/statewide_margin_pct_vs_percent_SC_2026.png --state SC --start 2024-11-05T15-30-22 --end 2024-11-05T15-30-22 --stats /home/ubuntu/apps/election-app/win_prob/H/SC/07/stats.csv --stats2 /home/ubuntu/apps/election-app/win_prob/H/SC/07/stats2.csv --interval 30 --year 2026 --jsonl /home/ubuntu/apps/election-app/win_prob/H/SC/07/plotdata_SC_2026_2026-01-24T02-26-51.jsonl
[info] evaluating 1 timestamps from 2024-11-05T15-30-22 to 2024-11-05T15-30-22 every 30 minutes
[saved] probs_timeseries_SC.csv  (1 points)
[saved] /home/ubuntu/apps/election-app/win_prob/H/SC/07/plotdata_SC_2026_2026-01-24T02-26-51.jsonl  (4 points)
[saved] /home/ubuntu/apps/election-app/win_prob/H/SC/07/statewide_margin_pct_vs_percent_SC_2026_box.json
[saved] /home/ubuntu/apps/election-app/win_prob/H/SC/07/statewide_margin_pct_vs_percent_SC_2026_box.png
[saved] /home/ubuntu/apps/election-app/win_prob/H/SC/07/statewide_margin_pct_vs_percent_SC_2026.png

All 50 states complete. See: /home/ubuntu/apps/election-app/win_prob/H/SC/07

$ /home/ubuntu/.venv/bin/python3 /home/ubuntu/apps/election-app/stats/8.py --root /home/ubuntu/apps/election-app/win_prob/H/SC/07/_work --outdir /home/ubuntu/apps/election-app/win_prob/H/SC/07
[info] root  = /home/ubuntu/apps/election-app/win_prob/H/SC/07/_work
[info] outdir= /home/ubuntu/apps/election-app/win_prob/H/SC/07
[deleted] /home/ubuntu/apps/election-app/win_prob/H/SC/07/_work/stats_with_statewide.csv
[deleted] /home/ubuntu/apps/election-app/win_prob/H/SC/07/_work/stats2_final_headers.csv
[deleted] /home/ubuntu/apps/election-app/win_prob/H/SC/07/_work/2024_county_results_with_final-old.csv
[deleted] /home/ubuntu/apps/election-app/win_prob/H/SC/07/_work/2024_county_results_with_final.csv
[deleted] /home/ubuntu/apps/election-app/win_prob/H/SC/07/_work/2024_county_results_with_final_1.csv
[deleted] /home/ubuntu/apps/election-app/win_prob/H/SC/07/_work/2024_county_results_with_calcs-old.csv
[deleted] /home/ubuntu/apps/election-app/win_prob/H/SC/07/_work/2024_county_results_with_calcs_new.csv
[deleted] /home/ubuntu/apps/election-app/win_prob/H/SC/07/_work/output_statewide_stats.csv
[skip]    /home/ubuntu/apps/election-app/win_prob/H/SC/07/_work/probs_timeseries_PA.csv
[deleted] /home/ubuntu/apps/election-app/win_prob/H/SC/07/_work/2024_county_results_with_calcs.csv
[skip]    /home/ubuntu/apps/election-app/win_prob/H/SC/07/data_output.csv
[skip]    /home/ubuntu/apps/election-app/win_prob/H/SC/07/data_output_with_margins_old.csv
[skip]    /home/ubuntu/apps/election-app/win_prob/H/SC/07/data_output_with_margins.csv
[skip]    /home/ubuntu/apps/election-app/win_prob/H/SC/07/data_output_with_margins-statewide.csv
[deleted] /home/ubuntu/apps/election-app/win_prob/H/SC/07/snapshots_SC.csv
[deleted] /home/ubuntu/apps/election-app/win_prob/H/SC/07/data_output_SC_with_margins_statewide_eevp.csv
[deleted] /home/ubuntu/apps/election-app/win_prob/H/SC/07/data_output_SC.csv
[deleted] /home/ubuntu/apps/election-app/win_prob/H/SC/07/data_output_SC_with_margins.csv
[deleted] /home/ubuntu/apps/election-app/win_prob/H/SC/07/data_output_SC.csv.checkpoint.json
[deleted] /home/ubuntu/apps/election-app/win_prob/H/SC/07/stats.csv
[deleted] /home/ubuntu/apps/election-app/win_prob/H/SC/07/stats2.csv
[done] removed 16 file(s)
[2026-01-26 00:06:44] INFO: [PIPELINE] args: office=H state=SC district=07
[2026-01-26 00:06:44] INFO: [PIPELINE] WINPROB_DIR resolved to: /home/ubuntu/apps/election-app/win_prob/H/SC/07
[2026-01-26 00:06:44] INFO: [PIPELINE] OUTDIR set to: /home/ubuntu/apps/election-app/win_prob/H/SC/07

$ /home/ubuntu/.venv/bin/python3 /home/ubuntu/apps/election-app/stats/1-statewide.py --input /home/ubuntu/apps/election-app/win_prob/H/SC/07/stats.csv --output /home/ubuntu/apps/election-app/win_prob/H/SC/07/_work/stats_with_statewide.csv
Wrote /home/ubuntu/apps/election-app/win_prob/H/SC/07/_work/stats_with_statewide.csv (rows=8)

$ /home/ubuntu/.venv/bin/python3 /home/ubuntu/apps/election-app/stats/1-stats-2.py --input /home/ubuntu/apps/election-app/win_prob/H/SC/07/stats2.csv --output /home/ubuntu/apps/election-app/win_prob/H/SC/07/_work/stats2_final_headers.csv
Wrote /home/ubuntu/apps/election-app/win_prob/H/SC/07/_work/stats2_final_headers.csv (rows=8)

$ /home/ubuntu/.venv/bin/python3 /home/ubuntu/apps/election-app/stats/1-append-new.py
Wrote 2024_county_results_with_final-old.csv (rows=8, missing_final_matches=0)

$ /home/ubuntu/.venv/bin/python3 /home/ubuntu/apps/election-app/stats/1-change_header.py
Wrote: 2024_county_results_with_final.csv

$ /home/ubuntu/.venv/bin/python3 /home/ubuntu/apps/election-app/stats/1-cut-zero-fips.py
Wrote: 2024_county_results_with_final_1.csv
Rows before: 8
Rows after:  8
Dropped (fips == 0): 0

$ /home/ubuntu/.venv/bin/python3 /home/ubuntu/apps/election-app/stats/2-calc.py
Wrote 8 rows with calculations to /home/ubuntu/apps/election-app/win_prob/H/SC/07/_work/2024_county_results_with_calcs-old.csv

$ /home/ubuntu/.venv/bin/python3 /home/ubuntu/apps/election-app/stats/2-eevp.py
Wrote (no-op copy): 2024_county_results_with_calcs.csv
Columns:
 - timestamp
 - state
 - county
 - fips
 - trump_votes
 - harris_votes
 - other_votes
 - eevp
 - state_eevp
 - harris_votes_statewide
 - trump_votes_statewide
 - other_votes_statewide
 - final_state
 - final_county
 - final_fips
 - final_trump_votes
 - final_harris_votes
 - final_other_votes
 - harris_percent_snapshot
 - trump_percent_snapshot
 - margin_snapshot
 - harris_percent_final
 - trump_percent_final
 - margin_final
 - margin_difference
 - margin_difference_abs

$ /home/ubuntu/.venv/bin/python3 /home/ubuntu/apps/election-app/stats/3-calc-new.py
Wrote 8 rows with new columns to /home/ubuntu/apps/election-app/win_prob/H/SC/07/_work/2024_county_results_with_calcs_new.csv

$ /home/ubuntu/.venv/bin/python3 /home/ubuntu/apps/election-app/stats/4-stats.py
Reading 2024_county_results_with_calcs_new.csv...
Aggregating statewide totals...
Calculating percentages and margins...
Writing to output_statewide_stats.csv...
Done!
[2026-01-26 00:06:56] INFO: [PIPELINE] ENTER win-prob generation | states=['SC'] ts_list=['2024-11-05T15-30-22']

============================================================================
[01/1] STATE = SC
============================================================================

$ /home/ubuntu/.venv/bin/python3 /home/ubuntu/apps/election-app/stats/5-snapshots.py --state SC --input /home/ubuntu/apps/election-app/win_prob/H/SC/07/_work/output_statewide_stats.csv --output /home/ubuntu/apps/election-app/win_prob/H/SC/07/snapshots_SC.csv --start 2024-11-05T15-30-22 --end 2024-11-05T15-30-22 --use-window 1 --interval 30
Mode: windowed-one-state
Rows written: 8
Distinct states in output: SC
Rows per normalized timestamp (empty = unparseable):
  2024-11-05T15-30-22: 8
Wrote /home/ubuntu/apps/election-app/win_prob/H/SC/07/snapshots_SC.csv

$ /home/ubuntu/.venv/bin/python3 /home/ubuntu/apps/election-app/stats/6-pval.py /home/ubuntu/apps/election-app/win_prob/H/SC/07/snapshots_SC.csv -t /home/ubuntu/apps/election-app/stats/parameters.csv -o /home/ubuntu/apps/election-app/win_prob/H/SC/07/data_output_SC.csv -c 50
Done. Wrote: /home/ubuntu/apps/election-app/win_prob/H/SC/07/data_output_SC.csv
Total rows: 8 (chunked, resumable).
Computed columns for PVALS = [0.01, 0.1, 1, 2, 3, 5, 10, 15, 20, 25, 30, 35, 40, 45, 50, 55, 60, 65, 70, 75, 80, 85, 90, 95, 97, 98, 99, 99.9, 99.99]
Per p (leader): shift_{p}, margin_new_{p}, harris_percent_new_{p}, trump_percent_new_{p}, total_snapshot_{p}, total_expected_{p}, harris_votes_new_{p}, trump_votes_new_{p}
Per p (trailing): shift_trailing_{p}, margin_new_{p}_trailing, harris_percent_new_{p}_trailing, trump_percent_new_{p}_trailing, total_snapshot_{p}_trailing, total_expected_{p}_trailing, harris_votes_new_{p}_trailing, trump_votes_new_{p}_trailing
Checkpoint saved at: /home/ubuntu/apps/election-app/win_prob/H/SC/07/data_output_SC.csv.checkpoint.json

$ /home/ubuntu/.venv/bin/python3 /home/ubuntu/apps/election-app/stats/7-margin-new.py
Wrote data_output_with_margins_old.csv

$ /home/ubuntu/.venv/bin/python3 /home/ubuntu/apps/election-app/stats/7-eevp-statewide.py
Wrote data_output_with_margins.csv (copied from data_output_with_margins_old.csv)

$ /home/ubuntu/.venv/bin/python3 /home/ubuntu/apps/election-app/stats/7.py --input /home/ubuntu/apps/election-app/win_prob/H/SC/07/data_output_SC_with_margins_statewide_eevp.csv --output /home/ubuntu/apps/election-app/win_prob/H/SC/07/statewide_margin_pct_vs_percent_SC_2026.png --state SC --start 2024-11-05T15-30-22 --end 2024-11-05T15-30-22 --stats /home/ubuntu/apps/election-app/win_prob/H/SC/07/stats.csv --stats2 /home/ubuntu/apps/election-app/win_prob/H/SC/07/stats2.csv --interval 30 --year 2026 --jsonl /home/ubuntu/apps/election-app/win_prob/H/SC/07/plotdata_SC_2026_2026-01-26T00-06-44.jsonl
[info] evaluating 1 timestamps from 2024-11-05T15-30-22 to 2024-11-05T15-30-22 every 30 minutes
[saved] probs_timeseries_SC.csv  (1 points)
[saved] /home/ubuntu/apps/election-app/win_prob/H/SC/07/plotdata_SC_2026_2026-01-26T00-06-44.jsonl  (0 points)
[saved] /home/ubuntu/apps/election-app/win_prob/H/SC/07/statewide_margin_pct_vs_percent_SC_2026_box.json
[saved] /home/ubuntu/apps/election-app/win_prob/H/SC/07/statewide_margin_pct_vs_percent_SC_2026_box.png
[saved] /home/ubuntu/apps/election-app/win_prob/H/SC/07/statewide_margin_pct_vs_percent_SC_2026.png

All 50 states complete. See: /home/ubuntu/apps/election-app/win_prob/H/SC/07

$ /home/ubuntu/.venv/bin/python3 /home/ubuntu/apps/election-app/stats/8.py --root /home/ubuntu/apps/election-app/win_prob/H/SC/07/_work --outdir /home/ubuntu/apps/election-app/win_prob/H/SC/07
[info] root  = /home/ubuntu/apps/election-app/win_prob/H/SC/07/_work
[info] outdir= /home/ubuntu/apps/election-app/win_prob/H/SC/07
[deleted] /home/ubuntu/apps/election-app/win_prob/H/SC/07/_work/stats_with_statewide.csv
[deleted] /home/ubuntu/apps/election-app/win_prob/H/SC/07/_work/stats2_final_headers.csv
[deleted] /home/ubuntu/apps/election-app/win_prob/H/SC/07/_work/2024_county_results_with_final-old.csv
[deleted] /home/ubuntu/apps/election-app/win_prob/H/SC/07/_work/2024_county_results_with_final.csv
[deleted] /home/ubuntu/apps/election-app/win_prob/H/SC/07/_work/2024_county_results_with_final_1.csv
[deleted] /home/ubuntu/apps/election-app/win_prob/H/SC/07/_work/2024_county_results_with_calcs-old.csv
[deleted] /home/ubuntu/apps/election-app/win_prob/H/SC/07/_work/2024_county_results_with_calcs_new.csv
[deleted] /home/ubuntu/apps/election-app/win_prob/H/SC/07/_work/output_statewide_stats.csv
[skip]    /home/ubuntu/apps/election-app/win_prob/H/SC/07/_work/probs_timeseries_PA.csv
[deleted] /home/ubuntu/apps/election-app/win_prob/H/SC/07/_work/2024_county_results_with_calcs.csv
[skip]    /home/ubuntu/apps/election-app/win_prob/H/SC/07/data_output.csv
[skip]    /home/ubuntu/apps/election-app/win_prob/H/SC/07/data_output_with_margins_old.csv
[skip]    /home/ubuntu/apps/election-app/win_prob/H/SC/07/data_output_with_margins.csv
[skip]    /home/ubuntu/apps/election-app/win_prob/H/SC/07/data_output_with_margins-statewide.csv
[deleted] /home/ubuntu/apps/election-app/win_prob/H/SC/07/snapshots_SC.csv
[deleted] /home/ubuntu/apps/election-app/win_prob/H/SC/07/data_output_SC_with_margins_statewide_eevp.csv
[deleted] /home/ubuntu/apps/election-app/win_prob/H/SC/07/data_output_SC.csv
[deleted] /home/ubuntu/apps/election-app/win_prob/H/SC/07/data_output_SC_with_margins.csv
[deleted] /home/ubuntu/apps/election-app/win_prob/H/SC/07/data_output_SC.csv.checkpoint.json
[deleted] /home/ubuntu/apps/election-app/win_prob/H/SC/07/stats.csv
[deleted] /home/ubuntu/apps/election-app/win_prob/H/SC/07/stats2.csv
[done] removed 16 file(s)
[2026-01-26 00:13:43] INFO: [PIPELINE] args: office=H state=SC district=07
[2026-01-26 00:13:43] INFO: [PIPELINE] WINPROB_DIR resolved to: /home/ubuntu/apps/election-app/win_prob/H/SC/07
[2026-01-26 00:13:43] INFO: [PIPELINE] OUTDIR set to: /home/ubuntu/apps/election-app/win_prob/H/SC/07

$ /home/ubuntu/.venv/bin/python3 /home/ubuntu/apps/election-app/stats/1-statewide.py --input /home/ubuntu/apps/election-app/win_prob/H/SC/07/stats.csv --output /home/ubuntu/apps/election-app/win_prob/H/SC/07/_work/stats_with_statewide.csv
Wrote /home/ubuntu/apps/election-app/win_prob/H/SC/07/_work/stats_with_statewide.csv (rows=8)

$ /home/ubuntu/.venv/bin/python3 /home/ubuntu/apps/election-app/stats/1-stats-2.py --input /home/ubuntu/apps/election-app/win_prob/H/SC/07/stats2.csv --output /home/ubuntu/apps/election-app/win_prob/H/SC/07/_work/stats2_final_headers.csv
Wrote /home/ubuntu/apps/election-app/win_prob/H/SC/07/_work/stats2_final_headers.csv (rows=8)

$ /home/ubuntu/.venv/bin/python3 /home/ubuntu/apps/election-app/stats/1-append-new.py
Wrote 2024_county_results_with_final-old.csv (rows=8, missing_final_matches=0)

$ /home/ubuntu/.venv/bin/python3 /home/ubuntu/apps/election-app/stats/1-change_header.py
Wrote: 2024_county_results_with_final.csv

$ /home/ubuntu/.venv/bin/python3 /home/ubuntu/apps/election-app/stats/1-cut-zero-fips.py
Wrote: 2024_county_results_with_final_1.csv
Rows before: 8
Rows after:  8
Dropped (fips == 0): 0

$ /home/ubuntu/.venv/bin/python3 /home/ubuntu/apps/election-app/stats/2-calc.py
Wrote 8 rows with calculations to /home/ubuntu/apps/election-app/win_prob/H/SC/07/_work/2024_county_results_with_calcs-old.csv

$ /home/ubuntu/.venv/bin/python3 /home/ubuntu/apps/election-app/stats/2-eevp.py
Wrote (no-op copy): 2024_county_results_with_calcs.csv
Columns:
 - timestamp
 - state
 - county
 - fips
 - trump_votes
 - harris_votes
 - other_votes
 - eevp
 - state_eevp
 - harris_votes_statewide
 - trump_votes_statewide
 - other_votes_statewide
 - final_state
 - final_county
 - final_fips
 - final_trump_votes
 - final_harris_votes
 - final_other_votes
 - harris_percent_snapshot
 - trump_percent_snapshot
 - margin_snapshot
 - harris_percent_final
 - trump_percent_final
 - margin_final
 - margin_difference
 - margin_difference_abs

$ /home/ubuntu/.venv/bin/python3 /home/ubuntu/apps/election-app/stats/3-calc-new.py
Wrote 8 rows with new columns to /home/ubuntu/apps/election-app/win_prob/H/SC/07/_work/2024_county_results_with_calcs_new.csv

$ /home/ubuntu/.venv/bin/python3 /home/ubuntu/apps/election-app/stats/4-stats.py
Reading 2024_county_results_with_calcs_new.csv...
Aggregating statewide totals...
Calculating percentages and margins...
Writing to output_statewide_stats.csv...
Done!
[2026-01-26 00:13:53] INFO: [PIPELINE] ENTER win-prob generation | states=['SC'] ts_list=['2024-11-05T15-30-22']

============================================================================
[01/1] STATE = SC
============================================================================

$ /home/ubuntu/.venv/bin/python3 /home/ubuntu/apps/election-app/stats/5-snapshots.py --state SC --input /home/ubuntu/apps/election-app/win_prob/H/SC/07/_work/output_statewide_stats.csv --output /home/ubuntu/apps/election-app/win_prob/H/SC/07/snapshots_SC.csv --start 2024-11-05T15-30-22 --end 2024-11-05T15-30-22 --use-window 1 --interval 30
Mode: windowed-one-state
Rows written: 8
Distinct states in output: SC
Rows per normalized timestamp (empty = unparseable):
  2024-11-05T15-30-22: 8
Wrote /home/ubuntu/apps/election-app/win_prob/H/SC/07/snapshots_SC.csv

$ /home/ubuntu/.venv/bin/python3 /home/ubuntu/apps/election-app/stats/6-pval.py /home/ubuntu/apps/election-app/win_prob/H/SC/07/snapshots_SC.csv -t /home/ubuntu/apps/election-app/stats/parameters.csv -o /home/ubuntu/apps/election-app/win_prob/H/SC/07/data_output_SC.csv -c 50
Done. Wrote: /home/ubuntu/apps/election-app/win_prob/H/SC/07/data_output_SC.csv
Total rows: 8 (chunked, resumable).
Computed columns for PVALS = [0.01, 0.1, 1, 2, 3, 5, 10, 15, 20, 25, 30, 35, 40, 45, 50, 55, 60, 65, 70, 75, 80, 85, 90, 95, 97, 98, 99, 99.9, 99.99]
Per p (leader): shift_{p}, margin_new_{p}, harris_percent_new_{p}, trump_percent_new_{p}, total_snapshot_{p}, total_expected_{p}, harris_votes_new_{p}, trump_votes_new_{p}
Per p (trailing): shift_trailing_{p}, margin_new_{p}_trailing, harris_percent_new_{p}_trailing, trump_percent_new_{p}_trailing, total_snapshot_{p}_trailing, total_expected_{p}_trailing, harris_votes_new_{p}_trailing, trump_votes_new_{p}_trailing
Checkpoint saved at: /home/ubuntu/apps/election-app/win_prob/H/SC/07/data_output_SC.csv.checkpoint.json

$ /home/ubuntu/.venv/bin/python3 /home/ubuntu/apps/election-app/stats/7-margin-new.py
Wrote data_output_with_margins_old.csv

$ /home/ubuntu/.venv/bin/python3 /home/ubuntu/apps/election-app/stats/7-eevp-statewide.py
Wrote data_output_with_margins.csv (copied from data_output_with_margins_old.csv)

$ /home/ubuntu/.venv/bin/python3 /home/ubuntu/apps/election-app/stats/7.py --input /home/ubuntu/apps/election-app/win_prob/H/SC/07/data_output_SC_with_margins_statewide_eevp.csv --output /home/ubuntu/apps/election-app/win_prob/H/SC/07/statewide_margin_pct_vs_percent_SC_2026.png --state SC --start 2024-11-05T15-30-22 --end 2024-11-05T15-30-22 --stats /home/ubuntu/apps/election-app/win_prob/H/SC/07/stats.csv --stats2 /home/ubuntu/apps/election-app/win_prob/H/SC/07/stats2.csv --interval 30 --year 2026 --jsonl /home/ubuntu/apps/election-app/win_prob/H/SC/07/plotdata_SC_2026_2026-01-26T00-13-43.jsonl
[info] evaluating 1 timestamps from 2024-11-05T15-30-22 to 2024-11-05T15-30-22 every 30 minutes
[saved] probs_timeseries_SC.csv  (1 points)
[saved] /home/ubuntu/apps/election-app/win_prob/H/SC/07/plotdata_SC_2026_2026-01-26T00-13-43.jsonl  (4 points)
[saved] /home/ubuntu/apps/election-app/win_prob/H/SC/07/statewide_margin_pct_vs_percent_SC_2026_box.json
[saved] /home/ubuntu/apps/election-app/win_prob/H/SC/07/statewide_margin_pct_vs_percent_SC_2026_box.png
[saved] /home/ubuntu/apps/election-app/win_prob/H/SC/07/statewide_margin_pct_vs_percent_SC_2026.png

All 50 states complete. See: /home/ubuntu/apps/election-app/win_prob/H/SC/07

$ /home/ubuntu/.venv/bin/python3 /home/ubuntu/apps/election-app/stats/8.py --root /home/ubuntu/apps/election-app/win_prob/H/SC/07/_work --outdir /home/ubuntu/apps/election-app/win_prob/H/SC/07
[info] root  = /home/ubuntu/apps/election-app/win_prob/H/SC/07/_work
[info] outdir= /home/ubuntu/apps/election-app/win_prob/H/SC/07
[deleted] /home/ubuntu/apps/election-app/win_prob/H/SC/07/_work/stats_with_statewide.csv
[deleted] /home/ubuntu/apps/election-app/win_prob/H/SC/07/_work/stats2_final_headers.csv
[deleted] /home/ubuntu/apps/election-app/win_prob/H/SC/07/_work/2024_county_results_with_final-old.csv
[deleted] /home/ubuntu/apps/election-app/win_prob/H/SC/07/_work/2024_county_results_with_final.csv
[deleted] /home/ubuntu/apps/election-app/win_prob/H/SC/07/_work/2024_county_results_with_final_1.csv
[deleted] /home/ubuntu/apps/election-app/win_prob/H/SC/07/_work/2024_county_results_with_calcs-old.csv
[deleted] /home/ubuntu/apps/election-app/win_prob/H/SC/07/_work/2024_county_results_with_calcs_new.csv
[deleted] /home/ubuntu/apps/election-app/win_prob/H/SC/07/_work/output_statewide_stats.csv
[skip]    /home/ubuntu/apps/election-app/win_prob/H/SC/07/_work/probs_timeseries_PA.csv
[deleted] /home/ubuntu/apps/election-app/win_prob/H/SC/07/_work/2024_county_results_with_calcs.csv
[skip]    /home/ubuntu/apps/election-app/win_prob/H/SC/07/data_output.csv
[skip]    /home/ubuntu/apps/election-app/win_prob/H/SC/07/data_output_with_margins_old.csv
[skip]    /home/ubuntu/apps/election-app/win_prob/H/SC/07/data_output_with_margins.csv
[skip]    /home/ubuntu/apps/election-app/win_prob/H/SC/07/data_output_with_margins-statewide.csv
[deleted] /home/ubuntu/apps/election-app/win_prob/H/SC/07/snapshots_SC.csv
[deleted] /home/ubuntu/apps/election-app/win_prob/H/SC/07/data_output_SC_with_margins_statewide_eevp.csv
[deleted] /home/ubuntu/apps/election-app/win_prob/H/SC/07/data_output_SC.csv
[deleted] /home/ubuntu/apps/election-app/win_prob/H/SC/07/data_output_SC_with_margins.csv
[deleted] /home/ubuntu/apps/election-app/win_prob/H/SC/07/data_output_SC.csv.checkpoint.json
[deleted] /home/ubuntu/apps/election-app/win_prob/H/SC/07/stats.csv
[deleted] /home/ubuntu/apps/election-app/win_prob/H/SC/07/stats2.csv
[done] removed 16 file(s)
[2026-01-26 00:20:50] INFO: [PIPELINE] args: office=H state=SC district=07
[2026-01-26 00:20:50] INFO: [PIPELINE] WINPROB_DIR resolved to: /home/ubuntu/apps/election-app/win_prob/H/SC/07
[2026-01-26 00:20:50] INFO: [PIPELINE] OUTDIR set to: /home/ubuntu/apps/election-app/win_prob/H/SC/07

$ /home/ubuntu/.venv/bin/python3 /home/ubuntu/apps/election-app/stats/1-statewide.py --input /home/ubuntu/apps/election-app/win_prob/H/SC/07/stats.csv --output /home/ubuntu/apps/election-app/win_prob/H/SC/07/_work/stats_with_statewide.csv
Wrote /home/ubuntu/apps/election-app/win_prob/H/SC/07/_work/stats_with_statewide.csv (rows=8)

$ /home/ubuntu/.venv/bin/python3 /home/ubuntu/apps/election-app/stats/1-stats-2.py --input /home/ubuntu/apps/election-app/win_prob/H/SC/07/stats2.csv --output /home/ubuntu/apps/election-app/win_prob/H/SC/07/_work/stats2_final_headers.csv
Wrote /home/ubuntu/apps/election-app/win_prob/H/SC/07/_work/stats2_final_headers.csv (rows=8)

$ /home/ubuntu/.venv/bin/python3 /home/ubuntu/apps/election-app/stats/1-append-new.py
Wrote 2024_county_results_with_final-old.csv (rows=8, missing_final_matches=0)

$ /home/ubuntu/.venv/bin/python3 /home/ubuntu/apps/election-app/stats/1-change_header.py
Wrote: 2024_county_results_with_final.csv

$ /home/ubuntu/.venv/bin/python3 /home/ubuntu/apps/election-app/stats/1-cut-zero-fips.py
Wrote: 2024_county_results_with_final_1.csv
Rows before: 8
Rows after:  8
Dropped (fips == 0): 0

$ /home/ubuntu/.venv/bin/python3 /home/ubuntu/apps/election-app/stats/2-calc.py
Wrote 8 rows with calculations to /home/ubuntu/apps/election-app/win_prob/H/SC/07/_work/2024_county_results_with_calcs-old.csv

$ /home/ubuntu/.venv/bin/python3 /home/ubuntu/apps/election-app/stats/2-eevp.py
Wrote (no-op copy): 2024_county_results_with_calcs.csv
Columns:
 - timestamp
 - state
 - county
 - fips
 - trump_votes
 - harris_votes
 - other_votes
 - eevp
 - state_eevp
 - harris_votes_statewide
 - trump_votes_statewide
 - other_votes_statewide
 - final_state
 - final_county
 - final_fips
 - final_trump_votes
 - final_harris_votes
 - final_other_votes
 - harris_percent_snapshot
 - trump_percent_snapshot
 - margin_snapshot
 - harris_percent_final
 - trump_percent_final
 - margin_final
 - margin_difference
 - margin_difference_abs

$ /home/ubuntu/.venv/bin/python3 /home/ubuntu/apps/election-app/stats/3-calc-new.py
Wrote 8 rows with new columns to /home/ubuntu/apps/election-app/win_prob/H/SC/07/_work/2024_county_results_with_calcs_new.csv

$ /home/ubuntu/.venv/bin/python3 /home/ubuntu/apps/election-app/stats/4-stats.py
Reading 2024_county_results_with_calcs_new.csv...
Aggregating statewide totals...
Calculating percentages and margins...
Writing to output_statewide_stats.csv...
Done!
[2026-01-26 00:21:01] INFO: [PIPELINE] ENTER win-prob generation | states=['SC'] ts_list=['2024-11-05T15-30-22']

============================================================================
[01/1] STATE = SC
============================================================================

$ /home/ubuntu/.venv/bin/python3 /home/ubuntu/apps/election-app/stats/5-snapshots.py --state SC --input /home/ubuntu/apps/election-app/win_prob/H/SC/07/_work/output_statewide_stats.csv --output /home/ubuntu/apps/election-app/win_prob/H/SC/07/snapshots_SC.csv --start 2024-11-05T15-30-22 --end 2024-11-05T15-30-22 --use-window 1 --interval 30
Mode: windowed-one-state
Rows written: 8
Distinct states in output: SC
Rows per normalized timestamp (empty = unparseable):
  2024-11-05T15-30-22: 8
Wrote /home/ubuntu/apps/election-app/win_prob/H/SC/07/snapshots_SC.csv

$ /home/ubuntu/.venv/bin/python3 /home/ubuntu/apps/election-app/stats/6-pval.py /home/ubuntu/apps/election-app/win_prob/H/SC/07/snapshots_SC.csv -t /home/ubuntu/apps/election-app/stats/parameters.csv -o /home/ubuntu/apps/election-app/win_prob/H/SC/07/data_output_SC.csv -c 50
Done. Wrote: /home/ubuntu/apps/election-app/win_prob/H/SC/07/data_output_SC.csv
Total rows: 8 (chunked, resumable).
Computed columns for PVALS = [0.01, 0.1, 1, 2, 3, 5, 10, 15, 20, 25, 30, 35, 40, 45, 50, 55, 60, 65, 70, 75, 80, 85, 90, 95, 97, 98, 99, 99.9, 99.99]
Per p (leader): shift_{p}, margin_new_{p}, harris_percent_new_{p}, trump_percent_new_{p}, total_snapshot_{p}, total_expected_{p}, harris_votes_new_{p}, trump_votes_new_{p}
Per p (trailing): shift_trailing_{p}, margin_new_{p}_trailing, harris_percent_new_{p}_trailing, trump_percent_new_{p}_trailing, total_snapshot_{p}_trailing, total_expected_{p}_trailing, harris_votes_new_{p}_trailing, trump_votes_new_{p}_trailing
Checkpoint saved at: /home/ubuntu/apps/election-app/win_prob/H/SC/07/data_output_SC.csv.checkpoint.json

$ /home/ubuntu/.venv/bin/python3 /home/ubuntu/apps/election-app/stats/7-margin-new.py
Wrote data_output_with_margins_old.csv

$ /home/ubuntu/.venv/bin/python3 /home/ubuntu/apps/election-app/stats/7-eevp-statewide.py
Wrote data_output_with_margins.csv (copied from data_output_with_margins_old.csv)

$ /home/ubuntu/.venv/bin/python3 /home/ubuntu/apps/election-app/stats/7.py --input /home/ubuntu/apps/election-app/win_prob/H/SC/07/data_output_SC_with_margins_statewide_eevp.csv --output /home/ubuntu/apps/election-app/win_prob/H/SC/07/statewide_margin_pct_vs_percent_SC_2026.png --state SC --start 2024-11-05T15-30-22 --end 2024-11-05T15-30-22 --stats /home/ubuntu/apps/election-app/win_prob/H/SC/07/stats.csv --stats2 /home/ubuntu/apps/election-app/win_prob/H/SC/07/stats2.csv --interval 30 --year 2026 --jsonl /home/ubuntu/apps/election-app/win_prob/H/SC/07/plotdata_SC_2026_2026-01-26T00-20-50.jsonl
[info] evaluating 1 timestamps from 2024-11-05T15-30-22 to 2024-11-05T15-30-22 every 30 minutes
[saved] probs_timeseries_SC.csv  (1 points)
[saved] /home/ubuntu/apps/election-app/win_prob/H/SC/07/plotdata_SC_2026_2026-01-26T00-20-50.jsonl  (4 points)
[saved] /home/ubuntu/apps/election-app/win_prob/H/SC/07/statewide_margin_pct_vs_percent_SC_2026_box.json
[saved] /home/ubuntu/apps/election-app/win_prob/H/SC/07/statewide_margin_pct_vs_percent_SC_2026_box.png
[saved] /home/ubuntu/apps/election-app/win_prob/H/SC/07/statewide_margin_pct_vs_percent_SC_2026.png

All 50 states complete. See: /home/ubuntu/apps/election-app/win_prob/H/SC/07

$ /home/ubuntu/.venv/bin/python3 /home/ubuntu/apps/election-app/stats/8.py --root /home/ubuntu/apps/election-app/win_prob/H/SC/07/_work --outdir /home/ubuntu/apps/election-app/win_prob/H/SC/07
[info] root  = /home/ubuntu/apps/election-app/win_prob/H/SC/07/_work
[info] outdir= /home/ubuntu/apps/election-app/win_prob/H/SC/07
[deleted] /home/ubuntu/apps/election-app/win_prob/H/SC/07/_work/stats_with_statewide.csv
[deleted] /home/ubuntu/apps/election-app/win_prob/H/SC/07/_work/stats2_final_headers.csv
[deleted] /home/ubuntu/apps/election-app/win_prob/H/SC/07/_work/2024_county_results_with_final-old.csv
[deleted] /home/ubuntu/apps/election-app/win_prob/H/SC/07/_work/2024_county_results_with_final.csv
[deleted] /home/ubuntu/apps/election-app/win_prob/H/SC/07/_work/2024_county_results_with_final_1.csv
[deleted] /home/ubuntu/apps/election-app/win_prob/H/SC/07/_work/2024_county_results_with_calcs-old.csv
[deleted] /home/ubuntu/apps/election-app/win_prob/H/SC/07/_work/2024_county_results_with_calcs_new.csv
[deleted] /home/ubuntu/apps/election-app/win_prob/H/SC/07/_work/output_statewide_stats.csv
[skip]    /home/ubuntu/apps/election-app/win_prob/H/SC/07/_work/probs_timeseries_PA.csv
[deleted] /home/ubuntu/apps/election-app/win_prob/H/SC/07/_work/2024_county_results_with_calcs.csv
[skip]    /home/ubuntu/apps/election-app/win_prob/H/SC/07/data_output.csv
[skip]    /home/ubuntu/apps/election-app/win_prob/H/SC/07/data_output_with_margins_old.csv
[skip]    /home/ubuntu/apps/election-app/win_prob/H/SC/07/data_output_with_margins.csv
[skip]    /home/ubuntu/apps/election-app/win_prob/H/SC/07/data_output_with_margins-statewide.csv
[deleted] /home/ubuntu/apps/election-app/win_prob/H/SC/07/snapshots_SC.csv
[deleted] /home/ubuntu/apps/election-app/win_prob/H/SC/07/data_output_SC_with_margins_statewide_eevp.csv
[deleted] /home/ubuntu/apps/election-app/win_prob/H/SC/07/data_output_SC.csv
[deleted] /home/ubuntu/apps/election-app/win_prob/H/SC/07/data_output_SC_with_margins.csv
[deleted] /home/ubuntu/apps/election-app/win_prob/H/SC/07/data_output_SC.csv.checkpoint.json
[deleted] /home/ubuntu/apps/election-app/win_prob/H/SC/07/stats.csv
[deleted] /home/ubuntu/apps/election-app/win_prob/H/SC/07/stats2.csv
[done] removed 16 file(s)
[2026-01-26 00:27:52] INFO: [PIPELINE] args: office=H state=SC district=07
[2026-01-26 00:27:52] INFO: [PIPELINE] WINPROB_DIR resolved to: /home/ubuntu/apps/election-app/win_prob/H/SC/07
[2026-01-26 00:27:52] INFO: [PIPELINE] OUTDIR set to: /home/ubuntu/apps/election-app/win_prob/H/SC/07

$ /home/ubuntu/.venv/bin/python3 /home/ubuntu/apps/election-app/stats/1-statewide.py --input /home/ubuntu/apps/election-app/win_prob/H/SC/07/stats.csv --output /home/ubuntu/apps/election-app/win_prob/H/SC/07/_work/stats_with_statewide.csv
Wrote /home/ubuntu/apps/election-app/win_prob/H/SC/07/_work/stats_with_statewide.csv (rows=8)

$ /home/ubuntu/.venv/bin/python3 /home/ubuntu/apps/election-app/stats/1-stats-2.py --input /home/ubuntu/apps/election-app/win_prob/H/SC/07/stats2.csv --output /home/ubuntu/apps/election-app/win_prob/H/SC/07/_work/stats2_final_headers.csv
Wrote /home/ubuntu/apps/election-app/win_prob/H/SC/07/_work/stats2_final_headers.csv (rows=8)

$ /home/ubuntu/.venv/bin/python3 /home/ubuntu/apps/election-app/stats/1-append-new.py
Wrote 2024_county_results_with_final-old.csv (rows=8, missing_final_matches=0)

$ /home/ubuntu/.venv/bin/python3 /home/ubuntu/apps/election-app/stats/1-change_header.py
Wrote: 2024_county_results_with_final.csv

$ /home/ubuntu/.venv/bin/python3 /home/ubuntu/apps/election-app/stats/1-cut-zero-fips.py
Wrote: 2024_county_results_with_final_1.csv
Rows before: 8
Rows after:  8
Dropped (fips == 0): 0

$ /home/ubuntu/.venv/bin/python3 /home/ubuntu/apps/election-app/stats/2-calc.py
Wrote 8 rows with calculations to /home/ubuntu/apps/election-app/win_prob/H/SC/07/_work/2024_county_results_with_calcs-old.csv

$ /home/ubuntu/.venv/bin/python3 /home/ubuntu/apps/election-app/stats/2-eevp.py
Wrote (no-op copy): 2024_county_results_with_calcs.csv
Columns:
 - timestamp
 - state
 - county
 - fips
 - trump_votes
 - harris_votes
 - other_votes
 - eevp
 - state_eevp
 - harris_votes_statewide
 - trump_votes_statewide
 - other_votes_statewide
 - final_state
 - final_county
 - final_fips
 - final_trump_votes
 - final_harris_votes
 - final_other_votes
 - harris_percent_snapshot
 - trump_percent_snapshot
 - margin_snapshot
 - harris_percent_final
 - trump_percent_final
 - margin_final
 - margin_difference
 - margin_difference_abs

$ /home/ubuntu/.venv/bin/python3 /home/ubuntu/apps/election-app/stats/3-calc-new.py
Wrote 8 rows with new columns to /home/ubuntu/apps/election-app/win_prob/H/SC/07/_work/2024_county_results_with_calcs_new.csv

$ /home/ubuntu/.venv/bin/python3 /home/ubuntu/apps/election-app/stats/4-stats.py
Reading 2024_county_results_with_calcs_new.csv...
Aggregating statewide totals...
Calculating percentages and margins...
Writing to output_statewide_stats.csv...
Done!
[2026-01-26 00:28:03] INFO: [PIPELINE] ENTER win-prob generation | states=['SC'] ts_list=['2024-11-05T15-30-22']

============================================================================
[01/1] STATE = SC
============================================================================

$ /home/ubuntu/.venv/bin/python3 /home/ubuntu/apps/election-app/stats/5-snapshots.py --state SC --input /home/ubuntu/apps/election-app/win_prob/H/SC/07/_work/output_statewide_stats.csv --output /home/ubuntu/apps/election-app/win_prob/H/SC/07/snapshots_SC.csv --start 2024-11-05T15-30-22 --end 2024-11-05T15-30-22 --use-window 1 --interval 30
Mode: windowed-one-state
Rows written: 8
Distinct states in output: SC
Rows per normalized timestamp (empty = unparseable):
  2024-11-05T15-30-22: 8
Wrote /home/ubuntu/apps/election-app/win_prob/H/SC/07/snapshots_SC.csv

$ /home/ubuntu/.venv/bin/python3 /home/ubuntu/apps/election-app/stats/6-pval.py /home/ubuntu/apps/election-app/win_prob/H/SC/07/snapshots_SC.csv -t /home/ubuntu/apps/election-app/stats/parameters.csv -o /home/ubuntu/apps/election-app/win_prob/H/SC/07/data_output_SC.csv -c 50
Done. Wrote: /home/ubuntu/apps/election-app/win_prob/H/SC/07/data_output_SC.csv
Total rows: 8 (chunked, resumable).
Computed columns for PVALS = [0.01, 0.1, 1, 2, 3, 5, 10, 15, 20, 25, 30, 35, 40, 45, 50, 55, 60, 65, 70, 75, 80, 85, 90, 95, 97, 98, 99, 99.9, 99.99]
Per p (leader): shift_{p}, margin_new_{p}, harris_percent_new_{p}, trump_percent_new_{p}, total_snapshot_{p}, total_expected_{p}, harris_votes_new_{p}, trump_votes_new_{p}
Per p (trailing): shift_trailing_{p}, margin_new_{p}_trailing, harris_percent_new_{p}_trailing, trump_percent_new_{p}_trailing, total_snapshot_{p}_trailing, total_expected_{p}_trailing, harris_votes_new_{p}_trailing, trump_votes_new_{p}_trailing
Checkpoint saved at: /home/ubuntu/apps/election-app/win_prob/H/SC/07/data_output_SC.csv.checkpoint.json

$ /home/ubuntu/.venv/bin/python3 /home/ubuntu/apps/election-app/stats/7-margin-new.py
Wrote data_output_with_margins_old.csv

$ /home/ubuntu/.venv/bin/python3 /home/ubuntu/apps/election-app/stats/7-eevp-statewide.py
Wrote data_output_with_margins.csv (copied from data_output_with_margins_old.csv)

$ /home/ubuntu/.venv/bin/python3 /home/ubuntu/apps/election-app/stats/7.py --input /home/ubuntu/apps/election-app/win_prob/H/SC/07/data_output_SC_with_margins_statewide_eevp.csv --output /home/ubuntu/apps/election-app/win_prob/H/SC/07/statewide_margin_pct_vs_percent_SC_2026.png --state SC --start 2024-11-05T15-30-22 --end 2024-11-05T15-30-22 --stats /home/ubuntu/apps/election-app/win_prob/H/SC/07/stats.csv --stats2 /home/ubuntu/apps/election-app/win_prob/H/SC/07/stats2.csv --interval 30 --year 2026 --jsonl /home/ubuntu/apps/election-app/win_prob/H/SC/07/plotdata_SC_2026_2026-01-26T00-27-52.jsonl
[info] evaluating 1 timestamps from 2024-11-05T15-30-22 to 2024-11-05T15-30-22 every 30 minutes
[saved] probs_timeseries_SC.csv  (1 points)
[saved] /home/ubuntu/apps/election-app/win_prob/H/SC/07/plotdata_SC_2026_2026-01-26T00-27-52.jsonl  (4 points)
[saved] /home/ubuntu/apps/election-app/win_prob/H/SC/07/statewide_margin_pct_vs_percent_SC_2026_box.json
[saved] /home/ubuntu/apps/election-app/win_prob/H/SC/07/statewide_margin_pct_vs_percent_SC_2026_box.png
[saved] /home/ubuntu/apps/election-app/win_prob/H/SC/07/statewide_margin_pct_vs_percent_SC_2026.png

All 50 states complete. See: /home/ubuntu/apps/election-app/win_prob/H/SC/07

$ /home/ubuntu/.venv/bin/python3 /home/ubuntu/apps/election-app/stats/8.py --root /home/ubuntu/apps/election-app/win_prob/H/SC/07/_work --outdir /home/ubuntu/apps/election-app/win_prob/H/SC/07
[info] root  = /home/ubuntu/apps/election-app/win_prob/H/SC/07/_work
[info] outdir= /home/ubuntu/apps/election-app/win_prob/H/SC/07
[deleted] /home/ubuntu/apps/election-app/win_prob/H/SC/07/_work/stats_with_statewide.csv
[deleted] /home/ubuntu/apps/election-app/win_prob/H/SC/07/_work/stats2_final_headers.csv
[deleted] /home/ubuntu/apps/election-app/win_prob/H/SC/07/_work/2024_county_results_with_final-old.csv
[deleted] /home/ubuntu/apps/election-app/win_prob/H/SC/07/_work/2024_county_results_with_final.csv
[deleted] /home/ubuntu/apps/election-app/win_prob/H/SC/07/_work/2024_county_results_with_final_1.csv
[deleted] /home/ubuntu/apps/election-app/win_prob/H/SC/07/_work/2024_county_results_with_calcs-old.csv
[deleted] /home/ubuntu/apps/election-app/win_prob/H/SC/07/_work/2024_county_results_with_calcs_new.csv
[deleted] /home/ubuntu/apps/election-app/win_prob/H/SC/07/_work/output_statewide_stats.csv
[skip]    /home/ubuntu/apps/election-app/win_prob/H/SC/07/_work/probs_timeseries_PA.csv
[deleted] /home/ubuntu/apps/election-app/win_prob/H/SC/07/_work/2024_county_results_with_calcs.csv
[skip]    /home/ubuntu/apps/election-app/win_prob/H/SC/07/data_output.csv
[skip]    /home/ubuntu/apps/election-app/win_prob/H/SC/07/data_output_with_margins_old.csv
[skip]    /home/ubuntu/apps/election-app/win_prob/H/SC/07/data_output_with_margins.csv
[skip]    /home/ubuntu/apps/election-app/win_prob/H/SC/07/data_output_with_margins-statewide.csv
[deleted] /home/ubuntu/apps/election-app/win_prob/H/SC/07/snapshots_SC.csv
[deleted] /home/ubuntu/apps/election-app/win_prob/H/SC/07/data_output_SC_with_margins_statewide_eevp.csv
[deleted] /home/ubuntu/apps/election-app/win_prob/H/SC/07/data_output_SC.csv
[deleted] /home/ubuntu/apps/election-app/win_prob/H/SC/07/data_output_SC_with_margins.csv
[deleted] /home/ubuntu/apps/election-app/win_prob/H/SC/07/data_output_SC.csv.checkpoint.json
[deleted] /home/ubuntu/apps/election-app/win_prob/H/SC/07/stats.csv
[deleted] /home/ubuntu/apps/election-app/win_prob/H/SC/07/stats2.csv
[done] removed 16 file(s)
[2026-01-26 00:34:54] INFO: [PIPELINE] args: office=H state=SC district=07
[2026-01-26 00:34:54] INFO: [PIPELINE] WINPROB_DIR resolved to: /home/ubuntu/apps/election-app/win_prob/H/SC/07
[2026-01-26 00:34:54] INFO: [PIPELINE] OUTDIR set to: /home/ubuntu/apps/election-app/win_prob/H/SC/07

$ /home/ubuntu/.venv/bin/python3 /home/ubuntu/apps/election-app/stats/1-statewide.py --input /home/ubuntu/apps/election-app/win_prob/H/SC/07/stats.csv --output /home/ubuntu/apps/election-app/win_prob/H/SC/07/_work/stats_with_statewide.csv
Wrote /home/ubuntu/apps/election-app/win_prob/H/SC/07/_work/stats_with_statewide.csv (rows=8)

$ /home/ubuntu/.venv/bin/python3 /home/ubuntu/apps/election-app/stats/1-stats-2.py --input /home/ubuntu/apps/election-app/win_prob/H/SC/07/stats2.csv --output /home/ubuntu/apps/election-app/win_prob/H/SC/07/_work/stats2_final_headers.csv
Wrote /home/ubuntu/apps/election-app/win_prob/H/SC/07/_work/stats2_final_headers.csv (rows=8)

$ /home/ubuntu/.venv/bin/python3 /home/ubuntu/apps/election-app/stats/1-append-new.py
Wrote 2024_county_results_with_final-old.csv (rows=8, missing_final_matches=0)

$ /home/ubuntu/.venv/bin/python3 /home/ubuntu/apps/election-app/stats/1-change_header.py
Wrote: 2024_county_results_with_final.csv

$ /home/ubuntu/.venv/bin/python3 /home/ubuntu/apps/election-app/stats/1-cut-zero-fips.py
Wrote: 2024_county_results_with_final_1.csv
Rows before: 8
Rows after:  8
Dropped (fips == 0): 0

$ /home/ubuntu/.venv/bin/python3 /home/ubuntu/apps/election-app/stats/2-calc.py
Wrote 8 rows with calculations to /home/ubuntu/apps/election-app/win_prob/H/SC/07/_work/2024_county_results_with_calcs-old.csv

$ /home/ubuntu/.venv/bin/python3 /home/ubuntu/apps/election-app/stats/2-eevp.py
Wrote (no-op copy): 2024_county_results_with_calcs.csv
Columns:
 - timestamp
 - state
 - county
 - fips
 - trump_votes
 - harris_votes
 - other_votes
 - eevp
 - state_eevp
 - harris_votes_statewide
 - trump_votes_statewide
 - other_votes_statewide
 - final_state
 - final_county
 - final_fips
 - final_trump_votes
 - final_harris_votes
 - final_other_votes
 - harris_percent_snapshot
 - trump_percent_snapshot
 - margin_snapshot
 - harris_percent_final
 - trump_percent_final
 - margin_final
 - margin_difference
 - margin_difference_abs

$ /home/ubuntu/.venv/bin/python3 /home/ubuntu/apps/election-app/stats/3-calc-new.py
Wrote 8 rows with new columns to /home/ubuntu/apps/election-app/win_prob/H/SC/07/_work/2024_county_results_with_calcs_new.csv

$ /home/ubuntu/.venv/bin/python3 /home/ubuntu/apps/election-app/stats/4-stats.py
Reading 2024_county_results_with_calcs_new.csv...
Aggregating statewide totals...
Calculating percentages and margins...
Writing to output_statewide_stats.csv...
Done!
[2026-01-26 00:35:05] INFO: [PIPELINE] ENTER win-prob generation | states=['SC'] ts_list=['2024-11-05T15-30-22']

============================================================================
[01/1] STATE = SC
============================================================================

$ /home/ubuntu/.venv/bin/python3 /home/ubuntu/apps/election-app/stats/5-snapshots.py --state SC --input /home/ubuntu/apps/election-app/win_prob/H/SC/07/_work/output_statewide_stats.csv --output /home/ubuntu/apps/election-app/win_prob/H/SC/07/snapshots_SC.csv --start 2024-11-05T15-30-22 --end 2024-11-05T15-30-22 --use-window 1 --interval 30
Mode: windowed-one-state
Rows written: 8
Distinct states in output: SC
Rows per normalized timestamp (empty = unparseable):
  2024-11-05T15-30-22: 8
Wrote /home/ubuntu/apps/election-app/win_prob/H/SC/07/snapshots_SC.csv

$ /home/ubuntu/.venv/bin/python3 /home/ubuntu/apps/election-app/stats/6-pval.py /home/ubuntu/apps/election-app/win_prob/H/SC/07/snapshots_SC.csv -t /home/ubuntu/apps/election-app/stats/parameters.csv -o /home/ubuntu/apps/election-app/win_prob/H/SC/07/data_output_SC.csv -c 50
Done. Wrote: /home/ubuntu/apps/election-app/win_prob/H/SC/07/data_output_SC.csv
Total rows: 8 (chunked, resumable).
Computed columns for PVALS = [0.01, 0.1, 1, 2, 3, 5, 10, 15, 20, 25, 30, 35, 40, 45, 50, 55, 60, 65, 70, 75, 80, 85, 90, 95, 97, 98, 99, 99.9, 99.99]
Per p (leader): shift_{p}, margin_new_{p}, harris_percent_new_{p}, trump_percent_new_{p}, total_snapshot_{p}, total_expected_{p}, harris_votes_new_{p}, trump_votes_new_{p}
Per p (trailing): shift_trailing_{p}, margin_new_{p}_trailing, harris_percent_new_{p}_trailing, trump_percent_new_{p}_trailing, total_snapshot_{p}_trailing, total_expected_{p}_trailing, harris_votes_new_{p}_trailing, trump_votes_new_{p}_trailing
Checkpoint saved at: /home/ubuntu/apps/election-app/win_prob/H/SC/07/data_output_SC.csv.checkpoint.json

$ /home/ubuntu/.venv/bin/python3 /home/ubuntu/apps/election-app/stats/7-margin-new.py
Wrote data_output_with_margins_old.csv

$ /home/ubuntu/.venv/bin/python3 /home/ubuntu/apps/election-app/stats/7-eevp-statewide.py
Wrote data_output_with_margins.csv (copied from data_output_with_margins_old.csv)

$ /home/ubuntu/.venv/bin/python3 /home/ubuntu/apps/election-app/stats/7.py --input /home/ubuntu/apps/election-app/win_prob/H/SC/07/data_output_SC_with_margins_statewide_eevp.csv --output /home/ubuntu/apps/election-app/win_prob/H/SC/07/statewide_margin_pct_vs_percent_SC_2026.png --state SC --start 2024-11-05T15-30-22 --end 2024-11-05T15-30-22 --stats /home/ubuntu/apps/election-app/win_prob/H/SC/07/stats.csv --stats2 /home/ubuntu/apps/election-app/win_prob/H/SC/07/stats2.csv --interval 30 --year 2026 --jsonl /home/ubuntu/apps/election-app/win_prob/H/SC/07/plotdata_SC_2026_2026-01-26T00-34-54.jsonl
[info] evaluating 1 timestamps from 2024-11-05T15-30-22 to 2024-11-05T15-30-22 every 30 minutes
[saved] probs_timeseries_SC.csv  (1 points)
[saved] /home/ubuntu/apps/election-app/win_prob/H/SC/07/plotdata_SC_2026_2026-01-26T00-34-54.jsonl  (4 points)
[saved] /home/ubuntu/apps/election-app/win_prob/H/SC/07/statewide_margin_pct_vs_percent_SC_2026_box.json
[saved] /home/ubuntu/apps/election-app/win_prob/H/SC/07/statewide_margin_pct_vs_percent_SC_2026_box.png
[saved] /home/ubuntu/apps/election-app/win_prob/H/SC/07/statewide_margin_pct_vs_percent_SC_2026.png

All 50 states complete. See: /home/ubuntu/apps/election-app/win_prob/H/SC/07

$ /home/ubuntu/.venv/bin/python3 /home/ubuntu/apps/election-app/stats/8.py --root /home/ubuntu/apps/election-app/win_prob/H/SC/07/_work --outdir /home/ubuntu/apps/election-app/win_prob/H/SC/07
[info] root  = /home/ubuntu/apps/election-app/win_prob/H/SC/07/_work
[info] outdir= /home/ubuntu/apps/election-app/win_prob/H/SC/07
[deleted] /home/ubuntu/apps/election-app/win_prob/H/SC/07/_work/stats_with_statewide.csv
[deleted] /home/ubuntu/apps/election-app/win_prob/H/SC/07/_work/stats2_final_headers.csv
[deleted] /home/ubuntu/apps/election-app/win_prob/H/SC/07/_work/2024_county_results_with_final-old.csv
[deleted] /home/ubuntu/apps/election-app/win_prob/H/SC/07/_work/2024_county_results_with_final.csv
[deleted] /home/ubuntu/apps/election-app/win_prob/H/SC/07/_work/2024_county_results_with_final_1.csv
[deleted] /home/ubuntu/apps/election-app/win_prob/H/SC/07/_work/2024_county_results_with_calcs-old.csv
[deleted] /home/ubuntu/apps/election-app/win_prob/H/SC/07/_work/2024_county_results_with_calcs_new.csv
[deleted] /home/ubuntu/apps/election-app/win_prob/H/SC/07/_work/output_statewide_stats.csv
[skip]    /home/ubuntu/apps/election-app/win_prob/H/SC/07/_work/probs_timeseries_PA.csv
[deleted] /home/ubuntu/apps/election-app/win_prob/H/SC/07/_work/2024_county_results_with_calcs.csv
[skip]    /home/ubuntu/apps/election-app/win_prob/H/SC/07/data_output.csv
[skip]    /home/ubuntu/apps/election-app/win_prob/H/SC/07/data_output_with_margins_old.csv
[skip]    /home/ubuntu/apps/election-app/win_prob/H/SC/07/data_output_with_margins.csv
[skip]    /home/ubuntu/apps/election-app/win_prob/H/SC/07/data_output_with_margins-statewide.csv
[deleted] /home/ubuntu/apps/election-app/win_prob/H/SC/07/snapshots_SC.csv
[deleted] /home/ubuntu/apps/election-app/win_prob/H/SC/07/data_output_SC_with_margins_statewide_eevp.csv
[deleted] /home/ubuntu/apps/election-app/win_prob/H/SC/07/data_output_SC.csv
[deleted] /home/ubuntu/apps/election-app/win_prob/H/SC/07/data_output_SC_with_margins.csv
[deleted] /home/ubuntu/apps/election-app/win_prob/H/SC/07/data_output_SC.csv.checkpoint.json
[deleted] /home/ubuntu/apps/election-app/win_prob/H/SC/07/stats.csv
[deleted] /home/ubuntu/apps/election-app/win_prob/H/SC/07/stats2.csv
[done] removed 16 file(s)
[2026-01-26 00:41:56] INFO: [PIPELINE] args: office=H state=SC district=07
[2026-01-26 00:41:56] INFO: [PIPELINE] WINPROB_DIR resolved to: /home/ubuntu/apps/election-app/win_prob/H/SC/07
[2026-01-26 00:41:56] INFO: [PIPELINE] OUTDIR set to: /home/ubuntu/apps/election-app/win_prob/H/SC/07

$ /home/ubuntu/.venv/bin/python3 /home/ubuntu/apps/election-app/stats/1-statewide.py --input /home/ubuntu/apps/election-app/win_prob/H/SC/07/stats.csv --output /home/ubuntu/apps/election-app/win_prob/H/SC/07/_work/stats_with_statewide.csv
Wrote /home/ubuntu/apps/election-app/win_prob/H/SC/07/_work/stats_with_statewide.csv (rows=8)

$ /home/ubuntu/.venv/bin/python3 /home/ubuntu/apps/election-app/stats/1-stats-2.py --input /home/ubuntu/apps/election-app/win_prob/H/SC/07/stats2.csv --output /home/ubuntu/apps/election-app/win_prob/H/SC/07/_work/stats2_final_headers.csv
Wrote /home/ubuntu/apps/election-app/win_prob/H/SC/07/_work/stats2_final_headers.csv (rows=8)

$ /home/ubuntu/.venv/bin/python3 /home/ubuntu/apps/election-app/stats/1-append-new.py
Wrote 2024_county_results_with_final-old.csv (rows=8, missing_final_matches=0)

$ /home/ubuntu/.venv/bin/python3 /home/ubuntu/apps/election-app/stats/1-change_header.py
Wrote: 2024_county_results_with_final.csv

$ /home/ubuntu/.venv/bin/python3 /home/ubuntu/apps/election-app/stats/1-cut-zero-fips.py
Wrote: 2024_county_results_with_final_1.csv
Rows before: 8
Rows after:  8
Dropped (fips == 0): 0

$ /home/ubuntu/.venv/bin/python3 /home/ubuntu/apps/election-app/stats/2-calc.py
Wrote 8 rows with calculations to /home/ubuntu/apps/election-app/win_prob/H/SC/07/_work/2024_county_results_with_calcs-old.csv

$ /home/ubuntu/.venv/bin/python3 /home/ubuntu/apps/election-app/stats/2-eevp.py
Wrote (no-op copy): 2024_county_results_with_calcs.csv
Columns:
 - timestamp
 - state
 - county
 - fips
 - trump_votes
 - harris_votes
 - other_votes
 - eevp
 - state_eevp
 - harris_votes_statewide
 - trump_votes_statewide
 - other_votes_statewide
 - final_state
 - final_county
 - final_fips
 - final_trump_votes
 - final_harris_votes
 - final_other_votes
 - harris_percent_snapshot
 - trump_percent_snapshot
 - margin_snapshot
 - harris_percent_final
 - trump_percent_final
 - margin_final
 - margin_difference
 - margin_difference_abs

$ /home/ubuntu/.venv/bin/python3 /home/ubuntu/apps/election-app/stats/3-calc-new.py
Wrote 8 rows with new columns to /home/ubuntu/apps/election-app/win_prob/H/SC/07/_work/2024_county_results_with_calcs_new.csv

$ /home/ubuntu/.venv/bin/python3 /home/ubuntu/apps/election-app/stats/4-stats.py
Reading 2024_county_results_with_calcs_new.csv...
Aggregating statewide totals...
Calculating percentages and margins...
Writing to output_statewide_stats.csv...
Done!
[2026-01-26 00:42:07] INFO: [PIPELINE] ENTER win-prob generation | states=['SC'] ts_list=['2024-11-05T15-30-22']

============================================================================
[01/1] STATE = SC
============================================================================

$ /home/ubuntu/.venv/bin/python3 /home/ubuntu/apps/election-app/stats/5-snapshots.py --state SC --input /home/ubuntu/apps/election-app/win_prob/H/SC/07/_work/output_statewide_stats.csv --output /home/ubuntu/apps/election-app/win_prob/H/SC/07/snapshots_SC.csv --start 2024-11-05T15-30-22 --end 2024-11-05T15-30-22 --use-window 1 --interval 30
Mode: windowed-one-state
Rows written: 8
Distinct states in output: SC
Rows per normalized timestamp (empty = unparseable):
  2024-11-05T15-30-22: 8
Wrote /home/ubuntu/apps/election-app/win_prob/H/SC/07/snapshots_SC.csv

$ /home/ubuntu/.venv/bin/python3 /home/ubuntu/apps/election-app/stats/6-pval.py /home/ubuntu/apps/election-app/win_prob/H/SC/07/snapshots_SC.csv -t /home/ubuntu/apps/election-app/stats/parameters.csv -o /home/ubuntu/apps/election-app/win_prob/H/SC/07/data_output_SC.csv -c 50
Done. Wrote: /home/ubuntu/apps/election-app/win_prob/H/SC/07/data_output_SC.csv
Total rows: 8 (chunked, resumable).
Computed columns for PVALS = [0.01, 0.1, 1, 2, 3, 5, 10, 15, 20, 25, 30, 35, 40, 45, 50, 55, 60, 65, 70, 75, 80, 85, 90, 95, 97, 98, 99, 99.9, 99.99]
Per p (leader): shift_{p}, margin_new_{p}, harris_percent_new_{p}, trump_percent_new_{p}, total_snapshot_{p}, total_expected_{p}, harris_votes_new_{p}, trump_votes_new_{p}
Per p (trailing): shift_trailing_{p}, margin_new_{p}_trailing, harris_percent_new_{p}_trailing, trump_percent_new_{p}_trailing, total_snapshot_{p}_trailing, total_expected_{p}_trailing, harris_votes_new_{p}_trailing, trump_votes_new_{p}_trailing
Checkpoint saved at: /home/ubuntu/apps/election-app/win_prob/H/SC/07/data_output_SC.csv.checkpoint.json

$ /home/ubuntu/.venv/bin/python3 /home/ubuntu/apps/election-app/stats/7-margin-new.py
Wrote data_output_with_margins_old.csv

$ /home/ubuntu/.venv/bin/python3 /home/ubuntu/apps/election-app/stats/7-eevp-statewide.py
Wrote data_output_with_margins.csv (copied from data_output_with_margins_old.csv)

$ /home/ubuntu/.venv/bin/python3 /home/ubuntu/apps/election-app/stats/7.py --input /home/ubuntu/apps/election-app/win_prob/H/SC/07/data_output_SC_with_margins_statewide_eevp.csv --output /home/ubuntu/apps/election-app/win_prob/H/SC/07/statewide_margin_pct_vs_percent_SC_2026.png --state SC --start 2024-11-05T15-30-22 --end 2024-11-05T15-30-22 --stats /home/ubuntu/apps/election-app/win_prob/H/SC/07/stats.csv --stats2 /home/ubuntu/apps/election-app/win_prob/H/SC/07/stats2.csv --interval 30 --year 2026 --jsonl /home/ubuntu/apps/election-app/win_prob/H/SC/07/plotdata_SC_2026_2026-01-26T00-41-56.jsonl
[info] evaluating 1 timestamps from 2024-11-05T15-30-22 to 2024-11-05T15-30-22 every 30 minutes
[saved] probs_timeseries_SC.csv  (1 points)
[saved] /home/ubuntu/apps/election-app/win_prob/H/SC/07/plotdata_SC_2026_2026-01-26T00-41-56.jsonl  (4 points)
[saved] /home/ubuntu/apps/election-app/win_prob/H/SC/07/statewide_margin_pct_vs_percent_SC_2026_box.json
[saved] /home/ubuntu/apps/election-app/win_prob/H/SC/07/statewide_margin_pct_vs_percent_SC_2026_box.png
[saved] /home/ubuntu/apps/election-app/win_prob/H/SC/07/statewide_margin_pct_vs_percent_SC_2026.png

All 50 states complete. See: /home/ubuntu/apps/election-app/win_prob/H/SC/07

$ /home/ubuntu/.venv/bin/python3 /home/ubuntu/apps/election-app/stats/8.py --root /home/ubuntu/apps/election-app/win_prob/H/SC/07/_work --outdir /home/ubuntu/apps/election-app/win_prob/H/SC/07
[info] root  = /home/ubuntu/apps/election-app/win_prob/H/SC/07/_work
[info] outdir= /home/ubuntu/apps/election-app/win_prob/H/SC/07
[deleted] /home/ubuntu/apps/election-app/win_prob/H/SC/07/_work/stats_with_statewide.csv
[deleted] /home/ubuntu/apps/election-app/win_prob/H/SC/07/_work/stats2_final_headers.csv
[deleted] /home/ubuntu/apps/election-app/win_prob/H/SC/07/_work/2024_county_results_with_final-old.csv
[deleted] /home/ubuntu/apps/election-app/win_prob/H/SC/07/_work/2024_county_results_with_final.csv
[deleted] /home/ubuntu/apps/election-app/win_prob/H/SC/07/_work/2024_county_results_with_final_1.csv
[deleted] /home/ubuntu/apps/election-app/win_prob/H/SC/07/_work/2024_county_results_with_calcs-old.csv
[deleted] /home/ubuntu/apps/election-app/win_prob/H/SC/07/_work/2024_county_results_with_calcs_new.csv
[deleted] /home/ubuntu/apps/election-app/win_prob/H/SC/07/_work/output_statewide_stats.csv
[skip]    /home/ubuntu/apps/election-app/win_prob/H/SC/07/_work/probs_timeseries_PA.csv
[deleted] /home/ubuntu/apps/election-app/win_prob/H/SC/07/_work/2024_county_results_with_calcs.csv
[skip]    /home/ubuntu/apps/election-app/win_prob/H/SC/07/data_output.csv
[skip]    /home/ubuntu/apps/election-app/win_prob/H/SC/07/data_output_with_margins_old.csv
[skip]    /home/ubuntu/apps/election-app/win_prob/H/SC/07/data_output_with_margins.csv
[skip]    /home/ubuntu/apps/election-app/win_prob/H/SC/07/data_output_with_margins-statewide.csv
[deleted] /home/ubuntu/apps/election-app/win_prob/H/SC/07/snapshots_SC.csv
[deleted] /home/ubuntu/apps/election-app/win_prob/H/SC/07/data_output_SC_with_margins_statewide_eevp.csv
[deleted] /home/ubuntu/apps/election-app/win_prob/H/SC/07/data_output_SC.csv
[deleted] /home/ubuntu/apps/election-app/win_prob/H/SC/07/data_output_SC_with_margins.csv
[deleted] /home/ubuntu/apps/election-app/win_prob/H/SC/07/data_output_SC.csv.checkpoint.json
[deleted] /home/ubuntu/apps/election-app/win_prob/H/SC/07/stats.csv
[deleted] /home/ubuntu/apps/election-app/win_prob/H/SC/07/stats2.csv
[done] removed 16 file(s)
[2026-01-26 00:48:50] INFO: [PIPELINE] args: office=H state=SC district=07
[2026-01-26 00:48:50] INFO: [PIPELINE] WINPROB_DIR resolved to: /home/ubuntu/apps/election-app/win_prob/H/SC/07
[2026-01-26 00:48:50] INFO: [PIPELINE] OUTDIR set to: /home/ubuntu/apps/election-app/win_prob/H/SC/07

$ /home/ubuntu/.venv/bin/python3 /home/ubuntu/apps/election-app/stats/1-statewide.py --input /home/ubuntu/apps/election-app/win_prob/H/SC/07/stats.csv --output /home/ubuntu/apps/election-app/win_prob/H/SC/07/_work/stats_with_statewide.csv
Wrote /home/ubuntu/apps/election-app/win_prob/H/SC/07/_work/stats_with_statewide.csv (rows=8)

$ /home/ubuntu/.venv/bin/python3 /home/ubuntu/apps/election-app/stats/1-stats-2.py --input /home/ubuntu/apps/election-app/win_prob/H/SC/07/stats2.csv --output /home/ubuntu/apps/election-app/win_prob/H/SC/07/_work/stats2_final_headers.csv
Wrote /home/ubuntu/apps/election-app/win_prob/H/SC/07/_work/stats2_final_headers.csv (rows=8)

$ /home/ubuntu/.venv/bin/python3 /home/ubuntu/apps/election-app/stats/1-append-new.py
Wrote 2024_county_results_with_final-old.csv (rows=8, missing_final_matches=0)

$ /home/ubuntu/.venv/bin/python3 /home/ubuntu/apps/election-app/stats/1-change_header.py
Wrote: 2024_county_results_with_final.csv

$ /home/ubuntu/.venv/bin/python3 /home/ubuntu/apps/election-app/stats/1-cut-zero-fips.py
Wrote: 2024_county_results_with_final_1.csv
Rows before: 8
Rows after:  8
Dropped (fips == 0): 0

$ /home/ubuntu/.venv/bin/python3 /home/ubuntu/apps/election-app/stats/2-calc.py
Wrote 8 rows with calculations to /home/ubuntu/apps/election-app/win_prob/H/SC/07/_work/2024_county_results_with_calcs-old.csv

$ /home/ubuntu/.venv/bin/python3 /home/ubuntu/apps/election-app/stats/2-eevp.py
Wrote (no-op copy): 2024_county_results_with_calcs.csv
Columns:
 - timestamp
 - state
 - county
 - fips
 - trump_votes
 - harris_votes
 - other_votes
 - eevp
 - state_eevp
 - harris_votes_statewide
 - trump_votes_statewide
 - other_votes_statewide
 - final_state
 - final_county
 - final_fips
 - final_trump_votes
 - final_harris_votes
 - final_other_votes
 - harris_percent_snapshot
 - trump_percent_snapshot
 - margin_snapshot
 - harris_percent_final
 - trump_percent_final
 - margin_final
 - margin_difference
 - margin_difference_abs

$ /home/ubuntu/.venv/bin/python3 /home/ubuntu/apps/election-app/stats/3-calc-new.py
Wrote 8 rows with new columns to /home/ubuntu/apps/election-app/win_prob/H/SC/07/_work/2024_county_results_with_calcs_new.csv

$ /home/ubuntu/.venv/bin/python3 /home/ubuntu/apps/election-app/stats/4-stats.py
Reading 2024_county_results_with_calcs_new.csv...
Aggregating statewide totals...
Calculating percentages and margins...
Writing to output_statewide_stats.csv...
Done!
[2026-01-26 00:48:59] INFO: [PIPELINE] ENTER win-prob generation | states=['SC'] ts_list=['2024-11-05T15-30-22']

============================================================================
[01/1] STATE = SC
============================================================================

$ /home/ubuntu/.venv/bin/python3 /home/ubuntu/apps/election-app/stats/5-snapshots.py --state SC --input /home/ubuntu/apps/election-app/win_prob/H/SC/07/_work/output_statewide_stats.csv --output /home/ubuntu/apps/election-app/win_prob/H/SC/07/snapshots_SC.csv --start 2024-11-05T15-30-22 --end 2024-11-05T15-30-22 --use-window 1 --interval 30
Mode: windowed-one-state
Rows written: 8
Distinct states in output: SC
Rows per normalized timestamp (empty = unparseable):
  2024-11-05T15-30-22: 8
Wrote /home/ubuntu/apps/election-app/win_prob/H/SC/07/snapshots_SC.csv

$ /home/ubuntu/.venv/bin/python3 /home/ubuntu/apps/election-app/stats/6-pval.py /home/ubuntu/apps/election-app/win_prob/H/SC/07/snapshots_SC.csv -t /home/ubuntu/apps/election-app/stats/parameters.csv -o /home/ubuntu/apps/election-app/win_prob/H/SC/07/data_output_SC.csv -c 50
Done. Wrote: /home/ubuntu/apps/election-app/win_prob/H/SC/07/data_output_SC.csv
Total rows: 8 (chunked, resumable).
Computed columns for PVALS = [0.01, 0.1, 1, 2, 3, 5, 10, 15, 20, 25, 30, 35, 40, 45, 50, 55, 60, 65, 70, 75, 80, 85, 90, 95, 97, 98, 99, 99.9, 99.99]
Per p (leader): shift_{p}, margin_new_{p}, harris_percent_new_{p}, trump_percent_new_{p}, total_snapshot_{p}, total_expected_{p}, harris_votes_new_{p}, trump_votes_new_{p}
Per p (trailing): shift_trailing_{p}, margin_new_{p}_trailing, harris_percent_new_{p}_trailing, trump_percent_new_{p}_trailing, total_snapshot_{p}_trailing, total_expected_{p}_trailing, harris_votes_new_{p}_trailing, trump_votes_new_{p}_trailing
Checkpoint saved at: /home/ubuntu/apps/election-app/win_prob/H/SC/07/data_output_SC.csv.checkpoint.json

$ /home/ubuntu/.venv/bin/python3 /home/ubuntu/apps/election-app/stats/7-margin-new.py
Wrote data_output_with_margins_old.csv

$ /home/ubuntu/.venv/bin/python3 /home/ubuntu/apps/election-app/stats/7-eevp-statewide.py
Wrote data_output_with_margins.csv (copied from data_output_with_margins_old.csv)

$ /home/ubuntu/.venv/bin/python3 /home/ubuntu/apps/election-app/stats/7.py --input /home/ubuntu/apps/election-app/win_prob/H/SC/07/data_output_SC_with_margins_statewide_eevp.csv --output /home/ubuntu/apps/election-app/win_prob/H/SC/07/statewide_margin_pct_vs_percent_SC_2026.png --state SC --start 2024-11-05T15-30-22 --end 2024-11-05T15-30-22 --stats /home/ubuntu/apps/election-app/win_prob/H/SC/07/stats.csv --stats2 /home/ubuntu/apps/election-app/win_prob/H/SC/07/stats2.csv --interval 30 --year 2026 --jsonl /home/ubuntu/apps/election-app/win_prob/H/SC/07/plotdata_SC_2026_2026-01-26T00-48-50.jsonl
[info] evaluating 1 timestamps from 2024-11-05T15-30-22 to 2024-11-05T15-30-22 every 30 minutes
[saved] probs_timeseries_SC.csv  (1 points)
[saved] /home/ubuntu/apps/election-app/win_prob/H/SC/07/plotdata_SC_2026_2026-01-26T00-48-50.jsonl  (4 points)
[saved] /home/ubuntu/apps/election-app/win_prob/H/SC/07/statewide_margin_pct_vs_percent_SC_2026_box.json
[saved] /home/ubuntu/apps/election-app/win_prob/H/SC/07/statewide_margin_pct_vs_percent_SC_2026_box.png
[saved] /home/ubuntu/apps/election-app/win_prob/H/SC/07/statewide_margin_pct_vs_percent_SC_2026.png

All 50 states complete. See: /home/ubuntu/apps/election-app/win_prob/H/SC/07

$ /home/ubuntu/.venv/bin/python3 /home/ubuntu/apps/election-app/stats/8.py --root /home/ubuntu/apps/election-app/win_prob/H/SC/07/_work --outdir /home/ubuntu/apps/election-app/win_prob/H/SC/07
[info] root  = /home/ubuntu/apps/election-app/win_prob/H/SC/07/_work
[info] outdir= /home/ubuntu/apps/election-app/win_prob/H/SC/07
[deleted] /home/ubuntu/apps/election-app/win_prob/H/SC/07/_work/stats_with_statewide.csv
[deleted] /home/ubuntu/apps/election-app/win_prob/H/SC/07/_work/stats2_final_headers.csv
[deleted] /home/ubuntu/apps/election-app/win_prob/H/SC/07/_work/2024_county_results_with_final-old.csv
[deleted] /home/ubuntu/apps/election-app/win_prob/H/SC/07/_work/2024_county_results_with_final.csv
[deleted] /home/ubuntu/apps/election-app/win_prob/H/SC/07/_work/2024_county_results_with_final_1.csv
[deleted] /home/ubuntu/apps/election-app/win_prob/H/SC/07/_work/2024_county_results_with_calcs-old.csv
[deleted] /home/ubuntu/apps/election-app/win_prob/H/SC/07/_work/2024_county_results_with_calcs_new.csv
[deleted] /home/ubuntu/apps/election-app/win_prob/H/SC/07/_work/output_statewide_stats.csv
[skip]    /home/ubuntu/apps/election-app/win_prob/H/SC/07/_work/probs_timeseries_PA.csv
[deleted] /home/ubuntu/apps/election-app/win_prob/H/SC/07/_work/2024_county_results_with_calcs.csv
[skip]    /home/ubuntu/apps/election-app/win_prob/H/SC/07/data_output.csv
[skip]    /home/ubuntu/apps/election-app/win_prob/H/SC/07/data_output_with_margins_old.csv
[skip]    /home/ubuntu/apps/election-app/win_prob/H/SC/07/data_output_with_margins.csv
[skip]    /home/ubuntu/apps/election-app/win_prob/H/SC/07/data_output_with_margins-statewide.csv
[deleted] /home/ubuntu/apps/election-app/win_prob/H/SC/07/snapshots_SC.csv
[deleted] /home/ubuntu/apps/election-app/win_prob/H/SC/07/data_output_SC_with_margins_statewide_eevp.csv
[deleted] /home/ubuntu/apps/election-app/win_prob/H/SC/07/data_output_SC.csv
[deleted] /home/ubuntu/apps/election-app/win_prob/H/SC/07/data_output_SC_with_margins.csv
[deleted] /home/ubuntu/apps/election-app/win_prob/H/SC/07/data_output_SC.csv.checkpoint.json
[deleted] /home/ubuntu/apps/election-app/win_prob/H/SC/07/stats.csv
[deleted] /home/ubuntu/apps/election-app/win_prob/H/SC/07/stats2.csv
[done] removed 16 file(s)
[2026-01-26 00:56:00] INFO: [PIPELINE] args: office=H state=SC district=07
[2026-01-26 00:56:00] INFO: [PIPELINE] WINPROB_DIR resolved to: /home/ubuntu/apps/election-app/win_prob/H/SC/07
[2026-01-26 00:56:00] INFO: [PIPELINE] OUTDIR set to: /home/ubuntu/apps/election-app/win_prob/H/SC/07

$ /home/ubuntu/.venv/bin/python3 /home/ubuntu/apps/election-app/stats/1-statewide.py --input /home/ubuntu/apps/election-app/win_prob/H/SC/07/stats.csv --output /home/ubuntu/apps/election-app/win_prob/H/SC/07/_work/stats_with_statewide.csv
Wrote /home/ubuntu/apps/election-app/win_prob/H/SC/07/_work/stats_with_statewide.csv (rows=8)

$ /home/ubuntu/.venv/bin/python3 /home/ubuntu/apps/election-app/stats/1-stats-2.py --input /home/ubuntu/apps/election-app/win_prob/H/SC/07/stats2.csv --output /home/ubuntu/apps/election-app/win_prob/H/SC/07/_work/stats2_final_headers.csv
Wrote /home/ubuntu/apps/election-app/win_prob/H/SC/07/_work/stats2_final_headers.csv (rows=8)

$ /home/ubuntu/.venv/bin/python3 /home/ubuntu/apps/election-app/stats/1-append-new.py
Wrote 2024_county_results_with_final-old.csv (rows=8, missing_final_matches=0)

$ /home/ubuntu/.venv/bin/python3 /home/ubuntu/apps/election-app/stats/1-change_header.py
Wrote: 2024_county_results_with_final.csv

$ /home/ubuntu/.venv/bin/python3 /home/ubuntu/apps/election-app/stats/1-cut-zero-fips.py
Wrote: 2024_county_results_with_final_1.csv
Rows before: 8
Rows after:  8
Dropped (fips == 0): 0

$ /home/ubuntu/.venv/bin/python3 /home/ubuntu/apps/election-app/stats/2-calc.py
Wrote 8 rows with calculations to /home/ubuntu/apps/election-app/win_prob/H/SC/07/_work/2024_county_results_with_calcs-old.csv

$ /home/ubuntu/.venv/bin/python3 /home/ubuntu/apps/election-app/stats/2-eevp.py
Wrote (no-op copy): 2024_county_results_with_calcs.csv
Columns:
 - timestamp
 - state
 - county
 - fips
 - trump_votes
 - harris_votes
 - other_votes
 - eevp
 - state_eevp
 - harris_votes_statewide
 - trump_votes_statewide
 - other_votes_statewide
 - final_state
 - final_county
 - final_fips
 - final_trump_votes
 - final_harris_votes
 - final_other_votes
 - harris_percent_snapshot
 - trump_percent_snapshot
 - margin_snapshot
 - harris_percent_final
 - trump_percent_final
 - margin_final
 - margin_difference
 - margin_difference_abs

$ /home/ubuntu/.venv/bin/python3 /home/ubuntu/apps/election-app/stats/3-calc-new.py
Wrote 8 rows with new columns to /home/ubuntu/apps/election-app/win_prob/H/SC/07/_work/2024_county_results_with_calcs_new.csv

$ /home/ubuntu/.venv/bin/python3 /home/ubuntu/apps/election-app/stats/4-stats.py
Reading 2024_county_results_with_calcs_new.csv...
Aggregating statewide totals...
Calculating percentages and margins...
Writing to output_statewide_stats.csv...
Done!
[2026-01-26 00:56:11] INFO: [PIPELINE] ENTER win-prob generation | states=['SC'] ts_list=['2024-11-05T15-30-22']

============================================================================
[01/1] STATE = SC
============================================================================

$ /home/ubuntu/.venv/bin/python3 /home/ubuntu/apps/election-app/stats/5-snapshots.py --state SC --input /home/ubuntu/apps/election-app/win_prob/H/SC/07/_work/output_statewide_stats.csv --output /home/ubuntu/apps/election-app/win_prob/H/SC/07/snapshots_SC.csv --start 2024-11-05T15-30-22 --end 2024-11-05T15-30-22 --use-window 1 --interval 30
Mode: windowed-one-state
Rows written: 8
Distinct states in output: SC
Rows per normalized timestamp (empty = unparseable):
  2024-11-05T15-30-22: 8
Wrote /home/ubuntu/apps/election-app/win_prob/H/SC/07/snapshots_SC.csv

$ /home/ubuntu/.venv/bin/python3 /home/ubuntu/apps/election-app/stats/6-pval.py /home/ubuntu/apps/election-app/win_prob/H/SC/07/snapshots_SC.csv -t /home/ubuntu/apps/election-app/stats/parameters.csv -o /home/ubuntu/apps/election-app/win_prob/H/SC/07/data_output_SC.csv -c 50
Done. Wrote: /home/ubuntu/apps/election-app/win_prob/H/SC/07/data_output_SC.csv
Total rows: 8 (chunked, resumable).
Computed columns for PVALS = [0.01, 0.1, 1, 2, 3, 5, 10, 15, 20, 25, 30, 35, 40, 45, 50, 55, 60, 65, 70, 75, 80, 85, 90, 95, 97, 98, 99, 99.9, 99.99]
Per p (leader): shift_{p}, margin_new_{p}, harris_percent_new_{p}, trump_percent_new_{p}, total_snapshot_{p}, total_expected_{p}, harris_votes_new_{p}, trump_votes_new_{p}
Per p (trailing): shift_trailing_{p}, margin_new_{p}_trailing, harris_percent_new_{p}_trailing, trump_percent_new_{p}_trailing, total_snapshot_{p}_trailing, total_expected_{p}_trailing, harris_votes_new_{p}_trailing, trump_votes_new_{p}_trailing
Checkpoint saved at: /home/ubuntu/apps/election-app/win_prob/H/SC/07/data_output_SC.csv.checkpoint.json

$ /home/ubuntu/.venv/bin/python3 /home/ubuntu/apps/election-app/stats/7-margin-new.py
Wrote data_output_with_margins_old.csv

$ /home/ubuntu/.venv/bin/python3 /home/ubuntu/apps/election-app/stats/7-eevp-statewide.py
Wrote data_output_with_margins.csv (copied from data_output_with_margins_old.csv)

$ /home/ubuntu/.venv/bin/python3 /home/ubuntu/apps/election-app/stats/7.py --input /home/ubuntu/apps/election-app/win_prob/H/SC/07/data_output_SC_with_margins_statewide_eevp.csv --output /home/ubuntu/apps/election-app/win_prob/H/SC/07/statewide_margin_pct_vs_percent_SC_2026.png --state SC --start 2024-11-05T15-30-22 --end 2024-11-05T15-30-22 --stats /home/ubuntu/apps/election-app/win_prob/H/SC/07/stats.csv --stats2 /home/ubuntu/apps/election-app/win_prob/H/SC/07/stats2.csv --interval 30 --year 2026 --jsonl /home/ubuntu/apps/election-app/win_prob/H/SC/07/plotdata_SC_2026_2026-01-26T00-56-00.jsonl
[info] evaluating 1 timestamps from 2024-11-05T15-30-22 to 2024-11-05T15-30-22 every 30 minutes
[saved] probs_timeseries_SC.csv  (1 points)
[saved] /home/ubuntu/apps/election-app/win_prob/H/SC/07/plotdata_SC_2026_2026-01-26T00-56-00.jsonl  (4 points)
[saved] /home/ubuntu/apps/election-app/win_prob/H/SC/07/statewide_margin_pct_vs_percent_SC_2026_box.json
[saved] /home/ubuntu/apps/election-app/win_prob/H/SC/07/statewide_margin_pct_vs_percent_SC_2026_box.png
[saved] /home/ubuntu/apps/election-app/win_prob/H/SC/07/statewide_margin_pct_vs_percent_SC_2026.png

All 50 states complete. See: /home/ubuntu/apps/election-app/win_prob/H/SC/07

$ /home/ubuntu/.venv/bin/python3 /home/ubuntu/apps/election-app/stats/8.py --root /home/ubuntu/apps/election-app/win_prob/H/SC/07/_work --outdir /home/ubuntu/apps/election-app/win_prob/H/SC/07
[info] root  = /home/ubuntu/apps/election-app/win_prob/H/SC/07/_work
[info] outdir= /home/ubuntu/apps/election-app/win_prob/H/SC/07
[deleted] /home/ubuntu/apps/election-app/win_prob/H/SC/07/_work/stats_with_statewide.csv
[deleted] /home/ubuntu/apps/election-app/win_prob/H/SC/07/_work/stats2_final_headers.csv
[deleted] /home/ubuntu/apps/election-app/win_prob/H/SC/07/_work/2024_county_results_with_final-old.csv
[deleted] /home/ubuntu/apps/election-app/win_prob/H/SC/07/_work/2024_county_results_with_final.csv
[deleted] /home/ubuntu/apps/election-app/win_prob/H/SC/07/_work/2024_county_results_with_final_1.csv
[deleted] /home/ubuntu/apps/election-app/win_prob/H/SC/07/_work/2024_county_results_with_calcs-old.csv
[deleted] /home/ubuntu/apps/election-app/win_prob/H/SC/07/_work/2024_county_results_with_calcs_new.csv
[deleted] /home/ubuntu/apps/election-app/win_prob/H/SC/07/_work/output_statewide_stats.csv
[skip]    /home/ubuntu/apps/election-app/win_prob/H/SC/07/_work/probs_timeseries_PA.csv
[deleted] /home/ubuntu/apps/election-app/win_prob/H/SC/07/_work/2024_county_results_with_calcs.csv
[skip]    /home/ubuntu/apps/election-app/win_prob/H/SC/07/data_output.csv
[skip]    /home/ubuntu/apps/election-app/win_prob/H/SC/07/data_output_with_margins_old.csv
[skip]    /home/ubuntu/apps/election-app/win_prob/H/SC/07/data_output_with_margins.csv
[skip]    /home/ubuntu/apps/election-app/win_prob/H/SC/07/data_output_with_margins-statewide.csv
[deleted] /home/ubuntu/apps/election-app/win_prob/H/SC/07/snapshots_SC.csv
[deleted] /home/ubuntu/apps/election-app/win_prob/H/SC/07/data_output_SC_with_margins_statewide_eevp.csv
[deleted] /home/ubuntu/apps/election-app/win_prob/H/SC/07/data_output_SC.csv
[deleted] /home/ubuntu/apps/election-app/win_prob/H/SC/07/data_output_SC_with_margins.csv
[deleted] /home/ubuntu/apps/election-app/win_prob/H/SC/07/data_output_SC.csv.checkpoint.json
[deleted] /home/ubuntu/apps/election-app/win_prob/H/SC/07/stats.csv
[deleted] /home/ubuntu/apps/election-app/win_prob/H/SC/07/stats2.csv
[done] removed 16 file(s)
[2026-02-04 16:48:45] INFO: [PIPELINE] args: office=H state=SC district=07
[2026-02-04 16:48:45] INFO: [PIPELINE] WINPROB_DIR resolved to: /home/ubuntu/apps/election-app/win_prob/H/SC/07
[2026-02-04 16:48:45] INFO: [PIPELINE] OUTDIR set to: /home/ubuntu/apps/election-app/win_prob/H/SC/07

$ /home/ubuntu/.venv/bin/python3 /home/ubuntu/apps/election-app/stats/1-statewide.py --input /home/ubuntu/apps/election-app/win_prob/H/SC/07/stats.csv --output /home/ubuntu/apps/election-app/win_prob/H/SC/07/_work/stats_with_statewide.csv
Wrote /home/ubuntu/apps/election-app/win_prob/H/SC/07/_work/stats_with_statewide.csv (rows=8)

$ /home/ubuntu/.venv/bin/python3 /home/ubuntu/apps/election-app/stats/1-stats-2.py --input /home/ubuntu/apps/election-app/win_prob/H/SC/07/stats2.csv --output /home/ubuntu/apps/election-app/win_prob/H/SC/07/_work/stats2_final_headers.csv
Wrote /home/ubuntu/apps/election-app/win_prob/H/SC/07/_work/stats2_final_headers.csv (rows=8)

$ /home/ubuntu/.venv/bin/python3 /home/ubuntu/apps/election-app/stats/1-append-new.py
Wrote 2024_county_results_with_final-old.csv (rows=8, missing_final_matches=0)

$ /home/ubuntu/.venv/bin/python3 /home/ubuntu/apps/election-app/stats/1-change_header.py
Wrote: 2024_county_results_with_final.csv

$ /home/ubuntu/.venv/bin/python3 /home/ubuntu/apps/election-app/stats/1-cut-zero-fips.py
Wrote: 2024_county_results_with_final_1.csv
Rows before: 8
Rows after:  8
Dropped (fips == 0): 0

$ /home/ubuntu/.venv/bin/python3 /home/ubuntu/apps/election-app/stats/2-calc.py
Wrote 8 rows with calculations to /home/ubuntu/apps/election-app/win_prob/H/SC/07/_work/2024_county_results_with_calcs-old.csv

$ /home/ubuntu/.venv/bin/python3 /home/ubuntu/apps/election-app/stats/2-eevp.py
Wrote (no-op copy): 2024_county_results_with_calcs.csv
Columns:
 - timestamp
 - state
 - county
 - fips
 - trump_votes
 - harris_votes
 - other_votes
 - eevp
 - state_eevp
 - harris_votes_statewide
 - trump_votes_statewide
 - other_votes_statewide
 - final_state
 - final_county
 - final_fips
 - final_trump_votes
 - final_harris_votes
 - final_other_votes
 - harris_percent_snapshot
 - trump_percent_snapshot
 - margin_snapshot
 - harris_percent_final
 - trump_percent_final
 - margin_final
 - margin_difference
 - margin_difference_abs

$ /home/ubuntu/.venv/bin/python3 /home/ubuntu/apps/election-app/stats/3-calc-new.py
Wrote 8 rows with new columns to /home/ubuntu/apps/election-app/win_prob/H/SC/07/_work/2024_county_results_with_calcs_new.csv

$ /home/ubuntu/.venv/bin/python3 /home/ubuntu/apps/election-app/stats/4-stats.py
Reading 2024_county_results_with_calcs_new.csv...
Aggregating statewide totals...
Calculating percentages and margins...
Writing to output_statewide_stats.csv...
Done!
[2026-02-04 16:48:54] INFO: [PIPELINE] ENTER win-prob generation | states=['SC'] ts_list=['2024-11-05T15-30-22']

============================================================================
[01/1] STATE = SC
============================================================================

$ /home/ubuntu/.venv/bin/python3 /home/ubuntu/apps/election-app/stats/5-snapshots.py --state SC --input /home/ubuntu/apps/election-app/win_prob/H/SC/07/_work/output_statewide_stats.csv --output /home/ubuntu/apps/election-app/win_prob/H/SC/07/snapshots_SC.csv --start 2024-11-05T15-30-22 --end 2024-11-05T15-30-22 --use-window 1 --interval 30
Mode: windowed-one-state
Rows written: 8
Distinct states in output: SC
Rows per normalized timestamp (empty = unparseable):
  2024-11-05T15-30-22: 8
Wrote /home/ubuntu/apps/election-app/win_prob/H/SC/07/snapshots_SC.csv

$ /home/ubuntu/.venv/bin/python3 /home/ubuntu/apps/election-app/stats/6-pval.py /home/ubuntu/apps/election-app/win_prob/H/SC/07/snapshots_SC.csv -t /home/ubuntu/apps/election-app/stats/parameters.csv -o /home/ubuntu/apps/election-app/win_prob/H/SC/07/data_output_SC.csv -c 50
Done. Wrote: /home/ubuntu/apps/election-app/win_prob/H/SC/07/data_output_SC.csv
Total rows: 8 (chunked, resumable).
Computed columns for PVALS = [0.01, 0.1, 1, 2, 3, 5, 10, 15, 20, 25, 30, 35, 40, 45, 50, 55, 60, 65, 70, 75, 80, 85, 90, 95, 97, 98, 99, 99.9, 99.99]
Per p (leader): shift_{p}, margin_new_{p}, harris_percent_new_{p}, trump_percent_new_{p}, total_snapshot_{p}, total_expected_{p}, harris_votes_new_{p}, trump_votes_new_{p}
Per p (trailing): shift_trailing_{p}, margin_new_{p}_trailing, harris_percent_new_{p}_trailing, trump_percent_new_{p}_trailing, total_snapshot_{p}_trailing, total_expected_{p}_trailing, harris_votes_new_{p}_trailing, trump_votes_new_{p}_trailing
Checkpoint saved at: /home/ubuntu/apps/election-app/win_prob/H/SC/07/data_output_SC.csv.checkpoint.json

$ /home/ubuntu/.venv/bin/python3 /home/ubuntu/apps/election-app/stats/7-margin-new.py
Wrote data_output_with_margins_old.csv

$ /home/ubuntu/.venv/bin/python3 /home/ubuntu/apps/election-app/stats/7-eevp-statewide.py
Wrote data_output_with_margins.csv (copied from data_output_with_margins_old.csv)

$ /home/ubuntu/.venv/bin/python3 /home/ubuntu/apps/election-app/stats/7.py --input /home/ubuntu/apps/election-app/win_prob/H/SC/07/data_output_SC_with_margins_statewide_eevp.csv --output /home/ubuntu/apps/election-app/win_prob/H/SC/07/statewide_margin_pct_vs_percent_SC_2026.png --state SC --start 2024-11-05T15-30-22 --end 2024-11-05T15-30-22 --stats /home/ubuntu/apps/election-app/win_prob/H/SC/07/stats.csv --stats2 /home/ubuntu/apps/election-app/win_prob/H/SC/07/stats2.csv --interval 30 --year 2026 --jsonl /home/ubuntu/apps/election-app/win_prob/H/SC/07/plotdata_SC_2026_2026-02-04T16-48-45.jsonl
[info] evaluating 1 timestamps from 2024-11-05T15-30-22 to 2024-11-05T15-30-22 every 30 minutes
[saved] probs_timeseries_SC.csv  (1 points)
[saved] /home/ubuntu/apps/election-app/win_prob/H/SC/07/plotdata_SC_2026_2026-02-04T16-48-45.jsonl  (4 points)
[saved] /home/ubuntu/apps/election-app/win_prob/H/SC/07/statewide_margin_pct_vs_percent_SC_2026_box.json
[saved] /home/ubuntu/apps/election-app/win_prob/H/SC/07/statewide_margin_pct_vs_percent_SC_2026_box.png
[saved] /home/ubuntu/apps/election-app/win_prob/H/SC/07/statewide_margin_pct_vs_percent_SC_2026.png

All 50 states complete. See: /home/ubuntu/apps/election-app/win_prob/H/SC/07

$ /home/ubuntu/.venv/bin/python3 /home/ubuntu/apps/election-app/stats/8.py --root /home/ubuntu/apps/election-app/win_prob/H/SC/07/_work --outdir /home/ubuntu/apps/election-app/win_prob/H/SC/07
[info] root  = /home/ubuntu/apps/election-app/win_prob/H/SC/07/_work
[info] outdir= /home/ubuntu/apps/election-app/win_prob/H/SC/07
[deleted] /home/ubuntu/apps/election-app/win_prob/H/SC/07/_work/stats_with_statewide.csv
[deleted] /home/ubuntu/apps/election-app/win_prob/H/SC/07/_work/stats2_final_headers.csv
[deleted] /home/ubuntu/apps/election-app/win_prob/H/SC/07/_work/2024_county_results_with_final-old.csv
[deleted] /home/ubuntu/apps/election-app/win_prob/H/SC/07/_work/2024_county_results_with_final.csv
[deleted] /home/ubuntu/apps/election-app/win_prob/H/SC/07/_work/2024_county_results_with_final_1.csv
[deleted] /home/ubuntu/apps/election-app/win_prob/H/SC/07/_work/2024_county_results_with_calcs-old.csv
[deleted] /home/ubuntu/apps/election-app/win_prob/H/SC/07/_work/2024_county_results_with_calcs_new.csv
[deleted] /home/ubuntu/apps/election-app/win_prob/H/SC/07/_work/output_statewide_stats.csv
[skip]    /home/ubuntu/apps/election-app/win_prob/H/SC/07/_work/probs_timeseries_PA.csv
[deleted] /home/ubuntu/apps/election-app/win_prob/H/SC/07/_work/2024_county_results_with_calcs.csv
[skip]    /home/ubuntu/apps/election-app/win_prob/H/SC/07/data_output.csv
[skip]    /home/ubuntu/apps/election-app/win_prob/H/SC/07/data_output_with_margins_old.csv
[skip]    /home/ubuntu/apps/election-app/win_prob/H/SC/07/data_output_with_margins.csv
[skip]    /home/ubuntu/apps/election-app/win_prob/H/SC/07/data_output_with_margins-statewide.csv
[deleted] /home/ubuntu/apps/election-app/win_prob/H/SC/07/snapshots_SC.csv
[deleted] /home/ubuntu/apps/election-app/win_prob/H/SC/07/data_output_SC_with_margins_statewide_eevp.csv
[deleted] /home/ubuntu/apps/election-app/win_prob/H/SC/07/data_output_SC.csv
[deleted] /home/ubuntu/apps/election-app/win_prob/H/SC/07/data_output_SC_with_margins.csv
[deleted] /home/ubuntu/apps/election-app/win_prob/H/SC/07/data_output_SC.csv.checkpoint.json
[deleted] /home/ubuntu/apps/election-app/win_prob/H/SC/07/stats.csv
[deleted] /home/ubuntu/apps/election-app/win_prob/H/SC/07/stats2.csv
[done] removed 16 file(s)
