[2026-01-24 08:59:38] INFO: [PIPELINE] args: office=G state=WV district=None
[2026-01-24 08:59:38] INFO: [PIPELINE] WINPROB_DIR resolved to: /home/ubuntu/apps/election-app/win_prob/G/WV
[2026-01-24 08:59:38] INFO: [PIPELINE] OUTDIR set to: /home/ubuntu/apps/election-app/win_prob/G/WV

$ /home/ubuntu/.venv/bin/python3 /home/ubuntu/apps/election-app/stats/1-statewide.py --input /home/ubuntu/apps/election-app/win_prob/G/WV/stats.csv --output /home/ubuntu/apps/election-app/win_prob/G/WV/_work/stats_with_statewide.csv
Wrote /home/ubuntu/apps/election-app/win_prob/G/WV/_work/stats_with_statewide.csv (rows=55)

$ /home/ubuntu/.venv/bin/python3 /home/ubuntu/apps/election-app/stats/1-stats-2.py --input /home/ubuntu/apps/election-app/win_prob/G/WV/stats2.csv --output /home/ubuntu/apps/election-app/win_prob/G/WV/_work/stats2_final_headers.csv
Wrote /home/ubuntu/apps/election-app/win_prob/G/WV/_work/stats2_final_headers.csv (rows=55)

$ /home/ubuntu/.venv/bin/python3 /home/ubuntu/apps/election-app/stats/1-append-new.py
Wrote 2024_county_results_with_final-old.csv (rows=55, missing_final_matches=0)

$ /home/ubuntu/.venv/bin/python3 /home/ubuntu/apps/election-app/stats/1-change_header.py
Wrote: 2024_county_results_with_final.csv

$ /home/ubuntu/.venv/bin/python3 /home/ubuntu/apps/election-app/stats/1-cut-zero-fips.py
Wrote: 2024_county_results_with_final_1.csv
Rows before: 55
Rows after:  55
Dropped (fips == 0): 0

$ /home/ubuntu/.venv/bin/python3 /home/ubuntu/apps/election-app/stats/2-calc.py
Wrote 55 rows with calculations to /home/ubuntu/apps/election-app/win_prob/G/WV/_work/2024_county_results_with_calcs-old.csv

$ /home/ubuntu/.venv/bin/python3 /home/ubuntu/apps/election-app/stats/2-eevp.py
Wrote (no-op copy): 2024_county_results_with_calcs.csv
Columns:
 - timestamp
 - state
 - county
 - fips
 - trump_votes
 - harris_votes
 - other_votes
 - eevp
 - state_eevp
 - harris_votes_statewide
 - trump_votes_statewide
 - other_votes_statewide
 - final_state
 - final_county
 - final_fips
 - final_trump_votes
 - final_harris_votes
 - final_other_votes
 - harris_percent_snapshot
 - trump_percent_snapshot
 - margin_snapshot
 - harris_percent_final
 - trump_percent_final
 - margin_final
 - margin_difference
 - margin_difference_abs

$ /home/ubuntu/.venv/bin/python3 /home/ubuntu/apps/election-app/stats/3-calc-new.py
Wrote 55 rows with new columns to /home/ubuntu/apps/election-app/win_prob/G/WV/_work/2024_county_results_with_calcs_new.csv

$ /home/ubuntu/.venv/bin/python3 /home/ubuntu/apps/election-app/stats/4-stats.py
Reading 2024_county_results_with_calcs_new.csv...
Aggregating statewide totals...
Calculating percentages and margins...
Writing to output_statewide_stats.csv...
Done!
[2026-01-24 08:59:48] INFO: [PIPELINE] ENTER win-prob generation | states=['WV'] ts_list=['2024-11-05T15-30-22']

============================================================================
[01/1] STATE = WV
============================================================================

$ /home/ubuntu/.venv/bin/python3 /home/ubuntu/apps/election-app/stats/5-snapshots.py --state WV --input /home/ubuntu/apps/election-app/win_prob/G/WV/_work/output_statewide_stats.csv --output /home/ubuntu/apps/election-app/win_prob/G/WV/snapshots_WV.csv --start 2024-11-05T15-30-22 --end 2024-11-05T15-30-22 --use-window 1 --interval 30
Mode: windowed-one-state
Rows written: 55
Distinct states in output: WV
Rows per normalized timestamp (empty = unparseable):
  2024-11-05T15-30-22: 55
Wrote /home/ubuntu/apps/election-app/win_prob/G/WV/snapshots_WV.csv

$ /home/ubuntu/.venv/bin/python3 /home/ubuntu/apps/election-app/stats/6-pval.py /home/ubuntu/apps/election-app/win_prob/G/WV/snapshots_WV.csv -t /home/ubuntu/apps/election-app/stats/parameters.csv -o /home/ubuntu/apps/election-app/win_prob/G/WV/data_output_WV.csv -c 50
Done. Wrote: /home/ubuntu/apps/election-app/win_prob/G/WV/data_output_WV.csv
Total rows: 55 (chunked, resumable).
Computed columns for PVALS = [0.01, 0.1, 1, 2, 3, 5, 10, 15, 20, 25, 30, 35, 40, 45, 50, 55, 60, 65, 70, 75, 80, 85, 90, 95, 97, 98, 99, 99.9, 99.99]
Per p (leader): shift_{p}, margin_new_{p}, harris_percent_new_{p}, trump_percent_new_{p}, total_snapshot_{p}, total_expected_{p}, harris_votes_new_{p}, trump_votes_new_{p}
Per p (trailing): shift_trailing_{p}, margin_new_{p}_trailing, harris_percent_new_{p}_trailing, trump_percent_new_{p}_trailing, total_snapshot_{p}_trailing, total_expected_{p}_trailing, harris_votes_new_{p}_trailing, trump_votes_new_{p}_trailing
Checkpoint saved at: /home/ubuntu/apps/election-app/win_prob/G/WV/data_output_WV.csv.checkpoint.json

$ /home/ubuntu/.venv/bin/python3 /home/ubuntu/apps/election-app/stats/7-margin-new.py
Wrote data_output_with_margins_old.csv

$ /home/ubuntu/.venv/bin/python3 /home/ubuntu/apps/election-app/stats/7-eevp-statewide.py
Wrote data_output_with_margins.csv (copied from data_output_with_margins_old.csv)

$ /home/ubuntu/.venv/bin/python3 /home/ubuntu/apps/election-app/stats/7.py --input /home/ubuntu/apps/election-app/win_prob/G/WV/data_output_WV_with_margins_statewide_eevp.csv --output /home/ubuntu/apps/election-app/win_prob/G/WV/statewide_margin_pct_vs_percent_WV_2026.png --state WV --start 2024-11-05T15-30-22 --end 2024-11-05T15-30-22 --stats /home/ubuntu/apps/election-app/win_prob/G/WV/stats.csv --stats2 /home/ubuntu/apps/election-app/win_prob/G/WV/stats2.csv --interval 30 --year 2026 --jsonl /home/ubuntu/apps/election-app/win_prob/G/WV/plotdata_WV_2026_2026-01-24T08-59-38.jsonl
[info] evaluating 1 timestamps from 2024-11-05T15-30-22 to 2024-11-05T15-30-22 every 30 minutes
[saved] probs_timeseries_WV.csv  (1 points)
[saved] /home/ubuntu/apps/election-app/win_prob/G/WV/plotdata_WV_2026_2026-01-24T08-59-38.jsonl  (0 points)
[saved] /home/ubuntu/apps/election-app/win_prob/G/WV/statewide_margin_pct_vs_percent_WV_2026_box.json
[saved] /home/ubuntu/apps/election-app/win_prob/G/WV/statewide_margin_pct_vs_percent_WV_2026_box.png
[saved] /home/ubuntu/apps/election-app/win_prob/G/WV/statewide_margin_pct_vs_percent_WV_2026.png

All 50 states complete. See: /home/ubuntu/apps/election-app/win_prob/G/WV

$ /home/ubuntu/.venv/bin/python3 /home/ubuntu/apps/election-app/stats/8.py --root /home/ubuntu/apps/election-app/win_prob/G/WV/_work --outdir /home/ubuntu/apps/election-app/win_prob/G/WV
[info] root  = /home/ubuntu/apps/election-app/win_prob/G/WV/_work
[info] outdir= /home/ubuntu/apps/election-app/win_prob/G/WV
[deleted] /home/ubuntu/apps/election-app/win_prob/G/WV/_work/stats_with_statewide.csv
[deleted] /home/ubuntu/apps/election-app/win_prob/G/WV/_work/stats2_final_headers.csv
[deleted] /home/ubuntu/apps/election-app/win_prob/G/WV/_work/2024_county_results_with_final-old.csv
[deleted] /home/ubuntu/apps/election-app/win_prob/G/WV/_work/2024_county_results_with_final.csv
[deleted] /home/ubuntu/apps/election-app/win_prob/G/WV/_work/2024_county_results_with_final_1.csv
[deleted] /home/ubuntu/apps/election-app/win_prob/G/WV/_work/2024_county_results_with_calcs-old.csv
[deleted] /home/ubuntu/apps/election-app/win_prob/G/WV/_work/2024_county_results_with_calcs_new.csv
[deleted] /home/ubuntu/apps/election-app/win_prob/G/WV/_work/output_statewide_stats.csv
[skip]    /home/ubuntu/apps/election-app/win_prob/G/WV/_work/probs_timeseries_PA.csv
[deleted] /home/ubuntu/apps/election-app/win_prob/G/WV/_work/2024_county_results_with_calcs.csv
[skip]    /home/ubuntu/apps/election-app/win_prob/G/WV/data_output.csv
[skip]    /home/ubuntu/apps/election-app/win_prob/G/WV/data_output_with_margins_old.csv
[skip]    /home/ubuntu/apps/election-app/win_prob/G/WV/data_output_with_margins.csv
[skip]    /home/ubuntu/apps/election-app/win_prob/G/WV/data_output_with_margins-statewide.csv
[deleted] /home/ubuntu/apps/election-app/win_prob/G/WV/snapshots_WV.csv
[deleted] /home/ubuntu/apps/election-app/win_prob/G/WV/data_output_WV.csv
[deleted] /home/ubuntu/apps/election-app/win_prob/G/WV/data_output_WV_with_margins.csv
[deleted] /home/ubuntu/apps/election-app/win_prob/G/WV/data_output_WV_with_margins_statewide_eevp.csv
[deleted] /home/ubuntu/apps/election-app/win_prob/G/WV/data_output_WV.csv.checkpoint.json
[deleted] /home/ubuntu/apps/election-app/win_prob/G/WV/stats.csv
[deleted] /home/ubuntu/apps/election-app/win_prob/G/WV/stats2.csv
[done] removed 16 file(s)
[2026-01-24 09:06:39] INFO: [PIPELINE] args: office=G state=WV district=None
[2026-01-24 09:06:39] INFO: [PIPELINE] WINPROB_DIR resolved to: /home/ubuntu/apps/election-app/win_prob/G/WV
[2026-01-24 09:06:39] INFO: [PIPELINE] OUTDIR set to: /home/ubuntu/apps/election-app/win_prob/G/WV

$ /home/ubuntu/.venv/bin/python3 /home/ubuntu/apps/election-app/stats/1-statewide.py --input /home/ubuntu/apps/election-app/win_prob/G/WV/stats.csv --output /home/ubuntu/apps/election-app/win_prob/G/WV/_work/stats_with_statewide.csv
Wrote /home/ubuntu/apps/election-app/win_prob/G/WV/_work/stats_with_statewide.csv (rows=55)

$ /home/ubuntu/.venv/bin/python3 /home/ubuntu/apps/election-app/stats/1-stats-2.py --input /home/ubuntu/apps/election-app/win_prob/G/WV/stats2.csv --output /home/ubuntu/apps/election-app/win_prob/G/WV/_work/stats2_final_headers.csv
Wrote /home/ubuntu/apps/election-app/win_prob/G/WV/_work/stats2_final_headers.csv (rows=55)

$ /home/ubuntu/.venv/bin/python3 /home/ubuntu/apps/election-app/stats/1-append-new.py
Wrote 2024_county_results_with_final-old.csv (rows=55, missing_final_matches=0)

$ /home/ubuntu/.venv/bin/python3 /home/ubuntu/apps/election-app/stats/1-change_header.py
Wrote: 2024_county_results_with_final.csv

$ /home/ubuntu/.venv/bin/python3 /home/ubuntu/apps/election-app/stats/1-cut-zero-fips.py
Wrote: 2024_county_results_with_final_1.csv
Rows before: 55
Rows after:  55
Dropped (fips == 0): 0

$ /home/ubuntu/.venv/bin/python3 /home/ubuntu/apps/election-app/stats/2-calc.py
Wrote 55 rows with calculations to /home/ubuntu/apps/election-app/win_prob/G/WV/_work/2024_county_results_with_calcs-old.csv

$ /home/ubuntu/.venv/bin/python3 /home/ubuntu/apps/election-app/stats/2-eevp.py
Wrote (no-op copy): 2024_county_results_with_calcs.csv
Columns:
 - timestamp
 - state
 - county
 - fips
 - trump_votes
 - harris_votes
 - other_votes
 - eevp
 - state_eevp
 - harris_votes_statewide
 - trump_votes_statewide
 - other_votes_statewide
 - final_state
 - final_county
 - final_fips
 - final_trump_votes
 - final_harris_votes
 - final_other_votes
 - harris_percent_snapshot
 - trump_percent_snapshot
 - margin_snapshot
 - harris_percent_final
 - trump_percent_final
 - margin_final
 - margin_difference
 - margin_difference_abs

$ /home/ubuntu/.venv/bin/python3 /home/ubuntu/apps/election-app/stats/3-calc-new.py
Wrote 55 rows with new columns to /home/ubuntu/apps/election-app/win_prob/G/WV/_work/2024_county_results_with_calcs_new.csv

$ /home/ubuntu/.venv/bin/python3 /home/ubuntu/apps/election-app/stats/4-stats.py
Reading 2024_county_results_with_calcs_new.csv...
Aggregating statewide totals...
Calculating percentages and margins...
Writing to output_statewide_stats.csv...
Done!
[2026-01-24 09:06:50] INFO: [PIPELINE] ENTER win-prob generation | states=['WV'] ts_list=['2024-11-05T15-30-22']

============================================================================
[01/1] STATE = WV
============================================================================

$ /home/ubuntu/.venv/bin/python3 /home/ubuntu/apps/election-app/stats/5-snapshots.py --state WV --input /home/ubuntu/apps/election-app/win_prob/G/WV/_work/output_statewide_stats.csv --output /home/ubuntu/apps/election-app/win_prob/G/WV/snapshots_WV.csv --start 2024-11-05T15-30-22 --end 2024-11-05T15-30-22 --use-window 1 --interval 30
Mode: windowed-one-state
Rows written: 55
Distinct states in output: WV
Rows per normalized timestamp (empty = unparseable):
  2024-11-05T15-30-22: 55
Wrote /home/ubuntu/apps/election-app/win_prob/G/WV/snapshots_WV.csv

$ /home/ubuntu/.venv/bin/python3 /home/ubuntu/apps/election-app/stats/6-pval.py /home/ubuntu/apps/election-app/win_prob/G/WV/snapshots_WV.csv -t /home/ubuntu/apps/election-app/stats/parameters.csv -o /home/ubuntu/apps/election-app/win_prob/G/WV/data_output_WV.csv -c 50
Done. Wrote: /home/ubuntu/apps/election-app/win_prob/G/WV/data_output_WV.csv
Total rows: 55 (chunked, resumable).
Computed columns for PVALS = [0.01, 0.1, 1, 2, 3, 5, 10, 15, 20, 25, 30, 35, 40, 45, 50, 55, 60, 65, 70, 75, 80, 85, 90, 95, 97, 98, 99, 99.9, 99.99]
Per p (leader): shift_{p}, margin_new_{p}, harris_percent_new_{p}, trump_percent_new_{p}, total_snapshot_{p}, total_expected_{p}, harris_votes_new_{p}, trump_votes_new_{p}
Per p (trailing): shift_trailing_{p}, margin_new_{p}_trailing, harris_percent_new_{p}_trailing, trump_percent_new_{p}_trailing, total_snapshot_{p}_trailing, total_expected_{p}_trailing, harris_votes_new_{p}_trailing, trump_votes_new_{p}_trailing
Checkpoint saved at: /home/ubuntu/apps/election-app/win_prob/G/WV/data_output_WV.csv.checkpoint.json

$ /home/ubuntu/.venv/bin/python3 /home/ubuntu/apps/election-app/stats/7-margin-new.py
Wrote data_output_with_margins_old.csv

$ /home/ubuntu/.venv/bin/python3 /home/ubuntu/apps/election-app/stats/7-eevp-statewide.py
Wrote data_output_with_margins.csv (copied from data_output_with_margins_old.csv)

$ /home/ubuntu/.venv/bin/python3 /home/ubuntu/apps/election-app/stats/7.py --input /home/ubuntu/apps/election-app/win_prob/G/WV/data_output_WV_with_margins_statewide_eevp.csv --output /home/ubuntu/apps/election-app/win_prob/G/WV/statewide_margin_pct_vs_percent_WV_2026.png --state WV --start 2024-11-05T15-30-22 --end 2024-11-05T15-30-22 --stats /home/ubuntu/apps/election-app/win_prob/G/WV/stats.csv --stats2 /home/ubuntu/apps/election-app/win_prob/G/WV/stats2.csv --interval 30 --year 2026 --jsonl /home/ubuntu/apps/election-app/win_prob/G/WV/plotdata_WV_2026_2026-01-24T09-06-39.jsonl
[info] evaluating 1 timestamps from 2024-11-05T15-30-22 to 2024-11-05T15-30-22 every 30 minutes
[saved] probs_timeseries_WV.csv  (1 points)
[saved] /home/ubuntu/apps/election-app/win_prob/G/WV/plotdata_WV_2026_2026-01-24T09-06-39.jsonl  (4 points)
[saved] /home/ubuntu/apps/election-app/win_prob/G/WV/statewide_margin_pct_vs_percent_WV_2026_box.json
[saved] /home/ubuntu/apps/election-app/win_prob/G/WV/statewide_margin_pct_vs_percent_WV_2026_box.png
[saved] /home/ubuntu/apps/election-app/win_prob/G/WV/statewide_margin_pct_vs_percent_WV_2026.png

All 50 states complete. See: /home/ubuntu/apps/election-app/win_prob/G/WV

$ /home/ubuntu/.venv/bin/python3 /home/ubuntu/apps/election-app/stats/8.py --root /home/ubuntu/apps/election-app/win_prob/G/WV/_work --outdir /home/ubuntu/apps/election-app/win_prob/G/WV
[info] root  = /home/ubuntu/apps/election-app/win_prob/G/WV/_work
[info] outdir= /home/ubuntu/apps/election-app/win_prob/G/WV
[deleted] /home/ubuntu/apps/election-app/win_prob/G/WV/_work/stats_with_statewide.csv
[deleted] /home/ubuntu/apps/election-app/win_prob/G/WV/_work/stats2_final_headers.csv
[deleted] /home/ubuntu/apps/election-app/win_prob/G/WV/_work/2024_county_results_with_final-old.csv
[deleted] /home/ubuntu/apps/election-app/win_prob/G/WV/_work/2024_county_results_with_final.csv
[deleted] /home/ubuntu/apps/election-app/win_prob/G/WV/_work/2024_county_results_with_final_1.csv
[deleted] /home/ubuntu/apps/election-app/win_prob/G/WV/_work/2024_county_results_with_calcs-old.csv
[deleted] /home/ubuntu/apps/election-app/win_prob/G/WV/_work/2024_county_results_with_calcs_new.csv
[deleted] /home/ubuntu/apps/election-app/win_prob/G/WV/_work/output_statewide_stats.csv
[skip]    /home/ubuntu/apps/election-app/win_prob/G/WV/_work/probs_timeseries_PA.csv
[deleted] /home/ubuntu/apps/election-app/win_prob/G/WV/_work/2024_county_results_with_calcs.csv
[skip]    /home/ubuntu/apps/election-app/win_prob/G/WV/data_output.csv
[skip]    /home/ubuntu/apps/election-app/win_prob/G/WV/data_output_with_margins_old.csv
[skip]    /home/ubuntu/apps/election-app/win_prob/G/WV/data_output_with_margins.csv
[skip]    /home/ubuntu/apps/election-app/win_prob/G/WV/data_output_with_margins-statewide.csv
[deleted] /home/ubuntu/apps/election-app/win_prob/G/WV/snapshots_WV.csv
[deleted] /home/ubuntu/apps/election-app/win_prob/G/WV/data_output_WV.csv
[deleted] /home/ubuntu/apps/election-app/win_prob/G/WV/data_output_WV_with_margins.csv
[deleted] /home/ubuntu/apps/election-app/win_prob/G/WV/data_output_WV_with_margins_statewide_eevp.csv
[deleted] /home/ubuntu/apps/election-app/win_prob/G/WV/data_output_WV.csv.checkpoint.json
[deleted] /home/ubuntu/apps/election-app/win_prob/G/WV/stats.csv
[deleted] /home/ubuntu/apps/election-app/win_prob/G/WV/stats2.csv
[done] removed 16 file(s)
[2026-01-24 09:13:41] INFO: [PIPELINE] args: office=G state=WV district=None
[2026-01-24 09:13:41] INFO: [PIPELINE] WINPROB_DIR resolved to: /home/ubuntu/apps/election-app/win_prob/G/WV
[2026-01-24 09:13:41] INFO: [PIPELINE] OUTDIR set to: /home/ubuntu/apps/election-app/win_prob/G/WV

$ /home/ubuntu/.venv/bin/python3 /home/ubuntu/apps/election-app/stats/1-statewide.py --input /home/ubuntu/apps/election-app/win_prob/G/WV/stats.csv --output /home/ubuntu/apps/election-app/win_prob/G/WV/_work/stats_with_statewide.csv
Wrote /home/ubuntu/apps/election-app/win_prob/G/WV/_work/stats_with_statewide.csv (rows=55)

$ /home/ubuntu/.venv/bin/python3 /home/ubuntu/apps/election-app/stats/1-stats-2.py --input /home/ubuntu/apps/election-app/win_prob/G/WV/stats2.csv --output /home/ubuntu/apps/election-app/win_prob/G/WV/_work/stats2_final_headers.csv
Wrote /home/ubuntu/apps/election-app/win_prob/G/WV/_work/stats2_final_headers.csv (rows=55)

$ /home/ubuntu/.venv/bin/python3 /home/ubuntu/apps/election-app/stats/1-append-new.py
Wrote 2024_county_results_with_final-old.csv (rows=55, missing_final_matches=0)

$ /home/ubuntu/.venv/bin/python3 /home/ubuntu/apps/election-app/stats/1-change_header.py
Wrote: 2024_county_results_with_final.csv

$ /home/ubuntu/.venv/bin/python3 /home/ubuntu/apps/election-app/stats/1-cut-zero-fips.py
Wrote: 2024_county_results_with_final_1.csv
Rows before: 55
Rows after:  55
Dropped (fips == 0): 0

$ /home/ubuntu/.venv/bin/python3 /home/ubuntu/apps/election-app/stats/2-calc.py
Wrote 55 rows with calculations to /home/ubuntu/apps/election-app/win_prob/G/WV/_work/2024_county_results_with_calcs-old.csv

$ /home/ubuntu/.venv/bin/python3 /home/ubuntu/apps/election-app/stats/2-eevp.py
Wrote (no-op copy): 2024_county_results_with_calcs.csv
Columns:
 - timestamp
 - state
 - county
 - fips
 - trump_votes
 - harris_votes
 - other_votes
 - eevp
 - state_eevp
 - harris_votes_statewide
 - trump_votes_statewide
 - other_votes_statewide
 - final_state
 - final_county
 - final_fips
 - final_trump_votes
 - final_harris_votes
 - final_other_votes
 - harris_percent_snapshot
 - trump_percent_snapshot
 - margin_snapshot
 - harris_percent_final
 - trump_percent_final
 - margin_final
 - margin_difference
 - margin_difference_abs

$ /home/ubuntu/.venv/bin/python3 /home/ubuntu/apps/election-app/stats/3-calc-new.py
Wrote 55 rows with new columns to /home/ubuntu/apps/election-app/win_prob/G/WV/_work/2024_county_results_with_calcs_new.csv

$ /home/ubuntu/.venv/bin/python3 /home/ubuntu/apps/election-app/stats/4-stats.py
Reading 2024_county_results_with_calcs_new.csv...
Aggregating statewide totals...
Calculating percentages and margins...
Writing to output_statewide_stats.csv...
Done!
[2026-01-24 09:13:52] INFO: [PIPELINE] ENTER win-prob generation | states=['WV'] ts_list=['2024-11-05T15-30-22']

============================================================================
[01/1] STATE = WV
============================================================================

$ /home/ubuntu/.venv/bin/python3 /home/ubuntu/apps/election-app/stats/5-snapshots.py --state WV --input /home/ubuntu/apps/election-app/win_prob/G/WV/_work/output_statewide_stats.csv --output /home/ubuntu/apps/election-app/win_prob/G/WV/snapshots_WV.csv --start 2024-11-05T15-30-22 --end 2024-11-05T15-30-22 --use-window 1 --interval 30
Mode: windowed-one-state
Rows written: 55
Distinct states in output: WV
Rows per normalized timestamp (empty = unparseable):
  2024-11-05T15-30-22: 55
Wrote /home/ubuntu/apps/election-app/win_prob/G/WV/snapshots_WV.csv

$ /home/ubuntu/.venv/bin/python3 /home/ubuntu/apps/election-app/stats/6-pval.py /home/ubuntu/apps/election-app/win_prob/G/WV/snapshots_WV.csv -t /home/ubuntu/apps/election-app/stats/parameters.csv -o /home/ubuntu/apps/election-app/win_prob/G/WV/data_output_WV.csv -c 50
Done. Wrote: /home/ubuntu/apps/election-app/win_prob/G/WV/data_output_WV.csv
Total rows: 55 (chunked, resumable).
Computed columns for PVALS = [0.01, 0.1, 1, 2, 3, 5, 10, 15, 20, 25, 30, 35, 40, 45, 50, 55, 60, 65, 70, 75, 80, 85, 90, 95, 97, 98, 99, 99.9, 99.99]
Per p (leader): shift_{p}, margin_new_{p}, harris_percent_new_{p}, trump_percent_new_{p}, total_snapshot_{p}, total_expected_{p}, harris_votes_new_{p}, trump_votes_new_{p}
Per p (trailing): shift_trailing_{p}, margin_new_{p}_trailing, harris_percent_new_{p}_trailing, trump_percent_new_{p}_trailing, total_snapshot_{p}_trailing, total_expected_{p}_trailing, harris_votes_new_{p}_trailing, trump_votes_new_{p}_trailing
Checkpoint saved at: /home/ubuntu/apps/election-app/win_prob/G/WV/data_output_WV.csv.checkpoint.json

$ /home/ubuntu/.venv/bin/python3 /home/ubuntu/apps/election-app/stats/7-margin-new.py
Wrote data_output_with_margins_old.csv

$ /home/ubuntu/.venv/bin/python3 /home/ubuntu/apps/election-app/stats/7-eevp-statewide.py
Wrote data_output_with_margins.csv (copied from data_output_with_margins_old.csv)

$ /home/ubuntu/.venv/bin/python3 /home/ubuntu/apps/election-app/stats/7.py --input /home/ubuntu/apps/election-app/win_prob/G/WV/data_output_WV_with_margins_statewide_eevp.csv --output /home/ubuntu/apps/election-app/win_prob/G/WV/statewide_margin_pct_vs_percent_WV_2026.png --state WV --start 2024-11-05T15-30-22 --end 2024-11-05T15-30-22 --stats /home/ubuntu/apps/election-app/win_prob/G/WV/stats.csv --stats2 /home/ubuntu/apps/election-app/win_prob/G/WV/stats2.csv --interval 30 --year 2026 --jsonl /home/ubuntu/apps/election-app/win_prob/G/WV/plotdata_WV_2026_2026-01-24T09-13-41.jsonl
[info] evaluating 1 timestamps from 2024-11-05T15-30-22 to 2024-11-05T15-30-22 every 30 minutes
[saved] probs_timeseries_WV.csv  (1 points)
[saved] /home/ubuntu/apps/election-app/win_prob/G/WV/plotdata_WV_2026_2026-01-24T09-13-41.jsonl  (4 points)
[saved] /home/ubuntu/apps/election-app/win_prob/G/WV/statewide_margin_pct_vs_percent_WV_2026_box.json
[saved] /home/ubuntu/apps/election-app/win_prob/G/WV/statewide_margin_pct_vs_percent_WV_2026_box.png
[saved] /home/ubuntu/apps/election-app/win_prob/G/WV/statewide_margin_pct_vs_percent_WV_2026.png

All 50 states complete. See: /home/ubuntu/apps/election-app/win_prob/G/WV

$ /home/ubuntu/.venv/bin/python3 /home/ubuntu/apps/election-app/stats/8.py --root /home/ubuntu/apps/election-app/win_prob/G/WV/_work --outdir /home/ubuntu/apps/election-app/win_prob/G/WV
[info] root  = /home/ubuntu/apps/election-app/win_prob/G/WV/_work
[info] outdir= /home/ubuntu/apps/election-app/win_prob/G/WV
[deleted] /home/ubuntu/apps/election-app/win_prob/G/WV/_work/stats_with_statewide.csv
[deleted] /home/ubuntu/apps/election-app/win_prob/G/WV/_work/stats2_final_headers.csv
[deleted] /home/ubuntu/apps/election-app/win_prob/G/WV/_work/2024_county_results_with_final-old.csv
[deleted] /home/ubuntu/apps/election-app/win_prob/G/WV/_work/2024_county_results_with_final.csv
[deleted] /home/ubuntu/apps/election-app/win_prob/G/WV/_work/2024_county_results_with_final_1.csv
[deleted] /home/ubuntu/apps/election-app/win_prob/G/WV/_work/2024_county_results_with_calcs-old.csv
[deleted] /home/ubuntu/apps/election-app/win_prob/G/WV/_work/2024_county_results_with_calcs_new.csv
[deleted] /home/ubuntu/apps/election-app/win_prob/G/WV/_work/output_statewide_stats.csv
[skip]    /home/ubuntu/apps/election-app/win_prob/G/WV/_work/probs_timeseries_PA.csv
[deleted] /home/ubuntu/apps/election-app/win_prob/G/WV/_work/2024_county_results_with_calcs.csv
[skip]    /home/ubuntu/apps/election-app/win_prob/G/WV/data_output.csv
[skip]    /home/ubuntu/apps/election-app/win_prob/G/WV/data_output_with_margins_old.csv
[skip]    /home/ubuntu/apps/election-app/win_prob/G/WV/data_output_with_margins.csv
[skip]    /home/ubuntu/apps/election-app/win_prob/G/WV/data_output_with_margins-statewide.csv
[deleted] /home/ubuntu/apps/election-app/win_prob/G/WV/snapshots_WV.csv
[deleted] /home/ubuntu/apps/election-app/win_prob/G/WV/data_output_WV.csv
[deleted] /home/ubuntu/apps/election-app/win_prob/G/WV/data_output_WV_with_margins.csv
[deleted] /home/ubuntu/apps/election-app/win_prob/G/WV/data_output_WV_with_margins_statewide_eevp.csv
[deleted] /home/ubuntu/apps/election-app/win_prob/G/WV/data_output_WV.csv.checkpoint.json
[deleted] /home/ubuntu/apps/election-app/win_prob/G/WV/stats.csv
[deleted] /home/ubuntu/apps/election-app/win_prob/G/WV/stats2.csv
[done] removed 16 file(s)
[2026-01-24 09:20:43] INFO: [PIPELINE] args: office=G state=WV district=None
[2026-01-24 09:20:43] INFO: [PIPELINE] WINPROB_DIR resolved to: /home/ubuntu/apps/election-app/win_prob/G/WV
[2026-01-24 09:20:43] INFO: [PIPELINE] OUTDIR set to: /home/ubuntu/apps/election-app/win_prob/G/WV

$ /home/ubuntu/.venv/bin/python3 /home/ubuntu/apps/election-app/stats/1-statewide.py --input /home/ubuntu/apps/election-app/win_prob/G/WV/stats.csv --output /home/ubuntu/apps/election-app/win_prob/G/WV/_work/stats_with_statewide.csv
Wrote /home/ubuntu/apps/election-app/win_prob/G/WV/_work/stats_with_statewide.csv (rows=55)

$ /home/ubuntu/.venv/bin/python3 /home/ubuntu/apps/election-app/stats/1-stats-2.py --input /home/ubuntu/apps/election-app/win_prob/G/WV/stats2.csv --output /home/ubuntu/apps/election-app/win_prob/G/WV/_work/stats2_final_headers.csv
Wrote /home/ubuntu/apps/election-app/win_prob/G/WV/_work/stats2_final_headers.csv (rows=55)

$ /home/ubuntu/.venv/bin/python3 /home/ubuntu/apps/election-app/stats/1-append-new.py
Wrote 2024_county_results_with_final-old.csv (rows=55, missing_final_matches=0)

$ /home/ubuntu/.venv/bin/python3 /home/ubuntu/apps/election-app/stats/1-change_header.py
Wrote: 2024_county_results_with_final.csv

$ /home/ubuntu/.venv/bin/python3 /home/ubuntu/apps/election-app/stats/1-cut-zero-fips.py
Wrote: 2024_county_results_with_final_1.csv
Rows before: 55
Rows after:  55
Dropped (fips == 0): 0

$ /home/ubuntu/.venv/bin/python3 /home/ubuntu/apps/election-app/stats/2-calc.py
Wrote 55 rows with calculations to /home/ubuntu/apps/election-app/win_prob/G/WV/_work/2024_county_results_with_calcs-old.csv

$ /home/ubuntu/.venv/bin/python3 /home/ubuntu/apps/election-app/stats/2-eevp.py
Wrote (no-op copy): 2024_county_results_with_calcs.csv
Columns:
 - timestamp
 - state
 - county
 - fips
 - trump_votes
 - harris_votes
 - other_votes
 - eevp
 - state_eevp
 - harris_votes_statewide
 - trump_votes_statewide
 - other_votes_statewide
 - final_state
 - final_county
 - final_fips
 - final_trump_votes
 - final_harris_votes
 - final_other_votes
 - harris_percent_snapshot
 - trump_percent_snapshot
 - margin_snapshot
 - harris_percent_final
 - trump_percent_final
 - margin_final
 - margin_difference
 - margin_difference_abs

$ /home/ubuntu/.venv/bin/python3 /home/ubuntu/apps/election-app/stats/3-calc-new.py
Wrote 55 rows with new columns to /home/ubuntu/apps/election-app/win_prob/G/WV/_work/2024_county_results_with_calcs_new.csv

$ /home/ubuntu/.venv/bin/python3 /home/ubuntu/apps/election-app/stats/4-stats.py
Reading 2024_county_results_with_calcs_new.csv...
Aggregating statewide totals...
Calculating percentages and margins...
Writing to output_statewide_stats.csv...
Done!
[2026-01-24 09:20:53] INFO: [PIPELINE] ENTER win-prob generation | states=['WV'] ts_list=['2024-11-05T15-30-22']

============================================================================
[01/1] STATE = WV
============================================================================

$ /home/ubuntu/.venv/bin/python3 /home/ubuntu/apps/election-app/stats/5-snapshots.py --state WV --input /home/ubuntu/apps/election-app/win_prob/G/WV/_work/output_statewide_stats.csv --output /home/ubuntu/apps/election-app/win_prob/G/WV/snapshots_WV.csv --start 2024-11-05T15-30-22 --end 2024-11-05T15-30-22 --use-window 1 --interval 30
Mode: windowed-one-state
Rows written: 55
Distinct states in output: WV
Rows per normalized timestamp (empty = unparseable):
  2024-11-05T15-30-22: 55
Wrote /home/ubuntu/apps/election-app/win_prob/G/WV/snapshots_WV.csv

$ /home/ubuntu/.venv/bin/python3 /home/ubuntu/apps/election-app/stats/6-pval.py /home/ubuntu/apps/election-app/win_prob/G/WV/snapshots_WV.csv -t /home/ubuntu/apps/election-app/stats/parameters.csv -o /home/ubuntu/apps/election-app/win_prob/G/WV/data_output_WV.csv -c 50
Done. Wrote: /home/ubuntu/apps/election-app/win_prob/G/WV/data_output_WV.csv
Total rows: 55 (chunked, resumable).
Computed columns for PVALS = [0.01, 0.1, 1, 2, 3, 5, 10, 15, 20, 25, 30, 35, 40, 45, 50, 55, 60, 65, 70, 75, 80, 85, 90, 95, 97, 98, 99, 99.9, 99.99]
Per p (leader): shift_{p}, margin_new_{p}, harris_percent_new_{p}, trump_percent_new_{p}, total_snapshot_{p}, total_expected_{p}, harris_votes_new_{p}, trump_votes_new_{p}
Per p (trailing): shift_trailing_{p}, margin_new_{p}_trailing, harris_percent_new_{p}_trailing, trump_percent_new_{p}_trailing, total_snapshot_{p}_trailing, total_expected_{p}_trailing, harris_votes_new_{p}_trailing, trump_votes_new_{p}_trailing
Checkpoint saved at: /home/ubuntu/apps/election-app/win_prob/G/WV/data_output_WV.csv.checkpoint.json

$ /home/ubuntu/.venv/bin/python3 /home/ubuntu/apps/election-app/stats/7-margin-new.py
Wrote data_output_with_margins_old.csv

$ /home/ubuntu/.venv/bin/python3 /home/ubuntu/apps/election-app/stats/7-eevp-statewide.py
Wrote data_output_with_margins.csv (copied from data_output_with_margins_old.csv)

$ /home/ubuntu/.venv/bin/python3 /home/ubuntu/apps/election-app/stats/7.py --input /home/ubuntu/apps/election-app/win_prob/G/WV/data_output_WV_with_margins_statewide_eevp.csv --output /home/ubuntu/apps/election-app/win_prob/G/WV/statewide_margin_pct_vs_percent_WV_2026.png --state WV --start 2024-11-05T15-30-22 --end 2024-11-05T15-30-22 --stats /home/ubuntu/apps/election-app/win_prob/G/WV/stats.csv --stats2 /home/ubuntu/apps/election-app/win_prob/G/WV/stats2.csv --interval 30 --year 2026 --jsonl /home/ubuntu/apps/election-app/win_prob/G/WV/plotdata_WV_2026_2026-01-24T09-20-43.jsonl
[info] evaluating 1 timestamps from 2024-11-05T15-30-22 to 2024-11-05T15-30-22 every 30 minutes
[saved] probs_timeseries_WV.csv  (1 points)
[saved] /home/ubuntu/apps/election-app/win_prob/G/WV/plotdata_WV_2026_2026-01-24T09-20-43.jsonl  (4 points)
[saved] /home/ubuntu/apps/election-app/win_prob/G/WV/statewide_margin_pct_vs_percent_WV_2026_box.json
[saved] /home/ubuntu/apps/election-app/win_prob/G/WV/statewide_margin_pct_vs_percent_WV_2026_box.png
[saved] /home/ubuntu/apps/election-app/win_prob/G/WV/statewide_margin_pct_vs_percent_WV_2026.png

All 50 states complete. See: /home/ubuntu/apps/election-app/win_prob/G/WV

$ /home/ubuntu/.venv/bin/python3 /home/ubuntu/apps/election-app/stats/8.py --root /home/ubuntu/apps/election-app/win_prob/G/WV/_work --outdir /home/ubuntu/apps/election-app/win_prob/G/WV
[info] root  = /home/ubuntu/apps/election-app/win_prob/G/WV/_work
[info] outdir= /home/ubuntu/apps/election-app/win_prob/G/WV
[deleted] /home/ubuntu/apps/election-app/win_prob/G/WV/_work/stats_with_statewide.csv
[deleted] /home/ubuntu/apps/election-app/win_prob/G/WV/_work/stats2_final_headers.csv
[deleted] /home/ubuntu/apps/election-app/win_prob/G/WV/_work/2024_county_results_with_final-old.csv
[deleted] /home/ubuntu/apps/election-app/win_prob/G/WV/_work/2024_county_results_with_final.csv
[deleted] /home/ubuntu/apps/election-app/win_prob/G/WV/_work/2024_county_results_with_final_1.csv
[deleted] /home/ubuntu/apps/election-app/win_prob/G/WV/_work/2024_county_results_with_calcs-old.csv
[deleted] /home/ubuntu/apps/election-app/win_prob/G/WV/_work/2024_county_results_with_calcs_new.csv
[deleted] /home/ubuntu/apps/election-app/win_prob/G/WV/_work/output_statewide_stats.csv
[skip]    /home/ubuntu/apps/election-app/win_prob/G/WV/_work/probs_timeseries_PA.csv
[deleted] /home/ubuntu/apps/election-app/win_prob/G/WV/_work/2024_county_results_with_calcs.csv
[skip]    /home/ubuntu/apps/election-app/win_prob/G/WV/data_output.csv
[skip]    /home/ubuntu/apps/election-app/win_prob/G/WV/data_output_with_margins_old.csv
[skip]    /home/ubuntu/apps/election-app/win_prob/G/WV/data_output_with_margins.csv
[skip]    /home/ubuntu/apps/election-app/win_prob/G/WV/data_output_with_margins-statewide.csv
[deleted] /home/ubuntu/apps/election-app/win_prob/G/WV/snapshots_WV.csv
[deleted] /home/ubuntu/apps/election-app/win_prob/G/WV/data_output_WV.csv
[deleted] /home/ubuntu/apps/election-app/win_prob/G/WV/data_output_WV_with_margins.csv
[deleted] /home/ubuntu/apps/election-app/win_prob/G/WV/data_output_WV_with_margins_statewide_eevp.csv
[deleted] /home/ubuntu/apps/election-app/win_prob/G/WV/data_output_WV.csv.checkpoint.json
[deleted] /home/ubuntu/apps/election-app/win_prob/G/WV/stats.csv
[deleted] /home/ubuntu/apps/election-app/win_prob/G/WV/stats2.csv
[done] removed 16 file(s)
[2026-01-24 09:27:45] INFO: [PIPELINE] args: office=G state=WV district=None
[2026-01-24 09:27:45] INFO: [PIPELINE] WINPROB_DIR resolved to: /home/ubuntu/apps/election-app/win_prob/G/WV
[2026-01-24 09:27:45] INFO: [PIPELINE] OUTDIR set to: /home/ubuntu/apps/election-app/win_prob/G/WV

$ /home/ubuntu/.venv/bin/python3 /home/ubuntu/apps/election-app/stats/1-statewide.py --input /home/ubuntu/apps/election-app/win_prob/G/WV/stats.csv --output /home/ubuntu/apps/election-app/win_prob/G/WV/_work/stats_with_statewide.csv
Wrote /home/ubuntu/apps/election-app/win_prob/G/WV/_work/stats_with_statewide.csv (rows=55)

$ /home/ubuntu/.venv/bin/python3 /home/ubuntu/apps/election-app/stats/1-stats-2.py --input /home/ubuntu/apps/election-app/win_prob/G/WV/stats2.csv --output /home/ubuntu/apps/election-app/win_prob/G/WV/_work/stats2_final_headers.csv
Wrote /home/ubuntu/apps/election-app/win_prob/G/WV/_work/stats2_final_headers.csv (rows=55)

$ /home/ubuntu/.venv/bin/python3 /home/ubuntu/apps/election-app/stats/1-append-new.py
Wrote 2024_county_results_with_final-old.csv (rows=55, missing_final_matches=0)

$ /home/ubuntu/.venv/bin/python3 /home/ubuntu/apps/election-app/stats/1-change_header.py
Wrote: 2024_county_results_with_final.csv

$ /home/ubuntu/.venv/bin/python3 /home/ubuntu/apps/election-app/stats/1-cut-zero-fips.py
Wrote: 2024_county_results_with_final_1.csv
Rows before: 55
Rows after:  55
Dropped (fips == 0): 0

$ /home/ubuntu/.venv/bin/python3 /home/ubuntu/apps/election-app/stats/2-calc.py
Wrote 55 rows with calculations to /home/ubuntu/apps/election-app/win_prob/G/WV/_work/2024_county_results_with_calcs-old.csv

$ /home/ubuntu/.venv/bin/python3 /home/ubuntu/apps/election-app/stats/2-eevp.py
Wrote (no-op copy): 2024_county_results_with_calcs.csv
Columns:
 - timestamp
 - state
 - county
 - fips
 - trump_votes
 - harris_votes
 - other_votes
 - eevp
 - state_eevp
 - harris_votes_statewide
 - trump_votes_statewide
 - other_votes_statewide
 - final_state
 - final_county
 - final_fips
 - final_trump_votes
 - final_harris_votes
 - final_other_votes
 - harris_percent_snapshot
 - trump_percent_snapshot
 - margin_snapshot
 - harris_percent_final
 - trump_percent_final
 - margin_final
 - margin_difference
 - margin_difference_abs

$ /home/ubuntu/.venv/bin/python3 /home/ubuntu/apps/election-app/stats/3-calc-new.py
Wrote 55 rows with new columns to /home/ubuntu/apps/election-app/win_prob/G/WV/_work/2024_county_results_with_calcs_new.csv

$ /home/ubuntu/.venv/bin/python3 /home/ubuntu/apps/election-app/stats/4-stats.py
Reading 2024_county_results_with_calcs_new.csv...
Aggregating statewide totals...
Calculating percentages and margins...
Writing to output_statewide_stats.csv...
Done!
[2026-01-24 09:27:55] INFO: [PIPELINE] ENTER win-prob generation | states=['WV'] ts_list=['2024-11-05T15-30-22']

============================================================================
[01/1] STATE = WV
============================================================================

$ /home/ubuntu/.venv/bin/python3 /home/ubuntu/apps/election-app/stats/5-snapshots.py --state WV --input /home/ubuntu/apps/election-app/win_prob/G/WV/_work/output_statewide_stats.csv --output /home/ubuntu/apps/election-app/win_prob/G/WV/snapshots_WV.csv --start 2024-11-05T15-30-22 --end 2024-11-05T15-30-22 --use-window 1 --interval 30
Mode: windowed-one-state
Rows written: 55
Distinct states in output: WV
Rows per normalized timestamp (empty = unparseable):
  2024-11-05T15-30-22: 55
Wrote /home/ubuntu/apps/election-app/win_prob/G/WV/snapshots_WV.csv

$ /home/ubuntu/.venv/bin/python3 /home/ubuntu/apps/election-app/stats/6-pval.py /home/ubuntu/apps/election-app/win_prob/G/WV/snapshots_WV.csv -t /home/ubuntu/apps/election-app/stats/parameters.csv -o /home/ubuntu/apps/election-app/win_prob/G/WV/data_output_WV.csv -c 50
Done. Wrote: /home/ubuntu/apps/election-app/win_prob/G/WV/data_output_WV.csv
Total rows: 55 (chunked, resumable).
Computed columns for PVALS = [0.01, 0.1, 1, 2, 3, 5, 10, 15, 20, 25, 30, 35, 40, 45, 50, 55, 60, 65, 70, 75, 80, 85, 90, 95, 97, 98, 99, 99.9, 99.99]
Per p (leader): shift_{p}, margin_new_{p}, harris_percent_new_{p}, trump_percent_new_{p}, total_snapshot_{p}, total_expected_{p}, harris_votes_new_{p}, trump_votes_new_{p}
Per p (trailing): shift_trailing_{p}, margin_new_{p}_trailing, harris_percent_new_{p}_trailing, trump_percent_new_{p}_trailing, total_snapshot_{p}_trailing, total_expected_{p}_trailing, harris_votes_new_{p}_trailing, trump_votes_new_{p}_trailing
Checkpoint saved at: /home/ubuntu/apps/election-app/win_prob/G/WV/data_output_WV.csv.checkpoint.json

$ /home/ubuntu/.venv/bin/python3 /home/ubuntu/apps/election-app/stats/7-margin-new.py
Wrote data_output_with_margins_old.csv

$ /home/ubuntu/.venv/bin/python3 /home/ubuntu/apps/election-app/stats/7-eevp-statewide.py
Wrote data_output_with_margins.csv (copied from data_output_with_margins_old.csv)

$ /home/ubuntu/.venv/bin/python3 /home/ubuntu/apps/election-app/stats/7.py --input /home/ubuntu/apps/election-app/win_prob/G/WV/data_output_WV_with_margins_statewide_eevp.csv --output /home/ubuntu/apps/election-app/win_prob/G/WV/statewide_margin_pct_vs_percent_WV_2026.png --state WV --start 2024-11-05T15-30-22 --end 2024-11-05T15-30-22 --stats /home/ubuntu/apps/election-app/win_prob/G/WV/stats.csv --stats2 /home/ubuntu/apps/election-app/win_prob/G/WV/stats2.csv --interval 30 --year 2026 --jsonl /home/ubuntu/apps/election-app/win_prob/G/WV/plotdata_WV_2026_2026-01-24T09-27-45.jsonl
[info] evaluating 1 timestamps from 2024-11-05T15-30-22 to 2024-11-05T15-30-22 every 30 minutes
[saved] probs_timeseries_WV.csv  (1 points)
[saved] /home/ubuntu/apps/election-app/win_prob/G/WV/plotdata_WV_2026_2026-01-24T09-27-45.jsonl  (4 points)
[saved] /home/ubuntu/apps/election-app/win_prob/G/WV/statewide_margin_pct_vs_percent_WV_2026_box.json
[saved] /home/ubuntu/apps/election-app/win_prob/G/WV/statewide_margin_pct_vs_percent_WV_2026_box.png
[saved] /home/ubuntu/apps/election-app/win_prob/G/WV/statewide_margin_pct_vs_percent_WV_2026.png

All 50 states complete. See: /home/ubuntu/apps/election-app/win_prob/G/WV

$ /home/ubuntu/.venv/bin/python3 /home/ubuntu/apps/election-app/stats/8.py --root /home/ubuntu/apps/election-app/win_prob/G/WV/_work --outdir /home/ubuntu/apps/election-app/win_prob/G/WV
[info] root  = /home/ubuntu/apps/election-app/win_prob/G/WV/_work
[info] outdir= /home/ubuntu/apps/election-app/win_prob/G/WV
[deleted] /home/ubuntu/apps/election-app/win_prob/G/WV/_work/stats_with_statewide.csv
[deleted] /home/ubuntu/apps/election-app/win_prob/G/WV/_work/stats2_final_headers.csv
[deleted] /home/ubuntu/apps/election-app/win_prob/G/WV/_work/2024_county_results_with_final-old.csv
[deleted] /home/ubuntu/apps/election-app/win_prob/G/WV/_work/2024_county_results_with_final.csv
[deleted] /home/ubuntu/apps/election-app/win_prob/G/WV/_work/2024_county_results_with_final_1.csv
[deleted] /home/ubuntu/apps/election-app/win_prob/G/WV/_work/2024_county_results_with_calcs-old.csv
[deleted] /home/ubuntu/apps/election-app/win_prob/G/WV/_work/2024_county_results_with_calcs_new.csv
[deleted] /home/ubuntu/apps/election-app/win_prob/G/WV/_work/output_statewide_stats.csv
[skip]    /home/ubuntu/apps/election-app/win_prob/G/WV/_work/probs_timeseries_PA.csv
[deleted] /home/ubuntu/apps/election-app/win_prob/G/WV/_work/2024_county_results_with_calcs.csv
[skip]    /home/ubuntu/apps/election-app/win_prob/G/WV/data_output.csv
[skip]    /home/ubuntu/apps/election-app/win_prob/G/WV/data_output_with_margins_old.csv
[skip]    /home/ubuntu/apps/election-app/win_prob/G/WV/data_output_with_margins.csv
[skip]    /home/ubuntu/apps/election-app/win_prob/G/WV/data_output_with_margins-statewide.csv
[deleted] /home/ubuntu/apps/election-app/win_prob/G/WV/snapshots_WV.csv
[deleted] /home/ubuntu/apps/election-app/win_prob/G/WV/data_output_WV.csv
[deleted] /home/ubuntu/apps/election-app/win_prob/G/WV/data_output_WV_with_margins.csv
[deleted] /home/ubuntu/apps/election-app/win_prob/G/WV/data_output_WV_with_margins_statewide_eevp.csv
[deleted] /home/ubuntu/apps/election-app/win_prob/G/WV/data_output_WV.csv.checkpoint.json
[deleted] /home/ubuntu/apps/election-app/win_prob/G/WV/stats.csv
[deleted] /home/ubuntu/apps/election-app/win_prob/G/WV/stats2.csv
[done] removed 16 file(s)
[2026-01-24 09:34:46] INFO: [PIPELINE] args: office=G state=WV district=None
[2026-01-24 09:34:46] INFO: [PIPELINE] WINPROB_DIR resolved to: /home/ubuntu/apps/election-app/win_prob/G/WV
[2026-01-24 09:34:46] INFO: [PIPELINE] OUTDIR set to: /home/ubuntu/apps/election-app/win_prob/G/WV

$ /home/ubuntu/.venv/bin/python3 /home/ubuntu/apps/election-app/stats/1-statewide.py --input /home/ubuntu/apps/election-app/win_prob/G/WV/stats.csv --output /home/ubuntu/apps/election-app/win_prob/G/WV/_work/stats_with_statewide.csv
Wrote /home/ubuntu/apps/election-app/win_prob/G/WV/_work/stats_with_statewide.csv (rows=55)

$ /home/ubuntu/.venv/bin/python3 /home/ubuntu/apps/election-app/stats/1-stats-2.py --input /home/ubuntu/apps/election-app/win_prob/G/WV/stats2.csv --output /home/ubuntu/apps/election-app/win_prob/G/WV/_work/stats2_final_headers.csv
Wrote /home/ubuntu/apps/election-app/win_prob/G/WV/_work/stats2_final_headers.csv (rows=55)

$ /home/ubuntu/.venv/bin/python3 /home/ubuntu/apps/election-app/stats/1-append-new.py
Wrote 2024_county_results_with_final-old.csv (rows=55, missing_final_matches=0)

$ /home/ubuntu/.venv/bin/python3 /home/ubuntu/apps/election-app/stats/1-change_header.py
Wrote: 2024_county_results_with_final.csv

$ /home/ubuntu/.venv/bin/python3 /home/ubuntu/apps/election-app/stats/1-cut-zero-fips.py
Wrote: 2024_county_results_with_final_1.csv
Rows before: 55
Rows after:  55
Dropped (fips == 0): 0

$ /home/ubuntu/.venv/bin/python3 /home/ubuntu/apps/election-app/stats/2-calc.py
Wrote 55 rows with calculations to /home/ubuntu/apps/election-app/win_prob/G/WV/_work/2024_county_results_with_calcs-old.csv

$ /home/ubuntu/.venv/bin/python3 /home/ubuntu/apps/election-app/stats/2-eevp.py
Wrote (no-op copy): 2024_county_results_with_calcs.csv
Columns:
 - timestamp
 - state
 - county
 - fips
 - trump_votes
 - harris_votes
 - other_votes
 - eevp
 - state_eevp
 - harris_votes_statewide
 - trump_votes_statewide
 - other_votes_statewide
 - final_state
 - final_county
 - final_fips
 - final_trump_votes
 - final_harris_votes
 - final_other_votes
 - harris_percent_snapshot
 - trump_percent_snapshot
 - margin_snapshot
 - harris_percent_final
 - trump_percent_final
 - margin_final
 - margin_difference
 - margin_difference_abs

$ /home/ubuntu/.venv/bin/python3 /home/ubuntu/apps/election-app/stats/3-calc-new.py
Wrote 55 rows with new columns to /home/ubuntu/apps/election-app/win_prob/G/WV/_work/2024_county_results_with_calcs_new.csv

$ /home/ubuntu/.venv/bin/python3 /home/ubuntu/apps/election-app/stats/4-stats.py
Reading 2024_county_results_with_calcs_new.csv...
Aggregating statewide totals...
Calculating percentages and margins...
Writing to output_statewide_stats.csv...
Done!
[2026-01-24 09:34:57] INFO: [PIPELINE] ENTER win-prob generation | states=['WV'] ts_list=['2024-11-05T15-30-22']

============================================================================
[01/1] STATE = WV
============================================================================

$ /home/ubuntu/.venv/bin/python3 /home/ubuntu/apps/election-app/stats/5-snapshots.py --state WV --input /home/ubuntu/apps/election-app/win_prob/G/WV/_work/output_statewide_stats.csv --output /home/ubuntu/apps/election-app/win_prob/G/WV/snapshots_WV.csv --start 2024-11-05T15-30-22 --end 2024-11-05T15-30-22 --use-window 1 --interval 30
Mode: windowed-one-state
Rows written: 55
Distinct states in output: WV
Rows per normalized timestamp (empty = unparseable):
  2024-11-05T15-30-22: 55
Wrote /home/ubuntu/apps/election-app/win_prob/G/WV/snapshots_WV.csv

$ /home/ubuntu/.venv/bin/python3 /home/ubuntu/apps/election-app/stats/6-pval.py /home/ubuntu/apps/election-app/win_prob/G/WV/snapshots_WV.csv -t /home/ubuntu/apps/election-app/stats/parameters.csv -o /home/ubuntu/apps/election-app/win_prob/G/WV/data_output_WV.csv -c 50
Done. Wrote: /home/ubuntu/apps/election-app/win_prob/G/WV/data_output_WV.csv
Total rows: 55 (chunked, resumable).
Computed columns for PVALS = [0.01, 0.1, 1, 2, 3, 5, 10, 15, 20, 25, 30, 35, 40, 45, 50, 55, 60, 65, 70, 75, 80, 85, 90, 95, 97, 98, 99, 99.9, 99.99]
Per p (leader): shift_{p}, margin_new_{p}, harris_percent_new_{p}, trump_percent_new_{p}, total_snapshot_{p}, total_expected_{p}, harris_votes_new_{p}, trump_votes_new_{p}
Per p (trailing): shift_trailing_{p}, margin_new_{p}_trailing, harris_percent_new_{p}_trailing, trump_percent_new_{p}_trailing, total_snapshot_{p}_trailing, total_expected_{p}_trailing, harris_votes_new_{p}_trailing, trump_votes_new_{p}_trailing
Checkpoint saved at: /home/ubuntu/apps/election-app/win_prob/G/WV/data_output_WV.csv.checkpoint.json

$ /home/ubuntu/.venv/bin/python3 /home/ubuntu/apps/election-app/stats/7-margin-new.py
Wrote data_output_with_margins_old.csv

$ /home/ubuntu/.venv/bin/python3 /home/ubuntu/apps/election-app/stats/7-eevp-statewide.py
Wrote data_output_with_margins.csv (copied from data_output_with_margins_old.csv)

$ /home/ubuntu/.venv/bin/python3 /home/ubuntu/apps/election-app/stats/7.py --input /home/ubuntu/apps/election-app/win_prob/G/WV/data_output_WV_with_margins_statewide_eevp.csv --output /home/ubuntu/apps/election-app/win_prob/G/WV/statewide_margin_pct_vs_percent_WV_2026.png --state WV --start 2024-11-05T15-30-22 --end 2024-11-05T15-30-22 --stats /home/ubuntu/apps/election-app/win_prob/G/WV/stats.csv --stats2 /home/ubuntu/apps/election-app/win_prob/G/WV/stats2.csv --interval 30 --year 2026 --jsonl /home/ubuntu/apps/election-app/win_prob/G/WV/plotdata_WV_2026_2026-01-24T09-34-46.jsonl
[info] evaluating 1 timestamps from 2024-11-05T15-30-22 to 2024-11-05T15-30-22 every 30 minutes
[saved] probs_timeseries_WV.csv  (1 points)
[saved] /home/ubuntu/apps/election-app/win_prob/G/WV/plotdata_WV_2026_2026-01-24T09-34-46.jsonl  (4 points)
[saved] /home/ubuntu/apps/election-app/win_prob/G/WV/statewide_margin_pct_vs_percent_WV_2026_box.json
[saved] /home/ubuntu/apps/election-app/win_prob/G/WV/statewide_margin_pct_vs_percent_WV_2026_box.png
[saved] /home/ubuntu/apps/election-app/win_prob/G/WV/statewide_margin_pct_vs_percent_WV_2026.png

All 50 states complete. See: /home/ubuntu/apps/election-app/win_prob/G/WV

$ /home/ubuntu/.venv/bin/python3 /home/ubuntu/apps/election-app/stats/8.py --root /home/ubuntu/apps/election-app/win_prob/G/WV/_work --outdir /home/ubuntu/apps/election-app/win_prob/G/WV
[info] root  = /home/ubuntu/apps/election-app/win_prob/G/WV/_work
[info] outdir= /home/ubuntu/apps/election-app/win_prob/G/WV
[deleted] /home/ubuntu/apps/election-app/win_prob/G/WV/_work/stats_with_statewide.csv
[deleted] /home/ubuntu/apps/election-app/win_prob/G/WV/_work/stats2_final_headers.csv
[deleted] /home/ubuntu/apps/election-app/win_prob/G/WV/_work/2024_county_results_with_final-old.csv
[deleted] /home/ubuntu/apps/election-app/win_prob/G/WV/_work/2024_county_results_with_final.csv
[deleted] /home/ubuntu/apps/election-app/win_prob/G/WV/_work/2024_county_results_with_final_1.csv
[deleted] /home/ubuntu/apps/election-app/win_prob/G/WV/_work/2024_county_results_with_calcs-old.csv
[deleted] /home/ubuntu/apps/election-app/win_prob/G/WV/_work/2024_county_results_with_calcs_new.csv
[deleted] /home/ubuntu/apps/election-app/win_prob/G/WV/_work/output_statewide_stats.csv
[skip]    /home/ubuntu/apps/election-app/win_prob/G/WV/_work/probs_timeseries_PA.csv
[deleted] /home/ubuntu/apps/election-app/win_prob/G/WV/_work/2024_county_results_with_calcs.csv
[skip]    /home/ubuntu/apps/election-app/win_prob/G/WV/data_output.csv
[skip]    /home/ubuntu/apps/election-app/win_prob/G/WV/data_output_with_margins_old.csv
[skip]    /home/ubuntu/apps/election-app/win_prob/G/WV/data_output_with_margins.csv
[skip]    /home/ubuntu/apps/election-app/win_prob/G/WV/data_output_with_margins-statewide.csv
[deleted] /home/ubuntu/apps/election-app/win_prob/G/WV/snapshots_WV.csv
[deleted] /home/ubuntu/apps/election-app/win_prob/G/WV/data_output_WV.csv
[deleted] /home/ubuntu/apps/election-app/win_prob/G/WV/data_output_WV_with_margins.csv
[deleted] /home/ubuntu/apps/election-app/win_prob/G/WV/data_output_WV_with_margins_statewide_eevp.csv
[deleted] /home/ubuntu/apps/election-app/win_prob/G/WV/data_output_WV.csv.checkpoint.json
[deleted] /home/ubuntu/apps/election-app/win_prob/G/WV/stats.csv
[deleted] /home/ubuntu/apps/election-app/win_prob/G/WV/stats2.csv
[done] removed 16 file(s)
[2026-01-24 09:41:48] INFO: [PIPELINE] args: office=G state=WV district=None
[2026-01-24 09:41:48] INFO: [PIPELINE] WINPROB_DIR resolved to: /home/ubuntu/apps/election-app/win_prob/G/WV
[2026-01-24 09:41:48] INFO: [PIPELINE] OUTDIR set to: /home/ubuntu/apps/election-app/win_prob/G/WV

$ /home/ubuntu/.venv/bin/python3 /home/ubuntu/apps/election-app/stats/1-statewide.py --input /home/ubuntu/apps/election-app/win_prob/G/WV/stats.csv --output /home/ubuntu/apps/election-app/win_prob/G/WV/_work/stats_with_statewide.csv
Wrote /home/ubuntu/apps/election-app/win_prob/G/WV/_work/stats_with_statewide.csv (rows=55)

$ /home/ubuntu/.venv/bin/python3 /home/ubuntu/apps/election-app/stats/1-stats-2.py --input /home/ubuntu/apps/election-app/win_prob/G/WV/stats2.csv --output /home/ubuntu/apps/election-app/win_prob/G/WV/_work/stats2_final_headers.csv
Wrote /home/ubuntu/apps/election-app/win_prob/G/WV/_work/stats2_final_headers.csv (rows=55)

$ /home/ubuntu/.venv/bin/python3 /home/ubuntu/apps/election-app/stats/1-append-new.py
Wrote 2024_county_results_with_final-old.csv (rows=55, missing_final_matches=0)

$ /home/ubuntu/.venv/bin/python3 /home/ubuntu/apps/election-app/stats/1-change_header.py
Wrote: 2024_county_results_with_final.csv

$ /home/ubuntu/.venv/bin/python3 /home/ubuntu/apps/election-app/stats/1-cut-zero-fips.py
Wrote: 2024_county_results_with_final_1.csv
Rows before: 55
Rows after:  55
Dropped (fips == 0): 0

$ /home/ubuntu/.venv/bin/python3 /home/ubuntu/apps/election-app/stats/2-calc.py
Wrote 55 rows with calculations to /home/ubuntu/apps/election-app/win_prob/G/WV/_work/2024_county_results_with_calcs-old.csv

$ /home/ubuntu/.venv/bin/python3 /home/ubuntu/apps/election-app/stats/2-eevp.py
Wrote (no-op copy): 2024_county_results_with_calcs.csv
Columns:
 - timestamp
 - state
 - county
 - fips
 - trump_votes
 - harris_votes
 - other_votes
 - eevp
 - state_eevp
 - harris_votes_statewide
 - trump_votes_statewide
 - other_votes_statewide
 - final_state
 - final_county
 - final_fips
 - final_trump_votes
 - final_harris_votes
 - final_other_votes
 - harris_percent_snapshot
 - trump_percent_snapshot
 - margin_snapshot
 - harris_percent_final
 - trump_percent_final
 - margin_final
 - margin_difference
 - margin_difference_abs

$ /home/ubuntu/.venv/bin/python3 /home/ubuntu/apps/election-app/stats/3-calc-new.py
Wrote 55 rows with new columns to /home/ubuntu/apps/election-app/win_prob/G/WV/_work/2024_county_results_with_calcs_new.csv

$ /home/ubuntu/.venv/bin/python3 /home/ubuntu/apps/election-app/stats/4-stats.py
Reading 2024_county_results_with_calcs_new.csv...
Aggregating statewide totals...
Calculating percentages and margins...
Writing to output_statewide_stats.csv...
Done!
[2026-01-24 09:41:59] INFO: [PIPELINE] ENTER win-prob generation | states=['WV'] ts_list=['2024-11-05T15-30-22']

============================================================================
[01/1] STATE = WV
============================================================================

$ /home/ubuntu/.venv/bin/python3 /home/ubuntu/apps/election-app/stats/5-snapshots.py --state WV --input /home/ubuntu/apps/election-app/win_prob/G/WV/_work/output_statewide_stats.csv --output /home/ubuntu/apps/election-app/win_prob/G/WV/snapshots_WV.csv --start 2024-11-05T15-30-22 --end 2024-11-05T15-30-22 --use-window 1 --interval 30
Mode: windowed-one-state
Rows written: 55
Distinct states in output: WV
Rows per normalized timestamp (empty = unparseable):
  2024-11-05T15-30-22: 55
Wrote /home/ubuntu/apps/election-app/win_prob/G/WV/snapshots_WV.csv

$ /home/ubuntu/.venv/bin/python3 /home/ubuntu/apps/election-app/stats/6-pval.py /home/ubuntu/apps/election-app/win_prob/G/WV/snapshots_WV.csv -t /home/ubuntu/apps/election-app/stats/parameters.csv -o /home/ubuntu/apps/election-app/win_prob/G/WV/data_output_WV.csv -c 50
Done. Wrote: /home/ubuntu/apps/election-app/win_prob/G/WV/data_output_WV.csv
Total rows: 55 (chunked, resumable).
Computed columns for PVALS = [0.01, 0.1, 1, 2, 3, 5, 10, 15, 20, 25, 30, 35, 40, 45, 50, 55, 60, 65, 70, 75, 80, 85, 90, 95, 97, 98, 99, 99.9, 99.99]
Per p (leader): shift_{p}, margin_new_{p}, harris_percent_new_{p}, trump_percent_new_{p}, total_snapshot_{p}, total_expected_{p}, harris_votes_new_{p}, trump_votes_new_{p}
Per p (trailing): shift_trailing_{p}, margin_new_{p}_trailing, harris_percent_new_{p}_trailing, trump_percent_new_{p}_trailing, total_snapshot_{p}_trailing, total_expected_{p}_trailing, harris_votes_new_{p}_trailing, trump_votes_new_{p}_trailing
Checkpoint saved at: /home/ubuntu/apps/election-app/win_prob/G/WV/data_output_WV.csv.checkpoint.json

$ /home/ubuntu/.venv/bin/python3 /home/ubuntu/apps/election-app/stats/7-margin-new.py
Wrote data_output_with_margins_old.csv

$ /home/ubuntu/.venv/bin/python3 /home/ubuntu/apps/election-app/stats/7-eevp-statewide.py
Wrote data_output_with_margins.csv (copied from data_output_with_margins_old.csv)

$ /home/ubuntu/.venv/bin/python3 /home/ubuntu/apps/election-app/stats/7.py --input /home/ubuntu/apps/election-app/win_prob/G/WV/data_output_WV_with_margins_statewide_eevp.csv --output /home/ubuntu/apps/election-app/win_prob/G/WV/statewide_margin_pct_vs_percent_WV_2026.png --state WV --start 2024-11-05T15-30-22 --end 2024-11-05T15-30-22 --stats /home/ubuntu/apps/election-app/win_prob/G/WV/stats.csv --stats2 /home/ubuntu/apps/election-app/win_prob/G/WV/stats2.csv --interval 30 --year 2026 --jsonl /home/ubuntu/apps/election-app/win_prob/G/WV/plotdata_WV_2026_2026-01-24T09-41-48.jsonl
[info] evaluating 1 timestamps from 2024-11-05T15-30-22 to 2024-11-05T15-30-22 every 30 minutes
[saved] probs_timeseries_WV.csv  (1 points)
[saved] /home/ubuntu/apps/election-app/win_prob/G/WV/plotdata_WV_2026_2026-01-24T09-41-48.jsonl  (4 points)
[saved] /home/ubuntu/apps/election-app/win_prob/G/WV/statewide_margin_pct_vs_percent_WV_2026_box.json
[saved] /home/ubuntu/apps/election-app/win_prob/G/WV/statewide_margin_pct_vs_percent_WV_2026_box.png
[saved] /home/ubuntu/apps/election-app/win_prob/G/WV/statewide_margin_pct_vs_percent_WV_2026.png

All 50 states complete. See: /home/ubuntu/apps/election-app/win_prob/G/WV

$ /home/ubuntu/.venv/bin/python3 /home/ubuntu/apps/election-app/stats/8.py --root /home/ubuntu/apps/election-app/win_prob/G/WV/_work --outdir /home/ubuntu/apps/election-app/win_prob/G/WV
[info] root  = /home/ubuntu/apps/election-app/win_prob/G/WV/_work
[info] outdir= /home/ubuntu/apps/election-app/win_prob/G/WV
[deleted] /home/ubuntu/apps/election-app/win_prob/G/WV/_work/stats_with_statewide.csv
[deleted] /home/ubuntu/apps/election-app/win_prob/G/WV/_work/stats2_final_headers.csv
[deleted] /home/ubuntu/apps/election-app/win_prob/G/WV/_work/2024_county_results_with_final-old.csv
[deleted] /home/ubuntu/apps/election-app/win_prob/G/WV/_work/2024_county_results_with_final.csv
[deleted] /home/ubuntu/apps/election-app/win_prob/G/WV/_work/2024_county_results_with_final_1.csv
[deleted] /home/ubuntu/apps/election-app/win_prob/G/WV/_work/2024_county_results_with_calcs-old.csv
[deleted] /home/ubuntu/apps/election-app/win_prob/G/WV/_work/2024_county_results_with_calcs_new.csv
[deleted] /home/ubuntu/apps/election-app/win_prob/G/WV/_work/output_statewide_stats.csv
[skip]    /home/ubuntu/apps/election-app/win_prob/G/WV/_work/probs_timeseries_PA.csv
[deleted] /home/ubuntu/apps/election-app/win_prob/G/WV/_work/2024_county_results_with_calcs.csv
[skip]    /home/ubuntu/apps/election-app/win_prob/G/WV/data_output.csv
[skip]    /home/ubuntu/apps/election-app/win_prob/G/WV/data_output_with_margins_old.csv
[skip]    /home/ubuntu/apps/election-app/win_prob/G/WV/data_output_with_margins.csv
[skip]    /home/ubuntu/apps/election-app/win_prob/G/WV/data_output_with_margins-statewide.csv
[deleted] /home/ubuntu/apps/election-app/win_prob/G/WV/snapshots_WV.csv
[deleted] /home/ubuntu/apps/election-app/win_prob/G/WV/data_output_WV.csv
[deleted] /home/ubuntu/apps/election-app/win_prob/G/WV/data_output_WV_with_margins.csv
[deleted] /home/ubuntu/apps/election-app/win_prob/G/WV/data_output_WV_with_margins_statewide_eevp.csv
[deleted] /home/ubuntu/apps/election-app/win_prob/G/WV/data_output_WV.csv.checkpoint.json
[deleted] /home/ubuntu/apps/election-app/win_prob/G/WV/stats.csv
[deleted] /home/ubuntu/apps/election-app/win_prob/G/WV/stats2.csv
[done] removed 16 file(s)
[2026-01-24 09:48:50] INFO: [PIPELINE] args: office=G state=WV district=None
[2026-01-24 09:48:50] INFO: [PIPELINE] WINPROB_DIR resolved to: /home/ubuntu/apps/election-app/win_prob/G/WV
[2026-01-24 09:48:50] INFO: [PIPELINE] OUTDIR set to: /home/ubuntu/apps/election-app/win_prob/G/WV

$ /home/ubuntu/.venv/bin/python3 /home/ubuntu/apps/election-app/stats/1-statewide.py --input /home/ubuntu/apps/election-app/win_prob/G/WV/stats.csv --output /home/ubuntu/apps/election-app/win_prob/G/WV/_work/stats_with_statewide.csv
Wrote /home/ubuntu/apps/election-app/win_prob/G/WV/_work/stats_with_statewide.csv (rows=55)

$ /home/ubuntu/.venv/bin/python3 /home/ubuntu/apps/election-app/stats/1-stats-2.py --input /home/ubuntu/apps/election-app/win_prob/G/WV/stats2.csv --output /home/ubuntu/apps/election-app/win_prob/G/WV/_work/stats2_final_headers.csv
Wrote /home/ubuntu/apps/election-app/win_prob/G/WV/_work/stats2_final_headers.csv (rows=55)

$ /home/ubuntu/.venv/bin/python3 /home/ubuntu/apps/election-app/stats/1-append-new.py
Wrote 2024_county_results_with_final-old.csv (rows=55, missing_final_matches=0)

$ /home/ubuntu/.venv/bin/python3 /home/ubuntu/apps/election-app/stats/1-change_header.py
Wrote: 2024_county_results_with_final.csv

$ /home/ubuntu/.venv/bin/python3 /home/ubuntu/apps/election-app/stats/1-cut-zero-fips.py
Wrote: 2024_county_results_with_final_1.csv
Rows before: 55
Rows after:  55
Dropped (fips == 0): 0

$ /home/ubuntu/.venv/bin/python3 /home/ubuntu/apps/election-app/stats/2-calc.py
Wrote 55 rows with calculations to /home/ubuntu/apps/election-app/win_prob/G/WV/_work/2024_county_results_with_calcs-old.csv

$ /home/ubuntu/.venv/bin/python3 /home/ubuntu/apps/election-app/stats/2-eevp.py
Wrote (no-op copy): 2024_county_results_with_calcs.csv
Columns:
 - timestamp
 - state
 - county
 - fips
 - trump_votes
 - harris_votes
 - other_votes
 - eevp
 - state_eevp
 - harris_votes_statewide
 - trump_votes_statewide
 - other_votes_statewide
 - final_state
 - final_county
 - final_fips
 - final_trump_votes
 - final_harris_votes
 - final_other_votes
 - harris_percent_snapshot
 - trump_percent_snapshot
 - margin_snapshot
 - harris_percent_final
 - trump_percent_final
 - margin_final
 - margin_difference
 - margin_difference_abs

$ /home/ubuntu/.venv/bin/python3 /home/ubuntu/apps/election-app/stats/3-calc-new.py
Wrote 55 rows with new columns to /home/ubuntu/apps/election-app/win_prob/G/WV/_work/2024_county_results_with_calcs_new.csv

$ /home/ubuntu/.venv/bin/python3 /home/ubuntu/apps/election-app/stats/4-stats.py
Reading 2024_county_results_with_calcs_new.csv...
Aggregating statewide totals...
Calculating percentages and margins...
Writing to output_statewide_stats.csv...
Done!
[2026-01-24 09:49:00] INFO: [PIPELINE] ENTER win-prob generation | states=['WV'] ts_list=['2024-11-05T15-30-22']

============================================================================
[01/1] STATE = WV
============================================================================

$ /home/ubuntu/.venv/bin/python3 /home/ubuntu/apps/election-app/stats/5-snapshots.py --state WV --input /home/ubuntu/apps/election-app/win_prob/G/WV/_work/output_statewide_stats.csv --output /home/ubuntu/apps/election-app/win_prob/G/WV/snapshots_WV.csv --start 2024-11-05T15-30-22 --end 2024-11-05T15-30-22 --use-window 1 --interval 30
Mode: windowed-one-state
Rows written: 55
Distinct states in output: WV
Rows per normalized timestamp (empty = unparseable):
  2024-11-05T15-30-22: 55
Wrote /home/ubuntu/apps/election-app/win_prob/G/WV/snapshots_WV.csv

$ /home/ubuntu/.venv/bin/python3 /home/ubuntu/apps/election-app/stats/6-pval.py /home/ubuntu/apps/election-app/win_prob/G/WV/snapshots_WV.csv -t /home/ubuntu/apps/election-app/stats/parameters.csv -o /home/ubuntu/apps/election-app/win_prob/G/WV/data_output_WV.csv -c 50
Done. Wrote: /home/ubuntu/apps/election-app/win_prob/G/WV/data_output_WV.csv
Total rows: 55 (chunked, resumable).
Computed columns for PVALS = [0.01, 0.1, 1, 2, 3, 5, 10, 15, 20, 25, 30, 35, 40, 45, 50, 55, 60, 65, 70, 75, 80, 85, 90, 95, 97, 98, 99, 99.9, 99.99]
Per p (leader): shift_{p}, margin_new_{p}, harris_percent_new_{p}, trump_percent_new_{p}, total_snapshot_{p}, total_expected_{p}, harris_votes_new_{p}, trump_votes_new_{p}
Per p (trailing): shift_trailing_{p}, margin_new_{p}_trailing, harris_percent_new_{p}_trailing, trump_percent_new_{p}_trailing, total_snapshot_{p}_trailing, total_expected_{p}_trailing, harris_votes_new_{p}_trailing, trump_votes_new_{p}_trailing
Checkpoint saved at: /home/ubuntu/apps/election-app/win_prob/G/WV/data_output_WV.csv.checkpoint.json

$ /home/ubuntu/.venv/bin/python3 /home/ubuntu/apps/election-app/stats/7-margin-new.py
Wrote data_output_with_margins_old.csv

$ /home/ubuntu/.venv/bin/python3 /home/ubuntu/apps/election-app/stats/7-eevp-statewide.py
Wrote data_output_with_margins.csv (copied from data_output_with_margins_old.csv)

$ /home/ubuntu/.venv/bin/python3 /home/ubuntu/apps/election-app/stats/7.py --input /home/ubuntu/apps/election-app/win_prob/G/WV/data_output_WV_with_margins_statewide_eevp.csv --output /home/ubuntu/apps/election-app/win_prob/G/WV/statewide_margin_pct_vs_percent_WV_2026.png --state WV --start 2024-11-05T15-30-22 --end 2024-11-05T15-30-22 --stats /home/ubuntu/apps/election-app/win_prob/G/WV/stats.csv --stats2 /home/ubuntu/apps/election-app/win_prob/G/WV/stats2.csv --interval 30 --year 2026 --jsonl /home/ubuntu/apps/election-app/win_prob/G/WV/plotdata_WV_2026_2026-01-24T09-48-50.jsonl
[info] evaluating 1 timestamps from 2024-11-05T15-30-22 to 2024-11-05T15-30-22 every 30 minutes
[saved] probs_timeseries_WV.csv  (1 points)
[saved] /home/ubuntu/apps/election-app/win_prob/G/WV/plotdata_WV_2026_2026-01-24T09-48-50.jsonl  (4 points)
[saved] /home/ubuntu/apps/election-app/win_prob/G/WV/statewide_margin_pct_vs_percent_WV_2026_box.json
[saved] /home/ubuntu/apps/election-app/win_prob/G/WV/statewide_margin_pct_vs_percent_WV_2026_box.png
[saved] /home/ubuntu/apps/election-app/win_prob/G/WV/statewide_margin_pct_vs_percent_WV_2026.png

All 50 states complete. See: /home/ubuntu/apps/election-app/win_prob/G/WV

$ /home/ubuntu/.venv/bin/python3 /home/ubuntu/apps/election-app/stats/8.py --root /home/ubuntu/apps/election-app/win_prob/G/WV/_work --outdir /home/ubuntu/apps/election-app/win_prob/G/WV
[info] root  = /home/ubuntu/apps/election-app/win_prob/G/WV/_work
[info] outdir= /home/ubuntu/apps/election-app/win_prob/G/WV
[deleted] /home/ubuntu/apps/election-app/win_prob/G/WV/_work/stats_with_statewide.csv
[deleted] /home/ubuntu/apps/election-app/win_prob/G/WV/_work/stats2_final_headers.csv
[deleted] /home/ubuntu/apps/election-app/win_prob/G/WV/_work/2024_county_results_with_final-old.csv
[deleted] /home/ubuntu/apps/election-app/win_prob/G/WV/_work/2024_county_results_with_final.csv
[deleted] /home/ubuntu/apps/election-app/win_prob/G/WV/_work/2024_county_results_with_final_1.csv
[deleted] /home/ubuntu/apps/election-app/win_prob/G/WV/_work/2024_county_results_with_calcs-old.csv
[deleted] /home/ubuntu/apps/election-app/win_prob/G/WV/_work/2024_county_results_with_calcs_new.csv
[deleted] /home/ubuntu/apps/election-app/win_prob/G/WV/_work/output_statewide_stats.csv
[skip]    /home/ubuntu/apps/election-app/win_prob/G/WV/_work/probs_timeseries_PA.csv
[deleted] /home/ubuntu/apps/election-app/win_prob/G/WV/_work/2024_county_results_with_calcs.csv
[skip]    /home/ubuntu/apps/election-app/win_prob/G/WV/data_output.csv
[skip]    /home/ubuntu/apps/election-app/win_prob/G/WV/data_output_with_margins_old.csv
[skip]    /home/ubuntu/apps/election-app/win_prob/G/WV/data_output_with_margins.csv
[skip]    /home/ubuntu/apps/election-app/win_prob/G/WV/data_output_with_margins-statewide.csv
[deleted] /home/ubuntu/apps/election-app/win_prob/G/WV/snapshots_WV.csv
[deleted] /home/ubuntu/apps/election-app/win_prob/G/WV/data_output_WV.csv
[deleted] /home/ubuntu/apps/election-app/win_prob/G/WV/data_output_WV_with_margins.csv
[deleted] /home/ubuntu/apps/election-app/win_prob/G/WV/data_output_WV_with_margins_statewide_eevp.csv
[deleted] /home/ubuntu/apps/election-app/win_prob/G/WV/data_output_WV.csv.checkpoint.json
[deleted] /home/ubuntu/apps/election-app/win_prob/G/WV/stats.csv
[deleted] /home/ubuntu/apps/election-app/win_prob/G/WV/stats2.csv
[done] removed 16 file(s)
[2026-01-24 09:55:52] INFO: [PIPELINE] args: office=G state=WV district=None
[2026-01-24 09:55:52] INFO: [PIPELINE] WINPROB_DIR resolved to: /home/ubuntu/apps/election-app/win_prob/G/WV
[2026-01-24 09:55:52] INFO: [PIPELINE] OUTDIR set to: /home/ubuntu/apps/election-app/win_prob/G/WV

$ /home/ubuntu/.venv/bin/python3 /home/ubuntu/apps/election-app/stats/1-statewide.py --input /home/ubuntu/apps/election-app/win_prob/G/WV/stats.csv --output /home/ubuntu/apps/election-app/win_prob/G/WV/_work/stats_with_statewide.csv
Wrote /home/ubuntu/apps/election-app/win_prob/G/WV/_work/stats_with_statewide.csv (rows=55)

$ /home/ubuntu/.venv/bin/python3 /home/ubuntu/apps/election-app/stats/1-stats-2.py --input /home/ubuntu/apps/election-app/win_prob/G/WV/stats2.csv --output /home/ubuntu/apps/election-app/win_prob/G/WV/_work/stats2_final_headers.csv
Wrote /home/ubuntu/apps/election-app/win_prob/G/WV/_work/stats2_final_headers.csv (rows=55)

$ /home/ubuntu/.venv/bin/python3 /home/ubuntu/apps/election-app/stats/1-append-new.py
Wrote 2024_county_results_with_final-old.csv (rows=55, missing_final_matches=0)

$ /home/ubuntu/.venv/bin/python3 /home/ubuntu/apps/election-app/stats/1-change_header.py
Wrote: 2024_county_results_with_final.csv

$ /home/ubuntu/.venv/bin/python3 /home/ubuntu/apps/election-app/stats/1-cut-zero-fips.py
Wrote: 2024_county_results_with_final_1.csv
Rows before: 55
Rows after:  55
Dropped (fips == 0): 0

$ /home/ubuntu/.venv/bin/python3 /home/ubuntu/apps/election-app/stats/2-calc.py
Wrote 55 rows with calculations to /home/ubuntu/apps/election-app/win_prob/G/WV/_work/2024_county_results_with_calcs-old.csv

$ /home/ubuntu/.venv/bin/python3 /home/ubuntu/apps/election-app/stats/2-eevp.py
Wrote (no-op copy): 2024_county_results_with_calcs.csv
Columns:
 - timestamp
 - state
 - county
 - fips
 - trump_votes
 - harris_votes
 - other_votes
 - eevp
 - state_eevp
 - harris_votes_statewide
 - trump_votes_statewide
 - other_votes_statewide
 - final_state
 - final_county
 - final_fips
 - final_trump_votes
 - final_harris_votes
 - final_other_votes
 - harris_percent_snapshot
 - trump_percent_snapshot
 - margin_snapshot
 - harris_percent_final
 - trump_percent_final
 - margin_final
 - margin_difference
 - margin_difference_abs

$ /home/ubuntu/.venv/bin/python3 /home/ubuntu/apps/election-app/stats/3-calc-new.py
Wrote 55 rows with new columns to /home/ubuntu/apps/election-app/win_prob/G/WV/_work/2024_county_results_with_calcs_new.csv

$ /home/ubuntu/.venv/bin/python3 /home/ubuntu/apps/election-app/stats/4-stats.py
Reading 2024_county_results_with_calcs_new.csv...
Aggregating statewide totals...
Calculating percentages and margins...
Writing to output_statewide_stats.csv...
Done!
[2026-01-24 09:56:02] INFO: [PIPELINE] ENTER win-prob generation | states=['WV'] ts_list=['2024-11-05T15-30-22']

============================================================================
[01/1] STATE = WV
============================================================================

$ /home/ubuntu/.venv/bin/python3 /home/ubuntu/apps/election-app/stats/5-snapshots.py --state WV --input /home/ubuntu/apps/election-app/win_prob/G/WV/_work/output_statewide_stats.csv --output /home/ubuntu/apps/election-app/win_prob/G/WV/snapshots_WV.csv --start 2024-11-05T15-30-22 --end 2024-11-05T15-30-22 --use-window 1 --interval 30
Mode: windowed-one-state
Rows written: 55
Distinct states in output: WV
Rows per normalized timestamp (empty = unparseable):
  2024-11-05T15-30-22: 55
Wrote /home/ubuntu/apps/election-app/win_prob/G/WV/snapshots_WV.csv

$ /home/ubuntu/.venv/bin/python3 /home/ubuntu/apps/election-app/stats/6-pval.py /home/ubuntu/apps/election-app/win_prob/G/WV/snapshots_WV.csv -t /home/ubuntu/apps/election-app/stats/parameters.csv -o /home/ubuntu/apps/election-app/win_prob/G/WV/data_output_WV.csv -c 50
Done. Wrote: /home/ubuntu/apps/election-app/win_prob/G/WV/data_output_WV.csv
Total rows: 55 (chunked, resumable).
Computed columns for PVALS = [0.01, 0.1, 1, 2, 3, 5, 10, 15, 20, 25, 30, 35, 40, 45, 50, 55, 60, 65, 70, 75, 80, 85, 90, 95, 97, 98, 99, 99.9, 99.99]
Per p (leader): shift_{p}, margin_new_{p}, harris_percent_new_{p}, trump_percent_new_{p}, total_snapshot_{p}, total_expected_{p}, harris_votes_new_{p}, trump_votes_new_{p}
Per p (trailing): shift_trailing_{p}, margin_new_{p}_trailing, harris_percent_new_{p}_trailing, trump_percent_new_{p}_trailing, total_snapshot_{p}_trailing, total_expected_{p}_trailing, harris_votes_new_{p}_trailing, trump_votes_new_{p}_trailing
Checkpoint saved at: /home/ubuntu/apps/election-app/win_prob/G/WV/data_output_WV.csv.checkpoint.json

$ /home/ubuntu/.venv/bin/python3 /home/ubuntu/apps/election-app/stats/7-margin-new.py
Wrote data_output_with_margins_old.csv

$ /home/ubuntu/.venv/bin/python3 /home/ubuntu/apps/election-app/stats/7-eevp-statewide.py
Wrote data_output_with_margins.csv (copied from data_output_with_margins_old.csv)

$ /home/ubuntu/.venv/bin/python3 /home/ubuntu/apps/election-app/stats/7.py --input /home/ubuntu/apps/election-app/win_prob/G/WV/data_output_WV_with_margins_statewide_eevp.csv --output /home/ubuntu/apps/election-app/win_prob/G/WV/statewide_margin_pct_vs_percent_WV_2026.png --state WV --start 2024-11-05T15-30-22 --end 2024-11-05T15-30-22 --stats /home/ubuntu/apps/election-app/win_prob/G/WV/stats.csv --stats2 /home/ubuntu/apps/election-app/win_prob/G/WV/stats2.csv --interval 30 --year 2026 --jsonl /home/ubuntu/apps/election-app/win_prob/G/WV/plotdata_WV_2026_2026-01-24T09-55-52.jsonl
[info] evaluating 1 timestamps from 2024-11-05T15-30-22 to 2024-11-05T15-30-22 every 30 minutes
[saved] probs_timeseries_WV.csv  (1 points)
[saved] /home/ubuntu/apps/election-app/win_prob/G/WV/plotdata_WV_2026_2026-01-24T09-55-52.jsonl  (4 points)
[saved] /home/ubuntu/apps/election-app/win_prob/G/WV/statewide_margin_pct_vs_percent_WV_2026_box.json
[saved] /home/ubuntu/apps/election-app/win_prob/G/WV/statewide_margin_pct_vs_percent_WV_2026_box.png
[saved] /home/ubuntu/apps/election-app/win_prob/G/WV/statewide_margin_pct_vs_percent_WV_2026.png

All 50 states complete. See: /home/ubuntu/apps/election-app/win_prob/G/WV

$ /home/ubuntu/.venv/bin/python3 /home/ubuntu/apps/election-app/stats/8.py --root /home/ubuntu/apps/election-app/win_prob/G/WV/_work --outdir /home/ubuntu/apps/election-app/win_prob/G/WV
[info] root  = /home/ubuntu/apps/election-app/win_prob/G/WV/_work
[info] outdir= /home/ubuntu/apps/election-app/win_prob/G/WV
[deleted] /home/ubuntu/apps/election-app/win_prob/G/WV/_work/stats_with_statewide.csv
[deleted] /home/ubuntu/apps/election-app/win_prob/G/WV/_work/stats2_final_headers.csv
[deleted] /home/ubuntu/apps/election-app/win_prob/G/WV/_work/2024_county_results_with_final-old.csv
[deleted] /home/ubuntu/apps/election-app/win_prob/G/WV/_work/2024_county_results_with_final.csv
[deleted] /home/ubuntu/apps/election-app/win_prob/G/WV/_work/2024_county_results_with_final_1.csv
[deleted] /home/ubuntu/apps/election-app/win_prob/G/WV/_work/2024_county_results_with_calcs-old.csv
[deleted] /home/ubuntu/apps/election-app/win_prob/G/WV/_work/2024_county_results_with_calcs_new.csv
[deleted] /home/ubuntu/apps/election-app/win_prob/G/WV/_work/output_statewide_stats.csv
[skip]    /home/ubuntu/apps/election-app/win_prob/G/WV/_work/probs_timeseries_PA.csv
[deleted] /home/ubuntu/apps/election-app/win_prob/G/WV/_work/2024_county_results_with_calcs.csv
[skip]    /home/ubuntu/apps/election-app/win_prob/G/WV/data_output.csv
[skip]    /home/ubuntu/apps/election-app/win_prob/G/WV/data_output_with_margins_old.csv
[skip]    /home/ubuntu/apps/election-app/win_prob/G/WV/data_output_with_margins.csv
[skip]    /home/ubuntu/apps/election-app/win_prob/G/WV/data_output_with_margins-statewide.csv
[deleted] /home/ubuntu/apps/election-app/win_prob/G/WV/snapshots_WV.csv
[deleted] /home/ubuntu/apps/election-app/win_prob/G/WV/data_output_WV.csv
[deleted] /home/ubuntu/apps/election-app/win_prob/G/WV/data_output_WV_with_margins.csv
[deleted] /home/ubuntu/apps/election-app/win_prob/G/WV/data_output_WV_with_margins_statewide_eevp.csv
[deleted] /home/ubuntu/apps/election-app/win_prob/G/WV/data_output_WV.csv.checkpoint.json
[deleted] /home/ubuntu/apps/election-app/win_prob/G/WV/stats.csv
[deleted] /home/ubuntu/apps/election-app/win_prob/G/WV/stats2.csv
[done] removed 16 file(s)
[2026-01-26 07:27:56] INFO: [PIPELINE] args: office=G state=WV district=None
[2026-01-26 07:27:56] INFO: [PIPELINE] WINPROB_DIR resolved to: /home/ubuntu/apps/election-app/win_prob/G/WV
[2026-01-26 07:27:56] INFO: [PIPELINE] OUTDIR set to: /home/ubuntu/apps/election-app/win_prob/G/WV

$ /home/ubuntu/.venv/bin/python3 /home/ubuntu/apps/election-app/stats/1-statewide.py --input /home/ubuntu/apps/election-app/win_prob/G/WV/stats.csv --output /home/ubuntu/apps/election-app/win_prob/G/WV/_work/stats_with_statewide.csv
Wrote /home/ubuntu/apps/election-app/win_prob/G/WV/_work/stats_with_statewide.csv (rows=55)

$ /home/ubuntu/.venv/bin/python3 /home/ubuntu/apps/election-app/stats/1-stats-2.py --input /home/ubuntu/apps/election-app/win_prob/G/WV/stats2.csv --output /home/ubuntu/apps/election-app/win_prob/G/WV/_work/stats2_final_headers.csv
Wrote /home/ubuntu/apps/election-app/win_prob/G/WV/_work/stats2_final_headers.csv (rows=55)

$ /home/ubuntu/.venv/bin/python3 /home/ubuntu/apps/election-app/stats/1-append-new.py
Wrote 2024_county_results_with_final-old.csv (rows=55, missing_final_matches=0)

$ /home/ubuntu/.venv/bin/python3 /home/ubuntu/apps/election-app/stats/1-change_header.py
Wrote: 2024_county_results_with_final.csv

$ /home/ubuntu/.venv/bin/python3 /home/ubuntu/apps/election-app/stats/1-cut-zero-fips.py
Wrote: 2024_county_results_with_final_1.csv
Rows before: 55
Rows after:  55
Dropped (fips == 0): 0

$ /home/ubuntu/.venv/bin/python3 /home/ubuntu/apps/election-app/stats/2-calc.py
Wrote 55 rows with calculations to /home/ubuntu/apps/election-app/win_prob/G/WV/_work/2024_county_results_with_calcs-old.csv

$ /home/ubuntu/.venv/bin/python3 /home/ubuntu/apps/election-app/stats/2-eevp.py
Wrote (no-op copy): 2024_county_results_with_calcs.csv
Columns:
 - timestamp
 - state
 - county
 - fips
 - trump_votes
 - harris_votes
 - other_votes
 - eevp
 - state_eevp
 - harris_votes_statewide
 - trump_votes_statewide
 - other_votes_statewide
 - final_state
 - final_county
 - final_fips
 - final_trump_votes
 - final_harris_votes
 - final_other_votes
 - harris_percent_snapshot
 - trump_percent_snapshot
 - margin_snapshot
 - harris_percent_final
 - trump_percent_final
 - margin_final
 - margin_difference
 - margin_difference_abs

$ /home/ubuntu/.venv/bin/python3 /home/ubuntu/apps/election-app/stats/3-calc-new.py
Wrote 55 rows with new columns to /home/ubuntu/apps/election-app/win_prob/G/WV/_work/2024_county_results_with_calcs_new.csv

$ /home/ubuntu/.venv/bin/python3 /home/ubuntu/apps/election-app/stats/4-stats.py
Reading 2024_county_results_with_calcs_new.csv...
Aggregating statewide totals...
Calculating percentages and margins...
Writing to output_statewide_stats.csv...
Done!
[2026-01-26 07:28:06] INFO: [PIPELINE] ENTER win-prob generation | states=['WV'] ts_list=['2024-11-05T15-30-22']

============================================================================
[01/1] STATE = WV
============================================================================

$ /home/ubuntu/.venv/bin/python3 /home/ubuntu/apps/election-app/stats/5-snapshots.py --state WV --input /home/ubuntu/apps/election-app/win_prob/G/WV/_work/output_statewide_stats.csv --output /home/ubuntu/apps/election-app/win_prob/G/WV/snapshots_WV.csv --start 2024-11-05T15-30-22 --end 2024-11-05T15-30-22 --use-window 1 --interval 30
Mode: windowed-one-state
Rows written: 55
Distinct states in output: WV
Rows per normalized timestamp (empty = unparseable):
  2024-11-05T15-30-22: 55
Wrote /home/ubuntu/apps/election-app/win_prob/G/WV/snapshots_WV.csv

$ /home/ubuntu/.venv/bin/python3 /home/ubuntu/apps/election-app/stats/6-pval.py /home/ubuntu/apps/election-app/win_prob/G/WV/snapshots_WV.csv -t /home/ubuntu/apps/election-app/stats/parameters.csv -o /home/ubuntu/apps/election-app/win_prob/G/WV/data_output_WV.csv -c 50
Done. Wrote: /home/ubuntu/apps/election-app/win_prob/G/WV/data_output_WV.csv
Total rows: 55 (chunked, resumable).
Computed columns for PVALS = [0.01, 0.1, 1, 2, 3, 5, 10, 15, 20, 25, 30, 35, 40, 45, 50, 55, 60, 65, 70, 75, 80, 85, 90, 95, 97, 98, 99, 99.9, 99.99]
Per p (leader): shift_{p}, margin_new_{p}, harris_percent_new_{p}, trump_percent_new_{p}, total_snapshot_{p}, total_expected_{p}, harris_votes_new_{p}, trump_votes_new_{p}
Per p (trailing): shift_trailing_{p}, margin_new_{p}_trailing, harris_percent_new_{p}_trailing, trump_percent_new_{p}_trailing, total_snapshot_{p}_trailing, total_expected_{p}_trailing, harris_votes_new_{p}_trailing, trump_votes_new_{p}_trailing
Checkpoint saved at: /home/ubuntu/apps/election-app/win_prob/G/WV/data_output_WV.csv.checkpoint.json

$ /home/ubuntu/.venv/bin/python3 /home/ubuntu/apps/election-app/stats/7-margin-new.py
Wrote data_output_with_margins_old.csv

$ /home/ubuntu/.venv/bin/python3 /home/ubuntu/apps/election-app/stats/7-eevp-statewide.py
Wrote data_output_with_margins.csv (copied from data_output_with_margins_old.csv)

$ /home/ubuntu/.venv/bin/python3 /home/ubuntu/apps/election-app/stats/7.py --input /home/ubuntu/apps/election-app/win_prob/G/WV/data_output_WV_with_margins_statewide_eevp.csv --output /home/ubuntu/apps/election-app/win_prob/G/WV/statewide_margin_pct_vs_percent_WV_2026.png --state WV --start 2024-11-05T15-30-22 --end 2024-11-05T15-30-22 --stats /home/ubuntu/apps/election-app/win_prob/G/WV/stats.csv --stats2 /home/ubuntu/apps/election-app/win_prob/G/WV/stats2.csv --interval 30 --year 2026 --jsonl /home/ubuntu/apps/election-app/win_prob/G/WV/plotdata_WV_2026_2026-01-26T07-27-56.jsonl
[info] evaluating 1 timestamps from 2024-11-05T15-30-22 to 2024-11-05T15-30-22 every 30 minutes
[saved] probs_timeseries_WV.csv  (1 points)
[saved] /home/ubuntu/apps/election-app/win_prob/G/WV/plotdata_WV_2026_2026-01-26T07-27-56.jsonl  (0 points)
[saved] /home/ubuntu/apps/election-app/win_prob/G/WV/statewide_margin_pct_vs_percent_WV_2026_box.json
[saved] /home/ubuntu/apps/election-app/win_prob/G/WV/statewide_margin_pct_vs_percent_WV_2026_box.png
[saved] /home/ubuntu/apps/election-app/win_prob/G/WV/statewide_margin_pct_vs_percent_WV_2026.png

All 50 states complete. See: /home/ubuntu/apps/election-app/win_prob/G/WV

$ /home/ubuntu/.venv/bin/python3 /home/ubuntu/apps/election-app/stats/8.py --root /home/ubuntu/apps/election-app/win_prob/G/WV/_work --outdir /home/ubuntu/apps/election-app/win_prob/G/WV
[info] root  = /home/ubuntu/apps/election-app/win_prob/G/WV/_work
[info] outdir= /home/ubuntu/apps/election-app/win_prob/G/WV
[deleted] /home/ubuntu/apps/election-app/win_prob/G/WV/_work/stats_with_statewide.csv
[deleted] /home/ubuntu/apps/election-app/win_prob/G/WV/_work/stats2_final_headers.csv
[deleted] /home/ubuntu/apps/election-app/win_prob/G/WV/_work/2024_county_results_with_final-old.csv
[deleted] /home/ubuntu/apps/election-app/win_prob/G/WV/_work/2024_county_results_with_final.csv
[deleted] /home/ubuntu/apps/election-app/win_prob/G/WV/_work/2024_county_results_with_final_1.csv
[deleted] /home/ubuntu/apps/election-app/win_prob/G/WV/_work/2024_county_results_with_calcs-old.csv
[deleted] /home/ubuntu/apps/election-app/win_prob/G/WV/_work/2024_county_results_with_calcs_new.csv
[deleted] /home/ubuntu/apps/election-app/win_prob/G/WV/_work/output_statewide_stats.csv
[skip]    /home/ubuntu/apps/election-app/win_prob/G/WV/_work/probs_timeseries_PA.csv
[deleted] /home/ubuntu/apps/election-app/win_prob/G/WV/_work/2024_county_results_with_calcs.csv
[skip]    /home/ubuntu/apps/election-app/win_prob/G/WV/data_output.csv
[skip]    /home/ubuntu/apps/election-app/win_prob/G/WV/data_output_with_margins_old.csv
[skip]    /home/ubuntu/apps/election-app/win_prob/G/WV/data_output_with_margins.csv
[skip]    /home/ubuntu/apps/election-app/win_prob/G/WV/data_output_with_margins-statewide.csv
[deleted] /home/ubuntu/apps/election-app/win_prob/G/WV/snapshots_WV.csv
[deleted] /home/ubuntu/apps/election-app/win_prob/G/WV/data_output_WV.csv
[deleted] /home/ubuntu/apps/election-app/win_prob/G/WV/data_output_WV_with_margins.csv
[deleted] /home/ubuntu/apps/election-app/win_prob/G/WV/data_output_WV_with_margins_statewide_eevp.csv
[deleted] /home/ubuntu/apps/election-app/win_prob/G/WV/data_output_WV.csv.checkpoint.json
[deleted] /home/ubuntu/apps/election-app/win_prob/G/WV/stats.csv
[deleted] /home/ubuntu/apps/election-app/win_prob/G/WV/stats2.csv
[done] removed 16 file(s)
[2026-01-26 07:34:57] INFO: [PIPELINE] args: office=G state=WV district=None
[2026-01-26 07:34:57] INFO: [PIPELINE] WINPROB_DIR resolved to: /home/ubuntu/apps/election-app/win_prob/G/WV
[2026-01-26 07:34:57] INFO: [PIPELINE] OUTDIR set to: /home/ubuntu/apps/election-app/win_prob/G/WV

$ /home/ubuntu/.venv/bin/python3 /home/ubuntu/apps/election-app/stats/1-statewide.py --input /home/ubuntu/apps/election-app/win_prob/G/WV/stats.csv --output /home/ubuntu/apps/election-app/win_prob/G/WV/_work/stats_with_statewide.csv
Wrote /home/ubuntu/apps/election-app/win_prob/G/WV/_work/stats_with_statewide.csv (rows=55)

$ /home/ubuntu/.venv/bin/python3 /home/ubuntu/apps/election-app/stats/1-stats-2.py --input /home/ubuntu/apps/election-app/win_prob/G/WV/stats2.csv --output /home/ubuntu/apps/election-app/win_prob/G/WV/_work/stats2_final_headers.csv
Wrote /home/ubuntu/apps/election-app/win_prob/G/WV/_work/stats2_final_headers.csv (rows=55)

$ /home/ubuntu/.venv/bin/python3 /home/ubuntu/apps/election-app/stats/1-append-new.py
Wrote 2024_county_results_with_final-old.csv (rows=55, missing_final_matches=0)

$ /home/ubuntu/.venv/bin/python3 /home/ubuntu/apps/election-app/stats/1-change_header.py
Wrote: 2024_county_results_with_final.csv

$ /home/ubuntu/.venv/bin/python3 /home/ubuntu/apps/election-app/stats/1-cut-zero-fips.py
Wrote: 2024_county_results_with_final_1.csv
Rows before: 55
Rows after:  55
Dropped (fips == 0): 0

$ /home/ubuntu/.venv/bin/python3 /home/ubuntu/apps/election-app/stats/2-calc.py
Wrote 55 rows with calculations to /home/ubuntu/apps/election-app/win_prob/G/WV/_work/2024_county_results_with_calcs-old.csv

$ /home/ubuntu/.venv/bin/python3 /home/ubuntu/apps/election-app/stats/2-eevp.py
Wrote (no-op copy): 2024_county_results_with_calcs.csv
Columns:
 - timestamp
 - state
 - county
 - fips
 - trump_votes
 - harris_votes
 - other_votes
 - eevp
 - state_eevp
 - harris_votes_statewide
 - trump_votes_statewide
 - other_votes_statewide
 - final_state
 - final_county
 - final_fips
 - final_trump_votes
 - final_harris_votes
 - final_other_votes
 - harris_percent_snapshot
 - trump_percent_snapshot
 - margin_snapshot
 - harris_percent_final
 - trump_percent_final
 - margin_final
 - margin_difference
 - margin_difference_abs

$ /home/ubuntu/.venv/bin/python3 /home/ubuntu/apps/election-app/stats/3-calc-new.py
Wrote 55 rows with new columns to /home/ubuntu/apps/election-app/win_prob/G/WV/_work/2024_county_results_with_calcs_new.csv

$ /home/ubuntu/.venv/bin/python3 /home/ubuntu/apps/election-app/stats/4-stats.py
Reading 2024_county_results_with_calcs_new.csv...
Aggregating statewide totals...
Calculating percentages and margins...
Writing to output_statewide_stats.csv...
Done!
[2026-01-26 07:35:08] INFO: [PIPELINE] ENTER win-prob generation | states=['WV'] ts_list=['2024-11-05T15-30-22']

============================================================================
[01/1] STATE = WV
============================================================================

$ /home/ubuntu/.venv/bin/python3 /home/ubuntu/apps/election-app/stats/5-snapshots.py --state WV --input /home/ubuntu/apps/election-app/win_prob/G/WV/_work/output_statewide_stats.csv --output /home/ubuntu/apps/election-app/win_prob/G/WV/snapshots_WV.csv --start 2024-11-05T15-30-22 --end 2024-11-05T15-30-22 --use-window 1 --interval 30
Mode: windowed-one-state
Rows written: 55
Distinct states in output: WV
Rows per normalized timestamp (empty = unparseable):
  2024-11-05T15-30-22: 55
Wrote /home/ubuntu/apps/election-app/win_prob/G/WV/snapshots_WV.csv

$ /home/ubuntu/.venv/bin/python3 /home/ubuntu/apps/election-app/stats/6-pval.py /home/ubuntu/apps/election-app/win_prob/G/WV/snapshots_WV.csv -t /home/ubuntu/apps/election-app/stats/parameters.csv -o /home/ubuntu/apps/election-app/win_prob/G/WV/data_output_WV.csv -c 50
Done. Wrote: /home/ubuntu/apps/election-app/win_prob/G/WV/data_output_WV.csv
Total rows: 55 (chunked, resumable).
Computed columns for PVALS = [0.01, 0.1, 1, 2, 3, 5, 10, 15, 20, 25, 30, 35, 40, 45, 50, 55, 60, 65, 70, 75, 80, 85, 90, 95, 97, 98, 99, 99.9, 99.99]
Per p (leader): shift_{p}, margin_new_{p}, harris_percent_new_{p}, trump_percent_new_{p}, total_snapshot_{p}, total_expected_{p}, harris_votes_new_{p}, trump_votes_new_{p}
Per p (trailing): shift_trailing_{p}, margin_new_{p}_trailing, harris_percent_new_{p}_trailing, trump_percent_new_{p}_trailing, total_snapshot_{p}_trailing, total_expected_{p}_trailing, harris_votes_new_{p}_trailing, trump_votes_new_{p}_trailing
Checkpoint saved at: /home/ubuntu/apps/election-app/win_prob/G/WV/data_output_WV.csv.checkpoint.json

$ /home/ubuntu/.venv/bin/python3 /home/ubuntu/apps/election-app/stats/7-margin-new.py
Wrote data_output_with_margins_old.csv

$ /home/ubuntu/.venv/bin/python3 /home/ubuntu/apps/election-app/stats/7-eevp-statewide.py
Wrote data_output_with_margins.csv (copied from data_output_with_margins_old.csv)

$ /home/ubuntu/.venv/bin/python3 /home/ubuntu/apps/election-app/stats/7.py --input /home/ubuntu/apps/election-app/win_prob/G/WV/data_output_WV_with_margins_statewide_eevp.csv --output /home/ubuntu/apps/election-app/win_prob/G/WV/statewide_margin_pct_vs_percent_WV_2026.png --state WV --start 2024-11-05T15-30-22 --end 2024-11-05T15-30-22 --stats /home/ubuntu/apps/election-app/win_prob/G/WV/stats.csv --stats2 /home/ubuntu/apps/election-app/win_prob/G/WV/stats2.csv --interval 30 --year 2026 --jsonl /home/ubuntu/apps/election-app/win_prob/G/WV/plotdata_WV_2026_2026-01-26T07-34-57.jsonl
[info] evaluating 1 timestamps from 2024-11-05T15-30-22 to 2024-11-05T15-30-22 every 30 minutes
[saved] probs_timeseries_WV.csv  (1 points)
[saved] /home/ubuntu/apps/election-app/win_prob/G/WV/plotdata_WV_2026_2026-01-26T07-34-57.jsonl  (4 points)
[saved] /home/ubuntu/apps/election-app/win_prob/G/WV/statewide_margin_pct_vs_percent_WV_2026_box.json
[saved] /home/ubuntu/apps/election-app/win_prob/G/WV/statewide_margin_pct_vs_percent_WV_2026_box.png
[saved] /home/ubuntu/apps/election-app/win_prob/G/WV/statewide_margin_pct_vs_percent_WV_2026.png

All 50 states complete. See: /home/ubuntu/apps/election-app/win_prob/G/WV

$ /home/ubuntu/.venv/bin/python3 /home/ubuntu/apps/election-app/stats/8.py --root /home/ubuntu/apps/election-app/win_prob/G/WV/_work --outdir /home/ubuntu/apps/election-app/win_prob/G/WV
[info] root  = /home/ubuntu/apps/election-app/win_prob/G/WV/_work
[info] outdir= /home/ubuntu/apps/election-app/win_prob/G/WV
[deleted] /home/ubuntu/apps/election-app/win_prob/G/WV/_work/stats_with_statewide.csv
[deleted] /home/ubuntu/apps/election-app/win_prob/G/WV/_work/stats2_final_headers.csv
[deleted] /home/ubuntu/apps/election-app/win_prob/G/WV/_work/2024_county_results_with_final-old.csv
[deleted] /home/ubuntu/apps/election-app/win_prob/G/WV/_work/2024_county_results_with_final.csv
[deleted] /home/ubuntu/apps/election-app/win_prob/G/WV/_work/2024_county_results_with_final_1.csv
[deleted] /home/ubuntu/apps/election-app/win_prob/G/WV/_work/2024_county_results_with_calcs-old.csv
[deleted] /home/ubuntu/apps/election-app/win_prob/G/WV/_work/2024_county_results_with_calcs_new.csv
[deleted] /home/ubuntu/apps/election-app/win_prob/G/WV/_work/output_statewide_stats.csv
[skip]    /home/ubuntu/apps/election-app/win_prob/G/WV/_work/probs_timeseries_PA.csv
[deleted] /home/ubuntu/apps/election-app/win_prob/G/WV/_work/2024_county_results_with_calcs.csv
[skip]    /home/ubuntu/apps/election-app/win_prob/G/WV/data_output.csv
[skip]    /home/ubuntu/apps/election-app/win_prob/G/WV/data_output_with_margins_old.csv
[skip]    /home/ubuntu/apps/election-app/win_prob/G/WV/data_output_with_margins.csv
[skip]    /home/ubuntu/apps/election-app/win_prob/G/WV/data_output_with_margins-statewide.csv
[deleted] /home/ubuntu/apps/election-app/win_prob/G/WV/snapshots_WV.csv
[deleted] /home/ubuntu/apps/election-app/win_prob/G/WV/data_output_WV.csv
[deleted] /home/ubuntu/apps/election-app/win_prob/G/WV/data_output_WV_with_margins.csv
[deleted] /home/ubuntu/apps/election-app/win_prob/G/WV/data_output_WV_with_margins_statewide_eevp.csv
[deleted] /home/ubuntu/apps/election-app/win_prob/G/WV/data_output_WV.csv.checkpoint.json
[deleted] /home/ubuntu/apps/election-app/win_prob/G/WV/stats.csv
[deleted] /home/ubuntu/apps/election-app/win_prob/G/WV/stats2.csv
[done] removed 16 file(s)
[2026-01-26 07:41:59] INFO: [PIPELINE] args: office=G state=WV district=None
[2026-01-26 07:41:59] INFO: [PIPELINE] WINPROB_DIR resolved to: /home/ubuntu/apps/election-app/win_prob/G/WV
[2026-01-26 07:41:59] INFO: [PIPELINE] OUTDIR set to: /home/ubuntu/apps/election-app/win_prob/G/WV

$ /home/ubuntu/.venv/bin/python3 /home/ubuntu/apps/election-app/stats/1-statewide.py --input /home/ubuntu/apps/election-app/win_prob/G/WV/stats.csv --output /home/ubuntu/apps/election-app/win_prob/G/WV/_work/stats_with_statewide.csv
Wrote /home/ubuntu/apps/election-app/win_prob/G/WV/_work/stats_with_statewide.csv (rows=55)

$ /home/ubuntu/.venv/bin/python3 /home/ubuntu/apps/election-app/stats/1-stats-2.py --input /home/ubuntu/apps/election-app/win_prob/G/WV/stats2.csv --output /home/ubuntu/apps/election-app/win_prob/G/WV/_work/stats2_final_headers.csv
Wrote /home/ubuntu/apps/election-app/win_prob/G/WV/_work/stats2_final_headers.csv (rows=55)

$ /home/ubuntu/.venv/bin/python3 /home/ubuntu/apps/election-app/stats/1-append-new.py
Wrote 2024_county_results_with_final-old.csv (rows=55, missing_final_matches=0)

$ /home/ubuntu/.venv/bin/python3 /home/ubuntu/apps/election-app/stats/1-change_header.py
Wrote: 2024_county_results_with_final.csv

$ /home/ubuntu/.venv/bin/python3 /home/ubuntu/apps/election-app/stats/1-cut-zero-fips.py
Wrote: 2024_county_results_with_final_1.csv
Rows before: 55
Rows after:  55
Dropped (fips == 0): 0

$ /home/ubuntu/.venv/bin/python3 /home/ubuntu/apps/election-app/stats/2-calc.py
Wrote 55 rows with calculations to /home/ubuntu/apps/election-app/win_prob/G/WV/_work/2024_county_results_with_calcs-old.csv

$ /home/ubuntu/.venv/bin/python3 /home/ubuntu/apps/election-app/stats/2-eevp.py
Wrote (no-op copy): 2024_county_results_with_calcs.csv
Columns:
 - timestamp
 - state
 - county
 - fips
 - trump_votes
 - harris_votes
 - other_votes
 - eevp
 - state_eevp
 - harris_votes_statewide
 - trump_votes_statewide
 - other_votes_statewide
 - final_state
 - final_county
 - final_fips
 - final_trump_votes
 - final_harris_votes
 - final_other_votes
 - harris_percent_snapshot
 - trump_percent_snapshot
 - margin_snapshot
 - harris_percent_final
 - trump_percent_final
 - margin_final
 - margin_difference
 - margin_difference_abs

$ /home/ubuntu/.venv/bin/python3 /home/ubuntu/apps/election-app/stats/3-calc-new.py
Wrote 55 rows with new columns to /home/ubuntu/apps/election-app/win_prob/G/WV/_work/2024_county_results_with_calcs_new.csv

$ /home/ubuntu/.venv/bin/python3 /home/ubuntu/apps/election-app/stats/4-stats.py
Reading 2024_county_results_with_calcs_new.csv...
Aggregating statewide totals...
Calculating percentages and margins...
Writing to output_statewide_stats.csv...
Done!
[2026-01-26 07:42:10] INFO: [PIPELINE] ENTER win-prob generation | states=['WV'] ts_list=['2024-11-05T15-30-22']

============================================================================
[01/1] STATE = WV
============================================================================

$ /home/ubuntu/.venv/bin/python3 /home/ubuntu/apps/election-app/stats/5-snapshots.py --state WV --input /home/ubuntu/apps/election-app/win_prob/G/WV/_work/output_statewide_stats.csv --output /home/ubuntu/apps/election-app/win_prob/G/WV/snapshots_WV.csv --start 2024-11-05T15-30-22 --end 2024-11-05T15-30-22 --use-window 1 --interval 30
Mode: windowed-one-state
Rows written: 55
Distinct states in output: WV
Rows per normalized timestamp (empty = unparseable):
  2024-11-05T15-30-22: 55
Wrote /home/ubuntu/apps/election-app/win_prob/G/WV/snapshots_WV.csv

$ /home/ubuntu/.venv/bin/python3 /home/ubuntu/apps/election-app/stats/6-pval.py /home/ubuntu/apps/election-app/win_prob/G/WV/snapshots_WV.csv -t /home/ubuntu/apps/election-app/stats/parameters.csv -o /home/ubuntu/apps/election-app/win_prob/G/WV/data_output_WV.csv -c 50
Done. Wrote: /home/ubuntu/apps/election-app/win_prob/G/WV/data_output_WV.csv
Total rows: 55 (chunked, resumable).
Computed columns for PVALS = [0.01, 0.1, 1, 2, 3, 5, 10, 15, 20, 25, 30, 35, 40, 45, 50, 55, 60, 65, 70, 75, 80, 85, 90, 95, 97, 98, 99, 99.9, 99.99]
Per p (leader): shift_{p}, margin_new_{p}, harris_percent_new_{p}, trump_percent_new_{p}, total_snapshot_{p}, total_expected_{p}, harris_votes_new_{p}, trump_votes_new_{p}
Per p (trailing): shift_trailing_{p}, margin_new_{p}_trailing, harris_percent_new_{p}_trailing, trump_percent_new_{p}_trailing, total_snapshot_{p}_trailing, total_expected_{p}_trailing, harris_votes_new_{p}_trailing, trump_votes_new_{p}_trailing
Checkpoint saved at: /home/ubuntu/apps/election-app/win_prob/G/WV/data_output_WV.csv.checkpoint.json

$ /home/ubuntu/.venv/bin/python3 /home/ubuntu/apps/election-app/stats/7-margin-new.py
Wrote data_output_with_margins_old.csv

$ /home/ubuntu/.venv/bin/python3 /home/ubuntu/apps/election-app/stats/7-eevp-statewide.py
Wrote data_output_with_margins.csv (copied from data_output_with_margins_old.csv)

$ /home/ubuntu/.venv/bin/python3 /home/ubuntu/apps/election-app/stats/7.py --input /home/ubuntu/apps/election-app/win_prob/G/WV/data_output_WV_with_margins_statewide_eevp.csv --output /home/ubuntu/apps/election-app/win_prob/G/WV/statewide_margin_pct_vs_percent_WV_2026.png --state WV --start 2024-11-05T15-30-22 --end 2024-11-05T15-30-22 --stats /home/ubuntu/apps/election-app/win_prob/G/WV/stats.csv --stats2 /home/ubuntu/apps/election-app/win_prob/G/WV/stats2.csv --interval 30 --year 2026 --jsonl /home/ubuntu/apps/election-app/win_prob/G/WV/plotdata_WV_2026_2026-01-26T07-41-59.jsonl
[info] evaluating 1 timestamps from 2024-11-05T15-30-22 to 2024-11-05T15-30-22 every 30 minutes
[saved] probs_timeseries_WV.csv  (1 points)
[saved] /home/ubuntu/apps/election-app/win_prob/G/WV/plotdata_WV_2026_2026-01-26T07-41-59.jsonl  (4 points)
[saved] /home/ubuntu/apps/election-app/win_prob/G/WV/statewide_margin_pct_vs_percent_WV_2026_box.json
[saved] /home/ubuntu/apps/election-app/win_prob/G/WV/statewide_margin_pct_vs_percent_WV_2026_box.png
[saved] /home/ubuntu/apps/election-app/win_prob/G/WV/statewide_margin_pct_vs_percent_WV_2026.png

All 50 states complete. See: /home/ubuntu/apps/election-app/win_prob/G/WV

$ /home/ubuntu/.venv/bin/python3 /home/ubuntu/apps/election-app/stats/8.py --root /home/ubuntu/apps/election-app/win_prob/G/WV/_work --outdir /home/ubuntu/apps/election-app/win_prob/G/WV
[info] root  = /home/ubuntu/apps/election-app/win_prob/G/WV/_work
[info] outdir= /home/ubuntu/apps/election-app/win_prob/G/WV
[deleted] /home/ubuntu/apps/election-app/win_prob/G/WV/_work/stats_with_statewide.csv
[deleted] /home/ubuntu/apps/election-app/win_prob/G/WV/_work/stats2_final_headers.csv
[deleted] /home/ubuntu/apps/election-app/win_prob/G/WV/_work/2024_county_results_with_final-old.csv
[deleted] /home/ubuntu/apps/election-app/win_prob/G/WV/_work/2024_county_results_with_final.csv
[deleted] /home/ubuntu/apps/election-app/win_prob/G/WV/_work/2024_county_results_with_final_1.csv
[deleted] /home/ubuntu/apps/election-app/win_prob/G/WV/_work/2024_county_results_with_calcs-old.csv
[deleted] /home/ubuntu/apps/election-app/win_prob/G/WV/_work/2024_county_results_with_calcs_new.csv
[deleted] /home/ubuntu/apps/election-app/win_prob/G/WV/_work/output_statewide_stats.csv
[skip]    /home/ubuntu/apps/election-app/win_prob/G/WV/_work/probs_timeseries_PA.csv
[deleted] /home/ubuntu/apps/election-app/win_prob/G/WV/_work/2024_county_results_with_calcs.csv
[skip]    /home/ubuntu/apps/election-app/win_prob/G/WV/data_output.csv
[skip]    /home/ubuntu/apps/election-app/win_prob/G/WV/data_output_with_margins_old.csv
[skip]    /home/ubuntu/apps/election-app/win_prob/G/WV/data_output_with_margins.csv
[skip]    /home/ubuntu/apps/election-app/win_prob/G/WV/data_output_with_margins-statewide.csv
[deleted] /home/ubuntu/apps/election-app/win_prob/G/WV/snapshots_WV.csv
[deleted] /home/ubuntu/apps/election-app/win_prob/G/WV/data_output_WV.csv
[deleted] /home/ubuntu/apps/election-app/win_prob/G/WV/data_output_WV_with_margins.csv
[deleted] /home/ubuntu/apps/election-app/win_prob/G/WV/data_output_WV_with_margins_statewide_eevp.csv
[deleted] /home/ubuntu/apps/election-app/win_prob/G/WV/data_output_WV.csv.checkpoint.json
[deleted] /home/ubuntu/apps/election-app/win_prob/G/WV/stats.csv
[deleted] /home/ubuntu/apps/election-app/win_prob/G/WV/stats2.csv
[done] removed 16 file(s)
[2026-01-26 07:49:01] INFO: [PIPELINE] args: office=G state=WV district=None
[2026-01-26 07:49:01] INFO: [PIPELINE] WINPROB_DIR resolved to: /home/ubuntu/apps/election-app/win_prob/G/WV
[2026-01-26 07:49:01] INFO: [PIPELINE] OUTDIR set to: /home/ubuntu/apps/election-app/win_prob/G/WV

$ /home/ubuntu/.venv/bin/python3 /home/ubuntu/apps/election-app/stats/1-statewide.py --input /home/ubuntu/apps/election-app/win_prob/G/WV/stats.csv --output /home/ubuntu/apps/election-app/win_prob/G/WV/_work/stats_with_statewide.csv
Wrote /home/ubuntu/apps/election-app/win_prob/G/WV/_work/stats_with_statewide.csv (rows=55)

$ /home/ubuntu/.venv/bin/python3 /home/ubuntu/apps/election-app/stats/1-stats-2.py --input /home/ubuntu/apps/election-app/win_prob/G/WV/stats2.csv --output /home/ubuntu/apps/election-app/win_prob/G/WV/_work/stats2_final_headers.csv
Wrote /home/ubuntu/apps/election-app/win_prob/G/WV/_work/stats2_final_headers.csv (rows=55)

$ /home/ubuntu/.venv/bin/python3 /home/ubuntu/apps/election-app/stats/1-append-new.py
Wrote 2024_county_results_with_final-old.csv (rows=55, missing_final_matches=0)

$ /home/ubuntu/.venv/bin/python3 /home/ubuntu/apps/election-app/stats/1-change_header.py
Wrote: 2024_county_results_with_final.csv

$ /home/ubuntu/.venv/bin/python3 /home/ubuntu/apps/election-app/stats/1-cut-zero-fips.py
Wrote: 2024_county_results_with_final_1.csv
Rows before: 55
Rows after:  55
Dropped (fips == 0): 0

$ /home/ubuntu/.venv/bin/python3 /home/ubuntu/apps/election-app/stats/2-calc.py
Wrote 55 rows with calculations to /home/ubuntu/apps/election-app/win_prob/G/WV/_work/2024_county_results_with_calcs-old.csv

$ /home/ubuntu/.venv/bin/python3 /home/ubuntu/apps/election-app/stats/2-eevp.py
Wrote (no-op copy): 2024_county_results_with_calcs.csv
Columns:
 - timestamp
 - state
 - county
 - fips
 - trump_votes
 - harris_votes
 - other_votes
 - eevp
 - state_eevp
 - harris_votes_statewide
 - trump_votes_statewide
 - other_votes_statewide
 - final_state
 - final_county
 - final_fips
 - final_trump_votes
 - final_harris_votes
 - final_other_votes
 - harris_percent_snapshot
 - trump_percent_snapshot
 - margin_snapshot
 - harris_percent_final
 - trump_percent_final
 - margin_final
 - margin_difference
 - margin_difference_abs

$ /home/ubuntu/.venv/bin/python3 /home/ubuntu/apps/election-app/stats/3-calc-new.py
Wrote 55 rows with new columns to /home/ubuntu/apps/election-app/win_prob/G/WV/_work/2024_county_results_with_calcs_new.csv

$ /home/ubuntu/.venv/bin/python3 /home/ubuntu/apps/election-app/stats/4-stats.py
Reading 2024_county_results_with_calcs_new.csv...
Aggregating statewide totals...
Calculating percentages and margins...
Writing to output_statewide_stats.csv...
Done!
[2026-01-26 07:49:12] INFO: [PIPELINE] ENTER win-prob generation | states=['WV'] ts_list=['2024-11-05T15-30-22']

============================================================================
[01/1] STATE = WV
============================================================================

$ /home/ubuntu/.venv/bin/python3 /home/ubuntu/apps/election-app/stats/5-snapshots.py --state WV --input /home/ubuntu/apps/election-app/win_prob/G/WV/_work/output_statewide_stats.csv --output /home/ubuntu/apps/election-app/win_prob/G/WV/snapshots_WV.csv --start 2024-11-05T15-30-22 --end 2024-11-05T15-30-22 --use-window 1 --interval 30
Mode: windowed-one-state
Rows written: 55
Distinct states in output: WV
Rows per normalized timestamp (empty = unparseable):
  2024-11-05T15-30-22: 55
Wrote /home/ubuntu/apps/election-app/win_prob/G/WV/snapshots_WV.csv

$ /home/ubuntu/.venv/bin/python3 /home/ubuntu/apps/election-app/stats/6-pval.py /home/ubuntu/apps/election-app/win_prob/G/WV/snapshots_WV.csv -t /home/ubuntu/apps/election-app/stats/parameters.csv -o /home/ubuntu/apps/election-app/win_prob/G/WV/data_output_WV.csv -c 50
Done. Wrote: /home/ubuntu/apps/election-app/win_prob/G/WV/data_output_WV.csv
Total rows: 55 (chunked, resumable).
Computed columns for PVALS = [0.01, 0.1, 1, 2, 3, 5, 10, 15, 20, 25, 30, 35, 40, 45, 50, 55, 60, 65, 70, 75, 80, 85, 90, 95, 97, 98, 99, 99.9, 99.99]
Per p (leader): shift_{p}, margin_new_{p}, harris_percent_new_{p}, trump_percent_new_{p}, total_snapshot_{p}, total_expected_{p}, harris_votes_new_{p}, trump_votes_new_{p}
Per p (trailing): shift_trailing_{p}, margin_new_{p}_trailing, harris_percent_new_{p}_trailing, trump_percent_new_{p}_trailing, total_snapshot_{p}_trailing, total_expected_{p}_trailing, harris_votes_new_{p}_trailing, trump_votes_new_{p}_trailing
Checkpoint saved at: /home/ubuntu/apps/election-app/win_prob/G/WV/data_output_WV.csv.checkpoint.json

$ /home/ubuntu/.venv/bin/python3 /home/ubuntu/apps/election-app/stats/7-margin-new.py
Wrote data_output_with_margins_old.csv

$ /home/ubuntu/.venv/bin/python3 /home/ubuntu/apps/election-app/stats/7-eevp-statewide.py
Wrote data_output_with_margins.csv (copied from data_output_with_margins_old.csv)

$ /home/ubuntu/.venv/bin/python3 /home/ubuntu/apps/election-app/stats/7.py --input /home/ubuntu/apps/election-app/win_prob/G/WV/data_output_WV_with_margins_statewide_eevp.csv --output /home/ubuntu/apps/election-app/win_prob/G/WV/statewide_margin_pct_vs_percent_WV_2026.png --state WV --start 2024-11-05T15-30-22 --end 2024-11-05T15-30-22 --stats /home/ubuntu/apps/election-app/win_prob/G/WV/stats.csv --stats2 /home/ubuntu/apps/election-app/win_prob/G/WV/stats2.csv --interval 30 --year 2026 --jsonl /home/ubuntu/apps/election-app/win_prob/G/WV/plotdata_WV_2026_2026-01-26T07-49-01.jsonl
[info] evaluating 1 timestamps from 2024-11-05T15-30-22 to 2024-11-05T15-30-22 every 30 minutes
[saved] probs_timeseries_WV.csv  (1 points)
[saved] /home/ubuntu/apps/election-app/win_prob/G/WV/plotdata_WV_2026_2026-01-26T07-49-01.jsonl  (4 points)
[saved] /home/ubuntu/apps/election-app/win_prob/G/WV/statewide_margin_pct_vs_percent_WV_2026_box.json
[saved] /home/ubuntu/apps/election-app/win_prob/G/WV/statewide_margin_pct_vs_percent_WV_2026_box.png
[saved] /home/ubuntu/apps/election-app/win_prob/G/WV/statewide_margin_pct_vs_percent_WV_2026.png

All 50 states complete. See: /home/ubuntu/apps/election-app/win_prob/G/WV

$ /home/ubuntu/.venv/bin/python3 /home/ubuntu/apps/election-app/stats/8.py --root /home/ubuntu/apps/election-app/win_prob/G/WV/_work --outdir /home/ubuntu/apps/election-app/win_prob/G/WV
[info] root  = /home/ubuntu/apps/election-app/win_prob/G/WV/_work
[info] outdir= /home/ubuntu/apps/election-app/win_prob/G/WV
[deleted] /home/ubuntu/apps/election-app/win_prob/G/WV/_work/stats_with_statewide.csv
[deleted] /home/ubuntu/apps/election-app/win_prob/G/WV/_work/stats2_final_headers.csv
[deleted] /home/ubuntu/apps/election-app/win_prob/G/WV/_work/2024_county_results_with_final-old.csv
[deleted] /home/ubuntu/apps/election-app/win_prob/G/WV/_work/2024_county_results_with_final.csv
[deleted] /home/ubuntu/apps/election-app/win_prob/G/WV/_work/2024_county_results_with_final_1.csv
[deleted] /home/ubuntu/apps/election-app/win_prob/G/WV/_work/2024_county_results_with_calcs-old.csv
[deleted] /home/ubuntu/apps/election-app/win_prob/G/WV/_work/2024_county_results_with_calcs_new.csv
[deleted] /home/ubuntu/apps/election-app/win_prob/G/WV/_work/output_statewide_stats.csv
[skip]    /home/ubuntu/apps/election-app/win_prob/G/WV/_work/probs_timeseries_PA.csv
[deleted] /home/ubuntu/apps/election-app/win_prob/G/WV/_work/2024_county_results_with_calcs.csv
[skip]    /home/ubuntu/apps/election-app/win_prob/G/WV/data_output.csv
[skip]    /home/ubuntu/apps/election-app/win_prob/G/WV/data_output_with_margins_old.csv
[skip]    /home/ubuntu/apps/election-app/win_prob/G/WV/data_output_with_margins.csv
[skip]    /home/ubuntu/apps/election-app/win_prob/G/WV/data_output_with_margins-statewide.csv
[deleted] /home/ubuntu/apps/election-app/win_prob/G/WV/snapshots_WV.csv
[deleted] /home/ubuntu/apps/election-app/win_prob/G/WV/data_output_WV.csv
[deleted] /home/ubuntu/apps/election-app/win_prob/G/WV/data_output_WV_with_margins.csv
[deleted] /home/ubuntu/apps/election-app/win_prob/G/WV/data_output_WV_with_margins_statewide_eevp.csv
[deleted] /home/ubuntu/apps/election-app/win_prob/G/WV/data_output_WV.csv.checkpoint.json
[deleted] /home/ubuntu/apps/election-app/win_prob/G/WV/stats.csv
[deleted] /home/ubuntu/apps/election-app/win_prob/G/WV/stats2.csv
[done] removed 16 file(s)
[2026-01-26 07:56:03] INFO: [PIPELINE] args: office=G state=WV district=None
[2026-01-26 07:56:03] INFO: [PIPELINE] WINPROB_DIR resolved to: /home/ubuntu/apps/election-app/win_prob/G/WV
[2026-01-26 07:56:03] INFO: [PIPELINE] OUTDIR set to: /home/ubuntu/apps/election-app/win_prob/G/WV

$ /home/ubuntu/.venv/bin/python3 /home/ubuntu/apps/election-app/stats/1-statewide.py --input /home/ubuntu/apps/election-app/win_prob/G/WV/stats.csv --output /home/ubuntu/apps/election-app/win_prob/G/WV/_work/stats_with_statewide.csv
Wrote /home/ubuntu/apps/election-app/win_prob/G/WV/_work/stats_with_statewide.csv (rows=55)

$ /home/ubuntu/.venv/bin/python3 /home/ubuntu/apps/election-app/stats/1-stats-2.py --input /home/ubuntu/apps/election-app/win_prob/G/WV/stats2.csv --output /home/ubuntu/apps/election-app/win_prob/G/WV/_work/stats2_final_headers.csv
Wrote /home/ubuntu/apps/election-app/win_prob/G/WV/_work/stats2_final_headers.csv (rows=55)

$ /home/ubuntu/.venv/bin/python3 /home/ubuntu/apps/election-app/stats/1-append-new.py
Wrote 2024_county_results_with_final-old.csv (rows=55, missing_final_matches=0)

$ /home/ubuntu/.venv/bin/python3 /home/ubuntu/apps/election-app/stats/1-change_header.py
Wrote: 2024_county_results_with_final.csv

$ /home/ubuntu/.venv/bin/python3 /home/ubuntu/apps/election-app/stats/1-cut-zero-fips.py
Wrote: 2024_county_results_with_final_1.csv
Rows before: 55
Rows after:  55
Dropped (fips == 0): 0

$ /home/ubuntu/.venv/bin/python3 /home/ubuntu/apps/election-app/stats/2-calc.py
Wrote 55 rows with calculations to /home/ubuntu/apps/election-app/win_prob/G/WV/_work/2024_county_results_with_calcs-old.csv

$ /home/ubuntu/.venv/bin/python3 /home/ubuntu/apps/election-app/stats/2-eevp.py
Wrote (no-op copy): 2024_county_results_with_calcs.csv
Columns:
 - timestamp
 - state
 - county
 - fips
 - trump_votes
 - harris_votes
 - other_votes
 - eevp
 - state_eevp
 - harris_votes_statewide
 - trump_votes_statewide
 - other_votes_statewide
 - final_state
 - final_county
 - final_fips
 - final_trump_votes
 - final_harris_votes
 - final_other_votes
 - harris_percent_snapshot
 - trump_percent_snapshot
 - margin_snapshot
 - harris_percent_final
 - trump_percent_final
 - margin_final
 - margin_difference
 - margin_difference_abs

$ /home/ubuntu/.venv/bin/python3 /home/ubuntu/apps/election-app/stats/3-calc-new.py
Wrote 55 rows with new columns to /home/ubuntu/apps/election-app/win_prob/G/WV/_work/2024_county_results_with_calcs_new.csv

$ /home/ubuntu/.venv/bin/python3 /home/ubuntu/apps/election-app/stats/4-stats.py
Reading 2024_county_results_with_calcs_new.csv...
Aggregating statewide totals...
Calculating percentages and margins...
Writing to output_statewide_stats.csv...
Done!
[2026-01-26 07:56:13] INFO: [PIPELINE] ENTER win-prob generation | states=['WV'] ts_list=['2024-11-05T15-30-22']

============================================================================
[01/1] STATE = WV
============================================================================

$ /home/ubuntu/.venv/bin/python3 /home/ubuntu/apps/election-app/stats/5-snapshots.py --state WV --input /home/ubuntu/apps/election-app/win_prob/G/WV/_work/output_statewide_stats.csv --output /home/ubuntu/apps/election-app/win_prob/G/WV/snapshots_WV.csv --start 2024-11-05T15-30-22 --end 2024-11-05T15-30-22 --use-window 1 --interval 30
Mode: windowed-one-state
Rows written: 55
Distinct states in output: WV
Rows per normalized timestamp (empty = unparseable):
  2024-11-05T15-30-22: 55
Wrote /home/ubuntu/apps/election-app/win_prob/G/WV/snapshots_WV.csv

$ /home/ubuntu/.venv/bin/python3 /home/ubuntu/apps/election-app/stats/6-pval.py /home/ubuntu/apps/election-app/win_prob/G/WV/snapshots_WV.csv -t /home/ubuntu/apps/election-app/stats/parameters.csv -o /home/ubuntu/apps/election-app/win_prob/G/WV/data_output_WV.csv -c 50
Done. Wrote: /home/ubuntu/apps/election-app/win_prob/G/WV/data_output_WV.csv
Total rows: 55 (chunked, resumable).
Computed columns for PVALS = [0.01, 0.1, 1, 2, 3, 5, 10, 15, 20, 25, 30, 35, 40, 45, 50, 55, 60, 65, 70, 75, 80, 85, 90, 95, 97, 98, 99, 99.9, 99.99]
Per p (leader): shift_{p}, margin_new_{p}, harris_percent_new_{p}, trump_percent_new_{p}, total_snapshot_{p}, total_expected_{p}, harris_votes_new_{p}, trump_votes_new_{p}
Per p (trailing): shift_trailing_{p}, margin_new_{p}_trailing, harris_percent_new_{p}_trailing, trump_percent_new_{p}_trailing, total_snapshot_{p}_trailing, total_expected_{p}_trailing, harris_votes_new_{p}_trailing, trump_votes_new_{p}_trailing
Checkpoint saved at: /home/ubuntu/apps/election-app/win_prob/G/WV/data_output_WV.csv.checkpoint.json

$ /home/ubuntu/.venv/bin/python3 /home/ubuntu/apps/election-app/stats/7-margin-new.py
Wrote data_output_with_margins_old.csv

$ /home/ubuntu/.venv/bin/python3 /home/ubuntu/apps/election-app/stats/7-eevp-statewide.py
Wrote data_output_with_margins.csv (copied from data_output_with_margins_old.csv)

$ /home/ubuntu/.venv/bin/python3 /home/ubuntu/apps/election-app/stats/7.py --input /home/ubuntu/apps/election-app/win_prob/G/WV/data_output_WV_with_margins_statewide_eevp.csv --output /home/ubuntu/apps/election-app/win_prob/G/WV/statewide_margin_pct_vs_percent_WV_2026.png --state WV --start 2024-11-05T15-30-22 --end 2024-11-05T15-30-22 --stats /home/ubuntu/apps/election-app/win_prob/G/WV/stats.csv --stats2 /home/ubuntu/apps/election-app/win_prob/G/WV/stats2.csv --interval 30 --year 2026 --jsonl /home/ubuntu/apps/election-app/win_prob/G/WV/plotdata_WV_2026_2026-01-26T07-56-03.jsonl
[info] evaluating 1 timestamps from 2024-11-05T15-30-22 to 2024-11-05T15-30-22 every 30 minutes
[saved] probs_timeseries_WV.csv  (1 points)
[saved] /home/ubuntu/apps/election-app/win_prob/G/WV/plotdata_WV_2026_2026-01-26T07-56-03.jsonl  (4 points)
[saved] /home/ubuntu/apps/election-app/win_prob/G/WV/statewide_margin_pct_vs_percent_WV_2026_box.json
[saved] /home/ubuntu/apps/election-app/win_prob/G/WV/statewide_margin_pct_vs_percent_WV_2026_box.png
[saved] /home/ubuntu/apps/election-app/win_prob/G/WV/statewide_margin_pct_vs_percent_WV_2026.png

All 50 states complete. See: /home/ubuntu/apps/election-app/win_prob/G/WV

$ /home/ubuntu/.venv/bin/python3 /home/ubuntu/apps/election-app/stats/8.py --root /home/ubuntu/apps/election-app/win_prob/G/WV/_work --outdir /home/ubuntu/apps/election-app/win_prob/G/WV
[info] root  = /home/ubuntu/apps/election-app/win_prob/G/WV/_work
[info] outdir= /home/ubuntu/apps/election-app/win_prob/G/WV
[deleted] /home/ubuntu/apps/election-app/win_prob/G/WV/_work/stats_with_statewide.csv
[deleted] /home/ubuntu/apps/election-app/win_prob/G/WV/_work/stats2_final_headers.csv
[deleted] /home/ubuntu/apps/election-app/win_prob/G/WV/_work/2024_county_results_with_final-old.csv
[deleted] /home/ubuntu/apps/election-app/win_prob/G/WV/_work/2024_county_results_with_final.csv
[deleted] /home/ubuntu/apps/election-app/win_prob/G/WV/_work/2024_county_results_with_final_1.csv
[deleted] /home/ubuntu/apps/election-app/win_prob/G/WV/_work/2024_county_results_with_calcs-old.csv
[deleted] /home/ubuntu/apps/election-app/win_prob/G/WV/_work/2024_county_results_with_calcs_new.csv
[deleted] /home/ubuntu/apps/election-app/win_prob/G/WV/_work/output_statewide_stats.csv
[skip]    /home/ubuntu/apps/election-app/win_prob/G/WV/_work/probs_timeseries_PA.csv
[deleted] /home/ubuntu/apps/election-app/win_prob/G/WV/_work/2024_county_results_with_calcs.csv
[skip]    /home/ubuntu/apps/election-app/win_prob/G/WV/data_output.csv
[skip]    /home/ubuntu/apps/election-app/win_prob/G/WV/data_output_with_margins_old.csv
[skip]    /home/ubuntu/apps/election-app/win_prob/G/WV/data_output_with_margins.csv
[skip]    /home/ubuntu/apps/election-app/win_prob/G/WV/data_output_with_margins-statewide.csv
[deleted] /home/ubuntu/apps/election-app/win_prob/G/WV/snapshots_WV.csv
[deleted] /home/ubuntu/apps/election-app/win_prob/G/WV/data_output_WV.csv
[deleted] /home/ubuntu/apps/election-app/win_prob/G/WV/data_output_WV_with_margins.csv
[deleted] /home/ubuntu/apps/election-app/win_prob/G/WV/data_output_WV_with_margins_statewide_eevp.csv
[deleted] /home/ubuntu/apps/election-app/win_prob/G/WV/data_output_WV.csv.checkpoint.json
[deleted] /home/ubuntu/apps/election-app/win_prob/G/WV/stats.csv
[deleted] /home/ubuntu/apps/election-app/win_prob/G/WV/stats2.csv
[done] removed 16 file(s)
[2026-01-26 08:03:05] INFO: [PIPELINE] args: office=G state=WV district=None
[2026-01-26 08:03:05] INFO: [PIPELINE] WINPROB_DIR resolved to: /home/ubuntu/apps/election-app/win_prob/G/WV
[2026-01-26 08:03:05] INFO: [PIPELINE] OUTDIR set to: /home/ubuntu/apps/election-app/win_prob/G/WV

$ /home/ubuntu/.venv/bin/python3 /home/ubuntu/apps/election-app/stats/1-statewide.py --input /home/ubuntu/apps/election-app/win_prob/G/WV/stats.csv --output /home/ubuntu/apps/election-app/win_prob/G/WV/_work/stats_with_statewide.csv
Wrote /home/ubuntu/apps/election-app/win_prob/G/WV/_work/stats_with_statewide.csv (rows=55)

$ /home/ubuntu/.venv/bin/python3 /home/ubuntu/apps/election-app/stats/1-stats-2.py --input /home/ubuntu/apps/election-app/win_prob/G/WV/stats2.csv --output /home/ubuntu/apps/election-app/win_prob/G/WV/_work/stats2_final_headers.csv
Wrote /home/ubuntu/apps/election-app/win_prob/G/WV/_work/stats2_final_headers.csv (rows=55)

$ /home/ubuntu/.venv/bin/python3 /home/ubuntu/apps/election-app/stats/1-append-new.py
Wrote 2024_county_results_with_final-old.csv (rows=55, missing_final_matches=0)

$ /home/ubuntu/.venv/bin/python3 /home/ubuntu/apps/election-app/stats/1-change_header.py
Wrote: 2024_county_results_with_final.csv

$ /home/ubuntu/.venv/bin/python3 /home/ubuntu/apps/election-app/stats/1-cut-zero-fips.py
Wrote: 2024_county_results_with_final_1.csv
Rows before: 55
Rows after:  55
Dropped (fips == 0): 0

$ /home/ubuntu/.venv/bin/python3 /home/ubuntu/apps/election-app/stats/2-calc.py
Wrote 55 rows with calculations to /home/ubuntu/apps/election-app/win_prob/G/WV/_work/2024_county_results_with_calcs-old.csv

$ /home/ubuntu/.venv/bin/python3 /home/ubuntu/apps/election-app/stats/2-eevp.py
Wrote (no-op copy): 2024_county_results_with_calcs.csv
Columns:
 - timestamp
 - state
 - county
 - fips
 - trump_votes
 - harris_votes
 - other_votes
 - eevp
 - state_eevp
 - harris_votes_statewide
 - trump_votes_statewide
 - other_votes_statewide
 - final_state
 - final_county
 - final_fips
 - final_trump_votes
 - final_harris_votes
 - final_other_votes
 - harris_percent_snapshot
 - trump_percent_snapshot
 - margin_snapshot
 - harris_percent_final
 - trump_percent_final
 - margin_final
 - margin_difference
 - margin_difference_abs

$ /home/ubuntu/.venv/bin/python3 /home/ubuntu/apps/election-app/stats/3-calc-new.py
Wrote 55 rows with new columns to /home/ubuntu/apps/election-app/win_prob/G/WV/_work/2024_county_results_with_calcs_new.csv

$ /home/ubuntu/.venv/bin/python3 /home/ubuntu/apps/election-app/stats/4-stats.py
Reading 2024_county_results_with_calcs_new.csv...
Aggregating statewide totals...
Calculating percentages and margins...
Writing to output_statewide_stats.csv...
Done!
[2026-01-26 08:03:15] INFO: [PIPELINE] ENTER win-prob generation | states=['WV'] ts_list=['2024-11-05T15-30-22']

============================================================================
[01/1] STATE = WV
============================================================================

$ /home/ubuntu/.venv/bin/python3 /home/ubuntu/apps/election-app/stats/5-snapshots.py --state WV --input /home/ubuntu/apps/election-app/win_prob/G/WV/_work/output_statewide_stats.csv --output /home/ubuntu/apps/election-app/win_prob/G/WV/snapshots_WV.csv --start 2024-11-05T15-30-22 --end 2024-11-05T15-30-22 --use-window 1 --interval 30
Mode: windowed-one-state
Rows written: 55
Distinct states in output: WV
Rows per normalized timestamp (empty = unparseable):
  2024-11-05T15-30-22: 55
Wrote /home/ubuntu/apps/election-app/win_prob/G/WV/snapshots_WV.csv

$ /home/ubuntu/.venv/bin/python3 /home/ubuntu/apps/election-app/stats/6-pval.py /home/ubuntu/apps/election-app/win_prob/G/WV/snapshots_WV.csv -t /home/ubuntu/apps/election-app/stats/parameters.csv -o /home/ubuntu/apps/election-app/win_prob/G/WV/data_output_WV.csv -c 50
Done. Wrote: /home/ubuntu/apps/election-app/win_prob/G/WV/data_output_WV.csv
Total rows: 55 (chunked, resumable).
Computed columns for PVALS = [0.01, 0.1, 1, 2, 3, 5, 10, 15, 20, 25, 30, 35, 40, 45, 50, 55, 60, 65, 70, 75, 80, 85, 90, 95, 97, 98, 99, 99.9, 99.99]
Per p (leader): shift_{p}, margin_new_{p}, harris_percent_new_{p}, trump_percent_new_{p}, total_snapshot_{p}, total_expected_{p}, harris_votes_new_{p}, trump_votes_new_{p}
Per p (trailing): shift_trailing_{p}, margin_new_{p}_trailing, harris_percent_new_{p}_trailing, trump_percent_new_{p}_trailing, total_snapshot_{p}_trailing, total_expected_{p}_trailing, harris_votes_new_{p}_trailing, trump_votes_new_{p}_trailing
Checkpoint saved at: /home/ubuntu/apps/election-app/win_prob/G/WV/data_output_WV.csv.checkpoint.json

$ /home/ubuntu/.venv/bin/python3 /home/ubuntu/apps/election-app/stats/7-margin-new.py
Wrote data_output_with_margins_old.csv

$ /home/ubuntu/.venv/bin/python3 /home/ubuntu/apps/election-app/stats/7-eevp-statewide.py
Wrote data_output_with_margins.csv (copied from data_output_with_margins_old.csv)

$ /home/ubuntu/.venv/bin/python3 /home/ubuntu/apps/election-app/stats/7.py --input /home/ubuntu/apps/election-app/win_prob/G/WV/data_output_WV_with_margins_statewide_eevp.csv --output /home/ubuntu/apps/election-app/win_prob/G/WV/statewide_margin_pct_vs_percent_WV_2026.png --state WV --start 2024-11-05T15-30-22 --end 2024-11-05T15-30-22 --stats /home/ubuntu/apps/election-app/win_prob/G/WV/stats.csv --stats2 /home/ubuntu/apps/election-app/win_prob/G/WV/stats2.csv --interval 30 --year 2026 --jsonl /home/ubuntu/apps/election-app/win_prob/G/WV/plotdata_WV_2026_2026-01-26T08-03-05.jsonl
[info] evaluating 1 timestamps from 2024-11-05T15-30-22 to 2024-11-05T15-30-22 every 30 minutes
[saved] probs_timeseries_WV.csv  (1 points)
[saved] /home/ubuntu/apps/election-app/win_prob/G/WV/plotdata_WV_2026_2026-01-26T08-03-05.jsonl  (4 points)
[saved] /home/ubuntu/apps/election-app/win_prob/G/WV/statewide_margin_pct_vs_percent_WV_2026_box.json
[saved] /home/ubuntu/apps/election-app/win_prob/G/WV/statewide_margin_pct_vs_percent_WV_2026_box.png
[saved] /home/ubuntu/apps/election-app/win_prob/G/WV/statewide_margin_pct_vs_percent_WV_2026.png

All 50 states complete. See: /home/ubuntu/apps/election-app/win_prob/G/WV

$ /home/ubuntu/.venv/bin/python3 /home/ubuntu/apps/election-app/stats/8.py --root /home/ubuntu/apps/election-app/win_prob/G/WV/_work --outdir /home/ubuntu/apps/election-app/win_prob/G/WV
[info] root  = /home/ubuntu/apps/election-app/win_prob/G/WV/_work
[info] outdir= /home/ubuntu/apps/election-app/win_prob/G/WV
[deleted] /home/ubuntu/apps/election-app/win_prob/G/WV/_work/stats_with_statewide.csv
[deleted] /home/ubuntu/apps/election-app/win_prob/G/WV/_work/stats2_final_headers.csv
[deleted] /home/ubuntu/apps/election-app/win_prob/G/WV/_work/2024_county_results_with_final-old.csv
[deleted] /home/ubuntu/apps/election-app/win_prob/G/WV/_work/2024_county_results_with_final.csv
[deleted] /home/ubuntu/apps/election-app/win_prob/G/WV/_work/2024_county_results_with_final_1.csv
[deleted] /home/ubuntu/apps/election-app/win_prob/G/WV/_work/2024_county_results_with_calcs-old.csv
[deleted] /home/ubuntu/apps/election-app/win_prob/G/WV/_work/2024_county_results_with_calcs_new.csv
[deleted] /home/ubuntu/apps/election-app/win_prob/G/WV/_work/output_statewide_stats.csv
[skip]    /home/ubuntu/apps/election-app/win_prob/G/WV/_work/probs_timeseries_PA.csv
[deleted] /home/ubuntu/apps/election-app/win_prob/G/WV/_work/2024_county_results_with_calcs.csv
[skip]    /home/ubuntu/apps/election-app/win_prob/G/WV/data_output.csv
[skip]    /home/ubuntu/apps/election-app/win_prob/G/WV/data_output_with_margins_old.csv
[skip]    /home/ubuntu/apps/election-app/win_prob/G/WV/data_output_with_margins.csv
[skip]    /home/ubuntu/apps/election-app/win_prob/G/WV/data_output_with_margins-statewide.csv
[deleted] /home/ubuntu/apps/election-app/win_prob/G/WV/snapshots_WV.csv
[deleted] /home/ubuntu/apps/election-app/win_prob/G/WV/data_output_WV.csv
[deleted] /home/ubuntu/apps/election-app/win_prob/G/WV/data_output_WV_with_margins.csv
[deleted] /home/ubuntu/apps/election-app/win_prob/G/WV/data_output_WV_with_margins_statewide_eevp.csv
[deleted] /home/ubuntu/apps/election-app/win_prob/G/WV/data_output_WV.csv.checkpoint.json
[deleted] /home/ubuntu/apps/election-app/win_prob/G/WV/stats.csv
[deleted] /home/ubuntu/apps/election-app/win_prob/G/WV/stats2.csv
[done] removed 16 file(s)
[2026-01-26 08:10:07] INFO: [PIPELINE] args: office=G state=WV district=None
[2026-01-26 08:10:07] INFO: [PIPELINE] WINPROB_DIR resolved to: /home/ubuntu/apps/election-app/win_prob/G/WV
[2026-01-26 08:10:07] INFO: [PIPELINE] OUTDIR set to: /home/ubuntu/apps/election-app/win_prob/G/WV

$ /home/ubuntu/.venv/bin/python3 /home/ubuntu/apps/election-app/stats/1-statewide.py --input /home/ubuntu/apps/election-app/win_prob/G/WV/stats.csv --output /home/ubuntu/apps/election-app/win_prob/G/WV/_work/stats_with_statewide.csv
Wrote /home/ubuntu/apps/election-app/win_prob/G/WV/_work/stats_with_statewide.csv (rows=55)

$ /home/ubuntu/.venv/bin/python3 /home/ubuntu/apps/election-app/stats/1-stats-2.py --input /home/ubuntu/apps/election-app/win_prob/G/WV/stats2.csv --output /home/ubuntu/apps/election-app/win_prob/G/WV/_work/stats2_final_headers.csv
Wrote /home/ubuntu/apps/election-app/win_prob/G/WV/_work/stats2_final_headers.csv (rows=55)

$ /home/ubuntu/.venv/bin/python3 /home/ubuntu/apps/election-app/stats/1-append-new.py
Wrote 2024_county_results_with_final-old.csv (rows=55, missing_final_matches=0)

$ /home/ubuntu/.venv/bin/python3 /home/ubuntu/apps/election-app/stats/1-change_header.py
Wrote: 2024_county_results_with_final.csv

$ /home/ubuntu/.venv/bin/python3 /home/ubuntu/apps/election-app/stats/1-cut-zero-fips.py
Wrote: 2024_county_results_with_final_1.csv
Rows before: 55
Rows after:  55
Dropped (fips == 0): 0

$ /home/ubuntu/.venv/bin/python3 /home/ubuntu/apps/election-app/stats/2-calc.py
Wrote 55 rows with calculations to /home/ubuntu/apps/election-app/win_prob/G/WV/_work/2024_county_results_with_calcs-old.csv

$ /home/ubuntu/.venv/bin/python3 /home/ubuntu/apps/election-app/stats/2-eevp.py
Wrote (no-op copy): 2024_county_results_with_calcs.csv
Columns:
 - timestamp
 - state
 - county
 - fips
 - trump_votes
 - harris_votes
 - other_votes
 - eevp
 - state_eevp
 - harris_votes_statewide
 - trump_votes_statewide
 - other_votes_statewide
 - final_state
 - final_county
 - final_fips
 - final_trump_votes
 - final_harris_votes
 - final_other_votes
 - harris_percent_snapshot
 - trump_percent_snapshot
 - margin_snapshot
 - harris_percent_final
 - trump_percent_final
 - margin_final
 - margin_difference
 - margin_difference_abs

$ /home/ubuntu/.venv/bin/python3 /home/ubuntu/apps/election-app/stats/3-calc-new.py
Wrote 55 rows with new columns to /home/ubuntu/apps/election-app/win_prob/G/WV/_work/2024_county_results_with_calcs_new.csv

$ /home/ubuntu/.venv/bin/python3 /home/ubuntu/apps/election-app/stats/4-stats.py
Reading 2024_county_results_with_calcs_new.csv...
Aggregating statewide totals...
Calculating percentages and margins...
Writing to output_statewide_stats.csv...
Done!
[2026-01-26 08:10:17] INFO: [PIPELINE] ENTER win-prob generation | states=['WV'] ts_list=['2024-11-05T15-30-22']

============================================================================
[01/1] STATE = WV
============================================================================

$ /home/ubuntu/.venv/bin/python3 /home/ubuntu/apps/election-app/stats/5-snapshots.py --state WV --input /home/ubuntu/apps/election-app/win_prob/G/WV/_work/output_statewide_stats.csv --output /home/ubuntu/apps/election-app/win_prob/G/WV/snapshots_WV.csv --start 2024-11-05T15-30-22 --end 2024-11-05T15-30-22 --use-window 1 --interval 30
Mode: windowed-one-state
Rows written: 55
Distinct states in output: WV
Rows per normalized timestamp (empty = unparseable):
  2024-11-05T15-30-22: 55
Wrote /home/ubuntu/apps/election-app/win_prob/G/WV/snapshots_WV.csv

$ /home/ubuntu/.venv/bin/python3 /home/ubuntu/apps/election-app/stats/6-pval.py /home/ubuntu/apps/election-app/win_prob/G/WV/snapshots_WV.csv -t /home/ubuntu/apps/election-app/stats/parameters.csv -o /home/ubuntu/apps/election-app/win_prob/G/WV/data_output_WV.csv -c 50
Done. Wrote: /home/ubuntu/apps/election-app/win_prob/G/WV/data_output_WV.csv
Total rows: 55 (chunked, resumable).
Computed columns for PVALS = [0.01, 0.1, 1, 2, 3, 5, 10, 15, 20, 25, 30, 35, 40, 45, 50, 55, 60, 65, 70, 75, 80, 85, 90, 95, 97, 98, 99, 99.9, 99.99]
Per p (leader): shift_{p}, margin_new_{p}, harris_percent_new_{p}, trump_percent_new_{p}, total_snapshot_{p}, total_expected_{p}, harris_votes_new_{p}, trump_votes_new_{p}
Per p (trailing): shift_trailing_{p}, margin_new_{p}_trailing, harris_percent_new_{p}_trailing, trump_percent_new_{p}_trailing, total_snapshot_{p}_trailing, total_expected_{p}_trailing, harris_votes_new_{p}_trailing, trump_votes_new_{p}_trailing
Checkpoint saved at: /home/ubuntu/apps/election-app/win_prob/G/WV/data_output_WV.csv.checkpoint.json

$ /home/ubuntu/.venv/bin/python3 /home/ubuntu/apps/election-app/stats/7-margin-new.py
Wrote data_output_with_margins_old.csv

$ /home/ubuntu/.venv/bin/python3 /home/ubuntu/apps/election-app/stats/7-eevp-statewide.py
Wrote data_output_with_margins.csv (copied from data_output_with_margins_old.csv)

$ /home/ubuntu/.venv/bin/python3 /home/ubuntu/apps/election-app/stats/7.py --input /home/ubuntu/apps/election-app/win_prob/G/WV/data_output_WV_with_margins_statewide_eevp.csv --output /home/ubuntu/apps/election-app/win_prob/G/WV/statewide_margin_pct_vs_percent_WV_2026.png --state WV --start 2024-11-05T15-30-22 --end 2024-11-05T15-30-22 --stats /home/ubuntu/apps/election-app/win_prob/G/WV/stats.csv --stats2 /home/ubuntu/apps/election-app/win_prob/G/WV/stats2.csv --interval 30 --year 2026 --jsonl /home/ubuntu/apps/election-app/win_prob/G/WV/plotdata_WV_2026_2026-01-26T08-10-07.jsonl
[info] evaluating 1 timestamps from 2024-11-05T15-30-22 to 2024-11-05T15-30-22 every 30 minutes
[saved] probs_timeseries_WV.csv  (1 points)
[saved] /home/ubuntu/apps/election-app/win_prob/G/WV/plotdata_WV_2026_2026-01-26T08-10-07.jsonl  (4 points)
[saved] /home/ubuntu/apps/election-app/win_prob/G/WV/statewide_margin_pct_vs_percent_WV_2026_box.json
[saved] /home/ubuntu/apps/election-app/win_prob/G/WV/statewide_margin_pct_vs_percent_WV_2026_box.png
[saved] /home/ubuntu/apps/election-app/win_prob/G/WV/statewide_margin_pct_vs_percent_WV_2026.png

All 50 states complete. See: /home/ubuntu/apps/election-app/win_prob/G/WV

$ /home/ubuntu/.venv/bin/python3 /home/ubuntu/apps/election-app/stats/8.py --root /home/ubuntu/apps/election-app/win_prob/G/WV/_work --outdir /home/ubuntu/apps/election-app/win_prob/G/WV
[info] root  = /home/ubuntu/apps/election-app/win_prob/G/WV/_work
[info] outdir= /home/ubuntu/apps/election-app/win_prob/G/WV
[deleted] /home/ubuntu/apps/election-app/win_prob/G/WV/_work/stats_with_statewide.csv
[deleted] /home/ubuntu/apps/election-app/win_prob/G/WV/_work/stats2_final_headers.csv
[deleted] /home/ubuntu/apps/election-app/win_prob/G/WV/_work/2024_county_results_with_final-old.csv
[deleted] /home/ubuntu/apps/election-app/win_prob/G/WV/_work/2024_county_results_with_final.csv
[deleted] /home/ubuntu/apps/election-app/win_prob/G/WV/_work/2024_county_results_with_final_1.csv
[deleted] /home/ubuntu/apps/election-app/win_prob/G/WV/_work/2024_county_results_with_calcs-old.csv
[deleted] /home/ubuntu/apps/election-app/win_prob/G/WV/_work/2024_county_results_with_calcs_new.csv
[deleted] /home/ubuntu/apps/election-app/win_prob/G/WV/_work/output_statewide_stats.csv
[skip]    /home/ubuntu/apps/election-app/win_prob/G/WV/_work/probs_timeseries_PA.csv
[deleted] /home/ubuntu/apps/election-app/win_prob/G/WV/_work/2024_county_results_with_calcs.csv
[skip]    /home/ubuntu/apps/election-app/win_prob/G/WV/data_output.csv
[skip]    /home/ubuntu/apps/election-app/win_prob/G/WV/data_output_with_margins_old.csv
[skip]    /home/ubuntu/apps/election-app/win_prob/G/WV/data_output_with_margins.csv
[skip]    /home/ubuntu/apps/election-app/win_prob/G/WV/data_output_with_margins-statewide.csv
[deleted] /home/ubuntu/apps/election-app/win_prob/G/WV/snapshots_WV.csv
[deleted] /home/ubuntu/apps/election-app/win_prob/G/WV/data_output_WV.csv
[deleted] /home/ubuntu/apps/election-app/win_prob/G/WV/data_output_WV_with_margins.csv
[deleted] /home/ubuntu/apps/election-app/win_prob/G/WV/data_output_WV_with_margins_statewide_eevp.csv
[deleted] /home/ubuntu/apps/election-app/win_prob/G/WV/data_output_WV.csv.checkpoint.json
[deleted] /home/ubuntu/apps/election-app/win_prob/G/WV/stats.csv
[deleted] /home/ubuntu/apps/election-app/win_prob/G/WV/stats2.csv
[done] removed 16 file(s)
[2026-01-26 08:17:08] INFO: [PIPELINE] args: office=G state=WV district=None
[2026-01-26 08:17:08] INFO: [PIPELINE] WINPROB_DIR resolved to: /home/ubuntu/apps/election-app/win_prob/G/WV
[2026-01-26 08:17:08] INFO: [PIPELINE] OUTDIR set to: /home/ubuntu/apps/election-app/win_prob/G/WV

$ /home/ubuntu/.venv/bin/python3 /home/ubuntu/apps/election-app/stats/1-statewide.py --input /home/ubuntu/apps/election-app/win_prob/G/WV/stats.csv --output /home/ubuntu/apps/election-app/win_prob/G/WV/_work/stats_with_statewide.csv
Wrote /home/ubuntu/apps/election-app/win_prob/G/WV/_work/stats_with_statewide.csv (rows=55)

$ /home/ubuntu/.venv/bin/python3 /home/ubuntu/apps/election-app/stats/1-stats-2.py --input /home/ubuntu/apps/election-app/win_prob/G/WV/stats2.csv --output /home/ubuntu/apps/election-app/win_prob/G/WV/_work/stats2_final_headers.csv
Wrote /home/ubuntu/apps/election-app/win_prob/G/WV/_work/stats2_final_headers.csv (rows=55)

$ /home/ubuntu/.venv/bin/python3 /home/ubuntu/apps/election-app/stats/1-append-new.py
Wrote 2024_county_results_with_final-old.csv (rows=55, missing_final_matches=0)

$ /home/ubuntu/.venv/bin/python3 /home/ubuntu/apps/election-app/stats/1-change_header.py
Wrote: 2024_county_results_with_final.csv

$ /home/ubuntu/.venv/bin/python3 /home/ubuntu/apps/election-app/stats/1-cut-zero-fips.py
Wrote: 2024_county_results_with_final_1.csv
Rows before: 55
Rows after:  55
Dropped (fips == 0): 0

$ /home/ubuntu/.venv/bin/python3 /home/ubuntu/apps/election-app/stats/2-calc.py
Wrote 55 rows with calculations to /home/ubuntu/apps/election-app/win_prob/G/WV/_work/2024_county_results_with_calcs-old.csv

$ /home/ubuntu/.venv/bin/python3 /home/ubuntu/apps/election-app/stats/2-eevp.py
Wrote (no-op copy): 2024_county_results_with_calcs.csv
Columns:
 - timestamp
 - state
 - county
 - fips
 - trump_votes
 - harris_votes
 - other_votes
 - eevp
 - state_eevp
 - harris_votes_statewide
 - trump_votes_statewide
 - other_votes_statewide
 - final_state
 - final_county
 - final_fips
 - final_trump_votes
 - final_harris_votes
 - final_other_votes
 - harris_percent_snapshot
 - trump_percent_snapshot
 - margin_snapshot
 - harris_percent_final
 - trump_percent_final
 - margin_final
 - margin_difference
 - margin_difference_abs

$ /home/ubuntu/.venv/bin/python3 /home/ubuntu/apps/election-app/stats/3-calc-new.py
Wrote 55 rows with new columns to /home/ubuntu/apps/election-app/win_prob/G/WV/_work/2024_county_results_with_calcs_new.csv

$ /home/ubuntu/.venv/bin/python3 /home/ubuntu/apps/election-app/stats/4-stats.py
Reading 2024_county_results_with_calcs_new.csv...
Aggregating statewide totals...
Calculating percentages and margins...
Writing to output_statewide_stats.csv...
Done!
[2026-01-26 08:17:19] INFO: [PIPELINE] ENTER win-prob generation | states=['WV'] ts_list=['2024-11-05T15-30-22']

============================================================================
[01/1] STATE = WV
============================================================================

$ /home/ubuntu/.venv/bin/python3 /home/ubuntu/apps/election-app/stats/5-snapshots.py --state WV --input /home/ubuntu/apps/election-app/win_prob/G/WV/_work/output_statewide_stats.csv --output /home/ubuntu/apps/election-app/win_prob/G/WV/snapshots_WV.csv --start 2024-11-05T15-30-22 --end 2024-11-05T15-30-22 --use-window 1 --interval 30
Mode: windowed-one-state
Rows written: 55
Distinct states in output: WV
Rows per normalized timestamp (empty = unparseable):
  2024-11-05T15-30-22: 55
Wrote /home/ubuntu/apps/election-app/win_prob/G/WV/snapshots_WV.csv

$ /home/ubuntu/.venv/bin/python3 /home/ubuntu/apps/election-app/stats/6-pval.py /home/ubuntu/apps/election-app/win_prob/G/WV/snapshots_WV.csv -t /home/ubuntu/apps/election-app/stats/parameters.csv -o /home/ubuntu/apps/election-app/win_prob/G/WV/data_output_WV.csv -c 50
Done. Wrote: /home/ubuntu/apps/election-app/win_prob/G/WV/data_output_WV.csv
Total rows: 55 (chunked, resumable).
Computed columns for PVALS = [0.01, 0.1, 1, 2, 3, 5, 10, 15, 20, 25, 30, 35, 40, 45, 50, 55, 60, 65, 70, 75, 80, 85, 90, 95, 97, 98, 99, 99.9, 99.99]
Per p (leader): shift_{p}, margin_new_{p}, harris_percent_new_{p}, trump_percent_new_{p}, total_snapshot_{p}, total_expected_{p}, harris_votes_new_{p}, trump_votes_new_{p}
Per p (trailing): shift_trailing_{p}, margin_new_{p}_trailing, harris_percent_new_{p}_trailing, trump_percent_new_{p}_trailing, total_snapshot_{p}_trailing, total_expected_{p}_trailing, harris_votes_new_{p}_trailing, trump_votes_new_{p}_trailing
Checkpoint saved at: /home/ubuntu/apps/election-app/win_prob/G/WV/data_output_WV.csv.checkpoint.json

$ /home/ubuntu/.venv/bin/python3 /home/ubuntu/apps/election-app/stats/7-margin-new.py
Wrote data_output_with_margins_old.csv

$ /home/ubuntu/.venv/bin/python3 /home/ubuntu/apps/election-app/stats/7-eevp-statewide.py
Wrote data_output_with_margins.csv (copied from data_output_with_margins_old.csv)

$ /home/ubuntu/.venv/bin/python3 /home/ubuntu/apps/election-app/stats/7.py --input /home/ubuntu/apps/election-app/win_prob/G/WV/data_output_WV_with_margins_statewide_eevp.csv --output /home/ubuntu/apps/election-app/win_prob/G/WV/statewide_margin_pct_vs_percent_WV_2026.png --state WV --start 2024-11-05T15-30-22 --end 2024-11-05T15-30-22 --stats /home/ubuntu/apps/election-app/win_prob/G/WV/stats.csv --stats2 /home/ubuntu/apps/election-app/win_prob/G/WV/stats2.csv --interval 30 --year 2026 --jsonl /home/ubuntu/apps/election-app/win_prob/G/WV/plotdata_WV_2026_2026-01-26T08-17-08.jsonl
[info] evaluating 1 timestamps from 2024-11-05T15-30-22 to 2024-11-05T15-30-22 every 30 minutes
[saved] probs_timeseries_WV.csv  (1 points)
[saved] /home/ubuntu/apps/election-app/win_prob/G/WV/plotdata_WV_2026_2026-01-26T08-17-08.jsonl  (4 points)
[saved] /home/ubuntu/apps/election-app/win_prob/G/WV/statewide_margin_pct_vs_percent_WV_2026_box.json
[saved] /home/ubuntu/apps/election-app/win_prob/G/WV/statewide_margin_pct_vs_percent_WV_2026_box.png
[saved] /home/ubuntu/apps/election-app/win_prob/G/WV/statewide_margin_pct_vs_percent_WV_2026.png

All 50 states complete. See: /home/ubuntu/apps/election-app/win_prob/G/WV

$ /home/ubuntu/.venv/bin/python3 /home/ubuntu/apps/election-app/stats/8.py --root /home/ubuntu/apps/election-app/win_prob/G/WV/_work --outdir /home/ubuntu/apps/election-app/win_prob/G/WV
[info] root  = /home/ubuntu/apps/election-app/win_prob/G/WV/_work
[info] outdir= /home/ubuntu/apps/election-app/win_prob/G/WV
[deleted] /home/ubuntu/apps/election-app/win_prob/G/WV/_work/stats_with_statewide.csv
[deleted] /home/ubuntu/apps/election-app/win_prob/G/WV/_work/stats2_final_headers.csv
[deleted] /home/ubuntu/apps/election-app/win_prob/G/WV/_work/2024_county_results_with_final-old.csv
[deleted] /home/ubuntu/apps/election-app/win_prob/G/WV/_work/2024_county_results_with_final.csv
[deleted] /home/ubuntu/apps/election-app/win_prob/G/WV/_work/2024_county_results_with_final_1.csv
[deleted] /home/ubuntu/apps/election-app/win_prob/G/WV/_work/2024_county_results_with_calcs-old.csv
[deleted] /home/ubuntu/apps/election-app/win_prob/G/WV/_work/2024_county_results_with_calcs_new.csv
[deleted] /home/ubuntu/apps/election-app/win_prob/G/WV/_work/output_statewide_stats.csv
[skip]    /home/ubuntu/apps/election-app/win_prob/G/WV/_work/probs_timeseries_PA.csv
[deleted] /home/ubuntu/apps/election-app/win_prob/G/WV/_work/2024_county_results_with_calcs.csv
[skip]    /home/ubuntu/apps/election-app/win_prob/G/WV/data_output.csv
[skip]    /home/ubuntu/apps/election-app/win_prob/G/WV/data_output_with_margins_old.csv
[skip]    /home/ubuntu/apps/election-app/win_prob/G/WV/data_output_with_margins.csv
[skip]    /home/ubuntu/apps/election-app/win_prob/G/WV/data_output_with_margins-statewide.csv
[deleted] /home/ubuntu/apps/election-app/win_prob/G/WV/snapshots_WV.csv
[deleted] /home/ubuntu/apps/election-app/win_prob/G/WV/data_output_WV.csv
[deleted] /home/ubuntu/apps/election-app/win_prob/G/WV/data_output_WV_with_margins.csv
[deleted] /home/ubuntu/apps/election-app/win_prob/G/WV/data_output_WV_with_margins_statewide_eevp.csv
[deleted] /home/ubuntu/apps/election-app/win_prob/G/WV/data_output_WV.csv.checkpoint.json
[deleted] /home/ubuntu/apps/election-app/win_prob/G/WV/stats.csv
[deleted] /home/ubuntu/apps/election-app/win_prob/G/WV/stats2.csv
[done] removed 16 file(s)
[2026-01-26 08:24:10] INFO: [PIPELINE] args: office=G state=WV district=None
[2026-01-26 08:24:10] INFO: [PIPELINE] WINPROB_DIR resolved to: /home/ubuntu/apps/election-app/win_prob/G/WV
[2026-01-26 08:24:10] INFO: [PIPELINE] OUTDIR set to: /home/ubuntu/apps/election-app/win_prob/G/WV

$ /home/ubuntu/.venv/bin/python3 /home/ubuntu/apps/election-app/stats/1-statewide.py --input /home/ubuntu/apps/election-app/win_prob/G/WV/stats.csv --output /home/ubuntu/apps/election-app/win_prob/G/WV/_work/stats_with_statewide.csv
Wrote /home/ubuntu/apps/election-app/win_prob/G/WV/_work/stats_with_statewide.csv (rows=55)

$ /home/ubuntu/.venv/bin/python3 /home/ubuntu/apps/election-app/stats/1-stats-2.py --input /home/ubuntu/apps/election-app/win_prob/G/WV/stats2.csv --output /home/ubuntu/apps/election-app/win_prob/G/WV/_work/stats2_final_headers.csv
Wrote /home/ubuntu/apps/election-app/win_prob/G/WV/_work/stats2_final_headers.csv (rows=55)

$ /home/ubuntu/.venv/bin/python3 /home/ubuntu/apps/election-app/stats/1-append-new.py
Wrote 2024_county_results_with_final-old.csv (rows=55, missing_final_matches=0)

$ /home/ubuntu/.venv/bin/python3 /home/ubuntu/apps/election-app/stats/1-change_header.py
Wrote: 2024_county_results_with_final.csv

$ /home/ubuntu/.venv/bin/python3 /home/ubuntu/apps/election-app/stats/1-cut-zero-fips.py
Wrote: 2024_county_results_with_final_1.csv
Rows before: 55
Rows after:  55
Dropped (fips == 0): 0

$ /home/ubuntu/.venv/bin/python3 /home/ubuntu/apps/election-app/stats/2-calc.py
Wrote 55 rows with calculations to /home/ubuntu/apps/election-app/win_prob/G/WV/_work/2024_county_results_with_calcs-old.csv

$ /home/ubuntu/.venv/bin/python3 /home/ubuntu/apps/election-app/stats/2-eevp.py
Wrote (no-op copy): 2024_county_results_with_calcs.csv
Columns:
 - timestamp
 - state
 - county
 - fips
 - trump_votes
 - harris_votes
 - other_votes
 - eevp
 - state_eevp
 - harris_votes_statewide
 - trump_votes_statewide
 - other_votes_statewide
 - final_state
 - final_county
 - final_fips
 - final_trump_votes
 - final_harris_votes
 - final_other_votes
 - harris_percent_snapshot
 - trump_percent_snapshot
 - margin_snapshot
 - harris_percent_final
 - trump_percent_final
 - margin_final
 - margin_difference
 - margin_difference_abs

$ /home/ubuntu/.venv/bin/python3 /home/ubuntu/apps/election-app/stats/3-calc-new.py
Wrote 55 rows with new columns to /home/ubuntu/apps/election-app/win_prob/G/WV/_work/2024_county_results_with_calcs_new.csv

$ /home/ubuntu/.venv/bin/python3 /home/ubuntu/apps/election-app/stats/4-stats.py
Reading 2024_county_results_with_calcs_new.csv...
Aggregating statewide totals...
Calculating percentages and margins...
Writing to output_statewide_stats.csv...
Done!
[2026-01-26 08:24:21] INFO: [PIPELINE] ENTER win-prob generation | states=['WV'] ts_list=['2024-11-05T15-30-22']

============================================================================
[01/1] STATE = WV
============================================================================

$ /home/ubuntu/.venv/bin/python3 /home/ubuntu/apps/election-app/stats/5-snapshots.py --state WV --input /home/ubuntu/apps/election-app/win_prob/G/WV/_work/output_statewide_stats.csv --output /home/ubuntu/apps/election-app/win_prob/G/WV/snapshots_WV.csv --start 2024-11-05T15-30-22 --end 2024-11-05T15-30-22 --use-window 1 --interval 30
Mode: windowed-one-state
Rows written: 55
Distinct states in output: WV
Rows per normalized timestamp (empty = unparseable):
  2024-11-05T15-30-22: 55
Wrote /home/ubuntu/apps/election-app/win_prob/G/WV/snapshots_WV.csv

$ /home/ubuntu/.venv/bin/python3 /home/ubuntu/apps/election-app/stats/6-pval.py /home/ubuntu/apps/election-app/win_prob/G/WV/snapshots_WV.csv -t /home/ubuntu/apps/election-app/stats/parameters.csv -o /home/ubuntu/apps/election-app/win_prob/G/WV/data_output_WV.csv -c 50
Done. Wrote: /home/ubuntu/apps/election-app/win_prob/G/WV/data_output_WV.csv
Total rows: 55 (chunked, resumable).
Computed columns for PVALS = [0.01, 0.1, 1, 2, 3, 5, 10, 15, 20, 25, 30, 35, 40, 45, 50, 55, 60, 65, 70, 75, 80, 85, 90, 95, 97, 98, 99, 99.9, 99.99]
Per p (leader): shift_{p}, margin_new_{p}, harris_percent_new_{p}, trump_percent_new_{p}, total_snapshot_{p}, total_expected_{p}, harris_votes_new_{p}, trump_votes_new_{p}
Per p (trailing): shift_trailing_{p}, margin_new_{p}_trailing, harris_percent_new_{p}_trailing, trump_percent_new_{p}_trailing, total_snapshot_{p}_trailing, total_expected_{p}_trailing, harris_votes_new_{p}_trailing, trump_votes_new_{p}_trailing
Checkpoint saved at: /home/ubuntu/apps/election-app/win_prob/G/WV/data_output_WV.csv.checkpoint.json

$ /home/ubuntu/.venv/bin/python3 /home/ubuntu/apps/election-app/stats/7-margin-new.py
Wrote data_output_with_margins_old.csv

$ /home/ubuntu/.venv/bin/python3 /home/ubuntu/apps/election-app/stats/7-eevp-statewide.py
Wrote data_output_with_margins.csv (copied from data_output_with_margins_old.csv)

$ /home/ubuntu/.venv/bin/python3 /home/ubuntu/apps/election-app/stats/7.py --input /home/ubuntu/apps/election-app/win_prob/G/WV/data_output_WV_with_margins_statewide_eevp.csv --output /home/ubuntu/apps/election-app/win_prob/G/WV/statewide_margin_pct_vs_percent_WV_2026.png --state WV --start 2024-11-05T15-30-22 --end 2024-11-05T15-30-22 --stats /home/ubuntu/apps/election-app/win_prob/G/WV/stats.csv --stats2 /home/ubuntu/apps/election-app/win_prob/G/WV/stats2.csv --interval 30 --year 2026 --jsonl /home/ubuntu/apps/election-app/win_prob/G/WV/plotdata_WV_2026_2026-01-26T08-24-10.jsonl
[info] evaluating 1 timestamps from 2024-11-05T15-30-22 to 2024-11-05T15-30-22 every 30 minutes
[saved] probs_timeseries_WV.csv  (1 points)
[saved] /home/ubuntu/apps/election-app/win_prob/G/WV/plotdata_WV_2026_2026-01-26T08-24-10.jsonl  (4 points)
[saved] /home/ubuntu/apps/election-app/win_prob/G/WV/statewide_margin_pct_vs_percent_WV_2026_box.json
[saved] /home/ubuntu/apps/election-app/win_prob/G/WV/statewide_margin_pct_vs_percent_WV_2026_box.png
[saved] /home/ubuntu/apps/election-app/win_prob/G/WV/statewide_margin_pct_vs_percent_WV_2026.png

All 50 states complete. See: /home/ubuntu/apps/election-app/win_prob/G/WV

$ /home/ubuntu/.venv/bin/python3 /home/ubuntu/apps/election-app/stats/8.py --root /home/ubuntu/apps/election-app/win_prob/G/WV/_work --outdir /home/ubuntu/apps/election-app/win_prob/G/WV
[info] root  = /home/ubuntu/apps/election-app/win_prob/G/WV/_work
[info] outdir= /home/ubuntu/apps/election-app/win_prob/G/WV
[deleted] /home/ubuntu/apps/election-app/win_prob/G/WV/_work/stats_with_statewide.csv
[deleted] /home/ubuntu/apps/election-app/win_prob/G/WV/_work/stats2_final_headers.csv
[deleted] /home/ubuntu/apps/election-app/win_prob/G/WV/_work/2024_county_results_with_final-old.csv
[deleted] /home/ubuntu/apps/election-app/win_prob/G/WV/_work/2024_county_results_with_final.csv
[deleted] /home/ubuntu/apps/election-app/win_prob/G/WV/_work/2024_county_results_with_final_1.csv
[deleted] /home/ubuntu/apps/election-app/win_prob/G/WV/_work/2024_county_results_with_calcs-old.csv
[deleted] /home/ubuntu/apps/election-app/win_prob/G/WV/_work/2024_county_results_with_calcs_new.csv
[deleted] /home/ubuntu/apps/election-app/win_prob/G/WV/_work/output_statewide_stats.csv
[skip]    /home/ubuntu/apps/election-app/win_prob/G/WV/_work/probs_timeseries_PA.csv
[deleted] /home/ubuntu/apps/election-app/win_prob/G/WV/_work/2024_county_results_with_calcs.csv
[skip]    /home/ubuntu/apps/election-app/win_prob/G/WV/data_output.csv
[skip]    /home/ubuntu/apps/election-app/win_prob/G/WV/data_output_with_margins_old.csv
[skip]    /home/ubuntu/apps/election-app/win_prob/G/WV/data_output_with_margins.csv
[skip]    /home/ubuntu/apps/election-app/win_prob/G/WV/data_output_with_margins-statewide.csv
[deleted] /home/ubuntu/apps/election-app/win_prob/G/WV/snapshots_WV.csv
[deleted] /home/ubuntu/apps/election-app/win_prob/G/WV/data_output_WV.csv
[deleted] /home/ubuntu/apps/election-app/win_prob/G/WV/data_output_WV_with_margins.csv
[deleted] /home/ubuntu/apps/election-app/win_prob/G/WV/data_output_WV_with_margins_statewide_eevp.csv
[deleted] /home/ubuntu/apps/election-app/win_prob/G/WV/data_output_WV.csv.checkpoint.json
[deleted] /home/ubuntu/apps/election-app/win_prob/G/WV/stats.csv
[deleted] /home/ubuntu/apps/election-app/win_prob/G/WV/stats2.csv
[done] removed 16 file(s)
[2026-02-04 16:45:33] INFO: [PIPELINE] args: office=G state=WV district=None
[2026-02-04 16:45:33] INFO: [PIPELINE] WINPROB_DIR resolved to: /home/ubuntu/apps/election-app/win_prob/G/WV
[2026-02-04 16:45:33] INFO: [PIPELINE] OUTDIR set to: /home/ubuntu/apps/election-app/win_prob/G/WV

$ /home/ubuntu/.venv/bin/python3 /home/ubuntu/apps/election-app/stats/1-statewide.py --input /home/ubuntu/apps/election-app/win_prob/G/WV/stats.csv --output /home/ubuntu/apps/election-app/win_prob/G/WV/_work/stats_with_statewide.csv
Wrote /home/ubuntu/apps/election-app/win_prob/G/WV/_work/stats_with_statewide.csv (rows=55)

$ /home/ubuntu/.venv/bin/python3 /home/ubuntu/apps/election-app/stats/1-stats-2.py --input /home/ubuntu/apps/election-app/win_prob/G/WV/stats2.csv --output /home/ubuntu/apps/election-app/win_prob/G/WV/_work/stats2_final_headers.csv
Wrote /home/ubuntu/apps/election-app/win_prob/G/WV/_work/stats2_final_headers.csv (rows=55)

$ /home/ubuntu/.venv/bin/python3 /home/ubuntu/apps/election-app/stats/1-append-new.py
Wrote 2024_county_results_with_final-old.csv (rows=55, missing_final_matches=0)

$ /home/ubuntu/.venv/bin/python3 /home/ubuntu/apps/election-app/stats/1-change_header.py
Wrote: 2024_county_results_with_final.csv

$ /home/ubuntu/.venv/bin/python3 /home/ubuntu/apps/election-app/stats/1-cut-zero-fips.py
Wrote: 2024_county_results_with_final_1.csv
Rows before: 55
Rows after:  55
Dropped (fips == 0): 0

$ /home/ubuntu/.venv/bin/python3 /home/ubuntu/apps/election-app/stats/2-calc.py
Wrote 55 rows with calculations to /home/ubuntu/apps/election-app/win_prob/G/WV/_work/2024_county_results_with_calcs-old.csv

$ /home/ubuntu/.venv/bin/python3 /home/ubuntu/apps/election-app/stats/2-eevp.py
Wrote (no-op copy): 2024_county_results_with_calcs.csv
Columns:
 - timestamp
 - state
 - county
 - fips
 - trump_votes
 - harris_votes
 - other_votes
 - eevp
 - state_eevp
 - harris_votes_statewide
 - trump_votes_statewide
 - other_votes_statewide
 - final_state
 - final_county
 - final_fips
 - final_trump_votes
 - final_harris_votes
 - final_other_votes
 - harris_percent_snapshot
 - trump_percent_snapshot
 - margin_snapshot
 - harris_percent_final
 - trump_percent_final
 - margin_final
 - margin_difference
 - margin_difference_abs

$ /home/ubuntu/.venv/bin/python3 /home/ubuntu/apps/election-app/stats/3-calc-new.py
Wrote 55 rows with new columns to /home/ubuntu/apps/election-app/win_prob/G/WV/_work/2024_county_results_with_calcs_new.csv

$ /home/ubuntu/.venv/bin/python3 /home/ubuntu/apps/election-app/stats/4-stats.py
Reading 2024_county_results_with_calcs_new.csv...
Aggregating statewide totals...
Calculating percentages and margins...
Writing to output_statewide_stats.csv...
Done!
[2026-02-04 16:45:43] INFO: [PIPELINE] ENTER win-prob generation | states=['WV'] ts_list=['2024-11-05T15-30-22']

============================================================================
[01/1] STATE = WV
============================================================================

$ /home/ubuntu/.venv/bin/python3 /home/ubuntu/apps/election-app/stats/5-snapshots.py --state WV --input /home/ubuntu/apps/election-app/win_prob/G/WV/_work/output_statewide_stats.csv --output /home/ubuntu/apps/election-app/win_prob/G/WV/snapshots_WV.csv --start 2024-11-05T15-30-22 --end 2024-11-05T15-30-22 --use-window 1 --interval 30
Mode: windowed-one-state
Rows written: 55
Distinct states in output: WV
Rows per normalized timestamp (empty = unparseable):
  2024-11-05T15-30-22: 55
Wrote /home/ubuntu/apps/election-app/win_prob/G/WV/snapshots_WV.csv

$ /home/ubuntu/.venv/bin/python3 /home/ubuntu/apps/election-app/stats/6-pval.py /home/ubuntu/apps/election-app/win_prob/G/WV/snapshots_WV.csv -t /home/ubuntu/apps/election-app/stats/parameters.csv -o /home/ubuntu/apps/election-app/win_prob/G/WV/data_output_WV.csv -c 50
Done. Wrote: /home/ubuntu/apps/election-app/win_prob/G/WV/data_output_WV.csv
Total rows: 55 (chunked, resumable).
Computed columns for PVALS = [0.01, 0.1, 1, 2, 3, 5, 10, 15, 20, 25, 30, 35, 40, 45, 50, 55, 60, 65, 70, 75, 80, 85, 90, 95, 97, 98, 99, 99.9, 99.99]
Per p (leader): shift_{p}, margin_new_{p}, harris_percent_new_{p}, trump_percent_new_{p}, total_snapshot_{p}, total_expected_{p}, harris_votes_new_{p}, trump_votes_new_{p}
Per p (trailing): shift_trailing_{p}, margin_new_{p}_trailing, harris_percent_new_{p}_trailing, trump_percent_new_{p}_trailing, total_snapshot_{p}_trailing, total_expected_{p}_trailing, harris_votes_new_{p}_trailing, trump_votes_new_{p}_trailing
Checkpoint saved at: /home/ubuntu/apps/election-app/win_prob/G/WV/data_output_WV.csv.checkpoint.json

$ /home/ubuntu/.venv/bin/python3 /home/ubuntu/apps/election-app/stats/7-margin-new.py
Wrote data_output_with_margins_old.csv

$ /home/ubuntu/.venv/bin/python3 /home/ubuntu/apps/election-app/stats/7-eevp-statewide.py
Wrote data_output_with_margins.csv (copied from data_output_with_margins_old.csv)

$ /home/ubuntu/.venv/bin/python3 /home/ubuntu/apps/election-app/stats/7.py --input /home/ubuntu/apps/election-app/win_prob/G/WV/data_output_WV_with_margins_statewide_eevp.csv --output /home/ubuntu/apps/election-app/win_prob/G/WV/statewide_margin_pct_vs_percent_WV_2026.png --state WV --start 2024-11-05T15-30-22 --end 2024-11-05T15-30-22 --stats /home/ubuntu/apps/election-app/win_prob/G/WV/stats.csv --stats2 /home/ubuntu/apps/election-app/win_prob/G/WV/stats2.csv --interval 30 --year 2026 --jsonl /home/ubuntu/apps/election-app/win_prob/G/WV/plotdata_WV_2026_2026-02-04T16-45-33.jsonl
[info] evaluating 1 timestamps from 2024-11-05T15-30-22 to 2024-11-05T15-30-22 every 30 minutes
[saved] probs_timeseries_WV.csv  (1 points)
[saved] /home/ubuntu/apps/election-app/win_prob/G/WV/plotdata_WV_2026_2026-02-04T16-45-33.jsonl  (4 points)
[saved] /home/ubuntu/apps/election-app/win_prob/G/WV/statewide_margin_pct_vs_percent_WV_2026_box.json
[saved] /home/ubuntu/apps/election-app/win_prob/G/WV/statewide_margin_pct_vs_percent_WV_2026_box.png
[saved] /home/ubuntu/apps/election-app/win_prob/G/WV/statewide_margin_pct_vs_percent_WV_2026.png

All 50 states complete. See: /home/ubuntu/apps/election-app/win_prob/G/WV

$ /home/ubuntu/.venv/bin/python3 /home/ubuntu/apps/election-app/stats/8.py --root /home/ubuntu/apps/election-app/win_prob/G/WV/_work --outdir /home/ubuntu/apps/election-app/win_prob/G/WV
[info] root  = /home/ubuntu/apps/election-app/win_prob/G/WV/_work
[info] outdir= /home/ubuntu/apps/election-app/win_prob/G/WV
[deleted] /home/ubuntu/apps/election-app/win_prob/G/WV/_work/stats_with_statewide.csv
[deleted] /home/ubuntu/apps/election-app/win_prob/G/WV/_work/stats2_final_headers.csv
[deleted] /home/ubuntu/apps/election-app/win_prob/G/WV/_work/2024_county_results_with_final-old.csv
[deleted] /home/ubuntu/apps/election-app/win_prob/G/WV/_work/2024_county_results_with_final.csv
[deleted] /home/ubuntu/apps/election-app/win_prob/G/WV/_work/2024_county_results_with_final_1.csv
[deleted] /home/ubuntu/apps/election-app/win_prob/G/WV/_work/2024_county_results_with_calcs-old.csv
[deleted] /home/ubuntu/apps/election-app/win_prob/G/WV/_work/2024_county_results_with_calcs_new.csv
[deleted] /home/ubuntu/apps/election-app/win_prob/G/WV/_work/output_statewide_stats.csv
[skip]    /home/ubuntu/apps/election-app/win_prob/G/WV/_work/probs_timeseries_PA.csv
[deleted] /home/ubuntu/apps/election-app/win_prob/G/WV/_work/2024_county_results_with_calcs.csv
[skip]    /home/ubuntu/apps/election-app/win_prob/G/WV/data_output.csv
[skip]    /home/ubuntu/apps/election-app/win_prob/G/WV/data_output_with_margins_old.csv
[skip]    /home/ubuntu/apps/election-app/win_prob/G/WV/data_output_with_margins.csv
[skip]    /home/ubuntu/apps/election-app/win_prob/G/WV/data_output_with_margins-statewide.csv
[deleted] /home/ubuntu/apps/election-app/win_prob/G/WV/snapshots_WV.csv
[deleted] /home/ubuntu/apps/election-app/win_prob/G/WV/data_output_WV.csv
[deleted] /home/ubuntu/apps/election-app/win_prob/G/WV/data_output_WV_with_margins.csv
[deleted] /home/ubuntu/apps/election-app/win_prob/G/WV/data_output_WV_with_margins_statewide_eevp.csv
[deleted] /home/ubuntu/apps/election-app/win_prob/G/WV/data_output_WV.csv.checkpoint.json
[deleted] /home/ubuntu/apps/election-app/win_prob/G/WV/stats.csv
[deleted] /home/ubuntu/apps/election-app/win_prob/G/WV/stats2.csv
[done] removed 16 file(s)
