[2026-01-23 18:16:40] INFO: [PIPELINE] args: office=H state=NY district=14
[2026-01-23 18:16:40] INFO: [PIPELINE] WINPROB_DIR resolved to: /home/ubuntu/apps/election-app/win_prob/H/NY/14
[2026-01-23 18:16:40] INFO: [PIPELINE] OUTDIR set to: /home/ubuntu/apps/election-app/win_prob/H/NY/14

$ /home/ubuntu/.venv/bin/python3 /home/ubuntu/apps/election-app/stats/1-statewide.py --input /home/ubuntu/apps/election-app/win_prob/H/NY/14/stats.csv --output /home/ubuntu/apps/election-app/win_prob/H/NY/14/_work/stats_with_statewide.csv
Wrote /home/ubuntu/apps/election-app/win_prob/H/NY/14/_work/stats_with_statewide.csv (rows=2)

$ /home/ubuntu/.venv/bin/python3 /home/ubuntu/apps/election-app/stats/1-stats-2.py --input /home/ubuntu/apps/election-app/win_prob/H/NY/14/stats2.csv --output /home/ubuntu/apps/election-app/win_prob/H/NY/14/_work/stats2_final_headers.csv
Wrote /home/ubuntu/apps/election-app/win_prob/H/NY/14/_work/stats2_final_headers.csv (rows=2)

$ /home/ubuntu/.venv/bin/python3 /home/ubuntu/apps/election-app/stats/1-append-new.py
Wrote 2024_county_results_with_final-old.csv (rows=2, missing_final_matches=0)

$ /home/ubuntu/.venv/bin/python3 /home/ubuntu/apps/election-app/stats/1-change_header.py
Wrote: 2024_county_results_with_final.csv

$ /home/ubuntu/.venv/bin/python3 /home/ubuntu/apps/election-app/stats/1-cut-zero-fips.py
Wrote: 2024_county_results_with_final_1.csv
Rows before: 2
Rows after:  2
Dropped (fips == 0): 0

$ /home/ubuntu/.venv/bin/python3 /home/ubuntu/apps/election-app/stats/2-calc.py
Wrote 2 rows with calculations to /home/ubuntu/apps/election-app/win_prob/H/NY/14/_work/2024_county_results_with_calcs-old.csv

$ /home/ubuntu/.venv/bin/python3 /home/ubuntu/apps/election-app/stats/2-eevp.py
Wrote (no-op copy): 2024_county_results_with_calcs.csv
Columns:
 - timestamp
 - state
 - county
 - fips
 - trump_votes
 - harris_votes
 - other_votes
 - eevp
 - state_eevp
 - harris_votes_statewide
 - trump_votes_statewide
 - other_votes_statewide
 - final_state
 - final_county
 - final_fips
 - final_trump_votes
 - final_harris_votes
 - final_other_votes
 - harris_percent_snapshot
 - trump_percent_snapshot
 - margin_snapshot
 - harris_percent_final
 - trump_percent_final
 - margin_final
 - margin_difference
 - margin_difference_abs

$ /home/ubuntu/.venv/bin/python3 /home/ubuntu/apps/election-app/stats/3-calc-new.py
Wrote 2 rows with new columns to /home/ubuntu/apps/election-app/win_prob/H/NY/14/_work/2024_county_results_with_calcs_new.csv

$ /home/ubuntu/.venv/bin/python3 /home/ubuntu/apps/election-app/stats/4-stats.py
Reading 2024_county_results_with_calcs_new.csv...
Aggregating statewide totals...
Calculating percentages and margins...
Writing to output_statewide_stats.csv...
Done!
[2026-01-23 18:16:51] INFO: [PIPELINE] ENTER win-prob generation | states=['NY'] ts_list=['2024-11-05T15-30-22']

============================================================================
[01/1] STATE = NY
============================================================================

$ /home/ubuntu/.venv/bin/python3 /home/ubuntu/apps/election-app/stats/5-snapshots.py --state NY --input /home/ubuntu/apps/election-app/win_prob/H/NY/14/_work/output_statewide_stats.csv --output /home/ubuntu/apps/election-app/win_prob/H/NY/14/snapshots_NY.csv --start 2024-11-05T15-30-22 --end 2024-11-05T15-30-22 --use-window 1 --interval 30
Mode: windowed-one-state
Rows written: 2
Distinct states in output: NY
Rows per normalized timestamp (empty = unparseable):
  2024-11-05T15-30-22: 2
Wrote /home/ubuntu/apps/election-app/win_prob/H/NY/14/snapshots_NY.csv

$ /home/ubuntu/.venv/bin/python3 /home/ubuntu/apps/election-app/stats/6-pval.py /home/ubuntu/apps/election-app/win_prob/H/NY/14/snapshots_NY.csv -t /home/ubuntu/apps/election-app/stats/parameters.csv -o /home/ubuntu/apps/election-app/win_prob/H/NY/14/data_output_NY.csv -c 50
Done. Wrote: /home/ubuntu/apps/election-app/win_prob/H/NY/14/data_output_NY.csv
Total rows: 2 (chunked, resumable).
Computed columns for PVALS = [0.01, 0.1, 1, 2, 3, 5, 10, 15, 20, 25, 30, 35, 40, 45, 50, 55, 60, 65, 70, 75, 80, 85, 90, 95, 97, 98, 99, 99.9, 99.99]
Per p (leader): shift_{p}, margin_new_{p}, harris_percent_new_{p}, trump_percent_new_{p}, total_snapshot_{p}, total_expected_{p}, harris_votes_new_{p}, trump_votes_new_{p}
Per p (trailing): shift_trailing_{p}, margin_new_{p}_trailing, harris_percent_new_{p}_trailing, trump_percent_new_{p}_trailing, total_snapshot_{p}_trailing, total_expected_{p}_trailing, harris_votes_new_{p}_trailing, trump_votes_new_{p}_trailing
Checkpoint saved at: /home/ubuntu/apps/election-app/win_prob/H/NY/14/data_output_NY.csv.checkpoint.json

$ /home/ubuntu/.venv/bin/python3 /home/ubuntu/apps/election-app/stats/7-margin-new.py
Wrote data_output_with_margins_old.csv

$ /home/ubuntu/.venv/bin/python3 /home/ubuntu/apps/election-app/stats/7-eevp-statewide.py
Wrote data_output_with_margins.csv (copied from data_output_with_margins_old.csv)

$ /home/ubuntu/.venv/bin/python3 /home/ubuntu/apps/election-app/stats/7.py --input /home/ubuntu/apps/election-app/win_prob/H/NY/14/data_output_NY_with_margins_statewide_eevp.csv --output /home/ubuntu/apps/election-app/win_prob/H/NY/14/statewide_margin_pct_vs_percent_NY_2026.png --state NY --start 2024-11-05T15-30-22 --end 2024-11-05T15-30-22 --stats /home/ubuntu/apps/election-app/win_prob/H/NY/14/stats.csv --stats2 /home/ubuntu/apps/election-app/win_prob/H/NY/14/stats2.csv --interval 30 --year 2026 --jsonl /home/ubuntu/apps/election-app/win_prob/H/NY/14/plotdata_NY_2026_2026-01-23T18-16-40.jsonl
[info] evaluating 1 timestamps from 2024-11-05T15-30-22 to 2024-11-05T15-30-22 every 30 minutes
[saved] probs_timeseries_NY.csv  (1 points)
[saved] /home/ubuntu/apps/election-app/win_prob/H/NY/14/plotdata_NY_2026_2026-01-23T18-16-40.jsonl  (0 points)
[saved] /home/ubuntu/apps/election-app/win_prob/H/NY/14/statewide_margin_pct_vs_percent_NY_2026_box.json
[saved] /home/ubuntu/apps/election-app/win_prob/H/NY/14/statewide_margin_pct_vs_percent_NY_2026_box.png
[saved] /home/ubuntu/apps/election-app/win_prob/H/NY/14/statewide_margin_pct_vs_percent_NY_2026.png

All 50 states complete. See: /home/ubuntu/apps/election-app/win_prob/H/NY/14

$ /home/ubuntu/.venv/bin/python3 /home/ubuntu/apps/election-app/stats/8.py --root /home/ubuntu/apps/election-app/win_prob/H/NY/14/_work --outdir /home/ubuntu/apps/election-app/win_prob/H/NY/14
[info] root  = /home/ubuntu/apps/election-app/win_prob/H/NY/14/_work
[info] outdir= /home/ubuntu/apps/election-app/win_prob/H/NY/14
[deleted] /home/ubuntu/apps/election-app/win_prob/H/NY/14/_work/stats_with_statewide.csv
[deleted] /home/ubuntu/apps/election-app/win_prob/H/NY/14/_work/stats2_final_headers.csv
[deleted] /home/ubuntu/apps/election-app/win_prob/H/NY/14/_work/2024_county_results_with_final-old.csv
[deleted] /home/ubuntu/apps/election-app/win_prob/H/NY/14/_work/2024_county_results_with_final.csv
[deleted] /home/ubuntu/apps/election-app/win_prob/H/NY/14/_work/2024_county_results_with_final_1.csv
[deleted] /home/ubuntu/apps/election-app/win_prob/H/NY/14/_work/2024_county_results_with_calcs-old.csv
[deleted] /home/ubuntu/apps/election-app/win_prob/H/NY/14/_work/2024_county_results_with_calcs_new.csv
[deleted] /home/ubuntu/apps/election-app/win_prob/H/NY/14/_work/output_statewide_stats.csv
[skip]    /home/ubuntu/apps/election-app/win_prob/H/NY/14/_work/probs_timeseries_PA.csv
[deleted] /home/ubuntu/apps/election-app/win_prob/H/NY/14/_work/2024_county_results_with_calcs.csv
[skip]    /home/ubuntu/apps/election-app/win_prob/H/NY/14/data_output.csv
[skip]    /home/ubuntu/apps/election-app/win_prob/H/NY/14/data_output_with_margins_old.csv
[skip]    /home/ubuntu/apps/election-app/win_prob/H/NY/14/data_output_with_margins.csv
[skip]    /home/ubuntu/apps/election-app/win_prob/H/NY/14/data_output_with_margins-statewide.csv
[deleted] /home/ubuntu/apps/election-app/win_prob/H/NY/14/snapshots_NY.csv
[deleted] /home/ubuntu/apps/election-app/win_prob/H/NY/14/data_output_NY_with_margins.csv
[deleted] /home/ubuntu/apps/election-app/win_prob/H/NY/14/data_output_NY_with_margins_statewide_eevp.csv
[deleted] /home/ubuntu/apps/election-app/win_prob/H/NY/14/data_output_NY.csv
[deleted] /home/ubuntu/apps/election-app/win_prob/H/NY/14/data_output_NY.csv.checkpoint.json
[deleted] /home/ubuntu/apps/election-app/win_prob/H/NY/14/stats.csv
[deleted] /home/ubuntu/apps/election-app/win_prob/H/NY/14/stats2.csv
[done] removed 16 file(s)
[2026-01-23 18:30:28] INFO: [PIPELINE] args: office=H state=NY district=14
[2026-01-23 18:30:28] INFO: [PIPELINE] WINPROB_DIR resolved to: /home/ubuntu/apps/election-app/win_prob/H/NY/14
[2026-01-23 18:30:28] INFO: [PIPELINE] OUTDIR set to: /home/ubuntu/apps/election-app/win_prob/H/NY/14

$ /home/ubuntu/.venv/bin/python3 /home/ubuntu/apps/election-app/stats/1-statewide.py --input /home/ubuntu/apps/election-app/win_prob/H/NY/14/stats.csv --output /home/ubuntu/apps/election-app/win_prob/H/NY/14/_work/stats_with_statewide.csv
Wrote /home/ubuntu/apps/election-app/win_prob/H/NY/14/_work/stats_with_statewide.csv (rows=2)

$ /home/ubuntu/.venv/bin/python3 /home/ubuntu/apps/election-app/stats/1-stats-2.py --input /home/ubuntu/apps/election-app/win_prob/H/NY/14/stats2.csv --output /home/ubuntu/apps/election-app/win_prob/H/NY/14/_work/stats2_final_headers.csv
Wrote /home/ubuntu/apps/election-app/win_prob/H/NY/14/_work/stats2_final_headers.csv (rows=2)

$ /home/ubuntu/.venv/bin/python3 /home/ubuntu/apps/election-app/stats/1-append-new.py
Wrote 2024_county_results_with_final-old.csv (rows=2, missing_final_matches=0)

$ /home/ubuntu/.venv/bin/python3 /home/ubuntu/apps/election-app/stats/1-change_header.py
Wrote: 2024_county_results_with_final.csv

$ /home/ubuntu/.venv/bin/python3 /home/ubuntu/apps/election-app/stats/1-cut-zero-fips.py
Wrote: 2024_county_results_with_final_1.csv
Rows before: 2
Rows after:  2
Dropped (fips == 0): 0

$ /home/ubuntu/.venv/bin/python3 /home/ubuntu/apps/election-app/stats/2-calc.py
Wrote 2 rows with calculations to /home/ubuntu/apps/election-app/win_prob/H/NY/14/_work/2024_county_results_with_calcs-old.csv

$ /home/ubuntu/.venv/bin/python3 /home/ubuntu/apps/election-app/stats/2-eevp.py
Wrote (no-op copy): 2024_county_results_with_calcs.csv
Columns:
 - timestamp
 - state
 - county
 - fips
 - trump_votes
 - harris_votes
 - other_votes
 - eevp
 - state_eevp
 - harris_votes_statewide
 - trump_votes_statewide
 - other_votes_statewide
 - final_state
 - final_county
 - final_fips
 - final_trump_votes
 - final_harris_votes
 - final_other_votes
 - harris_percent_snapshot
 - trump_percent_snapshot
 - margin_snapshot
 - harris_percent_final
 - trump_percent_final
 - margin_final
 - margin_difference
 - margin_difference_abs

$ /home/ubuntu/.venv/bin/python3 /home/ubuntu/apps/election-app/stats/3-calc-new.py
Wrote 2 rows with new columns to /home/ubuntu/apps/election-app/win_prob/H/NY/14/_work/2024_county_results_with_calcs_new.csv

$ /home/ubuntu/.venv/bin/python3 /home/ubuntu/apps/election-app/stats/4-stats.py
Reading 2024_county_results_with_calcs_new.csv...
Aggregating statewide totals...
Calculating percentages and margins...
Writing to output_statewide_stats.csv...
Done!
[2026-01-23 18:30:38] INFO: [PIPELINE] ENTER win-prob generation | states=['NY'] ts_list=['2024-11-05T15-30-22']

============================================================================
[01/1] STATE = NY
============================================================================

$ /home/ubuntu/.venv/bin/python3 /home/ubuntu/apps/election-app/stats/5-snapshots.py --state NY --input /home/ubuntu/apps/election-app/win_prob/H/NY/14/_work/output_statewide_stats.csv --output /home/ubuntu/apps/election-app/win_prob/H/NY/14/snapshots_NY.csv --start 2024-11-05T15-30-22 --end 2024-11-05T15-30-22 --use-window 1 --interval 30
Mode: windowed-one-state
Rows written: 2
Distinct states in output: NY
Rows per normalized timestamp (empty = unparseable):
  2024-11-05T15-30-22: 2
Wrote /home/ubuntu/apps/election-app/win_prob/H/NY/14/snapshots_NY.csv

$ /home/ubuntu/.venv/bin/python3 /home/ubuntu/apps/election-app/stats/6-pval.py /home/ubuntu/apps/election-app/win_prob/H/NY/14/snapshots_NY.csv -t /home/ubuntu/apps/election-app/stats/parameters.csv -o /home/ubuntu/apps/election-app/win_prob/H/NY/14/data_output_NY.csv -c 50
Done. Wrote: /home/ubuntu/apps/election-app/win_prob/H/NY/14/data_output_NY.csv
Total rows: 2 (chunked, resumable).
Computed columns for PVALS = [0.01, 0.1, 1, 2, 3, 5, 10, 15, 20, 25, 30, 35, 40, 45, 50, 55, 60, 65, 70, 75, 80, 85, 90, 95, 97, 98, 99, 99.9, 99.99]
Per p (leader): shift_{p}, margin_new_{p}, harris_percent_new_{p}, trump_percent_new_{p}, total_snapshot_{p}, total_expected_{p}, harris_votes_new_{p}, trump_votes_new_{p}
Per p (trailing): shift_trailing_{p}, margin_new_{p}_trailing, harris_percent_new_{p}_trailing, trump_percent_new_{p}_trailing, total_snapshot_{p}_trailing, total_expected_{p}_trailing, harris_votes_new_{p}_trailing, trump_votes_new_{p}_trailing
Checkpoint saved at: /home/ubuntu/apps/election-app/win_prob/H/NY/14/data_output_NY.csv.checkpoint.json

$ /home/ubuntu/.venv/bin/python3 /home/ubuntu/apps/election-app/stats/7-margin-new.py
Wrote data_output_with_margins_old.csv

$ /home/ubuntu/.venv/bin/python3 /home/ubuntu/apps/election-app/stats/7-eevp-statewide.py
Wrote data_output_with_margins.csv (copied from data_output_with_margins_old.csv)

$ /home/ubuntu/.venv/bin/python3 /home/ubuntu/apps/election-app/stats/7.py --input /home/ubuntu/apps/election-app/win_prob/H/NY/14/data_output_NY_with_margins_statewide_eevp.csv --output /home/ubuntu/apps/election-app/win_prob/H/NY/14/statewide_margin_pct_vs_percent_NY_2026.png --state NY --start 2024-11-05T15-30-22 --end 2024-11-05T15-30-22 --stats /home/ubuntu/apps/election-app/win_prob/H/NY/14/stats.csv --stats2 /home/ubuntu/apps/election-app/win_prob/H/NY/14/stats2.csv --interval 30 --year 2026 --jsonl /home/ubuntu/apps/election-app/win_prob/H/NY/14/plotdata_NY_2026_2026-01-23T18-30-28.jsonl
[info] evaluating 1 timestamps from 2024-11-05T15-30-22 to 2024-11-05T15-30-22 every 30 minutes
[saved] probs_timeseries_NY.csv  (1 points)
[saved] /home/ubuntu/apps/election-app/win_prob/H/NY/14/plotdata_NY_2026_2026-01-23T18-30-28.jsonl  (4 points)
[saved] /home/ubuntu/apps/election-app/win_prob/H/NY/14/statewide_margin_pct_vs_percent_NY_2026_box.json
[saved] /home/ubuntu/apps/election-app/win_prob/H/NY/14/statewide_margin_pct_vs_percent_NY_2026_box.png
[saved] /home/ubuntu/apps/election-app/win_prob/H/NY/14/statewide_margin_pct_vs_percent_NY_2026.png

All 50 states complete. See: /home/ubuntu/apps/election-app/win_prob/H/NY/14

$ /home/ubuntu/.venv/bin/python3 /home/ubuntu/apps/election-app/stats/8.py --root /home/ubuntu/apps/election-app/win_prob/H/NY/14/_work --outdir /home/ubuntu/apps/election-app/win_prob/H/NY/14
[info] root  = /home/ubuntu/apps/election-app/win_prob/H/NY/14/_work
[info] outdir= /home/ubuntu/apps/election-app/win_prob/H/NY/14
[deleted] /home/ubuntu/apps/election-app/win_prob/H/NY/14/_work/stats_with_statewide.csv
[deleted] /home/ubuntu/apps/election-app/win_prob/H/NY/14/_work/stats2_final_headers.csv
[deleted] /home/ubuntu/apps/election-app/win_prob/H/NY/14/_work/2024_county_results_with_final-old.csv
[deleted] /home/ubuntu/apps/election-app/win_prob/H/NY/14/_work/2024_county_results_with_final.csv
[deleted] /home/ubuntu/apps/election-app/win_prob/H/NY/14/_work/2024_county_results_with_final_1.csv
[deleted] /home/ubuntu/apps/election-app/win_prob/H/NY/14/_work/2024_county_results_with_calcs-old.csv
[deleted] /home/ubuntu/apps/election-app/win_prob/H/NY/14/_work/2024_county_results_with_calcs_new.csv
[deleted] /home/ubuntu/apps/election-app/win_prob/H/NY/14/_work/output_statewide_stats.csv
[skip]    /home/ubuntu/apps/election-app/win_prob/H/NY/14/_work/probs_timeseries_PA.csv
[deleted] /home/ubuntu/apps/election-app/win_prob/H/NY/14/_work/2024_county_results_with_calcs.csv
[skip]    /home/ubuntu/apps/election-app/win_prob/H/NY/14/data_output.csv
[skip]    /home/ubuntu/apps/election-app/win_prob/H/NY/14/data_output_with_margins_old.csv
[skip]    /home/ubuntu/apps/election-app/win_prob/H/NY/14/data_output_with_margins.csv
[skip]    /home/ubuntu/apps/election-app/win_prob/H/NY/14/data_output_with_margins-statewide.csv
[deleted] /home/ubuntu/apps/election-app/win_prob/H/NY/14/snapshots_NY.csv
[deleted] /home/ubuntu/apps/election-app/win_prob/H/NY/14/data_output_NY_with_margins.csv
[deleted] /home/ubuntu/apps/election-app/win_prob/H/NY/14/data_output_NY_with_margins_statewide_eevp.csv
[deleted] /home/ubuntu/apps/election-app/win_prob/H/NY/14/data_output_NY.csv
[deleted] /home/ubuntu/apps/election-app/win_prob/H/NY/14/data_output_NY.csv.checkpoint.json
[deleted] /home/ubuntu/apps/election-app/win_prob/H/NY/14/stats.csv
[deleted] /home/ubuntu/apps/election-app/win_prob/H/NY/14/stats2.csv
[done] removed 16 file(s)
[2026-01-23 18:37:27] INFO: [PIPELINE] args: office=H state=NY district=14
[2026-01-23 18:37:27] INFO: [PIPELINE] WINPROB_DIR resolved to: /home/ubuntu/apps/election-app/win_prob/H/NY/14
[2026-01-23 18:37:27] INFO: [PIPELINE] OUTDIR set to: /home/ubuntu/apps/election-app/win_prob/H/NY/14

$ /home/ubuntu/.venv/bin/python3 /home/ubuntu/apps/election-app/stats/1-statewide.py --input /home/ubuntu/apps/election-app/win_prob/H/NY/14/stats.csv --output /home/ubuntu/apps/election-app/win_prob/H/NY/14/_work/stats_with_statewide.csv
Wrote /home/ubuntu/apps/election-app/win_prob/H/NY/14/_work/stats_with_statewide.csv (rows=2)

$ /home/ubuntu/.venv/bin/python3 /home/ubuntu/apps/election-app/stats/1-stats-2.py --input /home/ubuntu/apps/election-app/win_prob/H/NY/14/stats2.csv --output /home/ubuntu/apps/election-app/win_prob/H/NY/14/_work/stats2_final_headers.csv
Wrote /home/ubuntu/apps/election-app/win_prob/H/NY/14/_work/stats2_final_headers.csv (rows=2)

$ /home/ubuntu/.venv/bin/python3 /home/ubuntu/apps/election-app/stats/1-append-new.py
Wrote 2024_county_results_with_final-old.csv (rows=2, missing_final_matches=0)

$ /home/ubuntu/.venv/bin/python3 /home/ubuntu/apps/election-app/stats/1-change_header.py
Wrote: 2024_county_results_with_final.csv

$ /home/ubuntu/.venv/bin/python3 /home/ubuntu/apps/election-app/stats/1-cut-zero-fips.py
Wrote: 2024_county_results_with_final_1.csv
Rows before: 2
Rows after:  2
Dropped (fips == 0): 0

$ /home/ubuntu/.venv/bin/python3 /home/ubuntu/apps/election-app/stats/2-calc.py
Wrote 2 rows with calculations to /home/ubuntu/apps/election-app/win_prob/H/NY/14/_work/2024_county_results_with_calcs-old.csv

$ /home/ubuntu/.venv/bin/python3 /home/ubuntu/apps/election-app/stats/2-eevp.py
Wrote (no-op copy): 2024_county_results_with_calcs.csv
Columns:
 - timestamp
 - state
 - county
 - fips
 - trump_votes
 - harris_votes
 - other_votes
 - eevp
 - state_eevp
 - harris_votes_statewide
 - trump_votes_statewide
 - other_votes_statewide
 - final_state
 - final_county
 - final_fips
 - final_trump_votes
 - final_harris_votes
 - final_other_votes
 - harris_percent_snapshot
 - trump_percent_snapshot
 - margin_snapshot
 - harris_percent_final
 - trump_percent_final
 - margin_final
 - margin_difference
 - margin_difference_abs

$ /home/ubuntu/.venv/bin/python3 /home/ubuntu/apps/election-app/stats/3-calc-new.py
Wrote 2 rows with new columns to /home/ubuntu/apps/election-app/win_prob/H/NY/14/_work/2024_county_results_with_calcs_new.csv

$ /home/ubuntu/.venv/bin/python3 /home/ubuntu/apps/election-app/stats/4-stats.py
Reading 2024_county_results_with_calcs_new.csv...
Aggregating statewide totals...
Calculating percentages and margins...
Writing to output_statewide_stats.csv...
Done!
[2026-01-23 18:37:36] INFO: [PIPELINE] ENTER win-prob generation | states=['NY'] ts_list=['2024-11-05T15-30-22']

============================================================================
[01/1] STATE = NY
============================================================================

$ /home/ubuntu/.venv/bin/python3 /home/ubuntu/apps/election-app/stats/5-snapshots.py --state NY --input /home/ubuntu/apps/election-app/win_prob/H/NY/14/_work/output_statewide_stats.csv --output /home/ubuntu/apps/election-app/win_prob/H/NY/14/snapshots_NY.csv --start 2024-11-05T15-30-22 --end 2024-11-05T15-30-22 --use-window 1 --interval 30
Mode: windowed-one-state
Rows written: 2
Distinct states in output: NY
Rows per normalized timestamp (empty = unparseable):
  2024-11-05T15-30-22: 2
Wrote /home/ubuntu/apps/election-app/win_prob/H/NY/14/snapshots_NY.csv

$ /home/ubuntu/.venv/bin/python3 /home/ubuntu/apps/election-app/stats/6-pval.py /home/ubuntu/apps/election-app/win_prob/H/NY/14/snapshots_NY.csv -t /home/ubuntu/apps/election-app/stats/parameters.csv -o /home/ubuntu/apps/election-app/win_prob/H/NY/14/data_output_NY.csv -c 50
Done. Wrote: /home/ubuntu/apps/election-app/win_prob/H/NY/14/data_output_NY.csv
Total rows: 2 (chunked, resumable).
Computed columns for PVALS = [0.01, 0.1, 1, 2, 3, 5, 10, 15, 20, 25, 30, 35, 40, 45, 50, 55, 60, 65, 70, 75, 80, 85, 90, 95, 97, 98, 99, 99.9, 99.99]
Per p (leader): shift_{p}, margin_new_{p}, harris_percent_new_{p}, trump_percent_new_{p}, total_snapshot_{p}, total_expected_{p}, harris_votes_new_{p}, trump_votes_new_{p}
Per p (trailing): shift_trailing_{p}, margin_new_{p}_trailing, harris_percent_new_{p}_trailing, trump_percent_new_{p}_trailing, total_snapshot_{p}_trailing, total_expected_{p}_trailing, harris_votes_new_{p}_trailing, trump_votes_new_{p}_trailing
Checkpoint saved at: /home/ubuntu/apps/election-app/win_prob/H/NY/14/data_output_NY.csv.checkpoint.json

$ /home/ubuntu/.venv/bin/python3 /home/ubuntu/apps/election-app/stats/7-margin-new.py
Wrote data_output_with_margins_old.csv

$ /home/ubuntu/.venv/bin/python3 /home/ubuntu/apps/election-app/stats/7-eevp-statewide.py
Wrote data_output_with_margins.csv (copied from data_output_with_margins_old.csv)

$ /home/ubuntu/.venv/bin/python3 /home/ubuntu/apps/election-app/stats/7.py --input /home/ubuntu/apps/election-app/win_prob/H/NY/14/data_output_NY_with_margins_statewide_eevp.csv --output /home/ubuntu/apps/election-app/win_prob/H/NY/14/statewide_margin_pct_vs_percent_NY_2026.png --state NY --start 2024-11-05T15-30-22 --end 2024-11-05T15-30-22 --stats /home/ubuntu/apps/election-app/win_prob/H/NY/14/stats.csv --stats2 /home/ubuntu/apps/election-app/win_prob/H/NY/14/stats2.csv --interval 30 --year 2026 --jsonl /home/ubuntu/apps/election-app/win_prob/H/NY/14/plotdata_NY_2026_2026-01-23T18-37-27.jsonl
[info] evaluating 1 timestamps from 2024-11-05T15-30-22 to 2024-11-05T15-30-22 every 30 minutes
[saved] probs_timeseries_NY.csv  (1 points)
[saved] /home/ubuntu/apps/election-app/win_prob/H/NY/14/plotdata_NY_2026_2026-01-23T18-37-27.jsonl  (4 points)
[saved] /home/ubuntu/apps/election-app/win_prob/H/NY/14/statewide_margin_pct_vs_percent_NY_2026_box.json
[saved] /home/ubuntu/apps/election-app/win_prob/H/NY/14/statewide_margin_pct_vs_percent_NY_2026_box.png
[saved] /home/ubuntu/apps/election-app/win_prob/H/NY/14/statewide_margin_pct_vs_percent_NY_2026.png

All 50 states complete. See: /home/ubuntu/apps/election-app/win_prob/H/NY/14

$ /home/ubuntu/.venv/bin/python3 /home/ubuntu/apps/election-app/stats/8.py --root /home/ubuntu/apps/election-app/win_prob/H/NY/14/_work --outdir /home/ubuntu/apps/election-app/win_prob/H/NY/14
[info] root  = /home/ubuntu/apps/election-app/win_prob/H/NY/14/_work
[info] outdir= /home/ubuntu/apps/election-app/win_prob/H/NY/14
[deleted] /home/ubuntu/apps/election-app/win_prob/H/NY/14/_work/stats_with_statewide.csv
[deleted] /home/ubuntu/apps/election-app/win_prob/H/NY/14/_work/stats2_final_headers.csv
[deleted] /home/ubuntu/apps/election-app/win_prob/H/NY/14/_work/2024_county_results_with_final-old.csv
[deleted] /home/ubuntu/apps/election-app/win_prob/H/NY/14/_work/2024_county_results_with_final.csv
[deleted] /home/ubuntu/apps/election-app/win_prob/H/NY/14/_work/2024_county_results_with_final_1.csv
[deleted] /home/ubuntu/apps/election-app/win_prob/H/NY/14/_work/2024_county_results_with_calcs-old.csv
[deleted] /home/ubuntu/apps/election-app/win_prob/H/NY/14/_work/2024_county_results_with_calcs_new.csv
[deleted] /home/ubuntu/apps/election-app/win_prob/H/NY/14/_work/output_statewide_stats.csv
[skip]    /home/ubuntu/apps/election-app/win_prob/H/NY/14/_work/probs_timeseries_PA.csv
[deleted] /home/ubuntu/apps/election-app/win_prob/H/NY/14/_work/2024_county_results_with_calcs.csv
[skip]    /home/ubuntu/apps/election-app/win_prob/H/NY/14/data_output.csv
[skip]    /home/ubuntu/apps/election-app/win_prob/H/NY/14/data_output_with_margins_old.csv
[skip]    /home/ubuntu/apps/election-app/win_prob/H/NY/14/data_output_with_margins.csv
[skip]    /home/ubuntu/apps/election-app/win_prob/H/NY/14/data_output_with_margins-statewide.csv
[deleted] /home/ubuntu/apps/election-app/win_prob/H/NY/14/snapshots_NY.csv
[deleted] /home/ubuntu/apps/election-app/win_prob/H/NY/14/data_output_NY_with_margins.csv
[deleted] /home/ubuntu/apps/election-app/win_prob/H/NY/14/data_output_NY_with_margins_statewide_eevp.csv
[deleted] /home/ubuntu/apps/election-app/win_prob/H/NY/14/data_output_NY.csv
[deleted] /home/ubuntu/apps/election-app/win_prob/H/NY/14/data_output_NY.csv.checkpoint.json
[deleted] /home/ubuntu/apps/election-app/win_prob/H/NY/14/stats.csv
[deleted] /home/ubuntu/apps/election-app/win_prob/H/NY/14/stats2.csv
[done] removed 16 file(s)
[2026-01-23 18:44:35] INFO: [PIPELINE] args: office=H state=NY district=14
[2026-01-23 18:44:35] INFO: [PIPELINE] WINPROB_DIR resolved to: /home/ubuntu/apps/election-app/win_prob/H/NY/14
[2026-01-23 18:44:35] INFO: [PIPELINE] OUTDIR set to: /home/ubuntu/apps/election-app/win_prob/H/NY/14

$ /home/ubuntu/.venv/bin/python3 /home/ubuntu/apps/election-app/stats/1-statewide.py --input /home/ubuntu/apps/election-app/win_prob/H/NY/14/stats.csv --output /home/ubuntu/apps/election-app/win_prob/H/NY/14/_work/stats_with_statewide.csv
Wrote /home/ubuntu/apps/election-app/win_prob/H/NY/14/_work/stats_with_statewide.csv (rows=2)

$ /home/ubuntu/.venv/bin/python3 /home/ubuntu/apps/election-app/stats/1-stats-2.py --input /home/ubuntu/apps/election-app/win_prob/H/NY/14/stats2.csv --output /home/ubuntu/apps/election-app/win_prob/H/NY/14/_work/stats2_final_headers.csv
Wrote /home/ubuntu/apps/election-app/win_prob/H/NY/14/_work/stats2_final_headers.csv (rows=2)

$ /home/ubuntu/.venv/bin/python3 /home/ubuntu/apps/election-app/stats/1-append-new.py
Wrote 2024_county_results_with_final-old.csv (rows=2, missing_final_matches=0)

$ /home/ubuntu/.venv/bin/python3 /home/ubuntu/apps/election-app/stats/1-change_header.py
Wrote: 2024_county_results_with_final.csv

$ /home/ubuntu/.venv/bin/python3 /home/ubuntu/apps/election-app/stats/1-cut-zero-fips.py
Wrote: 2024_county_results_with_final_1.csv
Rows before: 2
Rows after:  2
Dropped (fips == 0): 0

$ /home/ubuntu/.venv/bin/python3 /home/ubuntu/apps/election-app/stats/2-calc.py
Wrote 2 rows with calculations to /home/ubuntu/apps/election-app/win_prob/H/NY/14/_work/2024_county_results_with_calcs-old.csv

$ /home/ubuntu/.venv/bin/python3 /home/ubuntu/apps/election-app/stats/2-eevp.py
Wrote (no-op copy): 2024_county_results_with_calcs.csv
Columns:
 - timestamp
 - state
 - county
 - fips
 - trump_votes
 - harris_votes
 - other_votes
 - eevp
 - state_eevp
 - harris_votes_statewide
 - trump_votes_statewide
 - other_votes_statewide
 - final_state
 - final_county
 - final_fips
 - final_trump_votes
 - final_harris_votes
 - final_other_votes
 - harris_percent_snapshot
 - trump_percent_snapshot
 - margin_snapshot
 - harris_percent_final
 - trump_percent_final
 - margin_final
 - margin_difference
 - margin_difference_abs

$ /home/ubuntu/.venv/bin/python3 /home/ubuntu/apps/election-app/stats/3-calc-new.py
Wrote 2 rows with new columns to /home/ubuntu/apps/election-app/win_prob/H/NY/14/_work/2024_county_results_with_calcs_new.csv

$ /home/ubuntu/.venv/bin/python3 /home/ubuntu/apps/election-app/stats/4-stats.py
Reading 2024_county_results_with_calcs_new.csv...
Aggregating statewide totals...
Calculating percentages and margins...
Writing to output_statewide_stats.csv...
Done!
[2026-01-23 18:44:45] INFO: [PIPELINE] ENTER win-prob generation | states=['NY'] ts_list=['2024-11-05T15-30-22']

============================================================================
[01/1] STATE = NY
============================================================================

$ /home/ubuntu/.venv/bin/python3 /home/ubuntu/apps/election-app/stats/5-snapshots.py --state NY --input /home/ubuntu/apps/election-app/win_prob/H/NY/14/_work/output_statewide_stats.csv --output /home/ubuntu/apps/election-app/win_prob/H/NY/14/snapshots_NY.csv --start 2024-11-05T15-30-22 --end 2024-11-05T15-30-22 --use-window 1 --interval 30
Mode: windowed-one-state
Rows written: 2
Distinct states in output: NY
Rows per normalized timestamp (empty = unparseable):
  2024-11-05T15-30-22: 2
Wrote /home/ubuntu/apps/election-app/win_prob/H/NY/14/snapshots_NY.csv

$ /home/ubuntu/.venv/bin/python3 /home/ubuntu/apps/election-app/stats/6-pval.py /home/ubuntu/apps/election-app/win_prob/H/NY/14/snapshots_NY.csv -t /home/ubuntu/apps/election-app/stats/parameters.csv -o /home/ubuntu/apps/election-app/win_prob/H/NY/14/data_output_NY.csv -c 50
Done. Wrote: /home/ubuntu/apps/election-app/win_prob/H/NY/14/data_output_NY.csv
Total rows: 2 (chunked, resumable).
Computed columns for PVALS = [0.01, 0.1, 1, 2, 3, 5, 10, 15, 20, 25, 30, 35, 40, 45, 50, 55, 60, 65, 70, 75, 80, 85, 90, 95, 97, 98, 99, 99.9, 99.99]
Per p (leader): shift_{p}, margin_new_{p}, harris_percent_new_{p}, trump_percent_new_{p}, total_snapshot_{p}, total_expected_{p}, harris_votes_new_{p}, trump_votes_new_{p}
Per p (trailing): shift_trailing_{p}, margin_new_{p}_trailing, harris_percent_new_{p}_trailing, trump_percent_new_{p}_trailing, total_snapshot_{p}_trailing, total_expected_{p}_trailing, harris_votes_new_{p}_trailing, trump_votes_new_{p}_trailing
Checkpoint saved at: /home/ubuntu/apps/election-app/win_prob/H/NY/14/data_output_NY.csv.checkpoint.json

$ /home/ubuntu/.venv/bin/python3 /home/ubuntu/apps/election-app/stats/7-margin-new.py
Wrote data_output_with_margins_old.csv

$ /home/ubuntu/.venv/bin/python3 /home/ubuntu/apps/election-app/stats/7-eevp-statewide.py
Wrote data_output_with_margins.csv (copied from data_output_with_margins_old.csv)

$ /home/ubuntu/.venv/bin/python3 /home/ubuntu/apps/election-app/stats/7.py --input /home/ubuntu/apps/election-app/win_prob/H/NY/14/data_output_NY_with_margins_statewide_eevp.csv --output /home/ubuntu/apps/election-app/win_prob/H/NY/14/statewide_margin_pct_vs_percent_NY_2026.png --state NY --start 2024-11-05T15-30-22 --end 2024-11-05T15-30-22 --stats /home/ubuntu/apps/election-app/win_prob/H/NY/14/stats.csv --stats2 /home/ubuntu/apps/election-app/win_prob/H/NY/14/stats2.csv --interval 30 --year 2026 --jsonl /home/ubuntu/apps/election-app/win_prob/H/NY/14/plotdata_NY_2026_2026-01-23T18-44-35.jsonl
[info] evaluating 1 timestamps from 2024-11-05T15-30-22 to 2024-11-05T15-30-22 every 30 minutes
[saved] probs_timeseries_NY.csv  (1 points)
[saved] /home/ubuntu/apps/election-app/win_prob/H/NY/14/plotdata_NY_2026_2026-01-23T18-44-35.jsonl  (4 points)
[saved] /home/ubuntu/apps/election-app/win_prob/H/NY/14/statewide_margin_pct_vs_percent_NY_2026_box.json
[saved] /home/ubuntu/apps/election-app/win_prob/H/NY/14/statewide_margin_pct_vs_percent_NY_2026_box.png
[saved] /home/ubuntu/apps/election-app/win_prob/H/NY/14/statewide_margin_pct_vs_percent_NY_2026.png

All 50 states complete. See: /home/ubuntu/apps/election-app/win_prob/H/NY/14

$ /home/ubuntu/.venv/bin/python3 /home/ubuntu/apps/election-app/stats/8.py --root /home/ubuntu/apps/election-app/win_prob/H/NY/14/_work --outdir /home/ubuntu/apps/election-app/win_prob/H/NY/14
[info] root  = /home/ubuntu/apps/election-app/win_prob/H/NY/14/_work
[info] outdir= /home/ubuntu/apps/election-app/win_prob/H/NY/14
[deleted] /home/ubuntu/apps/election-app/win_prob/H/NY/14/_work/stats_with_statewide.csv
[deleted] /home/ubuntu/apps/election-app/win_prob/H/NY/14/_work/stats2_final_headers.csv
[deleted] /home/ubuntu/apps/election-app/win_prob/H/NY/14/_work/2024_county_results_with_final-old.csv
[deleted] /home/ubuntu/apps/election-app/win_prob/H/NY/14/_work/2024_county_results_with_final.csv
[deleted] /home/ubuntu/apps/election-app/win_prob/H/NY/14/_work/2024_county_results_with_final_1.csv
[deleted] /home/ubuntu/apps/election-app/win_prob/H/NY/14/_work/2024_county_results_with_calcs-old.csv
[deleted] /home/ubuntu/apps/election-app/win_prob/H/NY/14/_work/2024_county_results_with_calcs_new.csv
[deleted] /home/ubuntu/apps/election-app/win_prob/H/NY/14/_work/output_statewide_stats.csv
[skip]    /home/ubuntu/apps/election-app/win_prob/H/NY/14/_work/probs_timeseries_PA.csv
[deleted] /home/ubuntu/apps/election-app/win_prob/H/NY/14/_work/2024_county_results_with_calcs.csv
[skip]    /home/ubuntu/apps/election-app/win_prob/H/NY/14/data_output.csv
[skip]    /home/ubuntu/apps/election-app/win_prob/H/NY/14/data_output_with_margins_old.csv
[skip]    /home/ubuntu/apps/election-app/win_prob/H/NY/14/data_output_with_margins.csv
[skip]    /home/ubuntu/apps/election-app/win_prob/H/NY/14/data_output_with_margins-statewide.csv
[deleted] /home/ubuntu/apps/election-app/win_prob/H/NY/14/snapshots_NY.csv
[deleted] /home/ubuntu/apps/election-app/win_prob/H/NY/14/data_output_NY_with_margins.csv
[deleted] /home/ubuntu/apps/election-app/win_prob/H/NY/14/data_output_NY_with_margins_statewide_eevp.csv
[deleted] /home/ubuntu/apps/election-app/win_prob/H/NY/14/data_output_NY.csv
[deleted] /home/ubuntu/apps/election-app/win_prob/H/NY/14/data_output_NY.csv.checkpoint.json
[deleted] /home/ubuntu/apps/election-app/win_prob/H/NY/14/stats.csv
[deleted] /home/ubuntu/apps/election-app/win_prob/H/NY/14/stats2.csv
[done] removed 16 file(s)
[2026-01-23 18:51:40] INFO: [PIPELINE] args: office=H state=NY district=14
[2026-01-23 18:51:40] INFO: [PIPELINE] WINPROB_DIR resolved to: /home/ubuntu/apps/election-app/win_prob/H/NY/14
[2026-01-23 18:51:40] INFO: [PIPELINE] OUTDIR set to: /home/ubuntu/apps/election-app/win_prob/H/NY/14

$ /home/ubuntu/.venv/bin/python3 /home/ubuntu/apps/election-app/stats/1-statewide.py --input /home/ubuntu/apps/election-app/win_prob/H/NY/14/stats.csv --output /home/ubuntu/apps/election-app/win_prob/H/NY/14/_work/stats_with_statewide.csv
Wrote /home/ubuntu/apps/election-app/win_prob/H/NY/14/_work/stats_with_statewide.csv (rows=2)

$ /home/ubuntu/.venv/bin/python3 /home/ubuntu/apps/election-app/stats/1-stats-2.py --input /home/ubuntu/apps/election-app/win_prob/H/NY/14/stats2.csv --output /home/ubuntu/apps/election-app/win_prob/H/NY/14/_work/stats2_final_headers.csv
Wrote /home/ubuntu/apps/election-app/win_prob/H/NY/14/_work/stats2_final_headers.csv (rows=2)

$ /home/ubuntu/.venv/bin/python3 /home/ubuntu/apps/election-app/stats/1-append-new.py
Wrote 2024_county_results_with_final-old.csv (rows=2, missing_final_matches=0)

$ /home/ubuntu/.venv/bin/python3 /home/ubuntu/apps/election-app/stats/1-change_header.py
Wrote: 2024_county_results_with_final.csv

$ /home/ubuntu/.venv/bin/python3 /home/ubuntu/apps/election-app/stats/1-cut-zero-fips.py
Wrote: 2024_county_results_with_final_1.csv
Rows before: 2
Rows after:  2
Dropped (fips == 0): 0

$ /home/ubuntu/.venv/bin/python3 /home/ubuntu/apps/election-app/stats/2-calc.py
Wrote 2 rows with calculations to /home/ubuntu/apps/election-app/win_prob/H/NY/14/_work/2024_county_results_with_calcs-old.csv

$ /home/ubuntu/.venv/bin/python3 /home/ubuntu/apps/election-app/stats/2-eevp.py
Wrote (no-op copy): 2024_county_results_with_calcs.csv
Columns:
 - timestamp
 - state
 - county
 - fips
 - trump_votes
 - harris_votes
 - other_votes
 - eevp
 - state_eevp
 - harris_votes_statewide
 - trump_votes_statewide
 - other_votes_statewide
 - final_state
 - final_county
 - final_fips
 - final_trump_votes
 - final_harris_votes
 - final_other_votes
 - harris_percent_snapshot
 - trump_percent_snapshot
 - margin_snapshot
 - harris_percent_final
 - trump_percent_final
 - margin_final
 - margin_difference
 - margin_difference_abs

$ /home/ubuntu/.venv/bin/python3 /home/ubuntu/apps/election-app/stats/3-calc-new.py
Wrote 2 rows with new columns to /home/ubuntu/apps/election-app/win_prob/H/NY/14/_work/2024_county_results_with_calcs_new.csv

$ /home/ubuntu/.venv/bin/python3 /home/ubuntu/apps/election-app/stats/4-stats.py
Reading 2024_county_results_with_calcs_new.csv...
Aggregating statewide totals...
Calculating percentages and margins...
Writing to output_statewide_stats.csv...
Done!
[2026-01-23 18:51:51] INFO: [PIPELINE] ENTER win-prob generation | states=['NY'] ts_list=['2024-11-05T15-30-22']

============================================================================
[01/1] STATE = NY
============================================================================

$ /home/ubuntu/.venv/bin/python3 /home/ubuntu/apps/election-app/stats/5-snapshots.py --state NY --input /home/ubuntu/apps/election-app/win_prob/H/NY/14/_work/output_statewide_stats.csv --output /home/ubuntu/apps/election-app/win_prob/H/NY/14/snapshots_NY.csv --start 2024-11-05T15-30-22 --end 2024-11-05T15-30-22 --use-window 1 --interval 30
Mode: windowed-one-state
Rows written: 2
Distinct states in output: NY
Rows per normalized timestamp (empty = unparseable):
  2024-11-05T15-30-22: 2
Wrote /home/ubuntu/apps/election-app/win_prob/H/NY/14/snapshots_NY.csv

$ /home/ubuntu/.venv/bin/python3 /home/ubuntu/apps/election-app/stats/6-pval.py /home/ubuntu/apps/election-app/win_prob/H/NY/14/snapshots_NY.csv -t /home/ubuntu/apps/election-app/stats/parameters.csv -o /home/ubuntu/apps/election-app/win_prob/H/NY/14/data_output_NY.csv -c 50
Done. Wrote: /home/ubuntu/apps/election-app/win_prob/H/NY/14/data_output_NY.csv
Total rows: 2 (chunked, resumable).
Computed columns for PVALS = [0.01, 0.1, 1, 2, 3, 5, 10, 15, 20, 25, 30, 35, 40, 45, 50, 55, 60, 65, 70, 75, 80, 85, 90, 95, 97, 98, 99, 99.9, 99.99]
Per p (leader): shift_{p}, margin_new_{p}, harris_percent_new_{p}, trump_percent_new_{p}, total_snapshot_{p}, total_expected_{p}, harris_votes_new_{p}, trump_votes_new_{p}
Per p (trailing): shift_trailing_{p}, margin_new_{p}_trailing, harris_percent_new_{p}_trailing, trump_percent_new_{p}_trailing, total_snapshot_{p}_trailing, total_expected_{p}_trailing, harris_votes_new_{p}_trailing, trump_votes_new_{p}_trailing
Checkpoint saved at: /home/ubuntu/apps/election-app/win_prob/H/NY/14/data_output_NY.csv.checkpoint.json

$ /home/ubuntu/.venv/bin/python3 /home/ubuntu/apps/election-app/stats/7-margin-new.py
Wrote data_output_with_margins_old.csv

$ /home/ubuntu/.venv/bin/python3 /home/ubuntu/apps/election-app/stats/7-eevp-statewide.py
Wrote data_output_with_margins.csv (copied from data_output_with_margins_old.csv)

$ /home/ubuntu/.venv/bin/python3 /home/ubuntu/apps/election-app/stats/7.py --input /home/ubuntu/apps/election-app/win_prob/H/NY/14/data_output_NY_with_margins_statewide_eevp.csv --output /home/ubuntu/apps/election-app/win_prob/H/NY/14/statewide_margin_pct_vs_percent_NY_2026.png --state NY --start 2024-11-05T15-30-22 --end 2024-11-05T15-30-22 --stats /home/ubuntu/apps/election-app/win_prob/H/NY/14/stats.csv --stats2 /home/ubuntu/apps/election-app/win_prob/H/NY/14/stats2.csv --interval 30 --year 2026 --jsonl /home/ubuntu/apps/election-app/win_prob/H/NY/14/plotdata_NY_2026_2026-01-23T18-51-40.jsonl
[info] evaluating 1 timestamps from 2024-11-05T15-30-22 to 2024-11-05T15-30-22 every 30 minutes
[saved] probs_timeseries_NY.csv  (1 points)
[saved] /home/ubuntu/apps/election-app/win_prob/H/NY/14/plotdata_NY_2026_2026-01-23T18-51-40.jsonl  (4 points)
[saved] /home/ubuntu/apps/election-app/win_prob/H/NY/14/statewide_margin_pct_vs_percent_NY_2026_box.json
[saved] /home/ubuntu/apps/election-app/win_prob/H/NY/14/statewide_margin_pct_vs_percent_NY_2026_box.png
[saved] /home/ubuntu/apps/election-app/win_prob/H/NY/14/statewide_margin_pct_vs_percent_NY_2026.png

All 50 states complete. See: /home/ubuntu/apps/election-app/win_prob/H/NY/14

$ /home/ubuntu/.venv/bin/python3 /home/ubuntu/apps/election-app/stats/8.py --root /home/ubuntu/apps/election-app/win_prob/H/NY/14/_work --outdir /home/ubuntu/apps/election-app/win_prob/H/NY/14
[info] root  = /home/ubuntu/apps/election-app/win_prob/H/NY/14/_work
[info] outdir= /home/ubuntu/apps/election-app/win_prob/H/NY/14
[deleted] /home/ubuntu/apps/election-app/win_prob/H/NY/14/_work/stats_with_statewide.csv
[deleted] /home/ubuntu/apps/election-app/win_prob/H/NY/14/_work/stats2_final_headers.csv
[deleted] /home/ubuntu/apps/election-app/win_prob/H/NY/14/_work/2024_county_results_with_final-old.csv
[deleted] /home/ubuntu/apps/election-app/win_prob/H/NY/14/_work/2024_county_results_with_final.csv
[deleted] /home/ubuntu/apps/election-app/win_prob/H/NY/14/_work/2024_county_results_with_final_1.csv
[deleted] /home/ubuntu/apps/election-app/win_prob/H/NY/14/_work/2024_county_results_with_calcs-old.csv
[deleted] /home/ubuntu/apps/election-app/win_prob/H/NY/14/_work/2024_county_results_with_calcs_new.csv
[deleted] /home/ubuntu/apps/election-app/win_prob/H/NY/14/_work/output_statewide_stats.csv
[skip]    /home/ubuntu/apps/election-app/win_prob/H/NY/14/_work/probs_timeseries_PA.csv
[deleted] /home/ubuntu/apps/election-app/win_prob/H/NY/14/_work/2024_county_results_with_calcs.csv
[skip]    /home/ubuntu/apps/election-app/win_prob/H/NY/14/data_output.csv
[skip]    /home/ubuntu/apps/election-app/win_prob/H/NY/14/data_output_with_margins_old.csv
[skip]    /home/ubuntu/apps/election-app/win_prob/H/NY/14/data_output_with_margins.csv
[skip]    /home/ubuntu/apps/election-app/win_prob/H/NY/14/data_output_with_margins-statewide.csv
[deleted] /home/ubuntu/apps/election-app/win_prob/H/NY/14/snapshots_NY.csv
[deleted] /home/ubuntu/apps/election-app/win_prob/H/NY/14/data_output_NY_with_margins.csv
[deleted] /home/ubuntu/apps/election-app/win_prob/H/NY/14/data_output_NY_with_margins_statewide_eevp.csv
[deleted] /home/ubuntu/apps/election-app/win_prob/H/NY/14/data_output_NY.csv
[deleted] /home/ubuntu/apps/election-app/win_prob/H/NY/14/data_output_NY.csv.checkpoint.json
[deleted] /home/ubuntu/apps/election-app/win_prob/H/NY/14/stats.csv
[deleted] /home/ubuntu/apps/election-app/win_prob/H/NY/14/stats2.csv
[done] removed 16 file(s)
[2026-01-23 19:04:44] INFO: [PIPELINE] args: office=H state=NY district=14
[2026-01-23 19:04:44] INFO: [PIPELINE] WINPROB_DIR resolved to: /home/ubuntu/apps/election-app/win_prob/H/NY/14
[2026-01-23 19:04:44] INFO: [PIPELINE] OUTDIR set to: /home/ubuntu/apps/election-app/win_prob/H/NY/14

$ /home/ubuntu/.venv/bin/python3 /home/ubuntu/apps/election-app/stats/1-statewide.py --input /home/ubuntu/apps/election-app/win_prob/H/NY/14/stats.csv --output /home/ubuntu/apps/election-app/win_prob/H/NY/14/_work/stats_with_statewide.csv
Wrote /home/ubuntu/apps/election-app/win_prob/H/NY/14/_work/stats_with_statewide.csv (rows=2)

$ /home/ubuntu/.venv/bin/python3 /home/ubuntu/apps/election-app/stats/1-stats-2.py --input /home/ubuntu/apps/election-app/win_prob/H/NY/14/stats2.csv --output /home/ubuntu/apps/election-app/win_prob/H/NY/14/_work/stats2_final_headers.csv
Wrote /home/ubuntu/apps/election-app/win_prob/H/NY/14/_work/stats2_final_headers.csv (rows=2)

$ /home/ubuntu/.venv/bin/python3 /home/ubuntu/apps/election-app/stats/1-append-new.py
Wrote 2024_county_results_with_final-old.csv (rows=2, missing_final_matches=0)

$ /home/ubuntu/.venv/bin/python3 /home/ubuntu/apps/election-app/stats/1-change_header.py
Wrote: 2024_county_results_with_final.csv

$ /home/ubuntu/.venv/bin/python3 /home/ubuntu/apps/election-app/stats/1-cut-zero-fips.py
Wrote: 2024_county_results_with_final_1.csv
Rows before: 2
Rows after:  2
Dropped (fips == 0): 0

$ /home/ubuntu/.venv/bin/python3 /home/ubuntu/apps/election-app/stats/2-calc.py
Wrote 2 rows with calculations to /home/ubuntu/apps/election-app/win_prob/H/NY/14/_work/2024_county_results_with_calcs-old.csv

$ /home/ubuntu/.venv/bin/python3 /home/ubuntu/apps/election-app/stats/2-eevp.py
Wrote (no-op copy): 2024_county_results_with_calcs.csv
Columns:
 - timestamp
 - state
 - county
 - fips
 - trump_votes
 - harris_votes
 - other_votes
 - eevp
 - state_eevp
 - harris_votes_statewide
 - trump_votes_statewide
 - other_votes_statewide
 - final_state
 - final_county
 - final_fips
 - final_trump_votes
 - final_harris_votes
 - final_other_votes
 - harris_percent_snapshot
 - trump_percent_snapshot
 - margin_snapshot
 - harris_percent_final
 - trump_percent_final
 - margin_final
 - margin_difference
 - margin_difference_abs

$ /home/ubuntu/.venv/bin/python3 /home/ubuntu/apps/election-app/stats/3-calc-new.py
Wrote 2 rows with new columns to /home/ubuntu/apps/election-app/win_prob/H/NY/14/_work/2024_county_results_with_calcs_new.csv

$ /home/ubuntu/.venv/bin/python3 /home/ubuntu/apps/election-app/stats/4-stats.py
Reading 2024_county_results_with_calcs_new.csv...
Aggregating statewide totals...
Calculating percentages and margins...
Writing to output_statewide_stats.csv...
Done!
[2026-01-23 19:04:53] INFO: [PIPELINE] ENTER win-prob generation | states=['NY'] ts_list=['2024-11-05T15-30-22']

============================================================================
[01/1] STATE = NY
============================================================================

$ /home/ubuntu/.venv/bin/python3 /home/ubuntu/apps/election-app/stats/5-snapshots.py --state NY --input /home/ubuntu/apps/election-app/win_prob/H/NY/14/_work/output_statewide_stats.csv --output /home/ubuntu/apps/election-app/win_prob/H/NY/14/snapshots_NY.csv --start 2024-11-05T15-30-22 --end 2024-11-05T15-30-22 --use-window 1 --interval 30
Mode: windowed-one-state
Rows written: 2
Distinct states in output: NY
Rows per normalized timestamp (empty = unparseable):
  2024-11-05T15-30-22: 2
Wrote /home/ubuntu/apps/election-app/win_prob/H/NY/14/snapshots_NY.csv

$ /home/ubuntu/.venv/bin/python3 /home/ubuntu/apps/election-app/stats/6-pval.py /home/ubuntu/apps/election-app/win_prob/H/NY/14/snapshots_NY.csv -t /home/ubuntu/apps/election-app/stats/parameters.csv -o /home/ubuntu/apps/election-app/win_prob/H/NY/14/data_output_NY.csv -c 50
Done. Wrote: /home/ubuntu/apps/election-app/win_prob/H/NY/14/data_output_NY.csv
Total rows: 2 (chunked, resumable).
Computed columns for PVALS = [0.01, 0.1, 1, 2, 3, 5, 10, 15, 20, 25, 30, 35, 40, 45, 50, 55, 60, 65, 70, 75, 80, 85, 90, 95, 97, 98, 99, 99.9, 99.99]
Per p (leader): shift_{p}, margin_new_{p}, harris_percent_new_{p}, trump_percent_new_{p}, total_snapshot_{p}, total_expected_{p}, harris_votes_new_{p}, trump_votes_new_{p}
Per p (trailing): shift_trailing_{p}, margin_new_{p}_trailing, harris_percent_new_{p}_trailing, trump_percent_new_{p}_trailing, total_snapshot_{p}_trailing, total_expected_{p}_trailing, harris_votes_new_{p}_trailing, trump_votes_new_{p}_trailing
Checkpoint saved at: /home/ubuntu/apps/election-app/win_prob/H/NY/14/data_output_NY.csv.checkpoint.json

$ /home/ubuntu/.venv/bin/python3 /home/ubuntu/apps/election-app/stats/7-margin-new.py
Wrote data_output_with_margins_old.csv

$ /home/ubuntu/.venv/bin/python3 /home/ubuntu/apps/election-app/stats/7-eevp-statewide.py
Wrote data_output_with_margins.csv (copied from data_output_with_margins_old.csv)

$ /home/ubuntu/.venv/bin/python3 /home/ubuntu/apps/election-app/stats/7.py --input /home/ubuntu/apps/election-app/win_prob/H/NY/14/data_output_NY_with_margins_statewide_eevp.csv --output /home/ubuntu/apps/election-app/win_prob/H/NY/14/statewide_margin_pct_vs_percent_NY_2026.png --state NY --start 2024-11-05T15-30-22 --end 2024-11-05T15-30-22 --stats /home/ubuntu/apps/election-app/win_prob/H/NY/14/stats.csv --stats2 /home/ubuntu/apps/election-app/win_prob/H/NY/14/stats2.csv --interval 30 --year 2026 --jsonl /home/ubuntu/apps/election-app/win_prob/H/NY/14/plotdata_NY_2026_2026-01-23T19-04-44.jsonl
[info] evaluating 1 timestamps from 2024-11-05T15-30-22 to 2024-11-05T15-30-22 every 30 minutes
[saved] probs_timeseries_NY.csv  (1 points)
[saved] /home/ubuntu/apps/election-app/win_prob/H/NY/14/plotdata_NY_2026_2026-01-23T19-04-44.jsonl  (4 points)
[saved] /home/ubuntu/apps/election-app/win_prob/H/NY/14/statewide_margin_pct_vs_percent_NY_2026_box.json
[saved] /home/ubuntu/apps/election-app/win_prob/H/NY/14/statewide_margin_pct_vs_percent_NY_2026_box.png
[saved] /home/ubuntu/apps/election-app/win_prob/H/NY/14/statewide_margin_pct_vs_percent_NY_2026.png

All 50 states complete. See: /home/ubuntu/apps/election-app/win_prob/H/NY/14

$ /home/ubuntu/.venv/bin/python3 /home/ubuntu/apps/election-app/stats/8.py --root /home/ubuntu/apps/election-app/win_prob/H/NY/14/_work --outdir /home/ubuntu/apps/election-app/win_prob/H/NY/14
[info] root  = /home/ubuntu/apps/election-app/win_prob/H/NY/14/_work
[info] outdir= /home/ubuntu/apps/election-app/win_prob/H/NY/14
[deleted] /home/ubuntu/apps/election-app/win_prob/H/NY/14/_work/stats_with_statewide.csv
[deleted] /home/ubuntu/apps/election-app/win_prob/H/NY/14/_work/stats2_final_headers.csv
[deleted] /home/ubuntu/apps/election-app/win_prob/H/NY/14/_work/2024_county_results_with_final-old.csv
[deleted] /home/ubuntu/apps/election-app/win_prob/H/NY/14/_work/2024_county_results_with_final.csv
[deleted] /home/ubuntu/apps/election-app/win_prob/H/NY/14/_work/2024_county_results_with_final_1.csv
[deleted] /home/ubuntu/apps/election-app/win_prob/H/NY/14/_work/2024_county_results_with_calcs-old.csv
[deleted] /home/ubuntu/apps/election-app/win_prob/H/NY/14/_work/2024_county_results_with_calcs_new.csv
[deleted] /home/ubuntu/apps/election-app/win_prob/H/NY/14/_work/output_statewide_stats.csv
[skip]    /home/ubuntu/apps/election-app/win_prob/H/NY/14/_work/probs_timeseries_PA.csv
[deleted] /home/ubuntu/apps/election-app/win_prob/H/NY/14/_work/2024_county_results_with_calcs.csv
[skip]    /home/ubuntu/apps/election-app/win_prob/H/NY/14/data_output.csv
[skip]    /home/ubuntu/apps/election-app/win_prob/H/NY/14/data_output_with_margins_old.csv
[skip]    /home/ubuntu/apps/election-app/win_prob/H/NY/14/data_output_with_margins.csv
[skip]    /home/ubuntu/apps/election-app/win_prob/H/NY/14/data_output_with_margins-statewide.csv
[deleted] /home/ubuntu/apps/election-app/win_prob/H/NY/14/snapshots_NY.csv
[deleted] /home/ubuntu/apps/election-app/win_prob/H/NY/14/data_output_NY_with_margins.csv
[deleted] /home/ubuntu/apps/election-app/win_prob/H/NY/14/data_output_NY_with_margins_statewide_eevp.csv
[deleted] /home/ubuntu/apps/election-app/win_prob/H/NY/14/data_output_NY.csv
[deleted] /home/ubuntu/apps/election-app/win_prob/H/NY/14/data_output_NY.csv.checkpoint.json
[deleted] /home/ubuntu/apps/election-app/win_prob/H/NY/14/stats.csv
[deleted] /home/ubuntu/apps/election-app/win_prob/H/NY/14/stats2.csv
[done] removed 16 file(s)
[2026-01-23 19:12:52] INFO: [PIPELINE] args: office=H state=NY district=14
[2026-01-23 19:12:52] INFO: [PIPELINE] WINPROB_DIR resolved to: /home/ubuntu/apps/election-app/win_prob/H/NY/14
[2026-01-23 19:12:52] INFO: [PIPELINE] OUTDIR set to: /home/ubuntu/apps/election-app/win_prob/H/NY/14

$ /home/ubuntu/.venv/bin/python3 /home/ubuntu/apps/election-app/stats/1-statewide.py --input /home/ubuntu/apps/election-app/win_prob/H/NY/14/stats.csv --output /home/ubuntu/apps/election-app/win_prob/H/NY/14/_work/stats_with_statewide.csv
Wrote /home/ubuntu/apps/election-app/win_prob/H/NY/14/_work/stats_with_statewide.csv (rows=2)

$ /home/ubuntu/.venv/bin/python3 /home/ubuntu/apps/election-app/stats/1-stats-2.py --input /home/ubuntu/apps/election-app/win_prob/H/NY/14/stats2.csv --output /home/ubuntu/apps/election-app/win_prob/H/NY/14/_work/stats2_final_headers.csv
Wrote /home/ubuntu/apps/election-app/win_prob/H/NY/14/_work/stats2_final_headers.csv (rows=2)

$ /home/ubuntu/.venv/bin/python3 /home/ubuntu/apps/election-app/stats/1-append-new.py
Wrote 2024_county_results_with_final-old.csv (rows=2, missing_final_matches=0)

$ /home/ubuntu/.venv/bin/python3 /home/ubuntu/apps/election-app/stats/1-change_header.py
Wrote: 2024_county_results_with_final.csv

$ /home/ubuntu/.venv/bin/python3 /home/ubuntu/apps/election-app/stats/1-cut-zero-fips.py
Wrote: 2024_county_results_with_final_1.csv
Rows before: 2
Rows after:  2
Dropped (fips == 0): 0

$ /home/ubuntu/.venv/bin/python3 /home/ubuntu/apps/election-app/stats/2-calc.py
Wrote 2 rows with calculations to /home/ubuntu/apps/election-app/win_prob/H/NY/14/_work/2024_county_results_with_calcs-old.csv

$ /home/ubuntu/.venv/bin/python3 /home/ubuntu/apps/election-app/stats/2-eevp.py
Wrote (no-op copy): 2024_county_results_with_calcs.csv
Columns:
 - timestamp
 - state
 - county
 - fips
 - trump_votes
 - harris_votes
 - other_votes
 - eevp
 - state_eevp
 - harris_votes_statewide
 - trump_votes_statewide
 - other_votes_statewide
 - final_state
 - final_county
 - final_fips
 - final_trump_votes
 - final_harris_votes
 - final_other_votes
 - harris_percent_snapshot
 - trump_percent_snapshot
 - margin_snapshot
 - harris_percent_final
 - trump_percent_final
 - margin_final
 - margin_difference
 - margin_difference_abs

$ /home/ubuntu/.venv/bin/python3 /home/ubuntu/apps/election-app/stats/3-calc-new.py
Wrote 2 rows with new columns to /home/ubuntu/apps/election-app/win_prob/H/NY/14/_work/2024_county_results_with_calcs_new.csv

$ /home/ubuntu/.venv/bin/python3 /home/ubuntu/apps/election-app/stats/4-stats.py
Reading 2024_county_results_with_calcs_new.csv...
Aggregating statewide totals...
Calculating percentages and margins...
Writing to output_statewide_stats.csv...
Done!
[2026-01-23 19:13:01] INFO: [PIPELINE] ENTER win-prob generation | states=['NY'] ts_list=['2024-11-05T15-30-22']

============================================================================
[01/1] STATE = NY
============================================================================

$ /home/ubuntu/.venv/bin/python3 /home/ubuntu/apps/election-app/stats/5-snapshots.py --state NY --input /home/ubuntu/apps/election-app/win_prob/H/NY/14/_work/output_statewide_stats.csv --output /home/ubuntu/apps/election-app/win_prob/H/NY/14/snapshots_NY.csv --start 2024-11-05T15-30-22 --end 2024-11-05T15-30-22 --use-window 1 --interval 30
Mode: windowed-one-state
Rows written: 2
Distinct states in output: NY
Rows per normalized timestamp (empty = unparseable):
  2024-11-05T15-30-22: 2
Wrote /home/ubuntu/apps/election-app/win_prob/H/NY/14/snapshots_NY.csv

$ /home/ubuntu/.venv/bin/python3 /home/ubuntu/apps/election-app/stats/6-pval.py /home/ubuntu/apps/election-app/win_prob/H/NY/14/snapshots_NY.csv -t /home/ubuntu/apps/election-app/stats/parameters.csv -o /home/ubuntu/apps/election-app/win_prob/H/NY/14/data_output_NY.csv -c 50
Done. Wrote: /home/ubuntu/apps/election-app/win_prob/H/NY/14/data_output_NY.csv
Total rows: 2 (chunked, resumable).
Computed columns for PVALS = [0.01, 0.1, 1, 2, 3, 5, 10, 15, 20, 25, 30, 35, 40, 45, 50, 55, 60, 65, 70, 75, 80, 85, 90, 95, 97, 98, 99, 99.9, 99.99]
Per p (leader): shift_{p}, margin_new_{p}, harris_percent_new_{p}, trump_percent_new_{p}, total_snapshot_{p}, total_expected_{p}, harris_votes_new_{p}, trump_votes_new_{p}
Per p (trailing): shift_trailing_{p}, margin_new_{p}_trailing, harris_percent_new_{p}_trailing, trump_percent_new_{p}_trailing, total_snapshot_{p}_trailing, total_expected_{p}_trailing, harris_votes_new_{p}_trailing, trump_votes_new_{p}_trailing
Checkpoint saved at: /home/ubuntu/apps/election-app/win_prob/H/NY/14/data_output_NY.csv.checkpoint.json

$ /home/ubuntu/.venv/bin/python3 /home/ubuntu/apps/election-app/stats/7-margin-new.py
Wrote data_output_with_margins_old.csv

$ /home/ubuntu/.venv/bin/python3 /home/ubuntu/apps/election-app/stats/7-eevp-statewide.py
Wrote data_output_with_margins.csv (copied from data_output_with_margins_old.csv)

$ /home/ubuntu/.venv/bin/python3 /home/ubuntu/apps/election-app/stats/7.py --input /home/ubuntu/apps/election-app/win_prob/H/NY/14/data_output_NY_with_margins_statewide_eevp.csv --output /home/ubuntu/apps/election-app/win_prob/H/NY/14/statewide_margin_pct_vs_percent_NY_2026.png --state NY --start 2024-11-05T15-30-22 --end 2024-11-05T15-30-22 --stats /home/ubuntu/apps/election-app/win_prob/H/NY/14/stats.csv --stats2 /home/ubuntu/apps/election-app/win_prob/H/NY/14/stats2.csv --interval 30 --year 2026 --jsonl /home/ubuntu/apps/election-app/win_prob/H/NY/14/plotdata_NY_2026_2026-01-23T19-12-52.jsonl
[info] evaluating 1 timestamps from 2024-11-05T15-30-22 to 2024-11-05T15-30-22 every 30 minutes
[saved] probs_timeseries_NY.csv  (1 points)
[saved] /home/ubuntu/apps/election-app/win_prob/H/NY/14/plotdata_NY_2026_2026-01-23T19-12-52.jsonl  (4 points)
[saved] /home/ubuntu/apps/election-app/win_prob/H/NY/14/statewide_margin_pct_vs_percent_NY_2026_box.json
[saved] /home/ubuntu/apps/election-app/win_prob/H/NY/14/statewide_margin_pct_vs_percent_NY_2026_box.png
[saved] /home/ubuntu/apps/election-app/win_prob/H/NY/14/statewide_margin_pct_vs_percent_NY_2026.png

All 50 states complete. See: /home/ubuntu/apps/election-app/win_prob/H/NY/14

$ /home/ubuntu/.venv/bin/python3 /home/ubuntu/apps/election-app/stats/8.py --root /home/ubuntu/apps/election-app/win_prob/H/NY/14/_work --outdir /home/ubuntu/apps/election-app/win_prob/H/NY/14
[info] root  = /home/ubuntu/apps/election-app/win_prob/H/NY/14/_work
[info] outdir= /home/ubuntu/apps/election-app/win_prob/H/NY/14
[deleted] /home/ubuntu/apps/election-app/win_prob/H/NY/14/_work/stats_with_statewide.csv
[deleted] /home/ubuntu/apps/election-app/win_prob/H/NY/14/_work/stats2_final_headers.csv
[deleted] /home/ubuntu/apps/election-app/win_prob/H/NY/14/_work/2024_county_results_with_final-old.csv
[deleted] /home/ubuntu/apps/election-app/win_prob/H/NY/14/_work/2024_county_results_with_final.csv
[deleted] /home/ubuntu/apps/election-app/win_prob/H/NY/14/_work/2024_county_results_with_final_1.csv
[deleted] /home/ubuntu/apps/election-app/win_prob/H/NY/14/_work/2024_county_results_with_calcs-old.csv
[deleted] /home/ubuntu/apps/election-app/win_prob/H/NY/14/_work/2024_county_results_with_calcs_new.csv
[deleted] /home/ubuntu/apps/election-app/win_prob/H/NY/14/_work/output_statewide_stats.csv
[skip]    /home/ubuntu/apps/election-app/win_prob/H/NY/14/_work/probs_timeseries_PA.csv
[deleted] /home/ubuntu/apps/election-app/win_prob/H/NY/14/_work/2024_county_results_with_calcs.csv
[skip]    /home/ubuntu/apps/election-app/win_prob/H/NY/14/data_output.csv
[skip]    /home/ubuntu/apps/election-app/win_prob/H/NY/14/data_output_with_margins_old.csv
[skip]    /home/ubuntu/apps/election-app/win_prob/H/NY/14/data_output_with_margins.csv
[skip]    /home/ubuntu/apps/election-app/win_prob/H/NY/14/data_output_with_margins-statewide.csv
[deleted] /home/ubuntu/apps/election-app/win_prob/H/NY/14/snapshots_NY.csv
[deleted] /home/ubuntu/apps/election-app/win_prob/H/NY/14/data_output_NY_with_margins.csv
[deleted] /home/ubuntu/apps/election-app/win_prob/H/NY/14/data_output_NY_with_margins_statewide_eevp.csv
[deleted] /home/ubuntu/apps/election-app/win_prob/H/NY/14/data_output_NY.csv
[deleted] /home/ubuntu/apps/election-app/win_prob/H/NY/14/data_output_NY.csv.checkpoint.json
[deleted] /home/ubuntu/apps/election-app/win_prob/H/NY/14/stats.csv
[deleted] /home/ubuntu/apps/election-app/win_prob/H/NY/14/stats2.csv
[done] removed 16 file(s)
[2026-01-25 16:46:06] INFO: [PIPELINE] args: office=H state=NY district=14
[2026-01-25 16:46:06] INFO: [PIPELINE] WINPROB_DIR resolved to: /home/ubuntu/apps/election-app/win_prob/H/NY/14
[2026-01-25 16:46:06] INFO: [PIPELINE] OUTDIR set to: /home/ubuntu/apps/election-app/win_prob/H/NY/14

$ /home/ubuntu/.venv/bin/python3 /home/ubuntu/apps/election-app/stats/1-statewide.py --input /home/ubuntu/apps/election-app/win_prob/H/NY/14/stats.csv --output /home/ubuntu/apps/election-app/win_prob/H/NY/14/_work/stats_with_statewide.csv
Wrote /home/ubuntu/apps/election-app/win_prob/H/NY/14/_work/stats_with_statewide.csv (rows=2)

$ /home/ubuntu/.venv/bin/python3 /home/ubuntu/apps/election-app/stats/1-stats-2.py --input /home/ubuntu/apps/election-app/win_prob/H/NY/14/stats2.csv --output /home/ubuntu/apps/election-app/win_prob/H/NY/14/_work/stats2_final_headers.csv
Wrote /home/ubuntu/apps/election-app/win_prob/H/NY/14/_work/stats2_final_headers.csv (rows=2)

$ /home/ubuntu/.venv/bin/python3 /home/ubuntu/apps/election-app/stats/1-append-new.py
Wrote 2024_county_results_with_final-old.csv (rows=2, missing_final_matches=0)

$ /home/ubuntu/.venv/bin/python3 /home/ubuntu/apps/election-app/stats/1-change_header.py
Wrote: 2024_county_results_with_final.csv

$ /home/ubuntu/.venv/bin/python3 /home/ubuntu/apps/election-app/stats/1-cut-zero-fips.py
Wrote: 2024_county_results_with_final_1.csv
Rows before: 2
Rows after:  2
Dropped (fips == 0): 0

$ /home/ubuntu/.venv/bin/python3 /home/ubuntu/apps/election-app/stats/2-calc.py
Wrote 2 rows with calculations to /home/ubuntu/apps/election-app/win_prob/H/NY/14/_work/2024_county_results_with_calcs-old.csv

$ /home/ubuntu/.venv/bin/python3 /home/ubuntu/apps/election-app/stats/2-eevp.py
Wrote (no-op copy): 2024_county_results_with_calcs.csv
Columns:
 - timestamp
 - state
 - county
 - fips
 - trump_votes
 - harris_votes
 - other_votes
 - eevp
 - state_eevp
 - harris_votes_statewide
 - trump_votes_statewide
 - other_votes_statewide
 - final_state
 - final_county
 - final_fips
 - final_trump_votes
 - final_harris_votes
 - final_other_votes
 - harris_percent_snapshot
 - trump_percent_snapshot
 - margin_snapshot
 - harris_percent_final
 - trump_percent_final
 - margin_final
 - margin_difference
 - margin_difference_abs

$ /home/ubuntu/.venv/bin/python3 /home/ubuntu/apps/election-app/stats/3-calc-new.py
Wrote 2 rows with new columns to /home/ubuntu/apps/election-app/win_prob/H/NY/14/_work/2024_county_results_with_calcs_new.csv

$ /home/ubuntu/.venv/bin/python3 /home/ubuntu/apps/election-app/stats/4-stats.py
Reading 2024_county_results_with_calcs_new.csv...
Aggregating statewide totals...
Calculating percentages and margins...
Writing to output_statewide_stats.csv...
Done!
[2026-01-25 16:46:17] INFO: [PIPELINE] ENTER win-prob generation | states=['NY'] ts_list=['2024-11-05T15-30-22']

============================================================================
[01/1] STATE = NY
============================================================================

$ /home/ubuntu/.venv/bin/python3 /home/ubuntu/apps/election-app/stats/5-snapshots.py --state NY --input /home/ubuntu/apps/election-app/win_prob/H/NY/14/_work/output_statewide_stats.csv --output /home/ubuntu/apps/election-app/win_prob/H/NY/14/snapshots_NY.csv --start 2024-11-05T15-30-22 --end 2024-11-05T15-30-22 --use-window 1 --interval 30
Mode: windowed-one-state
Rows written: 2
Distinct states in output: NY
Rows per normalized timestamp (empty = unparseable):
  2024-11-05T15-30-22: 2
Wrote /home/ubuntu/apps/election-app/win_prob/H/NY/14/snapshots_NY.csv

$ /home/ubuntu/.venv/bin/python3 /home/ubuntu/apps/election-app/stats/6-pval.py /home/ubuntu/apps/election-app/win_prob/H/NY/14/snapshots_NY.csv -t /home/ubuntu/apps/election-app/stats/parameters.csv -o /home/ubuntu/apps/election-app/win_prob/H/NY/14/data_output_NY.csv -c 50
Done. Wrote: /home/ubuntu/apps/election-app/win_prob/H/NY/14/data_output_NY.csv
Total rows: 2 (chunked, resumable).
Computed columns for PVALS = [0.01, 0.1, 1, 2, 3, 5, 10, 15, 20, 25, 30, 35, 40, 45, 50, 55, 60, 65, 70, 75, 80, 85, 90, 95, 97, 98, 99, 99.9, 99.99]
Per p (leader): shift_{p}, margin_new_{p}, harris_percent_new_{p}, trump_percent_new_{p}, total_snapshot_{p}, total_expected_{p}, harris_votes_new_{p}, trump_votes_new_{p}
Per p (trailing): shift_trailing_{p}, margin_new_{p}_trailing, harris_percent_new_{p}_trailing, trump_percent_new_{p}_trailing, total_snapshot_{p}_trailing, total_expected_{p}_trailing, harris_votes_new_{p}_trailing, trump_votes_new_{p}_trailing
Checkpoint saved at: /home/ubuntu/apps/election-app/win_prob/H/NY/14/data_output_NY.csv.checkpoint.json

$ /home/ubuntu/.venv/bin/python3 /home/ubuntu/apps/election-app/stats/7-margin-new.py
Wrote data_output_with_margins_old.csv

$ /home/ubuntu/.venv/bin/python3 /home/ubuntu/apps/election-app/stats/7-eevp-statewide.py
Wrote data_output_with_margins.csv (copied from data_output_with_margins_old.csv)

$ /home/ubuntu/.venv/bin/python3 /home/ubuntu/apps/election-app/stats/7.py --input /home/ubuntu/apps/election-app/win_prob/H/NY/14/data_output_NY_with_margins_statewide_eevp.csv --output /home/ubuntu/apps/election-app/win_prob/H/NY/14/statewide_margin_pct_vs_percent_NY_2026.png --state NY --start 2024-11-05T15-30-22 --end 2024-11-05T15-30-22 --stats /home/ubuntu/apps/election-app/win_prob/H/NY/14/stats.csv --stats2 /home/ubuntu/apps/election-app/win_prob/H/NY/14/stats2.csv --interval 30 --year 2026 --jsonl /home/ubuntu/apps/election-app/win_prob/H/NY/14/plotdata_NY_2026_2026-01-25T16-46-06.jsonl
[info] evaluating 1 timestamps from 2024-11-05T15-30-22 to 2024-11-05T15-30-22 every 30 minutes
[saved] probs_timeseries_NY.csv  (1 points)
[saved] /home/ubuntu/apps/election-app/win_prob/H/NY/14/plotdata_NY_2026_2026-01-25T16-46-06.jsonl  (0 points)
[saved] /home/ubuntu/apps/election-app/win_prob/H/NY/14/statewide_margin_pct_vs_percent_NY_2026_box.json
[saved] /home/ubuntu/apps/election-app/win_prob/H/NY/14/statewide_margin_pct_vs_percent_NY_2026_box.png
[saved] /home/ubuntu/apps/election-app/win_prob/H/NY/14/statewide_margin_pct_vs_percent_NY_2026.png

All 50 states complete. See: /home/ubuntu/apps/election-app/win_prob/H/NY/14

$ /home/ubuntu/.venv/bin/python3 /home/ubuntu/apps/election-app/stats/8.py --root /home/ubuntu/apps/election-app/win_prob/H/NY/14/_work --outdir /home/ubuntu/apps/election-app/win_prob/H/NY/14
[info] root  = /home/ubuntu/apps/election-app/win_prob/H/NY/14/_work
[info] outdir= /home/ubuntu/apps/election-app/win_prob/H/NY/14
[deleted] /home/ubuntu/apps/election-app/win_prob/H/NY/14/_work/stats_with_statewide.csv
[deleted] /home/ubuntu/apps/election-app/win_prob/H/NY/14/_work/stats2_final_headers.csv
[deleted] /home/ubuntu/apps/election-app/win_prob/H/NY/14/_work/2024_county_results_with_final-old.csv
[deleted] /home/ubuntu/apps/election-app/win_prob/H/NY/14/_work/2024_county_results_with_final.csv
[deleted] /home/ubuntu/apps/election-app/win_prob/H/NY/14/_work/2024_county_results_with_final_1.csv
[deleted] /home/ubuntu/apps/election-app/win_prob/H/NY/14/_work/2024_county_results_with_calcs-old.csv
[deleted] /home/ubuntu/apps/election-app/win_prob/H/NY/14/_work/2024_county_results_with_calcs_new.csv
[deleted] /home/ubuntu/apps/election-app/win_prob/H/NY/14/_work/output_statewide_stats.csv
[skip]    /home/ubuntu/apps/election-app/win_prob/H/NY/14/_work/probs_timeseries_PA.csv
[deleted] /home/ubuntu/apps/election-app/win_prob/H/NY/14/_work/2024_county_results_with_calcs.csv
[skip]    /home/ubuntu/apps/election-app/win_prob/H/NY/14/data_output.csv
[skip]    /home/ubuntu/apps/election-app/win_prob/H/NY/14/data_output_with_margins_old.csv
[skip]    /home/ubuntu/apps/election-app/win_prob/H/NY/14/data_output_with_margins.csv
[skip]    /home/ubuntu/apps/election-app/win_prob/H/NY/14/data_output_with_margins-statewide.csv
[deleted] /home/ubuntu/apps/election-app/win_prob/H/NY/14/snapshots_NY.csv
[deleted] /home/ubuntu/apps/election-app/win_prob/H/NY/14/data_output_NY_with_margins.csv
[deleted] /home/ubuntu/apps/election-app/win_prob/H/NY/14/data_output_NY_with_margins_statewide_eevp.csv
[deleted] /home/ubuntu/apps/election-app/win_prob/H/NY/14/data_output_NY.csv
[deleted] /home/ubuntu/apps/election-app/win_prob/H/NY/14/data_output_NY.csv.checkpoint.json
[deleted] /home/ubuntu/apps/election-app/win_prob/H/NY/14/stats.csv
[deleted] /home/ubuntu/apps/election-app/win_prob/H/NY/14/stats2.csv
[done] removed 16 file(s)
[2026-01-25 17:00:09] INFO: [PIPELINE] args: office=H state=NY district=14
[2026-01-25 17:00:09] INFO: [PIPELINE] WINPROB_DIR resolved to: /home/ubuntu/apps/election-app/win_prob/H/NY/14
[2026-01-25 17:00:09] INFO: [PIPELINE] OUTDIR set to: /home/ubuntu/apps/election-app/win_prob/H/NY/14

$ /home/ubuntu/.venv/bin/python3 /home/ubuntu/apps/election-app/stats/1-statewide.py --input /home/ubuntu/apps/election-app/win_prob/H/NY/14/stats.csv --output /home/ubuntu/apps/election-app/win_prob/H/NY/14/_work/stats_with_statewide.csv
Wrote /home/ubuntu/apps/election-app/win_prob/H/NY/14/_work/stats_with_statewide.csv (rows=2)

$ /home/ubuntu/.venv/bin/python3 /home/ubuntu/apps/election-app/stats/1-stats-2.py --input /home/ubuntu/apps/election-app/win_prob/H/NY/14/stats2.csv --output /home/ubuntu/apps/election-app/win_prob/H/NY/14/_work/stats2_final_headers.csv
Wrote /home/ubuntu/apps/election-app/win_prob/H/NY/14/_work/stats2_final_headers.csv (rows=2)

$ /home/ubuntu/.venv/bin/python3 /home/ubuntu/apps/election-app/stats/1-append-new.py
Wrote 2024_county_results_with_final-old.csv (rows=2, missing_final_matches=0)

$ /home/ubuntu/.venv/bin/python3 /home/ubuntu/apps/election-app/stats/1-change_header.py
Wrote: 2024_county_results_with_final.csv

$ /home/ubuntu/.venv/bin/python3 /home/ubuntu/apps/election-app/stats/1-cut-zero-fips.py
Wrote: 2024_county_results_with_final_1.csv
Rows before: 2
Rows after:  2
Dropped (fips == 0): 0

$ /home/ubuntu/.venv/bin/python3 /home/ubuntu/apps/election-app/stats/2-calc.py
Wrote 2 rows with calculations to /home/ubuntu/apps/election-app/win_prob/H/NY/14/_work/2024_county_results_with_calcs-old.csv

$ /home/ubuntu/.venv/bin/python3 /home/ubuntu/apps/election-app/stats/2-eevp.py
Wrote (no-op copy): 2024_county_results_with_calcs.csv
Columns:
 - timestamp
 - state
 - county
 - fips
 - trump_votes
 - harris_votes
 - other_votes
 - eevp
 - state_eevp
 - harris_votes_statewide
 - trump_votes_statewide
 - other_votes_statewide
 - final_state
 - final_county
 - final_fips
 - final_trump_votes
 - final_harris_votes
 - final_other_votes
 - harris_percent_snapshot
 - trump_percent_snapshot
 - margin_snapshot
 - harris_percent_final
 - trump_percent_final
 - margin_final
 - margin_difference
 - margin_difference_abs

$ /home/ubuntu/.venv/bin/python3 /home/ubuntu/apps/election-app/stats/3-calc-new.py
Wrote 2 rows with new columns to /home/ubuntu/apps/election-app/win_prob/H/NY/14/_work/2024_county_results_with_calcs_new.csv

$ /home/ubuntu/.venv/bin/python3 /home/ubuntu/apps/election-app/stats/4-stats.py
Reading 2024_county_results_with_calcs_new.csv...
Aggregating statewide totals...
Calculating percentages and margins...
Writing to output_statewide_stats.csv...
Done!
[2026-01-25 17:00:20] INFO: [PIPELINE] ENTER win-prob generation | states=['NY'] ts_list=['2024-11-05T15-30-22']

============================================================================
[01/1] STATE = NY
============================================================================

$ /home/ubuntu/.venv/bin/python3 /home/ubuntu/apps/election-app/stats/5-snapshots.py --state NY --input /home/ubuntu/apps/election-app/win_prob/H/NY/14/_work/output_statewide_stats.csv --output /home/ubuntu/apps/election-app/win_prob/H/NY/14/snapshots_NY.csv --start 2024-11-05T15-30-22 --end 2024-11-05T15-30-22 --use-window 1 --interval 30
Mode: windowed-one-state
Rows written: 2
Distinct states in output: NY
Rows per normalized timestamp (empty = unparseable):
  2024-11-05T15-30-22: 2
Wrote /home/ubuntu/apps/election-app/win_prob/H/NY/14/snapshots_NY.csv

$ /home/ubuntu/.venv/bin/python3 /home/ubuntu/apps/election-app/stats/6-pval.py /home/ubuntu/apps/election-app/win_prob/H/NY/14/snapshots_NY.csv -t /home/ubuntu/apps/election-app/stats/parameters.csv -o /home/ubuntu/apps/election-app/win_prob/H/NY/14/data_output_NY.csv -c 50
Done. Wrote: /home/ubuntu/apps/election-app/win_prob/H/NY/14/data_output_NY.csv
Total rows: 2 (chunked, resumable).
Computed columns for PVALS = [0.01, 0.1, 1, 2, 3, 5, 10, 15, 20, 25, 30, 35, 40, 45, 50, 55, 60, 65, 70, 75, 80, 85, 90, 95, 97, 98, 99, 99.9, 99.99]
Per p (leader): shift_{p}, margin_new_{p}, harris_percent_new_{p}, trump_percent_new_{p}, total_snapshot_{p}, total_expected_{p}, harris_votes_new_{p}, trump_votes_new_{p}
Per p (trailing): shift_trailing_{p}, margin_new_{p}_trailing, harris_percent_new_{p}_trailing, trump_percent_new_{p}_trailing, total_snapshot_{p}_trailing, total_expected_{p}_trailing, harris_votes_new_{p}_trailing, trump_votes_new_{p}_trailing
Checkpoint saved at: /home/ubuntu/apps/election-app/win_prob/H/NY/14/data_output_NY.csv.checkpoint.json

$ /home/ubuntu/.venv/bin/python3 /home/ubuntu/apps/election-app/stats/7-margin-new.py
Wrote data_output_with_margins_old.csv

$ /home/ubuntu/.venv/bin/python3 /home/ubuntu/apps/election-app/stats/7-eevp-statewide.py
Wrote data_output_with_margins.csv (copied from data_output_with_margins_old.csv)

$ /home/ubuntu/.venv/bin/python3 /home/ubuntu/apps/election-app/stats/7.py --input /home/ubuntu/apps/election-app/win_prob/H/NY/14/data_output_NY_with_margins_statewide_eevp.csv --output /home/ubuntu/apps/election-app/win_prob/H/NY/14/statewide_margin_pct_vs_percent_NY_2026.png --state NY --start 2024-11-05T15-30-22 --end 2024-11-05T15-30-22 --stats /home/ubuntu/apps/election-app/win_prob/H/NY/14/stats.csv --stats2 /home/ubuntu/apps/election-app/win_prob/H/NY/14/stats2.csv --interval 30 --year 2026 --jsonl /home/ubuntu/apps/election-app/win_prob/H/NY/14/plotdata_NY_2026_2026-01-25T17-00-09.jsonl
[info] evaluating 1 timestamps from 2024-11-05T15-30-22 to 2024-11-05T15-30-22 every 30 minutes
[saved] probs_timeseries_NY.csv  (1 points)
[saved] /home/ubuntu/apps/election-app/win_prob/H/NY/14/plotdata_NY_2026_2026-01-25T17-00-09.jsonl  (4 points)
[saved] /home/ubuntu/apps/election-app/win_prob/H/NY/14/statewide_margin_pct_vs_percent_NY_2026_box.json
[saved] /home/ubuntu/apps/election-app/win_prob/H/NY/14/statewide_margin_pct_vs_percent_NY_2026_box.png
[saved] /home/ubuntu/apps/election-app/win_prob/H/NY/14/statewide_margin_pct_vs_percent_NY_2026.png

All 50 states complete. See: /home/ubuntu/apps/election-app/win_prob/H/NY/14

$ /home/ubuntu/.venv/bin/python3 /home/ubuntu/apps/election-app/stats/8.py --root /home/ubuntu/apps/election-app/win_prob/H/NY/14/_work --outdir /home/ubuntu/apps/election-app/win_prob/H/NY/14
[info] root  = /home/ubuntu/apps/election-app/win_prob/H/NY/14/_work
[info] outdir= /home/ubuntu/apps/election-app/win_prob/H/NY/14
[deleted] /home/ubuntu/apps/election-app/win_prob/H/NY/14/_work/stats_with_statewide.csv
[deleted] /home/ubuntu/apps/election-app/win_prob/H/NY/14/_work/stats2_final_headers.csv
[deleted] /home/ubuntu/apps/election-app/win_prob/H/NY/14/_work/2024_county_results_with_final-old.csv
[deleted] /home/ubuntu/apps/election-app/win_prob/H/NY/14/_work/2024_county_results_with_final.csv
[deleted] /home/ubuntu/apps/election-app/win_prob/H/NY/14/_work/2024_county_results_with_final_1.csv
[deleted] /home/ubuntu/apps/election-app/win_prob/H/NY/14/_work/2024_county_results_with_calcs-old.csv
[deleted] /home/ubuntu/apps/election-app/win_prob/H/NY/14/_work/2024_county_results_with_calcs_new.csv
[deleted] /home/ubuntu/apps/election-app/win_prob/H/NY/14/_work/output_statewide_stats.csv
[skip]    /home/ubuntu/apps/election-app/win_prob/H/NY/14/_work/probs_timeseries_PA.csv
[deleted] /home/ubuntu/apps/election-app/win_prob/H/NY/14/_work/2024_county_results_with_calcs.csv
[skip]    /home/ubuntu/apps/election-app/win_prob/H/NY/14/data_output.csv
[skip]    /home/ubuntu/apps/election-app/win_prob/H/NY/14/data_output_with_margins_old.csv
[skip]    /home/ubuntu/apps/election-app/win_prob/H/NY/14/data_output_with_margins.csv
[skip]    /home/ubuntu/apps/election-app/win_prob/H/NY/14/data_output_with_margins-statewide.csv
[deleted] /home/ubuntu/apps/election-app/win_prob/H/NY/14/snapshots_NY.csv
[deleted] /home/ubuntu/apps/election-app/win_prob/H/NY/14/data_output_NY_with_margins.csv
[deleted] /home/ubuntu/apps/election-app/win_prob/H/NY/14/data_output_NY_with_margins_statewide_eevp.csv
[deleted] /home/ubuntu/apps/election-app/win_prob/H/NY/14/data_output_NY.csv
[deleted] /home/ubuntu/apps/election-app/win_prob/H/NY/14/data_output_NY.csv.checkpoint.json
[deleted] /home/ubuntu/apps/election-app/win_prob/H/NY/14/stats.csv
[deleted] /home/ubuntu/apps/election-app/win_prob/H/NY/14/stats2.csv
[done] removed 16 file(s)
[2026-01-25 17:07:14] INFO: [PIPELINE] args: office=H state=NY district=14
[2026-01-25 17:07:14] INFO: [PIPELINE] WINPROB_DIR resolved to: /home/ubuntu/apps/election-app/win_prob/H/NY/14
[2026-01-25 17:07:14] INFO: [PIPELINE] OUTDIR set to: /home/ubuntu/apps/election-app/win_prob/H/NY/14

$ /home/ubuntu/.venv/bin/python3 /home/ubuntu/apps/election-app/stats/1-statewide.py --input /home/ubuntu/apps/election-app/win_prob/H/NY/14/stats.csv --output /home/ubuntu/apps/election-app/win_prob/H/NY/14/_work/stats_with_statewide.csv
Wrote /home/ubuntu/apps/election-app/win_prob/H/NY/14/_work/stats_with_statewide.csv (rows=2)

$ /home/ubuntu/.venv/bin/python3 /home/ubuntu/apps/election-app/stats/1-stats-2.py --input /home/ubuntu/apps/election-app/win_prob/H/NY/14/stats2.csv --output /home/ubuntu/apps/election-app/win_prob/H/NY/14/_work/stats2_final_headers.csv
Wrote /home/ubuntu/apps/election-app/win_prob/H/NY/14/_work/stats2_final_headers.csv (rows=2)

$ /home/ubuntu/.venv/bin/python3 /home/ubuntu/apps/election-app/stats/1-append-new.py
Wrote 2024_county_results_with_final-old.csv (rows=2, missing_final_matches=0)

$ /home/ubuntu/.venv/bin/python3 /home/ubuntu/apps/election-app/stats/1-change_header.py
Wrote: 2024_county_results_with_final.csv

$ /home/ubuntu/.venv/bin/python3 /home/ubuntu/apps/election-app/stats/1-cut-zero-fips.py
Wrote: 2024_county_results_with_final_1.csv
Rows before: 2
Rows after:  2
Dropped (fips == 0): 0

$ /home/ubuntu/.venv/bin/python3 /home/ubuntu/apps/election-app/stats/2-calc.py
Wrote 2 rows with calculations to /home/ubuntu/apps/election-app/win_prob/H/NY/14/_work/2024_county_results_with_calcs-old.csv

$ /home/ubuntu/.venv/bin/python3 /home/ubuntu/apps/election-app/stats/2-eevp.py
Wrote (no-op copy): 2024_county_results_with_calcs.csv
Columns:
 - timestamp
 - state
 - county
 - fips
 - trump_votes
 - harris_votes
 - other_votes
 - eevp
 - state_eevp
 - harris_votes_statewide
 - trump_votes_statewide
 - other_votes_statewide
 - final_state
 - final_county
 - final_fips
 - final_trump_votes
 - final_harris_votes
 - final_other_votes
 - harris_percent_snapshot
 - trump_percent_snapshot
 - margin_snapshot
 - harris_percent_final
 - trump_percent_final
 - margin_final
 - margin_difference
 - margin_difference_abs

$ /home/ubuntu/.venv/bin/python3 /home/ubuntu/apps/election-app/stats/3-calc-new.py
Wrote 2 rows with new columns to /home/ubuntu/apps/election-app/win_prob/H/NY/14/_work/2024_county_results_with_calcs_new.csv

$ /home/ubuntu/.venv/bin/python3 /home/ubuntu/apps/election-app/stats/4-stats.py
Reading 2024_county_results_with_calcs_new.csv...
Aggregating statewide totals...
Calculating percentages and margins...
Writing to output_statewide_stats.csv...
Done!
[2026-01-25 17:07:24] INFO: [PIPELINE] ENTER win-prob generation | states=['NY'] ts_list=['2024-11-05T15-30-22']

============================================================================
[01/1] STATE = NY
============================================================================

$ /home/ubuntu/.venv/bin/python3 /home/ubuntu/apps/election-app/stats/5-snapshots.py --state NY --input /home/ubuntu/apps/election-app/win_prob/H/NY/14/_work/output_statewide_stats.csv --output /home/ubuntu/apps/election-app/win_prob/H/NY/14/snapshots_NY.csv --start 2024-11-05T15-30-22 --end 2024-11-05T15-30-22 --use-window 1 --interval 30
Mode: windowed-one-state
Rows written: 2
Distinct states in output: NY
Rows per normalized timestamp (empty = unparseable):
  2024-11-05T15-30-22: 2
Wrote /home/ubuntu/apps/election-app/win_prob/H/NY/14/snapshots_NY.csv

$ /home/ubuntu/.venv/bin/python3 /home/ubuntu/apps/election-app/stats/6-pval.py /home/ubuntu/apps/election-app/win_prob/H/NY/14/snapshots_NY.csv -t /home/ubuntu/apps/election-app/stats/parameters.csv -o /home/ubuntu/apps/election-app/win_prob/H/NY/14/data_output_NY.csv -c 50
Done. Wrote: /home/ubuntu/apps/election-app/win_prob/H/NY/14/data_output_NY.csv
Total rows: 2 (chunked, resumable).
Computed columns for PVALS = [0.01, 0.1, 1, 2, 3, 5, 10, 15, 20, 25, 30, 35, 40, 45, 50, 55, 60, 65, 70, 75, 80, 85, 90, 95, 97, 98, 99, 99.9, 99.99]
Per p (leader): shift_{p}, margin_new_{p}, harris_percent_new_{p}, trump_percent_new_{p}, total_snapshot_{p}, total_expected_{p}, harris_votes_new_{p}, trump_votes_new_{p}
Per p (trailing): shift_trailing_{p}, margin_new_{p}_trailing, harris_percent_new_{p}_trailing, trump_percent_new_{p}_trailing, total_snapshot_{p}_trailing, total_expected_{p}_trailing, harris_votes_new_{p}_trailing, trump_votes_new_{p}_trailing
Checkpoint saved at: /home/ubuntu/apps/election-app/win_prob/H/NY/14/data_output_NY.csv.checkpoint.json

$ /home/ubuntu/.venv/bin/python3 /home/ubuntu/apps/election-app/stats/7-margin-new.py
Wrote data_output_with_margins_old.csv

$ /home/ubuntu/.venv/bin/python3 /home/ubuntu/apps/election-app/stats/7-eevp-statewide.py
Wrote data_output_with_margins.csv (copied from data_output_with_margins_old.csv)

$ /home/ubuntu/.venv/bin/python3 /home/ubuntu/apps/election-app/stats/7.py --input /home/ubuntu/apps/election-app/win_prob/H/NY/14/data_output_NY_with_margins_statewide_eevp.csv --output /home/ubuntu/apps/election-app/win_prob/H/NY/14/statewide_margin_pct_vs_percent_NY_2026.png --state NY --start 2024-11-05T15-30-22 --end 2024-11-05T15-30-22 --stats /home/ubuntu/apps/election-app/win_prob/H/NY/14/stats.csv --stats2 /home/ubuntu/apps/election-app/win_prob/H/NY/14/stats2.csv --interval 30 --year 2026 --jsonl /home/ubuntu/apps/election-app/win_prob/H/NY/14/plotdata_NY_2026_2026-01-25T17-07-14.jsonl
[info] evaluating 1 timestamps from 2024-11-05T15-30-22 to 2024-11-05T15-30-22 every 30 minutes
[saved] probs_timeseries_NY.csv  (1 points)
[saved] /home/ubuntu/apps/election-app/win_prob/H/NY/14/plotdata_NY_2026_2026-01-25T17-07-14.jsonl  (4 points)
[saved] /home/ubuntu/apps/election-app/win_prob/H/NY/14/statewide_margin_pct_vs_percent_NY_2026_box.json
[saved] /home/ubuntu/apps/election-app/win_prob/H/NY/14/statewide_margin_pct_vs_percent_NY_2026_box.png
[saved] /home/ubuntu/apps/election-app/win_prob/H/NY/14/statewide_margin_pct_vs_percent_NY_2026.png

All 50 states complete. See: /home/ubuntu/apps/election-app/win_prob/H/NY/14

$ /home/ubuntu/.venv/bin/python3 /home/ubuntu/apps/election-app/stats/8.py --root /home/ubuntu/apps/election-app/win_prob/H/NY/14/_work --outdir /home/ubuntu/apps/election-app/win_prob/H/NY/14
[info] root  = /home/ubuntu/apps/election-app/win_prob/H/NY/14/_work
[info] outdir= /home/ubuntu/apps/election-app/win_prob/H/NY/14
[deleted] /home/ubuntu/apps/election-app/win_prob/H/NY/14/_work/stats_with_statewide.csv
[deleted] /home/ubuntu/apps/election-app/win_prob/H/NY/14/_work/stats2_final_headers.csv
[deleted] /home/ubuntu/apps/election-app/win_prob/H/NY/14/_work/2024_county_results_with_final-old.csv
[deleted] /home/ubuntu/apps/election-app/win_prob/H/NY/14/_work/2024_county_results_with_final.csv
[deleted] /home/ubuntu/apps/election-app/win_prob/H/NY/14/_work/2024_county_results_with_final_1.csv
[deleted] /home/ubuntu/apps/election-app/win_prob/H/NY/14/_work/2024_county_results_with_calcs-old.csv
[deleted] /home/ubuntu/apps/election-app/win_prob/H/NY/14/_work/2024_county_results_with_calcs_new.csv
[deleted] /home/ubuntu/apps/election-app/win_prob/H/NY/14/_work/output_statewide_stats.csv
[skip]    /home/ubuntu/apps/election-app/win_prob/H/NY/14/_work/probs_timeseries_PA.csv
[deleted] /home/ubuntu/apps/election-app/win_prob/H/NY/14/_work/2024_county_results_with_calcs.csv
[skip]    /home/ubuntu/apps/election-app/win_prob/H/NY/14/data_output.csv
[skip]    /home/ubuntu/apps/election-app/win_prob/H/NY/14/data_output_with_margins_old.csv
[skip]    /home/ubuntu/apps/election-app/win_prob/H/NY/14/data_output_with_margins.csv
[skip]    /home/ubuntu/apps/election-app/win_prob/H/NY/14/data_output_with_margins-statewide.csv
[deleted] /home/ubuntu/apps/election-app/win_prob/H/NY/14/snapshots_NY.csv
[deleted] /home/ubuntu/apps/election-app/win_prob/H/NY/14/data_output_NY_with_margins.csv
[deleted] /home/ubuntu/apps/election-app/win_prob/H/NY/14/data_output_NY_with_margins_statewide_eevp.csv
[deleted] /home/ubuntu/apps/election-app/win_prob/H/NY/14/data_output_NY.csv
[deleted] /home/ubuntu/apps/election-app/win_prob/H/NY/14/data_output_NY.csv.checkpoint.json
[deleted] /home/ubuntu/apps/election-app/win_prob/H/NY/14/stats.csv
[deleted] /home/ubuntu/apps/election-app/win_prob/H/NY/14/stats2.csv
[done] removed 16 file(s)
[2026-01-25 17:14:25] INFO: [PIPELINE] args: office=H state=NY district=14
[2026-01-25 17:14:25] INFO: [PIPELINE] WINPROB_DIR resolved to: /home/ubuntu/apps/election-app/win_prob/H/NY/14
[2026-01-25 17:14:25] INFO: [PIPELINE] OUTDIR set to: /home/ubuntu/apps/election-app/win_prob/H/NY/14

$ /home/ubuntu/.venv/bin/python3 /home/ubuntu/apps/election-app/stats/1-statewide.py --input /home/ubuntu/apps/election-app/win_prob/H/NY/14/stats.csv --output /home/ubuntu/apps/election-app/win_prob/H/NY/14/_work/stats_with_statewide.csv
Wrote /home/ubuntu/apps/election-app/win_prob/H/NY/14/_work/stats_with_statewide.csv (rows=2)

$ /home/ubuntu/.venv/bin/python3 /home/ubuntu/apps/election-app/stats/1-stats-2.py --input /home/ubuntu/apps/election-app/win_prob/H/NY/14/stats2.csv --output /home/ubuntu/apps/election-app/win_prob/H/NY/14/_work/stats2_final_headers.csv
Wrote /home/ubuntu/apps/election-app/win_prob/H/NY/14/_work/stats2_final_headers.csv (rows=2)

$ /home/ubuntu/.venv/bin/python3 /home/ubuntu/apps/election-app/stats/1-append-new.py
Wrote 2024_county_results_with_final-old.csv (rows=2, missing_final_matches=0)

$ /home/ubuntu/.venv/bin/python3 /home/ubuntu/apps/election-app/stats/1-change_header.py
Wrote: 2024_county_results_with_final.csv

$ /home/ubuntu/.venv/bin/python3 /home/ubuntu/apps/election-app/stats/1-cut-zero-fips.py
Wrote: 2024_county_results_with_final_1.csv
Rows before: 2
Rows after:  2
Dropped (fips == 0): 0

$ /home/ubuntu/.venv/bin/python3 /home/ubuntu/apps/election-app/stats/2-calc.py
Wrote 2 rows with calculations to /home/ubuntu/apps/election-app/win_prob/H/NY/14/_work/2024_county_results_with_calcs-old.csv

$ /home/ubuntu/.venv/bin/python3 /home/ubuntu/apps/election-app/stats/2-eevp.py
Wrote (no-op copy): 2024_county_results_with_calcs.csv
Columns:
 - timestamp
 - state
 - county
 - fips
 - trump_votes
 - harris_votes
 - other_votes
 - eevp
 - state_eevp
 - harris_votes_statewide
 - trump_votes_statewide
 - other_votes_statewide
 - final_state
 - final_county
 - final_fips
 - final_trump_votes
 - final_harris_votes
 - final_other_votes
 - harris_percent_snapshot
 - trump_percent_snapshot
 - margin_snapshot
 - harris_percent_final
 - trump_percent_final
 - margin_final
 - margin_difference
 - margin_difference_abs

$ /home/ubuntu/.venv/bin/python3 /home/ubuntu/apps/election-app/stats/3-calc-new.py
Wrote 2 rows with new columns to /home/ubuntu/apps/election-app/win_prob/H/NY/14/_work/2024_county_results_with_calcs_new.csv

$ /home/ubuntu/.venv/bin/python3 /home/ubuntu/apps/election-app/stats/4-stats.py
Reading 2024_county_results_with_calcs_new.csv...
Aggregating statewide totals...
Calculating percentages and margins...
Writing to output_statewide_stats.csv...
Done!
[2026-01-25 17:14:34] INFO: [PIPELINE] ENTER win-prob generation | states=['NY'] ts_list=['2024-11-05T15-30-22']

============================================================================
[01/1] STATE = NY
============================================================================

$ /home/ubuntu/.venv/bin/python3 /home/ubuntu/apps/election-app/stats/5-snapshots.py --state NY --input /home/ubuntu/apps/election-app/win_prob/H/NY/14/_work/output_statewide_stats.csv --output /home/ubuntu/apps/election-app/win_prob/H/NY/14/snapshots_NY.csv --start 2024-11-05T15-30-22 --end 2024-11-05T15-30-22 --use-window 1 --interval 30
Mode: windowed-one-state
Rows written: 2
Distinct states in output: NY
Rows per normalized timestamp (empty = unparseable):
  2024-11-05T15-30-22: 2
Wrote /home/ubuntu/apps/election-app/win_prob/H/NY/14/snapshots_NY.csv

$ /home/ubuntu/.venv/bin/python3 /home/ubuntu/apps/election-app/stats/6-pval.py /home/ubuntu/apps/election-app/win_prob/H/NY/14/snapshots_NY.csv -t /home/ubuntu/apps/election-app/stats/parameters.csv -o /home/ubuntu/apps/election-app/win_prob/H/NY/14/data_output_NY.csv -c 50
Done. Wrote: /home/ubuntu/apps/election-app/win_prob/H/NY/14/data_output_NY.csv
Total rows: 2 (chunked, resumable).
Computed columns for PVALS = [0.01, 0.1, 1, 2, 3, 5, 10, 15, 20, 25, 30, 35, 40, 45, 50, 55, 60, 65, 70, 75, 80, 85, 90, 95, 97, 98, 99, 99.9, 99.99]
Per p (leader): shift_{p}, margin_new_{p}, harris_percent_new_{p}, trump_percent_new_{p}, total_snapshot_{p}, total_expected_{p}, harris_votes_new_{p}, trump_votes_new_{p}
Per p (trailing): shift_trailing_{p}, margin_new_{p}_trailing, harris_percent_new_{p}_trailing, trump_percent_new_{p}_trailing, total_snapshot_{p}_trailing, total_expected_{p}_trailing, harris_votes_new_{p}_trailing, trump_votes_new_{p}_trailing
Checkpoint saved at: /home/ubuntu/apps/election-app/win_prob/H/NY/14/data_output_NY.csv.checkpoint.json

$ /home/ubuntu/.venv/bin/python3 /home/ubuntu/apps/election-app/stats/7-margin-new.py
Wrote data_output_with_margins_old.csv

$ /home/ubuntu/.venv/bin/python3 /home/ubuntu/apps/election-app/stats/7-eevp-statewide.py
Wrote data_output_with_margins.csv (copied from data_output_with_margins_old.csv)

$ /home/ubuntu/.venv/bin/python3 /home/ubuntu/apps/election-app/stats/7.py --input /home/ubuntu/apps/election-app/win_prob/H/NY/14/data_output_NY_with_margins_statewide_eevp.csv --output /home/ubuntu/apps/election-app/win_prob/H/NY/14/statewide_margin_pct_vs_percent_NY_2026.png --state NY --start 2024-11-05T15-30-22 --end 2024-11-05T15-30-22 --stats /home/ubuntu/apps/election-app/win_prob/H/NY/14/stats.csv --stats2 /home/ubuntu/apps/election-app/win_prob/H/NY/14/stats2.csv --interval 30 --year 2026 --jsonl /home/ubuntu/apps/election-app/win_prob/H/NY/14/plotdata_NY_2026_2026-01-25T17-14-25.jsonl
[info] evaluating 1 timestamps from 2024-11-05T15-30-22 to 2024-11-05T15-30-22 every 30 minutes
[saved] probs_timeseries_NY.csv  (1 points)
[saved] /home/ubuntu/apps/election-app/win_prob/H/NY/14/plotdata_NY_2026_2026-01-25T17-14-25.jsonl  (4 points)
[saved] /home/ubuntu/apps/election-app/win_prob/H/NY/14/statewide_margin_pct_vs_percent_NY_2026_box.json
[saved] /home/ubuntu/apps/election-app/win_prob/H/NY/14/statewide_margin_pct_vs_percent_NY_2026_box.png
[saved] /home/ubuntu/apps/election-app/win_prob/H/NY/14/statewide_margin_pct_vs_percent_NY_2026.png

All 50 states complete. See: /home/ubuntu/apps/election-app/win_prob/H/NY/14

$ /home/ubuntu/.venv/bin/python3 /home/ubuntu/apps/election-app/stats/8.py --root /home/ubuntu/apps/election-app/win_prob/H/NY/14/_work --outdir /home/ubuntu/apps/election-app/win_prob/H/NY/14
[info] root  = /home/ubuntu/apps/election-app/win_prob/H/NY/14/_work
[info] outdir= /home/ubuntu/apps/election-app/win_prob/H/NY/14
[deleted] /home/ubuntu/apps/election-app/win_prob/H/NY/14/_work/stats_with_statewide.csv
[deleted] /home/ubuntu/apps/election-app/win_prob/H/NY/14/_work/stats2_final_headers.csv
[deleted] /home/ubuntu/apps/election-app/win_prob/H/NY/14/_work/2024_county_results_with_final-old.csv
[deleted] /home/ubuntu/apps/election-app/win_prob/H/NY/14/_work/2024_county_results_with_final.csv
[deleted] /home/ubuntu/apps/election-app/win_prob/H/NY/14/_work/2024_county_results_with_final_1.csv
[deleted] /home/ubuntu/apps/election-app/win_prob/H/NY/14/_work/2024_county_results_with_calcs-old.csv
[deleted] /home/ubuntu/apps/election-app/win_prob/H/NY/14/_work/2024_county_results_with_calcs_new.csv
[deleted] /home/ubuntu/apps/election-app/win_prob/H/NY/14/_work/output_statewide_stats.csv
[skip]    /home/ubuntu/apps/election-app/win_prob/H/NY/14/_work/probs_timeseries_PA.csv
[deleted] /home/ubuntu/apps/election-app/win_prob/H/NY/14/_work/2024_county_results_with_calcs.csv
[skip]    /home/ubuntu/apps/election-app/win_prob/H/NY/14/data_output.csv
[skip]    /home/ubuntu/apps/election-app/win_prob/H/NY/14/data_output_with_margins_old.csv
[skip]    /home/ubuntu/apps/election-app/win_prob/H/NY/14/data_output_with_margins.csv
[skip]    /home/ubuntu/apps/election-app/win_prob/H/NY/14/data_output_with_margins-statewide.csv
[deleted] /home/ubuntu/apps/election-app/win_prob/H/NY/14/snapshots_NY.csv
[deleted] /home/ubuntu/apps/election-app/win_prob/H/NY/14/data_output_NY_with_margins.csv
[deleted] /home/ubuntu/apps/election-app/win_prob/H/NY/14/data_output_NY_with_margins_statewide_eevp.csv
[deleted] /home/ubuntu/apps/election-app/win_prob/H/NY/14/data_output_NY.csv
[deleted] /home/ubuntu/apps/election-app/win_prob/H/NY/14/data_output_NY.csv.checkpoint.json
[deleted] /home/ubuntu/apps/election-app/win_prob/H/NY/14/stats.csv
[deleted] /home/ubuntu/apps/election-app/win_prob/H/NY/14/stats2.csv
[done] removed 16 file(s)
[2026-01-25 17:21:29] INFO: [PIPELINE] args: office=H state=NY district=14
[2026-01-25 17:21:29] INFO: [PIPELINE] WINPROB_DIR resolved to: /home/ubuntu/apps/election-app/win_prob/H/NY/14
[2026-01-25 17:21:29] INFO: [PIPELINE] OUTDIR set to: /home/ubuntu/apps/election-app/win_prob/H/NY/14

$ /home/ubuntu/.venv/bin/python3 /home/ubuntu/apps/election-app/stats/1-statewide.py --input /home/ubuntu/apps/election-app/win_prob/H/NY/14/stats.csv --output /home/ubuntu/apps/election-app/win_prob/H/NY/14/_work/stats_with_statewide.csv
Wrote /home/ubuntu/apps/election-app/win_prob/H/NY/14/_work/stats_with_statewide.csv (rows=2)

$ /home/ubuntu/.venv/bin/python3 /home/ubuntu/apps/election-app/stats/1-stats-2.py --input /home/ubuntu/apps/election-app/win_prob/H/NY/14/stats2.csv --output /home/ubuntu/apps/election-app/win_prob/H/NY/14/_work/stats2_final_headers.csv
Wrote /home/ubuntu/apps/election-app/win_prob/H/NY/14/_work/stats2_final_headers.csv (rows=2)

$ /home/ubuntu/.venv/bin/python3 /home/ubuntu/apps/election-app/stats/1-append-new.py
Wrote 2024_county_results_with_final-old.csv (rows=2, missing_final_matches=0)

$ /home/ubuntu/.venv/bin/python3 /home/ubuntu/apps/election-app/stats/1-change_header.py
Wrote: 2024_county_results_with_final.csv

$ /home/ubuntu/.venv/bin/python3 /home/ubuntu/apps/election-app/stats/1-cut-zero-fips.py
Wrote: 2024_county_results_with_final_1.csv
Rows before: 2
Rows after:  2
Dropped (fips == 0): 0

$ /home/ubuntu/.venv/bin/python3 /home/ubuntu/apps/election-app/stats/2-calc.py
Wrote 2 rows with calculations to /home/ubuntu/apps/election-app/win_prob/H/NY/14/_work/2024_county_results_with_calcs-old.csv

$ /home/ubuntu/.venv/bin/python3 /home/ubuntu/apps/election-app/stats/2-eevp.py
Wrote (no-op copy): 2024_county_results_with_calcs.csv
Columns:
 - timestamp
 - state
 - county
 - fips
 - trump_votes
 - harris_votes
 - other_votes
 - eevp
 - state_eevp
 - harris_votes_statewide
 - trump_votes_statewide
 - other_votes_statewide
 - final_state
 - final_county
 - final_fips
 - final_trump_votes
 - final_harris_votes
 - final_other_votes
 - harris_percent_snapshot
 - trump_percent_snapshot
 - margin_snapshot
 - harris_percent_final
 - trump_percent_final
 - margin_final
 - margin_difference
 - margin_difference_abs

$ /home/ubuntu/.venv/bin/python3 /home/ubuntu/apps/election-app/stats/3-calc-new.py
Wrote 2 rows with new columns to /home/ubuntu/apps/election-app/win_prob/H/NY/14/_work/2024_county_results_with_calcs_new.csv

$ /home/ubuntu/.venv/bin/python3 /home/ubuntu/apps/election-app/stats/4-stats.py
Reading 2024_county_results_with_calcs_new.csv...
Aggregating statewide totals...
Calculating percentages and margins...
Writing to output_statewide_stats.csv...
Done!
[2026-01-25 17:21:39] INFO: [PIPELINE] ENTER win-prob generation | states=['NY'] ts_list=['2024-11-05T15-30-22']

============================================================================
[01/1] STATE = NY
============================================================================

$ /home/ubuntu/.venv/bin/python3 /home/ubuntu/apps/election-app/stats/5-snapshots.py --state NY --input /home/ubuntu/apps/election-app/win_prob/H/NY/14/_work/output_statewide_stats.csv --output /home/ubuntu/apps/election-app/win_prob/H/NY/14/snapshots_NY.csv --start 2024-11-05T15-30-22 --end 2024-11-05T15-30-22 --use-window 1 --interval 30
Mode: windowed-one-state
Rows written: 2
Distinct states in output: NY
Rows per normalized timestamp (empty = unparseable):
  2024-11-05T15-30-22: 2
Wrote /home/ubuntu/apps/election-app/win_prob/H/NY/14/snapshots_NY.csv

$ /home/ubuntu/.venv/bin/python3 /home/ubuntu/apps/election-app/stats/6-pval.py /home/ubuntu/apps/election-app/win_prob/H/NY/14/snapshots_NY.csv -t /home/ubuntu/apps/election-app/stats/parameters.csv -o /home/ubuntu/apps/election-app/win_prob/H/NY/14/data_output_NY.csv -c 50
Done. Wrote: /home/ubuntu/apps/election-app/win_prob/H/NY/14/data_output_NY.csv
Total rows: 2 (chunked, resumable).
Computed columns for PVALS = [0.01, 0.1, 1, 2, 3, 5, 10, 15, 20, 25, 30, 35, 40, 45, 50, 55, 60, 65, 70, 75, 80, 85, 90, 95, 97, 98, 99, 99.9, 99.99]
Per p (leader): shift_{p}, margin_new_{p}, harris_percent_new_{p}, trump_percent_new_{p}, total_snapshot_{p}, total_expected_{p}, harris_votes_new_{p}, trump_votes_new_{p}
Per p (trailing): shift_trailing_{p}, margin_new_{p}_trailing, harris_percent_new_{p}_trailing, trump_percent_new_{p}_trailing, total_snapshot_{p}_trailing, total_expected_{p}_trailing, harris_votes_new_{p}_trailing, trump_votes_new_{p}_trailing
Checkpoint saved at: /home/ubuntu/apps/election-app/win_prob/H/NY/14/data_output_NY.csv.checkpoint.json

$ /home/ubuntu/.venv/bin/python3 /home/ubuntu/apps/election-app/stats/7-margin-new.py
Wrote data_output_with_margins_old.csv

$ /home/ubuntu/.venv/bin/python3 /home/ubuntu/apps/election-app/stats/7-eevp-statewide.py
Wrote data_output_with_margins.csv (copied from data_output_with_margins_old.csv)

$ /home/ubuntu/.venv/bin/python3 /home/ubuntu/apps/election-app/stats/7.py --input /home/ubuntu/apps/election-app/win_prob/H/NY/14/data_output_NY_with_margins_statewide_eevp.csv --output /home/ubuntu/apps/election-app/win_prob/H/NY/14/statewide_margin_pct_vs_percent_NY_2026.png --state NY --start 2024-11-05T15-30-22 --end 2024-11-05T15-30-22 --stats /home/ubuntu/apps/election-app/win_prob/H/NY/14/stats.csv --stats2 /home/ubuntu/apps/election-app/win_prob/H/NY/14/stats2.csv --interval 30 --year 2026 --jsonl /home/ubuntu/apps/election-app/win_prob/H/NY/14/plotdata_NY_2026_2026-01-25T17-21-29.jsonl
[info] evaluating 1 timestamps from 2024-11-05T15-30-22 to 2024-11-05T15-30-22 every 30 minutes
[saved] probs_timeseries_NY.csv  (1 points)
[saved] /home/ubuntu/apps/election-app/win_prob/H/NY/14/plotdata_NY_2026_2026-01-25T17-21-29.jsonl  (4 points)
[saved] /home/ubuntu/apps/election-app/win_prob/H/NY/14/statewide_margin_pct_vs_percent_NY_2026_box.json
[saved] /home/ubuntu/apps/election-app/win_prob/H/NY/14/statewide_margin_pct_vs_percent_NY_2026_box.png
[saved] /home/ubuntu/apps/election-app/win_prob/H/NY/14/statewide_margin_pct_vs_percent_NY_2026.png

All 50 states complete. See: /home/ubuntu/apps/election-app/win_prob/H/NY/14

$ /home/ubuntu/.venv/bin/python3 /home/ubuntu/apps/election-app/stats/8.py --root /home/ubuntu/apps/election-app/win_prob/H/NY/14/_work --outdir /home/ubuntu/apps/election-app/win_prob/H/NY/14
[info] root  = /home/ubuntu/apps/election-app/win_prob/H/NY/14/_work
[info] outdir= /home/ubuntu/apps/election-app/win_prob/H/NY/14
[deleted] /home/ubuntu/apps/election-app/win_prob/H/NY/14/_work/stats_with_statewide.csv
[deleted] /home/ubuntu/apps/election-app/win_prob/H/NY/14/_work/stats2_final_headers.csv
[deleted] /home/ubuntu/apps/election-app/win_prob/H/NY/14/_work/2024_county_results_with_final-old.csv
[deleted] /home/ubuntu/apps/election-app/win_prob/H/NY/14/_work/2024_county_results_with_final.csv
[deleted] /home/ubuntu/apps/election-app/win_prob/H/NY/14/_work/2024_county_results_with_final_1.csv
[deleted] /home/ubuntu/apps/election-app/win_prob/H/NY/14/_work/2024_county_results_with_calcs-old.csv
[deleted] /home/ubuntu/apps/election-app/win_prob/H/NY/14/_work/2024_county_results_with_calcs_new.csv
[deleted] /home/ubuntu/apps/election-app/win_prob/H/NY/14/_work/output_statewide_stats.csv
[skip]    /home/ubuntu/apps/election-app/win_prob/H/NY/14/_work/probs_timeseries_PA.csv
[deleted] /home/ubuntu/apps/election-app/win_prob/H/NY/14/_work/2024_county_results_with_calcs.csv
[skip]    /home/ubuntu/apps/election-app/win_prob/H/NY/14/data_output.csv
[skip]    /home/ubuntu/apps/election-app/win_prob/H/NY/14/data_output_with_margins_old.csv
[skip]    /home/ubuntu/apps/election-app/win_prob/H/NY/14/data_output_with_margins.csv
[skip]    /home/ubuntu/apps/election-app/win_prob/H/NY/14/data_output_with_margins-statewide.csv
[deleted] /home/ubuntu/apps/election-app/win_prob/H/NY/14/snapshots_NY.csv
[deleted] /home/ubuntu/apps/election-app/win_prob/H/NY/14/data_output_NY_with_margins.csv
[deleted] /home/ubuntu/apps/election-app/win_prob/H/NY/14/data_output_NY_with_margins_statewide_eevp.csv
[deleted] /home/ubuntu/apps/election-app/win_prob/H/NY/14/data_output_NY.csv
[deleted] /home/ubuntu/apps/election-app/win_prob/H/NY/14/data_output_NY.csv.checkpoint.json
[deleted] /home/ubuntu/apps/election-app/win_prob/H/NY/14/stats.csv
[deleted] /home/ubuntu/apps/election-app/win_prob/H/NY/14/stats2.csv
[done] removed 16 file(s)
[2026-01-25 17:34:13] INFO: [PIPELINE] args: office=H state=NY district=14
[2026-01-25 17:34:13] INFO: [PIPELINE] WINPROB_DIR resolved to: /home/ubuntu/apps/election-app/win_prob/H/NY/14
[2026-01-25 17:34:13] INFO: [PIPELINE] OUTDIR set to: /home/ubuntu/apps/election-app/win_prob/H/NY/14

$ /home/ubuntu/.venv/bin/python3 /home/ubuntu/apps/election-app/stats/1-statewide.py --input /home/ubuntu/apps/election-app/win_prob/H/NY/14/stats.csv --output /home/ubuntu/apps/election-app/win_prob/H/NY/14/_work/stats_with_statewide.csv
Wrote /home/ubuntu/apps/election-app/win_prob/H/NY/14/_work/stats_with_statewide.csv (rows=2)

$ /home/ubuntu/.venv/bin/python3 /home/ubuntu/apps/election-app/stats/1-stats-2.py --input /home/ubuntu/apps/election-app/win_prob/H/NY/14/stats2.csv --output /home/ubuntu/apps/election-app/win_prob/H/NY/14/_work/stats2_final_headers.csv
Wrote /home/ubuntu/apps/election-app/win_prob/H/NY/14/_work/stats2_final_headers.csv (rows=2)

$ /home/ubuntu/.venv/bin/python3 /home/ubuntu/apps/election-app/stats/1-append-new.py
Wrote 2024_county_results_with_final-old.csv (rows=2, missing_final_matches=0)

$ /home/ubuntu/.venv/bin/python3 /home/ubuntu/apps/election-app/stats/1-change_header.py
Wrote: 2024_county_results_with_final.csv

$ /home/ubuntu/.venv/bin/python3 /home/ubuntu/apps/election-app/stats/1-cut-zero-fips.py
Wrote: 2024_county_results_with_final_1.csv
Rows before: 2
Rows after:  2
Dropped (fips == 0): 0

$ /home/ubuntu/.venv/bin/python3 /home/ubuntu/apps/election-app/stats/2-calc.py
Wrote 2 rows with calculations to /home/ubuntu/apps/election-app/win_prob/H/NY/14/_work/2024_county_results_with_calcs-old.csv

$ /home/ubuntu/.venv/bin/python3 /home/ubuntu/apps/election-app/stats/2-eevp.py
Wrote (no-op copy): 2024_county_results_with_calcs.csv
Columns:
 - timestamp
 - state
 - county
 - fips
 - trump_votes
 - harris_votes
 - other_votes
 - eevp
 - state_eevp
 - harris_votes_statewide
 - trump_votes_statewide
 - other_votes_statewide
 - final_state
 - final_county
 - final_fips
 - final_trump_votes
 - final_harris_votes
 - final_other_votes
 - harris_percent_snapshot
 - trump_percent_snapshot
 - margin_snapshot
 - harris_percent_final
 - trump_percent_final
 - margin_final
 - margin_difference
 - margin_difference_abs

$ /home/ubuntu/.venv/bin/python3 /home/ubuntu/apps/election-app/stats/3-calc-new.py
Wrote 2 rows with new columns to /home/ubuntu/apps/election-app/win_prob/H/NY/14/_work/2024_county_results_with_calcs_new.csv

$ /home/ubuntu/.venv/bin/python3 /home/ubuntu/apps/election-app/stats/4-stats.py
Reading 2024_county_results_with_calcs_new.csv...
Aggregating statewide totals...
Calculating percentages and margins...
Writing to output_statewide_stats.csv...
Done!
[2026-01-25 17:34:23] INFO: [PIPELINE] ENTER win-prob generation | states=['NY'] ts_list=['2024-11-05T15-30-22']

============================================================================
[01/1] STATE = NY
============================================================================

$ /home/ubuntu/.venv/bin/python3 /home/ubuntu/apps/election-app/stats/5-snapshots.py --state NY --input /home/ubuntu/apps/election-app/win_prob/H/NY/14/_work/output_statewide_stats.csv --output /home/ubuntu/apps/election-app/win_prob/H/NY/14/snapshots_NY.csv --start 2024-11-05T15-30-22 --end 2024-11-05T15-30-22 --use-window 1 --interval 30
Mode: windowed-one-state
Rows written: 2
Distinct states in output: NY
Rows per normalized timestamp (empty = unparseable):
  2024-11-05T15-30-22: 2
Wrote /home/ubuntu/apps/election-app/win_prob/H/NY/14/snapshots_NY.csv

$ /home/ubuntu/.venv/bin/python3 /home/ubuntu/apps/election-app/stats/6-pval.py /home/ubuntu/apps/election-app/win_prob/H/NY/14/snapshots_NY.csv -t /home/ubuntu/apps/election-app/stats/parameters.csv -o /home/ubuntu/apps/election-app/win_prob/H/NY/14/data_output_NY.csv -c 50
Done. Wrote: /home/ubuntu/apps/election-app/win_prob/H/NY/14/data_output_NY.csv
Total rows: 2 (chunked, resumable).
Computed columns for PVALS = [0.01, 0.1, 1, 2, 3, 5, 10, 15, 20, 25, 30, 35, 40, 45, 50, 55, 60, 65, 70, 75, 80, 85, 90, 95, 97, 98, 99, 99.9, 99.99]
Per p (leader): shift_{p}, margin_new_{p}, harris_percent_new_{p}, trump_percent_new_{p}, total_snapshot_{p}, total_expected_{p}, harris_votes_new_{p}, trump_votes_new_{p}
Per p (trailing): shift_trailing_{p}, margin_new_{p}_trailing, harris_percent_new_{p}_trailing, trump_percent_new_{p}_trailing, total_snapshot_{p}_trailing, total_expected_{p}_trailing, harris_votes_new_{p}_trailing, trump_votes_new_{p}_trailing
Checkpoint saved at: /home/ubuntu/apps/election-app/win_prob/H/NY/14/data_output_NY.csv.checkpoint.json

$ /home/ubuntu/.venv/bin/python3 /home/ubuntu/apps/election-app/stats/7-margin-new.py
Wrote data_output_with_margins_old.csv

$ /home/ubuntu/.venv/bin/python3 /home/ubuntu/apps/election-app/stats/7-eevp-statewide.py
Wrote data_output_with_margins.csv (copied from data_output_with_margins_old.csv)

$ /home/ubuntu/.venv/bin/python3 /home/ubuntu/apps/election-app/stats/7.py --input /home/ubuntu/apps/election-app/win_prob/H/NY/14/data_output_NY_with_margins_statewide_eevp.csv --output /home/ubuntu/apps/election-app/win_prob/H/NY/14/statewide_margin_pct_vs_percent_NY_2026.png --state NY --start 2024-11-05T15-30-22 --end 2024-11-05T15-30-22 --stats /home/ubuntu/apps/election-app/win_prob/H/NY/14/stats.csv --stats2 /home/ubuntu/apps/election-app/win_prob/H/NY/14/stats2.csv --interval 30 --year 2026 --jsonl /home/ubuntu/apps/election-app/win_prob/H/NY/14/plotdata_NY_2026_2026-01-25T17-34-13.jsonl
[info] evaluating 1 timestamps from 2024-11-05T15-30-22 to 2024-11-05T15-30-22 every 30 minutes
[saved] probs_timeseries_NY.csv  (1 points)
[saved] /home/ubuntu/apps/election-app/win_prob/H/NY/14/plotdata_NY_2026_2026-01-25T17-34-13.jsonl  (4 points)
[saved] /home/ubuntu/apps/election-app/win_prob/H/NY/14/statewide_margin_pct_vs_percent_NY_2026_box.json
[saved] /home/ubuntu/apps/election-app/win_prob/H/NY/14/statewide_margin_pct_vs_percent_NY_2026_box.png
[saved] /home/ubuntu/apps/election-app/win_prob/H/NY/14/statewide_margin_pct_vs_percent_NY_2026.png

All 50 states complete. See: /home/ubuntu/apps/election-app/win_prob/H/NY/14

$ /home/ubuntu/.venv/bin/python3 /home/ubuntu/apps/election-app/stats/8.py --root /home/ubuntu/apps/election-app/win_prob/H/NY/14/_work --outdir /home/ubuntu/apps/election-app/win_prob/H/NY/14
[info] root  = /home/ubuntu/apps/election-app/win_prob/H/NY/14/_work
[info] outdir= /home/ubuntu/apps/election-app/win_prob/H/NY/14
[deleted] /home/ubuntu/apps/election-app/win_prob/H/NY/14/_work/stats_with_statewide.csv
[deleted] /home/ubuntu/apps/election-app/win_prob/H/NY/14/_work/stats2_final_headers.csv
[deleted] /home/ubuntu/apps/election-app/win_prob/H/NY/14/_work/2024_county_results_with_final-old.csv
[deleted] /home/ubuntu/apps/election-app/win_prob/H/NY/14/_work/2024_county_results_with_final.csv
[deleted] /home/ubuntu/apps/election-app/win_prob/H/NY/14/_work/2024_county_results_with_final_1.csv
[deleted] /home/ubuntu/apps/election-app/win_prob/H/NY/14/_work/2024_county_results_with_calcs-old.csv
[deleted] /home/ubuntu/apps/election-app/win_prob/H/NY/14/_work/2024_county_results_with_calcs_new.csv
[deleted] /home/ubuntu/apps/election-app/win_prob/H/NY/14/_work/output_statewide_stats.csv
[skip]    /home/ubuntu/apps/election-app/win_prob/H/NY/14/_work/probs_timeseries_PA.csv
[deleted] /home/ubuntu/apps/election-app/win_prob/H/NY/14/_work/2024_county_results_with_calcs.csv
[skip]    /home/ubuntu/apps/election-app/win_prob/H/NY/14/data_output.csv
[skip]    /home/ubuntu/apps/election-app/win_prob/H/NY/14/data_output_with_margins_old.csv
[skip]    /home/ubuntu/apps/election-app/win_prob/H/NY/14/data_output_with_margins.csv
[skip]    /home/ubuntu/apps/election-app/win_prob/H/NY/14/data_output_with_margins-statewide.csv
[deleted] /home/ubuntu/apps/election-app/win_prob/H/NY/14/snapshots_NY.csv
[deleted] /home/ubuntu/apps/election-app/win_prob/H/NY/14/data_output_NY_with_margins.csv
[deleted] /home/ubuntu/apps/election-app/win_prob/H/NY/14/data_output_NY_with_margins_statewide_eevp.csv
[deleted] /home/ubuntu/apps/election-app/win_prob/H/NY/14/data_output_NY.csv
[deleted] /home/ubuntu/apps/election-app/win_prob/H/NY/14/data_output_NY.csv.checkpoint.json
[deleted] /home/ubuntu/apps/election-app/win_prob/H/NY/14/stats.csv
[deleted] /home/ubuntu/apps/election-app/win_prob/H/NY/14/stats2.csv
[done] removed 16 file(s)
[2026-01-25 17:42:20] INFO: [PIPELINE] args: office=H state=NY district=14
[2026-01-25 17:42:20] INFO: [PIPELINE] WINPROB_DIR resolved to: /home/ubuntu/apps/election-app/win_prob/H/NY/14
[2026-01-25 17:42:20] INFO: [PIPELINE] OUTDIR set to: /home/ubuntu/apps/election-app/win_prob/H/NY/14

$ /home/ubuntu/.venv/bin/python3 /home/ubuntu/apps/election-app/stats/1-statewide.py --input /home/ubuntu/apps/election-app/win_prob/H/NY/14/stats.csv --output /home/ubuntu/apps/election-app/win_prob/H/NY/14/_work/stats_with_statewide.csv
Wrote /home/ubuntu/apps/election-app/win_prob/H/NY/14/_work/stats_with_statewide.csv (rows=2)

$ /home/ubuntu/.venv/bin/python3 /home/ubuntu/apps/election-app/stats/1-stats-2.py --input /home/ubuntu/apps/election-app/win_prob/H/NY/14/stats2.csv --output /home/ubuntu/apps/election-app/win_prob/H/NY/14/_work/stats2_final_headers.csv
Wrote /home/ubuntu/apps/election-app/win_prob/H/NY/14/_work/stats2_final_headers.csv (rows=2)

$ /home/ubuntu/.venv/bin/python3 /home/ubuntu/apps/election-app/stats/1-append-new.py
Wrote 2024_county_results_with_final-old.csv (rows=2, missing_final_matches=0)

$ /home/ubuntu/.venv/bin/python3 /home/ubuntu/apps/election-app/stats/1-change_header.py
Wrote: 2024_county_results_with_final.csv

$ /home/ubuntu/.venv/bin/python3 /home/ubuntu/apps/election-app/stats/1-cut-zero-fips.py
Wrote: 2024_county_results_with_final_1.csv
Rows before: 2
Rows after:  2
Dropped (fips == 0): 0

$ /home/ubuntu/.venv/bin/python3 /home/ubuntu/apps/election-app/stats/2-calc.py
Wrote 2 rows with calculations to /home/ubuntu/apps/election-app/win_prob/H/NY/14/_work/2024_county_results_with_calcs-old.csv

$ /home/ubuntu/.venv/bin/python3 /home/ubuntu/apps/election-app/stats/2-eevp.py
Wrote (no-op copy): 2024_county_results_with_calcs.csv
Columns:
 - timestamp
 - state
 - county
 - fips
 - trump_votes
 - harris_votes
 - other_votes
 - eevp
 - state_eevp
 - harris_votes_statewide
 - trump_votes_statewide
 - other_votes_statewide
 - final_state
 - final_county
 - final_fips
 - final_trump_votes
 - final_harris_votes
 - final_other_votes
 - harris_percent_snapshot
 - trump_percent_snapshot
 - margin_snapshot
 - harris_percent_final
 - trump_percent_final
 - margin_final
 - margin_difference
 - margin_difference_abs

$ /home/ubuntu/.venv/bin/python3 /home/ubuntu/apps/election-app/stats/3-calc-new.py
Wrote 2 rows with new columns to /home/ubuntu/apps/election-app/win_prob/H/NY/14/_work/2024_county_results_with_calcs_new.csv

$ /home/ubuntu/.venv/bin/python3 /home/ubuntu/apps/election-app/stats/4-stats.py
Reading 2024_county_results_with_calcs_new.csv...
Aggregating statewide totals...
Calculating percentages and margins...
Writing to output_statewide_stats.csv...
Done!
[2026-01-25 17:42:29] INFO: [PIPELINE] ENTER win-prob generation | states=['NY'] ts_list=['2024-11-05T15-30-22']

============================================================================
[01/1] STATE = NY
============================================================================

$ /home/ubuntu/.venv/bin/python3 /home/ubuntu/apps/election-app/stats/5-snapshots.py --state NY --input /home/ubuntu/apps/election-app/win_prob/H/NY/14/_work/output_statewide_stats.csv --output /home/ubuntu/apps/election-app/win_prob/H/NY/14/snapshots_NY.csv --start 2024-11-05T15-30-22 --end 2024-11-05T15-30-22 --use-window 1 --interval 30
Mode: windowed-one-state
Rows written: 2
Distinct states in output: NY
Rows per normalized timestamp (empty = unparseable):
  2024-11-05T15-30-22: 2
Wrote /home/ubuntu/apps/election-app/win_prob/H/NY/14/snapshots_NY.csv

$ /home/ubuntu/.venv/bin/python3 /home/ubuntu/apps/election-app/stats/6-pval.py /home/ubuntu/apps/election-app/win_prob/H/NY/14/snapshots_NY.csv -t /home/ubuntu/apps/election-app/stats/parameters.csv -o /home/ubuntu/apps/election-app/win_prob/H/NY/14/data_output_NY.csv -c 50
Done. Wrote: /home/ubuntu/apps/election-app/win_prob/H/NY/14/data_output_NY.csv
Total rows: 2 (chunked, resumable).
Computed columns for PVALS = [0.01, 0.1, 1, 2, 3, 5, 10, 15, 20, 25, 30, 35, 40, 45, 50, 55, 60, 65, 70, 75, 80, 85, 90, 95, 97, 98, 99, 99.9, 99.99]
Per p (leader): shift_{p}, margin_new_{p}, harris_percent_new_{p}, trump_percent_new_{p}, total_snapshot_{p}, total_expected_{p}, harris_votes_new_{p}, trump_votes_new_{p}
Per p (trailing): shift_trailing_{p}, margin_new_{p}_trailing, harris_percent_new_{p}_trailing, trump_percent_new_{p}_trailing, total_snapshot_{p}_trailing, total_expected_{p}_trailing, harris_votes_new_{p}_trailing, trump_votes_new_{p}_trailing
Checkpoint saved at: /home/ubuntu/apps/election-app/win_prob/H/NY/14/data_output_NY.csv.checkpoint.json

$ /home/ubuntu/.venv/bin/python3 /home/ubuntu/apps/election-app/stats/7-margin-new.py
Wrote data_output_with_margins_old.csv

$ /home/ubuntu/.venv/bin/python3 /home/ubuntu/apps/election-app/stats/7-eevp-statewide.py
Wrote data_output_with_margins.csv (copied from data_output_with_margins_old.csv)

$ /home/ubuntu/.venv/bin/python3 /home/ubuntu/apps/election-app/stats/7.py --input /home/ubuntu/apps/election-app/win_prob/H/NY/14/data_output_NY_with_margins_statewide_eevp.csv --output /home/ubuntu/apps/election-app/win_prob/H/NY/14/statewide_margin_pct_vs_percent_NY_2026.png --state NY --start 2024-11-05T15-30-22 --end 2024-11-05T15-30-22 --stats /home/ubuntu/apps/election-app/win_prob/H/NY/14/stats.csv --stats2 /home/ubuntu/apps/election-app/win_prob/H/NY/14/stats2.csv --interval 30 --year 2026 --jsonl /home/ubuntu/apps/election-app/win_prob/H/NY/14/plotdata_NY_2026_2026-01-25T17-42-20.jsonl
[info] evaluating 1 timestamps from 2024-11-05T15-30-22 to 2024-11-05T15-30-22 every 30 minutes
[saved] probs_timeseries_NY.csv  (1 points)
[saved] /home/ubuntu/apps/election-app/win_prob/H/NY/14/plotdata_NY_2026_2026-01-25T17-42-20.jsonl  (4 points)
[saved] /home/ubuntu/apps/election-app/win_prob/H/NY/14/statewide_margin_pct_vs_percent_NY_2026_box.json
[saved] /home/ubuntu/apps/election-app/win_prob/H/NY/14/statewide_margin_pct_vs_percent_NY_2026_box.png
[saved] /home/ubuntu/apps/election-app/win_prob/H/NY/14/statewide_margin_pct_vs_percent_NY_2026.png

All 50 states complete. See: /home/ubuntu/apps/election-app/win_prob/H/NY/14

$ /home/ubuntu/.venv/bin/python3 /home/ubuntu/apps/election-app/stats/8.py --root /home/ubuntu/apps/election-app/win_prob/H/NY/14/_work --outdir /home/ubuntu/apps/election-app/win_prob/H/NY/14
[info] root  = /home/ubuntu/apps/election-app/win_prob/H/NY/14/_work
[info] outdir= /home/ubuntu/apps/election-app/win_prob/H/NY/14
[deleted] /home/ubuntu/apps/election-app/win_prob/H/NY/14/_work/stats_with_statewide.csv
[deleted] /home/ubuntu/apps/election-app/win_prob/H/NY/14/_work/stats2_final_headers.csv
[deleted] /home/ubuntu/apps/election-app/win_prob/H/NY/14/_work/2024_county_results_with_final-old.csv
[deleted] /home/ubuntu/apps/election-app/win_prob/H/NY/14/_work/2024_county_results_with_final.csv
[deleted] /home/ubuntu/apps/election-app/win_prob/H/NY/14/_work/2024_county_results_with_final_1.csv
[deleted] /home/ubuntu/apps/election-app/win_prob/H/NY/14/_work/2024_county_results_with_calcs-old.csv
[deleted] /home/ubuntu/apps/election-app/win_prob/H/NY/14/_work/2024_county_results_with_calcs_new.csv
[deleted] /home/ubuntu/apps/election-app/win_prob/H/NY/14/_work/output_statewide_stats.csv
[skip]    /home/ubuntu/apps/election-app/win_prob/H/NY/14/_work/probs_timeseries_PA.csv
[deleted] /home/ubuntu/apps/election-app/win_prob/H/NY/14/_work/2024_county_results_with_calcs.csv
[skip]    /home/ubuntu/apps/election-app/win_prob/H/NY/14/data_output.csv
[skip]    /home/ubuntu/apps/election-app/win_prob/H/NY/14/data_output_with_margins_old.csv
[skip]    /home/ubuntu/apps/election-app/win_prob/H/NY/14/data_output_with_margins.csv
[skip]    /home/ubuntu/apps/election-app/win_prob/H/NY/14/data_output_with_margins-statewide.csv
[deleted] /home/ubuntu/apps/election-app/win_prob/H/NY/14/snapshots_NY.csv
[deleted] /home/ubuntu/apps/election-app/win_prob/H/NY/14/data_output_NY_with_margins.csv
[deleted] /home/ubuntu/apps/election-app/win_prob/H/NY/14/data_output_NY_with_margins_statewide_eevp.csv
[deleted] /home/ubuntu/apps/election-app/win_prob/H/NY/14/data_output_NY.csv
[deleted] /home/ubuntu/apps/election-app/win_prob/H/NY/14/data_output_NY.csv.checkpoint.json
[deleted] /home/ubuntu/apps/election-app/win_prob/H/NY/14/stats.csv
[deleted] /home/ubuntu/apps/election-app/win_prob/H/NY/14/stats2.csv
[done] removed 16 file(s)
[2026-02-04 17:49:29] INFO: [PIPELINE] args: office=H state=NY district=14
[2026-02-04 17:49:29] INFO: [PIPELINE] WINPROB_DIR resolved to: /home/ubuntu/apps/election-app/win_prob/H/NY/14
[2026-02-04 17:49:29] INFO: [PIPELINE] OUTDIR set to: /home/ubuntu/apps/election-app/win_prob/H/NY/14

$ /home/ubuntu/.venv/bin/python3 /home/ubuntu/apps/election-app/stats/1-statewide.py --input /home/ubuntu/apps/election-app/win_prob/H/NY/14/stats.csv --output /home/ubuntu/apps/election-app/win_prob/H/NY/14/_work/stats_with_statewide.csv
Wrote /home/ubuntu/apps/election-app/win_prob/H/NY/14/_work/stats_with_statewide.csv (rows=2)

$ /home/ubuntu/.venv/bin/python3 /home/ubuntu/apps/election-app/stats/1-stats-2.py --input /home/ubuntu/apps/election-app/win_prob/H/NY/14/stats2.csv --output /home/ubuntu/apps/election-app/win_prob/H/NY/14/_work/stats2_final_headers.csv
Wrote /home/ubuntu/apps/election-app/win_prob/H/NY/14/_work/stats2_final_headers.csv (rows=2)

$ /home/ubuntu/.venv/bin/python3 /home/ubuntu/apps/election-app/stats/1-append-new.py
Wrote 2024_county_results_with_final-old.csv (rows=2, missing_final_matches=0)

$ /home/ubuntu/.venv/bin/python3 /home/ubuntu/apps/election-app/stats/1-change_header.py
Wrote: 2024_county_results_with_final.csv

$ /home/ubuntu/.venv/bin/python3 /home/ubuntu/apps/election-app/stats/1-cut-zero-fips.py
Wrote: 2024_county_results_with_final_1.csv
Rows before: 2
Rows after:  2
Dropped (fips == 0): 0

$ /home/ubuntu/.venv/bin/python3 /home/ubuntu/apps/election-app/stats/2-calc.py
Wrote 2 rows with calculations to /home/ubuntu/apps/election-app/win_prob/H/NY/14/_work/2024_county_results_with_calcs-old.csv

$ /home/ubuntu/.venv/bin/python3 /home/ubuntu/apps/election-app/stats/2-eevp.py
Wrote (no-op copy): 2024_county_results_with_calcs.csv
Columns:
 - timestamp
 - state
 - county
 - fips
 - trump_votes
 - harris_votes
 - other_votes
 - eevp
 - state_eevp
 - harris_votes_statewide
 - trump_votes_statewide
 - other_votes_statewide
 - final_state
 - final_county
 - final_fips
 - final_trump_votes
 - final_harris_votes
 - final_other_votes
 - harris_percent_snapshot
 - trump_percent_snapshot
 - margin_snapshot
 - harris_percent_final
 - trump_percent_final
 - margin_final
 - margin_difference
 - margin_difference_abs

$ /home/ubuntu/.venv/bin/python3 /home/ubuntu/apps/election-app/stats/3-calc-new.py
Wrote 2 rows with new columns to /home/ubuntu/apps/election-app/win_prob/H/NY/14/_work/2024_county_results_with_calcs_new.csv

$ /home/ubuntu/.venv/bin/python3 /home/ubuntu/apps/election-app/stats/4-stats.py
Reading 2024_county_results_with_calcs_new.csv...
Aggregating statewide totals...
Calculating percentages and margins...
Writing to output_statewide_stats.csv...
Done!
[2026-02-04 17:49:38] INFO: [PIPELINE] ENTER win-prob generation | states=['NY'] ts_list=['2024-11-05T15-30-22']

============================================================================
[01/1] STATE = NY
============================================================================

$ /home/ubuntu/.venv/bin/python3 /home/ubuntu/apps/election-app/stats/5-snapshots.py --state NY --input /home/ubuntu/apps/election-app/win_prob/H/NY/14/_work/output_statewide_stats.csv --output /home/ubuntu/apps/election-app/win_prob/H/NY/14/snapshots_NY.csv --start 2024-11-05T15-30-22 --end 2024-11-05T15-30-22 --use-window 1 --interval 30
Mode: windowed-one-state
Rows written: 2
Distinct states in output: NY
Rows per normalized timestamp (empty = unparseable):
  2024-11-05T15-30-22: 2
Wrote /home/ubuntu/apps/election-app/win_prob/H/NY/14/snapshots_NY.csv

$ /home/ubuntu/.venv/bin/python3 /home/ubuntu/apps/election-app/stats/6-pval.py /home/ubuntu/apps/election-app/win_prob/H/NY/14/snapshots_NY.csv -t /home/ubuntu/apps/election-app/stats/parameters.csv -o /home/ubuntu/apps/election-app/win_prob/H/NY/14/data_output_NY.csv -c 50
Done. Wrote: /home/ubuntu/apps/election-app/win_prob/H/NY/14/data_output_NY.csv
Total rows: 2 (chunked, resumable).
Computed columns for PVALS = [0.01, 0.1, 1, 2, 3, 5, 10, 15, 20, 25, 30, 35, 40, 45, 50, 55, 60, 65, 70, 75, 80, 85, 90, 95, 97, 98, 99, 99.9, 99.99]
Per p (leader): shift_{p}, margin_new_{p}, harris_percent_new_{p}, trump_percent_new_{p}, total_snapshot_{p}, total_expected_{p}, harris_votes_new_{p}, trump_votes_new_{p}
Per p (trailing): shift_trailing_{p}, margin_new_{p}_trailing, harris_percent_new_{p}_trailing, trump_percent_new_{p}_trailing, total_snapshot_{p}_trailing, total_expected_{p}_trailing, harris_votes_new_{p}_trailing, trump_votes_new_{p}_trailing
Checkpoint saved at: /home/ubuntu/apps/election-app/win_prob/H/NY/14/data_output_NY.csv.checkpoint.json

$ /home/ubuntu/.venv/bin/python3 /home/ubuntu/apps/election-app/stats/7-margin-new.py
Wrote data_output_with_margins_old.csv

$ /home/ubuntu/.venv/bin/python3 /home/ubuntu/apps/election-app/stats/7-eevp-statewide.py
Wrote data_output_with_margins.csv (copied from data_output_with_margins_old.csv)

$ /home/ubuntu/.venv/bin/python3 /home/ubuntu/apps/election-app/stats/7.py --input /home/ubuntu/apps/election-app/win_prob/H/NY/14/data_output_NY_with_margins_statewide_eevp.csv --output /home/ubuntu/apps/election-app/win_prob/H/NY/14/statewide_margin_pct_vs_percent_NY_2026.png --state NY --start 2024-11-05T15-30-22 --end 2024-11-05T15-30-22 --stats /home/ubuntu/apps/election-app/win_prob/H/NY/14/stats.csv --stats2 /home/ubuntu/apps/election-app/win_prob/H/NY/14/stats2.csv --interval 30 --year 2026 --jsonl /home/ubuntu/apps/election-app/win_prob/H/NY/14/plotdata_NY_2026_2026-02-04T17-49-29.jsonl
[info] evaluating 1 timestamps from 2024-11-05T15-30-22 to 2024-11-05T15-30-22 every 30 minutes
[saved] probs_timeseries_NY.csv  (1 points)
[saved] /home/ubuntu/apps/election-app/win_prob/H/NY/14/plotdata_NY_2026_2026-02-04T17-49-29.jsonl  (4 points)
[saved] /home/ubuntu/apps/election-app/win_prob/H/NY/14/statewide_margin_pct_vs_percent_NY_2026_box.json
[saved] /home/ubuntu/apps/election-app/win_prob/H/NY/14/statewide_margin_pct_vs_percent_NY_2026_box.png
[saved] /home/ubuntu/apps/election-app/win_prob/H/NY/14/statewide_margin_pct_vs_percent_NY_2026.png

All 50 states complete. See: /home/ubuntu/apps/election-app/win_prob/H/NY/14

$ /home/ubuntu/.venv/bin/python3 /home/ubuntu/apps/election-app/stats/8.py --root /home/ubuntu/apps/election-app/win_prob/H/NY/14/_work --outdir /home/ubuntu/apps/election-app/win_prob/H/NY/14
[info] root  = /home/ubuntu/apps/election-app/win_prob/H/NY/14/_work
[info] outdir= /home/ubuntu/apps/election-app/win_prob/H/NY/14
[deleted] /home/ubuntu/apps/election-app/win_prob/H/NY/14/_work/stats_with_statewide.csv
[deleted] /home/ubuntu/apps/election-app/win_prob/H/NY/14/_work/stats2_final_headers.csv
[deleted] /home/ubuntu/apps/election-app/win_prob/H/NY/14/_work/2024_county_results_with_final-old.csv
[deleted] /home/ubuntu/apps/election-app/win_prob/H/NY/14/_work/2024_county_results_with_final.csv
[deleted] /home/ubuntu/apps/election-app/win_prob/H/NY/14/_work/2024_county_results_with_final_1.csv
[deleted] /home/ubuntu/apps/election-app/win_prob/H/NY/14/_work/2024_county_results_with_calcs-old.csv
[deleted] /home/ubuntu/apps/election-app/win_prob/H/NY/14/_work/2024_county_results_with_calcs_new.csv
[deleted] /home/ubuntu/apps/election-app/win_prob/H/NY/14/_work/output_statewide_stats.csv
[skip]    /home/ubuntu/apps/election-app/win_prob/H/NY/14/_work/probs_timeseries_PA.csv
[deleted] /home/ubuntu/apps/election-app/win_prob/H/NY/14/_work/2024_county_results_with_calcs.csv
[skip]    /home/ubuntu/apps/election-app/win_prob/H/NY/14/data_output.csv
[skip]    /home/ubuntu/apps/election-app/win_prob/H/NY/14/data_output_with_margins_old.csv
[skip]    /home/ubuntu/apps/election-app/win_prob/H/NY/14/data_output_with_margins.csv
[skip]    /home/ubuntu/apps/election-app/win_prob/H/NY/14/data_output_with_margins-statewide.csv
[deleted] /home/ubuntu/apps/election-app/win_prob/H/NY/14/snapshots_NY.csv
[deleted] /home/ubuntu/apps/election-app/win_prob/H/NY/14/data_output_NY_with_margins.csv
[deleted] /home/ubuntu/apps/election-app/win_prob/H/NY/14/data_output_NY_with_margins_statewide_eevp.csv
[deleted] /home/ubuntu/apps/election-app/win_prob/H/NY/14/data_output_NY.csv
[deleted] /home/ubuntu/apps/election-app/win_prob/H/NY/14/data_output_NY.csv.checkpoint.json
[deleted] /home/ubuntu/apps/election-app/win_prob/H/NY/14/stats.csv
[deleted] /home/ubuntu/apps/election-app/win_prob/H/NY/14/stats2.csv
[done] removed 16 file(s)
