[2026-01-22 19:09:26] INFO: [PIPELINE] args: office=H state=CO district=06
[2026-01-22 19:09:26] INFO: [PIPELINE] WINPROB_DIR resolved to: /home/ubuntu/apps/election-app/win_prob/H/CO/06
[2026-01-22 19:09:26] INFO: [PIPELINE] OUTDIR set to: /home/ubuntu/apps/election-app/win_prob/H/CO/06

$ /home/ubuntu/.venv/bin/python3 /home/ubuntu/apps/election-app/stats/1-statewide.py --input /home/ubuntu/apps/election-app/win_prob/H/CO/06/stats.csv --output /home/ubuntu/apps/election-app/win_prob/H/CO/06/_work/stats_with_statewide.csv
Wrote /home/ubuntu/apps/election-app/win_prob/H/CO/06/_work/stats_with_statewide.csv (rows=5)

$ /home/ubuntu/.venv/bin/python3 /home/ubuntu/apps/election-app/stats/1-stats-2.py --input /home/ubuntu/apps/election-app/win_prob/H/CO/06/stats2.csv --output /home/ubuntu/apps/election-app/win_prob/H/CO/06/_work/stats2_final_headers.csv
Wrote /home/ubuntu/apps/election-app/win_prob/H/CO/06/_work/stats2_final_headers.csv (rows=5)

$ /home/ubuntu/.venv/bin/python3 /home/ubuntu/apps/election-app/stats/1-append-new.py
Wrote 2024_county_results_with_final-old.csv (rows=5, missing_final_matches=0)

$ /home/ubuntu/.venv/bin/python3 /home/ubuntu/apps/election-app/stats/1-change_header.py
Wrote: 2024_county_results_with_final.csv

$ /home/ubuntu/.venv/bin/python3 /home/ubuntu/apps/election-app/stats/1-cut-zero-fips.py
Wrote: 2024_county_results_with_final_1.csv
Rows before: 5
Rows after:  5
Dropped (fips == 0): 0

$ /home/ubuntu/.venv/bin/python3 /home/ubuntu/apps/election-app/stats/2-calc.py
Wrote 5 rows with calculations to /home/ubuntu/apps/election-app/win_prob/H/CO/06/_work/2024_county_results_with_calcs-old.csv

$ /home/ubuntu/.venv/bin/python3 /home/ubuntu/apps/election-app/stats/2-eevp.py
Wrote (no-op copy): 2024_county_results_with_calcs.csv
Columns:
 - timestamp
 - state
 - county
 - fips
 - trump_votes
 - harris_votes
 - other_votes
 - eevp
 - state_eevp
 - harris_votes_statewide
 - trump_votes_statewide
 - other_votes_statewide
 - final_state
 - final_county
 - final_fips
 - final_trump_votes
 - final_harris_votes
 - final_other_votes
 - harris_percent_snapshot
 - trump_percent_snapshot
 - margin_snapshot
 - harris_percent_final
 - trump_percent_final
 - margin_final
 - margin_difference
 - margin_difference_abs

$ /home/ubuntu/.venv/bin/python3 /home/ubuntu/apps/election-app/stats/3-calc-new.py
Wrote 5 rows with new columns to /home/ubuntu/apps/election-app/win_prob/H/CO/06/_work/2024_county_results_with_calcs_new.csv

$ /home/ubuntu/.venv/bin/python3 /home/ubuntu/apps/election-app/stats/4-stats.py
Reading 2024_county_results_with_calcs_new.csv...
Aggregating statewide totals...
Calculating percentages and margins...
Writing to output_statewide_stats.csv...
Done!
[2026-01-22 19:09:36] INFO: [PIPELINE] ENTER win-prob generation | states=['CO'] ts_list=['2024-11-05T15-30-22']

============================================================================
[01/1] STATE = CO
============================================================================

$ /home/ubuntu/.venv/bin/python3 /home/ubuntu/apps/election-app/stats/5-snapshots.py --state CO --input /home/ubuntu/apps/election-app/win_prob/H/CO/06/_work/output_statewide_stats.csv --output /home/ubuntu/apps/election-app/win_prob/H/CO/06/snapshots_CO.csv --start 2024-11-05T15-30-22 --end 2024-11-05T15-30-22 --use-window 1 --interval 30
Mode: windowed-one-state
Rows written: 5
Distinct states in output: CO
Rows per normalized timestamp (empty = unparseable):
  2024-11-05T15-30-22: 5
Wrote /home/ubuntu/apps/election-app/win_prob/H/CO/06/snapshots_CO.csv

$ /home/ubuntu/.venv/bin/python3 /home/ubuntu/apps/election-app/stats/6-pval.py /home/ubuntu/apps/election-app/win_prob/H/CO/06/snapshots_CO.csv -t /home/ubuntu/apps/election-app/stats/parameters.csv -o /home/ubuntu/apps/election-app/win_prob/H/CO/06/data_output_CO.csv -c 50
Done. Wrote: /home/ubuntu/apps/election-app/win_prob/H/CO/06/data_output_CO.csv
Total rows: 5 (chunked, resumable).
Computed columns for PVALS = [0.01, 0.1, 1, 2, 3, 5, 10, 15, 20, 25, 30, 35, 40, 45, 50, 55, 60, 65, 70, 75, 80, 85, 90, 95, 97, 98, 99, 99.9, 99.99]
Per p (leader): shift_{p}, margin_new_{p}, harris_percent_new_{p}, trump_percent_new_{p}, total_snapshot_{p}, total_expected_{p}, harris_votes_new_{p}, trump_votes_new_{p}
Per p (trailing): shift_trailing_{p}, margin_new_{p}_trailing, harris_percent_new_{p}_trailing, trump_percent_new_{p}_trailing, total_snapshot_{p}_trailing, total_expected_{p}_trailing, harris_votes_new_{p}_trailing, trump_votes_new_{p}_trailing
Checkpoint saved at: /home/ubuntu/apps/election-app/win_prob/H/CO/06/data_output_CO.csv.checkpoint.json

$ /home/ubuntu/.venv/bin/python3 /home/ubuntu/apps/election-app/stats/7-margin-new.py
Wrote data_output_with_margins_old.csv

$ /home/ubuntu/.venv/bin/python3 /home/ubuntu/apps/election-app/stats/7-eevp-statewide.py
Wrote data_output_with_margins.csv (copied from data_output_with_margins_old.csv)

$ /home/ubuntu/.venv/bin/python3 /home/ubuntu/apps/election-app/stats/7.py --input /home/ubuntu/apps/election-app/win_prob/H/CO/06/data_output_CO_with_margins_statewide_eevp.csv --output /home/ubuntu/apps/election-app/win_prob/H/CO/06/statewide_margin_pct_vs_percent_CO_2026.png --state CO --start 2024-11-05T15-30-22 --end 2024-11-05T15-30-22 --stats /home/ubuntu/apps/election-app/win_prob/H/CO/06/stats.csv --stats2 /home/ubuntu/apps/election-app/win_prob/H/CO/06/stats2.csv --interval 30 --year 2026 --jsonl /home/ubuntu/apps/election-app/win_prob/H/CO/06/plotdata_CO_2026_2026-01-22T19-09-26.jsonl
[info] evaluating 1 timestamps from 2024-11-05T15-30-22 to 2024-11-05T15-30-22 every 30 minutes
[saved] probs_timeseries_CO.csv  (1 points)
[saved] /home/ubuntu/apps/election-app/win_prob/H/CO/06/plotdata_CO_2026_2026-01-22T19-09-26.jsonl  (0 points)
[saved] /home/ubuntu/apps/election-app/win_prob/H/CO/06/statewide_margin_pct_vs_percent_CO_2026_box.json
[saved] /home/ubuntu/apps/election-app/win_prob/H/CO/06/statewide_margin_pct_vs_percent_CO_2026_box.png
[saved] /home/ubuntu/apps/election-app/win_prob/H/CO/06/statewide_margin_pct_vs_percent_CO_2026.png

All 50 states complete. See: /home/ubuntu/apps/election-app/win_prob/H/CO/06

$ /home/ubuntu/.venv/bin/python3 /home/ubuntu/apps/election-app/stats/8.py --root /home/ubuntu/apps/election-app/win_prob/H/CO/06/_work --outdir /home/ubuntu/apps/election-app/win_prob/H/CO/06
[info] root  = /home/ubuntu/apps/election-app/win_prob/H/CO/06/_work
[info] outdir= /home/ubuntu/apps/election-app/win_prob/H/CO/06
[deleted] /home/ubuntu/apps/election-app/win_prob/H/CO/06/_work/stats_with_statewide.csv
[deleted] /home/ubuntu/apps/election-app/win_prob/H/CO/06/_work/stats2_final_headers.csv
[deleted] /home/ubuntu/apps/election-app/win_prob/H/CO/06/_work/2024_county_results_with_final-old.csv
[deleted] /home/ubuntu/apps/election-app/win_prob/H/CO/06/_work/2024_county_results_with_final.csv
[deleted] /home/ubuntu/apps/election-app/win_prob/H/CO/06/_work/2024_county_results_with_final_1.csv
[deleted] /home/ubuntu/apps/election-app/win_prob/H/CO/06/_work/2024_county_results_with_calcs-old.csv
[deleted] /home/ubuntu/apps/election-app/win_prob/H/CO/06/_work/2024_county_results_with_calcs_new.csv
[deleted] /home/ubuntu/apps/election-app/win_prob/H/CO/06/_work/output_statewide_stats.csv
[skip]    /home/ubuntu/apps/election-app/win_prob/H/CO/06/_work/probs_timeseries_PA.csv
[deleted] /home/ubuntu/apps/election-app/win_prob/H/CO/06/_work/2024_county_results_with_calcs.csv
[skip]    /home/ubuntu/apps/election-app/win_prob/H/CO/06/data_output.csv
[skip]    /home/ubuntu/apps/election-app/win_prob/H/CO/06/data_output_with_margins_old.csv
[skip]    /home/ubuntu/apps/election-app/win_prob/H/CO/06/data_output_with_margins.csv
[skip]    /home/ubuntu/apps/election-app/win_prob/H/CO/06/data_output_with_margins-statewide.csv
[deleted] /home/ubuntu/apps/election-app/win_prob/H/CO/06/snapshots_CO.csv
[deleted] /home/ubuntu/apps/election-app/win_prob/H/CO/06/data_output_CO_with_margins_statewide_eevp.csv
[deleted] /home/ubuntu/apps/election-app/win_prob/H/CO/06/data_output_CO.csv
[deleted] /home/ubuntu/apps/election-app/win_prob/H/CO/06/data_output_CO_with_margins.csv
[deleted] /home/ubuntu/apps/election-app/win_prob/H/CO/06/data_output_CO.csv.checkpoint.json
[deleted] /home/ubuntu/apps/election-app/win_prob/H/CO/06/stats.csv
[deleted] /home/ubuntu/apps/election-app/win_prob/H/CO/06/stats2.csv
[done] removed 16 file(s)
[2026-01-22 19:18:47] INFO: [PIPELINE] args: office=H state=CO district=06
[2026-01-22 19:18:47] INFO: [PIPELINE] WINPROB_DIR resolved to: /home/ubuntu/apps/election-app/win_prob/H/CO/06
[2026-01-22 19:18:47] INFO: [PIPELINE] OUTDIR set to: /home/ubuntu/apps/election-app/win_prob/H/CO/06

$ /home/ubuntu/.venv/bin/python3 /home/ubuntu/apps/election-app/stats/1-statewide.py --input /home/ubuntu/apps/election-app/win_prob/H/CO/06/stats.csv --output /home/ubuntu/apps/election-app/win_prob/H/CO/06/_work/stats_with_statewide.csv
Wrote /home/ubuntu/apps/election-app/win_prob/H/CO/06/_work/stats_with_statewide.csv (rows=5)

$ /home/ubuntu/.venv/bin/python3 /home/ubuntu/apps/election-app/stats/1-stats-2.py --input /home/ubuntu/apps/election-app/win_prob/H/CO/06/stats2.csv --output /home/ubuntu/apps/election-app/win_prob/H/CO/06/_work/stats2_final_headers.csv
Wrote /home/ubuntu/apps/election-app/win_prob/H/CO/06/_work/stats2_final_headers.csv (rows=5)

$ /home/ubuntu/.venv/bin/python3 /home/ubuntu/apps/election-app/stats/1-append-new.py
Wrote 2024_county_results_with_final-old.csv (rows=5, missing_final_matches=0)

$ /home/ubuntu/.venv/bin/python3 /home/ubuntu/apps/election-app/stats/1-change_header.py
Wrote: 2024_county_results_with_final.csv

$ /home/ubuntu/.venv/bin/python3 /home/ubuntu/apps/election-app/stats/1-cut-zero-fips.py
Wrote: 2024_county_results_with_final_1.csv
Rows before: 5
Rows after:  5
Dropped (fips == 0): 0

$ /home/ubuntu/.venv/bin/python3 /home/ubuntu/apps/election-app/stats/2-calc.py
Wrote 5 rows with calculations to /home/ubuntu/apps/election-app/win_prob/H/CO/06/_work/2024_county_results_with_calcs-old.csv

$ /home/ubuntu/.venv/bin/python3 /home/ubuntu/apps/election-app/stats/2-eevp.py
Wrote (no-op copy): 2024_county_results_with_calcs.csv
Columns:
 - timestamp
 - state
 - county
 - fips
 - trump_votes
 - harris_votes
 - other_votes
 - eevp
 - state_eevp
 - harris_votes_statewide
 - trump_votes_statewide
 - other_votes_statewide
 - final_state
 - final_county
 - final_fips
 - final_trump_votes
 - final_harris_votes
 - final_other_votes
 - harris_percent_snapshot
 - trump_percent_snapshot
 - margin_snapshot
 - harris_percent_final
 - trump_percent_final
 - margin_final
 - margin_difference
 - margin_difference_abs

$ /home/ubuntu/.venv/bin/python3 /home/ubuntu/apps/election-app/stats/3-calc-new.py
Wrote 5 rows with new columns to /home/ubuntu/apps/election-app/win_prob/H/CO/06/_work/2024_county_results_with_calcs_new.csv

$ /home/ubuntu/.venv/bin/python3 /home/ubuntu/apps/election-app/stats/4-stats.py
Reading 2024_county_results_with_calcs_new.csv...
Aggregating statewide totals...
Calculating percentages and margins...
Writing to output_statewide_stats.csv...
Done!
[2026-01-22 19:18:57] INFO: [PIPELINE] ENTER win-prob generation | states=['CO'] ts_list=['2024-11-05T15-30-22']

============================================================================
[01/1] STATE = CO
============================================================================

$ /home/ubuntu/.venv/bin/python3 /home/ubuntu/apps/election-app/stats/5-snapshots.py --state CO --input /home/ubuntu/apps/election-app/win_prob/H/CO/06/_work/output_statewide_stats.csv --output /home/ubuntu/apps/election-app/win_prob/H/CO/06/snapshots_CO.csv --start 2024-11-05T15-30-22 --end 2024-11-05T15-30-22 --use-window 1 --interval 30
Mode: windowed-one-state
Rows written: 5
Distinct states in output: CO
Rows per normalized timestamp (empty = unparseable):
  2024-11-05T15-30-22: 5
Wrote /home/ubuntu/apps/election-app/win_prob/H/CO/06/snapshots_CO.csv

$ /home/ubuntu/.venv/bin/python3 /home/ubuntu/apps/election-app/stats/6-pval.py /home/ubuntu/apps/election-app/win_prob/H/CO/06/snapshots_CO.csv -t /home/ubuntu/apps/election-app/stats/parameters.csv -o /home/ubuntu/apps/election-app/win_prob/H/CO/06/data_output_CO.csv -c 50
Done. Wrote: /home/ubuntu/apps/election-app/win_prob/H/CO/06/data_output_CO.csv
Total rows: 5 (chunked, resumable).
Computed columns for PVALS = [0.01, 0.1, 1, 2, 3, 5, 10, 15, 20, 25, 30, 35, 40, 45, 50, 55, 60, 65, 70, 75, 80, 85, 90, 95, 97, 98, 99, 99.9, 99.99]
Per p (leader): shift_{p}, margin_new_{p}, harris_percent_new_{p}, trump_percent_new_{p}, total_snapshot_{p}, total_expected_{p}, harris_votes_new_{p}, trump_votes_new_{p}
Per p (trailing): shift_trailing_{p}, margin_new_{p}_trailing, harris_percent_new_{p}_trailing, trump_percent_new_{p}_trailing, total_snapshot_{p}_trailing, total_expected_{p}_trailing, harris_votes_new_{p}_trailing, trump_votes_new_{p}_trailing
Checkpoint saved at: /home/ubuntu/apps/election-app/win_prob/H/CO/06/data_output_CO.csv.checkpoint.json

$ /home/ubuntu/.venv/bin/python3 /home/ubuntu/apps/election-app/stats/7-margin-new.py
Wrote data_output_with_margins_old.csv

$ /home/ubuntu/.venv/bin/python3 /home/ubuntu/apps/election-app/stats/7-eevp-statewide.py
Wrote data_output_with_margins.csv (copied from data_output_with_margins_old.csv)

$ /home/ubuntu/.venv/bin/python3 /home/ubuntu/apps/election-app/stats/7.py --input /home/ubuntu/apps/election-app/win_prob/H/CO/06/data_output_CO_with_margins_statewide_eevp.csv --output /home/ubuntu/apps/election-app/win_prob/H/CO/06/statewide_margin_pct_vs_percent_CO_2026.png --state CO --start 2024-11-05T15-30-22 --end 2024-11-05T15-30-22 --stats /home/ubuntu/apps/election-app/win_prob/H/CO/06/stats.csv --stats2 /home/ubuntu/apps/election-app/win_prob/H/CO/06/stats2.csv --interval 30 --year 2026 --jsonl /home/ubuntu/apps/election-app/win_prob/H/CO/06/plotdata_CO_2026_2026-01-22T19-18-47.jsonl
[info] evaluating 1 timestamps from 2024-11-05T15-30-22 to 2024-11-05T15-30-22 every 30 minutes
[saved] probs_timeseries_CO.csv  (1 points)
[saved] /home/ubuntu/apps/election-app/win_prob/H/CO/06/plotdata_CO_2026_2026-01-22T19-18-47.jsonl  (4 points)
[saved] /home/ubuntu/apps/election-app/win_prob/H/CO/06/statewide_margin_pct_vs_percent_CO_2026_box.json
[saved] /home/ubuntu/apps/election-app/win_prob/H/CO/06/statewide_margin_pct_vs_percent_CO_2026_box.png
[saved] /home/ubuntu/apps/election-app/win_prob/H/CO/06/statewide_margin_pct_vs_percent_CO_2026.png

All 50 states complete. See: /home/ubuntu/apps/election-app/win_prob/H/CO/06

$ /home/ubuntu/.venv/bin/python3 /home/ubuntu/apps/election-app/stats/8.py --root /home/ubuntu/apps/election-app/win_prob/H/CO/06/_work --outdir /home/ubuntu/apps/election-app/win_prob/H/CO/06
[info] root  = /home/ubuntu/apps/election-app/win_prob/H/CO/06/_work
[info] outdir= /home/ubuntu/apps/election-app/win_prob/H/CO/06
[deleted] /home/ubuntu/apps/election-app/win_prob/H/CO/06/_work/stats_with_statewide.csv
[deleted] /home/ubuntu/apps/election-app/win_prob/H/CO/06/_work/stats2_final_headers.csv
[deleted] /home/ubuntu/apps/election-app/win_prob/H/CO/06/_work/2024_county_results_with_final-old.csv
[deleted] /home/ubuntu/apps/election-app/win_prob/H/CO/06/_work/2024_county_results_with_final.csv
[deleted] /home/ubuntu/apps/election-app/win_prob/H/CO/06/_work/2024_county_results_with_final_1.csv
[deleted] /home/ubuntu/apps/election-app/win_prob/H/CO/06/_work/2024_county_results_with_calcs-old.csv
[deleted] /home/ubuntu/apps/election-app/win_prob/H/CO/06/_work/2024_county_results_with_calcs_new.csv
[deleted] /home/ubuntu/apps/election-app/win_prob/H/CO/06/_work/output_statewide_stats.csv
[skip]    /home/ubuntu/apps/election-app/win_prob/H/CO/06/_work/probs_timeseries_PA.csv
[deleted] /home/ubuntu/apps/election-app/win_prob/H/CO/06/_work/2024_county_results_with_calcs.csv
[skip]    /home/ubuntu/apps/election-app/win_prob/H/CO/06/data_output.csv
[skip]    /home/ubuntu/apps/election-app/win_prob/H/CO/06/data_output_with_margins_old.csv
[skip]    /home/ubuntu/apps/election-app/win_prob/H/CO/06/data_output_with_margins.csv
[skip]    /home/ubuntu/apps/election-app/win_prob/H/CO/06/data_output_with_margins-statewide.csv
[deleted] /home/ubuntu/apps/election-app/win_prob/H/CO/06/snapshots_CO.csv
[deleted] /home/ubuntu/apps/election-app/win_prob/H/CO/06/data_output_CO_with_margins_statewide_eevp.csv
[deleted] /home/ubuntu/apps/election-app/win_prob/H/CO/06/data_output_CO.csv
[deleted] /home/ubuntu/apps/election-app/win_prob/H/CO/06/data_output_CO_with_margins.csv
[deleted] /home/ubuntu/apps/election-app/win_prob/H/CO/06/data_output_CO.csv.checkpoint.json
[deleted] /home/ubuntu/apps/election-app/win_prob/H/CO/06/stats.csv
[deleted] /home/ubuntu/apps/election-app/win_prob/H/CO/06/stats2.csv
[done] removed 16 file(s)
[2026-01-22 19:25:54] INFO: [PIPELINE] args: office=H state=CO district=06
[2026-01-22 19:25:54] INFO: [PIPELINE] WINPROB_DIR resolved to: /home/ubuntu/apps/election-app/win_prob/H/CO/06
[2026-01-22 19:25:54] INFO: [PIPELINE] OUTDIR set to: /home/ubuntu/apps/election-app/win_prob/H/CO/06

$ /home/ubuntu/.venv/bin/python3 /home/ubuntu/apps/election-app/stats/1-statewide.py --input /home/ubuntu/apps/election-app/win_prob/H/CO/06/stats.csv --output /home/ubuntu/apps/election-app/win_prob/H/CO/06/_work/stats_with_statewide.csv
Wrote /home/ubuntu/apps/election-app/win_prob/H/CO/06/_work/stats_with_statewide.csv (rows=5)

$ /home/ubuntu/.venv/bin/python3 /home/ubuntu/apps/election-app/stats/1-stats-2.py --input /home/ubuntu/apps/election-app/win_prob/H/CO/06/stats2.csv --output /home/ubuntu/apps/election-app/win_prob/H/CO/06/_work/stats2_final_headers.csv
Wrote /home/ubuntu/apps/election-app/win_prob/H/CO/06/_work/stats2_final_headers.csv (rows=5)

$ /home/ubuntu/.venv/bin/python3 /home/ubuntu/apps/election-app/stats/1-append-new.py
Wrote 2024_county_results_with_final-old.csv (rows=5, missing_final_matches=0)

$ /home/ubuntu/.venv/bin/python3 /home/ubuntu/apps/election-app/stats/1-change_header.py
Wrote: 2024_county_results_with_final.csv

$ /home/ubuntu/.venv/bin/python3 /home/ubuntu/apps/election-app/stats/1-cut-zero-fips.py
Wrote: 2024_county_results_with_final_1.csv
Rows before: 5
Rows after:  5
Dropped (fips == 0): 0

$ /home/ubuntu/.venv/bin/python3 /home/ubuntu/apps/election-app/stats/2-calc.py
Wrote 5 rows with calculations to /home/ubuntu/apps/election-app/win_prob/H/CO/06/_work/2024_county_results_with_calcs-old.csv

$ /home/ubuntu/.venv/bin/python3 /home/ubuntu/apps/election-app/stats/2-eevp.py
Wrote (no-op copy): 2024_county_results_with_calcs.csv
Columns:
 - timestamp
 - state
 - county
 - fips
 - trump_votes
 - harris_votes
 - other_votes
 - eevp
 - state_eevp
 - harris_votes_statewide
 - trump_votes_statewide
 - other_votes_statewide
 - final_state
 - final_county
 - final_fips
 - final_trump_votes
 - final_harris_votes
 - final_other_votes
 - harris_percent_snapshot
 - trump_percent_snapshot
 - margin_snapshot
 - harris_percent_final
 - trump_percent_final
 - margin_final
 - margin_difference
 - margin_difference_abs

$ /home/ubuntu/.venv/bin/python3 /home/ubuntu/apps/election-app/stats/3-calc-new.py
Wrote 5 rows with new columns to /home/ubuntu/apps/election-app/win_prob/H/CO/06/_work/2024_county_results_with_calcs_new.csv

$ /home/ubuntu/.venv/bin/python3 /home/ubuntu/apps/election-app/stats/4-stats.py
Reading 2024_county_results_with_calcs_new.csv...
Aggregating statewide totals...
Calculating percentages and margins...
Writing to output_statewide_stats.csv...
Done!
[2026-01-22 19:26:05] INFO: [PIPELINE] ENTER win-prob generation | states=['CO'] ts_list=['2024-11-05T15-30-22']

============================================================================
[01/1] STATE = CO
============================================================================

$ /home/ubuntu/.venv/bin/python3 /home/ubuntu/apps/election-app/stats/5-snapshots.py --state CO --input /home/ubuntu/apps/election-app/win_prob/H/CO/06/_work/output_statewide_stats.csv --output /home/ubuntu/apps/election-app/win_prob/H/CO/06/snapshots_CO.csv --start 2024-11-05T15-30-22 --end 2024-11-05T15-30-22 --use-window 1 --interval 30
Mode: windowed-one-state
Rows written: 5
Distinct states in output: CO
Rows per normalized timestamp (empty = unparseable):
  2024-11-05T15-30-22: 5
Wrote /home/ubuntu/apps/election-app/win_prob/H/CO/06/snapshots_CO.csv

$ /home/ubuntu/.venv/bin/python3 /home/ubuntu/apps/election-app/stats/6-pval.py /home/ubuntu/apps/election-app/win_prob/H/CO/06/snapshots_CO.csv -t /home/ubuntu/apps/election-app/stats/parameters.csv -o /home/ubuntu/apps/election-app/win_prob/H/CO/06/data_output_CO.csv -c 50
Done. Wrote: /home/ubuntu/apps/election-app/win_prob/H/CO/06/data_output_CO.csv
Total rows: 5 (chunked, resumable).
Computed columns for PVALS = [0.01, 0.1, 1, 2, 3, 5, 10, 15, 20, 25, 30, 35, 40, 45, 50, 55, 60, 65, 70, 75, 80, 85, 90, 95, 97, 98, 99, 99.9, 99.99]
Per p (leader): shift_{p}, margin_new_{p}, harris_percent_new_{p}, trump_percent_new_{p}, total_snapshot_{p}, total_expected_{p}, harris_votes_new_{p}, trump_votes_new_{p}
Per p (trailing): shift_trailing_{p}, margin_new_{p}_trailing, harris_percent_new_{p}_trailing, trump_percent_new_{p}_trailing, total_snapshot_{p}_trailing, total_expected_{p}_trailing, harris_votes_new_{p}_trailing, trump_votes_new_{p}_trailing
Checkpoint saved at: /home/ubuntu/apps/election-app/win_prob/H/CO/06/data_output_CO.csv.checkpoint.json

$ /home/ubuntu/.venv/bin/python3 /home/ubuntu/apps/election-app/stats/7-margin-new.py
Wrote data_output_with_margins_old.csv

$ /home/ubuntu/.venv/bin/python3 /home/ubuntu/apps/election-app/stats/7-eevp-statewide.py
Wrote data_output_with_margins.csv (copied from data_output_with_margins_old.csv)

$ /home/ubuntu/.venv/bin/python3 /home/ubuntu/apps/election-app/stats/7.py --input /home/ubuntu/apps/election-app/win_prob/H/CO/06/data_output_CO_with_margins_statewide_eevp.csv --output /home/ubuntu/apps/election-app/win_prob/H/CO/06/statewide_margin_pct_vs_percent_CO_2026.png --state CO --start 2024-11-05T15-30-22 --end 2024-11-05T15-30-22 --stats /home/ubuntu/apps/election-app/win_prob/H/CO/06/stats.csv --stats2 /home/ubuntu/apps/election-app/win_prob/H/CO/06/stats2.csv --interval 30 --year 2026 --jsonl /home/ubuntu/apps/election-app/win_prob/H/CO/06/plotdata_CO_2026_2026-01-22T19-25-54.jsonl
[info] evaluating 1 timestamps from 2024-11-05T15-30-22 to 2024-11-05T15-30-22 every 30 minutes
[saved] probs_timeseries_CO.csv  (1 points)
[saved] /home/ubuntu/apps/election-app/win_prob/H/CO/06/plotdata_CO_2026_2026-01-22T19-25-54.jsonl  (4 points)
[saved] /home/ubuntu/apps/election-app/win_prob/H/CO/06/statewide_margin_pct_vs_percent_CO_2026_box.json
[saved] /home/ubuntu/apps/election-app/win_prob/H/CO/06/statewide_margin_pct_vs_percent_CO_2026_box.png
[saved] /home/ubuntu/apps/election-app/win_prob/H/CO/06/statewide_margin_pct_vs_percent_CO_2026.png

All 50 states complete. See: /home/ubuntu/apps/election-app/win_prob/H/CO/06

$ /home/ubuntu/.venv/bin/python3 /home/ubuntu/apps/election-app/stats/8.py --root /home/ubuntu/apps/election-app/win_prob/H/CO/06/_work --outdir /home/ubuntu/apps/election-app/win_prob/H/CO/06
[info] root  = /home/ubuntu/apps/election-app/win_prob/H/CO/06/_work
[info] outdir= /home/ubuntu/apps/election-app/win_prob/H/CO/06
[deleted] /home/ubuntu/apps/election-app/win_prob/H/CO/06/_work/stats_with_statewide.csv
[deleted] /home/ubuntu/apps/election-app/win_prob/H/CO/06/_work/stats2_final_headers.csv
[deleted] /home/ubuntu/apps/election-app/win_prob/H/CO/06/_work/2024_county_results_with_final-old.csv
[deleted] /home/ubuntu/apps/election-app/win_prob/H/CO/06/_work/2024_county_results_with_final.csv
[deleted] /home/ubuntu/apps/election-app/win_prob/H/CO/06/_work/2024_county_results_with_final_1.csv
[deleted] /home/ubuntu/apps/election-app/win_prob/H/CO/06/_work/2024_county_results_with_calcs-old.csv
[deleted] /home/ubuntu/apps/election-app/win_prob/H/CO/06/_work/2024_county_results_with_calcs_new.csv
[deleted] /home/ubuntu/apps/election-app/win_prob/H/CO/06/_work/output_statewide_stats.csv
[skip]    /home/ubuntu/apps/election-app/win_prob/H/CO/06/_work/probs_timeseries_PA.csv
[deleted] /home/ubuntu/apps/election-app/win_prob/H/CO/06/_work/2024_county_results_with_calcs.csv
[skip]    /home/ubuntu/apps/election-app/win_prob/H/CO/06/data_output.csv
[skip]    /home/ubuntu/apps/election-app/win_prob/H/CO/06/data_output_with_margins_old.csv
[skip]    /home/ubuntu/apps/election-app/win_prob/H/CO/06/data_output_with_margins.csv
[skip]    /home/ubuntu/apps/election-app/win_prob/H/CO/06/data_output_with_margins-statewide.csv
[deleted] /home/ubuntu/apps/election-app/win_prob/H/CO/06/snapshots_CO.csv
[deleted] /home/ubuntu/apps/election-app/win_prob/H/CO/06/data_output_CO_with_margins_statewide_eevp.csv
[deleted] /home/ubuntu/apps/election-app/win_prob/H/CO/06/data_output_CO.csv
[deleted] /home/ubuntu/apps/election-app/win_prob/H/CO/06/data_output_CO_with_margins.csv
[deleted] /home/ubuntu/apps/election-app/win_prob/H/CO/06/data_output_CO.csv.checkpoint.json
[deleted] /home/ubuntu/apps/election-app/win_prob/H/CO/06/stats.csv
[deleted] /home/ubuntu/apps/election-app/win_prob/H/CO/06/stats2.csv
[done] removed 16 file(s)
[2026-01-22 19:32:51] INFO: [PIPELINE] args: office=H state=CO district=06
[2026-01-22 19:32:51] INFO: [PIPELINE] WINPROB_DIR resolved to: /home/ubuntu/apps/election-app/win_prob/H/CO/06
[2026-01-22 19:32:51] INFO: [PIPELINE] OUTDIR set to: /home/ubuntu/apps/election-app/win_prob/H/CO/06

$ /home/ubuntu/.venv/bin/python3 /home/ubuntu/apps/election-app/stats/1-statewide.py --input /home/ubuntu/apps/election-app/win_prob/H/CO/06/stats.csv --output /home/ubuntu/apps/election-app/win_prob/H/CO/06/_work/stats_with_statewide.csv
Wrote /home/ubuntu/apps/election-app/win_prob/H/CO/06/_work/stats_with_statewide.csv (rows=5)

$ /home/ubuntu/.venv/bin/python3 /home/ubuntu/apps/election-app/stats/1-stats-2.py --input /home/ubuntu/apps/election-app/win_prob/H/CO/06/stats2.csv --output /home/ubuntu/apps/election-app/win_prob/H/CO/06/_work/stats2_final_headers.csv
Wrote /home/ubuntu/apps/election-app/win_prob/H/CO/06/_work/stats2_final_headers.csv (rows=5)

$ /home/ubuntu/.venv/bin/python3 /home/ubuntu/apps/election-app/stats/1-append-new.py
Wrote 2024_county_results_with_final-old.csv (rows=5, missing_final_matches=0)

$ /home/ubuntu/.venv/bin/python3 /home/ubuntu/apps/election-app/stats/1-change_header.py
Wrote: 2024_county_results_with_final.csv

$ /home/ubuntu/.venv/bin/python3 /home/ubuntu/apps/election-app/stats/1-cut-zero-fips.py
Wrote: 2024_county_results_with_final_1.csv
Rows before: 5
Rows after:  5
Dropped (fips == 0): 0

$ /home/ubuntu/.venv/bin/python3 /home/ubuntu/apps/election-app/stats/2-calc.py
Wrote 5 rows with calculations to /home/ubuntu/apps/election-app/win_prob/H/CO/06/_work/2024_county_results_with_calcs-old.csv

$ /home/ubuntu/.venv/bin/python3 /home/ubuntu/apps/election-app/stats/2-eevp.py
Wrote (no-op copy): 2024_county_results_with_calcs.csv
Columns:
 - timestamp
 - state
 - county
 - fips
 - trump_votes
 - harris_votes
 - other_votes
 - eevp
 - state_eevp
 - harris_votes_statewide
 - trump_votes_statewide
 - other_votes_statewide
 - final_state
 - final_county
 - final_fips
 - final_trump_votes
 - final_harris_votes
 - final_other_votes
 - harris_percent_snapshot
 - trump_percent_snapshot
 - margin_snapshot
 - harris_percent_final
 - trump_percent_final
 - margin_final
 - margin_difference
 - margin_difference_abs

$ /home/ubuntu/.venv/bin/python3 /home/ubuntu/apps/election-app/stats/3-calc-new.py
Wrote 5 rows with new columns to /home/ubuntu/apps/election-app/win_prob/H/CO/06/_work/2024_county_results_with_calcs_new.csv

$ /home/ubuntu/.venv/bin/python3 /home/ubuntu/apps/election-app/stats/4-stats.py
Reading 2024_county_results_with_calcs_new.csv...
Aggregating statewide totals...
Calculating percentages and margins...
Writing to output_statewide_stats.csv...
Done!
[2026-01-22 19:33:01] INFO: [PIPELINE] ENTER win-prob generation | states=['CO'] ts_list=['2024-11-05T15-30-22']

============================================================================
[01/1] STATE = CO
============================================================================

$ /home/ubuntu/.venv/bin/python3 /home/ubuntu/apps/election-app/stats/5-snapshots.py --state CO --input /home/ubuntu/apps/election-app/win_prob/H/CO/06/_work/output_statewide_stats.csv --output /home/ubuntu/apps/election-app/win_prob/H/CO/06/snapshots_CO.csv --start 2024-11-05T15-30-22 --end 2024-11-05T15-30-22 --use-window 1 --interval 30
Mode: windowed-one-state
Rows written: 5
Distinct states in output: CO
Rows per normalized timestamp (empty = unparseable):
  2024-11-05T15-30-22: 5
Wrote /home/ubuntu/apps/election-app/win_prob/H/CO/06/snapshots_CO.csv

$ /home/ubuntu/.venv/bin/python3 /home/ubuntu/apps/election-app/stats/6-pval.py /home/ubuntu/apps/election-app/win_prob/H/CO/06/snapshots_CO.csv -t /home/ubuntu/apps/election-app/stats/parameters.csv -o /home/ubuntu/apps/election-app/win_prob/H/CO/06/data_output_CO.csv -c 50
Done. Wrote: /home/ubuntu/apps/election-app/win_prob/H/CO/06/data_output_CO.csv
Total rows: 5 (chunked, resumable).
Computed columns for PVALS = [0.01, 0.1, 1, 2, 3, 5, 10, 15, 20, 25, 30, 35, 40, 45, 50, 55, 60, 65, 70, 75, 80, 85, 90, 95, 97, 98, 99, 99.9, 99.99]
Per p (leader): shift_{p}, margin_new_{p}, harris_percent_new_{p}, trump_percent_new_{p}, total_snapshot_{p}, total_expected_{p}, harris_votes_new_{p}, trump_votes_new_{p}
Per p (trailing): shift_trailing_{p}, margin_new_{p}_trailing, harris_percent_new_{p}_trailing, trump_percent_new_{p}_trailing, total_snapshot_{p}_trailing, total_expected_{p}_trailing, harris_votes_new_{p}_trailing, trump_votes_new_{p}_trailing
Checkpoint saved at: /home/ubuntu/apps/election-app/win_prob/H/CO/06/data_output_CO.csv.checkpoint.json

$ /home/ubuntu/.venv/bin/python3 /home/ubuntu/apps/election-app/stats/7-margin-new.py
Wrote data_output_with_margins_old.csv

$ /home/ubuntu/.venv/bin/python3 /home/ubuntu/apps/election-app/stats/7-eevp-statewide.py
Wrote data_output_with_margins.csv (copied from data_output_with_margins_old.csv)

$ /home/ubuntu/.venv/bin/python3 /home/ubuntu/apps/election-app/stats/7.py --input /home/ubuntu/apps/election-app/win_prob/H/CO/06/data_output_CO_with_margins_statewide_eevp.csv --output /home/ubuntu/apps/election-app/win_prob/H/CO/06/statewide_margin_pct_vs_percent_CO_2026.png --state CO --start 2024-11-05T15-30-22 --end 2024-11-05T15-30-22 --stats /home/ubuntu/apps/election-app/win_prob/H/CO/06/stats.csv --stats2 /home/ubuntu/apps/election-app/win_prob/H/CO/06/stats2.csv --interval 30 --year 2026 --jsonl /home/ubuntu/apps/election-app/win_prob/H/CO/06/plotdata_CO_2026_2026-01-22T19-32-51.jsonl
[info] evaluating 1 timestamps from 2024-11-05T15-30-22 to 2024-11-05T15-30-22 every 30 minutes
[saved] probs_timeseries_CO.csv  (1 points)
[saved] /home/ubuntu/apps/election-app/win_prob/H/CO/06/plotdata_CO_2026_2026-01-22T19-32-51.jsonl  (4 points)
[saved] /home/ubuntu/apps/election-app/win_prob/H/CO/06/statewide_margin_pct_vs_percent_CO_2026_box.json
[saved] /home/ubuntu/apps/election-app/win_prob/H/CO/06/statewide_margin_pct_vs_percent_CO_2026_box.png
[saved] /home/ubuntu/apps/election-app/win_prob/H/CO/06/statewide_margin_pct_vs_percent_CO_2026.png

All 50 states complete. See: /home/ubuntu/apps/election-app/win_prob/H/CO/06

$ /home/ubuntu/.venv/bin/python3 /home/ubuntu/apps/election-app/stats/8.py --root /home/ubuntu/apps/election-app/win_prob/H/CO/06/_work --outdir /home/ubuntu/apps/election-app/win_prob/H/CO/06
[info] root  = /home/ubuntu/apps/election-app/win_prob/H/CO/06/_work
[info] outdir= /home/ubuntu/apps/election-app/win_prob/H/CO/06
[deleted] /home/ubuntu/apps/election-app/win_prob/H/CO/06/_work/stats_with_statewide.csv
[deleted] /home/ubuntu/apps/election-app/win_prob/H/CO/06/_work/stats2_final_headers.csv
[deleted] /home/ubuntu/apps/election-app/win_prob/H/CO/06/_work/2024_county_results_with_final-old.csv
[deleted] /home/ubuntu/apps/election-app/win_prob/H/CO/06/_work/2024_county_results_with_final.csv
[deleted] /home/ubuntu/apps/election-app/win_prob/H/CO/06/_work/2024_county_results_with_final_1.csv
[deleted] /home/ubuntu/apps/election-app/win_prob/H/CO/06/_work/2024_county_results_with_calcs-old.csv
[deleted] /home/ubuntu/apps/election-app/win_prob/H/CO/06/_work/2024_county_results_with_calcs_new.csv
[deleted] /home/ubuntu/apps/election-app/win_prob/H/CO/06/_work/output_statewide_stats.csv
[skip]    /home/ubuntu/apps/election-app/win_prob/H/CO/06/_work/probs_timeseries_PA.csv
[deleted] /home/ubuntu/apps/election-app/win_prob/H/CO/06/_work/2024_county_results_with_calcs.csv
[skip]    /home/ubuntu/apps/election-app/win_prob/H/CO/06/data_output.csv
[skip]    /home/ubuntu/apps/election-app/win_prob/H/CO/06/data_output_with_margins_old.csv
[skip]    /home/ubuntu/apps/election-app/win_prob/H/CO/06/data_output_with_margins.csv
[skip]    /home/ubuntu/apps/election-app/win_prob/H/CO/06/data_output_with_margins-statewide.csv
[deleted] /home/ubuntu/apps/election-app/win_prob/H/CO/06/snapshots_CO.csv
[deleted] /home/ubuntu/apps/election-app/win_prob/H/CO/06/data_output_CO_with_margins_statewide_eevp.csv
[deleted] /home/ubuntu/apps/election-app/win_prob/H/CO/06/data_output_CO.csv
[deleted] /home/ubuntu/apps/election-app/win_prob/H/CO/06/data_output_CO_with_margins.csv
[deleted] /home/ubuntu/apps/election-app/win_prob/H/CO/06/data_output_CO.csv.checkpoint.json
[deleted] /home/ubuntu/apps/election-app/win_prob/H/CO/06/stats.csv
[deleted] /home/ubuntu/apps/election-app/win_prob/H/CO/06/stats2.csv
[done] removed 16 file(s)
[2026-01-22 19:39:58] INFO: [PIPELINE] args: office=H state=CO district=06
[2026-01-22 19:39:58] INFO: [PIPELINE] WINPROB_DIR resolved to: /home/ubuntu/apps/election-app/win_prob/H/CO/06
[2026-01-22 19:39:58] INFO: [PIPELINE] OUTDIR set to: /home/ubuntu/apps/election-app/win_prob/H/CO/06

$ /home/ubuntu/.venv/bin/python3 /home/ubuntu/apps/election-app/stats/1-statewide.py --input /home/ubuntu/apps/election-app/win_prob/H/CO/06/stats.csv --output /home/ubuntu/apps/election-app/win_prob/H/CO/06/_work/stats_with_statewide.csv
Wrote /home/ubuntu/apps/election-app/win_prob/H/CO/06/_work/stats_with_statewide.csv (rows=5)

$ /home/ubuntu/.venv/bin/python3 /home/ubuntu/apps/election-app/stats/1-stats-2.py --input /home/ubuntu/apps/election-app/win_prob/H/CO/06/stats2.csv --output /home/ubuntu/apps/election-app/win_prob/H/CO/06/_work/stats2_final_headers.csv
Wrote /home/ubuntu/apps/election-app/win_prob/H/CO/06/_work/stats2_final_headers.csv (rows=5)

$ /home/ubuntu/.venv/bin/python3 /home/ubuntu/apps/election-app/stats/1-append-new.py
Wrote 2024_county_results_with_final-old.csv (rows=5, missing_final_matches=0)

$ /home/ubuntu/.venv/bin/python3 /home/ubuntu/apps/election-app/stats/1-change_header.py
Wrote: 2024_county_results_with_final.csv

$ /home/ubuntu/.venv/bin/python3 /home/ubuntu/apps/election-app/stats/1-cut-zero-fips.py
Wrote: 2024_county_results_with_final_1.csv
Rows before: 5
Rows after:  5
Dropped (fips == 0): 0

$ /home/ubuntu/.venv/bin/python3 /home/ubuntu/apps/election-app/stats/2-calc.py
Wrote 5 rows with calculations to /home/ubuntu/apps/election-app/win_prob/H/CO/06/_work/2024_county_results_with_calcs-old.csv

$ /home/ubuntu/.venv/bin/python3 /home/ubuntu/apps/election-app/stats/2-eevp.py
Wrote (no-op copy): 2024_county_results_with_calcs.csv
Columns:
 - timestamp
 - state
 - county
 - fips
 - trump_votes
 - harris_votes
 - other_votes
 - eevp
 - state_eevp
 - harris_votes_statewide
 - trump_votes_statewide
 - other_votes_statewide
 - final_state
 - final_county
 - final_fips
 - final_trump_votes
 - final_harris_votes
 - final_other_votes
 - harris_percent_snapshot
 - trump_percent_snapshot
 - margin_snapshot
 - harris_percent_final
 - trump_percent_final
 - margin_final
 - margin_difference
 - margin_difference_abs

$ /home/ubuntu/.venv/bin/python3 /home/ubuntu/apps/election-app/stats/3-calc-new.py
Wrote 5 rows with new columns to /home/ubuntu/apps/election-app/win_prob/H/CO/06/_work/2024_county_results_with_calcs_new.csv

$ /home/ubuntu/.venv/bin/python3 /home/ubuntu/apps/election-app/stats/4-stats.py
Reading 2024_county_results_with_calcs_new.csv...
Aggregating statewide totals...
Calculating percentages and margins...
Writing to output_statewide_stats.csv...
Done!
[2026-01-22 19:40:09] INFO: [PIPELINE] ENTER win-prob generation | states=['CO'] ts_list=['2024-11-05T15-30-22']

============================================================================
[01/1] STATE = CO
============================================================================

$ /home/ubuntu/.venv/bin/python3 /home/ubuntu/apps/election-app/stats/5-snapshots.py --state CO --input /home/ubuntu/apps/election-app/win_prob/H/CO/06/_work/output_statewide_stats.csv --output /home/ubuntu/apps/election-app/win_prob/H/CO/06/snapshots_CO.csv --start 2024-11-05T15-30-22 --end 2024-11-05T15-30-22 --use-window 1 --interval 30
Mode: windowed-one-state
Rows written: 5
Distinct states in output: CO
Rows per normalized timestamp (empty = unparseable):
  2024-11-05T15-30-22: 5
Wrote /home/ubuntu/apps/election-app/win_prob/H/CO/06/snapshots_CO.csv

$ /home/ubuntu/.venv/bin/python3 /home/ubuntu/apps/election-app/stats/6-pval.py /home/ubuntu/apps/election-app/win_prob/H/CO/06/snapshots_CO.csv -t /home/ubuntu/apps/election-app/stats/parameters.csv -o /home/ubuntu/apps/election-app/win_prob/H/CO/06/data_output_CO.csv -c 50
Done. Wrote: /home/ubuntu/apps/election-app/win_prob/H/CO/06/data_output_CO.csv
Total rows: 5 (chunked, resumable).
Computed columns for PVALS = [0.01, 0.1, 1, 2, 3, 5, 10, 15, 20, 25, 30, 35, 40, 45, 50, 55, 60, 65, 70, 75, 80, 85, 90, 95, 97, 98, 99, 99.9, 99.99]
Per p (leader): shift_{p}, margin_new_{p}, harris_percent_new_{p}, trump_percent_new_{p}, total_snapshot_{p}, total_expected_{p}, harris_votes_new_{p}, trump_votes_new_{p}
Per p (trailing): shift_trailing_{p}, margin_new_{p}_trailing, harris_percent_new_{p}_trailing, trump_percent_new_{p}_trailing, total_snapshot_{p}_trailing, total_expected_{p}_trailing, harris_votes_new_{p}_trailing, trump_votes_new_{p}_trailing
Checkpoint saved at: /home/ubuntu/apps/election-app/win_prob/H/CO/06/data_output_CO.csv.checkpoint.json

$ /home/ubuntu/.venv/bin/python3 /home/ubuntu/apps/election-app/stats/7-margin-new.py
Wrote data_output_with_margins_old.csv

$ /home/ubuntu/.venv/bin/python3 /home/ubuntu/apps/election-app/stats/7-eevp-statewide.py
Wrote data_output_with_margins.csv (copied from data_output_with_margins_old.csv)

$ /home/ubuntu/.venv/bin/python3 /home/ubuntu/apps/election-app/stats/7.py --input /home/ubuntu/apps/election-app/win_prob/H/CO/06/data_output_CO_with_margins_statewide_eevp.csv --output /home/ubuntu/apps/election-app/win_prob/H/CO/06/statewide_margin_pct_vs_percent_CO_2026.png --state CO --start 2024-11-05T15-30-22 --end 2024-11-05T15-30-22 --stats /home/ubuntu/apps/election-app/win_prob/H/CO/06/stats.csv --stats2 /home/ubuntu/apps/election-app/win_prob/H/CO/06/stats2.csv --interval 30 --year 2026 --jsonl /home/ubuntu/apps/election-app/win_prob/H/CO/06/plotdata_CO_2026_2026-01-22T19-39-58.jsonl
[info] evaluating 1 timestamps from 2024-11-05T15-30-22 to 2024-11-05T15-30-22 every 30 minutes
[saved] probs_timeseries_CO.csv  (1 points)
[saved] /home/ubuntu/apps/election-app/win_prob/H/CO/06/plotdata_CO_2026_2026-01-22T19-39-58.jsonl  (4 points)
[saved] /home/ubuntu/apps/election-app/win_prob/H/CO/06/statewide_margin_pct_vs_percent_CO_2026_box.json
[saved] /home/ubuntu/apps/election-app/win_prob/H/CO/06/statewide_margin_pct_vs_percent_CO_2026_box.png
[saved] /home/ubuntu/apps/election-app/win_prob/H/CO/06/statewide_margin_pct_vs_percent_CO_2026.png

All 50 states complete. See: /home/ubuntu/apps/election-app/win_prob/H/CO/06

$ /home/ubuntu/.venv/bin/python3 /home/ubuntu/apps/election-app/stats/8.py --root /home/ubuntu/apps/election-app/win_prob/H/CO/06/_work --outdir /home/ubuntu/apps/election-app/win_prob/H/CO/06
[info] root  = /home/ubuntu/apps/election-app/win_prob/H/CO/06/_work
[info] outdir= /home/ubuntu/apps/election-app/win_prob/H/CO/06
[deleted] /home/ubuntu/apps/election-app/win_prob/H/CO/06/_work/stats_with_statewide.csv
[deleted] /home/ubuntu/apps/election-app/win_prob/H/CO/06/_work/stats2_final_headers.csv
[deleted] /home/ubuntu/apps/election-app/win_prob/H/CO/06/_work/2024_county_results_with_final-old.csv
[deleted] /home/ubuntu/apps/election-app/win_prob/H/CO/06/_work/2024_county_results_with_final.csv
[deleted] /home/ubuntu/apps/election-app/win_prob/H/CO/06/_work/2024_county_results_with_final_1.csv
[deleted] /home/ubuntu/apps/election-app/win_prob/H/CO/06/_work/2024_county_results_with_calcs-old.csv
[deleted] /home/ubuntu/apps/election-app/win_prob/H/CO/06/_work/2024_county_results_with_calcs_new.csv
[deleted] /home/ubuntu/apps/election-app/win_prob/H/CO/06/_work/output_statewide_stats.csv
[skip]    /home/ubuntu/apps/election-app/win_prob/H/CO/06/_work/probs_timeseries_PA.csv
[deleted] /home/ubuntu/apps/election-app/win_prob/H/CO/06/_work/2024_county_results_with_calcs.csv
[skip]    /home/ubuntu/apps/election-app/win_prob/H/CO/06/data_output.csv
[skip]    /home/ubuntu/apps/election-app/win_prob/H/CO/06/data_output_with_margins_old.csv
[skip]    /home/ubuntu/apps/election-app/win_prob/H/CO/06/data_output_with_margins.csv
[skip]    /home/ubuntu/apps/election-app/win_prob/H/CO/06/data_output_with_margins-statewide.csv
[deleted] /home/ubuntu/apps/election-app/win_prob/H/CO/06/snapshots_CO.csv
[deleted] /home/ubuntu/apps/election-app/win_prob/H/CO/06/data_output_CO_with_margins_statewide_eevp.csv
[deleted] /home/ubuntu/apps/election-app/win_prob/H/CO/06/data_output_CO.csv
[deleted] /home/ubuntu/apps/election-app/win_prob/H/CO/06/data_output_CO_with_margins.csv
[deleted] /home/ubuntu/apps/election-app/win_prob/H/CO/06/data_output_CO.csv.checkpoint.json
[deleted] /home/ubuntu/apps/election-app/win_prob/H/CO/06/stats.csv
[deleted] /home/ubuntu/apps/election-app/win_prob/H/CO/06/stats2.csv
[done] removed 16 file(s)
[2026-01-22 19:47:00] INFO: [PIPELINE] args: office=H state=CO district=06
[2026-01-22 19:47:00] INFO: [PIPELINE] WINPROB_DIR resolved to: /home/ubuntu/apps/election-app/win_prob/H/CO/06
[2026-01-22 19:47:00] INFO: [PIPELINE] OUTDIR set to: /home/ubuntu/apps/election-app/win_prob/H/CO/06

$ /home/ubuntu/.venv/bin/python3 /home/ubuntu/apps/election-app/stats/1-statewide.py --input /home/ubuntu/apps/election-app/win_prob/H/CO/06/stats.csv --output /home/ubuntu/apps/election-app/win_prob/H/CO/06/_work/stats_with_statewide.csv
Wrote /home/ubuntu/apps/election-app/win_prob/H/CO/06/_work/stats_with_statewide.csv (rows=5)

$ /home/ubuntu/.venv/bin/python3 /home/ubuntu/apps/election-app/stats/1-stats-2.py --input /home/ubuntu/apps/election-app/win_prob/H/CO/06/stats2.csv --output /home/ubuntu/apps/election-app/win_prob/H/CO/06/_work/stats2_final_headers.csv
Wrote /home/ubuntu/apps/election-app/win_prob/H/CO/06/_work/stats2_final_headers.csv (rows=5)

$ /home/ubuntu/.venv/bin/python3 /home/ubuntu/apps/election-app/stats/1-append-new.py
Wrote 2024_county_results_with_final-old.csv (rows=5, missing_final_matches=0)

$ /home/ubuntu/.venv/bin/python3 /home/ubuntu/apps/election-app/stats/1-change_header.py
Wrote: 2024_county_results_with_final.csv

$ /home/ubuntu/.venv/bin/python3 /home/ubuntu/apps/election-app/stats/1-cut-zero-fips.py
Wrote: 2024_county_results_with_final_1.csv
Rows before: 5
Rows after:  5
Dropped (fips == 0): 0

$ /home/ubuntu/.venv/bin/python3 /home/ubuntu/apps/election-app/stats/2-calc.py
Wrote 5 rows with calculations to /home/ubuntu/apps/election-app/win_prob/H/CO/06/_work/2024_county_results_with_calcs-old.csv

$ /home/ubuntu/.venv/bin/python3 /home/ubuntu/apps/election-app/stats/2-eevp.py
Wrote (no-op copy): 2024_county_results_with_calcs.csv
Columns:
 - timestamp
 - state
 - county
 - fips
 - trump_votes
 - harris_votes
 - other_votes
 - eevp
 - state_eevp
 - harris_votes_statewide
 - trump_votes_statewide
 - other_votes_statewide
 - final_state
 - final_county
 - final_fips
 - final_trump_votes
 - final_harris_votes
 - final_other_votes
 - harris_percent_snapshot
 - trump_percent_snapshot
 - margin_snapshot
 - harris_percent_final
 - trump_percent_final
 - margin_final
 - margin_difference
 - margin_difference_abs

$ /home/ubuntu/.venv/bin/python3 /home/ubuntu/apps/election-app/stats/3-calc-new.py
Wrote 5 rows with new columns to /home/ubuntu/apps/election-app/win_prob/H/CO/06/_work/2024_county_results_with_calcs_new.csv

$ /home/ubuntu/.venv/bin/python3 /home/ubuntu/apps/election-app/stats/4-stats.py
Reading 2024_county_results_with_calcs_new.csv...
Aggregating statewide totals...
Calculating percentages and margins...
Writing to output_statewide_stats.csv...
Done!
[2026-01-22 19:47:11] INFO: [PIPELINE] ENTER win-prob generation | states=['CO'] ts_list=['2024-11-05T15-30-22']

============================================================================
[01/1] STATE = CO
============================================================================

$ /home/ubuntu/.venv/bin/python3 /home/ubuntu/apps/election-app/stats/5-snapshots.py --state CO --input /home/ubuntu/apps/election-app/win_prob/H/CO/06/_work/output_statewide_stats.csv --output /home/ubuntu/apps/election-app/win_prob/H/CO/06/snapshots_CO.csv --start 2024-11-05T15-30-22 --end 2024-11-05T15-30-22 --use-window 1 --interval 30
Mode: windowed-one-state
Rows written: 5
Distinct states in output: CO
Rows per normalized timestamp (empty = unparseable):
  2024-11-05T15-30-22: 5
Wrote /home/ubuntu/apps/election-app/win_prob/H/CO/06/snapshots_CO.csv

$ /home/ubuntu/.venv/bin/python3 /home/ubuntu/apps/election-app/stats/6-pval.py /home/ubuntu/apps/election-app/win_prob/H/CO/06/snapshots_CO.csv -t /home/ubuntu/apps/election-app/stats/parameters.csv -o /home/ubuntu/apps/election-app/win_prob/H/CO/06/data_output_CO.csv -c 50
Done. Wrote: /home/ubuntu/apps/election-app/win_prob/H/CO/06/data_output_CO.csv
Total rows: 5 (chunked, resumable).
Computed columns for PVALS = [0.01, 0.1, 1, 2, 3, 5, 10, 15, 20, 25, 30, 35, 40, 45, 50, 55, 60, 65, 70, 75, 80, 85, 90, 95, 97, 98, 99, 99.9, 99.99]
Per p (leader): shift_{p}, margin_new_{p}, harris_percent_new_{p}, trump_percent_new_{p}, total_snapshot_{p}, total_expected_{p}, harris_votes_new_{p}, trump_votes_new_{p}
Per p (trailing): shift_trailing_{p}, margin_new_{p}_trailing, harris_percent_new_{p}_trailing, trump_percent_new_{p}_trailing, total_snapshot_{p}_trailing, total_expected_{p}_trailing, harris_votes_new_{p}_trailing, trump_votes_new_{p}_trailing
Checkpoint saved at: /home/ubuntu/apps/election-app/win_prob/H/CO/06/data_output_CO.csv.checkpoint.json

$ /home/ubuntu/.venv/bin/python3 /home/ubuntu/apps/election-app/stats/7-margin-new.py
Wrote data_output_with_margins_old.csv

$ /home/ubuntu/.venv/bin/python3 /home/ubuntu/apps/election-app/stats/7-eevp-statewide.py
Wrote data_output_with_margins.csv (copied from data_output_with_margins_old.csv)

$ /home/ubuntu/.venv/bin/python3 /home/ubuntu/apps/election-app/stats/7.py --input /home/ubuntu/apps/election-app/win_prob/H/CO/06/data_output_CO_with_margins_statewide_eevp.csv --output /home/ubuntu/apps/election-app/win_prob/H/CO/06/statewide_margin_pct_vs_percent_CO_2026.png --state CO --start 2024-11-05T15-30-22 --end 2024-11-05T15-30-22 --stats /home/ubuntu/apps/election-app/win_prob/H/CO/06/stats.csv --stats2 /home/ubuntu/apps/election-app/win_prob/H/CO/06/stats2.csv --interval 30 --year 2026 --jsonl /home/ubuntu/apps/election-app/win_prob/H/CO/06/plotdata_CO_2026_2026-01-22T19-47-00.jsonl
[info] evaluating 1 timestamps from 2024-11-05T15-30-22 to 2024-11-05T15-30-22 every 30 minutes
[saved] probs_timeseries_CO.csv  (1 points)
[saved] /home/ubuntu/apps/election-app/win_prob/H/CO/06/plotdata_CO_2026_2026-01-22T19-47-00.jsonl  (4 points)
[saved] /home/ubuntu/apps/election-app/win_prob/H/CO/06/statewide_margin_pct_vs_percent_CO_2026_box.json
[saved] /home/ubuntu/apps/election-app/win_prob/H/CO/06/statewide_margin_pct_vs_percent_CO_2026_box.png
[saved] /home/ubuntu/apps/election-app/win_prob/H/CO/06/statewide_margin_pct_vs_percent_CO_2026.png

All 50 states complete. See: /home/ubuntu/apps/election-app/win_prob/H/CO/06

$ /home/ubuntu/.venv/bin/python3 /home/ubuntu/apps/election-app/stats/8.py --root /home/ubuntu/apps/election-app/win_prob/H/CO/06/_work --outdir /home/ubuntu/apps/election-app/win_prob/H/CO/06
[info] root  = /home/ubuntu/apps/election-app/win_prob/H/CO/06/_work
[info] outdir= /home/ubuntu/apps/election-app/win_prob/H/CO/06
[deleted] /home/ubuntu/apps/election-app/win_prob/H/CO/06/_work/stats_with_statewide.csv
[deleted] /home/ubuntu/apps/election-app/win_prob/H/CO/06/_work/stats2_final_headers.csv
[deleted] /home/ubuntu/apps/election-app/win_prob/H/CO/06/_work/2024_county_results_with_final-old.csv
[deleted] /home/ubuntu/apps/election-app/win_prob/H/CO/06/_work/2024_county_results_with_final.csv
[deleted] /home/ubuntu/apps/election-app/win_prob/H/CO/06/_work/2024_county_results_with_final_1.csv
[deleted] /home/ubuntu/apps/election-app/win_prob/H/CO/06/_work/2024_county_results_with_calcs-old.csv
[deleted] /home/ubuntu/apps/election-app/win_prob/H/CO/06/_work/2024_county_results_with_calcs_new.csv
[deleted] /home/ubuntu/apps/election-app/win_prob/H/CO/06/_work/output_statewide_stats.csv
[skip]    /home/ubuntu/apps/election-app/win_prob/H/CO/06/_work/probs_timeseries_PA.csv
[deleted] /home/ubuntu/apps/election-app/win_prob/H/CO/06/_work/2024_county_results_with_calcs.csv
[skip]    /home/ubuntu/apps/election-app/win_prob/H/CO/06/data_output.csv
[skip]    /home/ubuntu/apps/election-app/win_prob/H/CO/06/data_output_with_margins_old.csv
[skip]    /home/ubuntu/apps/election-app/win_prob/H/CO/06/data_output_with_margins.csv
[skip]    /home/ubuntu/apps/election-app/win_prob/H/CO/06/data_output_with_margins-statewide.csv
[deleted] /home/ubuntu/apps/election-app/win_prob/H/CO/06/snapshots_CO.csv
[deleted] /home/ubuntu/apps/election-app/win_prob/H/CO/06/data_output_CO_with_margins_statewide_eevp.csv
[deleted] /home/ubuntu/apps/election-app/win_prob/H/CO/06/data_output_CO.csv
[deleted] /home/ubuntu/apps/election-app/win_prob/H/CO/06/data_output_CO_with_margins.csv
[deleted] /home/ubuntu/apps/election-app/win_prob/H/CO/06/data_output_CO.csv.checkpoint.json
[deleted] /home/ubuntu/apps/election-app/win_prob/H/CO/06/stats.csv
[deleted] /home/ubuntu/apps/election-app/win_prob/H/CO/06/stats2.csv
[done] removed 16 file(s)
[2026-01-22 19:54:02] INFO: [PIPELINE] args: office=H state=CO district=06
[2026-01-22 19:54:02] INFO: [PIPELINE] WINPROB_DIR resolved to: /home/ubuntu/apps/election-app/win_prob/H/CO/06
[2026-01-22 19:54:02] INFO: [PIPELINE] OUTDIR set to: /home/ubuntu/apps/election-app/win_prob/H/CO/06

$ /home/ubuntu/.venv/bin/python3 /home/ubuntu/apps/election-app/stats/1-statewide.py --input /home/ubuntu/apps/election-app/win_prob/H/CO/06/stats.csv --output /home/ubuntu/apps/election-app/win_prob/H/CO/06/_work/stats_with_statewide.csv
Wrote /home/ubuntu/apps/election-app/win_prob/H/CO/06/_work/stats_with_statewide.csv (rows=5)

$ /home/ubuntu/.venv/bin/python3 /home/ubuntu/apps/election-app/stats/1-stats-2.py --input /home/ubuntu/apps/election-app/win_prob/H/CO/06/stats2.csv --output /home/ubuntu/apps/election-app/win_prob/H/CO/06/_work/stats2_final_headers.csv
Wrote /home/ubuntu/apps/election-app/win_prob/H/CO/06/_work/stats2_final_headers.csv (rows=5)

$ /home/ubuntu/.venv/bin/python3 /home/ubuntu/apps/election-app/stats/1-append-new.py
Wrote 2024_county_results_with_final-old.csv (rows=5, missing_final_matches=0)

$ /home/ubuntu/.venv/bin/python3 /home/ubuntu/apps/election-app/stats/1-change_header.py
Wrote: 2024_county_results_with_final.csv

$ /home/ubuntu/.venv/bin/python3 /home/ubuntu/apps/election-app/stats/1-cut-zero-fips.py
Wrote: 2024_county_results_with_final_1.csv
Rows before: 5
Rows after:  5
Dropped (fips == 0): 0

$ /home/ubuntu/.venv/bin/python3 /home/ubuntu/apps/election-app/stats/2-calc.py
Wrote 5 rows with calculations to /home/ubuntu/apps/election-app/win_prob/H/CO/06/_work/2024_county_results_with_calcs-old.csv

$ /home/ubuntu/.venv/bin/python3 /home/ubuntu/apps/election-app/stats/2-eevp.py
Wrote (no-op copy): 2024_county_results_with_calcs.csv
Columns:
 - timestamp
 - state
 - county
 - fips
 - trump_votes
 - harris_votes
 - other_votes
 - eevp
 - state_eevp
 - harris_votes_statewide
 - trump_votes_statewide
 - other_votes_statewide
 - final_state
 - final_county
 - final_fips
 - final_trump_votes
 - final_harris_votes
 - final_other_votes
 - harris_percent_snapshot
 - trump_percent_snapshot
 - margin_snapshot
 - harris_percent_final
 - trump_percent_final
 - margin_final
 - margin_difference
 - margin_difference_abs

$ /home/ubuntu/.venv/bin/python3 /home/ubuntu/apps/election-app/stats/3-calc-new.py
Wrote 5 rows with new columns to /home/ubuntu/apps/election-app/win_prob/H/CO/06/_work/2024_county_results_with_calcs_new.csv

$ /home/ubuntu/.venv/bin/python3 /home/ubuntu/apps/election-app/stats/4-stats.py
Reading 2024_county_results_with_calcs_new.csv...
Aggregating statewide totals...
Calculating percentages and margins...
Writing to output_statewide_stats.csv...
Done!
[2026-01-22 19:54:12] INFO: [PIPELINE] ENTER win-prob generation | states=['CO'] ts_list=['2024-11-05T15-30-22']

============================================================================
[01/1] STATE = CO
============================================================================

$ /home/ubuntu/.venv/bin/python3 /home/ubuntu/apps/election-app/stats/5-snapshots.py --state CO --input /home/ubuntu/apps/election-app/win_prob/H/CO/06/_work/output_statewide_stats.csv --output /home/ubuntu/apps/election-app/win_prob/H/CO/06/snapshots_CO.csv --start 2024-11-05T15-30-22 --end 2024-11-05T15-30-22 --use-window 1 --interval 30
Mode: windowed-one-state
Rows written: 5
Distinct states in output: CO
Rows per normalized timestamp (empty = unparseable):
  2024-11-05T15-30-22: 5
Wrote /home/ubuntu/apps/election-app/win_prob/H/CO/06/snapshots_CO.csv

$ /home/ubuntu/.venv/bin/python3 /home/ubuntu/apps/election-app/stats/6-pval.py /home/ubuntu/apps/election-app/win_prob/H/CO/06/snapshots_CO.csv -t /home/ubuntu/apps/election-app/stats/parameters.csv -o /home/ubuntu/apps/election-app/win_prob/H/CO/06/data_output_CO.csv -c 50
Done. Wrote: /home/ubuntu/apps/election-app/win_prob/H/CO/06/data_output_CO.csv
Total rows: 5 (chunked, resumable).
Computed columns for PVALS = [0.01, 0.1, 1, 2, 3, 5, 10, 15, 20, 25, 30, 35, 40, 45, 50, 55, 60, 65, 70, 75, 80, 85, 90, 95, 97, 98, 99, 99.9, 99.99]
Per p (leader): shift_{p}, margin_new_{p}, harris_percent_new_{p}, trump_percent_new_{p}, total_snapshot_{p}, total_expected_{p}, harris_votes_new_{p}, trump_votes_new_{p}
Per p (trailing): shift_trailing_{p}, margin_new_{p}_trailing, harris_percent_new_{p}_trailing, trump_percent_new_{p}_trailing, total_snapshot_{p}_trailing, total_expected_{p}_trailing, harris_votes_new_{p}_trailing, trump_votes_new_{p}_trailing
Checkpoint saved at: /home/ubuntu/apps/election-app/win_prob/H/CO/06/data_output_CO.csv.checkpoint.json

$ /home/ubuntu/.venv/bin/python3 /home/ubuntu/apps/election-app/stats/7-margin-new.py
Wrote data_output_with_margins_old.csv

$ /home/ubuntu/.venv/bin/python3 /home/ubuntu/apps/election-app/stats/7-eevp-statewide.py
Wrote data_output_with_margins.csv (copied from data_output_with_margins_old.csv)

$ /home/ubuntu/.venv/bin/python3 /home/ubuntu/apps/election-app/stats/7.py --input /home/ubuntu/apps/election-app/win_prob/H/CO/06/data_output_CO_with_margins_statewide_eevp.csv --output /home/ubuntu/apps/election-app/win_prob/H/CO/06/statewide_margin_pct_vs_percent_CO_2026.png --state CO --start 2024-11-05T15-30-22 --end 2024-11-05T15-30-22 --stats /home/ubuntu/apps/election-app/win_prob/H/CO/06/stats.csv --stats2 /home/ubuntu/apps/election-app/win_prob/H/CO/06/stats2.csv --interval 30 --year 2026 --jsonl /home/ubuntu/apps/election-app/win_prob/H/CO/06/plotdata_CO_2026_2026-01-22T19-54-02.jsonl
[info] evaluating 1 timestamps from 2024-11-05T15-30-22 to 2024-11-05T15-30-22 every 30 minutes
[saved] probs_timeseries_CO.csv  (1 points)
[saved] /home/ubuntu/apps/election-app/win_prob/H/CO/06/plotdata_CO_2026_2026-01-22T19-54-02.jsonl  (4 points)
[saved] /home/ubuntu/apps/election-app/win_prob/H/CO/06/statewide_margin_pct_vs_percent_CO_2026_box.json
[saved] /home/ubuntu/apps/election-app/win_prob/H/CO/06/statewide_margin_pct_vs_percent_CO_2026_box.png
[saved] /home/ubuntu/apps/election-app/win_prob/H/CO/06/statewide_margin_pct_vs_percent_CO_2026.png

All 50 states complete. See: /home/ubuntu/apps/election-app/win_prob/H/CO/06

$ /home/ubuntu/.venv/bin/python3 /home/ubuntu/apps/election-app/stats/8.py --root /home/ubuntu/apps/election-app/win_prob/H/CO/06/_work --outdir /home/ubuntu/apps/election-app/win_prob/H/CO/06
[info] root  = /home/ubuntu/apps/election-app/win_prob/H/CO/06/_work
[info] outdir= /home/ubuntu/apps/election-app/win_prob/H/CO/06
[deleted] /home/ubuntu/apps/election-app/win_prob/H/CO/06/_work/stats_with_statewide.csv
[deleted] /home/ubuntu/apps/election-app/win_prob/H/CO/06/_work/stats2_final_headers.csv
[deleted] /home/ubuntu/apps/election-app/win_prob/H/CO/06/_work/2024_county_results_with_final-old.csv
[deleted] /home/ubuntu/apps/election-app/win_prob/H/CO/06/_work/2024_county_results_with_final.csv
[deleted] /home/ubuntu/apps/election-app/win_prob/H/CO/06/_work/2024_county_results_with_final_1.csv
[deleted] /home/ubuntu/apps/election-app/win_prob/H/CO/06/_work/2024_county_results_with_calcs-old.csv
[deleted] /home/ubuntu/apps/election-app/win_prob/H/CO/06/_work/2024_county_results_with_calcs_new.csv
[deleted] /home/ubuntu/apps/election-app/win_prob/H/CO/06/_work/output_statewide_stats.csv
[skip]    /home/ubuntu/apps/election-app/win_prob/H/CO/06/_work/probs_timeseries_PA.csv
[deleted] /home/ubuntu/apps/election-app/win_prob/H/CO/06/_work/2024_county_results_with_calcs.csv
[skip]    /home/ubuntu/apps/election-app/win_prob/H/CO/06/data_output.csv
[skip]    /home/ubuntu/apps/election-app/win_prob/H/CO/06/data_output_with_margins_old.csv
[skip]    /home/ubuntu/apps/election-app/win_prob/H/CO/06/data_output_with_margins.csv
[skip]    /home/ubuntu/apps/election-app/win_prob/H/CO/06/data_output_with_margins-statewide.csv
[deleted] /home/ubuntu/apps/election-app/win_prob/H/CO/06/snapshots_CO.csv
[deleted] /home/ubuntu/apps/election-app/win_prob/H/CO/06/data_output_CO_with_margins_statewide_eevp.csv
[deleted] /home/ubuntu/apps/election-app/win_prob/H/CO/06/data_output_CO.csv
[deleted] /home/ubuntu/apps/election-app/win_prob/H/CO/06/data_output_CO_with_margins.csv
[deleted] /home/ubuntu/apps/election-app/win_prob/H/CO/06/data_output_CO.csv.checkpoint.json
[deleted] /home/ubuntu/apps/election-app/win_prob/H/CO/06/stats.csv
[deleted] /home/ubuntu/apps/election-app/win_prob/H/CO/06/stats2.csv
[done] removed 16 file(s)
[2026-01-22 20:01:05] INFO: [PIPELINE] args: office=H state=CO district=06
[2026-01-22 20:01:05] INFO: [PIPELINE] WINPROB_DIR resolved to: /home/ubuntu/apps/election-app/win_prob/H/CO/06
[2026-01-22 20:01:05] INFO: [PIPELINE] OUTDIR set to: /home/ubuntu/apps/election-app/win_prob/H/CO/06

$ /home/ubuntu/.venv/bin/python3 /home/ubuntu/apps/election-app/stats/1-statewide.py --input /home/ubuntu/apps/election-app/win_prob/H/CO/06/stats.csv --output /home/ubuntu/apps/election-app/win_prob/H/CO/06/_work/stats_with_statewide.csv
Wrote /home/ubuntu/apps/election-app/win_prob/H/CO/06/_work/stats_with_statewide.csv (rows=5)

$ /home/ubuntu/.venv/bin/python3 /home/ubuntu/apps/election-app/stats/1-stats-2.py --input /home/ubuntu/apps/election-app/win_prob/H/CO/06/stats2.csv --output /home/ubuntu/apps/election-app/win_prob/H/CO/06/_work/stats2_final_headers.csv
Wrote /home/ubuntu/apps/election-app/win_prob/H/CO/06/_work/stats2_final_headers.csv (rows=5)

$ /home/ubuntu/.venv/bin/python3 /home/ubuntu/apps/election-app/stats/1-append-new.py
Wrote 2024_county_results_with_final-old.csv (rows=5, missing_final_matches=0)

$ /home/ubuntu/.venv/bin/python3 /home/ubuntu/apps/election-app/stats/1-change_header.py
Wrote: 2024_county_results_with_final.csv

$ /home/ubuntu/.venv/bin/python3 /home/ubuntu/apps/election-app/stats/1-cut-zero-fips.py
Wrote: 2024_county_results_with_final_1.csv
Rows before: 5
Rows after:  5
Dropped (fips == 0): 0

$ /home/ubuntu/.venv/bin/python3 /home/ubuntu/apps/election-app/stats/2-calc.py
Wrote 5 rows with calculations to /home/ubuntu/apps/election-app/win_prob/H/CO/06/_work/2024_county_results_with_calcs-old.csv

$ /home/ubuntu/.venv/bin/python3 /home/ubuntu/apps/election-app/stats/2-eevp.py
Wrote (no-op copy): 2024_county_results_with_calcs.csv
Columns:
 - timestamp
 - state
 - county
 - fips
 - trump_votes
 - harris_votes
 - other_votes
 - eevp
 - state_eevp
 - harris_votes_statewide
 - trump_votes_statewide
 - other_votes_statewide
 - final_state
 - final_county
 - final_fips
 - final_trump_votes
 - final_harris_votes
 - final_other_votes
 - harris_percent_snapshot
 - trump_percent_snapshot
 - margin_snapshot
 - harris_percent_final
 - trump_percent_final
 - margin_final
 - margin_difference
 - margin_difference_abs

$ /home/ubuntu/.venv/bin/python3 /home/ubuntu/apps/election-app/stats/3-calc-new.py
Wrote 5 rows with new columns to /home/ubuntu/apps/election-app/win_prob/H/CO/06/_work/2024_county_results_with_calcs_new.csv

$ /home/ubuntu/.venv/bin/python3 /home/ubuntu/apps/election-app/stats/4-stats.py
Reading 2024_county_results_with_calcs_new.csv...
Aggregating statewide totals...
Calculating percentages and margins...
Writing to output_statewide_stats.csv...
Done!
[2026-01-22 20:01:16] INFO: [PIPELINE] ENTER win-prob generation | states=['CO'] ts_list=['2024-11-05T15-30-22']

============================================================================
[01/1] STATE = CO
============================================================================

$ /home/ubuntu/.venv/bin/python3 /home/ubuntu/apps/election-app/stats/5-snapshots.py --state CO --input /home/ubuntu/apps/election-app/win_prob/H/CO/06/_work/output_statewide_stats.csv --output /home/ubuntu/apps/election-app/win_prob/H/CO/06/snapshots_CO.csv --start 2024-11-05T15-30-22 --end 2024-11-05T15-30-22 --use-window 1 --interval 30
Mode: windowed-one-state
Rows written: 5
Distinct states in output: CO
Rows per normalized timestamp (empty = unparseable):
  2024-11-05T15-30-22: 5
Wrote /home/ubuntu/apps/election-app/win_prob/H/CO/06/snapshots_CO.csv

$ /home/ubuntu/.venv/bin/python3 /home/ubuntu/apps/election-app/stats/6-pval.py /home/ubuntu/apps/election-app/win_prob/H/CO/06/snapshots_CO.csv -t /home/ubuntu/apps/election-app/stats/parameters.csv -o /home/ubuntu/apps/election-app/win_prob/H/CO/06/data_output_CO.csv -c 50
Done. Wrote: /home/ubuntu/apps/election-app/win_prob/H/CO/06/data_output_CO.csv
Total rows: 5 (chunked, resumable).
Computed columns for PVALS = [0.01, 0.1, 1, 2, 3, 5, 10, 15, 20, 25, 30, 35, 40, 45, 50, 55, 60, 65, 70, 75, 80, 85, 90, 95, 97, 98, 99, 99.9, 99.99]
Per p (leader): shift_{p}, margin_new_{p}, harris_percent_new_{p}, trump_percent_new_{p}, total_snapshot_{p}, total_expected_{p}, harris_votes_new_{p}, trump_votes_new_{p}
Per p (trailing): shift_trailing_{p}, margin_new_{p}_trailing, harris_percent_new_{p}_trailing, trump_percent_new_{p}_trailing, total_snapshot_{p}_trailing, total_expected_{p}_trailing, harris_votes_new_{p}_trailing, trump_votes_new_{p}_trailing
Checkpoint saved at: /home/ubuntu/apps/election-app/win_prob/H/CO/06/data_output_CO.csv.checkpoint.json

$ /home/ubuntu/.venv/bin/python3 /home/ubuntu/apps/election-app/stats/7-margin-new.py
Wrote data_output_with_margins_old.csv

$ /home/ubuntu/.venv/bin/python3 /home/ubuntu/apps/election-app/stats/7-eevp-statewide.py
Wrote data_output_with_margins.csv (copied from data_output_with_margins_old.csv)

$ /home/ubuntu/.venv/bin/python3 /home/ubuntu/apps/election-app/stats/7.py --input /home/ubuntu/apps/election-app/win_prob/H/CO/06/data_output_CO_with_margins_statewide_eevp.csv --output /home/ubuntu/apps/election-app/win_prob/H/CO/06/statewide_margin_pct_vs_percent_CO_2026.png --state CO --start 2024-11-05T15-30-22 --end 2024-11-05T15-30-22 --stats /home/ubuntu/apps/election-app/win_prob/H/CO/06/stats.csv --stats2 /home/ubuntu/apps/election-app/win_prob/H/CO/06/stats2.csv --interval 30 --year 2026 --jsonl /home/ubuntu/apps/election-app/win_prob/H/CO/06/plotdata_CO_2026_2026-01-22T20-01-05.jsonl
[info] evaluating 1 timestamps from 2024-11-05T15-30-22 to 2024-11-05T15-30-22 every 30 minutes
[saved] probs_timeseries_CO.csv  (1 points)
[saved] /home/ubuntu/apps/election-app/win_prob/H/CO/06/plotdata_CO_2026_2026-01-22T20-01-05.jsonl  (4 points)
[saved] /home/ubuntu/apps/election-app/win_prob/H/CO/06/statewide_margin_pct_vs_percent_CO_2026_box.json
[saved] /home/ubuntu/apps/election-app/win_prob/H/CO/06/statewide_margin_pct_vs_percent_CO_2026_box.png
[saved] /home/ubuntu/apps/election-app/win_prob/H/CO/06/statewide_margin_pct_vs_percent_CO_2026.png

All 50 states complete. See: /home/ubuntu/apps/election-app/win_prob/H/CO/06

$ /home/ubuntu/.venv/bin/python3 /home/ubuntu/apps/election-app/stats/8.py --root /home/ubuntu/apps/election-app/win_prob/H/CO/06/_work --outdir /home/ubuntu/apps/election-app/win_prob/H/CO/06
[info] root  = /home/ubuntu/apps/election-app/win_prob/H/CO/06/_work
[info] outdir= /home/ubuntu/apps/election-app/win_prob/H/CO/06
[deleted] /home/ubuntu/apps/election-app/win_prob/H/CO/06/_work/stats_with_statewide.csv
[deleted] /home/ubuntu/apps/election-app/win_prob/H/CO/06/_work/stats2_final_headers.csv
[deleted] /home/ubuntu/apps/election-app/win_prob/H/CO/06/_work/2024_county_results_with_final-old.csv
[deleted] /home/ubuntu/apps/election-app/win_prob/H/CO/06/_work/2024_county_results_with_final.csv
[deleted] /home/ubuntu/apps/election-app/win_prob/H/CO/06/_work/2024_county_results_with_final_1.csv
[deleted] /home/ubuntu/apps/election-app/win_prob/H/CO/06/_work/2024_county_results_with_calcs-old.csv
[deleted] /home/ubuntu/apps/election-app/win_prob/H/CO/06/_work/2024_county_results_with_calcs_new.csv
[deleted] /home/ubuntu/apps/election-app/win_prob/H/CO/06/_work/output_statewide_stats.csv
[skip]    /home/ubuntu/apps/election-app/win_prob/H/CO/06/_work/probs_timeseries_PA.csv
[deleted] /home/ubuntu/apps/election-app/win_prob/H/CO/06/_work/2024_county_results_with_calcs.csv
[skip]    /home/ubuntu/apps/election-app/win_prob/H/CO/06/data_output.csv
[skip]    /home/ubuntu/apps/election-app/win_prob/H/CO/06/data_output_with_margins_old.csv
[skip]    /home/ubuntu/apps/election-app/win_prob/H/CO/06/data_output_with_margins.csv
[skip]    /home/ubuntu/apps/election-app/win_prob/H/CO/06/data_output_with_margins-statewide.csv
[deleted] /home/ubuntu/apps/election-app/win_prob/H/CO/06/snapshots_CO.csv
[deleted] /home/ubuntu/apps/election-app/win_prob/H/CO/06/data_output_CO_with_margins_statewide_eevp.csv
[deleted] /home/ubuntu/apps/election-app/win_prob/H/CO/06/data_output_CO.csv
[deleted] /home/ubuntu/apps/election-app/win_prob/H/CO/06/data_output_CO_with_margins.csv
[deleted] /home/ubuntu/apps/election-app/win_prob/H/CO/06/data_output_CO.csv.checkpoint.json
[deleted] /home/ubuntu/apps/election-app/win_prob/H/CO/06/stats.csv
[deleted] /home/ubuntu/apps/election-app/win_prob/H/CO/06/stats2.csv
[done] removed 16 file(s)
[2026-01-24 17:37:43] INFO: [PIPELINE] args: office=H state=CO district=06
[2026-01-24 17:37:43] INFO: [PIPELINE] WINPROB_DIR resolved to: /home/ubuntu/apps/election-app/win_prob/H/CO/06
[2026-01-24 17:37:43] INFO: [PIPELINE] OUTDIR set to: /home/ubuntu/apps/election-app/win_prob/H/CO/06

$ /home/ubuntu/.venv/bin/python3 /home/ubuntu/apps/election-app/stats/1-statewide.py --input /home/ubuntu/apps/election-app/win_prob/H/CO/06/stats.csv --output /home/ubuntu/apps/election-app/win_prob/H/CO/06/_work/stats_with_statewide.csv
Wrote /home/ubuntu/apps/election-app/win_prob/H/CO/06/_work/stats_with_statewide.csv (rows=5)

$ /home/ubuntu/.venv/bin/python3 /home/ubuntu/apps/election-app/stats/1-stats-2.py --input /home/ubuntu/apps/election-app/win_prob/H/CO/06/stats2.csv --output /home/ubuntu/apps/election-app/win_prob/H/CO/06/_work/stats2_final_headers.csv
Wrote /home/ubuntu/apps/election-app/win_prob/H/CO/06/_work/stats2_final_headers.csv (rows=5)

$ /home/ubuntu/.venv/bin/python3 /home/ubuntu/apps/election-app/stats/1-append-new.py
Wrote 2024_county_results_with_final-old.csv (rows=5, missing_final_matches=0)

$ /home/ubuntu/.venv/bin/python3 /home/ubuntu/apps/election-app/stats/1-change_header.py
Wrote: 2024_county_results_with_final.csv

$ /home/ubuntu/.venv/bin/python3 /home/ubuntu/apps/election-app/stats/1-cut-zero-fips.py
Wrote: 2024_county_results_with_final_1.csv
Rows before: 5
Rows after:  5
Dropped (fips == 0): 0

$ /home/ubuntu/.venv/bin/python3 /home/ubuntu/apps/election-app/stats/2-calc.py
Wrote 5 rows with calculations to /home/ubuntu/apps/election-app/win_prob/H/CO/06/_work/2024_county_results_with_calcs-old.csv

$ /home/ubuntu/.venv/bin/python3 /home/ubuntu/apps/election-app/stats/2-eevp.py
Wrote (no-op copy): 2024_county_results_with_calcs.csv
Columns:
 - timestamp
 - state
 - county
 - fips
 - trump_votes
 - harris_votes
 - other_votes
 - eevp
 - state_eevp
 - harris_votes_statewide
 - trump_votes_statewide
 - other_votes_statewide
 - final_state
 - final_county
 - final_fips
 - final_trump_votes
 - final_harris_votes
 - final_other_votes
 - harris_percent_snapshot
 - trump_percent_snapshot
 - margin_snapshot
 - harris_percent_final
 - trump_percent_final
 - margin_final
 - margin_difference
 - margin_difference_abs

$ /home/ubuntu/.venv/bin/python3 /home/ubuntu/apps/election-app/stats/3-calc-new.py
Wrote 5 rows with new columns to /home/ubuntu/apps/election-app/win_prob/H/CO/06/_work/2024_county_results_with_calcs_new.csv

$ /home/ubuntu/.venv/bin/python3 /home/ubuntu/apps/election-app/stats/4-stats.py
Reading 2024_county_results_with_calcs_new.csv...
Aggregating statewide totals...
Calculating percentages and margins...
Writing to output_statewide_stats.csv...
Done!
[2026-01-24 17:37:53] INFO: [PIPELINE] ENTER win-prob generation | states=['CO'] ts_list=['2024-11-05T15-30-22']

============================================================================
[01/1] STATE = CO
============================================================================

$ /home/ubuntu/.venv/bin/python3 /home/ubuntu/apps/election-app/stats/5-snapshots.py --state CO --input /home/ubuntu/apps/election-app/win_prob/H/CO/06/_work/output_statewide_stats.csv --output /home/ubuntu/apps/election-app/win_prob/H/CO/06/snapshots_CO.csv --start 2024-11-05T15-30-22 --end 2024-11-05T15-30-22 --use-window 1 --interval 30
Mode: windowed-one-state
Rows written: 5
Distinct states in output: CO
Rows per normalized timestamp (empty = unparseable):
  2024-11-05T15-30-22: 5
Wrote /home/ubuntu/apps/election-app/win_prob/H/CO/06/snapshots_CO.csv

$ /home/ubuntu/.venv/bin/python3 /home/ubuntu/apps/election-app/stats/6-pval.py /home/ubuntu/apps/election-app/win_prob/H/CO/06/snapshots_CO.csv -t /home/ubuntu/apps/election-app/stats/parameters.csv -o /home/ubuntu/apps/election-app/win_prob/H/CO/06/data_output_CO.csv -c 50
Done. Wrote: /home/ubuntu/apps/election-app/win_prob/H/CO/06/data_output_CO.csv
Total rows: 5 (chunked, resumable).
Computed columns for PVALS = [0.01, 0.1, 1, 2, 3, 5, 10, 15, 20, 25, 30, 35, 40, 45, 50, 55, 60, 65, 70, 75, 80, 85, 90, 95, 97, 98, 99, 99.9, 99.99]
Per p (leader): shift_{p}, margin_new_{p}, harris_percent_new_{p}, trump_percent_new_{p}, total_snapshot_{p}, total_expected_{p}, harris_votes_new_{p}, trump_votes_new_{p}
Per p (trailing): shift_trailing_{p}, margin_new_{p}_trailing, harris_percent_new_{p}_trailing, trump_percent_new_{p}_trailing, total_snapshot_{p}_trailing, total_expected_{p}_trailing, harris_votes_new_{p}_trailing, trump_votes_new_{p}_trailing
Checkpoint saved at: /home/ubuntu/apps/election-app/win_prob/H/CO/06/data_output_CO.csv.checkpoint.json

$ /home/ubuntu/.venv/bin/python3 /home/ubuntu/apps/election-app/stats/7-margin-new.py
Wrote data_output_with_margins_old.csv

$ /home/ubuntu/.venv/bin/python3 /home/ubuntu/apps/election-app/stats/7-eevp-statewide.py
Wrote data_output_with_margins.csv (copied from data_output_with_margins_old.csv)

$ /home/ubuntu/.venv/bin/python3 /home/ubuntu/apps/election-app/stats/7.py --input /home/ubuntu/apps/election-app/win_prob/H/CO/06/data_output_CO_with_margins_statewide_eevp.csv --output /home/ubuntu/apps/election-app/win_prob/H/CO/06/statewide_margin_pct_vs_percent_CO_2026.png --state CO --start 2024-11-05T15-30-22 --end 2024-11-05T15-30-22 --stats /home/ubuntu/apps/election-app/win_prob/H/CO/06/stats.csv --stats2 /home/ubuntu/apps/election-app/win_prob/H/CO/06/stats2.csv --interval 30 --year 2026 --jsonl /home/ubuntu/apps/election-app/win_prob/H/CO/06/plotdata_CO_2026_2026-01-24T17-37-43.jsonl
[info] evaluating 1 timestamps from 2024-11-05T15-30-22 to 2024-11-05T15-30-22 every 30 minutes
[saved] probs_timeseries_CO.csv  (1 points)
[saved] /home/ubuntu/apps/election-app/win_prob/H/CO/06/plotdata_CO_2026_2026-01-24T17-37-43.jsonl  (0 points)
[saved] /home/ubuntu/apps/election-app/win_prob/H/CO/06/statewide_margin_pct_vs_percent_CO_2026_box.json
[saved] /home/ubuntu/apps/election-app/win_prob/H/CO/06/statewide_margin_pct_vs_percent_CO_2026_box.png
[saved] /home/ubuntu/apps/election-app/win_prob/H/CO/06/statewide_margin_pct_vs_percent_CO_2026.png

All 50 states complete. See: /home/ubuntu/apps/election-app/win_prob/H/CO/06

$ /home/ubuntu/.venv/bin/python3 /home/ubuntu/apps/election-app/stats/8.py --root /home/ubuntu/apps/election-app/win_prob/H/CO/06/_work --outdir /home/ubuntu/apps/election-app/win_prob/H/CO/06
[info] root  = /home/ubuntu/apps/election-app/win_prob/H/CO/06/_work
[info] outdir= /home/ubuntu/apps/election-app/win_prob/H/CO/06
[deleted] /home/ubuntu/apps/election-app/win_prob/H/CO/06/_work/stats_with_statewide.csv
[deleted] /home/ubuntu/apps/election-app/win_prob/H/CO/06/_work/stats2_final_headers.csv
[deleted] /home/ubuntu/apps/election-app/win_prob/H/CO/06/_work/2024_county_results_with_final-old.csv
[deleted] /home/ubuntu/apps/election-app/win_prob/H/CO/06/_work/2024_county_results_with_final.csv
[deleted] /home/ubuntu/apps/election-app/win_prob/H/CO/06/_work/2024_county_results_with_final_1.csv
[deleted] /home/ubuntu/apps/election-app/win_prob/H/CO/06/_work/2024_county_results_with_calcs-old.csv
[deleted] /home/ubuntu/apps/election-app/win_prob/H/CO/06/_work/2024_county_results_with_calcs_new.csv
[deleted] /home/ubuntu/apps/election-app/win_prob/H/CO/06/_work/output_statewide_stats.csv
[skip]    /home/ubuntu/apps/election-app/win_prob/H/CO/06/_work/probs_timeseries_PA.csv
[deleted] /home/ubuntu/apps/election-app/win_prob/H/CO/06/_work/2024_county_results_with_calcs.csv
[skip]    /home/ubuntu/apps/election-app/win_prob/H/CO/06/data_output.csv
[skip]    /home/ubuntu/apps/election-app/win_prob/H/CO/06/data_output_with_margins_old.csv
[skip]    /home/ubuntu/apps/election-app/win_prob/H/CO/06/data_output_with_margins.csv
[skip]    /home/ubuntu/apps/election-app/win_prob/H/CO/06/data_output_with_margins-statewide.csv
[deleted] /home/ubuntu/apps/election-app/win_prob/H/CO/06/snapshots_CO.csv
[deleted] /home/ubuntu/apps/election-app/win_prob/H/CO/06/data_output_CO_with_margins_statewide_eevp.csv
[deleted] /home/ubuntu/apps/election-app/win_prob/H/CO/06/data_output_CO.csv
[deleted] /home/ubuntu/apps/election-app/win_prob/H/CO/06/data_output_CO_with_margins.csv
[deleted] /home/ubuntu/apps/election-app/win_prob/H/CO/06/data_output_CO.csv.checkpoint.json
[deleted] /home/ubuntu/apps/election-app/win_prob/H/CO/06/stats.csv
[deleted] /home/ubuntu/apps/election-app/win_prob/H/CO/06/stats2.csv
[done] removed 16 file(s)
[2026-01-24 17:47:24] INFO: [PIPELINE] args: office=H state=CO district=06
[2026-01-24 17:47:24] INFO: [PIPELINE] WINPROB_DIR resolved to: /home/ubuntu/apps/election-app/win_prob/H/CO/06
[2026-01-24 17:47:24] INFO: [PIPELINE] OUTDIR set to: /home/ubuntu/apps/election-app/win_prob/H/CO/06

$ /home/ubuntu/.venv/bin/python3 /home/ubuntu/apps/election-app/stats/1-statewide.py --input /home/ubuntu/apps/election-app/win_prob/H/CO/06/stats.csv --output /home/ubuntu/apps/election-app/win_prob/H/CO/06/_work/stats_with_statewide.csv
Wrote /home/ubuntu/apps/election-app/win_prob/H/CO/06/_work/stats_with_statewide.csv (rows=5)

$ /home/ubuntu/.venv/bin/python3 /home/ubuntu/apps/election-app/stats/1-stats-2.py --input /home/ubuntu/apps/election-app/win_prob/H/CO/06/stats2.csv --output /home/ubuntu/apps/election-app/win_prob/H/CO/06/_work/stats2_final_headers.csv
Wrote /home/ubuntu/apps/election-app/win_prob/H/CO/06/_work/stats2_final_headers.csv (rows=5)

$ /home/ubuntu/.venv/bin/python3 /home/ubuntu/apps/election-app/stats/1-append-new.py
Wrote 2024_county_results_with_final-old.csv (rows=5, missing_final_matches=0)

$ /home/ubuntu/.venv/bin/python3 /home/ubuntu/apps/election-app/stats/1-change_header.py
Wrote: 2024_county_results_with_final.csv

$ /home/ubuntu/.venv/bin/python3 /home/ubuntu/apps/election-app/stats/1-cut-zero-fips.py
Wrote: 2024_county_results_with_final_1.csv
Rows before: 5
Rows after:  5
Dropped (fips == 0): 0

$ /home/ubuntu/.venv/bin/python3 /home/ubuntu/apps/election-app/stats/2-calc.py
Wrote 5 rows with calculations to /home/ubuntu/apps/election-app/win_prob/H/CO/06/_work/2024_county_results_with_calcs-old.csv

$ /home/ubuntu/.venv/bin/python3 /home/ubuntu/apps/election-app/stats/2-eevp.py
Wrote (no-op copy): 2024_county_results_with_calcs.csv
Columns:
 - timestamp
 - state
 - county
 - fips
 - trump_votes
 - harris_votes
 - other_votes
 - eevp
 - state_eevp
 - harris_votes_statewide
 - trump_votes_statewide
 - other_votes_statewide
 - final_state
 - final_county
 - final_fips
 - final_trump_votes
 - final_harris_votes
 - final_other_votes
 - harris_percent_snapshot
 - trump_percent_snapshot
 - margin_snapshot
 - harris_percent_final
 - trump_percent_final
 - margin_final
 - margin_difference
 - margin_difference_abs

$ /home/ubuntu/.venv/bin/python3 /home/ubuntu/apps/election-app/stats/3-calc-new.py
Wrote 5 rows with new columns to /home/ubuntu/apps/election-app/win_prob/H/CO/06/_work/2024_county_results_with_calcs_new.csv

$ /home/ubuntu/.venv/bin/python3 /home/ubuntu/apps/election-app/stats/4-stats.py
Reading 2024_county_results_with_calcs_new.csv...
Aggregating statewide totals...
Calculating percentages and margins...
Writing to output_statewide_stats.csv...
Done!
[2026-01-24 17:47:33] INFO: [PIPELINE] ENTER win-prob generation | states=['CO'] ts_list=['2024-11-05T15-30-22']

============================================================================
[01/1] STATE = CO
============================================================================

$ /home/ubuntu/.venv/bin/python3 /home/ubuntu/apps/election-app/stats/5-snapshots.py --state CO --input /home/ubuntu/apps/election-app/win_prob/H/CO/06/_work/output_statewide_stats.csv --output /home/ubuntu/apps/election-app/win_prob/H/CO/06/snapshots_CO.csv --start 2024-11-05T15-30-22 --end 2024-11-05T15-30-22 --use-window 1 --interval 30
Mode: windowed-one-state
Rows written: 5
Distinct states in output: CO
Rows per normalized timestamp (empty = unparseable):
  2024-11-05T15-30-22: 5
Wrote /home/ubuntu/apps/election-app/win_prob/H/CO/06/snapshots_CO.csv

$ /home/ubuntu/.venv/bin/python3 /home/ubuntu/apps/election-app/stats/6-pval.py /home/ubuntu/apps/election-app/win_prob/H/CO/06/snapshots_CO.csv -t /home/ubuntu/apps/election-app/stats/parameters.csv -o /home/ubuntu/apps/election-app/win_prob/H/CO/06/data_output_CO.csv -c 50
Done. Wrote: /home/ubuntu/apps/election-app/win_prob/H/CO/06/data_output_CO.csv
Total rows: 5 (chunked, resumable).
Computed columns for PVALS = [0.01, 0.1, 1, 2, 3, 5, 10, 15, 20, 25, 30, 35, 40, 45, 50, 55, 60, 65, 70, 75, 80, 85, 90, 95, 97, 98, 99, 99.9, 99.99]
Per p (leader): shift_{p}, margin_new_{p}, harris_percent_new_{p}, trump_percent_new_{p}, total_snapshot_{p}, total_expected_{p}, harris_votes_new_{p}, trump_votes_new_{p}
Per p (trailing): shift_trailing_{p}, margin_new_{p}_trailing, harris_percent_new_{p}_trailing, trump_percent_new_{p}_trailing, total_snapshot_{p}_trailing, total_expected_{p}_trailing, harris_votes_new_{p}_trailing, trump_votes_new_{p}_trailing
Checkpoint saved at: /home/ubuntu/apps/election-app/win_prob/H/CO/06/data_output_CO.csv.checkpoint.json

$ /home/ubuntu/.venv/bin/python3 /home/ubuntu/apps/election-app/stats/7-margin-new.py
Wrote data_output_with_margins_old.csv

$ /home/ubuntu/.venv/bin/python3 /home/ubuntu/apps/election-app/stats/7-eevp-statewide.py
Wrote data_output_with_margins.csv (copied from data_output_with_margins_old.csv)

$ /home/ubuntu/.venv/bin/python3 /home/ubuntu/apps/election-app/stats/7.py --input /home/ubuntu/apps/election-app/win_prob/H/CO/06/data_output_CO_with_margins_statewide_eevp.csv --output /home/ubuntu/apps/election-app/win_prob/H/CO/06/statewide_margin_pct_vs_percent_CO_2026.png --state CO --start 2024-11-05T15-30-22 --end 2024-11-05T15-30-22 --stats /home/ubuntu/apps/election-app/win_prob/H/CO/06/stats.csv --stats2 /home/ubuntu/apps/election-app/win_prob/H/CO/06/stats2.csv --interval 30 --year 2026 --jsonl /home/ubuntu/apps/election-app/win_prob/H/CO/06/plotdata_CO_2026_2026-01-24T17-47-24.jsonl
[info] evaluating 1 timestamps from 2024-11-05T15-30-22 to 2024-11-05T15-30-22 every 30 minutes
[saved] probs_timeseries_CO.csv  (1 points)
[saved] /home/ubuntu/apps/election-app/win_prob/H/CO/06/plotdata_CO_2026_2026-01-24T17-47-24.jsonl  (4 points)
[saved] /home/ubuntu/apps/election-app/win_prob/H/CO/06/statewide_margin_pct_vs_percent_CO_2026_box.json
[saved] /home/ubuntu/apps/election-app/win_prob/H/CO/06/statewide_margin_pct_vs_percent_CO_2026_box.png
[saved] /home/ubuntu/apps/election-app/win_prob/H/CO/06/statewide_margin_pct_vs_percent_CO_2026.png

All 50 states complete. See: /home/ubuntu/apps/election-app/win_prob/H/CO/06

$ /home/ubuntu/.venv/bin/python3 /home/ubuntu/apps/election-app/stats/8.py --root /home/ubuntu/apps/election-app/win_prob/H/CO/06/_work --outdir /home/ubuntu/apps/election-app/win_prob/H/CO/06
[info] root  = /home/ubuntu/apps/election-app/win_prob/H/CO/06/_work
[info] outdir= /home/ubuntu/apps/election-app/win_prob/H/CO/06
[deleted] /home/ubuntu/apps/election-app/win_prob/H/CO/06/_work/stats_with_statewide.csv
[deleted] /home/ubuntu/apps/election-app/win_prob/H/CO/06/_work/stats2_final_headers.csv
[deleted] /home/ubuntu/apps/election-app/win_prob/H/CO/06/_work/2024_county_results_with_final-old.csv
[deleted] /home/ubuntu/apps/election-app/win_prob/H/CO/06/_work/2024_county_results_with_final.csv
[deleted] /home/ubuntu/apps/election-app/win_prob/H/CO/06/_work/2024_county_results_with_final_1.csv
[deleted] /home/ubuntu/apps/election-app/win_prob/H/CO/06/_work/2024_county_results_with_calcs-old.csv
[deleted] /home/ubuntu/apps/election-app/win_prob/H/CO/06/_work/2024_county_results_with_calcs_new.csv
[deleted] /home/ubuntu/apps/election-app/win_prob/H/CO/06/_work/output_statewide_stats.csv
[skip]    /home/ubuntu/apps/election-app/win_prob/H/CO/06/_work/probs_timeseries_PA.csv
[deleted] /home/ubuntu/apps/election-app/win_prob/H/CO/06/_work/2024_county_results_with_calcs.csv
[skip]    /home/ubuntu/apps/election-app/win_prob/H/CO/06/data_output.csv
[skip]    /home/ubuntu/apps/election-app/win_prob/H/CO/06/data_output_with_margins_old.csv
[skip]    /home/ubuntu/apps/election-app/win_prob/H/CO/06/data_output_with_margins.csv
[skip]    /home/ubuntu/apps/election-app/win_prob/H/CO/06/data_output_with_margins-statewide.csv
[deleted] /home/ubuntu/apps/election-app/win_prob/H/CO/06/snapshots_CO.csv
[deleted] /home/ubuntu/apps/election-app/win_prob/H/CO/06/data_output_CO_with_margins_statewide_eevp.csv
[deleted] /home/ubuntu/apps/election-app/win_prob/H/CO/06/data_output_CO.csv
[deleted] /home/ubuntu/apps/election-app/win_prob/H/CO/06/data_output_CO_with_margins.csv
[deleted] /home/ubuntu/apps/election-app/win_prob/H/CO/06/data_output_CO.csv.checkpoint.json
[deleted] /home/ubuntu/apps/election-app/win_prob/H/CO/06/stats.csv
[deleted] /home/ubuntu/apps/election-app/win_prob/H/CO/06/stats2.csv
[done] removed 16 file(s)
[2026-01-24 17:54:31] INFO: [PIPELINE] args: office=H state=CO district=06
[2026-01-24 17:54:31] INFO: [PIPELINE] WINPROB_DIR resolved to: /home/ubuntu/apps/election-app/win_prob/H/CO/06
[2026-01-24 17:54:31] INFO: [PIPELINE] OUTDIR set to: /home/ubuntu/apps/election-app/win_prob/H/CO/06

$ /home/ubuntu/.venv/bin/python3 /home/ubuntu/apps/election-app/stats/1-statewide.py --input /home/ubuntu/apps/election-app/win_prob/H/CO/06/stats.csv --output /home/ubuntu/apps/election-app/win_prob/H/CO/06/_work/stats_with_statewide.csv
Wrote /home/ubuntu/apps/election-app/win_prob/H/CO/06/_work/stats_with_statewide.csv (rows=5)

$ /home/ubuntu/.venv/bin/python3 /home/ubuntu/apps/election-app/stats/1-stats-2.py --input /home/ubuntu/apps/election-app/win_prob/H/CO/06/stats2.csv --output /home/ubuntu/apps/election-app/win_prob/H/CO/06/_work/stats2_final_headers.csv
Wrote /home/ubuntu/apps/election-app/win_prob/H/CO/06/_work/stats2_final_headers.csv (rows=5)

$ /home/ubuntu/.venv/bin/python3 /home/ubuntu/apps/election-app/stats/1-append-new.py
Wrote 2024_county_results_with_final-old.csv (rows=5, missing_final_matches=0)

$ /home/ubuntu/.venv/bin/python3 /home/ubuntu/apps/election-app/stats/1-change_header.py
Wrote: 2024_county_results_with_final.csv

$ /home/ubuntu/.venv/bin/python3 /home/ubuntu/apps/election-app/stats/1-cut-zero-fips.py
Wrote: 2024_county_results_with_final_1.csv
Rows before: 5
Rows after:  5
Dropped (fips == 0): 0

$ /home/ubuntu/.venv/bin/python3 /home/ubuntu/apps/election-app/stats/2-calc.py
Wrote 5 rows with calculations to /home/ubuntu/apps/election-app/win_prob/H/CO/06/_work/2024_county_results_with_calcs-old.csv

$ /home/ubuntu/.venv/bin/python3 /home/ubuntu/apps/election-app/stats/2-eevp.py
Wrote (no-op copy): 2024_county_results_with_calcs.csv
Columns:
 - timestamp
 - state
 - county
 - fips
 - trump_votes
 - harris_votes
 - other_votes
 - eevp
 - state_eevp
 - harris_votes_statewide
 - trump_votes_statewide
 - other_votes_statewide
 - final_state
 - final_county
 - final_fips
 - final_trump_votes
 - final_harris_votes
 - final_other_votes
 - harris_percent_snapshot
 - trump_percent_snapshot
 - margin_snapshot
 - harris_percent_final
 - trump_percent_final
 - margin_final
 - margin_difference
 - margin_difference_abs

$ /home/ubuntu/.venv/bin/python3 /home/ubuntu/apps/election-app/stats/3-calc-new.py
Wrote 5 rows with new columns to /home/ubuntu/apps/election-app/win_prob/H/CO/06/_work/2024_county_results_with_calcs_new.csv

$ /home/ubuntu/.venv/bin/python3 /home/ubuntu/apps/election-app/stats/4-stats.py
Reading 2024_county_results_with_calcs_new.csv...
Aggregating statewide totals...
Calculating percentages and margins...
Writing to output_statewide_stats.csv...
Done!
[2026-01-24 17:54:42] INFO: [PIPELINE] ENTER win-prob generation | states=['CO'] ts_list=['2024-11-05T15-30-22']

============================================================================
[01/1] STATE = CO
============================================================================

$ /home/ubuntu/.venv/bin/python3 /home/ubuntu/apps/election-app/stats/5-snapshots.py --state CO --input /home/ubuntu/apps/election-app/win_prob/H/CO/06/_work/output_statewide_stats.csv --output /home/ubuntu/apps/election-app/win_prob/H/CO/06/snapshots_CO.csv --start 2024-11-05T15-30-22 --end 2024-11-05T15-30-22 --use-window 1 --interval 30
Mode: windowed-one-state
Rows written: 5
Distinct states in output: CO
Rows per normalized timestamp (empty = unparseable):
  2024-11-05T15-30-22: 5
Wrote /home/ubuntu/apps/election-app/win_prob/H/CO/06/snapshots_CO.csv

$ /home/ubuntu/.venv/bin/python3 /home/ubuntu/apps/election-app/stats/6-pval.py /home/ubuntu/apps/election-app/win_prob/H/CO/06/snapshots_CO.csv -t /home/ubuntu/apps/election-app/stats/parameters.csv -o /home/ubuntu/apps/election-app/win_prob/H/CO/06/data_output_CO.csv -c 50
Done. Wrote: /home/ubuntu/apps/election-app/win_prob/H/CO/06/data_output_CO.csv
Total rows: 5 (chunked, resumable).
Computed columns for PVALS = [0.01, 0.1, 1, 2, 3, 5, 10, 15, 20, 25, 30, 35, 40, 45, 50, 55, 60, 65, 70, 75, 80, 85, 90, 95, 97, 98, 99, 99.9, 99.99]
Per p (leader): shift_{p}, margin_new_{p}, harris_percent_new_{p}, trump_percent_new_{p}, total_snapshot_{p}, total_expected_{p}, harris_votes_new_{p}, trump_votes_new_{p}
Per p (trailing): shift_trailing_{p}, margin_new_{p}_trailing, harris_percent_new_{p}_trailing, trump_percent_new_{p}_trailing, total_snapshot_{p}_trailing, total_expected_{p}_trailing, harris_votes_new_{p}_trailing, trump_votes_new_{p}_trailing
Checkpoint saved at: /home/ubuntu/apps/election-app/win_prob/H/CO/06/data_output_CO.csv.checkpoint.json

$ /home/ubuntu/.venv/bin/python3 /home/ubuntu/apps/election-app/stats/7-margin-new.py
Wrote data_output_with_margins_old.csv

$ /home/ubuntu/.venv/bin/python3 /home/ubuntu/apps/election-app/stats/7-eevp-statewide.py
Wrote data_output_with_margins.csv (copied from data_output_with_margins_old.csv)

$ /home/ubuntu/.venv/bin/python3 /home/ubuntu/apps/election-app/stats/7.py --input /home/ubuntu/apps/election-app/win_prob/H/CO/06/data_output_CO_with_margins_statewide_eevp.csv --output /home/ubuntu/apps/election-app/win_prob/H/CO/06/statewide_margin_pct_vs_percent_CO_2026.png --state CO --start 2024-11-05T15-30-22 --end 2024-11-05T15-30-22 --stats /home/ubuntu/apps/election-app/win_prob/H/CO/06/stats.csv --stats2 /home/ubuntu/apps/election-app/win_prob/H/CO/06/stats2.csv --interval 30 --year 2026 --jsonl /home/ubuntu/apps/election-app/win_prob/H/CO/06/plotdata_CO_2026_2026-01-24T17-54-31.jsonl
[info] evaluating 1 timestamps from 2024-11-05T15-30-22 to 2024-11-05T15-30-22 every 30 minutes
[saved] probs_timeseries_CO.csv  (1 points)
[saved] /home/ubuntu/apps/election-app/win_prob/H/CO/06/plotdata_CO_2026_2026-01-24T17-54-31.jsonl  (4 points)
[saved] /home/ubuntu/apps/election-app/win_prob/H/CO/06/statewide_margin_pct_vs_percent_CO_2026_box.json
[saved] /home/ubuntu/apps/election-app/win_prob/H/CO/06/statewide_margin_pct_vs_percent_CO_2026_box.png
[saved] /home/ubuntu/apps/election-app/win_prob/H/CO/06/statewide_margin_pct_vs_percent_CO_2026.png

All 50 states complete. See: /home/ubuntu/apps/election-app/win_prob/H/CO/06

$ /home/ubuntu/.venv/bin/python3 /home/ubuntu/apps/election-app/stats/8.py --root /home/ubuntu/apps/election-app/win_prob/H/CO/06/_work --outdir /home/ubuntu/apps/election-app/win_prob/H/CO/06
[info] root  = /home/ubuntu/apps/election-app/win_prob/H/CO/06/_work
[info] outdir= /home/ubuntu/apps/election-app/win_prob/H/CO/06
[deleted] /home/ubuntu/apps/election-app/win_prob/H/CO/06/_work/stats_with_statewide.csv
[deleted] /home/ubuntu/apps/election-app/win_prob/H/CO/06/_work/stats2_final_headers.csv
[deleted] /home/ubuntu/apps/election-app/win_prob/H/CO/06/_work/2024_county_results_with_final-old.csv
[deleted] /home/ubuntu/apps/election-app/win_prob/H/CO/06/_work/2024_county_results_with_final.csv
[deleted] /home/ubuntu/apps/election-app/win_prob/H/CO/06/_work/2024_county_results_with_final_1.csv
[deleted] /home/ubuntu/apps/election-app/win_prob/H/CO/06/_work/2024_county_results_with_calcs-old.csv
[deleted] /home/ubuntu/apps/election-app/win_prob/H/CO/06/_work/2024_county_results_with_calcs_new.csv
[deleted] /home/ubuntu/apps/election-app/win_prob/H/CO/06/_work/output_statewide_stats.csv
[skip]    /home/ubuntu/apps/election-app/win_prob/H/CO/06/_work/probs_timeseries_PA.csv
[deleted] /home/ubuntu/apps/election-app/win_prob/H/CO/06/_work/2024_county_results_with_calcs.csv
[skip]    /home/ubuntu/apps/election-app/win_prob/H/CO/06/data_output.csv
[skip]    /home/ubuntu/apps/election-app/win_prob/H/CO/06/data_output_with_margins_old.csv
[skip]    /home/ubuntu/apps/election-app/win_prob/H/CO/06/data_output_with_margins.csv
[skip]    /home/ubuntu/apps/election-app/win_prob/H/CO/06/data_output_with_margins-statewide.csv
[deleted] /home/ubuntu/apps/election-app/win_prob/H/CO/06/snapshots_CO.csv
[deleted] /home/ubuntu/apps/election-app/win_prob/H/CO/06/data_output_CO_with_margins_statewide_eevp.csv
[deleted] /home/ubuntu/apps/election-app/win_prob/H/CO/06/data_output_CO.csv
[deleted] /home/ubuntu/apps/election-app/win_prob/H/CO/06/data_output_CO_with_margins.csv
[deleted] /home/ubuntu/apps/election-app/win_prob/H/CO/06/data_output_CO.csv.checkpoint.json
[deleted] /home/ubuntu/apps/election-app/win_prob/H/CO/06/stats.csv
[deleted] /home/ubuntu/apps/election-app/win_prob/H/CO/06/stats2.csv
[done] removed 16 file(s)
[2026-01-24 18:01:29] INFO: [PIPELINE] args: office=H state=CO district=06
[2026-01-24 18:01:29] INFO: [PIPELINE] WINPROB_DIR resolved to: /home/ubuntu/apps/election-app/win_prob/H/CO/06
[2026-01-24 18:01:29] INFO: [PIPELINE] OUTDIR set to: /home/ubuntu/apps/election-app/win_prob/H/CO/06

$ /home/ubuntu/.venv/bin/python3 /home/ubuntu/apps/election-app/stats/1-statewide.py --input /home/ubuntu/apps/election-app/win_prob/H/CO/06/stats.csv --output /home/ubuntu/apps/election-app/win_prob/H/CO/06/_work/stats_with_statewide.csv
Wrote /home/ubuntu/apps/election-app/win_prob/H/CO/06/_work/stats_with_statewide.csv (rows=5)

$ /home/ubuntu/.venv/bin/python3 /home/ubuntu/apps/election-app/stats/1-stats-2.py --input /home/ubuntu/apps/election-app/win_prob/H/CO/06/stats2.csv --output /home/ubuntu/apps/election-app/win_prob/H/CO/06/_work/stats2_final_headers.csv
Wrote /home/ubuntu/apps/election-app/win_prob/H/CO/06/_work/stats2_final_headers.csv (rows=5)

$ /home/ubuntu/.venv/bin/python3 /home/ubuntu/apps/election-app/stats/1-append-new.py
Wrote 2024_county_results_with_final-old.csv (rows=5, missing_final_matches=0)

$ /home/ubuntu/.venv/bin/python3 /home/ubuntu/apps/election-app/stats/1-change_header.py
Wrote: 2024_county_results_with_final.csv

$ /home/ubuntu/.venv/bin/python3 /home/ubuntu/apps/election-app/stats/1-cut-zero-fips.py
Wrote: 2024_county_results_with_final_1.csv
Rows before: 5
Rows after:  5
Dropped (fips == 0): 0

$ /home/ubuntu/.venv/bin/python3 /home/ubuntu/apps/election-app/stats/2-calc.py
Wrote 5 rows with calculations to /home/ubuntu/apps/election-app/win_prob/H/CO/06/_work/2024_county_results_with_calcs-old.csv

$ /home/ubuntu/.venv/bin/python3 /home/ubuntu/apps/election-app/stats/2-eevp.py
Wrote (no-op copy): 2024_county_results_with_calcs.csv
Columns:
 - timestamp
 - state
 - county
 - fips
 - trump_votes
 - harris_votes
 - other_votes
 - eevp
 - state_eevp
 - harris_votes_statewide
 - trump_votes_statewide
 - other_votes_statewide
 - final_state
 - final_county
 - final_fips
 - final_trump_votes
 - final_harris_votes
 - final_other_votes
 - harris_percent_snapshot
 - trump_percent_snapshot
 - margin_snapshot
 - harris_percent_final
 - trump_percent_final
 - margin_final
 - margin_difference
 - margin_difference_abs

$ /home/ubuntu/.venv/bin/python3 /home/ubuntu/apps/election-app/stats/3-calc-new.py
Wrote 5 rows with new columns to /home/ubuntu/apps/election-app/win_prob/H/CO/06/_work/2024_county_results_with_calcs_new.csv

$ /home/ubuntu/.venv/bin/python3 /home/ubuntu/apps/election-app/stats/4-stats.py
Reading 2024_county_results_with_calcs_new.csv...
Aggregating statewide totals...
Calculating percentages and margins...
Writing to output_statewide_stats.csv...
Done!
[2026-01-24 18:01:39] INFO: [PIPELINE] ENTER win-prob generation | states=['CO'] ts_list=['2024-11-05T15-30-22']

============================================================================
[01/1] STATE = CO
============================================================================

$ /home/ubuntu/.venv/bin/python3 /home/ubuntu/apps/election-app/stats/5-snapshots.py --state CO --input /home/ubuntu/apps/election-app/win_prob/H/CO/06/_work/output_statewide_stats.csv --output /home/ubuntu/apps/election-app/win_prob/H/CO/06/snapshots_CO.csv --start 2024-11-05T15-30-22 --end 2024-11-05T15-30-22 --use-window 1 --interval 30
Mode: windowed-one-state
Rows written: 5
Distinct states in output: CO
Rows per normalized timestamp (empty = unparseable):
  2024-11-05T15-30-22: 5
Wrote /home/ubuntu/apps/election-app/win_prob/H/CO/06/snapshots_CO.csv

$ /home/ubuntu/.venv/bin/python3 /home/ubuntu/apps/election-app/stats/6-pval.py /home/ubuntu/apps/election-app/win_prob/H/CO/06/snapshots_CO.csv -t /home/ubuntu/apps/election-app/stats/parameters.csv -o /home/ubuntu/apps/election-app/win_prob/H/CO/06/data_output_CO.csv -c 50
Done. Wrote: /home/ubuntu/apps/election-app/win_prob/H/CO/06/data_output_CO.csv
Total rows: 5 (chunked, resumable).
Computed columns for PVALS = [0.01, 0.1, 1, 2, 3, 5, 10, 15, 20, 25, 30, 35, 40, 45, 50, 55, 60, 65, 70, 75, 80, 85, 90, 95, 97, 98, 99, 99.9, 99.99]
Per p (leader): shift_{p}, margin_new_{p}, harris_percent_new_{p}, trump_percent_new_{p}, total_snapshot_{p}, total_expected_{p}, harris_votes_new_{p}, trump_votes_new_{p}
Per p (trailing): shift_trailing_{p}, margin_new_{p}_trailing, harris_percent_new_{p}_trailing, trump_percent_new_{p}_trailing, total_snapshot_{p}_trailing, total_expected_{p}_trailing, harris_votes_new_{p}_trailing, trump_votes_new_{p}_trailing
Checkpoint saved at: /home/ubuntu/apps/election-app/win_prob/H/CO/06/data_output_CO.csv.checkpoint.json

$ /home/ubuntu/.venv/bin/python3 /home/ubuntu/apps/election-app/stats/7-margin-new.py
Wrote data_output_with_margins_old.csv

$ /home/ubuntu/.venv/bin/python3 /home/ubuntu/apps/election-app/stats/7-eevp-statewide.py
Wrote data_output_with_margins.csv (copied from data_output_with_margins_old.csv)

$ /home/ubuntu/.venv/bin/python3 /home/ubuntu/apps/election-app/stats/7.py --input /home/ubuntu/apps/election-app/win_prob/H/CO/06/data_output_CO_with_margins_statewide_eevp.csv --output /home/ubuntu/apps/election-app/win_prob/H/CO/06/statewide_margin_pct_vs_percent_CO_2026.png --state CO --start 2024-11-05T15-30-22 --end 2024-11-05T15-30-22 --stats /home/ubuntu/apps/election-app/win_prob/H/CO/06/stats.csv --stats2 /home/ubuntu/apps/election-app/win_prob/H/CO/06/stats2.csv --interval 30 --year 2026 --jsonl /home/ubuntu/apps/election-app/win_prob/H/CO/06/plotdata_CO_2026_2026-01-24T18-01-29.jsonl
[info] evaluating 1 timestamps from 2024-11-05T15-30-22 to 2024-11-05T15-30-22 every 30 minutes
[saved] probs_timeseries_CO.csv  (1 points)
[saved] /home/ubuntu/apps/election-app/win_prob/H/CO/06/plotdata_CO_2026_2026-01-24T18-01-29.jsonl  (4 points)
[saved] /home/ubuntu/apps/election-app/win_prob/H/CO/06/statewide_margin_pct_vs_percent_CO_2026_box.json
[saved] /home/ubuntu/apps/election-app/win_prob/H/CO/06/statewide_margin_pct_vs_percent_CO_2026_box.png
[saved] /home/ubuntu/apps/election-app/win_prob/H/CO/06/statewide_margin_pct_vs_percent_CO_2026.png

All 50 states complete. See: /home/ubuntu/apps/election-app/win_prob/H/CO/06

$ /home/ubuntu/.venv/bin/python3 /home/ubuntu/apps/election-app/stats/8.py --root /home/ubuntu/apps/election-app/win_prob/H/CO/06/_work --outdir /home/ubuntu/apps/election-app/win_prob/H/CO/06
[info] root  = /home/ubuntu/apps/election-app/win_prob/H/CO/06/_work
[info] outdir= /home/ubuntu/apps/election-app/win_prob/H/CO/06
[deleted] /home/ubuntu/apps/election-app/win_prob/H/CO/06/_work/stats_with_statewide.csv
[deleted] /home/ubuntu/apps/election-app/win_prob/H/CO/06/_work/stats2_final_headers.csv
[deleted] /home/ubuntu/apps/election-app/win_prob/H/CO/06/_work/2024_county_results_with_final-old.csv
[deleted] /home/ubuntu/apps/election-app/win_prob/H/CO/06/_work/2024_county_results_with_final.csv
[deleted] /home/ubuntu/apps/election-app/win_prob/H/CO/06/_work/2024_county_results_with_final_1.csv
[deleted] /home/ubuntu/apps/election-app/win_prob/H/CO/06/_work/2024_county_results_with_calcs-old.csv
[deleted] /home/ubuntu/apps/election-app/win_prob/H/CO/06/_work/2024_county_results_with_calcs_new.csv
[deleted] /home/ubuntu/apps/election-app/win_prob/H/CO/06/_work/output_statewide_stats.csv
[skip]    /home/ubuntu/apps/election-app/win_prob/H/CO/06/_work/probs_timeseries_PA.csv
[deleted] /home/ubuntu/apps/election-app/win_prob/H/CO/06/_work/2024_county_results_with_calcs.csv
[skip]    /home/ubuntu/apps/election-app/win_prob/H/CO/06/data_output.csv
[skip]    /home/ubuntu/apps/election-app/win_prob/H/CO/06/data_output_with_margins_old.csv
[skip]    /home/ubuntu/apps/election-app/win_prob/H/CO/06/data_output_with_margins.csv
[skip]    /home/ubuntu/apps/election-app/win_prob/H/CO/06/data_output_with_margins-statewide.csv
[deleted] /home/ubuntu/apps/election-app/win_prob/H/CO/06/snapshots_CO.csv
[deleted] /home/ubuntu/apps/election-app/win_prob/H/CO/06/data_output_CO_with_margins_statewide_eevp.csv
[deleted] /home/ubuntu/apps/election-app/win_prob/H/CO/06/data_output_CO.csv
[deleted] /home/ubuntu/apps/election-app/win_prob/H/CO/06/data_output_CO_with_margins.csv
[deleted] /home/ubuntu/apps/election-app/win_prob/H/CO/06/data_output_CO.csv.checkpoint.json
[deleted] /home/ubuntu/apps/election-app/win_prob/H/CO/06/stats.csv
[deleted] /home/ubuntu/apps/election-app/win_prob/H/CO/06/stats2.csv
[done] removed 16 file(s)
[2026-01-24 18:08:35] INFO: [PIPELINE] args: office=H state=CO district=06
[2026-01-24 18:08:35] INFO: [PIPELINE] WINPROB_DIR resolved to: /home/ubuntu/apps/election-app/win_prob/H/CO/06
[2026-01-24 18:08:35] INFO: [PIPELINE] OUTDIR set to: /home/ubuntu/apps/election-app/win_prob/H/CO/06

$ /home/ubuntu/.venv/bin/python3 /home/ubuntu/apps/election-app/stats/1-statewide.py --input /home/ubuntu/apps/election-app/win_prob/H/CO/06/stats.csv --output /home/ubuntu/apps/election-app/win_prob/H/CO/06/_work/stats_with_statewide.csv
Wrote /home/ubuntu/apps/election-app/win_prob/H/CO/06/_work/stats_with_statewide.csv (rows=5)

$ /home/ubuntu/.venv/bin/python3 /home/ubuntu/apps/election-app/stats/1-stats-2.py --input /home/ubuntu/apps/election-app/win_prob/H/CO/06/stats2.csv --output /home/ubuntu/apps/election-app/win_prob/H/CO/06/_work/stats2_final_headers.csv
Wrote /home/ubuntu/apps/election-app/win_prob/H/CO/06/_work/stats2_final_headers.csv (rows=5)

$ /home/ubuntu/.venv/bin/python3 /home/ubuntu/apps/election-app/stats/1-append-new.py
Wrote 2024_county_results_with_final-old.csv (rows=5, missing_final_matches=0)

$ /home/ubuntu/.venv/bin/python3 /home/ubuntu/apps/election-app/stats/1-change_header.py
Wrote: 2024_county_results_with_final.csv

$ /home/ubuntu/.venv/bin/python3 /home/ubuntu/apps/election-app/stats/1-cut-zero-fips.py
Wrote: 2024_county_results_with_final_1.csv
Rows before: 5
Rows after:  5
Dropped (fips == 0): 0

$ /home/ubuntu/.venv/bin/python3 /home/ubuntu/apps/election-app/stats/2-calc.py
Wrote 5 rows with calculations to /home/ubuntu/apps/election-app/win_prob/H/CO/06/_work/2024_county_results_with_calcs-old.csv

$ /home/ubuntu/.venv/bin/python3 /home/ubuntu/apps/election-app/stats/2-eevp.py
Wrote (no-op copy): 2024_county_results_with_calcs.csv
Columns:
 - timestamp
 - state
 - county
 - fips
 - trump_votes
 - harris_votes
 - other_votes
 - eevp
 - state_eevp
 - harris_votes_statewide
 - trump_votes_statewide
 - other_votes_statewide
 - final_state
 - final_county
 - final_fips
 - final_trump_votes
 - final_harris_votes
 - final_other_votes
 - harris_percent_snapshot
 - trump_percent_snapshot
 - margin_snapshot
 - harris_percent_final
 - trump_percent_final
 - margin_final
 - margin_difference
 - margin_difference_abs

$ /home/ubuntu/.venv/bin/python3 /home/ubuntu/apps/election-app/stats/3-calc-new.py
Wrote 5 rows with new columns to /home/ubuntu/apps/election-app/win_prob/H/CO/06/_work/2024_county_results_with_calcs_new.csv

$ /home/ubuntu/.venv/bin/python3 /home/ubuntu/apps/election-app/stats/4-stats.py
Reading 2024_county_results_with_calcs_new.csv...
Aggregating statewide totals...
Calculating percentages and margins...
Writing to output_statewide_stats.csv...
Done!
[2026-01-24 18:08:45] INFO: [PIPELINE] ENTER win-prob generation | states=['CO'] ts_list=['2024-11-05T15-30-22']

============================================================================
[01/1] STATE = CO
============================================================================

$ /home/ubuntu/.venv/bin/python3 /home/ubuntu/apps/election-app/stats/5-snapshots.py --state CO --input /home/ubuntu/apps/election-app/win_prob/H/CO/06/_work/output_statewide_stats.csv --output /home/ubuntu/apps/election-app/win_prob/H/CO/06/snapshots_CO.csv --start 2024-11-05T15-30-22 --end 2024-11-05T15-30-22 --use-window 1 --interval 30
Mode: windowed-one-state
Rows written: 5
Distinct states in output: CO
Rows per normalized timestamp (empty = unparseable):
  2024-11-05T15-30-22: 5
Wrote /home/ubuntu/apps/election-app/win_prob/H/CO/06/snapshots_CO.csv

$ /home/ubuntu/.venv/bin/python3 /home/ubuntu/apps/election-app/stats/6-pval.py /home/ubuntu/apps/election-app/win_prob/H/CO/06/snapshots_CO.csv -t /home/ubuntu/apps/election-app/stats/parameters.csv -o /home/ubuntu/apps/election-app/win_prob/H/CO/06/data_output_CO.csv -c 50
Done. Wrote: /home/ubuntu/apps/election-app/win_prob/H/CO/06/data_output_CO.csv
Total rows: 5 (chunked, resumable).
Computed columns for PVALS = [0.01, 0.1, 1, 2, 3, 5, 10, 15, 20, 25, 30, 35, 40, 45, 50, 55, 60, 65, 70, 75, 80, 85, 90, 95, 97, 98, 99, 99.9, 99.99]
Per p (leader): shift_{p}, margin_new_{p}, harris_percent_new_{p}, trump_percent_new_{p}, total_snapshot_{p}, total_expected_{p}, harris_votes_new_{p}, trump_votes_new_{p}
Per p (trailing): shift_trailing_{p}, margin_new_{p}_trailing, harris_percent_new_{p}_trailing, trump_percent_new_{p}_trailing, total_snapshot_{p}_trailing, total_expected_{p}_trailing, harris_votes_new_{p}_trailing, trump_votes_new_{p}_trailing
Checkpoint saved at: /home/ubuntu/apps/election-app/win_prob/H/CO/06/data_output_CO.csv.checkpoint.json

$ /home/ubuntu/.venv/bin/python3 /home/ubuntu/apps/election-app/stats/7-margin-new.py
Wrote data_output_with_margins_old.csv

$ /home/ubuntu/.venv/bin/python3 /home/ubuntu/apps/election-app/stats/7-eevp-statewide.py
Wrote data_output_with_margins.csv (copied from data_output_with_margins_old.csv)

$ /home/ubuntu/.venv/bin/python3 /home/ubuntu/apps/election-app/stats/7.py --input /home/ubuntu/apps/election-app/win_prob/H/CO/06/data_output_CO_with_margins_statewide_eevp.csv --output /home/ubuntu/apps/election-app/win_prob/H/CO/06/statewide_margin_pct_vs_percent_CO_2026.png --state CO --start 2024-11-05T15-30-22 --end 2024-11-05T15-30-22 --stats /home/ubuntu/apps/election-app/win_prob/H/CO/06/stats.csv --stats2 /home/ubuntu/apps/election-app/win_prob/H/CO/06/stats2.csv --interval 30 --year 2026 --jsonl /home/ubuntu/apps/election-app/win_prob/H/CO/06/plotdata_CO_2026_2026-01-24T18-08-35.jsonl
[info] evaluating 1 timestamps from 2024-11-05T15-30-22 to 2024-11-05T15-30-22 every 30 minutes
[saved] probs_timeseries_CO.csv  (1 points)
[saved] /home/ubuntu/apps/election-app/win_prob/H/CO/06/plotdata_CO_2026_2026-01-24T18-08-35.jsonl  (4 points)
[saved] /home/ubuntu/apps/election-app/win_prob/H/CO/06/statewide_margin_pct_vs_percent_CO_2026_box.json
[saved] /home/ubuntu/apps/election-app/win_prob/H/CO/06/statewide_margin_pct_vs_percent_CO_2026_box.png
[saved] /home/ubuntu/apps/election-app/win_prob/H/CO/06/statewide_margin_pct_vs_percent_CO_2026.png

All 50 states complete. See: /home/ubuntu/apps/election-app/win_prob/H/CO/06

$ /home/ubuntu/.venv/bin/python3 /home/ubuntu/apps/election-app/stats/8.py --root /home/ubuntu/apps/election-app/win_prob/H/CO/06/_work --outdir /home/ubuntu/apps/election-app/win_prob/H/CO/06
[info] root  = /home/ubuntu/apps/election-app/win_prob/H/CO/06/_work
[info] outdir= /home/ubuntu/apps/election-app/win_prob/H/CO/06
[deleted] /home/ubuntu/apps/election-app/win_prob/H/CO/06/_work/stats_with_statewide.csv
[deleted] /home/ubuntu/apps/election-app/win_prob/H/CO/06/_work/stats2_final_headers.csv
[deleted] /home/ubuntu/apps/election-app/win_prob/H/CO/06/_work/2024_county_results_with_final-old.csv
[deleted] /home/ubuntu/apps/election-app/win_prob/H/CO/06/_work/2024_county_results_with_final.csv
[deleted] /home/ubuntu/apps/election-app/win_prob/H/CO/06/_work/2024_county_results_with_final_1.csv
[deleted] /home/ubuntu/apps/election-app/win_prob/H/CO/06/_work/2024_county_results_with_calcs-old.csv
[deleted] /home/ubuntu/apps/election-app/win_prob/H/CO/06/_work/2024_county_results_with_calcs_new.csv
[deleted] /home/ubuntu/apps/election-app/win_prob/H/CO/06/_work/output_statewide_stats.csv
[skip]    /home/ubuntu/apps/election-app/win_prob/H/CO/06/_work/probs_timeseries_PA.csv
[deleted] /home/ubuntu/apps/election-app/win_prob/H/CO/06/_work/2024_county_results_with_calcs.csv
[skip]    /home/ubuntu/apps/election-app/win_prob/H/CO/06/data_output.csv
[skip]    /home/ubuntu/apps/election-app/win_prob/H/CO/06/data_output_with_margins_old.csv
[skip]    /home/ubuntu/apps/election-app/win_prob/H/CO/06/data_output_with_margins.csv
[skip]    /home/ubuntu/apps/election-app/win_prob/H/CO/06/data_output_with_margins-statewide.csv
[deleted] /home/ubuntu/apps/election-app/win_prob/H/CO/06/snapshots_CO.csv
[deleted] /home/ubuntu/apps/election-app/win_prob/H/CO/06/data_output_CO_with_margins_statewide_eevp.csv
[deleted] /home/ubuntu/apps/election-app/win_prob/H/CO/06/data_output_CO.csv
[deleted] /home/ubuntu/apps/election-app/win_prob/H/CO/06/data_output_CO_with_margins.csv
[deleted] /home/ubuntu/apps/election-app/win_prob/H/CO/06/data_output_CO.csv.checkpoint.json
[deleted] /home/ubuntu/apps/election-app/win_prob/H/CO/06/stats.csv
[deleted] /home/ubuntu/apps/election-app/win_prob/H/CO/06/stats2.csv
[done] removed 16 file(s)
[2026-01-24 18:15:38] INFO: [PIPELINE] args: office=H state=CO district=06
[2026-01-24 18:15:38] INFO: [PIPELINE] WINPROB_DIR resolved to: /home/ubuntu/apps/election-app/win_prob/H/CO/06
[2026-01-24 18:15:38] INFO: [PIPELINE] OUTDIR set to: /home/ubuntu/apps/election-app/win_prob/H/CO/06

$ /home/ubuntu/.venv/bin/python3 /home/ubuntu/apps/election-app/stats/1-statewide.py --input /home/ubuntu/apps/election-app/win_prob/H/CO/06/stats.csv --output /home/ubuntu/apps/election-app/win_prob/H/CO/06/_work/stats_with_statewide.csv
Wrote /home/ubuntu/apps/election-app/win_prob/H/CO/06/_work/stats_with_statewide.csv (rows=5)

$ /home/ubuntu/.venv/bin/python3 /home/ubuntu/apps/election-app/stats/1-stats-2.py --input /home/ubuntu/apps/election-app/win_prob/H/CO/06/stats2.csv --output /home/ubuntu/apps/election-app/win_prob/H/CO/06/_work/stats2_final_headers.csv
Wrote /home/ubuntu/apps/election-app/win_prob/H/CO/06/_work/stats2_final_headers.csv (rows=5)

$ /home/ubuntu/.venv/bin/python3 /home/ubuntu/apps/election-app/stats/1-append-new.py
Wrote 2024_county_results_with_final-old.csv (rows=5, missing_final_matches=0)

$ /home/ubuntu/.venv/bin/python3 /home/ubuntu/apps/election-app/stats/1-change_header.py
Wrote: 2024_county_results_with_final.csv

$ /home/ubuntu/.venv/bin/python3 /home/ubuntu/apps/election-app/stats/1-cut-zero-fips.py
Wrote: 2024_county_results_with_final_1.csv
Rows before: 5
Rows after:  5
Dropped (fips == 0): 0

$ /home/ubuntu/.venv/bin/python3 /home/ubuntu/apps/election-app/stats/2-calc.py
Wrote 5 rows with calculations to /home/ubuntu/apps/election-app/win_prob/H/CO/06/_work/2024_county_results_with_calcs-old.csv

$ /home/ubuntu/.venv/bin/python3 /home/ubuntu/apps/election-app/stats/2-eevp.py
Wrote (no-op copy): 2024_county_results_with_calcs.csv
Columns:
 - timestamp
 - state
 - county
 - fips
 - trump_votes
 - harris_votes
 - other_votes
 - eevp
 - state_eevp
 - harris_votes_statewide
 - trump_votes_statewide
 - other_votes_statewide
 - final_state
 - final_county
 - final_fips
 - final_trump_votes
 - final_harris_votes
 - final_other_votes
 - harris_percent_snapshot
 - trump_percent_snapshot
 - margin_snapshot
 - harris_percent_final
 - trump_percent_final
 - margin_final
 - margin_difference
 - margin_difference_abs

$ /home/ubuntu/.venv/bin/python3 /home/ubuntu/apps/election-app/stats/3-calc-new.py
Wrote 5 rows with new columns to /home/ubuntu/apps/election-app/win_prob/H/CO/06/_work/2024_county_results_with_calcs_new.csv

$ /home/ubuntu/.venv/bin/python3 /home/ubuntu/apps/election-app/stats/4-stats.py
Reading 2024_county_results_with_calcs_new.csv...
Aggregating statewide totals...
Calculating percentages and margins...
Writing to output_statewide_stats.csv...
Done!
[2026-01-24 18:15:49] INFO: [PIPELINE] ENTER win-prob generation | states=['CO'] ts_list=['2024-11-05T15-30-22']

============================================================================
[01/1] STATE = CO
============================================================================

$ /home/ubuntu/.venv/bin/python3 /home/ubuntu/apps/election-app/stats/5-snapshots.py --state CO --input /home/ubuntu/apps/election-app/win_prob/H/CO/06/_work/output_statewide_stats.csv --output /home/ubuntu/apps/election-app/win_prob/H/CO/06/snapshots_CO.csv --start 2024-11-05T15-30-22 --end 2024-11-05T15-30-22 --use-window 1 --interval 30
Mode: windowed-one-state
Rows written: 5
Distinct states in output: CO
Rows per normalized timestamp (empty = unparseable):
  2024-11-05T15-30-22: 5
Wrote /home/ubuntu/apps/election-app/win_prob/H/CO/06/snapshots_CO.csv

$ /home/ubuntu/.venv/bin/python3 /home/ubuntu/apps/election-app/stats/6-pval.py /home/ubuntu/apps/election-app/win_prob/H/CO/06/snapshots_CO.csv -t /home/ubuntu/apps/election-app/stats/parameters.csv -o /home/ubuntu/apps/election-app/win_prob/H/CO/06/data_output_CO.csv -c 50
Done. Wrote: /home/ubuntu/apps/election-app/win_prob/H/CO/06/data_output_CO.csv
Total rows: 5 (chunked, resumable).
Computed columns for PVALS = [0.01, 0.1, 1, 2, 3, 5, 10, 15, 20, 25, 30, 35, 40, 45, 50, 55, 60, 65, 70, 75, 80, 85, 90, 95, 97, 98, 99, 99.9, 99.99]
Per p (leader): shift_{p}, margin_new_{p}, harris_percent_new_{p}, trump_percent_new_{p}, total_snapshot_{p}, total_expected_{p}, harris_votes_new_{p}, trump_votes_new_{p}
Per p (trailing): shift_trailing_{p}, margin_new_{p}_trailing, harris_percent_new_{p}_trailing, trump_percent_new_{p}_trailing, total_snapshot_{p}_trailing, total_expected_{p}_trailing, harris_votes_new_{p}_trailing, trump_votes_new_{p}_trailing
Checkpoint saved at: /home/ubuntu/apps/election-app/win_prob/H/CO/06/data_output_CO.csv.checkpoint.json

$ /home/ubuntu/.venv/bin/python3 /home/ubuntu/apps/election-app/stats/7-margin-new.py
Wrote data_output_with_margins_old.csv

$ /home/ubuntu/.venv/bin/python3 /home/ubuntu/apps/election-app/stats/7-eevp-statewide.py
Wrote data_output_with_margins.csv (copied from data_output_with_margins_old.csv)

$ /home/ubuntu/.venv/bin/python3 /home/ubuntu/apps/election-app/stats/7.py --input /home/ubuntu/apps/election-app/win_prob/H/CO/06/data_output_CO_with_margins_statewide_eevp.csv --output /home/ubuntu/apps/election-app/win_prob/H/CO/06/statewide_margin_pct_vs_percent_CO_2026.png --state CO --start 2024-11-05T15-30-22 --end 2024-11-05T15-30-22 --stats /home/ubuntu/apps/election-app/win_prob/H/CO/06/stats.csv --stats2 /home/ubuntu/apps/election-app/win_prob/H/CO/06/stats2.csv --interval 30 --year 2026 --jsonl /home/ubuntu/apps/election-app/win_prob/H/CO/06/plotdata_CO_2026_2026-01-24T18-15-38.jsonl
[info] evaluating 1 timestamps from 2024-11-05T15-30-22 to 2024-11-05T15-30-22 every 30 minutes
[saved] probs_timeseries_CO.csv  (1 points)
[saved] /home/ubuntu/apps/election-app/win_prob/H/CO/06/plotdata_CO_2026_2026-01-24T18-15-38.jsonl  (4 points)
[saved] /home/ubuntu/apps/election-app/win_prob/H/CO/06/statewide_margin_pct_vs_percent_CO_2026_box.json
[saved] /home/ubuntu/apps/election-app/win_prob/H/CO/06/statewide_margin_pct_vs_percent_CO_2026_box.png
[saved] /home/ubuntu/apps/election-app/win_prob/H/CO/06/statewide_margin_pct_vs_percent_CO_2026.png

All 50 states complete. See: /home/ubuntu/apps/election-app/win_prob/H/CO/06

$ /home/ubuntu/.venv/bin/python3 /home/ubuntu/apps/election-app/stats/8.py --root /home/ubuntu/apps/election-app/win_prob/H/CO/06/_work --outdir /home/ubuntu/apps/election-app/win_prob/H/CO/06
[info] root  = /home/ubuntu/apps/election-app/win_prob/H/CO/06/_work
[info] outdir= /home/ubuntu/apps/election-app/win_prob/H/CO/06
[deleted] /home/ubuntu/apps/election-app/win_prob/H/CO/06/_work/stats_with_statewide.csv
[deleted] /home/ubuntu/apps/election-app/win_prob/H/CO/06/_work/stats2_final_headers.csv
[deleted] /home/ubuntu/apps/election-app/win_prob/H/CO/06/_work/2024_county_results_with_final-old.csv
[deleted] /home/ubuntu/apps/election-app/win_prob/H/CO/06/_work/2024_county_results_with_final.csv
[deleted] /home/ubuntu/apps/election-app/win_prob/H/CO/06/_work/2024_county_results_with_final_1.csv
[deleted] /home/ubuntu/apps/election-app/win_prob/H/CO/06/_work/2024_county_results_with_calcs-old.csv
[deleted] /home/ubuntu/apps/election-app/win_prob/H/CO/06/_work/2024_county_results_with_calcs_new.csv
[deleted] /home/ubuntu/apps/election-app/win_prob/H/CO/06/_work/output_statewide_stats.csv
[skip]    /home/ubuntu/apps/election-app/win_prob/H/CO/06/_work/probs_timeseries_PA.csv
[deleted] /home/ubuntu/apps/election-app/win_prob/H/CO/06/_work/2024_county_results_with_calcs.csv
[skip]    /home/ubuntu/apps/election-app/win_prob/H/CO/06/data_output.csv
[skip]    /home/ubuntu/apps/election-app/win_prob/H/CO/06/data_output_with_margins_old.csv
[skip]    /home/ubuntu/apps/election-app/win_prob/H/CO/06/data_output_with_margins.csv
[skip]    /home/ubuntu/apps/election-app/win_prob/H/CO/06/data_output_with_margins-statewide.csv
[deleted] /home/ubuntu/apps/election-app/win_prob/H/CO/06/snapshots_CO.csv
[deleted] /home/ubuntu/apps/election-app/win_prob/H/CO/06/data_output_CO_with_margins_statewide_eevp.csv
[deleted] /home/ubuntu/apps/election-app/win_prob/H/CO/06/data_output_CO.csv
[deleted] /home/ubuntu/apps/election-app/win_prob/H/CO/06/data_output_CO_with_margins.csv
[deleted] /home/ubuntu/apps/election-app/win_prob/H/CO/06/data_output_CO.csv.checkpoint.json
[deleted] /home/ubuntu/apps/election-app/win_prob/H/CO/06/stats.csv
[deleted] /home/ubuntu/apps/election-app/win_prob/H/CO/06/stats2.csv
[done] removed 16 file(s)
[2026-01-24 18:22:40] INFO: [PIPELINE] args: office=H state=CO district=06
[2026-01-24 18:22:40] INFO: [PIPELINE] WINPROB_DIR resolved to: /home/ubuntu/apps/election-app/win_prob/H/CO/06
[2026-01-24 18:22:40] INFO: [PIPELINE] OUTDIR set to: /home/ubuntu/apps/election-app/win_prob/H/CO/06

$ /home/ubuntu/.venv/bin/python3 /home/ubuntu/apps/election-app/stats/1-statewide.py --input /home/ubuntu/apps/election-app/win_prob/H/CO/06/stats.csv --output /home/ubuntu/apps/election-app/win_prob/H/CO/06/_work/stats_with_statewide.csv
Wrote /home/ubuntu/apps/election-app/win_prob/H/CO/06/_work/stats_with_statewide.csv (rows=5)

$ /home/ubuntu/.venv/bin/python3 /home/ubuntu/apps/election-app/stats/1-stats-2.py --input /home/ubuntu/apps/election-app/win_prob/H/CO/06/stats2.csv --output /home/ubuntu/apps/election-app/win_prob/H/CO/06/_work/stats2_final_headers.csv
Wrote /home/ubuntu/apps/election-app/win_prob/H/CO/06/_work/stats2_final_headers.csv (rows=5)

$ /home/ubuntu/.venv/bin/python3 /home/ubuntu/apps/election-app/stats/1-append-new.py
Wrote 2024_county_results_with_final-old.csv (rows=5, missing_final_matches=0)

$ /home/ubuntu/.venv/bin/python3 /home/ubuntu/apps/election-app/stats/1-change_header.py
Wrote: 2024_county_results_with_final.csv

$ /home/ubuntu/.venv/bin/python3 /home/ubuntu/apps/election-app/stats/1-cut-zero-fips.py
Wrote: 2024_county_results_with_final_1.csv
Rows before: 5
Rows after:  5
Dropped (fips == 0): 0

$ /home/ubuntu/.venv/bin/python3 /home/ubuntu/apps/election-app/stats/2-calc.py
Wrote 5 rows with calculations to /home/ubuntu/apps/election-app/win_prob/H/CO/06/_work/2024_county_results_with_calcs-old.csv

$ /home/ubuntu/.venv/bin/python3 /home/ubuntu/apps/election-app/stats/2-eevp.py
Wrote (no-op copy): 2024_county_results_with_calcs.csv
Columns:
 - timestamp
 - state
 - county
 - fips
 - trump_votes
 - harris_votes
 - other_votes
 - eevp
 - state_eevp
 - harris_votes_statewide
 - trump_votes_statewide
 - other_votes_statewide
 - final_state
 - final_county
 - final_fips
 - final_trump_votes
 - final_harris_votes
 - final_other_votes
 - harris_percent_snapshot
 - trump_percent_snapshot
 - margin_snapshot
 - harris_percent_final
 - trump_percent_final
 - margin_final
 - margin_difference
 - margin_difference_abs

$ /home/ubuntu/.venv/bin/python3 /home/ubuntu/apps/election-app/stats/3-calc-new.py
Wrote 5 rows with new columns to /home/ubuntu/apps/election-app/win_prob/H/CO/06/_work/2024_county_results_with_calcs_new.csv

$ /home/ubuntu/.venv/bin/python3 /home/ubuntu/apps/election-app/stats/4-stats.py
Reading 2024_county_results_with_calcs_new.csv...
Aggregating statewide totals...
Calculating percentages and margins...
Writing to output_statewide_stats.csv...
Done!
[2026-01-24 18:22:50] INFO: [PIPELINE] ENTER win-prob generation | states=['CO'] ts_list=['2024-11-05T15-30-22']

============================================================================
[01/1] STATE = CO
============================================================================

$ /home/ubuntu/.venv/bin/python3 /home/ubuntu/apps/election-app/stats/5-snapshots.py --state CO --input /home/ubuntu/apps/election-app/win_prob/H/CO/06/_work/output_statewide_stats.csv --output /home/ubuntu/apps/election-app/win_prob/H/CO/06/snapshots_CO.csv --start 2024-11-05T15-30-22 --end 2024-11-05T15-30-22 --use-window 1 --interval 30
Mode: windowed-one-state
Rows written: 5
Distinct states in output: CO
Rows per normalized timestamp (empty = unparseable):
  2024-11-05T15-30-22: 5
Wrote /home/ubuntu/apps/election-app/win_prob/H/CO/06/snapshots_CO.csv

$ /home/ubuntu/.venv/bin/python3 /home/ubuntu/apps/election-app/stats/6-pval.py /home/ubuntu/apps/election-app/win_prob/H/CO/06/snapshots_CO.csv -t /home/ubuntu/apps/election-app/stats/parameters.csv -o /home/ubuntu/apps/election-app/win_prob/H/CO/06/data_output_CO.csv -c 50
Done. Wrote: /home/ubuntu/apps/election-app/win_prob/H/CO/06/data_output_CO.csv
Total rows: 5 (chunked, resumable).
Computed columns for PVALS = [0.01, 0.1, 1, 2, 3, 5, 10, 15, 20, 25, 30, 35, 40, 45, 50, 55, 60, 65, 70, 75, 80, 85, 90, 95, 97, 98, 99, 99.9, 99.99]
Per p (leader): shift_{p}, margin_new_{p}, harris_percent_new_{p}, trump_percent_new_{p}, total_snapshot_{p}, total_expected_{p}, harris_votes_new_{p}, trump_votes_new_{p}
Per p (trailing): shift_trailing_{p}, margin_new_{p}_trailing, harris_percent_new_{p}_trailing, trump_percent_new_{p}_trailing, total_snapshot_{p}_trailing, total_expected_{p}_trailing, harris_votes_new_{p}_trailing, trump_votes_new_{p}_trailing
Checkpoint saved at: /home/ubuntu/apps/election-app/win_prob/H/CO/06/data_output_CO.csv.checkpoint.json

$ /home/ubuntu/.venv/bin/python3 /home/ubuntu/apps/election-app/stats/7-margin-new.py
Wrote data_output_with_margins_old.csv

$ /home/ubuntu/.venv/bin/python3 /home/ubuntu/apps/election-app/stats/7-eevp-statewide.py
Wrote data_output_with_margins.csv (copied from data_output_with_margins_old.csv)

$ /home/ubuntu/.venv/bin/python3 /home/ubuntu/apps/election-app/stats/7.py --input /home/ubuntu/apps/election-app/win_prob/H/CO/06/data_output_CO_with_margins_statewide_eevp.csv --output /home/ubuntu/apps/election-app/win_prob/H/CO/06/statewide_margin_pct_vs_percent_CO_2026.png --state CO --start 2024-11-05T15-30-22 --end 2024-11-05T15-30-22 --stats /home/ubuntu/apps/election-app/win_prob/H/CO/06/stats.csv --stats2 /home/ubuntu/apps/election-app/win_prob/H/CO/06/stats2.csv --interval 30 --year 2026 --jsonl /home/ubuntu/apps/election-app/win_prob/H/CO/06/plotdata_CO_2026_2026-01-24T18-22-40.jsonl
[info] evaluating 1 timestamps from 2024-11-05T15-30-22 to 2024-11-05T15-30-22 every 30 minutes
[saved] probs_timeseries_CO.csv  (1 points)
[saved] /home/ubuntu/apps/election-app/win_prob/H/CO/06/plotdata_CO_2026_2026-01-24T18-22-40.jsonl  (4 points)
[saved] /home/ubuntu/apps/election-app/win_prob/H/CO/06/statewide_margin_pct_vs_percent_CO_2026_box.json
[saved] /home/ubuntu/apps/election-app/win_prob/H/CO/06/statewide_margin_pct_vs_percent_CO_2026_box.png
[saved] /home/ubuntu/apps/election-app/win_prob/H/CO/06/statewide_margin_pct_vs_percent_CO_2026.png

All 50 states complete. See: /home/ubuntu/apps/election-app/win_prob/H/CO/06

$ /home/ubuntu/.venv/bin/python3 /home/ubuntu/apps/election-app/stats/8.py --root /home/ubuntu/apps/election-app/win_prob/H/CO/06/_work --outdir /home/ubuntu/apps/election-app/win_prob/H/CO/06
[info] root  = /home/ubuntu/apps/election-app/win_prob/H/CO/06/_work
[info] outdir= /home/ubuntu/apps/election-app/win_prob/H/CO/06
[deleted] /home/ubuntu/apps/election-app/win_prob/H/CO/06/_work/stats_with_statewide.csv
[deleted] /home/ubuntu/apps/election-app/win_prob/H/CO/06/_work/stats2_final_headers.csv
[deleted] /home/ubuntu/apps/election-app/win_prob/H/CO/06/_work/2024_county_results_with_final-old.csv
[deleted] /home/ubuntu/apps/election-app/win_prob/H/CO/06/_work/2024_county_results_with_final.csv
[deleted] /home/ubuntu/apps/election-app/win_prob/H/CO/06/_work/2024_county_results_with_final_1.csv
[deleted] /home/ubuntu/apps/election-app/win_prob/H/CO/06/_work/2024_county_results_with_calcs-old.csv
[deleted] /home/ubuntu/apps/election-app/win_prob/H/CO/06/_work/2024_county_results_with_calcs_new.csv
[deleted] /home/ubuntu/apps/election-app/win_prob/H/CO/06/_work/output_statewide_stats.csv
[skip]    /home/ubuntu/apps/election-app/win_prob/H/CO/06/_work/probs_timeseries_PA.csv
[deleted] /home/ubuntu/apps/election-app/win_prob/H/CO/06/_work/2024_county_results_with_calcs.csv
[skip]    /home/ubuntu/apps/election-app/win_prob/H/CO/06/data_output.csv
[skip]    /home/ubuntu/apps/election-app/win_prob/H/CO/06/data_output_with_margins_old.csv
[skip]    /home/ubuntu/apps/election-app/win_prob/H/CO/06/data_output_with_margins.csv
[skip]    /home/ubuntu/apps/election-app/win_prob/H/CO/06/data_output_with_margins-statewide.csv
[deleted] /home/ubuntu/apps/election-app/win_prob/H/CO/06/snapshots_CO.csv
[deleted] /home/ubuntu/apps/election-app/win_prob/H/CO/06/data_output_CO_with_margins_statewide_eevp.csv
[deleted] /home/ubuntu/apps/election-app/win_prob/H/CO/06/data_output_CO.csv
[deleted] /home/ubuntu/apps/election-app/win_prob/H/CO/06/data_output_CO_with_margins.csv
[deleted] /home/ubuntu/apps/election-app/win_prob/H/CO/06/data_output_CO.csv.checkpoint.json
[deleted] /home/ubuntu/apps/election-app/win_prob/H/CO/06/stats.csv
[deleted] /home/ubuntu/apps/election-app/win_prob/H/CO/06/stats2.csv
[done] removed 16 file(s)
[2026-01-24 18:29:42] INFO: [PIPELINE] args: office=H state=CO district=06
[2026-01-24 18:29:42] INFO: [PIPELINE] WINPROB_DIR resolved to: /home/ubuntu/apps/election-app/win_prob/H/CO/06
[2026-01-24 18:29:42] INFO: [PIPELINE] OUTDIR set to: /home/ubuntu/apps/election-app/win_prob/H/CO/06

$ /home/ubuntu/.venv/bin/python3 /home/ubuntu/apps/election-app/stats/1-statewide.py --input /home/ubuntu/apps/election-app/win_prob/H/CO/06/stats.csv --output /home/ubuntu/apps/election-app/win_prob/H/CO/06/_work/stats_with_statewide.csv
Wrote /home/ubuntu/apps/election-app/win_prob/H/CO/06/_work/stats_with_statewide.csv (rows=5)

$ /home/ubuntu/.venv/bin/python3 /home/ubuntu/apps/election-app/stats/1-stats-2.py --input /home/ubuntu/apps/election-app/win_prob/H/CO/06/stats2.csv --output /home/ubuntu/apps/election-app/win_prob/H/CO/06/_work/stats2_final_headers.csv
Wrote /home/ubuntu/apps/election-app/win_prob/H/CO/06/_work/stats2_final_headers.csv (rows=5)

$ /home/ubuntu/.venv/bin/python3 /home/ubuntu/apps/election-app/stats/1-append-new.py
Wrote 2024_county_results_with_final-old.csv (rows=5, missing_final_matches=0)

$ /home/ubuntu/.venv/bin/python3 /home/ubuntu/apps/election-app/stats/1-change_header.py
Wrote: 2024_county_results_with_final.csv

$ /home/ubuntu/.venv/bin/python3 /home/ubuntu/apps/election-app/stats/1-cut-zero-fips.py
Wrote: 2024_county_results_with_final_1.csv
Rows before: 5
Rows after:  5
Dropped (fips == 0): 0

$ /home/ubuntu/.venv/bin/python3 /home/ubuntu/apps/election-app/stats/2-calc.py
Wrote 5 rows with calculations to /home/ubuntu/apps/election-app/win_prob/H/CO/06/_work/2024_county_results_with_calcs-old.csv

$ /home/ubuntu/.venv/bin/python3 /home/ubuntu/apps/election-app/stats/2-eevp.py
Wrote (no-op copy): 2024_county_results_with_calcs.csv
Columns:
 - timestamp
 - state
 - county
 - fips
 - trump_votes
 - harris_votes
 - other_votes
 - eevp
 - state_eevp
 - harris_votes_statewide
 - trump_votes_statewide
 - other_votes_statewide
 - final_state
 - final_county
 - final_fips
 - final_trump_votes
 - final_harris_votes
 - final_other_votes
 - harris_percent_snapshot
 - trump_percent_snapshot
 - margin_snapshot
 - harris_percent_final
 - trump_percent_final
 - margin_final
 - margin_difference
 - margin_difference_abs

$ /home/ubuntu/.venv/bin/python3 /home/ubuntu/apps/election-app/stats/3-calc-new.py
Wrote 5 rows with new columns to /home/ubuntu/apps/election-app/win_prob/H/CO/06/_work/2024_county_results_with_calcs_new.csv

$ /home/ubuntu/.venv/bin/python3 /home/ubuntu/apps/election-app/stats/4-stats.py
Reading 2024_county_results_with_calcs_new.csv...
Aggregating statewide totals...
Calculating percentages and margins...
Writing to output_statewide_stats.csv...
Done!
[2026-01-24 18:29:53] INFO: [PIPELINE] ENTER win-prob generation | states=['CO'] ts_list=['2024-11-05T15-30-22']

============================================================================
[01/1] STATE = CO
============================================================================

$ /home/ubuntu/.venv/bin/python3 /home/ubuntu/apps/election-app/stats/5-snapshots.py --state CO --input /home/ubuntu/apps/election-app/win_prob/H/CO/06/_work/output_statewide_stats.csv --output /home/ubuntu/apps/election-app/win_prob/H/CO/06/snapshots_CO.csv --start 2024-11-05T15-30-22 --end 2024-11-05T15-30-22 --use-window 1 --interval 30
Mode: windowed-one-state
Rows written: 5
Distinct states in output: CO
Rows per normalized timestamp (empty = unparseable):
  2024-11-05T15-30-22: 5
Wrote /home/ubuntu/apps/election-app/win_prob/H/CO/06/snapshots_CO.csv

$ /home/ubuntu/.venv/bin/python3 /home/ubuntu/apps/election-app/stats/6-pval.py /home/ubuntu/apps/election-app/win_prob/H/CO/06/snapshots_CO.csv -t /home/ubuntu/apps/election-app/stats/parameters.csv -o /home/ubuntu/apps/election-app/win_prob/H/CO/06/data_output_CO.csv -c 50
Done. Wrote: /home/ubuntu/apps/election-app/win_prob/H/CO/06/data_output_CO.csv
Total rows: 5 (chunked, resumable).
Computed columns for PVALS = [0.01, 0.1, 1, 2, 3, 5, 10, 15, 20, 25, 30, 35, 40, 45, 50, 55, 60, 65, 70, 75, 80, 85, 90, 95, 97, 98, 99, 99.9, 99.99]
Per p (leader): shift_{p}, margin_new_{p}, harris_percent_new_{p}, trump_percent_new_{p}, total_snapshot_{p}, total_expected_{p}, harris_votes_new_{p}, trump_votes_new_{p}
Per p (trailing): shift_trailing_{p}, margin_new_{p}_trailing, harris_percent_new_{p}_trailing, trump_percent_new_{p}_trailing, total_snapshot_{p}_trailing, total_expected_{p}_trailing, harris_votes_new_{p}_trailing, trump_votes_new_{p}_trailing
Checkpoint saved at: /home/ubuntu/apps/election-app/win_prob/H/CO/06/data_output_CO.csv.checkpoint.json

$ /home/ubuntu/.venv/bin/python3 /home/ubuntu/apps/election-app/stats/7-margin-new.py
Wrote data_output_with_margins_old.csv

$ /home/ubuntu/.venv/bin/python3 /home/ubuntu/apps/election-app/stats/7-eevp-statewide.py
Wrote data_output_with_margins.csv (copied from data_output_with_margins_old.csv)

$ /home/ubuntu/.venv/bin/python3 /home/ubuntu/apps/election-app/stats/7.py --input /home/ubuntu/apps/election-app/win_prob/H/CO/06/data_output_CO_with_margins_statewide_eevp.csv --output /home/ubuntu/apps/election-app/win_prob/H/CO/06/statewide_margin_pct_vs_percent_CO_2026.png --state CO --start 2024-11-05T15-30-22 --end 2024-11-05T15-30-22 --stats /home/ubuntu/apps/election-app/win_prob/H/CO/06/stats.csv --stats2 /home/ubuntu/apps/election-app/win_prob/H/CO/06/stats2.csv --interval 30 --year 2026 --jsonl /home/ubuntu/apps/election-app/win_prob/H/CO/06/plotdata_CO_2026_2026-01-24T18-29-42.jsonl
[info] evaluating 1 timestamps from 2024-11-05T15-30-22 to 2024-11-05T15-30-22 every 30 minutes
[saved] probs_timeseries_CO.csv  (1 points)
[saved] /home/ubuntu/apps/election-app/win_prob/H/CO/06/plotdata_CO_2026_2026-01-24T18-29-42.jsonl  (4 points)
[saved] /home/ubuntu/apps/election-app/win_prob/H/CO/06/statewide_margin_pct_vs_percent_CO_2026_box.json
[saved] /home/ubuntu/apps/election-app/win_prob/H/CO/06/statewide_margin_pct_vs_percent_CO_2026_box.png
[saved] /home/ubuntu/apps/election-app/win_prob/H/CO/06/statewide_margin_pct_vs_percent_CO_2026.png

All 50 states complete. See: /home/ubuntu/apps/election-app/win_prob/H/CO/06

$ /home/ubuntu/.venv/bin/python3 /home/ubuntu/apps/election-app/stats/8.py --root /home/ubuntu/apps/election-app/win_prob/H/CO/06/_work --outdir /home/ubuntu/apps/election-app/win_prob/H/CO/06
[info] root  = /home/ubuntu/apps/election-app/win_prob/H/CO/06/_work
[info] outdir= /home/ubuntu/apps/election-app/win_prob/H/CO/06
[deleted] /home/ubuntu/apps/election-app/win_prob/H/CO/06/_work/stats_with_statewide.csv
[deleted] /home/ubuntu/apps/election-app/win_prob/H/CO/06/_work/stats2_final_headers.csv
[deleted] /home/ubuntu/apps/election-app/win_prob/H/CO/06/_work/2024_county_results_with_final-old.csv
[deleted] /home/ubuntu/apps/election-app/win_prob/H/CO/06/_work/2024_county_results_with_final.csv
[deleted] /home/ubuntu/apps/election-app/win_prob/H/CO/06/_work/2024_county_results_with_final_1.csv
[deleted] /home/ubuntu/apps/election-app/win_prob/H/CO/06/_work/2024_county_results_with_calcs-old.csv
[deleted] /home/ubuntu/apps/election-app/win_prob/H/CO/06/_work/2024_county_results_with_calcs_new.csv
[deleted] /home/ubuntu/apps/election-app/win_prob/H/CO/06/_work/output_statewide_stats.csv
[skip]    /home/ubuntu/apps/election-app/win_prob/H/CO/06/_work/probs_timeseries_PA.csv
[deleted] /home/ubuntu/apps/election-app/win_prob/H/CO/06/_work/2024_county_results_with_calcs.csv
[skip]    /home/ubuntu/apps/election-app/win_prob/H/CO/06/data_output.csv
[skip]    /home/ubuntu/apps/election-app/win_prob/H/CO/06/data_output_with_margins_old.csv
[skip]    /home/ubuntu/apps/election-app/win_prob/H/CO/06/data_output_with_margins.csv
[skip]    /home/ubuntu/apps/election-app/win_prob/H/CO/06/data_output_with_margins-statewide.csv
[deleted] /home/ubuntu/apps/election-app/win_prob/H/CO/06/snapshots_CO.csv
[deleted] /home/ubuntu/apps/election-app/win_prob/H/CO/06/data_output_CO_with_margins_statewide_eevp.csv
[deleted] /home/ubuntu/apps/election-app/win_prob/H/CO/06/data_output_CO.csv
[deleted] /home/ubuntu/apps/election-app/win_prob/H/CO/06/data_output_CO_with_margins.csv
[deleted] /home/ubuntu/apps/election-app/win_prob/H/CO/06/data_output_CO.csv.checkpoint.json
[deleted] /home/ubuntu/apps/election-app/win_prob/H/CO/06/stats.csv
[deleted] /home/ubuntu/apps/election-app/win_prob/H/CO/06/stats2.csv
[done] removed 16 file(s)
[2026-02-04 17:04:19] INFO: [PIPELINE] args: office=H state=CO district=06
[2026-02-04 17:04:19] INFO: [PIPELINE] WINPROB_DIR resolved to: /home/ubuntu/apps/election-app/win_prob/H/CO/06
[2026-02-04 17:04:19] INFO: [PIPELINE] OUTDIR set to: /home/ubuntu/apps/election-app/win_prob/H/CO/06

$ /home/ubuntu/.venv/bin/python3 /home/ubuntu/apps/election-app/stats/1-statewide.py --input /home/ubuntu/apps/election-app/win_prob/H/CO/06/stats.csv --output /home/ubuntu/apps/election-app/win_prob/H/CO/06/_work/stats_with_statewide.csv
Wrote /home/ubuntu/apps/election-app/win_prob/H/CO/06/_work/stats_with_statewide.csv (rows=5)

$ /home/ubuntu/.venv/bin/python3 /home/ubuntu/apps/election-app/stats/1-stats-2.py --input /home/ubuntu/apps/election-app/win_prob/H/CO/06/stats2.csv --output /home/ubuntu/apps/election-app/win_prob/H/CO/06/_work/stats2_final_headers.csv
Wrote /home/ubuntu/apps/election-app/win_prob/H/CO/06/_work/stats2_final_headers.csv (rows=5)

$ /home/ubuntu/.venv/bin/python3 /home/ubuntu/apps/election-app/stats/1-append-new.py
Wrote 2024_county_results_with_final-old.csv (rows=5, missing_final_matches=0)

$ /home/ubuntu/.venv/bin/python3 /home/ubuntu/apps/election-app/stats/1-change_header.py
Wrote: 2024_county_results_with_final.csv

$ /home/ubuntu/.venv/bin/python3 /home/ubuntu/apps/election-app/stats/1-cut-zero-fips.py
Wrote: 2024_county_results_with_final_1.csv
Rows before: 5
Rows after:  5
Dropped (fips == 0): 0

$ /home/ubuntu/.venv/bin/python3 /home/ubuntu/apps/election-app/stats/2-calc.py
Wrote 5 rows with calculations to /home/ubuntu/apps/election-app/win_prob/H/CO/06/_work/2024_county_results_with_calcs-old.csv

$ /home/ubuntu/.venv/bin/python3 /home/ubuntu/apps/election-app/stats/2-eevp.py
Wrote (no-op copy): 2024_county_results_with_calcs.csv
Columns:
 - timestamp
 - state
 - county
 - fips
 - trump_votes
 - harris_votes
 - other_votes
 - eevp
 - state_eevp
 - harris_votes_statewide
 - trump_votes_statewide
 - other_votes_statewide
 - final_state
 - final_county
 - final_fips
 - final_trump_votes
 - final_harris_votes
 - final_other_votes
 - harris_percent_snapshot
 - trump_percent_snapshot
 - margin_snapshot
 - harris_percent_final
 - trump_percent_final
 - margin_final
 - margin_difference
 - margin_difference_abs

$ /home/ubuntu/.venv/bin/python3 /home/ubuntu/apps/election-app/stats/3-calc-new.py
Wrote 5 rows with new columns to /home/ubuntu/apps/election-app/win_prob/H/CO/06/_work/2024_county_results_with_calcs_new.csv

$ /home/ubuntu/.venv/bin/python3 /home/ubuntu/apps/election-app/stats/4-stats.py
Reading 2024_county_results_with_calcs_new.csv...
Aggregating statewide totals...
Calculating percentages and margins...
Writing to output_statewide_stats.csv...
Done!
[2026-02-04 17:04:28] INFO: [PIPELINE] ENTER win-prob generation | states=['CO'] ts_list=['2024-11-05T15-30-22']

============================================================================
[01/1] STATE = CO
============================================================================

$ /home/ubuntu/.venv/bin/python3 /home/ubuntu/apps/election-app/stats/5-snapshots.py --state CO --input /home/ubuntu/apps/election-app/win_prob/H/CO/06/_work/output_statewide_stats.csv --output /home/ubuntu/apps/election-app/win_prob/H/CO/06/snapshots_CO.csv --start 2024-11-05T15-30-22 --end 2024-11-05T15-30-22 --use-window 1 --interval 30
Mode: windowed-one-state
Rows written: 5
Distinct states in output: CO
Rows per normalized timestamp (empty = unparseable):
  2024-11-05T15-30-22: 5
Wrote /home/ubuntu/apps/election-app/win_prob/H/CO/06/snapshots_CO.csv

$ /home/ubuntu/.venv/bin/python3 /home/ubuntu/apps/election-app/stats/6-pval.py /home/ubuntu/apps/election-app/win_prob/H/CO/06/snapshots_CO.csv -t /home/ubuntu/apps/election-app/stats/parameters.csv -o /home/ubuntu/apps/election-app/win_prob/H/CO/06/data_output_CO.csv -c 50
Done. Wrote: /home/ubuntu/apps/election-app/win_prob/H/CO/06/data_output_CO.csv
Total rows: 5 (chunked, resumable).
Computed columns for PVALS = [0.01, 0.1, 1, 2, 3, 5, 10, 15, 20, 25, 30, 35, 40, 45, 50, 55, 60, 65, 70, 75, 80, 85, 90, 95, 97, 98, 99, 99.9, 99.99]
Per p (leader): shift_{p}, margin_new_{p}, harris_percent_new_{p}, trump_percent_new_{p}, total_snapshot_{p}, total_expected_{p}, harris_votes_new_{p}, trump_votes_new_{p}
Per p (trailing): shift_trailing_{p}, margin_new_{p}_trailing, harris_percent_new_{p}_trailing, trump_percent_new_{p}_trailing, total_snapshot_{p}_trailing, total_expected_{p}_trailing, harris_votes_new_{p}_trailing, trump_votes_new_{p}_trailing
Checkpoint saved at: /home/ubuntu/apps/election-app/win_prob/H/CO/06/data_output_CO.csv.checkpoint.json

$ /home/ubuntu/.venv/bin/python3 /home/ubuntu/apps/election-app/stats/7-margin-new.py
Wrote data_output_with_margins_old.csv

$ /home/ubuntu/.venv/bin/python3 /home/ubuntu/apps/election-app/stats/7-eevp-statewide.py
Wrote data_output_with_margins.csv (copied from data_output_with_margins_old.csv)

$ /home/ubuntu/.venv/bin/python3 /home/ubuntu/apps/election-app/stats/7.py --input /home/ubuntu/apps/election-app/win_prob/H/CO/06/data_output_CO_with_margins_statewide_eevp.csv --output /home/ubuntu/apps/election-app/win_prob/H/CO/06/statewide_margin_pct_vs_percent_CO_2026.png --state CO --start 2024-11-05T15-30-22 --end 2024-11-05T15-30-22 --stats /home/ubuntu/apps/election-app/win_prob/H/CO/06/stats.csv --stats2 /home/ubuntu/apps/election-app/win_prob/H/CO/06/stats2.csv --interval 30 --year 2026 --jsonl /home/ubuntu/apps/election-app/win_prob/H/CO/06/plotdata_CO_2026_2026-02-04T17-04-19.jsonl
[info] evaluating 1 timestamps from 2024-11-05T15-30-22 to 2024-11-05T15-30-22 every 30 minutes
[saved] probs_timeseries_CO.csv  (1 points)
[saved] /home/ubuntu/apps/election-app/win_prob/H/CO/06/plotdata_CO_2026_2026-02-04T17-04-19.jsonl  (4 points)
[saved] /home/ubuntu/apps/election-app/win_prob/H/CO/06/statewide_margin_pct_vs_percent_CO_2026_box.json
[saved] /home/ubuntu/apps/election-app/win_prob/H/CO/06/statewide_margin_pct_vs_percent_CO_2026_box.png
[saved] /home/ubuntu/apps/election-app/win_prob/H/CO/06/statewide_margin_pct_vs_percent_CO_2026.png

All 50 states complete. See: /home/ubuntu/apps/election-app/win_prob/H/CO/06

$ /home/ubuntu/.venv/bin/python3 /home/ubuntu/apps/election-app/stats/8.py --root /home/ubuntu/apps/election-app/win_prob/H/CO/06/_work --outdir /home/ubuntu/apps/election-app/win_prob/H/CO/06
[info] root  = /home/ubuntu/apps/election-app/win_prob/H/CO/06/_work
[info] outdir= /home/ubuntu/apps/election-app/win_prob/H/CO/06
[deleted] /home/ubuntu/apps/election-app/win_prob/H/CO/06/_work/stats_with_statewide.csv
[deleted] /home/ubuntu/apps/election-app/win_prob/H/CO/06/_work/stats2_final_headers.csv
[deleted] /home/ubuntu/apps/election-app/win_prob/H/CO/06/_work/2024_county_results_with_final-old.csv
[deleted] /home/ubuntu/apps/election-app/win_prob/H/CO/06/_work/2024_county_results_with_final.csv
[deleted] /home/ubuntu/apps/election-app/win_prob/H/CO/06/_work/2024_county_results_with_final_1.csv
[deleted] /home/ubuntu/apps/election-app/win_prob/H/CO/06/_work/2024_county_results_with_calcs-old.csv
[deleted] /home/ubuntu/apps/election-app/win_prob/H/CO/06/_work/2024_county_results_with_calcs_new.csv
[deleted] /home/ubuntu/apps/election-app/win_prob/H/CO/06/_work/output_statewide_stats.csv
[skip]    /home/ubuntu/apps/election-app/win_prob/H/CO/06/_work/probs_timeseries_PA.csv
[deleted] /home/ubuntu/apps/election-app/win_prob/H/CO/06/_work/2024_county_results_with_calcs.csv
[skip]    /home/ubuntu/apps/election-app/win_prob/H/CO/06/data_output.csv
[skip]    /home/ubuntu/apps/election-app/win_prob/H/CO/06/data_output_with_margins_old.csv
[skip]    /home/ubuntu/apps/election-app/win_prob/H/CO/06/data_output_with_margins.csv
[skip]    /home/ubuntu/apps/election-app/win_prob/H/CO/06/data_output_with_margins-statewide.csv
[deleted] /home/ubuntu/apps/election-app/win_prob/H/CO/06/snapshots_CO.csv
[deleted] /home/ubuntu/apps/election-app/win_prob/H/CO/06/data_output_CO_with_margins_statewide_eevp.csv
[deleted] /home/ubuntu/apps/election-app/win_prob/H/CO/06/data_output_CO.csv
[deleted] /home/ubuntu/apps/election-app/win_prob/H/CO/06/data_output_CO_with_margins.csv
[deleted] /home/ubuntu/apps/election-app/win_prob/H/CO/06/data_output_CO.csv.checkpoint.json
[deleted] /home/ubuntu/apps/election-app/win_prob/H/CO/06/stats.csv
[deleted] /home/ubuntu/apps/election-app/win_prob/H/CO/06/stats2.csv
[done] removed 16 file(s)
