[2026-01-22 15:55:59] INFO: [PIPELINE] args: office=H state=AZ district=07
[2026-01-22 15:55:59] INFO: [PIPELINE] WINPROB_DIR resolved to: /home/ubuntu/apps/election-app/win_prob/H/AZ/07
[2026-01-22 15:55:59] INFO: [PIPELINE] OUTDIR set to: /home/ubuntu/apps/election-app/win_prob/H/AZ/07

$ /home/ubuntu/.venv/bin/python3 /home/ubuntu/apps/election-app/stats/1-statewide.py --input /home/ubuntu/apps/election-app/win_prob/H/AZ/07/stats.csv --output /home/ubuntu/apps/election-app/win_prob/H/AZ/07/_work/stats_with_statewide.csv
Wrote /home/ubuntu/apps/election-app/win_prob/H/AZ/07/_work/stats_with_statewide.csv (rows=6)

$ /home/ubuntu/.venv/bin/python3 /home/ubuntu/apps/election-app/stats/1-stats-2.py --input /home/ubuntu/apps/election-app/win_prob/H/AZ/07/stats2.csv --output /home/ubuntu/apps/election-app/win_prob/H/AZ/07/_work/stats2_final_headers.csv
Wrote /home/ubuntu/apps/election-app/win_prob/H/AZ/07/_work/stats2_final_headers.csv (rows=6)

$ /home/ubuntu/.venv/bin/python3 /home/ubuntu/apps/election-app/stats/1-append-new.py
Wrote 2024_county_results_with_final-old.csv (rows=6, missing_final_matches=0)

$ /home/ubuntu/.venv/bin/python3 /home/ubuntu/apps/election-app/stats/1-change_header.py
Wrote: 2024_county_results_with_final.csv

$ /home/ubuntu/.venv/bin/python3 /home/ubuntu/apps/election-app/stats/1-cut-zero-fips.py
Wrote: 2024_county_results_with_final_1.csv
Rows before: 6
Rows after:  6
Dropped (fips == 0): 0

$ /home/ubuntu/.venv/bin/python3 /home/ubuntu/apps/election-app/stats/2-calc.py
Wrote 6 rows with calculations to /home/ubuntu/apps/election-app/win_prob/H/AZ/07/_work/2024_county_results_with_calcs-old.csv

$ /home/ubuntu/.venv/bin/python3 /home/ubuntu/apps/election-app/stats/2-eevp.py
Wrote (no-op copy): 2024_county_results_with_calcs.csv
Columns:
 - timestamp
 - state
 - county
 - fips
 - trump_votes
 - harris_votes
 - other_votes
 - eevp
 - state_eevp
 - harris_votes_statewide
 - trump_votes_statewide
 - other_votes_statewide
 - final_state
 - final_county
 - final_fips
 - final_trump_votes
 - final_harris_votes
 - final_other_votes
 - harris_percent_snapshot
 - trump_percent_snapshot
 - margin_snapshot
 - harris_percent_final
 - trump_percent_final
 - margin_final
 - margin_difference
 - margin_difference_abs

$ /home/ubuntu/.venv/bin/python3 /home/ubuntu/apps/election-app/stats/3-calc-new.py
Wrote 6 rows with new columns to /home/ubuntu/apps/election-app/win_prob/H/AZ/07/_work/2024_county_results_with_calcs_new.csv

$ /home/ubuntu/.venv/bin/python3 /home/ubuntu/apps/election-app/stats/4-stats.py
Reading 2024_county_results_with_calcs_new.csv...
Aggregating statewide totals...
Calculating percentages and margins...
Writing to output_statewide_stats.csv...
Done!
[2026-01-22 15:56:08] INFO: [PIPELINE] ENTER win-prob generation | states=['AZ'] ts_list=['2024-11-05T15-30-22']

============================================================================
[01/1] STATE = AZ
============================================================================

$ /home/ubuntu/.venv/bin/python3 /home/ubuntu/apps/election-app/stats/5-snapshots.py --state AZ --input /home/ubuntu/apps/election-app/win_prob/H/AZ/07/_work/output_statewide_stats.csv --output /home/ubuntu/apps/election-app/win_prob/H/AZ/07/snapshots_AZ.csv --start 2024-11-05T15-30-22 --end 2024-11-05T15-30-22 --use-window 1 --interval 30
Mode: windowed-one-state
Rows written: 6
Distinct states in output: AZ
Rows per normalized timestamp (empty = unparseable):
  2024-11-05T15-30-22: 6
Wrote /home/ubuntu/apps/election-app/win_prob/H/AZ/07/snapshots_AZ.csv

$ /home/ubuntu/.venv/bin/python3 /home/ubuntu/apps/election-app/stats/6-pval.py /home/ubuntu/apps/election-app/win_prob/H/AZ/07/snapshots_AZ.csv -t /home/ubuntu/apps/election-app/stats/parameters.csv -o /home/ubuntu/apps/election-app/win_prob/H/AZ/07/data_output_AZ.csv -c 50
Done. Wrote: /home/ubuntu/apps/election-app/win_prob/H/AZ/07/data_output_AZ.csv
Total rows: 6 (chunked, resumable).
Computed columns for PVALS = [0.01, 0.1, 1, 2, 3, 5, 10, 15, 20, 25, 30, 35, 40, 45, 50, 55, 60, 65, 70, 75, 80, 85, 90, 95, 97, 98, 99, 99.9, 99.99]
Per p (leader): shift_{p}, margin_new_{p}, harris_percent_new_{p}, trump_percent_new_{p}, total_snapshot_{p}, total_expected_{p}, harris_votes_new_{p}, trump_votes_new_{p}
Per p (trailing): shift_trailing_{p}, margin_new_{p}_trailing, harris_percent_new_{p}_trailing, trump_percent_new_{p}_trailing, total_snapshot_{p}_trailing, total_expected_{p}_trailing, harris_votes_new_{p}_trailing, trump_votes_new_{p}_trailing
Checkpoint saved at: /home/ubuntu/apps/election-app/win_prob/H/AZ/07/data_output_AZ.csv.checkpoint.json

$ /home/ubuntu/.venv/bin/python3 /home/ubuntu/apps/election-app/stats/7-margin-new.py
Wrote data_output_with_margins_old.csv

$ /home/ubuntu/.venv/bin/python3 /home/ubuntu/apps/election-app/stats/7-eevp-statewide.py
Wrote data_output_with_margins.csv (copied from data_output_with_margins_old.csv)

$ /home/ubuntu/.venv/bin/python3 /home/ubuntu/apps/election-app/stats/7.py --input /home/ubuntu/apps/election-app/win_prob/H/AZ/07/data_output_AZ_with_margins_statewide_eevp.csv --output /home/ubuntu/apps/election-app/win_prob/H/AZ/07/statewide_margin_pct_vs_percent_AZ_2026.png --state AZ --start 2024-11-05T15-30-22 --end 2024-11-05T15-30-22 --stats /home/ubuntu/apps/election-app/win_prob/H/AZ/07/stats.csv --stats2 /home/ubuntu/apps/election-app/win_prob/H/AZ/07/stats2.csv --interval 30 --year 2026 --jsonl /home/ubuntu/apps/election-app/win_prob/H/AZ/07/plotdata_AZ_2026_2026-01-22T15-55-59.jsonl
[info] evaluating 1 timestamps from 2024-11-05T15-30-22 to 2024-11-05T15-30-22 every 30 minutes
[saved] probs_timeseries_AZ.csv  (1 points)
[saved] /home/ubuntu/apps/election-app/win_prob/H/AZ/07/plotdata_AZ_2026_2026-01-22T15-55-59.jsonl  (0 points)
[saved] /home/ubuntu/apps/election-app/win_prob/H/AZ/07/statewide_margin_pct_vs_percent_AZ_2026_box.json
[saved] /home/ubuntu/apps/election-app/win_prob/H/AZ/07/statewide_margin_pct_vs_percent_AZ_2026_box.png
[saved] /home/ubuntu/apps/election-app/win_prob/H/AZ/07/statewide_margin_pct_vs_percent_AZ_2026.png

All 50 states complete. See: /home/ubuntu/apps/election-app/win_prob/H/AZ/07

$ /home/ubuntu/.venv/bin/python3 /home/ubuntu/apps/election-app/stats/8.py --root /home/ubuntu/apps/election-app/win_prob/H/AZ/07/_work --outdir /home/ubuntu/apps/election-app/win_prob/H/AZ/07
[info] root  = /home/ubuntu/apps/election-app/win_prob/H/AZ/07/_work
[info] outdir= /home/ubuntu/apps/election-app/win_prob/H/AZ/07
[deleted] /home/ubuntu/apps/election-app/win_prob/H/AZ/07/_work/stats_with_statewide.csv
[deleted] /home/ubuntu/apps/election-app/win_prob/H/AZ/07/_work/stats2_final_headers.csv
[deleted] /home/ubuntu/apps/election-app/win_prob/H/AZ/07/_work/2024_county_results_with_final-old.csv
[deleted] /home/ubuntu/apps/election-app/win_prob/H/AZ/07/_work/2024_county_results_with_final.csv
[deleted] /home/ubuntu/apps/election-app/win_prob/H/AZ/07/_work/2024_county_results_with_final_1.csv
[deleted] /home/ubuntu/apps/election-app/win_prob/H/AZ/07/_work/2024_county_results_with_calcs-old.csv
[deleted] /home/ubuntu/apps/election-app/win_prob/H/AZ/07/_work/2024_county_results_with_calcs_new.csv
[deleted] /home/ubuntu/apps/election-app/win_prob/H/AZ/07/_work/output_statewide_stats.csv
[skip]    /home/ubuntu/apps/election-app/win_prob/H/AZ/07/_work/probs_timeseries_PA.csv
[deleted] /home/ubuntu/apps/election-app/win_prob/H/AZ/07/_work/2024_county_results_with_calcs.csv
[skip]    /home/ubuntu/apps/election-app/win_prob/H/AZ/07/data_output.csv
[skip]    /home/ubuntu/apps/election-app/win_prob/H/AZ/07/data_output_with_margins_old.csv
[skip]    /home/ubuntu/apps/election-app/win_prob/H/AZ/07/data_output_with_margins.csv
[skip]    /home/ubuntu/apps/election-app/win_prob/H/AZ/07/data_output_with_margins-statewide.csv
[deleted] /home/ubuntu/apps/election-app/win_prob/H/AZ/07/snapshots_AZ.csv
[deleted] /home/ubuntu/apps/election-app/win_prob/H/AZ/07/data_output_AZ.csv
[deleted] /home/ubuntu/apps/election-app/win_prob/H/AZ/07/data_output_AZ_with_margins.csv
[deleted] /home/ubuntu/apps/election-app/win_prob/H/AZ/07/data_output_AZ_with_margins_statewide_eevp.csv
[deleted] /home/ubuntu/apps/election-app/win_prob/H/AZ/07/data_output_AZ.csv.checkpoint.json
[deleted] /home/ubuntu/apps/election-app/win_prob/H/AZ/07/stats.csv
[deleted] /home/ubuntu/apps/election-app/win_prob/H/AZ/07/stats2.csv
[done] removed 16 file(s)
[2026-01-22 16:17:03] INFO: [PIPELINE] args: office=H state=AZ district=07
[2026-01-22 16:17:03] INFO: [PIPELINE] WINPROB_DIR resolved to: /home/ubuntu/apps/election-app/win_prob/H/AZ/07
[2026-01-22 16:17:03] INFO: [PIPELINE] OUTDIR set to: /home/ubuntu/apps/election-app/win_prob/H/AZ/07

$ /home/ubuntu/.venv/bin/python3 /home/ubuntu/apps/election-app/stats/1-statewide.py --input /home/ubuntu/apps/election-app/win_prob/H/AZ/07/stats.csv --output /home/ubuntu/apps/election-app/win_prob/H/AZ/07/_work/stats_with_statewide.csv
Wrote /home/ubuntu/apps/election-app/win_prob/H/AZ/07/_work/stats_with_statewide.csv (rows=6)

$ /home/ubuntu/.venv/bin/python3 /home/ubuntu/apps/election-app/stats/1-stats-2.py --input /home/ubuntu/apps/election-app/win_prob/H/AZ/07/stats2.csv --output /home/ubuntu/apps/election-app/win_prob/H/AZ/07/_work/stats2_final_headers.csv
Wrote /home/ubuntu/apps/election-app/win_prob/H/AZ/07/_work/stats2_final_headers.csv (rows=6)

$ /home/ubuntu/.venv/bin/python3 /home/ubuntu/apps/election-app/stats/1-append-new.py
Wrote 2024_county_results_with_final-old.csv (rows=6, missing_final_matches=0)

$ /home/ubuntu/.venv/bin/python3 /home/ubuntu/apps/election-app/stats/1-change_header.py
Wrote: 2024_county_results_with_final.csv

$ /home/ubuntu/.venv/bin/python3 /home/ubuntu/apps/election-app/stats/1-cut-zero-fips.py
Wrote: 2024_county_results_with_final_1.csv
Rows before: 6
Rows after:  6
Dropped (fips == 0): 0

$ /home/ubuntu/.venv/bin/python3 /home/ubuntu/apps/election-app/stats/2-calc.py
Wrote 6 rows with calculations to /home/ubuntu/apps/election-app/win_prob/H/AZ/07/_work/2024_county_results_with_calcs-old.csv

$ /home/ubuntu/.venv/bin/python3 /home/ubuntu/apps/election-app/stats/2-eevp.py
Wrote (no-op copy): 2024_county_results_with_calcs.csv
Columns:
 - timestamp
 - state
 - county
 - fips
 - trump_votes
 - harris_votes
 - other_votes
 - eevp
 - state_eevp
 - harris_votes_statewide
 - trump_votes_statewide
 - other_votes_statewide
 - final_state
 - final_county
 - final_fips
 - final_trump_votes
 - final_harris_votes
 - final_other_votes
 - harris_percent_snapshot
 - trump_percent_snapshot
 - margin_snapshot
 - harris_percent_final
 - trump_percent_final
 - margin_final
 - margin_difference
 - margin_difference_abs

$ /home/ubuntu/.venv/bin/python3 /home/ubuntu/apps/election-app/stats/3-calc-new.py
Wrote 6 rows with new columns to /home/ubuntu/apps/election-app/win_prob/H/AZ/07/_work/2024_county_results_with_calcs_new.csv

$ /home/ubuntu/.venv/bin/python3 /home/ubuntu/apps/election-app/stats/4-stats.py
Reading 2024_county_results_with_calcs_new.csv...
Aggregating statewide totals...
Calculating percentages and margins...
Writing to output_statewide_stats.csv...
Done!
[2026-01-22 16:17:12] INFO: [PIPELINE] ENTER win-prob generation | states=['AZ'] ts_list=['2024-11-05T15-30-22']

============================================================================
[01/1] STATE = AZ
============================================================================

$ /home/ubuntu/.venv/bin/python3 /home/ubuntu/apps/election-app/stats/5-snapshots.py --state AZ --input /home/ubuntu/apps/election-app/win_prob/H/AZ/07/_work/output_statewide_stats.csv --output /home/ubuntu/apps/election-app/win_prob/H/AZ/07/snapshots_AZ.csv --start 2024-11-05T15-30-22 --end 2024-11-05T15-30-22 --use-window 1 --interval 30
Mode: windowed-one-state
Rows written: 6
Distinct states in output: AZ
Rows per normalized timestamp (empty = unparseable):
  2024-11-05T15-30-22: 6
Wrote /home/ubuntu/apps/election-app/win_prob/H/AZ/07/snapshots_AZ.csv

$ /home/ubuntu/.venv/bin/python3 /home/ubuntu/apps/election-app/stats/6-pval.py /home/ubuntu/apps/election-app/win_prob/H/AZ/07/snapshots_AZ.csv -t /home/ubuntu/apps/election-app/stats/parameters.csv -o /home/ubuntu/apps/election-app/win_prob/H/AZ/07/data_output_AZ.csv -c 50
Done. Wrote: /home/ubuntu/apps/election-app/win_prob/H/AZ/07/data_output_AZ.csv
Total rows: 6 (chunked, resumable).
Computed columns for PVALS = [0.01, 0.1, 1, 2, 3, 5, 10, 15, 20, 25, 30, 35, 40, 45, 50, 55, 60, 65, 70, 75, 80, 85, 90, 95, 97, 98, 99, 99.9, 99.99]
Per p (leader): shift_{p}, margin_new_{p}, harris_percent_new_{p}, trump_percent_new_{p}, total_snapshot_{p}, total_expected_{p}, harris_votes_new_{p}, trump_votes_new_{p}
Per p (trailing): shift_trailing_{p}, margin_new_{p}_trailing, harris_percent_new_{p}_trailing, trump_percent_new_{p}_trailing, total_snapshot_{p}_trailing, total_expected_{p}_trailing, harris_votes_new_{p}_trailing, trump_votes_new_{p}_trailing
Checkpoint saved at: /home/ubuntu/apps/election-app/win_prob/H/AZ/07/data_output_AZ.csv.checkpoint.json

$ /home/ubuntu/.venv/bin/python3 /home/ubuntu/apps/election-app/stats/7-margin-new.py
Wrote data_output_with_margins_old.csv

$ /home/ubuntu/.venv/bin/python3 /home/ubuntu/apps/election-app/stats/7-eevp-statewide.py
Wrote data_output_with_margins.csv (copied from data_output_with_margins_old.csv)

$ /home/ubuntu/.venv/bin/python3 /home/ubuntu/apps/election-app/stats/7.py --input /home/ubuntu/apps/election-app/win_prob/H/AZ/07/data_output_AZ_with_margins_statewide_eevp.csv --output /home/ubuntu/apps/election-app/win_prob/H/AZ/07/statewide_margin_pct_vs_percent_AZ_2026.png --state AZ --start 2024-11-05T15-30-22 --end 2024-11-05T15-30-22 --stats /home/ubuntu/apps/election-app/win_prob/H/AZ/07/stats.csv --stats2 /home/ubuntu/apps/election-app/win_prob/H/AZ/07/stats2.csv --interval 30 --year 2026 --jsonl /home/ubuntu/apps/election-app/win_prob/H/AZ/07/plotdata_AZ_2026_2026-01-22T16-17-03.jsonl
[info] evaluating 1 timestamps from 2024-11-05T15-30-22 to 2024-11-05T15-30-22 every 30 minutes
[saved] probs_timeseries_AZ.csv  (1 points)
[saved] /home/ubuntu/apps/election-app/win_prob/H/AZ/07/plotdata_AZ_2026_2026-01-22T16-17-03.jsonl  (4 points)
[saved] /home/ubuntu/apps/election-app/win_prob/H/AZ/07/statewide_margin_pct_vs_percent_AZ_2026_box.json
[saved] /home/ubuntu/apps/election-app/win_prob/H/AZ/07/statewide_margin_pct_vs_percent_AZ_2026_box.png
[saved] /home/ubuntu/apps/election-app/win_prob/H/AZ/07/statewide_margin_pct_vs_percent_AZ_2026.png

All 50 states complete. See: /home/ubuntu/apps/election-app/win_prob/H/AZ/07

$ /home/ubuntu/.venv/bin/python3 /home/ubuntu/apps/election-app/stats/8.py --root /home/ubuntu/apps/election-app/win_prob/H/AZ/07/_work --outdir /home/ubuntu/apps/election-app/win_prob/H/AZ/07
[info] root  = /home/ubuntu/apps/election-app/win_prob/H/AZ/07/_work
[info] outdir= /home/ubuntu/apps/election-app/win_prob/H/AZ/07
[deleted] /home/ubuntu/apps/election-app/win_prob/H/AZ/07/_work/stats_with_statewide.csv
[deleted] /home/ubuntu/apps/election-app/win_prob/H/AZ/07/_work/stats2_final_headers.csv
[deleted] /home/ubuntu/apps/election-app/win_prob/H/AZ/07/_work/2024_county_results_with_final-old.csv
[deleted] /home/ubuntu/apps/election-app/win_prob/H/AZ/07/_work/2024_county_results_with_final.csv
[deleted] /home/ubuntu/apps/election-app/win_prob/H/AZ/07/_work/2024_county_results_with_final_1.csv
[deleted] /home/ubuntu/apps/election-app/win_prob/H/AZ/07/_work/2024_county_results_with_calcs-old.csv
[deleted] /home/ubuntu/apps/election-app/win_prob/H/AZ/07/_work/2024_county_results_with_calcs_new.csv
[deleted] /home/ubuntu/apps/election-app/win_prob/H/AZ/07/_work/output_statewide_stats.csv
[skip]    /home/ubuntu/apps/election-app/win_prob/H/AZ/07/_work/probs_timeseries_PA.csv
[deleted] /home/ubuntu/apps/election-app/win_prob/H/AZ/07/_work/2024_county_results_with_calcs.csv
[skip]    /home/ubuntu/apps/election-app/win_prob/H/AZ/07/data_output.csv
[skip]    /home/ubuntu/apps/election-app/win_prob/H/AZ/07/data_output_with_margins_old.csv
[skip]    /home/ubuntu/apps/election-app/win_prob/H/AZ/07/data_output_with_margins.csv
[skip]    /home/ubuntu/apps/election-app/win_prob/H/AZ/07/data_output_with_margins-statewide.csv
[deleted] /home/ubuntu/apps/election-app/win_prob/H/AZ/07/snapshots_AZ.csv
[deleted] /home/ubuntu/apps/election-app/win_prob/H/AZ/07/data_output_AZ.csv
[deleted] /home/ubuntu/apps/election-app/win_prob/H/AZ/07/data_output_AZ_with_margins.csv
[deleted] /home/ubuntu/apps/election-app/win_prob/H/AZ/07/data_output_AZ_with_margins_statewide_eevp.csv
[deleted] /home/ubuntu/apps/election-app/win_prob/H/AZ/07/data_output_AZ.csv.checkpoint.json
[deleted] /home/ubuntu/apps/election-app/win_prob/H/AZ/07/stats.csv
[deleted] /home/ubuntu/apps/election-app/win_prob/H/AZ/07/stats2.csv
[done] removed 16 file(s)
[2026-01-22 16:23:15] INFO: [PIPELINE] args: office=H state=AZ district=07
[2026-01-22 16:23:15] INFO: [PIPELINE] WINPROB_DIR resolved to: /home/ubuntu/apps/election-app/win_prob/H/AZ/07
[2026-01-22 16:23:15] INFO: [PIPELINE] OUTDIR set to: /home/ubuntu/apps/election-app/win_prob/H/AZ/07

$ /home/ubuntu/.venv/bin/python3 /home/ubuntu/apps/election-app/stats/1-statewide.py --input /home/ubuntu/apps/election-app/win_prob/H/AZ/07/stats.csv --output /home/ubuntu/apps/election-app/win_prob/H/AZ/07/_work/stats_with_statewide.csv
Wrote /home/ubuntu/apps/election-app/win_prob/H/AZ/07/_work/stats_with_statewide.csv (rows=6)

$ /home/ubuntu/.venv/bin/python3 /home/ubuntu/apps/election-app/stats/1-stats-2.py --input /home/ubuntu/apps/election-app/win_prob/H/AZ/07/stats2.csv --output /home/ubuntu/apps/election-app/win_prob/H/AZ/07/_work/stats2_final_headers.csv
Wrote /home/ubuntu/apps/election-app/win_prob/H/AZ/07/_work/stats2_final_headers.csv (rows=6)

$ /home/ubuntu/.venv/bin/python3 /home/ubuntu/apps/election-app/stats/1-append-new.py
Wrote 2024_county_results_with_final-old.csv (rows=6, missing_final_matches=0)

$ /home/ubuntu/.venv/bin/python3 /home/ubuntu/apps/election-app/stats/1-change_header.py
Wrote: 2024_county_results_with_final.csv

$ /home/ubuntu/.venv/bin/python3 /home/ubuntu/apps/election-app/stats/1-cut-zero-fips.py
Wrote: 2024_county_results_with_final_1.csv
Rows before: 6
Rows after:  6
Dropped (fips == 0): 0

$ /home/ubuntu/.venv/bin/python3 /home/ubuntu/apps/election-app/stats/2-calc.py
Wrote 6 rows with calculations to /home/ubuntu/apps/election-app/win_prob/H/AZ/07/_work/2024_county_results_with_calcs-old.csv

$ /home/ubuntu/.venv/bin/python3 /home/ubuntu/apps/election-app/stats/2-eevp.py
Wrote (no-op copy): 2024_county_results_with_calcs.csv
Columns:
 - timestamp
 - state
 - county
 - fips
 - trump_votes
 - harris_votes
 - other_votes
 - eevp
 - state_eevp
 - harris_votes_statewide
 - trump_votes_statewide
 - other_votes_statewide
 - final_state
 - final_county
 - final_fips
 - final_trump_votes
 - final_harris_votes
 - final_other_votes
 - harris_percent_snapshot
 - trump_percent_snapshot
 - margin_snapshot
 - harris_percent_final
 - trump_percent_final
 - margin_final
 - margin_difference
 - margin_difference_abs

$ /home/ubuntu/.venv/bin/python3 /home/ubuntu/apps/election-app/stats/3-calc-new.py
Wrote 6 rows with new columns to /home/ubuntu/apps/election-app/win_prob/H/AZ/07/_work/2024_county_results_with_calcs_new.csv

$ /home/ubuntu/.venv/bin/python3 /home/ubuntu/apps/election-app/stats/4-stats.py
Reading 2024_county_results_with_calcs_new.csv...
Aggregating statewide totals...
Calculating percentages and margins...
Writing to output_statewide_stats.csv...
Done!
[2026-01-22 16:23:24] INFO: [PIPELINE] ENTER win-prob generation | states=['AZ'] ts_list=['2024-11-05T15-30-22']

============================================================================
[01/1] STATE = AZ
============================================================================

$ /home/ubuntu/.venv/bin/python3 /home/ubuntu/apps/election-app/stats/5-snapshots.py --state AZ --input /home/ubuntu/apps/election-app/win_prob/H/AZ/07/_work/output_statewide_stats.csv --output /home/ubuntu/apps/election-app/win_prob/H/AZ/07/snapshots_AZ.csv --start 2024-11-05T15-30-22 --end 2024-11-05T15-30-22 --use-window 1 --interval 30
Mode: windowed-one-state
Rows written: 6
Distinct states in output: AZ
Rows per normalized timestamp (empty = unparseable):
  2024-11-05T15-30-22: 6
Wrote /home/ubuntu/apps/election-app/win_prob/H/AZ/07/snapshots_AZ.csv

$ /home/ubuntu/.venv/bin/python3 /home/ubuntu/apps/election-app/stats/6-pval.py /home/ubuntu/apps/election-app/win_prob/H/AZ/07/snapshots_AZ.csv -t /home/ubuntu/apps/election-app/stats/parameters.csv -o /home/ubuntu/apps/election-app/win_prob/H/AZ/07/data_output_AZ.csv -c 50
Done. Wrote: /home/ubuntu/apps/election-app/win_prob/H/AZ/07/data_output_AZ.csv
Total rows: 6 (chunked, resumable).
Computed columns for PVALS = [0.01, 0.1, 1, 2, 3, 5, 10, 15, 20, 25, 30, 35, 40, 45, 50, 55, 60, 65, 70, 75, 80, 85, 90, 95, 97, 98, 99, 99.9, 99.99]
Per p (leader): shift_{p}, margin_new_{p}, harris_percent_new_{p}, trump_percent_new_{p}, total_snapshot_{p}, total_expected_{p}, harris_votes_new_{p}, trump_votes_new_{p}
Per p (trailing): shift_trailing_{p}, margin_new_{p}_trailing, harris_percent_new_{p}_trailing, trump_percent_new_{p}_trailing, total_snapshot_{p}_trailing, total_expected_{p}_trailing, harris_votes_new_{p}_trailing, trump_votes_new_{p}_trailing
Checkpoint saved at: /home/ubuntu/apps/election-app/win_prob/H/AZ/07/data_output_AZ.csv.checkpoint.json

$ /home/ubuntu/.venv/bin/python3 /home/ubuntu/apps/election-app/stats/7-margin-new.py
Wrote data_output_with_margins_old.csv

$ /home/ubuntu/.venv/bin/python3 /home/ubuntu/apps/election-app/stats/7-eevp-statewide.py
Wrote data_output_with_margins.csv (copied from data_output_with_margins_old.csv)

$ /home/ubuntu/.venv/bin/python3 /home/ubuntu/apps/election-app/stats/7.py --input /home/ubuntu/apps/election-app/win_prob/H/AZ/07/data_output_AZ_with_margins_statewide_eevp.csv --output /home/ubuntu/apps/election-app/win_prob/H/AZ/07/statewide_margin_pct_vs_percent_AZ_2026.png --state AZ --start 2024-11-05T15-30-22 --end 2024-11-05T15-30-22 --stats /home/ubuntu/apps/election-app/win_prob/H/AZ/07/stats.csv --stats2 /home/ubuntu/apps/election-app/win_prob/H/AZ/07/stats2.csv --interval 30 --year 2026 --jsonl /home/ubuntu/apps/election-app/win_prob/H/AZ/07/plotdata_AZ_2026_2026-01-22T16-23-15.jsonl
[info] evaluating 1 timestamps from 2024-11-05T15-30-22 to 2024-11-05T15-30-22 every 30 minutes
[saved] probs_timeseries_AZ.csv  (1 points)
[saved] /home/ubuntu/apps/election-app/win_prob/H/AZ/07/plotdata_AZ_2026_2026-01-22T16-23-15.jsonl  (4 points)
[saved] /home/ubuntu/apps/election-app/win_prob/H/AZ/07/statewide_margin_pct_vs_percent_AZ_2026_box.json
[saved] /home/ubuntu/apps/election-app/win_prob/H/AZ/07/statewide_margin_pct_vs_percent_AZ_2026_box.png
[saved] /home/ubuntu/apps/election-app/win_prob/H/AZ/07/statewide_margin_pct_vs_percent_AZ_2026.png

All 50 states complete. See: /home/ubuntu/apps/election-app/win_prob/H/AZ/07

$ /home/ubuntu/.venv/bin/python3 /home/ubuntu/apps/election-app/stats/8.py --root /home/ubuntu/apps/election-app/win_prob/H/AZ/07/_work --outdir /home/ubuntu/apps/election-app/win_prob/H/AZ/07
[info] root  = /home/ubuntu/apps/election-app/win_prob/H/AZ/07/_work
[info] outdir= /home/ubuntu/apps/election-app/win_prob/H/AZ/07
[deleted] /home/ubuntu/apps/election-app/win_prob/H/AZ/07/_work/stats_with_statewide.csv
[deleted] /home/ubuntu/apps/election-app/win_prob/H/AZ/07/_work/stats2_final_headers.csv
[deleted] /home/ubuntu/apps/election-app/win_prob/H/AZ/07/_work/2024_county_results_with_final-old.csv
[deleted] /home/ubuntu/apps/election-app/win_prob/H/AZ/07/_work/2024_county_results_with_final.csv
[deleted] /home/ubuntu/apps/election-app/win_prob/H/AZ/07/_work/2024_county_results_with_final_1.csv
[deleted] /home/ubuntu/apps/election-app/win_prob/H/AZ/07/_work/2024_county_results_with_calcs-old.csv
[deleted] /home/ubuntu/apps/election-app/win_prob/H/AZ/07/_work/2024_county_results_with_calcs_new.csv
[deleted] /home/ubuntu/apps/election-app/win_prob/H/AZ/07/_work/output_statewide_stats.csv
[skip]    /home/ubuntu/apps/election-app/win_prob/H/AZ/07/_work/probs_timeseries_PA.csv
[deleted] /home/ubuntu/apps/election-app/win_prob/H/AZ/07/_work/2024_county_results_with_calcs.csv
[skip]    /home/ubuntu/apps/election-app/win_prob/H/AZ/07/data_output.csv
[skip]    /home/ubuntu/apps/election-app/win_prob/H/AZ/07/data_output_with_margins_old.csv
[skip]    /home/ubuntu/apps/election-app/win_prob/H/AZ/07/data_output_with_margins.csv
[skip]    /home/ubuntu/apps/election-app/win_prob/H/AZ/07/data_output_with_margins-statewide.csv
[deleted] /home/ubuntu/apps/election-app/win_prob/H/AZ/07/snapshots_AZ.csv
[deleted] /home/ubuntu/apps/election-app/win_prob/H/AZ/07/data_output_AZ.csv
[deleted] /home/ubuntu/apps/election-app/win_prob/H/AZ/07/data_output_AZ_with_margins.csv
[deleted] /home/ubuntu/apps/election-app/win_prob/H/AZ/07/data_output_AZ_with_margins_statewide_eevp.csv
[deleted] /home/ubuntu/apps/election-app/win_prob/H/AZ/07/data_output_AZ.csv.checkpoint.json
[deleted] /home/ubuntu/apps/election-app/win_prob/H/AZ/07/stats.csv
[deleted] /home/ubuntu/apps/election-app/win_prob/H/AZ/07/stats2.csv
[done] removed 16 file(s)
[2026-01-22 16:31:06] INFO: [PIPELINE] args: office=H state=AZ district=07
[2026-01-22 16:31:06] INFO: [PIPELINE] WINPROB_DIR resolved to: /home/ubuntu/apps/election-app/win_prob/H/AZ/07
[2026-01-22 16:31:06] INFO: [PIPELINE] OUTDIR set to: /home/ubuntu/apps/election-app/win_prob/H/AZ/07

$ /home/ubuntu/.venv/bin/python3 /home/ubuntu/apps/election-app/stats/1-statewide.py --input /home/ubuntu/apps/election-app/win_prob/H/AZ/07/stats.csv --output /home/ubuntu/apps/election-app/win_prob/H/AZ/07/_work/stats_with_statewide.csv
Wrote /home/ubuntu/apps/election-app/win_prob/H/AZ/07/_work/stats_with_statewide.csv (rows=6)

$ /home/ubuntu/.venv/bin/python3 /home/ubuntu/apps/election-app/stats/1-stats-2.py --input /home/ubuntu/apps/election-app/win_prob/H/AZ/07/stats2.csv --output /home/ubuntu/apps/election-app/win_prob/H/AZ/07/_work/stats2_final_headers.csv
Wrote /home/ubuntu/apps/election-app/win_prob/H/AZ/07/_work/stats2_final_headers.csv (rows=6)

$ /home/ubuntu/.venv/bin/python3 /home/ubuntu/apps/election-app/stats/1-append-new.py
Wrote 2024_county_results_with_final-old.csv (rows=6, missing_final_matches=0)

$ /home/ubuntu/.venv/bin/python3 /home/ubuntu/apps/election-app/stats/1-change_header.py
Wrote: 2024_county_results_with_final.csv

$ /home/ubuntu/.venv/bin/python3 /home/ubuntu/apps/election-app/stats/1-cut-zero-fips.py
Wrote: 2024_county_results_with_final_1.csv
Rows before: 6
Rows after:  6
Dropped (fips == 0): 0

$ /home/ubuntu/.venv/bin/python3 /home/ubuntu/apps/election-app/stats/2-calc.py
Wrote 6 rows with calculations to /home/ubuntu/apps/election-app/win_prob/H/AZ/07/_work/2024_county_results_with_calcs-old.csv

$ /home/ubuntu/.venv/bin/python3 /home/ubuntu/apps/election-app/stats/2-eevp.py
Wrote (no-op copy): 2024_county_results_with_calcs.csv
Columns:
 - timestamp
 - state
 - county
 - fips
 - trump_votes
 - harris_votes
 - other_votes
 - eevp
 - state_eevp
 - harris_votes_statewide
 - trump_votes_statewide
 - other_votes_statewide
 - final_state
 - final_county
 - final_fips
 - final_trump_votes
 - final_harris_votes
 - final_other_votes
 - harris_percent_snapshot
 - trump_percent_snapshot
 - margin_snapshot
 - harris_percent_final
 - trump_percent_final
 - margin_final
 - margin_difference
 - margin_difference_abs

$ /home/ubuntu/.venv/bin/python3 /home/ubuntu/apps/election-app/stats/3-calc-new.py
Wrote 6 rows with new columns to /home/ubuntu/apps/election-app/win_prob/H/AZ/07/_work/2024_county_results_with_calcs_new.csv

$ /home/ubuntu/.venv/bin/python3 /home/ubuntu/apps/election-app/stats/4-stats.py
Reading 2024_county_results_with_calcs_new.csv...
Aggregating statewide totals...
Calculating percentages and margins...
Writing to output_statewide_stats.csv...
Done!
[2026-01-22 16:31:15] INFO: [PIPELINE] ENTER win-prob generation | states=['AZ'] ts_list=['2024-11-05T15-30-22']

============================================================================
[01/1] STATE = AZ
============================================================================

$ /home/ubuntu/.venv/bin/python3 /home/ubuntu/apps/election-app/stats/5-snapshots.py --state AZ --input /home/ubuntu/apps/election-app/win_prob/H/AZ/07/_work/output_statewide_stats.csv --output /home/ubuntu/apps/election-app/win_prob/H/AZ/07/snapshots_AZ.csv --start 2024-11-05T15-30-22 --end 2024-11-05T15-30-22 --use-window 1 --interval 30
Mode: windowed-one-state
Rows written: 6
Distinct states in output: AZ
Rows per normalized timestamp (empty = unparseable):
  2024-11-05T15-30-22: 6
Wrote /home/ubuntu/apps/election-app/win_prob/H/AZ/07/snapshots_AZ.csv

$ /home/ubuntu/.venv/bin/python3 /home/ubuntu/apps/election-app/stats/6-pval.py /home/ubuntu/apps/election-app/win_prob/H/AZ/07/snapshots_AZ.csv -t /home/ubuntu/apps/election-app/stats/parameters.csv -o /home/ubuntu/apps/election-app/win_prob/H/AZ/07/data_output_AZ.csv -c 50
Done. Wrote: /home/ubuntu/apps/election-app/win_prob/H/AZ/07/data_output_AZ.csv
Total rows: 6 (chunked, resumable).
Computed columns for PVALS = [0.01, 0.1, 1, 2, 3, 5, 10, 15, 20, 25, 30, 35, 40, 45, 50, 55, 60, 65, 70, 75, 80, 85, 90, 95, 97, 98, 99, 99.9, 99.99]
Per p (leader): shift_{p}, margin_new_{p}, harris_percent_new_{p}, trump_percent_new_{p}, total_snapshot_{p}, total_expected_{p}, harris_votes_new_{p}, trump_votes_new_{p}
Per p (trailing): shift_trailing_{p}, margin_new_{p}_trailing, harris_percent_new_{p}_trailing, trump_percent_new_{p}_trailing, total_snapshot_{p}_trailing, total_expected_{p}_trailing, harris_votes_new_{p}_trailing, trump_votes_new_{p}_trailing
Checkpoint saved at: /home/ubuntu/apps/election-app/win_prob/H/AZ/07/data_output_AZ.csv.checkpoint.json

$ /home/ubuntu/.venv/bin/python3 /home/ubuntu/apps/election-app/stats/7-margin-new.py
Wrote data_output_with_margins_old.csv

$ /home/ubuntu/.venv/bin/python3 /home/ubuntu/apps/election-app/stats/7-eevp-statewide.py
Wrote data_output_with_margins.csv (copied from data_output_with_margins_old.csv)

$ /home/ubuntu/.venv/bin/python3 /home/ubuntu/apps/election-app/stats/7.py --input /home/ubuntu/apps/election-app/win_prob/H/AZ/07/data_output_AZ_with_margins_statewide_eevp.csv --output /home/ubuntu/apps/election-app/win_prob/H/AZ/07/statewide_margin_pct_vs_percent_AZ_2026.png --state AZ --start 2024-11-05T15-30-22 --end 2024-11-05T15-30-22 --stats /home/ubuntu/apps/election-app/win_prob/H/AZ/07/stats.csv --stats2 /home/ubuntu/apps/election-app/win_prob/H/AZ/07/stats2.csv --interval 30 --year 2026 --jsonl /home/ubuntu/apps/election-app/win_prob/H/AZ/07/plotdata_AZ_2026_2026-01-22T16-31-06.jsonl
[info] evaluating 1 timestamps from 2024-11-05T15-30-22 to 2024-11-05T15-30-22 every 30 minutes
[saved] probs_timeseries_AZ.csv  (1 points)
[saved] /home/ubuntu/apps/election-app/win_prob/H/AZ/07/plotdata_AZ_2026_2026-01-22T16-31-06.jsonl  (4 points)
[saved] /home/ubuntu/apps/election-app/win_prob/H/AZ/07/statewide_margin_pct_vs_percent_AZ_2026_box.json
[saved] /home/ubuntu/apps/election-app/win_prob/H/AZ/07/statewide_margin_pct_vs_percent_AZ_2026_box.png
[saved] /home/ubuntu/apps/election-app/win_prob/H/AZ/07/statewide_margin_pct_vs_percent_AZ_2026.png

All 50 states complete. See: /home/ubuntu/apps/election-app/win_prob/H/AZ/07

$ /home/ubuntu/.venv/bin/python3 /home/ubuntu/apps/election-app/stats/8.py --root /home/ubuntu/apps/election-app/win_prob/H/AZ/07/_work --outdir /home/ubuntu/apps/election-app/win_prob/H/AZ/07
[info] root  = /home/ubuntu/apps/election-app/win_prob/H/AZ/07/_work
[info] outdir= /home/ubuntu/apps/election-app/win_prob/H/AZ/07
[deleted] /home/ubuntu/apps/election-app/win_prob/H/AZ/07/_work/stats_with_statewide.csv
[deleted] /home/ubuntu/apps/election-app/win_prob/H/AZ/07/_work/stats2_final_headers.csv
[deleted] /home/ubuntu/apps/election-app/win_prob/H/AZ/07/_work/2024_county_results_with_final-old.csv
[deleted] /home/ubuntu/apps/election-app/win_prob/H/AZ/07/_work/2024_county_results_with_final.csv
[deleted] /home/ubuntu/apps/election-app/win_prob/H/AZ/07/_work/2024_county_results_with_final_1.csv
[deleted] /home/ubuntu/apps/election-app/win_prob/H/AZ/07/_work/2024_county_results_with_calcs-old.csv
[deleted] /home/ubuntu/apps/election-app/win_prob/H/AZ/07/_work/2024_county_results_with_calcs_new.csv
[deleted] /home/ubuntu/apps/election-app/win_prob/H/AZ/07/_work/output_statewide_stats.csv
[skip]    /home/ubuntu/apps/election-app/win_prob/H/AZ/07/_work/probs_timeseries_PA.csv
[deleted] /home/ubuntu/apps/election-app/win_prob/H/AZ/07/_work/2024_county_results_with_calcs.csv
[skip]    /home/ubuntu/apps/election-app/win_prob/H/AZ/07/data_output.csv
[skip]    /home/ubuntu/apps/election-app/win_prob/H/AZ/07/data_output_with_margins_old.csv
[skip]    /home/ubuntu/apps/election-app/win_prob/H/AZ/07/data_output_with_margins.csv
[skip]    /home/ubuntu/apps/election-app/win_prob/H/AZ/07/data_output_with_margins-statewide.csv
[deleted] /home/ubuntu/apps/election-app/win_prob/H/AZ/07/snapshots_AZ.csv
[deleted] /home/ubuntu/apps/election-app/win_prob/H/AZ/07/data_output_AZ.csv
[deleted] /home/ubuntu/apps/election-app/win_prob/H/AZ/07/data_output_AZ_with_margins.csv
[deleted] /home/ubuntu/apps/election-app/win_prob/H/AZ/07/data_output_AZ_with_margins_statewide_eevp.csv
[deleted] /home/ubuntu/apps/election-app/win_prob/H/AZ/07/data_output_AZ.csv.checkpoint.json
[deleted] /home/ubuntu/apps/election-app/win_prob/H/AZ/07/stats.csv
[deleted] /home/ubuntu/apps/election-app/win_prob/H/AZ/07/stats2.csv
[done] removed 16 file(s)
[2026-01-22 16:38:05] INFO: [PIPELINE] args: office=H state=AZ district=07
[2026-01-22 16:38:05] INFO: [PIPELINE] WINPROB_DIR resolved to: /home/ubuntu/apps/election-app/win_prob/H/AZ/07
[2026-01-22 16:38:05] INFO: [PIPELINE] OUTDIR set to: /home/ubuntu/apps/election-app/win_prob/H/AZ/07

$ /home/ubuntu/.venv/bin/python3 /home/ubuntu/apps/election-app/stats/1-statewide.py --input /home/ubuntu/apps/election-app/win_prob/H/AZ/07/stats.csv --output /home/ubuntu/apps/election-app/win_prob/H/AZ/07/_work/stats_with_statewide.csv
Wrote /home/ubuntu/apps/election-app/win_prob/H/AZ/07/_work/stats_with_statewide.csv (rows=6)

$ /home/ubuntu/.venv/bin/python3 /home/ubuntu/apps/election-app/stats/1-stats-2.py --input /home/ubuntu/apps/election-app/win_prob/H/AZ/07/stats2.csv --output /home/ubuntu/apps/election-app/win_prob/H/AZ/07/_work/stats2_final_headers.csv
Wrote /home/ubuntu/apps/election-app/win_prob/H/AZ/07/_work/stats2_final_headers.csv (rows=6)

$ /home/ubuntu/.venv/bin/python3 /home/ubuntu/apps/election-app/stats/1-append-new.py
Wrote 2024_county_results_with_final-old.csv (rows=6, missing_final_matches=0)

$ /home/ubuntu/.venv/bin/python3 /home/ubuntu/apps/election-app/stats/1-change_header.py
Wrote: 2024_county_results_with_final.csv

$ /home/ubuntu/.venv/bin/python3 /home/ubuntu/apps/election-app/stats/1-cut-zero-fips.py
Wrote: 2024_county_results_with_final_1.csv
Rows before: 6
Rows after:  6
Dropped (fips == 0): 0

$ /home/ubuntu/.venv/bin/python3 /home/ubuntu/apps/election-app/stats/2-calc.py
Wrote 6 rows with calculations to /home/ubuntu/apps/election-app/win_prob/H/AZ/07/_work/2024_county_results_with_calcs-old.csv

$ /home/ubuntu/.venv/bin/python3 /home/ubuntu/apps/election-app/stats/2-eevp.py
Wrote (no-op copy): 2024_county_results_with_calcs.csv
Columns:
 - timestamp
 - state
 - county
 - fips
 - trump_votes
 - harris_votes
 - other_votes
 - eevp
 - state_eevp
 - harris_votes_statewide
 - trump_votes_statewide
 - other_votes_statewide
 - final_state
 - final_county
 - final_fips
 - final_trump_votes
 - final_harris_votes
 - final_other_votes
 - harris_percent_snapshot
 - trump_percent_snapshot
 - margin_snapshot
 - harris_percent_final
 - trump_percent_final
 - margin_final
 - margin_difference
 - margin_difference_abs

$ /home/ubuntu/.venv/bin/python3 /home/ubuntu/apps/election-app/stats/3-calc-new.py
Wrote 6 rows with new columns to /home/ubuntu/apps/election-app/win_prob/H/AZ/07/_work/2024_county_results_with_calcs_new.csv

$ /home/ubuntu/.venv/bin/python3 /home/ubuntu/apps/election-app/stats/4-stats.py
Reading 2024_county_results_with_calcs_new.csv...
Aggregating statewide totals...
Calculating percentages and margins...
Writing to output_statewide_stats.csv...
Done!
[2026-01-22 16:38:14] INFO: [PIPELINE] ENTER win-prob generation | states=['AZ'] ts_list=['2024-11-05T15-30-22']

============================================================================
[01/1] STATE = AZ
============================================================================

$ /home/ubuntu/.venv/bin/python3 /home/ubuntu/apps/election-app/stats/5-snapshots.py --state AZ --input /home/ubuntu/apps/election-app/win_prob/H/AZ/07/_work/output_statewide_stats.csv --output /home/ubuntu/apps/election-app/win_prob/H/AZ/07/snapshots_AZ.csv --start 2024-11-05T15-30-22 --end 2024-11-05T15-30-22 --use-window 1 --interval 30
Mode: windowed-one-state
Rows written: 6
Distinct states in output: AZ
Rows per normalized timestamp (empty = unparseable):
  2024-11-05T15-30-22: 6
Wrote /home/ubuntu/apps/election-app/win_prob/H/AZ/07/snapshots_AZ.csv

$ /home/ubuntu/.venv/bin/python3 /home/ubuntu/apps/election-app/stats/6-pval.py /home/ubuntu/apps/election-app/win_prob/H/AZ/07/snapshots_AZ.csv -t /home/ubuntu/apps/election-app/stats/parameters.csv -o /home/ubuntu/apps/election-app/win_prob/H/AZ/07/data_output_AZ.csv -c 50
Done. Wrote: /home/ubuntu/apps/election-app/win_prob/H/AZ/07/data_output_AZ.csv
Total rows: 6 (chunked, resumable).
Computed columns for PVALS = [0.01, 0.1, 1, 2, 3, 5, 10, 15, 20, 25, 30, 35, 40, 45, 50, 55, 60, 65, 70, 75, 80, 85, 90, 95, 97, 98, 99, 99.9, 99.99]
Per p (leader): shift_{p}, margin_new_{p}, harris_percent_new_{p}, trump_percent_new_{p}, total_snapshot_{p}, total_expected_{p}, harris_votes_new_{p}, trump_votes_new_{p}
Per p (trailing): shift_trailing_{p}, margin_new_{p}_trailing, harris_percent_new_{p}_trailing, trump_percent_new_{p}_trailing, total_snapshot_{p}_trailing, total_expected_{p}_trailing, harris_votes_new_{p}_trailing, trump_votes_new_{p}_trailing
Checkpoint saved at: /home/ubuntu/apps/election-app/win_prob/H/AZ/07/data_output_AZ.csv.checkpoint.json

$ /home/ubuntu/.venv/bin/python3 /home/ubuntu/apps/election-app/stats/7-margin-new.py
Wrote data_output_with_margins_old.csv

$ /home/ubuntu/.venv/bin/python3 /home/ubuntu/apps/election-app/stats/7-eevp-statewide.py
Wrote data_output_with_margins.csv (copied from data_output_with_margins_old.csv)

$ /home/ubuntu/.venv/bin/python3 /home/ubuntu/apps/election-app/stats/7.py --input /home/ubuntu/apps/election-app/win_prob/H/AZ/07/data_output_AZ_with_margins_statewide_eevp.csv --output /home/ubuntu/apps/election-app/win_prob/H/AZ/07/statewide_margin_pct_vs_percent_AZ_2026.png --state AZ --start 2024-11-05T15-30-22 --end 2024-11-05T15-30-22 --stats /home/ubuntu/apps/election-app/win_prob/H/AZ/07/stats.csv --stats2 /home/ubuntu/apps/election-app/win_prob/H/AZ/07/stats2.csv --interval 30 --year 2026 --jsonl /home/ubuntu/apps/election-app/win_prob/H/AZ/07/plotdata_AZ_2026_2026-01-22T16-38-05.jsonl
[info] evaluating 1 timestamps from 2024-11-05T15-30-22 to 2024-11-05T15-30-22 every 30 minutes
[saved] probs_timeseries_AZ.csv  (1 points)
[saved] /home/ubuntu/apps/election-app/win_prob/H/AZ/07/plotdata_AZ_2026_2026-01-22T16-38-05.jsonl  (4 points)
[saved] /home/ubuntu/apps/election-app/win_prob/H/AZ/07/statewide_margin_pct_vs_percent_AZ_2026_box.json
[saved] /home/ubuntu/apps/election-app/win_prob/H/AZ/07/statewide_margin_pct_vs_percent_AZ_2026_box.png
[saved] /home/ubuntu/apps/election-app/win_prob/H/AZ/07/statewide_margin_pct_vs_percent_AZ_2026.png

All 50 states complete. See: /home/ubuntu/apps/election-app/win_prob/H/AZ/07

$ /home/ubuntu/.venv/bin/python3 /home/ubuntu/apps/election-app/stats/8.py --root /home/ubuntu/apps/election-app/win_prob/H/AZ/07/_work --outdir /home/ubuntu/apps/election-app/win_prob/H/AZ/07
[info] root  = /home/ubuntu/apps/election-app/win_prob/H/AZ/07/_work
[info] outdir= /home/ubuntu/apps/election-app/win_prob/H/AZ/07
[deleted] /home/ubuntu/apps/election-app/win_prob/H/AZ/07/_work/stats_with_statewide.csv
[deleted] /home/ubuntu/apps/election-app/win_prob/H/AZ/07/_work/stats2_final_headers.csv
[deleted] /home/ubuntu/apps/election-app/win_prob/H/AZ/07/_work/2024_county_results_with_final-old.csv
[deleted] /home/ubuntu/apps/election-app/win_prob/H/AZ/07/_work/2024_county_results_with_final.csv
[deleted] /home/ubuntu/apps/election-app/win_prob/H/AZ/07/_work/2024_county_results_with_final_1.csv
[deleted] /home/ubuntu/apps/election-app/win_prob/H/AZ/07/_work/2024_county_results_with_calcs-old.csv
[deleted] /home/ubuntu/apps/election-app/win_prob/H/AZ/07/_work/2024_county_results_with_calcs_new.csv
[deleted] /home/ubuntu/apps/election-app/win_prob/H/AZ/07/_work/output_statewide_stats.csv
[skip]    /home/ubuntu/apps/election-app/win_prob/H/AZ/07/_work/probs_timeseries_PA.csv
[deleted] /home/ubuntu/apps/election-app/win_prob/H/AZ/07/_work/2024_county_results_with_calcs.csv
[skip]    /home/ubuntu/apps/election-app/win_prob/H/AZ/07/data_output.csv
[skip]    /home/ubuntu/apps/election-app/win_prob/H/AZ/07/data_output_with_margins_old.csv
[skip]    /home/ubuntu/apps/election-app/win_prob/H/AZ/07/data_output_with_margins.csv
[skip]    /home/ubuntu/apps/election-app/win_prob/H/AZ/07/data_output_with_margins-statewide.csv
[deleted] /home/ubuntu/apps/election-app/win_prob/H/AZ/07/snapshots_AZ.csv
[deleted] /home/ubuntu/apps/election-app/win_prob/H/AZ/07/data_output_AZ.csv
[deleted] /home/ubuntu/apps/election-app/win_prob/H/AZ/07/data_output_AZ_with_margins.csv
[deleted] /home/ubuntu/apps/election-app/win_prob/H/AZ/07/data_output_AZ_with_margins_statewide_eevp.csv
[deleted] /home/ubuntu/apps/election-app/win_prob/H/AZ/07/data_output_AZ.csv.checkpoint.json
[deleted] /home/ubuntu/apps/election-app/win_prob/H/AZ/07/stats.csv
[deleted] /home/ubuntu/apps/election-app/win_prob/H/AZ/07/stats2.csv
[done] removed 16 file(s)
[2026-01-22 16:45:13] INFO: [PIPELINE] args: office=H state=AZ district=07
[2026-01-22 16:45:13] INFO: [PIPELINE] WINPROB_DIR resolved to: /home/ubuntu/apps/election-app/win_prob/H/AZ/07
[2026-01-22 16:45:13] INFO: [PIPELINE] OUTDIR set to: /home/ubuntu/apps/election-app/win_prob/H/AZ/07

$ /home/ubuntu/.venv/bin/python3 /home/ubuntu/apps/election-app/stats/1-statewide.py --input /home/ubuntu/apps/election-app/win_prob/H/AZ/07/stats.csv --output /home/ubuntu/apps/election-app/win_prob/H/AZ/07/_work/stats_with_statewide.csv
Wrote /home/ubuntu/apps/election-app/win_prob/H/AZ/07/_work/stats_with_statewide.csv (rows=6)

$ /home/ubuntu/.venv/bin/python3 /home/ubuntu/apps/election-app/stats/1-stats-2.py --input /home/ubuntu/apps/election-app/win_prob/H/AZ/07/stats2.csv --output /home/ubuntu/apps/election-app/win_prob/H/AZ/07/_work/stats2_final_headers.csv
Wrote /home/ubuntu/apps/election-app/win_prob/H/AZ/07/_work/stats2_final_headers.csv (rows=6)

$ /home/ubuntu/.venv/bin/python3 /home/ubuntu/apps/election-app/stats/1-append-new.py
Wrote 2024_county_results_with_final-old.csv (rows=6, missing_final_matches=0)

$ /home/ubuntu/.venv/bin/python3 /home/ubuntu/apps/election-app/stats/1-change_header.py
Wrote: 2024_county_results_with_final.csv

$ /home/ubuntu/.venv/bin/python3 /home/ubuntu/apps/election-app/stats/1-cut-zero-fips.py
Wrote: 2024_county_results_with_final_1.csv
Rows before: 6
Rows after:  6
Dropped (fips == 0): 0

$ /home/ubuntu/.venv/bin/python3 /home/ubuntu/apps/election-app/stats/2-calc.py
Wrote 6 rows with calculations to /home/ubuntu/apps/election-app/win_prob/H/AZ/07/_work/2024_county_results_with_calcs-old.csv

$ /home/ubuntu/.venv/bin/python3 /home/ubuntu/apps/election-app/stats/2-eevp.py
Wrote (no-op copy): 2024_county_results_with_calcs.csv
Columns:
 - timestamp
 - state
 - county
 - fips
 - trump_votes
 - harris_votes
 - other_votes
 - eevp
 - state_eevp
 - harris_votes_statewide
 - trump_votes_statewide
 - other_votes_statewide
 - final_state
 - final_county
 - final_fips
 - final_trump_votes
 - final_harris_votes
 - final_other_votes
 - harris_percent_snapshot
 - trump_percent_snapshot
 - margin_snapshot
 - harris_percent_final
 - trump_percent_final
 - margin_final
 - margin_difference
 - margin_difference_abs

$ /home/ubuntu/.venv/bin/python3 /home/ubuntu/apps/election-app/stats/3-calc-new.py
Wrote 6 rows with new columns to /home/ubuntu/apps/election-app/win_prob/H/AZ/07/_work/2024_county_results_with_calcs_new.csv

$ /home/ubuntu/.venv/bin/python3 /home/ubuntu/apps/election-app/stats/4-stats.py
Reading 2024_county_results_with_calcs_new.csv...
Aggregating statewide totals...
Calculating percentages and margins...
Writing to output_statewide_stats.csv...
Done!
[2026-01-22 16:45:22] INFO: [PIPELINE] ENTER win-prob generation | states=['AZ'] ts_list=['2024-11-05T15-30-22']

============================================================================
[01/1] STATE = AZ
============================================================================

$ /home/ubuntu/.venv/bin/python3 /home/ubuntu/apps/election-app/stats/5-snapshots.py --state AZ --input /home/ubuntu/apps/election-app/win_prob/H/AZ/07/_work/output_statewide_stats.csv --output /home/ubuntu/apps/election-app/win_prob/H/AZ/07/snapshots_AZ.csv --start 2024-11-05T15-30-22 --end 2024-11-05T15-30-22 --use-window 1 --interval 30
Mode: windowed-one-state
Rows written: 6
Distinct states in output: AZ
Rows per normalized timestamp (empty = unparseable):
  2024-11-05T15-30-22: 6
Wrote /home/ubuntu/apps/election-app/win_prob/H/AZ/07/snapshots_AZ.csv

$ /home/ubuntu/.venv/bin/python3 /home/ubuntu/apps/election-app/stats/6-pval.py /home/ubuntu/apps/election-app/win_prob/H/AZ/07/snapshots_AZ.csv -t /home/ubuntu/apps/election-app/stats/parameters.csv -o /home/ubuntu/apps/election-app/win_prob/H/AZ/07/data_output_AZ.csv -c 50
Done. Wrote: /home/ubuntu/apps/election-app/win_prob/H/AZ/07/data_output_AZ.csv
Total rows: 6 (chunked, resumable).
Computed columns for PVALS = [0.01, 0.1, 1, 2, 3, 5, 10, 15, 20, 25, 30, 35, 40, 45, 50, 55, 60, 65, 70, 75, 80, 85, 90, 95, 97, 98, 99, 99.9, 99.99]
Per p (leader): shift_{p}, margin_new_{p}, harris_percent_new_{p}, trump_percent_new_{p}, total_snapshot_{p}, total_expected_{p}, harris_votes_new_{p}, trump_votes_new_{p}
Per p (trailing): shift_trailing_{p}, margin_new_{p}_trailing, harris_percent_new_{p}_trailing, trump_percent_new_{p}_trailing, total_snapshot_{p}_trailing, total_expected_{p}_trailing, harris_votes_new_{p}_trailing, trump_votes_new_{p}_trailing
Checkpoint saved at: /home/ubuntu/apps/election-app/win_prob/H/AZ/07/data_output_AZ.csv.checkpoint.json

$ /home/ubuntu/.venv/bin/python3 /home/ubuntu/apps/election-app/stats/7-margin-new.py
Wrote data_output_with_margins_old.csv

$ /home/ubuntu/.venv/bin/python3 /home/ubuntu/apps/election-app/stats/7-eevp-statewide.py
Wrote data_output_with_margins.csv (copied from data_output_with_margins_old.csv)

$ /home/ubuntu/.venv/bin/python3 /home/ubuntu/apps/election-app/stats/7.py --input /home/ubuntu/apps/election-app/win_prob/H/AZ/07/data_output_AZ_with_margins_statewide_eevp.csv --output /home/ubuntu/apps/election-app/win_prob/H/AZ/07/statewide_margin_pct_vs_percent_AZ_2026.png --state AZ --start 2024-11-05T15-30-22 --end 2024-11-05T15-30-22 --stats /home/ubuntu/apps/election-app/win_prob/H/AZ/07/stats.csv --stats2 /home/ubuntu/apps/election-app/win_prob/H/AZ/07/stats2.csv --interval 30 --year 2026 --jsonl /home/ubuntu/apps/election-app/win_prob/H/AZ/07/plotdata_AZ_2026_2026-01-22T16-45-13.jsonl
[info] evaluating 1 timestamps from 2024-11-05T15-30-22 to 2024-11-05T15-30-22 every 30 minutes
[saved] probs_timeseries_AZ.csv  (1 points)
[saved] /home/ubuntu/apps/election-app/win_prob/H/AZ/07/plotdata_AZ_2026_2026-01-22T16-45-13.jsonl  (4 points)
[saved] /home/ubuntu/apps/election-app/win_prob/H/AZ/07/statewide_margin_pct_vs_percent_AZ_2026_box.json
[saved] /home/ubuntu/apps/election-app/win_prob/H/AZ/07/statewide_margin_pct_vs_percent_AZ_2026_box.png
[saved] /home/ubuntu/apps/election-app/win_prob/H/AZ/07/statewide_margin_pct_vs_percent_AZ_2026.png

All 50 states complete. See: /home/ubuntu/apps/election-app/win_prob/H/AZ/07

$ /home/ubuntu/.venv/bin/python3 /home/ubuntu/apps/election-app/stats/8.py --root /home/ubuntu/apps/election-app/win_prob/H/AZ/07/_work --outdir /home/ubuntu/apps/election-app/win_prob/H/AZ/07
[info] root  = /home/ubuntu/apps/election-app/win_prob/H/AZ/07/_work
[info] outdir= /home/ubuntu/apps/election-app/win_prob/H/AZ/07
[deleted] /home/ubuntu/apps/election-app/win_prob/H/AZ/07/_work/stats_with_statewide.csv
[deleted] /home/ubuntu/apps/election-app/win_prob/H/AZ/07/_work/stats2_final_headers.csv
[deleted] /home/ubuntu/apps/election-app/win_prob/H/AZ/07/_work/2024_county_results_with_final-old.csv
[deleted] /home/ubuntu/apps/election-app/win_prob/H/AZ/07/_work/2024_county_results_with_final.csv
[deleted] /home/ubuntu/apps/election-app/win_prob/H/AZ/07/_work/2024_county_results_with_final_1.csv
[deleted] /home/ubuntu/apps/election-app/win_prob/H/AZ/07/_work/2024_county_results_with_calcs-old.csv
[deleted] /home/ubuntu/apps/election-app/win_prob/H/AZ/07/_work/2024_county_results_with_calcs_new.csv
[deleted] /home/ubuntu/apps/election-app/win_prob/H/AZ/07/_work/output_statewide_stats.csv
[skip]    /home/ubuntu/apps/election-app/win_prob/H/AZ/07/_work/probs_timeseries_PA.csv
[deleted] /home/ubuntu/apps/election-app/win_prob/H/AZ/07/_work/2024_county_results_with_calcs.csv
[skip]    /home/ubuntu/apps/election-app/win_prob/H/AZ/07/data_output.csv
[skip]    /home/ubuntu/apps/election-app/win_prob/H/AZ/07/data_output_with_margins_old.csv
[skip]    /home/ubuntu/apps/election-app/win_prob/H/AZ/07/data_output_with_margins.csv
[skip]    /home/ubuntu/apps/election-app/win_prob/H/AZ/07/data_output_with_margins-statewide.csv
[deleted] /home/ubuntu/apps/election-app/win_prob/H/AZ/07/snapshots_AZ.csv
[deleted] /home/ubuntu/apps/election-app/win_prob/H/AZ/07/data_output_AZ.csv
[deleted] /home/ubuntu/apps/election-app/win_prob/H/AZ/07/data_output_AZ_with_margins.csv
[deleted] /home/ubuntu/apps/election-app/win_prob/H/AZ/07/data_output_AZ_with_margins_statewide_eevp.csv
[deleted] /home/ubuntu/apps/election-app/win_prob/H/AZ/07/data_output_AZ.csv.checkpoint.json
[deleted] /home/ubuntu/apps/election-app/win_prob/H/AZ/07/stats.csv
[deleted] /home/ubuntu/apps/election-app/win_prob/H/AZ/07/stats2.csv
[done] removed 16 file(s)
[2026-01-22 16:52:10] INFO: [PIPELINE] args: office=H state=AZ district=07
[2026-01-22 16:52:10] INFO: [PIPELINE] WINPROB_DIR resolved to: /home/ubuntu/apps/election-app/win_prob/H/AZ/07
[2026-01-22 16:52:10] INFO: [PIPELINE] OUTDIR set to: /home/ubuntu/apps/election-app/win_prob/H/AZ/07

$ /home/ubuntu/.venv/bin/python3 /home/ubuntu/apps/election-app/stats/1-statewide.py --input /home/ubuntu/apps/election-app/win_prob/H/AZ/07/stats.csv --output /home/ubuntu/apps/election-app/win_prob/H/AZ/07/_work/stats_with_statewide.csv
Wrote /home/ubuntu/apps/election-app/win_prob/H/AZ/07/_work/stats_with_statewide.csv (rows=6)

$ /home/ubuntu/.venv/bin/python3 /home/ubuntu/apps/election-app/stats/1-stats-2.py --input /home/ubuntu/apps/election-app/win_prob/H/AZ/07/stats2.csv --output /home/ubuntu/apps/election-app/win_prob/H/AZ/07/_work/stats2_final_headers.csv
Wrote /home/ubuntu/apps/election-app/win_prob/H/AZ/07/_work/stats2_final_headers.csv (rows=6)

$ /home/ubuntu/.venv/bin/python3 /home/ubuntu/apps/election-app/stats/1-append-new.py
Wrote 2024_county_results_with_final-old.csv (rows=6, missing_final_matches=0)

$ /home/ubuntu/.venv/bin/python3 /home/ubuntu/apps/election-app/stats/1-change_header.py
Wrote: 2024_county_results_with_final.csv

$ /home/ubuntu/.venv/bin/python3 /home/ubuntu/apps/election-app/stats/1-cut-zero-fips.py
Wrote: 2024_county_results_with_final_1.csv
Rows before: 6
Rows after:  6
Dropped (fips == 0): 0

$ /home/ubuntu/.venv/bin/python3 /home/ubuntu/apps/election-app/stats/2-calc.py
Wrote 6 rows with calculations to /home/ubuntu/apps/election-app/win_prob/H/AZ/07/_work/2024_county_results_with_calcs-old.csv

$ /home/ubuntu/.venv/bin/python3 /home/ubuntu/apps/election-app/stats/2-eevp.py
Wrote (no-op copy): 2024_county_results_with_calcs.csv
Columns:
 - timestamp
 - state
 - county
 - fips
 - trump_votes
 - harris_votes
 - other_votes
 - eevp
 - state_eevp
 - harris_votes_statewide
 - trump_votes_statewide
 - other_votes_statewide
 - final_state
 - final_county
 - final_fips
 - final_trump_votes
 - final_harris_votes
 - final_other_votes
 - harris_percent_snapshot
 - trump_percent_snapshot
 - margin_snapshot
 - harris_percent_final
 - trump_percent_final
 - margin_final
 - margin_difference
 - margin_difference_abs

$ /home/ubuntu/.venv/bin/python3 /home/ubuntu/apps/election-app/stats/3-calc-new.py
Wrote 6 rows with new columns to /home/ubuntu/apps/election-app/win_prob/H/AZ/07/_work/2024_county_results_with_calcs_new.csv

$ /home/ubuntu/.venv/bin/python3 /home/ubuntu/apps/election-app/stats/4-stats.py
Reading 2024_county_results_with_calcs_new.csv...
Aggregating statewide totals...
Calculating percentages and margins...
Writing to output_statewide_stats.csv...
Done!
[2026-01-22 16:52:19] INFO: [PIPELINE] ENTER win-prob generation | states=['AZ'] ts_list=['2024-11-05T15-30-22']

============================================================================
[01/1] STATE = AZ
============================================================================

$ /home/ubuntu/.venv/bin/python3 /home/ubuntu/apps/election-app/stats/5-snapshots.py --state AZ --input /home/ubuntu/apps/election-app/win_prob/H/AZ/07/_work/output_statewide_stats.csv --output /home/ubuntu/apps/election-app/win_prob/H/AZ/07/snapshots_AZ.csv --start 2024-11-05T15-30-22 --end 2024-11-05T15-30-22 --use-window 1 --interval 30
Mode: windowed-one-state
Rows written: 6
Distinct states in output: AZ
Rows per normalized timestamp (empty = unparseable):
  2024-11-05T15-30-22: 6
Wrote /home/ubuntu/apps/election-app/win_prob/H/AZ/07/snapshots_AZ.csv

$ /home/ubuntu/.venv/bin/python3 /home/ubuntu/apps/election-app/stats/6-pval.py /home/ubuntu/apps/election-app/win_prob/H/AZ/07/snapshots_AZ.csv -t /home/ubuntu/apps/election-app/stats/parameters.csv -o /home/ubuntu/apps/election-app/win_prob/H/AZ/07/data_output_AZ.csv -c 50
Done. Wrote: /home/ubuntu/apps/election-app/win_prob/H/AZ/07/data_output_AZ.csv
Total rows: 6 (chunked, resumable).
Computed columns for PVALS = [0.01, 0.1, 1, 2, 3, 5, 10, 15, 20, 25, 30, 35, 40, 45, 50, 55, 60, 65, 70, 75, 80, 85, 90, 95, 97, 98, 99, 99.9, 99.99]
Per p (leader): shift_{p}, margin_new_{p}, harris_percent_new_{p}, trump_percent_new_{p}, total_snapshot_{p}, total_expected_{p}, harris_votes_new_{p}, trump_votes_new_{p}
Per p (trailing): shift_trailing_{p}, margin_new_{p}_trailing, harris_percent_new_{p}_trailing, trump_percent_new_{p}_trailing, total_snapshot_{p}_trailing, total_expected_{p}_trailing, harris_votes_new_{p}_trailing, trump_votes_new_{p}_trailing
Checkpoint saved at: /home/ubuntu/apps/election-app/win_prob/H/AZ/07/data_output_AZ.csv.checkpoint.json

$ /home/ubuntu/.venv/bin/python3 /home/ubuntu/apps/election-app/stats/7-margin-new.py
Wrote data_output_with_margins_old.csv

$ /home/ubuntu/.venv/bin/python3 /home/ubuntu/apps/election-app/stats/7-eevp-statewide.py
Wrote data_output_with_margins.csv (copied from data_output_with_margins_old.csv)

$ /home/ubuntu/.venv/bin/python3 /home/ubuntu/apps/election-app/stats/7.py --input /home/ubuntu/apps/election-app/win_prob/H/AZ/07/data_output_AZ_with_margins_statewide_eevp.csv --output /home/ubuntu/apps/election-app/win_prob/H/AZ/07/statewide_margin_pct_vs_percent_AZ_2026.png --state AZ --start 2024-11-05T15-30-22 --end 2024-11-05T15-30-22 --stats /home/ubuntu/apps/election-app/win_prob/H/AZ/07/stats.csv --stats2 /home/ubuntu/apps/election-app/win_prob/H/AZ/07/stats2.csv --interval 30 --year 2026 --jsonl /home/ubuntu/apps/election-app/win_prob/H/AZ/07/plotdata_AZ_2026_2026-01-22T16-52-10.jsonl
[info] evaluating 1 timestamps from 2024-11-05T15-30-22 to 2024-11-05T15-30-22 every 30 minutes
[saved] probs_timeseries_AZ.csv  (1 points)
[saved] /home/ubuntu/apps/election-app/win_prob/H/AZ/07/plotdata_AZ_2026_2026-01-22T16-52-10.jsonl  (4 points)
[saved] /home/ubuntu/apps/election-app/win_prob/H/AZ/07/statewide_margin_pct_vs_percent_AZ_2026_box.json
[saved] /home/ubuntu/apps/election-app/win_prob/H/AZ/07/statewide_margin_pct_vs_percent_AZ_2026_box.png
[saved] /home/ubuntu/apps/election-app/win_prob/H/AZ/07/statewide_margin_pct_vs_percent_AZ_2026.png

All 50 states complete. See: /home/ubuntu/apps/election-app/win_prob/H/AZ/07

$ /home/ubuntu/.venv/bin/python3 /home/ubuntu/apps/election-app/stats/8.py --root /home/ubuntu/apps/election-app/win_prob/H/AZ/07/_work --outdir /home/ubuntu/apps/election-app/win_prob/H/AZ/07
[info] root  = /home/ubuntu/apps/election-app/win_prob/H/AZ/07/_work
[info] outdir= /home/ubuntu/apps/election-app/win_prob/H/AZ/07
[deleted] /home/ubuntu/apps/election-app/win_prob/H/AZ/07/_work/stats_with_statewide.csv
[deleted] /home/ubuntu/apps/election-app/win_prob/H/AZ/07/_work/stats2_final_headers.csv
[deleted] /home/ubuntu/apps/election-app/win_prob/H/AZ/07/_work/2024_county_results_with_final-old.csv
[deleted] /home/ubuntu/apps/election-app/win_prob/H/AZ/07/_work/2024_county_results_with_final.csv
[deleted] /home/ubuntu/apps/election-app/win_prob/H/AZ/07/_work/2024_county_results_with_final_1.csv
[deleted] /home/ubuntu/apps/election-app/win_prob/H/AZ/07/_work/2024_county_results_with_calcs-old.csv
[deleted] /home/ubuntu/apps/election-app/win_prob/H/AZ/07/_work/2024_county_results_with_calcs_new.csv
[deleted] /home/ubuntu/apps/election-app/win_prob/H/AZ/07/_work/output_statewide_stats.csv
[skip]    /home/ubuntu/apps/election-app/win_prob/H/AZ/07/_work/probs_timeseries_PA.csv
[deleted] /home/ubuntu/apps/election-app/win_prob/H/AZ/07/_work/2024_county_results_with_calcs.csv
[skip]    /home/ubuntu/apps/election-app/win_prob/H/AZ/07/data_output.csv
[skip]    /home/ubuntu/apps/election-app/win_prob/H/AZ/07/data_output_with_margins_old.csv
[skip]    /home/ubuntu/apps/election-app/win_prob/H/AZ/07/data_output_with_margins.csv
[skip]    /home/ubuntu/apps/election-app/win_prob/H/AZ/07/data_output_with_margins-statewide.csv
[deleted] /home/ubuntu/apps/election-app/win_prob/H/AZ/07/snapshots_AZ.csv
[deleted] /home/ubuntu/apps/election-app/win_prob/H/AZ/07/data_output_AZ.csv
[deleted] /home/ubuntu/apps/election-app/win_prob/H/AZ/07/data_output_AZ_with_margins.csv
[deleted] /home/ubuntu/apps/election-app/win_prob/H/AZ/07/data_output_AZ_with_margins_statewide_eevp.csv
[deleted] /home/ubuntu/apps/election-app/win_prob/H/AZ/07/data_output_AZ.csv.checkpoint.json
[deleted] /home/ubuntu/apps/election-app/win_prob/H/AZ/07/stats.csv
[deleted] /home/ubuntu/apps/election-app/win_prob/H/AZ/07/stats2.csv
[done] removed 16 file(s)
[2026-01-24 14:24:33] INFO: [PIPELINE] args: office=H state=AZ district=07
[2026-01-24 14:24:33] INFO: [PIPELINE] WINPROB_DIR resolved to: /home/ubuntu/apps/election-app/win_prob/H/AZ/07
[2026-01-24 14:24:33] INFO: [PIPELINE] OUTDIR set to: /home/ubuntu/apps/election-app/win_prob/H/AZ/07

$ /home/ubuntu/.venv/bin/python3 /home/ubuntu/apps/election-app/stats/1-statewide.py --input /home/ubuntu/apps/election-app/win_prob/H/AZ/07/stats.csv --output /home/ubuntu/apps/election-app/win_prob/H/AZ/07/_work/stats_with_statewide.csv
Wrote /home/ubuntu/apps/election-app/win_prob/H/AZ/07/_work/stats_with_statewide.csv (rows=6)

$ /home/ubuntu/.venv/bin/python3 /home/ubuntu/apps/election-app/stats/1-stats-2.py --input /home/ubuntu/apps/election-app/win_prob/H/AZ/07/stats2.csv --output /home/ubuntu/apps/election-app/win_prob/H/AZ/07/_work/stats2_final_headers.csv
Wrote /home/ubuntu/apps/election-app/win_prob/H/AZ/07/_work/stats2_final_headers.csv (rows=6)

$ /home/ubuntu/.venv/bin/python3 /home/ubuntu/apps/election-app/stats/1-append-new.py
Wrote 2024_county_results_with_final-old.csv (rows=6, missing_final_matches=0)

$ /home/ubuntu/.venv/bin/python3 /home/ubuntu/apps/election-app/stats/1-change_header.py
Wrote: 2024_county_results_with_final.csv

$ /home/ubuntu/.venv/bin/python3 /home/ubuntu/apps/election-app/stats/1-cut-zero-fips.py
Wrote: 2024_county_results_with_final_1.csv
Rows before: 6
Rows after:  6
Dropped (fips == 0): 0

$ /home/ubuntu/.venv/bin/python3 /home/ubuntu/apps/election-app/stats/2-calc.py
Wrote 6 rows with calculations to /home/ubuntu/apps/election-app/win_prob/H/AZ/07/_work/2024_county_results_with_calcs-old.csv

$ /home/ubuntu/.venv/bin/python3 /home/ubuntu/apps/election-app/stats/2-eevp.py
Wrote (no-op copy): 2024_county_results_with_calcs.csv
Columns:
 - timestamp
 - state
 - county
 - fips
 - trump_votes
 - harris_votes
 - other_votes
 - eevp
 - state_eevp
 - harris_votes_statewide
 - trump_votes_statewide
 - other_votes_statewide
 - final_state
 - final_county
 - final_fips
 - final_trump_votes
 - final_harris_votes
 - final_other_votes
 - harris_percent_snapshot
 - trump_percent_snapshot
 - margin_snapshot
 - harris_percent_final
 - trump_percent_final
 - margin_final
 - margin_difference
 - margin_difference_abs

$ /home/ubuntu/.venv/bin/python3 /home/ubuntu/apps/election-app/stats/3-calc-new.py
Wrote 6 rows with new columns to /home/ubuntu/apps/election-app/win_prob/H/AZ/07/_work/2024_county_results_with_calcs_new.csv

$ /home/ubuntu/.venv/bin/python3 /home/ubuntu/apps/election-app/stats/4-stats.py
Reading 2024_county_results_with_calcs_new.csv...
Aggregating statewide totals...
Calculating percentages and margins...
Writing to output_statewide_stats.csv...
Done!
[2026-01-24 14:24:42] INFO: [PIPELINE] ENTER win-prob generation | states=['AZ'] ts_list=['2024-11-05T15-30-22']

============================================================================
[01/1] STATE = AZ
============================================================================

$ /home/ubuntu/.venv/bin/python3 /home/ubuntu/apps/election-app/stats/5-snapshots.py --state AZ --input /home/ubuntu/apps/election-app/win_prob/H/AZ/07/_work/output_statewide_stats.csv --output /home/ubuntu/apps/election-app/win_prob/H/AZ/07/snapshots_AZ.csv --start 2024-11-05T15-30-22 --end 2024-11-05T15-30-22 --use-window 1 --interval 30
Mode: windowed-one-state
Rows written: 6
Distinct states in output: AZ
Rows per normalized timestamp (empty = unparseable):
  2024-11-05T15-30-22: 6
Wrote /home/ubuntu/apps/election-app/win_prob/H/AZ/07/snapshots_AZ.csv

$ /home/ubuntu/.venv/bin/python3 /home/ubuntu/apps/election-app/stats/6-pval.py /home/ubuntu/apps/election-app/win_prob/H/AZ/07/snapshots_AZ.csv -t /home/ubuntu/apps/election-app/stats/parameters.csv -o /home/ubuntu/apps/election-app/win_prob/H/AZ/07/data_output_AZ.csv -c 50
Done. Wrote: /home/ubuntu/apps/election-app/win_prob/H/AZ/07/data_output_AZ.csv
Total rows: 6 (chunked, resumable).
Computed columns for PVALS = [0.01, 0.1, 1, 2, 3, 5, 10, 15, 20, 25, 30, 35, 40, 45, 50, 55, 60, 65, 70, 75, 80, 85, 90, 95, 97, 98, 99, 99.9, 99.99]
Per p (leader): shift_{p}, margin_new_{p}, harris_percent_new_{p}, trump_percent_new_{p}, total_snapshot_{p}, total_expected_{p}, harris_votes_new_{p}, trump_votes_new_{p}
Per p (trailing): shift_trailing_{p}, margin_new_{p}_trailing, harris_percent_new_{p}_trailing, trump_percent_new_{p}_trailing, total_snapshot_{p}_trailing, total_expected_{p}_trailing, harris_votes_new_{p}_trailing, trump_votes_new_{p}_trailing
Checkpoint saved at: /home/ubuntu/apps/election-app/win_prob/H/AZ/07/data_output_AZ.csv.checkpoint.json

$ /home/ubuntu/.venv/bin/python3 /home/ubuntu/apps/election-app/stats/7-margin-new.py
Wrote data_output_with_margins_old.csv

$ /home/ubuntu/.venv/bin/python3 /home/ubuntu/apps/election-app/stats/7-eevp-statewide.py
Wrote data_output_with_margins.csv (copied from data_output_with_margins_old.csv)

$ /home/ubuntu/.venv/bin/python3 /home/ubuntu/apps/election-app/stats/7.py --input /home/ubuntu/apps/election-app/win_prob/H/AZ/07/data_output_AZ_with_margins_statewide_eevp.csv --output /home/ubuntu/apps/election-app/win_prob/H/AZ/07/statewide_margin_pct_vs_percent_AZ_2026.png --state AZ --start 2024-11-05T15-30-22 --end 2024-11-05T15-30-22 --stats /home/ubuntu/apps/election-app/win_prob/H/AZ/07/stats.csv --stats2 /home/ubuntu/apps/election-app/win_prob/H/AZ/07/stats2.csv --interval 30 --year 2026 --jsonl /home/ubuntu/apps/election-app/win_prob/H/AZ/07/plotdata_AZ_2026_2026-01-24T14-24-33.jsonl
[info] evaluating 1 timestamps from 2024-11-05T15-30-22 to 2024-11-05T15-30-22 every 30 minutes
[saved] probs_timeseries_AZ.csv  (1 points)
[saved] /home/ubuntu/apps/election-app/win_prob/H/AZ/07/plotdata_AZ_2026_2026-01-24T14-24-33.jsonl  (0 points)
[saved] /home/ubuntu/apps/election-app/win_prob/H/AZ/07/statewide_margin_pct_vs_percent_AZ_2026_box.json
[saved] /home/ubuntu/apps/election-app/win_prob/H/AZ/07/statewide_margin_pct_vs_percent_AZ_2026_box.png
[saved] /home/ubuntu/apps/election-app/win_prob/H/AZ/07/statewide_margin_pct_vs_percent_AZ_2026.png

All 50 states complete. See: /home/ubuntu/apps/election-app/win_prob/H/AZ/07

$ /home/ubuntu/.venv/bin/python3 /home/ubuntu/apps/election-app/stats/8.py --root /home/ubuntu/apps/election-app/win_prob/H/AZ/07/_work --outdir /home/ubuntu/apps/election-app/win_prob/H/AZ/07
[info] root  = /home/ubuntu/apps/election-app/win_prob/H/AZ/07/_work
[info] outdir= /home/ubuntu/apps/election-app/win_prob/H/AZ/07
[deleted] /home/ubuntu/apps/election-app/win_prob/H/AZ/07/_work/stats_with_statewide.csv
[deleted] /home/ubuntu/apps/election-app/win_prob/H/AZ/07/_work/stats2_final_headers.csv
[deleted] /home/ubuntu/apps/election-app/win_prob/H/AZ/07/_work/2024_county_results_with_final-old.csv
[deleted] /home/ubuntu/apps/election-app/win_prob/H/AZ/07/_work/2024_county_results_with_final.csv
[deleted] /home/ubuntu/apps/election-app/win_prob/H/AZ/07/_work/2024_county_results_with_final_1.csv
[deleted] /home/ubuntu/apps/election-app/win_prob/H/AZ/07/_work/2024_county_results_with_calcs-old.csv
[deleted] /home/ubuntu/apps/election-app/win_prob/H/AZ/07/_work/2024_county_results_with_calcs_new.csv
[deleted] /home/ubuntu/apps/election-app/win_prob/H/AZ/07/_work/output_statewide_stats.csv
[skip]    /home/ubuntu/apps/election-app/win_prob/H/AZ/07/_work/probs_timeseries_PA.csv
[deleted] /home/ubuntu/apps/election-app/win_prob/H/AZ/07/_work/2024_county_results_with_calcs.csv
[skip]    /home/ubuntu/apps/election-app/win_prob/H/AZ/07/data_output.csv
[skip]    /home/ubuntu/apps/election-app/win_prob/H/AZ/07/data_output_with_margins_old.csv
[skip]    /home/ubuntu/apps/election-app/win_prob/H/AZ/07/data_output_with_margins.csv
[skip]    /home/ubuntu/apps/election-app/win_prob/H/AZ/07/data_output_with_margins-statewide.csv
[deleted] /home/ubuntu/apps/election-app/win_prob/H/AZ/07/snapshots_AZ.csv
[deleted] /home/ubuntu/apps/election-app/win_prob/H/AZ/07/data_output_AZ.csv
[deleted] /home/ubuntu/apps/election-app/win_prob/H/AZ/07/data_output_AZ_with_margins.csv
[deleted] /home/ubuntu/apps/election-app/win_prob/H/AZ/07/data_output_AZ_with_margins_statewide_eevp.csv
[deleted] /home/ubuntu/apps/election-app/win_prob/H/AZ/07/data_output_AZ.csv.checkpoint.json
[deleted] /home/ubuntu/apps/election-app/win_prob/H/AZ/07/stats.csv
[deleted] /home/ubuntu/apps/election-app/win_prob/H/AZ/07/stats2.csv
[done] removed 16 file(s)
[2026-01-24 14:45:33] INFO: [PIPELINE] args: office=H state=AZ district=07
[2026-01-24 14:45:33] INFO: [PIPELINE] WINPROB_DIR resolved to: /home/ubuntu/apps/election-app/win_prob/H/AZ/07
[2026-01-24 14:45:33] INFO: [PIPELINE] OUTDIR set to: /home/ubuntu/apps/election-app/win_prob/H/AZ/07

$ /home/ubuntu/.venv/bin/python3 /home/ubuntu/apps/election-app/stats/1-statewide.py --input /home/ubuntu/apps/election-app/win_prob/H/AZ/07/stats.csv --output /home/ubuntu/apps/election-app/win_prob/H/AZ/07/_work/stats_with_statewide.csv
Wrote /home/ubuntu/apps/election-app/win_prob/H/AZ/07/_work/stats_with_statewide.csv (rows=6)

$ /home/ubuntu/.venv/bin/python3 /home/ubuntu/apps/election-app/stats/1-stats-2.py --input /home/ubuntu/apps/election-app/win_prob/H/AZ/07/stats2.csv --output /home/ubuntu/apps/election-app/win_prob/H/AZ/07/_work/stats2_final_headers.csv
Wrote /home/ubuntu/apps/election-app/win_prob/H/AZ/07/_work/stats2_final_headers.csv (rows=6)

$ /home/ubuntu/.venv/bin/python3 /home/ubuntu/apps/election-app/stats/1-append-new.py
Wrote 2024_county_results_with_final-old.csv (rows=6, missing_final_matches=0)

$ /home/ubuntu/.venv/bin/python3 /home/ubuntu/apps/election-app/stats/1-change_header.py
Wrote: 2024_county_results_with_final.csv

$ /home/ubuntu/.venv/bin/python3 /home/ubuntu/apps/election-app/stats/1-cut-zero-fips.py
Wrote: 2024_county_results_with_final_1.csv
Rows before: 6
Rows after:  6
Dropped (fips == 0): 0

$ /home/ubuntu/.venv/bin/python3 /home/ubuntu/apps/election-app/stats/2-calc.py
Wrote 6 rows with calculations to /home/ubuntu/apps/election-app/win_prob/H/AZ/07/_work/2024_county_results_with_calcs-old.csv

$ /home/ubuntu/.venv/bin/python3 /home/ubuntu/apps/election-app/stats/2-eevp.py
Wrote (no-op copy): 2024_county_results_with_calcs.csv
Columns:
 - timestamp
 - state
 - county
 - fips
 - trump_votes
 - harris_votes
 - other_votes
 - eevp
 - state_eevp
 - harris_votes_statewide
 - trump_votes_statewide
 - other_votes_statewide
 - final_state
 - final_county
 - final_fips
 - final_trump_votes
 - final_harris_votes
 - final_other_votes
 - harris_percent_snapshot
 - trump_percent_snapshot
 - margin_snapshot
 - harris_percent_final
 - trump_percent_final
 - margin_final
 - margin_difference
 - margin_difference_abs

$ /home/ubuntu/.venv/bin/python3 /home/ubuntu/apps/election-app/stats/3-calc-new.py
Wrote 6 rows with new columns to /home/ubuntu/apps/election-app/win_prob/H/AZ/07/_work/2024_county_results_with_calcs_new.csv

$ /home/ubuntu/.venv/bin/python3 /home/ubuntu/apps/election-app/stats/4-stats.py
Reading 2024_county_results_with_calcs_new.csv...
Aggregating statewide totals...
Calculating percentages and margins...
Writing to output_statewide_stats.csv...
Done!
[2026-01-24 14:45:42] INFO: [PIPELINE] ENTER win-prob generation | states=['AZ'] ts_list=['2024-11-05T15-30-22']

============================================================================
[01/1] STATE = AZ
============================================================================

$ /home/ubuntu/.venv/bin/python3 /home/ubuntu/apps/election-app/stats/5-snapshots.py --state AZ --input /home/ubuntu/apps/election-app/win_prob/H/AZ/07/_work/output_statewide_stats.csv --output /home/ubuntu/apps/election-app/win_prob/H/AZ/07/snapshots_AZ.csv --start 2024-11-05T15-30-22 --end 2024-11-05T15-30-22 --use-window 1 --interval 30
Mode: windowed-one-state
Rows written: 6
Distinct states in output: AZ
Rows per normalized timestamp (empty = unparseable):
  2024-11-05T15-30-22: 6
Wrote /home/ubuntu/apps/election-app/win_prob/H/AZ/07/snapshots_AZ.csv

$ /home/ubuntu/.venv/bin/python3 /home/ubuntu/apps/election-app/stats/6-pval.py /home/ubuntu/apps/election-app/win_prob/H/AZ/07/snapshots_AZ.csv -t /home/ubuntu/apps/election-app/stats/parameters.csv -o /home/ubuntu/apps/election-app/win_prob/H/AZ/07/data_output_AZ.csv -c 50
Done. Wrote: /home/ubuntu/apps/election-app/win_prob/H/AZ/07/data_output_AZ.csv
Total rows: 6 (chunked, resumable).
Computed columns for PVALS = [0.01, 0.1, 1, 2, 3, 5, 10, 15, 20, 25, 30, 35, 40, 45, 50, 55, 60, 65, 70, 75, 80, 85, 90, 95, 97, 98, 99, 99.9, 99.99]
Per p (leader): shift_{p}, margin_new_{p}, harris_percent_new_{p}, trump_percent_new_{p}, total_snapshot_{p}, total_expected_{p}, harris_votes_new_{p}, trump_votes_new_{p}
Per p (trailing): shift_trailing_{p}, margin_new_{p}_trailing, harris_percent_new_{p}_trailing, trump_percent_new_{p}_trailing, total_snapshot_{p}_trailing, total_expected_{p}_trailing, harris_votes_new_{p}_trailing, trump_votes_new_{p}_trailing
Checkpoint saved at: /home/ubuntu/apps/election-app/win_prob/H/AZ/07/data_output_AZ.csv.checkpoint.json

$ /home/ubuntu/.venv/bin/python3 /home/ubuntu/apps/election-app/stats/7-margin-new.py
Wrote data_output_with_margins_old.csv

$ /home/ubuntu/.venv/bin/python3 /home/ubuntu/apps/election-app/stats/7-eevp-statewide.py
Wrote data_output_with_margins.csv (copied from data_output_with_margins_old.csv)

$ /home/ubuntu/.venv/bin/python3 /home/ubuntu/apps/election-app/stats/7.py --input /home/ubuntu/apps/election-app/win_prob/H/AZ/07/data_output_AZ_with_margins_statewide_eevp.csv --output /home/ubuntu/apps/election-app/win_prob/H/AZ/07/statewide_margin_pct_vs_percent_AZ_2026.png --state AZ --start 2024-11-05T15-30-22 --end 2024-11-05T15-30-22 --stats /home/ubuntu/apps/election-app/win_prob/H/AZ/07/stats.csv --stats2 /home/ubuntu/apps/election-app/win_prob/H/AZ/07/stats2.csv --interval 30 --year 2026 --jsonl /home/ubuntu/apps/election-app/win_prob/H/AZ/07/plotdata_AZ_2026_2026-01-24T14-45-33.jsonl
[info] evaluating 1 timestamps from 2024-11-05T15-30-22 to 2024-11-05T15-30-22 every 30 minutes
[saved] probs_timeseries_AZ.csv  (1 points)
[saved] /home/ubuntu/apps/election-app/win_prob/H/AZ/07/plotdata_AZ_2026_2026-01-24T14-45-33.jsonl  (4 points)
[saved] /home/ubuntu/apps/election-app/win_prob/H/AZ/07/statewide_margin_pct_vs_percent_AZ_2026_box.json
[saved] /home/ubuntu/apps/election-app/win_prob/H/AZ/07/statewide_margin_pct_vs_percent_AZ_2026_box.png
[saved] /home/ubuntu/apps/election-app/win_prob/H/AZ/07/statewide_margin_pct_vs_percent_AZ_2026.png

All 50 states complete. See: /home/ubuntu/apps/election-app/win_prob/H/AZ/07

$ /home/ubuntu/.venv/bin/python3 /home/ubuntu/apps/election-app/stats/8.py --root /home/ubuntu/apps/election-app/win_prob/H/AZ/07/_work --outdir /home/ubuntu/apps/election-app/win_prob/H/AZ/07
[info] root  = /home/ubuntu/apps/election-app/win_prob/H/AZ/07/_work
[info] outdir= /home/ubuntu/apps/election-app/win_prob/H/AZ/07
[deleted] /home/ubuntu/apps/election-app/win_prob/H/AZ/07/_work/stats_with_statewide.csv
[deleted] /home/ubuntu/apps/election-app/win_prob/H/AZ/07/_work/stats2_final_headers.csv
[deleted] /home/ubuntu/apps/election-app/win_prob/H/AZ/07/_work/2024_county_results_with_final-old.csv
[deleted] /home/ubuntu/apps/election-app/win_prob/H/AZ/07/_work/2024_county_results_with_final.csv
[deleted] /home/ubuntu/apps/election-app/win_prob/H/AZ/07/_work/2024_county_results_with_final_1.csv
[deleted] /home/ubuntu/apps/election-app/win_prob/H/AZ/07/_work/2024_county_results_with_calcs-old.csv
[deleted] /home/ubuntu/apps/election-app/win_prob/H/AZ/07/_work/2024_county_results_with_calcs_new.csv
[deleted] /home/ubuntu/apps/election-app/win_prob/H/AZ/07/_work/output_statewide_stats.csv
[skip]    /home/ubuntu/apps/election-app/win_prob/H/AZ/07/_work/probs_timeseries_PA.csv
[deleted] /home/ubuntu/apps/election-app/win_prob/H/AZ/07/_work/2024_county_results_with_calcs.csv
[skip]    /home/ubuntu/apps/election-app/win_prob/H/AZ/07/data_output.csv
[skip]    /home/ubuntu/apps/election-app/win_prob/H/AZ/07/data_output_with_margins_old.csv
[skip]    /home/ubuntu/apps/election-app/win_prob/H/AZ/07/data_output_with_margins.csv
[skip]    /home/ubuntu/apps/election-app/win_prob/H/AZ/07/data_output_with_margins-statewide.csv
[deleted] /home/ubuntu/apps/election-app/win_prob/H/AZ/07/snapshots_AZ.csv
[deleted] /home/ubuntu/apps/election-app/win_prob/H/AZ/07/data_output_AZ.csv
[deleted] /home/ubuntu/apps/election-app/win_prob/H/AZ/07/data_output_AZ_with_margins.csv
[deleted] /home/ubuntu/apps/election-app/win_prob/H/AZ/07/data_output_AZ_with_margins_statewide_eevp.csv
[deleted] /home/ubuntu/apps/election-app/win_prob/H/AZ/07/data_output_AZ.csv.checkpoint.json
[deleted] /home/ubuntu/apps/election-app/win_prob/H/AZ/07/stats.csv
[deleted] /home/ubuntu/apps/election-app/win_prob/H/AZ/07/stats2.csv
[done] removed 16 file(s)
[2026-01-24 14:51:27] INFO: [PIPELINE] args: office=H state=AZ district=07
[2026-01-24 14:51:27] INFO: [PIPELINE] WINPROB_DIR resolved to: /home/ubuntu/apps/election-app/win_prob/H/AZ/07
[2026-01-24 14:51:27] INFO: [PIPELINE] OUTDIR set to: /home/ubuntu/apps/election-app/win_prob/H/AZ/07

$ /home/ubuntu/.venv/bin/python3 /home/ubuntu/apps/election-app/stats/1-statewide.py --input /home/ubuntu/apps/election-app/win_prob/H/AZ/07/stats.csv --output /home/ubuntu/apps/election-app/win_prob/H/AZ/07/_work/stats_with_statewide.csv
Wrote /home/ubuntu/apps/election-app/win_prob/H/AZ/07/_work/stats_with_statewide.csv (rows=6)

$ /home/ubuntu/.venv/bin/python3 /home/ubuntu/apps/election-app/stats/1-stats-2.py --input /home/ubuntu/apps/election-app/win_prob/H/AZ/07/stats2.csv --output /home/ubuntu/apps/election-app/win_prob/H/AZ/07/_work/stats2_final_headers.csv
Wrote /home/ubuntu/apps/election-app/win_prob/H/AZ/07/_work/stats2_final_headers.csv (rows=6)

$ /home/ubuntu/.venv/bin/python3 /home/ubuntu/apps/election-app/stats/1-append-new.py
Wrote 2024_county_results_with_final-old.csv (rows=6, missing_final_matches=0)

$ /home/ubuntu/.venv/bin/python3 /home/ubuntu/apps/election-app/stats/1-change_header.py
Wrote: 2024_county_results_with_final.csv

$ /home/ubuntu/.venv/bin/python3 /home/ubuntu/apps/election-app/stats/1-cut-zero-fips.py
Wrote: 2024_county_results_with_final_1.csv
Rows before: 6
Rows after:  6
Dropped (fips == 0): 0

$ /home/ubuntu/.venv/bin/python3 /home/ubuntu/apps/election-app/stats/2-calc.py
Wrote 6 rows with calculations to /home/ubuntu/apps/election-app/win_prob/H/AZ/07/_work/2024_county_results_with_calcs-old.csv

$ /home/ubuntu/.venv/bin/python3 /home/ubuntu/apps/election-app/stats/2-eevp.py
Wrote (no-op copy): 2024_county_results_with_calcs.csv
Columns:
 - timestamp
 - state
 - county
 - fips
 - trump_votes
 - harris_votes
 - other_votes
 - eevp
 - state_eevp
 - harris_votes_statewide
 - trump_votes_statewide
 - other_votes_statewide
 - final_state
 - final_county
 - final_fips
 - final_trump_votes
 - final_harris_votes
 - final_other_votes
 - harris_percent_snapshot
 - trump_percent_snapshot
 - margin_snapshot
 - harris_percent_final
 - trump_percent_final
 - margin_final
 - margin_difference
 - margin_difference_abs

$ /home/ubuntu/.venv/bin/python3 /home/ubuntu/apps/election-app/stats/3-calc-new.py
Wrote 6 rows with new columns to /home/ubuntu/apps/election-app/win_prob/H/AZ/07/_work/2024_county_results_with_calcs_new.csv

$ /home/ubuntu/.venv/bin/python3 /home/ubuntu/apps/election-app/stats/4-stats.py
Reading 2024_county_results_with_calcs_new.csv...
Aggregating statewide totals...
Calculating percentages and margins...
Writing to output_statewide_stats.csv...
Done!
[2026-01-24 14:51:36] INFO: [PIPELINE] ENTER win-prob generation | states=['AZ'] ts_list=['2024-11-05T15-30-22']

============================================================================
[01/1] STATE = AZ
============================================================================

$ /home/ubuntu/.venv/bin/python3 /home/ubuntu/apps/election-app/stats/5-snapshots.py --state AZ --input /home/ubuntu/apps/election-app/win_prob/H/AZ/07/_work/output_statewide_stats.csv --output /home/ubuntu/apps/election-app/win_prob/H/AZ/07/snapshots_AZ.csv --start 2024-11-05T15-30-22 --end 2024-11-05T15-30-22 --use-window 1 --interval 30
Mode: windowed-one-state
Rows written: 6
Distinct states in output: AZ
Rows per normalized timestamp (empty = unparseable):
  2024-11-05T15-30-22: 6
Wrote /home/ubuntu/apps/election-app/win_prob/H/AZ/07/snapshots_AZ.csv

$ /home/ubuntu/.venv/bin/python3 /home/ubuntu/apps/election-app/stats/6-pval.py /home/ubuntu/apps/election-app/win_prob/H/AZ/07/snapshots_AZ.csv -t /home/ubuntu/apps/election-app/stats/parameters.csv -o /home/ubuntu/apps/election-app/win_prob/H/AZ/07/data_output_AZ.csv -c 50
Done. Wrote: /home/ubuntu/apps/election-app/win_prob/H/AZ/07/data_output_AZ.csv
Total rows: 6 (chunked, resumable).
Computed columns for PVALS = [0.01, 0.1, 1, 2, 3, 5, 10, 15, 20, 25, 30, 35, 40, 45, 50, 55, 60, 65, 70, 75, 80, 85, 90, 95, 97, 98, 99, 99.9, 99.99]
Per p (leader): shift_{p}, margin_new_{p}, harris_percent_new_{p}, trump_percent_new_{p}, total_snapshot_{p}, total_expected_{p}, harris_votes_new_{p}, trump_votes_new_{p}
Per p (trailing): shift_trailing_{p}, margin_new_{p}_trailing, harris_percent_new_{p}_trailing, trump_percent_new_{p}_trailing, total_snapshot_{p}_trailing, total_expected_{p}_trailing, harris_votes_new_{p}_trailing, trump_votes_new_{p}_trailing
Checkpoint saved at: /home/ubuntu/apps/election-app/win_prob/H/AZ/07/data_output_AZ.csv.checkpoint.json

$ /home/ubuntu/.venv/bin/python3 /home/ubuntu/apps/election-app/stats/7-margin-new.py
Wrote data_output_with_margins_old.csv

$ /home/ubuntu/.venv/bin/python3 /home/ubuntu/apps/election-app/stats/7-eevp-statewide.py
Wrote data_output_with_margins.csv (copied from data_output_with_margins_old.csv)

$ /home/ubuntu/.venv/bin/python3 /home/ubuntu/apps/election-app/stats/7.py --input /home/ubuntu/apps/election-app/win_prob/H/AZ/07/data_output_AZ_with_margins_statewide_eevp.csv --output /home/ubuntu/apps/election-app/win_prob/H/AZ/07/statewide_margin_pct_vs_percent_AZ_2026.png --state AZ --start 2024-11-05T15-30-22 --end 2024-11-05T15-30-22 --stats /home/ubuntu/apps/election-app/win_prob/H/AZ/07/stats.csv --stats2 /home/ubuntu/apps/election-app/win_prob/H/AZ/07/stats2.csv --interval 30 --year 2026 --jsonl /home/ubuntu/apps/election-app/win_prob/H/AZ/07/plotdata_AZ_2026_2026-01-24T14-51-27.jsonl
[info] evaluating 1 timestamps from 2024-11-05T15-30-22 to 2024-11-05T15-30-22 every 30 minutes
[saved] probs_timeseries_AZ.csv  (1 points)
[saved] /home/ubuntu/apps/election-app/win_prob/H/AZ/07/plotdata_AZ_2026_2026-01-24T14-51-27.jsonl  (4 points)
[saved] /home/ubuntu/apps/election-app/win_prob/H/AZ/07/statewide_margin_pct_vs_percent_AZ_2026_box.json
[saved] /home/ubuntu/apps/election-app/win_prob/H/AZ/07/statewide_margin_pct_vs_percent_AZ_2026_box.png
[saved] /home/ubuntu/apps/election-app/win_prob/H/AZ/07/statewide_margin_pct_vs_percent_AZ_2026.png

All 50 states complete. See: /home/ubuntu/apps/election-app/win_prob/H/AZ/07

$ /home/ubuntu/.venv/bin/python3 /home/ubuntu/apps/election-app/stats/8.py --root /home/ubuntu/apps/election-app/win_prob/H/AZ/07/_work --outdir /home/ubuntu/apps/election-app/win_prob/H/AZ/07
[info] root  = /home/ubuntu/apps/election-app/win_prob/H/AZ/07/_work
[info] outdir= /home/ubuntu/apps/election-app/win_prob/H/AZ/07
[deleted] /home/ubuntu/apps/election-app/win_prob/H/AZ/07/_work/stats_with_statewide.csv
[deleted] /home/ubuntu/apps/election-app/win_prob/H/AZ/07/_work/stats2_final_headers.csv
[deleted] /home/ubuntu/apps/election-app/win_prob/H/AZ/07/_work/2024_county_results_with_final-old.csv
[deleted] /home/ubuntu/apps/election-app/win_prob/H/AZ/07/_work/2024_county_results_with_final.csv
[deleted] /home/ubuntu/apps/election-app/win_prob/H/AZ/07/_work/2024_county_results_with_final_1.csv
[deleted] /home/ubuntu/apps/election-app/win_prob/H/AZ/07/_work/2024_county_results_with_calcs-old.csv
[deleted] /home/ubuntu/apps/election-app/win_prob/H/AZ/07/_work/2024_county_results_with_calcs_new.csv
[deleted] /home/ubuntu/apps/election-app/win_prob/H/AZ/07/_work/output_statewide_stats.csv
[skip]    /home/ubuntu/apps/election-app/win_prob/H/AZ/07/_work/probs_timeseries_PA.csv
[deleted] /home/ubuntu/apps/election-app/win_prob/H/AZ/07/_work/2024_county_results_with_calcs.csv
[skip]    /home/ubuntu/apps/election-app/win_prob/H/AZ/07/data_output.csv
[skip]    /home/ubuntu/apps/election-app/win_prob/H/AZ/07/data_output_with_margins_old.csv
[skip]    /home/ubuntu/apps/election-app/win_prob/H/AZ/07/data_output_with_margins.csv
[skip]    /home/ubuntu/apps/election-app/win_prob/H/AZ/07/data_output_with_margins-statewide.csv
[deleted] /home/ubuntu/apps/election-app/win_prob/H/AZ/07/snapshots_AZ.csv
[deleted] /home/ubuntu/apps/election-app/win_prob/H/AZ/07/data_output_AZ.csv
[deleted] /home/ubuntu/apps/election-app/win_prob/H/AZ/07/data_output_AZ_with_margins.csv
[deleted] /home/ubuntu/apps/election-app/win_prob/H/AZ/07/data_output_AZ_with_margins_statewide_eevp.csv
[deleted] /home/ubuntu/apps/election-app/win_prob/H/AZ/07/data_output_AZ.csv.checkpoint.json
[deleted] /home/ubuntu/apps/election-app/win_prob/H/AZ/07/stats.csv
[deleted] /home/ubuntu/apps/election-app/win_prob/H/AZ/07/stats2.csv
[done] removed 16 file(s)
[2026-01-24 14:59:15] INFO: [PIPELINE] args: office=H state=AZ district=07
[2026-01-24 14:59:15] INFO: [PIPELINE] WINPROB_DIR resolved to: /home/ubuntu/apps/election-app/win_prob/H/AZ/07
[2026-01-24 14:59:15] INFO: [PIPELINE] OUTDIR set to: /home/ubuntu/apps/election-app/win_prob/H/AZ/07

$ /home/ubuntu/.venv/bin/python3 /home/ubuntu/apps/election-app/stats/1-statewide.py --input /home/ubuntu/apps/election-app/win_prob/H/AZ/07/stats.csv --output /home/ubuntu/apps/election-app/win_prob/H/AZ/07/_work/stats_with_statewide.csv
Wrote /home/ubuntu/apps/election-app/win_prob/H/AZ/07/_work/stats_with_statewide.csv (rows=6)

$ /home/ubuntu/.venv/bin/python3 /home/ubuntu/apps/election-app/stats/1-stats-2.py --input /home/ubuntu/apps/election-app/win_prob/H/AZ/07/stats2.csv --output /home/ubuntu/apps/election-app/win_prob/H/AZ/07/_work/stats2_final_headers.csv
Wrote /home/ubuntu/apps/election-app/win_prob/H/AZ/07/_work/stats2_final_headers.csv (rows=6)

$ /home/ubuntu/.venv/bin/python3 /home/ubuntu/apps/election-app/stats/1-append-new.py
Wrote 2024_county_results_with_final-old.csv (rows=6, missing_final_matches=0)

$ /home/ubuntu/.venv/bin/python3 /home/ubuntu/apps/election-app/stats/1-change_header.py
Wrote: 2024_county_results_with_final.csv

$ /home/ubuntu/.venv/bin/python3 /home/ubuntu/apps/election-app/stats/1-cut-zero-fips.py
Wrote: 2024_county_results_with_final_1.csv
Rows before: 6
Rows after:  6
Dropped (fips == 0): 0

$ /home/ubuntu/.venv/bin/python3 /home/ubuntu/apps/election-app/stats/2-calc.py
Wrote 6 rows with calculations to /home/ubuntu/apps/election-app/win_prob/H/AZ/07/_work/2024_county_results_with_calcs-old.csv

$ /home/ubuntu/.venv/bin/python3 /home/ubuntu/apps/election-app/stats/2-eevp.py
Wrote (no-op copy): 2024_county_results_with_calcs.csv
Columns:
 - timestamp
 - state
 - county
 - fips
 - trump_votes
 - harris_votes
 - other_votes
 - eevp
 - state_eevp
 - harris_votes_statewide
 - trump_votes_statewide
 - other_votes_statewide
 - final_state
 - final_county
 - final_fips
 - final_trump_votes
 - final_harris_votes
 - final_other_votes
 - harris_percent_snapshot
 - trump_percent_snapshot
 - margin_snapshot
 - harris_percent_final
 - trump_percent_final
 - margin_final
 - margin_difference
 - margin_difference_abs

$ /home/ubuntu/.venv/bin/python3 /home/ubuntu/apps/election-app/stats/3-calc-new.py
Wrote 6 rows with new columns to /home/ubuntu/apps/election-app/win_prob/H/AZ/07/_work/2024_county_results_with_calcs_new.csv

$ /home/ubuntu/.venv/bin/python3 /home/ubuntu/apps/election-app/stats/4-stats.py
Reading 2024_county_results_with_calcs_new.csv...
Aggregating statewide totals...
Calculating percentages and margins...
Writing to output_statewide_stats.csv...
Done!
[2026-01-24 14:59:24] INFO: [PIPELINE] ENTER win-prob generation | states=['AZ'] ts_list=['2024-11-05T15-30-22']

============================================================================
[01/1] STATE = AZ
============================================================================

$ /home/ubuntu/.venv/bin/python3 /home/ubuntu/apps/election-app/stats/5-snapshots.py --state AZ --input /home/ubuntu/apps/election-app/win_prob/H/AZ/07/_work/output_statewide_stats.csv --output /home/ubuntu/apps/election-app/win_prob/H/AZ/07/snapshots_AZ.csv --start 2024-11-05T15-30-22 --end 2024-11-05T15-30-22 --use-window 1 --interval 30
Mode: windowed-one-state
Rows written: 6
Distinct states in output: AZ
Rows per normalized timestamp (empty = unparseable):
  2024-11-05T15-30-22: 6
Wrote /home/ubuntu/apps/election-app/win_prob/H/AZ/07/snapshots_AZ.csv

$ /home/ubuntu/.venv/bin/python3 /home/ubuntu/apps/election-app/stats/6-pval.py /home/ubuntu/apps/election-app/win_prob/H/AZ/07/snapshots_AZ.csv -t /home/ubuntu/apps/election-app/stats/parameters.csv -o /home/ubuntu/apps/election-app/win_prob/H/AZ/07/data_output_AZ.csv -c 50
Done. Wrote: /home/ubuntu/apps/election-app/win_prob/H/AZ/07/data_output_AZ.csv
Total rows: 6 (chunked, resumable).
Computed columns for PVALS = [0.01, 0.1, 1, 2, 3, 5, 10, 15, 20, 25, 30, 35, 40, 45, 50, 55, 60, 65, 70, 75, 80, 85, 90, 95, 97, 98, 99, 99.9, 99.99]
Per p (leader): shift_{p}, margin_new_{p}, harris_percent_new_{p}, trump_percent_new_{p}, total_snapshot_{p}, total_expected_{p}, harris_votes_new_{p}, trump_votes_new_{p}
Per p (trailing): shift_trailing_{p}, margin_new_{p}_trailing, harris_percent_new_{p}_trailing, trump_percent_new_{p}_trailing, total_snapshot_{p}_trailing, total_expected_{p}_trailing, harris_votes_new_{p}_trailing, trump_votes_new_{p}_trailing
Checkpoint saved at: /home/ubuntu/apps/election-app/win_prob/H/AZ/07/data_output_AZ.csv.checkpoint.json

$ /home/ubuntu/.venv/bin/python3 /home/ubuntu/apps/election-app/stats/7-margin-new.py
Wrote data_output_with_margins_old.csv

$ /home/ubuntu/.venv/bin/python3 /home/ubuntu/apps/election-app/stats/7-eevp-statewide.py
Wrote data_output_with_margins.csv (copied from data_output_with_margins_old.csv)

$ /home/ubuntu/.venv/bin/python3 /home/ubuntu/apps/election-app/stats/7.py --input /home/ubuntu/apps/election-app/win_prob/H/AZ/07/data_output_AZ_with_margins_statewide_eevp.csv --output /home/ubuntu/apps/election-app/win_prob/H/AZ/07/statewide_margin_pct_vs_percent_AZ_2026.png --state AZ --start 2024-11-05T15-30-22 --end 2024-11-05T15-30-22 --stats /home/ubuntu/apps/election-app/win_prob/H/AZ/07/stats.csv --stats2 /home/ubuntu/apps/election-app/win_prob/H/AZ/07/stats2.csv --interval 30 --year 2026 --jsonl /home/ubuntu/apps/election-app/win_prob/H/AZ/07/plotdata_AZ_2026_2026-01-24T14-59-15.jsonl
[info] evaluating 1 timestamps from 2024-11-05T15-30-22 to 2024-11-05T15-30-22 every 30 minutes
[saved] probs_timeseries_AZ.csv  (1 points)
[saved] /home/ubuntu/apps/election-app/win_prob/H/AZ/07/plotdata_AZ_2026_2026-01-24T14-59-15.jsonl  (4 points)
[saved] /home/ubuntu/apps/election-app/win_prob/H/AZ/07/statewide_margin_pct_vs_percent_AZ_2026_box.json
[saved] /home/ubuntu/apps/election-app/win_prob/H/AZ/07/statewide_margin_pct_vs_percent_AZ_2026_box.png
[saved] /home/ubuntu/apps/election-app/win_prob/H/AZ/07/statewide_margin_pct_vs_percent_AZ_2026.png

All 50 states complete. See: /home/ubuntu/apps/election-app/win_prob/H/AZ/07

$ /home/ubuntu/.venv/bin/python3 /home/ubuntu/apps/election-app/stats/8.py --root /home/ubuntu/apps/election-app/win_prob/H/AZ/07/_work --outdir /home/ubuntu/apps/election-app/win_prob/H/AZ/07
[info] root  = /home/ubuntu/apps/election-app/win_prob/H/AZ/07/_work
[info] outdir= /home/ubuntu/apps/election-app/win_prob/H/AZ/07
[deleted] /home/ubuntu/apps/election-app/win_prob/H/AZ/07/_work/stats_with_statewide.csv
[deleted] /home/ubuntu/apps/election-app/win_prob/H/AZ/07/_work/stats2_final_headers.csv
[deleted] /home/ubuntu/apps/election-app/win_prob/H/AZ/07/_work/2024_county_results_with_final-old.csv
[deleted] /home/ubuntu/apps/election-app/win_prob/H/AZ/07/_work/2024_county_results_with_final.csv
[deleted] /home/ubuntu/apps/election-app/win_prob/H/AZ/07/_work/2024_county_results_with_final_1.csv
[deleted] /home/ubuntu/apps/election-app/win_prob/H/AZ/07/_work/2024_county_results_with_calcs-old.csv
[deleted] /home/ubuntu/apps/election-app/win_prob/H/AZ/07/_work/2024_county_results_with_calcs_new.csv
[deleted] /home/ubuntu/apps/election-app/win_prob/H/AZ/07/_work/output_statewide_stats.csv
[skip]    /home/ubuntu/apps/election-app/win_prob/H/AZ/07/_work/probs_timeseries_PA.csv
[deleted] /home/ubuntu/apps/election-app/win_prob/H/AZ/07/_work/2024_county_results_with_calcs.csv
[skip]    /home/ubuntu/apps/election-app/win_prob/H/AZ/07/data_output.csv
[skip]    /home/ubuntu/apps/election-app/win_prob/H/AZ/07/data_output_with_margins_old.csv
[skip]    /home/ubuntu/apps/election-app/win_prob/H/AZ/07/data_output_with_margins.csv
[skip]    /home/ubuntu/apps/election-app/win_prob/H/AZ/07/data_output_with_margins-statewide.csv
[deleted] /home/ubuntu/apps/election-app/win_prob/H/AZ/07/snapshots_AZ.csv
[deleted] /home/ubuntu/apps/election-app/win_prob/H/AZ/07/data_output_AZ.csv
[deleted] /home/ubuntu/apps/election-app/win_prob/H/AZ/07/data_output_AZ_with_margins.csv
[deleted] /home/ubuntu/apps/election-app/win_prob/H/AZ/07/data_output_AZ_with_margins_statewide_eevp.csv
[deleted] /home/ubuntu/apps/election-app/win_prob/H/AZ/07/data_output_AZ.csv.checkpoint.json
[deleted] /home/ubuntu/apps/election-app/win_prob/H/AZ/07/stats.csv
[deleted] /home/ubuntu/apps/election-app/win_prob/H/AZ/07/stats2.csv
[done] removed 16 file(s)
[2026-01-24 15:06:17] INFO: [PIPELINE] args: office=H state=AZ district=07
[2026-01-24 15:06:17] INFO: [PIPELINE] WINPROB_DIR resolved to: /home/ubuntu/apps/election-app/win_prob/H/AZ/07
[2026-01-24 15:06:17] INFO: [PIPELINE] OUTDIR set to: /home/ubuntu/apps/election-app/win_prob/H/AZ/07

$ /home/ubuntu/.venv/bin/python3 /home/ubuntu/apps/election-app/stats/1-statewide.py --input /home/ubuntu/apps/election-app/win_prob/H/AZ/07/stats.csv --output /home/ubuntu/apps/election-app/win_prob/H/AZ/07/_work/stats_with_statewide.csv
Wrote /home/ubuntu/apps/election-app/win_prob/H/AZ/07/_work/stats_with_statewide.csv (rows=6)

$ /home/ubuntu/.venv/bin/python3 /home/ubuntu/apps/election-app/stats/1-stats-2.py --input /home/ubuntu/apps/election-app/win_prob/H/AZ/07/stats2.csv --output /home/ubuntu/apps/election-app/win_prob/H/AZ/07/_work/stats2_final_headers.csv
Wrote /home/ubuntu/apps/election-app/win_prob/H/AZ/07/_work/stats2_final_headers.csv (rows=6)

$ /home/ubuntu/.venv/bin/python3 /home/ubuntu/apps/election-app/stats/1-append-new.py
Wrote 2024_county_results_with_final-old.csv (rows=6, missing_final_matches=0)

$ /home/ubuntu/.venv/bin/python3 /home/ubuntu/apps/election-app/stats/1-change_header.py
Wrote: 2024_county_results_with_final.csv

$ /home/ubuntu/.venv/bin/python3 /home/ubuntu/apps/election-app/stats/1-cut-zero-fips.py
Wrote: 2024_county_results_with_final_1.csv
Rows before: 6
Rows after:  6
Dropped (fips == 0): 0

$ /home/ubuntu/.venv/bin/python3 /home/ubuntu/apps/election-app/stats/2-calc.py
Wrote 6 rows with calculations to /home/ubuntu/apps/election-app/win_prob/H/AZ/07/_work/2024_county_results_with_calcs-old.csv

$ /home/ubuntu/.venv/bin/python3 /home/ubuntu/apps/election-app/stats/2-eevp.py
Wrote (no-op copy): 2024_county_results_with_calcs.csv
Columns:
 - timestamp
 - state
 - county
 - fips
 - trump_votes
 - harris_votes
 - other_votes
 - eevp
 - state_eevp
 - harris_votes_statewide
 - trump_votes_statewide
 - other_votes_statewide
 - final_state
 - final_county
 - final_fips
 - final_trump_votes
 - final_harris_votes
 - final_other_votes
 - harris_percent_snapshot
 - trump_percent_snapshot
 - margin_snapshot
 - harris_percent_final
 - trump_percent_final
 - margin_final
 - margin_difference
 - margin_difference_abs

$ /home/ubuntu/.venv/bin/python3 /home/ubuntu/apps/election-app/stats/3-calc-new.py
Wrote 6 rows with new columns to /home/ubuntu/apps/election-app/win_prob/H/AZ/07/_work/2024_county_results_with_calcs_new.csv

$ /home/ubuntu/.venv/bin/python3 /home/ubuntu/apps/election-app/stats/4-stats.py
Reading 2024_county_results_with_calcs_new.csv...
Aggregating statewide totals...
Calculating percentages and margins...
Writing to output_statewide_stats.csv...
Done!
[2026-01-24 15:06:26] INFO: [PIPELINE] ENTER win-prob generation | states=['AZ'] ts_list=['2024-11-05T15-30-22']

============================================================================
[01/1] STATE = AZ
============================================================================

$ /home/ubuntu/.venv/bin/python3 /home/ubuntu/apps/election-app/stats/5-snapshots.py --state AZ --input /home/ubuntu/apps/election-app/win_prob/H/AZ/07/_work/output_statewide_stats.csv --output /home/ubuntu/apps/election-app/win_prob/H/AZ/07/snapshots_AZ.csv --start 2024-11-05T15-30-22 --end 2024-11-05T15-30-22 --use-window 1 --interval 30
Mode: windowed-one-state
Rows written: 6
Distinct states in output: AZ
Rows per normalized timestamp (empty = unparseable):
  2024-11-05T15-30-22: 6
Wrote /home/ubuntu/apps/election-app/win_prob/H/AZ/07/snapshots_AZ.csv

$ /home/ubuntu/.venv/bin/python3 /home/ubuntu/apps/election-app/stats/6-pval.py /home/ubuntu/apps/election-app/win_prob/H/AZ/07/snapshots_AZ.csv -t /home/ubuntu/apps/election-app/stats/parameters.csv -o /home/ubuntu/apps/election-app/win_prob/H/AZ/07/data_output_AZ.csv -c 50
Done. Wrote: /home/ubuntu/apps/election-app/win_prob/H/AZ/07/data_output_AZ.csv
Total rows: 6 (chunked, resumable).
Computed columns for PVALS = [0.01, 0.1, 1, 2, 3, 5, 10, 15, 20, 25, 30, 35, 40, 45, 50, 55, 60, 65, 70, 75, 80, 85, 90, 95, 97, 98, 99, 99.9, 99.99]
Per p (leader): shift_{p}, margin_new_{p}, harris_percent_new_{p}, trump_percent_new_{p}, total_snapshot_{p}, total_expected_{p}, harris_votes_new_{p}, trump_votes_new_{p}
Per p (trailing): shift_trailing_{p}, margin_new_{p}_trailing, harris_percent_new_{p}_trailing, trump_percent_new_{p}_trailing, total_snapshot_{p}_trailing, total_expected_{p}_trailing, harris_votes_new_{p}_trailing, trump_votes_new_{p}_trailing
Checkpoint saved at: /home/ubuntu/apps/election-app/win_prob/H/AZ/07/data_output_AZ.csv.checkpoint.json

$ /home/ubuntu/.venv/bin/python3 /home/ubuntu/apps/election-app/stats/7-margin-new.py
Wrote data_output_with_margins_old.csv

$ /home/ubuntu/.venv/bin/python3 /home/ubuntu/apps/election-app/stats/7-eevp-statewide.py
Wrote data_output_with_margins.csv (copied from data_output_with_margins_old.csv)

$ /home/ubuntu/.venv/bin/python3 /home/ubuntu/apps/election-app/stats/7.py --input /home/ubuntu/apps/election-app/win_prob/H/AZ/07/data_output_AZ_with_margins_statewide_eevp.csv --output /home/ubuntu/apps/election-app/win_prob/H/AZ/07/statewide_margin_pct_vs_percent_AZ_2026.png --state AZ --start 2024-11-05T15-30-22 --end 2024-11-05T15-30-22 --stats /home/ubuntu/apps/election-app/win_prob/H/AZ/07/stats.csv --stats2 /home/ubuntu/apps/election-app/win_prob/H/AZ/07/stats2.csv --interval 30 --year 2026 --jsonl /home/ubuntu/apps/election-app/win_prob/H/AZ/07/plotdata_AZ_2026_2026-01-24T15-06-17.jsonl
[info] evaluating 1 timestamps from 2024-11-05T15-30-22 to 2024-11-05T15-30-22 every 30 minutes
[saved] probs_timeseries_AZ.csv  (1 points)
[saved] /home/ubuntu/apps/election-app/win_prob/H/AZ/07/plotdata_AZ_2026_2026-01-24T15-06-17.jsonl  (4 points)
[saved] /home/ubuntu/apps/election-app/win_prob/H/AZ/07/statewide_margin_pct_vs_percent_AZ_2026_box.json
[saved] /home/ubuntu/apps/election-app/win_prob/H/AZ/07/statewide_margin_pct_vs_percent_AZ_2026_box.png
[saved] /home/ubuntu/apps/election-app/win_prob/H/AZ/07/statewide_margin_pct_vs_percent_AZ_2026.png

All 50 states complete. See: /home/ubuntu/apps/election-app/win_prob/H/AZ/07

$ /home/ubuntu/.venv/bin/python3 /home/ubuntu/apps/election-app/stats/8.py --root /home/ubuntu/apps/election-app/win_prob/H/AZ/07/_work --outdir /home/ubuntu/apps/election-app/win_prob/H/AZ/07
[info] root  = /home/ubuntu/apps/election-app/win_prob/H/AZ/07/_work
[info] outdir= /home/ubuntu/apps/election-app/win_prob/H/AZ/07
[deleted] /home/ubuntu/apps/election-app/win_prob/H/AZ/07/_work/stats_with_statewide.csv
[deleted] /home/ubuntu/apps/election-app/win_prob/H/AZ/07/_work/stats2_final_headers.csv
[deleted] /home/ubuntu/apps/election-app/win_prob/H/AZ/07/_work/2024_county_results_with_final-old.csv
[deleted] /home/ubuntu/apps/election-app/win_prob/H/AZ/07/_work/2024_county_results_with_final.csv
[deleted] /home/ubuntu/apps/election-app/win_prob/H/AZ/07/_work/2024_county_results_with_final_1.csv
[deleted] /home/ubuntu/apps/election-app/win_prob/H/AZ/07/_work/2024_county_results_with_calcs-old.csv
[deleted] /home/ubuntu/apps/election-app/win_prob/H/AZ/07/_work/2024_county_results_with_calcs_new.csv
[deleted] /home/ubuntu/apps/election-app/win_prob/H/AZ/07/_work/output_statewide_stats.csv
[skip]    /home/ubuntu/apps/election-app/win_prob/H/AZ/07/_work/probs_timeseries_PA.csv
[deleted] /home/ubuntu/apps/election-app/win_prob/H/AZ/07/_work/2024_county_results_with_calcs.csv
[skip]    /home/ubuntu/apps/election-app/win_prob/H/AZ/07/data_output.csv
[skip]    /home/ubuntu/apps/election-app/win_prob/H/AZ/07/data_output_with_margins_old.csv
[skip]    /home/ubuntu/apps/election-app/win_prob/H/AZ/07/data_output_with_margins.csv
[skip]    /home/ubuntu/apps/election-app/win_prob/H/AZ/07/data_output_with_margins-statewide.csv
[deleted] /home/ubuntu/apps/election-app/win_prob/H/AZ/07/snapshots_AZ.csv
[deleted] /home/ubuntu/apps/election-app/win_prob/H/AZ/07/data_output_AZ.csv
[deleted] /home/ubuntu/apps/election-app/win_prob/H/AZ/07/data_output_AZ_with_margins.csv
[deleted] /home/ubuntu/apps/election-app/win_prob/H/AZ/07/data_output_AZ_with_margins_statewide_eevp.csv
[deleted] /home/ubuntu/apps/election-app/win_prob/H/AZ/07/data_output_AZ.csv.checkpoint.json
[deleted] /home/ubuntu/apps/election-app/win_prob/H/AZ/07/stats.csv
[deleted] /home/ubuntu/apps/election-app/win_prob/H/AZ/07/stats2.csv
[done] removed 16 file(s)
[2026-01-24 15:13:20] INFO: [PIPELINE] args: office=H state=AZ district=07
[2026-01-24 15:13:20] INFO: [PIPELINE] WINPROB_DIR resolved to: /home/ubuntu/apps/election-app/win_prob/H/AZ/07
[2026-01-24 15:13:20] INFO: [PIPELINE] OUTDIR set to: /home/ubuntu/apps/election-app/win_prob/H/AZ/07

$ /home/ubuntu/.venv/bin/python3 /home/ubuntu/apps/election-app/stats/1-statewide.py --input /home/ubuntu/apps/election-app/win_prob/H/AZ/07/stats.csv --output /home/ubuntu/apps/election-app/win_prob/H/AZ/07/_work/stats_with_statewide.csv
Wrote /home/ubuntu/apps/election-app/win_prob/H/AZ/07/_work/stats_with_statewide.csv (rows=6)

$ /home/ubuntu/.venv/bin/python3 /home/ubuntu/apps/election-app/stats/1-stats-2.py --input /home/ubuntu/apps/election-app/win_prob/H/AZ/07/stats2.csv --output /home/ubuntu/apps/election-app/win_prob/H/AZ/07/_work/stats2_final_headers.csv
Wrote /home/ubuntu/apps/election-app/win_prob/H/AZ/07/_work/stats2_final_headers.csv (rows=6)

$ /home/ubuntu/.venv/bin/python3 /home/ubuntu/apps/election-app/stats/1-append-new.py
Wrote 2024_county_results_with_final-old.csv (rows=6, missing_final_matches=0)

$ /home/ubuntu/.venv/bin/python3 /home/ubuntu/apps/election-app/stats/1-change_header.py
Wrote: 2024_county_results_with_final.csv

$ /home/ubuntu/.venv/bin/python3 /home/ubuntu/apps/election-app/stats/1-cut-zero-fips.py
Wrote: 2024_county_results_with_final_1.csv
Rows before: 6
Rows after:  6
Dropped (fips == 0): 0

$ /home/ubuntu/.venv/bin/python3 /home/ubuntu/apps/election-app/stats/2-calc.py
Wrote 6 rows with calculations to /home/ubuntu/apps/election-app/win_prob/H/AZ/07/_work/2024_county_results_with_calcs-old.csv

$ /home/ubuntu/.venv/bin/python3 /home/ubuntu/apps/election-app/stats/2-eevp.py
Wrote (no-op copy): 2024_county_results_with_calcs.csv
Columns:
 - timestamp
 - state
 - county
 - fips
 - trump_votes
 - harris_votes
 - other_votes
 - eevp
 - state_eevp
 - harris_votes_statewide
 - trump_votes_statewide
 - other_votes_statewide
 - final_state
 - final_county
 - final_fips
 - final_trump_votes
 - final_harris_votes
 - final_other_votes
 - harris_percent_snapshot
 - trump_percent_snapshot
 - margin_snapshot
 - harris_percent_final
 - trump_percent_final
 - margin_final
 - margin_difference
 - margin_difference_abs

$ /home/ubuntu/.venv/bin/python3 /home/ubuntu/apps/election-app/stats/3-calc-new.py
Wrote 6 rows with new columns to /home/ubuntu/apps/election-app/win_prob/H/AZ/07/_work/2024_county_results_with_calcs_new.csv

$ /home/ubuntu/.venv/bin/python3 /home/ubuntu/apps/election-app/stats/4-stats.py
Reading 2024_county_results_with_calcs_new.csv...
Aggregating statewide totals...
Calculating percentages and margins...
Writing to output_statewide_stats.csv...
Done!
[2026-01-24 15:13:29] INFO: [PIPELINE] ENTER win-prob generation | states=['AZ'] ts_list=['2024-11-05T15-30-22']

============================================================================
[01/1] STATE = AZ
============================================================================

$ /home/ubuntu/.venv/bin/python3 /home/ubuntu/apps/election-app/stats/5-snapshots.py --state AZ --input /home/ubuntu/apps/election-app/win_prob/H/AZ/07/_work/output_statewide_stats.csv --output /home/ubuntu/apps/election-app/win_prob/H/AZ/07/snapshots_AZ.csv --start 2024-11-05T15-30-22 --end 2024-11-05T15-30-22 --use-window 1 --interval 30
Mode: windowed-one-state
Rows written: 6
Distinct states in output: AZ
Rows per normalized timestamp (empty = unparseable):
  2024-11-05T15-30-22: 6
Wrote /home/ubuntu/apps/election-app/win_prob/H/AZ/07/snapshots_AZ.csv

$ /home/ubuntu/.venv/bin/python3 /home/ubuntu/apps/election-app/stats/6-pval.py /home/ubuntu/apps/election-app/win_prob/H/AZ/07/snapshots_AZ.csv -t /home/ubuntu/apps/election-app/stats/parameters.csv -o /home/ubuntu/apps/election-app/win_prob/H/AZ/07/data_output_AZ.csv -c 50
Done. Wrote: /home/ubuntu/apps/election-app/win_prob/H/AZ/07/data_output_AZ.csv
Total rows: 6 (chunked, resumable).
Computed columns for PVALS = [0.01, 0.1, 1, 2, 3, 5, 10, 15, 20, 25, 30, 35, 40, 45, 50, 55, 60, 65, 70, 75, 80, 85, 90, 95, 97, 98, 99, 99.9, 99.99]
Per p (leader): shift_{p}, margin_new_{p}, harris_percent_new_{p}, trump_percent_new_{p}, total_snapshot_{p}, total_expected_{p}, harris_votes_new_{p}, trump_votes_new_{p}
Per p (trailing): shift_trailing_{p}, margin_new_{p}_trailing, harris_percent_new_{p}_trailing, trump_percent_new_{p}_trailing, total_snapshot_{p}_trailing, total_expected_{p}_trailing, harris_votes_new_{p}_trailing, trump_votes_new_{p}_trailing
Checkpoint saved at: /home/ubuntu/apps/election-app/win_prob/H/AZ/07/data_output_AZ.csv.checkpoint.json

$ /home/ubuntu/.venv/bin/python3 /home/ubuntu/apps/election-app/stats/7-margin-new.py
Wrote data_output_with_margins_old.csv

$ /home/ubuntu/.venv/bin/python3 /home/ubuntu/apps/election-app/stats/7-eevp-statewide.py
Wrote data_output_with_margins.csv (copied from data_output_with_margins_old.csv)

$ /home/ubuntu/.venv/bin/python3 /home/ubuntu/apps/election-app/stats/7.py --input /home/ubuntu/apps/election-app/win_prob/H/AZ/07/data_output_AZ_with_margins_statewide_eevp.csv --output /home/ubuntu/apps/election-app/win_prob/H/AZ/07/statewide_margin_pct_vs_percent_AZ_2026.png --state AZ --start 2024-11-05T15-30-22 --end 2024-11-05T15-30-22 --stats /home/ubuntu/apps/election-app/win_prob/H/AZ/07/stats.csv --stats2 /home/ubuntu/apps/election-app/win_prob/H/AZ/07/stats2.csv --interval 30 --year 2026 --jsonl /home/ubuntu/apps/election-app/win_prob/H/AZ/07/plotdata_AZ_2026_2026-01-24T15-13-20.jsonl
[info] evaluating 1 timestamps from 2024-11-05T15-30-22 to 2024-11-05T15-30-22 every 30 minutes
[saved] probs_timeseries_AZ.csv  (1 points)
[saved] /home/ubuntu/apps/election-app/win_prob/H/AZ/07/plotdata_AZ_2026_2026-01-24T15-13-20.jsonl  (4 points)
[saved] /home/ubuntu/apps/election-app/win_prob/H/AZ/07/statewide_margin_pct_vs_percent_AZ_2026_box.json
[saved] /home/ubuntu/apps/election-app/win_prob/H/AZ/07/statewide_margin_pct_vs_percent_AZ_2026_box.png
[saved] /home/ubuntu/apps/election-app/win_prob/H/AZ/07/statewide_margin_pct_vs_percent_AZ_2026.png

All 50 states complete. See: /home/ubuntu/apps/election-app/win_prob/H/AZ/07

$ /home/ubuntu/.venv/bin/python3 /home/ubuntu/apps/election-app/stats/8.py --root /home/ubuntu/apps/election-app/win_prob/H/AZ/07/_work --outdir /home/ubuntu/apps/election-app/win_prob/H/AZ/07
[info] root  = /home/ubuntu/apps/election-app/win_prob/H/AZ/07/_work
[info] outdir= /home/ubuntu/apps/election-app/win_prob/H/AZ/07
[deleted] /home/ubuntu/apps/election-app/win_prob/H/AZ/07/_work/stats_with_statewide.csv
[deleted] /home/ubuntu/apps/election-app/win_prob/H/AZ/07/_work/stats2_final_headers.csv
[deleted] /home/ubuntu/apps/election-app/win_prob/H/AZ/07/_work/2024_county_results_with_final-old.csv
[deleted] /home/ubuntu/apps/election-app/win_prob/H/AZ/07/_work/2024_county_results_with_final.csv
[deleted] /home/ubuntu/apps/election-app/win_prob/H/AZ/07/_work/2024_county_results_with_final_1.csv
[deleted] /home/ubuntu/apps/election-app/win_prob/H/AZ/07/_work/2024_county_results_with_calcs-old.csv
[deleted] /home/ubuntu/apps/election-app/win_prob/H/AZ/07/_work/2024_county_results_with_calcs_new.csv
[deleted] /home/ubuntu/apps/election-app/win_prob/H/AZ/07/_work/output_statewide_stats.csv
[skip]    /home/ubuntu/apps/election-app/win_prob/H/AZ/07/_work/probs_timeseries_PA.csv
[deleted] /home/ubuntu/apps/election-app/win_prob/H/AZ/07/_work/2024_county_results_with_calcs.csv
[skip]    /home/ubuntu/apps/election-app/win_prob/H/AZ/07/data_output.csv
[skip]    /home/ubuntu/apps/election-app/win_prob/H/AZ/07/data_output_with_margins_old.csv
[skip]    /home/ubuntu/apps/election-app/win_prob/H/AZ/07/data_output_with_margins.csv
[skip]    /home/ubuntu/apps/election-app/win_prob/H/AZ/07/data_output_with_margins-statewide.csv
[deleted] /home/ubuntu/apps/election-app/win_prob/H/AZ/07/snapshots_AZ.csv
[deleted] /home/ubuntu/apps/election-app/win_prob/H/AZ/07/data_output_AZ.csv
[deleted] /home/ubuntu/apps/election-app/win_prob/H/AZ/07/data_output_AZ_with_margins.csv
[deleted] /home/ubuntu/apps/election-app/win_prob/H/AZ/07/data_output_AZ_with_margins_statewide_eevp.csv
[deleted] /home/ubuntu/apps/election-app/win_prob/H/AZ/07/data_output_AZ.csv.checkpoint.json
[deleted] /home/ubuntu/apps/election-app/win_prob/H/AZ/07/stats.csv
[deleted] /home/ubuntu/apps/election-app/win_prob/H/AZ/07/stats2.csv
[done] removed 16 file(s)
[2026-01-24 15:20:26] INFO: [PIPELINE] args: office=H state=AZ district=07
[2026-01-24 15:20:26] INFO: [PIPELINE] WINPROB_DIR resolved to: /home/ubuntu/apps/election-app/win_prob/H/AZ/07
[2026-01-24 15:20:26] INFO: [PIPELINE] OUTDIR set to: /home/ubuntu/apps/election-app/win_prob/H/AZ/07

$ /home/ubuntu/.venv/bin/python3 /home/ubuntu/apps/election-app/stats/1-statewide.py --input /home/ubuntu/apps/election-app/win_prob/H/AZ/07/stats.csv --output /home/ubuntu/apps/election-app/win_prob/H/AZ/07/_work/stats_with_statewide.csv
Wrote /home/ubuntu/apps/election-app/win_prob/H/AZ/07/_work/stats_with_statewide.csv (rows=6)

$ /home/ubuntu/.venv/bin/python3 /home/ubuntu/apps/election-app/stats/1-stats-2.py --input /home/ubuntu/apps/election-app/win_prob/H/AZ/07/stats2.csv --output /home/ubuntu/apps/election-app/win_prob/H/AZ/07/_work/stats2_final_headers.csv
Wrote /home/ubuntu/apps/election-app/win_prob/H/AZ/07/_work/stats2_final_headers.csv (rows=6)

$ /home/ubuntu/.venv/bin/python3 /home/ubuntu/apps/election-app/stats/1-append-new.py
Wrote 2024_county_results_with_final-old.csv (rows=6, missing_final_matches=0)

$ /home/ubuntu/.venv/bin/python3 /home/ubuntu/apps/election-app/stats/1-change_header.py
Wrote: 2024_county_results_with_final.csv

$ /home/ubuntu/.venv/bin/python3 /home/ubuntu/apps/election-app/stats/1-cut-zero-fips.py
Wrote: 2024_county_results_with_final_1.csv
Rows before: 6
Rows after:  6
Dropped (fips == 0): 0

$ /home/ubuntu/.venv/bin/python3 /home/ubuntu/apps/election-app/stats/2-calc.py
Wrote 6 rows with calculations to /home/ubuntu/apps/election-app/win_prob/H/AZ/07/_work/2024_county_results_with_calcs-old.csv

$ /home/ubuntu/.venv/bin/python3 /home/ubuntu/apps/election-app/stats/2-eevp.py
Wrote (no-op copy): 2024_county_results_with_calcs.csv
Columns:
 - timestamp
 - state
 - county
 - fips
 - trump_votes
 - harris_votes
 - other_votes
 - eevp
 - state_eevp
 - harris_votes_statewide
 - trump_votes_statewide
 - other_votes_statewide
 - final_state
 - final_county
 - final_fips
 - final_trump_votes
 - final_harris_votes
 - final_other_votes
 - harris_percent_snapshot
 - trump_percent_snapshot
 - margin_snapshot
 - harris_percent_final
 - trump_percent_final
 - margin_final
 - margin_difference
 - margin_difference_abs

$ /home/ubuntu/.venv/bin/python3 /home/ubuntu/apps/election-app/stats/3-calc-new.py
Wrote 6 rows with new columns to /home/ubuntu/apps/election-app/win_prob/H/AZ/07/_work/2024_county_results_with_calcs_new.csv

$ /home/ubuntu/.venv/bin/python3 /home/ubuntu/apps/election-app/stats/4-stats.py
Reading 2024_county_results_with_calcs_new.csv...
Aggregating statewide totals...
Calculating percentages and margins...
Writing to output_statewide_stats.csv...
Done!
[2026-01-24 15:20:35] INFO: [PIPELINE] ENTER win-prob generation | states=['AZ'] ts_list=['2024-11-05T15-30-22']

============================================================================
[01/1] STATE = AZ
============================================================================

$ /home/ubuntu/.venv/bin/python3 /home/ubuntu/apps/election-app/stats/5-snapshots.py --state AZ --input /home/ubuntu/apps/election-app/win_prob/H/AZ/07/_work/output_statewide_stats.csv --output /home/ubuntu/apps/election-app/win_prob/H/AZ/07/snapshots_AZ.csv --start 2024-11-05T15-30-22 --end 2024-11-05T15-30-22 --use-window 1 --interval 30
Mode: windowed-one-state
Rows written: 6
Distinct states in output: AZ
Rows per normalized timestamp (empty = unparseable):
  2024-11-05T15-30-22: 6
Wrote /home/ubuntu/apps/election-app/win_prob/H/AZ/07/snapshots_AZ.csv

$ /home/ubuntu/.venv/bin/python3 /home/ubuntu/apps/election-app/stats/6-pval.py /home/ubuntu/apps/election-app/win_prob/H/AZ/07/snapshots_AZ.csv -t /home/ubuntu/apps/election-app/stats/parameters.csv -o /home/ubuntu/apps/election-app/win_prob/H/AZ/07/data_output_AZ.csv -c 50
Done. Wrote: /home/ubuntu/apps/election-app/win_prob/H/AZ/07/data_output_AZ.csv
Total rows: 6 (chunked, resumable).
Computed columns for PVALS = [0.01, 0.1, 1, 2, 3, 5, 10, 15, 20, 25, 30, 35, 40, 45, 50, 55, 60, 65, 70, 75, 80, 85, 90, 95, 97, 98, 99, 99.9, 99.99]
Per p (leader): shift_{p}, margin_new_{p}, harris_percent_new_{p}, trump_percent_new_{p}, total_snapshot_{p}, total_expected_{p}, harris_votes_new_{p}, trump_votes_new_{p}
Per p (trailing): shift_trailing_{p}, margin_new_{p}_trailing, harris_percent_new_{p}_trailing, trump_percent_new_{p}_trailing, total_snapshot_{p}_trailing, total_expected_{p}_trailing, harris_votes_new_{p}_trailing, trump_votes_new_{p}_trailing
Checkpoint saved at: /home/ubuntu/apps/election-app/win_prob/H/AZ/07/data_output_AZ.csv.checkpoint.json

$ /home/ubuntu/.venv/bin/python3 /home/ubuntu/apps/election-app/stats/7-margin-new.py
Wrote data_output_with_margins_old.csv

$ /home/ubuntu/.venv/bin/python3 /home/ubuntu/apps/election-app/stats/7-eevp-statewide.py
Wrote data_output_with_margins.csv (copied from data_output_with_margins_old.csv)

$ /home/ubuntu/.venv/bin/python3 /home/ubuntu/apps/election-app/stats/7.py --input /home/ubuntu/apps/election-app/win_prob/H/AZ/07/data_output_AZ_with_margins_statewide_eevp.csv --output /home/ubuntu/apps/election-app/win_prob/H/AZ/07/statewide_margin_pct_vs_percent_AZ_2026.png --state AZ --start 2024-11-05T15-30-22 --end 2024-11-05T15-30-22 --stats /home/ubuntu/apps/election-app/win_prob/H/AZ/07/stats.csv --stats2 /home/ubuntu/apps/election-app/win_prob/H/AZ/07/stats2.csv --interval 30 --year 2026 --jsonl /home/ubuntu/apps/election-app/win_prob/H/AZ/07/plotdata_AZ_2026_2026-01-24T15-20-26.jsonl
[info] evaluating 1 timestamps from 2024-11-05T15-30-22 to 2024-11-05T15-30-22 every 30 minutes
[saved] probs_timeseries_AZ.csv  (1 points)
[saved] /home/ubuntu/apps/election-app/win_prob/H/AZ/07/plotdata_AZ_2026_2026-01-24T15-20-26.jsonl  (4 points)
[saved] /home/ubuntu/apps/election-app/win_prob/H/AZ/07/statewide_margin_pct_vs_percent_AZ_2026_box.json
[saved] /home/ubuntu/apps/election-app/win_prob/H/AZ/07/statewide_margin_pct_vs_percent_AZ_2026_box.png
[saved] /home/ubuntu/apps/election-app/win_prob/H/AZ/07/statewide_margin_pct_vs_percent_AZ_2026.png

All 50 states complete. See: /home/ubuntu/apps/election-app/win_prob/H/AZ/07

$ /home/ubuntu/.venv/bin/python3 /home/ubuntu/apps/election-app/stats/8.py --root /home/ubuntu/apps/election-app/win_prob/H/AZ/07/_work --outdir /home/ubuntu/apps/election-app/win_prob/H/AZ/07
[info] root  = /home/ubuntu/apps/election-app/win_prob/H/AZ/07/_work
[info] outdir= /home/ubuntu/apps/election-app/win_prob/H/AZ/07
[deleted] /home/ubuntu/apps/election-app/win_prob/H/AZ/07/_work/stats_with_statewide.csv
[deleted] /home/ubuntu/apps/election-app/win_prob/H/AZ/07/_work/stats2_final_headers.csv
[deleted] /home/ubuntu/apps/election-app/win_prob/H/AZ/07/_work/2024_county_results_with_final-old.csv
[deleted] /home/ubuntu/apps/election-app/win_prob/H/AZ/07/_work/2024_county_results_with_final.csv
[deleted] /home/ubuntu/apps/election-app/win_prob/H/AZ/07/_work/2024_county_results_with_final_1.csv
[deleted] /home/ubuntu/apps/election-app/win_prob/H/AZ/07/_work/2024_county_results_with_calcs-old.csv
[deleted] /home/ubuntu/apps/election-app/win_prob/H/AZ/07/_work/2024_county_results_with_calcs_new.csv
[deleted] /home/ubuntu/apps/election-app/win_prob/H/AZ/07/_work/output_statewide_stats.csv
[skip]    /home/ubuntu/apps/election-app/win_prob/H/AZ/07/_work/probs_timeseries_PA.csv
[deleted] /home/ubuntu/apps/election-app/win_prob/H/AZ/07/_work/2024_county_results_with_calcs.csv
[skip]    /home/ubuntu/apps/election-app/win_prob/H/AZ/07/data_output.csv
[skip]    /home/ubuntu/apps/election-app/win_prob/H/AZ/07/data_output_with_margins_old.csv
[skip]    /home/ubuntu/apps/election-app/win_prob/H/AZ/07/data_output_with_margins.csv
[skip]    /home/ubuntu/apps/election-app/win_prob/H/AZ/07/data_output_with_margins-statewide.csv
[deleted] /home/ubuntu/apps/election-app/win_prob/H/AZ/07/snapshots_AZ.csv
[deleted] /home/ubuntu/apps/election-app/win_prob/H/AZ/07/data_output_AZ.csv
[deleted] /home/ubuntu/apps/election-app/win_prob/H/AZ/07/data_output_AZ_with_margins.csv
[deleted] /home/ubuntu/apps/election-app/win_prob/H/AZ/07/data_output_AZ_with_margins_statewide_eevp.csv
[deleted] /home/ubuntu/apps/election-app/win_prob/H/AZ/07/data_output_AZ.csv.checkpoint.json
[deleted] /home/ubuntu/apps/election-app/win_prob/H/AZ/07/stats.csv
[deleted] /home/ubuntu/apps/election-app/win_prob/H/AZ/07/stats2.csv
[done] removed 16 file(s)
[2026-02-04 17:44:57] INFO: [PIPELINE] args: office=H state=AZ district=07
[2026-02-04 17:44:57] INFO: [PIPELINE] WINPROB_DIR resolved to: /home/ubuntu/apps/election-app/win_prob/H/AZ/07
[2026-02-04 17:44:57] INFO: [PIPELINE] OUTDIR set to: /home/ubuntu/apps/election-app/win_prob/H/AZ/07

$ /home/ubuntu/.venv/bin/python3 /home/ubuntu/apps/election-app/stats/1-statewide.py --input /home/ubuntu/apps/election-app/win_prob/H/AZ/07/stats.csv --output /home/ubuntu/apps/election-app/win_prob/H/AZ/07/_work/stats_with_statewide.csv
Wrote /home/ubuntu/apps/election-app/win_prob/H/AZ/07/_work/stats_with_statewide.csv (rows=6)

$ /home/ubuntu/.venv/bin/python3 /home/ubuntu/apps/election-app/stats/1-stats-2.py --input /home/ubuntu/apps/election-app/win_prob/H/AZ/07/stats2.csv --output /home/ubuntu/apps/election-app/win_prob/H/AZ/07/_work/stats2_final_headers.csv
Wrote /home/ubuntu/apps/election-app/win_prob/H/AZ/07/_work/stats2_final_headers.csv (rows=6)

$ /home/ubuntu/.venv/bin/python3 /home/ubuntu/apps/election-app/stats/1-append-new.py
Wrote 2024_county_results_with_final-old.csv (rows=6, missing_final_matches=0)

$ /home/ubuntu/.venv/bin/python3 /home/ubuntu/apps/election-app/stats/1-change_header.py
Wrote: 2024_county_results_with_final.csv

$ /home/ubuntu/.venv/bin/python3 /home/ubuntu/apps/election-app/stats/1-cut-zero-fips.py
Wrote: 2024_county_results_with_final_1.csv
Rows before: 6
Rows after:  6
Dropped (fips == 0): 0

$ /home/ubuntu/.venv/bin/python3 /home/ubuntu/apps/election-app/stats/2-calc.py
Wrote 6 rows with calculations to /home/ubuntu/apps/election-app/win_prob/H/AZ/07/_work/2024_county_results_with_calcs-old.csv

$ /home/ubuntu/.venv/bin/python3 /home/ubuntu/apps/election-app/stats/2-eevp.py
Wrote (no-op copy): 2024_county_results_with_calcs.csv
Columns:
 - timestamp
 - state
 - county
 - fips
 - trump_votes
 - harris_votes
 - other_votes
 - eevp
 - state_eevp
 - harris_votes_statewide
 - trump_votes_statewide
 - other_votes_statewide
 - final_state
 - final_county
 - final_fips
 - final_trump_votes
 - final_harris_votes
 - final_other_votes
 - harris_percent_snapshot
 - trump_percent_snapshot
 - margin_snapshot
 - harris_percent_final
 - trump_percent_final
 - margin_final
 - margin_difference
 - margin_difference_abs

$ /home/ubuntu/.venv/bin/python3 /home/ubuntu/apps/election-app/stats/3-calc-new.py
Wrote 6 rows with new columns to /home/ubuntu/apps/election-app/win_prob/H/AZ/07/_work/2024_county_results_with_calcs_new.csv

$ /home/ubuntu/.venv/bin/python3 /home/ubuntu/apps/election-app/stats/4-stats.py
Reading 2024_county_results_with_calcs_new.csv...
Aggregating statewide totals...
Calculating percentages and margins...
Writing to output_statewide_stats.csv...
Done!
[2026-02-04 17:45:08] INFO: [PIPELINE] ENTER win-prob generation | states=['AZ'] ts_list=['2024-11-05T15-30-22']

============================================================================
[01/1] STATE = AZ
============================================================================

$ /home/ubuntu/.venv/bin/python3 /home/ubuntu/apps/election-app/stats/5-snapshots.py --state AZ --input /home/ubuntu/apps/election-app/win_prob/H/AZ/07/_work/output_statewide_stats.csv --output /home/ubuntu/apps/election-app/win_prob/H/AZ/07/snapshots_AZ.csv --start 2024-11-05T15-30-22 --end 2024-11-05T15-30-22 --use-window 1 --interval 30
Mode: windowed-one-state
Rows written: 6
Distinct states in output: AZ
Rows per normalized timestamp (empty = unparseable):
  2024-11-05T15-30-22: 6
Wrote /home/ubuntu/apps/election-app/win_prob/H/AZ/07/snapshots_AZ.csv

$ /home/ubuntu/.venv/bin/python3 /home/ubuntu/apps/election-app/stats/6-pval.py /home/ubuntu/apps/election-app/win_prob/H/AZ/07/snapshots_AZ.csv -t /home/ubuntu/apps/election-app/stats/parameters.csv -o /home/ubuntu/apps/election-app/win_prob/H/AZ/07/data_output_AZ.csv -c 50
Done. Wrote: /home/ubuntu/apps/election-app/win_prob/H/AZ/07/data_output_AZ.csv
Total rows: 6 (chunked, resumable).
Computed columns for PVALS = [0.01, 0.1, 1, 2, 3, 5, 10, 15, 20, 25, 30, 35, 40, 45, 50, 55, 60, 65, 70, 75, 80, 85, 90, 95, 97, 98, 99, 99.9, 99.99]
Per p (leader): shift_{p}, margin_new_{p}, harris_percent_new_{p}, trump_percent_new_{p}, total_snapshot_{p}, total_expected_{p}, harris_votes_new_{p}, trump_votes_new_{p}
Per p (trailing): shift_trailing_{p}, margin_new_{p}_trailing, harris_percent_new_{p}_trailing, trump_percent_new_{p}_trailing, total_snapshot_{p}_trailing, total_expected_{p}_trailing, harris_votes_new_{p}_trailing, trump_votes_new_{p}_trailing
Checkpoint saved at: /home/ubuntu/apps/election-app/win_prob/H/AZ/07/data_output_AZ.csv.checkpoint.json

$ /home/ubuntu/.venv/bin/python3 /home/ubuntu/apps/election-app/stats/7-margin-new.py
Wrote data_output_with_margins_old.csv

$ /home/ubuntu/.venv/bin/python3 /home/ubuntu/apps/election-app/stats/7-eevp-statewide.py
Wrote data_output_with_margins.csv (copied from data_output_with_margins_old.csv)

$ /home/ubuntu/.venv/bin/python3 /home/ubuntu/apps/election-app/stats/7.py --input /home/ubuntu/apps/election-app/win_prob/H/AZ/07/data_output_AZ_with_margins_statewide_eevp.csv --output /home/ubuntu/apps/election-app/win_prob/H/AZ/07/statewide_margin_pct_vs_percent_AZ_2026.png --state AZ --start 2024-11-05T15-30-22 --end 2024-11-05T15-30-22 --stats /home/ubuntu/apps/election-app/win_prob/H/AZ/07/stats.csv --stats2 /home/ubuntu/apps/election-app/win_prob/H/AZ/07/stats2.csv --interval 30 --year 2026 --jsonl /home/ubuntu/apps/election-app/win_prob/H/AZ/07/plotdata_AZ_2026_2026-02-04T17-44-57.jsonl
[info] evaluating 1 timestamps from 2024-11-05T15-30-22 to 2024-11-05T15-30-22 every 30 minutes
[saved] probs_timeseries_AZ.csv  (1 points)
[saved] /home/ubuntu/apps/election-app/win_prob/H/AZ/07/plotdata_AZ_2026_2026-02-04T17-44-57.jsonl  (4 points)
[saved] /home/ubuntu/apps/election-app/win_prob/H/AZ/07/statewide_margin_pct_vs_percent_AZ_2026_box.json
[saved] /home/ubuntu/apps/election-app/win_prob/H/AZ/07/statewide_margin_pct_vs_percent_AZ_2026_box.png
[saved] /home/ubuntu/apps/election-app/win_prob/H/AZ/07/statewide_margin_pct_vs_percent_AZ_2026.png

All 50 states complete. See: /home/ubuntu/apps/election-app/win_prob/H/AZ/07

$ /home/ubuntu/.venv/bin/python3 /home/ubuntu/apps/election-app/stats/8.py --root /home/ubuntu/apps/election-app/win_prob/H/AZ/07/_work --outdir /home/ubuntu/apps/election-app/win_prob/H/AZ/07
[info] root  = /home/ubuntu/apps/election-app/win_prob/H/AZ/07/_work
[info] outdir= /home/ubuntu/apps/election-app/win_prob/H/AZ/07
[deleted] /home/ubuntu/apps/election-app/win_prob/H/AZ/07/_work/stats_with_statewide.csv
[deleted] /home/ubuntu/apps/election-app/win_prob/H/AZ/07/_work/stats2_final_headers.csv
[deleted] /home/ubuntu/apps/election-app/win_prob/H/AZ/07/_work/2024_county_results_with_final-old.csv
[deleted] /home/ubuntu/apps/election-app/win_prob/H/AZ/07/_work/2024_county_results_with_final.csv
[deleted] /home/ubuntu/apps/election-app/win_prob/H/AZ/07/_work/2024_county_results_with_final_1.csv
[deleted] /home/ubuntu/apps/election-app/win_prob/H/AZ/07/_work/2024_county_results_with_calcs-old.csv
[deleted] /home/ubuntu/apps/election-app/win_prob/H/AZ/07/_work/2024_county_results_with_calcs_new.csv
[deleted] /home/ubuntu/apps/election-app/win_prob/H/AZ/07/_work/output_statewide_stats.csv
[skip]    /home/ubuntu/apps/election-app/win_prob/H/AZ/07/_work/probs_timeseries_PA.csv
[deleted] /home/ubuntu/apps/election-app/win_prob/H/AZ/07/_work/2024_county_results_with_calcs.csv
[skip]    /home/ubuntu/apps/election-app/win_prob/H/AZ/07/data_output.csv
[skip]    /home/ubuntu/apps/election-app/win_prob/H/AZ/07/data_output_with_margins_old.csv
[skip]    /home/ubuntu/apps/election-app/win_prob/H/AZ/07/data_output_with_margins.csv
[skip]    /home/ubuntu/apps/election-app/win_prob/H/AZ/07/data_output_with_margins-statewide.csv
[deleted] /home/ubuntu/apps/election-app/win_prob/H/AZ/07/snapshots_AZ.csv
[deleted] /home/ubuntu/apps/election-app/win_prob/H/AZ/07/data_output_AZ.csv
[deleted] /home/ubuntu/apps/election-app/win_prob/H/AZ/07/data_output_AZ_with_margins.csv
[deleted] /home/ubuntu/apps/election-app/win_prob/H/AZ/07/data_output_AZ_with_margins_statewide_eevp.csv
[deleted] /home/ubuntu/apps/election-app/win_prob/H/AZ/07/data_output_AZ.csv.checkpoint.json
[deleted] /home/ubuntu/apps/election-app/win_prob/H/AZ/07/stats.csv
[deleted] /home/ubuntu/apps/election-app/win_prob/H/AZ/07/stats2.csv
[done] removed 16 file(s)
