[2026-01-23 00:19:29] INFO: [PIPELINE] args: office=P state=ID district=None
[2026-01-23 00:19:29] INFO: [PIPELINE] WINPROB_DIR resolved to: /home/ubuntu/apps/election-app/win_prob/P/ID
[2026-01-23 00:19:29] INFO: [PIPELINE] OUTDIR set to: /home/ubuntu/apps/election-app/win_prob/P/ID

$ /home/ubuntu/.venv/bin/python3 /home/ubuntu/apps/election-app/stats/1-statewide.py --input /home/ubuntu/apps/election-app/win_prob/P/ID/stats.csv --output /home/ubuntu/apps/election-app/win_prob/P/ID/_work/stats_with_statewide.csv
Wrote /home/ubuntu/apps/election-app/win_prob/P/ID/_work/stats_with_statewide.csv (rows=44)

$ /home/ubuntu/.venv/bin/python3 /home/ubuntu/apps/election-app/stats/1-stats-2.py --input /home/ubuntu/apps/election-app/win_prob/P/ID/stats2.csv --output /home/ubuntu/apps/election-app/win_prob/P/ID/_work/stats2_final_headers.csv
Wrote /home/ubuntu/apps/election-app/win_prob/P/ID/_work/stats2_final_headers.csv (rows=44)

$ /home/ubuntu/.venv/bin/python3 /home/ubuntu/apps/election-app/stats/1-append-new.py
Wrote 2024_county_results_with_final-old.csv (rows=44, missing_final_matches=0)

$ /home/ubuntu/.venv/bin/python3 /home/ubuntu/apps/election-app/stats/1-change_header.py
Wrote: 2024_county_results_with_final.csv

$ /home/ubuntu/.venv/bin/python3 /home/ubuntu/apps/election-app/stats/1-cut-zero-fips.py
Wrote: 2024_county_results_with_final_1.csv
Rows before: 44
Rows after:  44
Dropped (fips == 0): 0

$ /home/ubuntu/.venv/bin/python3 /home/ubuntu/apps/election-app/stats/2-calc.py
Wrote 44 rows with calculations to /home/ubuntu/apps/election-app/win_prob/P/ID/_work/2024_county_results_with_calcs-old.csv

$ /home/ubuntu/.venv/bin/python3 /home/ubuntu/apps/election-app/stats/2-eevp.py
Wrote (no-op copy): 2024_county_results_with_calcs.csv
Columns:
 - timestamp
 - state
 - county
 - fips
 - trump_votes
 - harris_votes
 - other_votes
 - eevp
 - state_eevp
 - harris_votes_statewide
 - trump_votes_statewide
 - other_votes_statewide
 - final_state
 - final_county
 - final_fips
 - final_trump_votes
 - final_harris_votes
 - final_other_votes
 - harris_percent_snapshot
 - trump_percent_snapshot
 - margin_snapshot
 - harris_percent_final
 - trump_percent_final
 - margin_final
 - margin_difference
 - margin_difference_abs

$ /home/ubuntu/.venv/bin/python3 /home/ubuntu/apps/election-app/stats/3-calc-new.py
Wrote 44 rows with new columns to /home/ubuntu/apps/election-app/win_prob/P/ID/_work/2024_county_results_with_calcs_new.csv

$ /home/ubuntu/.venv/bin/python3 /home/ubuntu/apps/election-app/stats/4-stats.py
Reading 2024_county_results_with_calcs_new.csv...
Aggregating statewide totals...
Calculating percentages and margins...
Writing to output_statewide_stats.csv...
Done!
[2026-01-23 00:19:38] INFO: [PIPELINE] ENTER win-prob generation | states=['ID'] ts_list=['2024-11-05T15-30-22']

============================================================================
[01/1] STATE = ID
============================================================================

$ /home/ubuntu/.venv/bin/python3 /home/ubuntu/apps/election-app/stats/5-snapshots.py --state ID --input /home/ubuntu/apps/election-app/win_prob/P/ID/_work/output_statewide_stats.csv --output /home/ubuntu/apps/election-app/win_prob/P/ID/snapshots_ID.csv --start 2024-11-05T15-30-22 --end 2024-11-05T15-30-22 --use-window 1 --interval 30
Mode: windowed-one-state
Rows written: 44
Distinct states in output: ID
Rows per normalized timestamp (empty = unparseable):
  2024-11-05T15-30-22: 44
Wrote /home/ubuntu/apps/election-app/win_prob/P/ID/snapshots_ID.csv

$ /home/ubuntu/.venv/bin/python3 /home/ubuntu/apps/election-app/stats/6-pval.py /home/ubuntu/apps/election-app/win_prob/P/ID/snapshots_ID.csv -t /home/ubuntu/apps/election-app/stats/parameters.csv -o /home/ubuntu/apps/election-app/win_prob/P/ID/data_output_ID.csv -c 50
Done. Wrote: /home/ubuntu/apps/election-app/win_prob/P/ID/data_output_ID.csv
Total rows: 44 (chunked, resumable).
Computed columns for PVALS = [0.01, 0.1, 1, 2, 3, 5, 10, 15, 20, 25, 30, 35, 40, 45, 50, 55, 60, 65, 70, 75, 80, 85, 90, 95, 97, 98, 99, 99.9, 99.99]
Per p (leader): shift_{p}, margin_new_{p}, harris_percent_new_{p}, trump_percent_new_{p}, total_snapshot_{p}, total_expected_{p}, harris_votes_new_{p}, trump_votes_new_{p}
Per p (trailing): shift_trailing_{p}, margin_new_{p}_trailing, harris_percent_new_{p}_trailing, trump_percent_new_{p}_trailing, total_snapshot_{p}_trailing, total_expected_{p}_trailing, harris_votes_new_{p}_trailing, trump_votes_new_{p}_trailing
Checkpoint saved at: /home/ubuntu/apps/election-app/win_prob/P/ID/data_output_ID.csv.checkpoint.json

$ /home/ubuntu/.venv/bin/python3 /home/ubuntu/apps/election-app/stats/7-margin-new.py
Wrote data_output_with_margins_old.csv

$ /home/ubuntu/.venv/bin/python3 /home/ubuntu/apps/election-app/stats/7-eevp-statewide.py
Wrote data_output_with_margins.csv (copied from data_output_with_margins_old.csv)

$ /home/ubuntu/.venv/bin/python3 /home/ubuntu/apps/election-app/stats/7.py --input /home/ubuntu/apps/election-app/win_prob/P/ID/data_output_ID_with_margins_statewide_eevp.csv --output /home/ubuntu/apps/election-app/win_prob/P/ID/statewide_margin_pct_vs_percent_ID_2026.png --state ID --start 2024-11-05T15-30-22 --end 2024-11-05T15-30-22 --stats /home/ubuntu/apps/election-app/win_prob/P/ID/stats.csv --stats2 /home/ubuntu/apps/election-app/win_prob/P/ID/stats2.csv --interval 30 --year 2026 --jsonl /home/ubuntu/apps/election-app/win_prob/P/ID/plotdata_ID_2026_2026-01-23T00-19-29.jsonl
[info] evaluating 1 timestamps from 2024-11-05T15-30-22 to 2024-11-05T15-30-22 every 30 minutes
[saved] probs_timeseries_ID.csv  (1 points)
[saved] /home/ubuntu/apps/election-app/win_prob/P/ID/plotdata_ID_2026_2026-01-23T00-19-29.jsonl  (0 points)
[saved] /home/ubuntu/apps/election-app/win_prob/P/ID/statewide_margin_pct_vs_percent_ID_2026_box.json
[saved] /home/ubuntu/apps/election-app/win_prob/P/ID/statewide_margin_pct_vs_percent_ID_2026_box.png
[saved] /home/ubuntu/apps/election-app/win_prob/P/ID/statewide_margin_pct_vs_percent_ID_2026.png

All 50 states complete. See: /home/ubuntu/apps/election-app/win_prob/P/ID

$ /home/ubuntu/.venv/bin/python3 /home/ubuntu/apps/election-app/stats/8.py --root /home/ubuntu/apps/election-app/win_prob/P/ID/_work --outdir /home/ubuntu/apps/election-app/win_prob/P/ID
[info] root  = /home/ubuntu/apps/election-app/win_prob/P/ID/_work
[info] outdir= /home/ubuntu/apps/election-app/win_prob/P/ID
[deleted] /home/ubuntu/apps/election-app/win_prob/P/ID/_work/stats_with_statewide.csv
[deleted] /home/ubuntu/apps/election-app/win_prob/P/ID/_work/stats2_final_headers.csv
[deleted] /home/ubuntu/apps/election-app/win_prob/P/ID/_work/2024_county_results_with_final-old.csv
[deleted] /home/ubuntu/apps/election-app/win_prob/P/ID/_work/2024_county_results_with_final.csv
[deleted] /home/ubuntu/apps/election-app/win_prob/P/ID/_work/2024_county_results_with_final_1.csv
[deleted] /home/ubuntu/apps/election-app/win_prob/P/ID/_work/2024_county_results_with_calcs-old.csv
[deleted] /home/ubuntu/apps/election-app/win_prob/P/ID/_work/2024_county_results_with_calcs_new.csv
[deleted] /home/ubuntu/apps/election-app/win_prob/P/ID/_work/output_statewide_stats.csv
[skip]    /home/ubuntu/apps/election-app/win_prob/P/ID/_work/probs_timeseries_PA.csv
[deleted] /home/ubuntu/apps/election-app/win_prob/P/ID/_work/2024_county_results_with_calcs.csv
[skip]    /home/ubuntu/apps/election-app/win_prob/P/ID/data_output.csv
[skip]    /home/ubuntu/apps/election-app/win_prob/P/ID/data_output_with_margins_old.csv
[skip]    /home/ubuntu/apps/election-app/win_prob/P/ID/data_output_with_margins.csv
[skip]    /home/ubuntu/apps/election-app/win_prob/P/ID/data_output_with_margins-statewide.csv
[deleted] /home/ubuntu/apps/election-app/win_prob/P/ID/snapshots_ID.csv
[deleted] /home/ubuntu/apps/election-app/win_prob/P/ID/data_output_ID_with_margins_statewide_eevp.csv
[deleted] /home/ubuntu/apps/election-app/win_prob/P/ID/data_output_ID_with_margins.csv
[deleted] /home/ubuntu/apps/election-app/win_prob/P/ID/data_output_ID.csv
[deleted] /home/ubuntu/apps/election-app/win_prob/P/ID/data_output_ID.csv.checkpoint.json
[deleted] /home/ubuntu/apps/election-app/win_prob/P/ID/stats.csv
[deleted] /home/ubuntu/apps/election-app/win_prob/P/ID/stats2.csv
[done] removed 16 file(s)
[2026-01-23 00:47:32] INFO: [PIPELINE] args: office=P state=ID district=None
[2026-01-23 00:47:32] INFO: [PIPELINE] WINPROB_DIR resolved to: /home/ubuntu/apps/election-app/win_prob/P/ID
[2026-01-23 00:47:32] INFO: [PIPELINE] OUTDIR set to: /home/ubuntu/apps/election-app/win_prob/P/ID

$ /home/ubuntu/.venv/bin/python3 /home/ubuntu/apps/election-app/stats/1-statewide.py --input /home/ubuntu/apps/election-app/win_prob/P/ID/stats.csv --output /home/ubuntu/apps/election-app/win_prob/P/ID/_work/stats_with_statewide.csv
Wrote /home/ubuntu/apps/election-app/win_prob/P/ID/_work/stats_with_statewide.csv (rows=44)

$ /home/ubuntu/.venv/bin/python3 /home/ubuntu/apps/election-app/stats/1-stats-2.py --input /home/ubuntu/apps/election-app/win_prob/P/ID/stats2.csv --output /home/ubuntu/apps/election-app/win_prob/P/ID/_work/stats2_final_headers.csv
Wrote /home/ubuntu/apps/election-app/win_prob/P/ID/_work/stats2_final_headers.csv (rows=44)

$ /home/ubuntu/.venv/bin/python3 /home/ubuntu/apps/election-app/stats/1-append-new.py
Wrote 2024_county_results_with_final-old.csv (rows=44, missing_final_matches=0)

$ /home/ubuntu/.venv/bin/python3 /home/ubuntu/apps/election-app/stats/1-change_header.py
Wrote: 2024_county_results_with_final.csv

$ /home/ubuntu/.venv/bin/python3 /home/ubuntu/apps/election-app/stats/1-cut-zero-fips.py
Wrote: 2024_county_results_with_final_1.csv
Rows before: 44
Rows after:  44
Dropped (fips == 0): 0

$ /home/ubuntu/.venv/bin/python3 /home/ubuntu/apps/election-app/stats/2-calc.py
Wrote 44 rows with calculations to /home/ubuntu/apps/election-app/win_prob/P/ID/_work/2024_county_results_with_calcs-old.csv

$ /home/ubuntu/.venv/bin/python3 /home/ubuntu/apps/election-app/stats/2-eevp.py
Wrote (no-op copy): 2024_county_results_with_calcs.csv
Columns:
 - timestamp
 - state
 - county
 - fips
 - trump_votes
 - harris_votes
 - other_votes
 - eevp
 - state_eevp
 - harris_votes_statewide
 - trump_votes_statewide
 - other_votes_statewide
 - final_state
 - final_county
 - final_fips
 - final_trump_votes
 - final_harris_votes
 - final_other_votes
 - harris_percent_snapshot
 - trump_percent_snapshot
 - margin_snapshot
 - harris_percent_final
 - trump_percent_final
 - margin_final
 - margin_difference
 - margin_difference_abs

$ /home/ubuntu/.venv/bin/python3 /home/ubuntu/apps/election-app/stats/3-calc-new.py
Wrote 44 rows with new columns to /home/ubuntu/apps/election-app/win_prob/P/ID/_work/2024_county_results_with_calcs_new.csv

$ /home/ubuntu/.venv/bin/python3 /home/ubuntu/apps/election-app/stats/4-stats.py
Reading 2024_county_results_with_calcs_new.csv...
Aggregating statewide totals...
Calculating percentages and margins...
Writing to output_statewide_stats.csv...
Done!
[2026-01-23 00:47:41] INFO: [PIPELINE] ENTER win-prob generation | states=['ID'] ts_list=['2024-11-05T15-30-22']

============================================================================
[01/1] STATE = ID
============================================================================

$ /home/ubuntu/.venv/bin/python3 /home/ubuntu/apps/election-app/stats/5-snapshots.py --state ID --input /home/ubuntu/apps/election-app/win_prob/P/ID/_work/output_statewide_stats.csv --output /home/ubuntu/apps/election-app/win_prob/P/ID/snapshots_ID.csv --start 2024-11-05T15-30-22 --end 2024-11-05T15-30-22 --use-window 1 --interval 30
Mode: windowed-one-state
Rows written: 44
Distinct states in output: ID
Rows per normalized timestamp (empty = unparseable):
  2024-11-05T15-30-22: 44
Wrote /home/ubuntu/apps/election-app/win_prob/P/ID/snapshots_ID.csv

$ /home/ubuntu/.venv/bin/python3 /home/ubuntu/apps/election-app/stats/6-pval.py /home/ubuntu/apps/election-app/win_prob/P/ID/snapshots_ID.csv -t /home/ubuntu/apps/election-app/stats/parameters.csv -o /home/ubuntu/apps/election-app/win_prob/P/ID/data_output_ID.csv -c 50
Done. Wrote: /home/ubuntu/apps/election-app/win_prob/P/ID/data_output_ID.csv
Total rows: 44 (chunked, resumable).
Computed columns for PVALS = [0.01, 0.1, 1, 2, 3, 5, 10, 15, 20, 25, 30, 35, 40, 45, 50, 55, 60, 65, 70, 75, 80, 85, 90, 95, 97, 98, 99, 99.9, 99.99]
Per p (leader): shift_{p}, margin_new_{p}, harris_percent_new_{p}, trump_percent_new_{p}, total_snapshot_{p}, total_expected_{p}, harris_votes_new_{p}, trump_votes_new_{p}
Per p (trailing): shift_trailing_{p}, margin_new_{p}_trailing, harris_percent_new_{p}_trailing, trump_percent_new_{p}_trailing, total_snapshot_{p}_trailing, total_expected_{p}_trailing, harris_votes_new_{p}_trailing, trump_votes_new_{p}_trailing
Checkpoint saved at: /home/ubuntu/apps/election-app/win_prob/P/ID/data_output_ID.csv.checkpoint.json

$ /home/ubuntu/.venv/bin/python3 /home/ubuntu/apps/election-app/stats/7-margin-new.py
Wrote data_output_with_margins_old.csv

$ /home/ubuntu/.venv/bin/python3 /home/ubuntu/apps/election-app/stats/7-eevp-statewide.py
Wrote data_output_with_margins.csv (copied from data_output_with_margins_old.csv)

$ /home/ubuntu/.venv/bin/python3 /home/ubuntu/apps/election-app/stats/7.py --input /home/ubuntu/apps/election-app/win_prob/P/ID/data_output_ID_with_margins_statewide_eevp.csv --output /home/ubuntu/apps/election-app/win_prob/P/ID/statewide_margin_pct_vs_percent_ID_2026.png --state ID --start 2024-11-05T15-30-22 --end 2024-11-05T15-30-22 --stats /home/ubuntu/apps/election-app/win_prob/P/ID/stats.csv --stats2 /home/ubuntu/apps/election-app/win_prob/P/ID/stats2.csv --interval 30 --year 2026 --jsonl /home/ubuntu/apps/election-app/win_prob/P/ID/plotdata_ID_2026_2026-01-23T00-47-32.jsonl
[info] evaluating 1 timestamps from 2024-11-05T15-30-22 to 2024-11-05T15-30-22 every 30 minutes
[saved] probs_timeseries_ID.csv  (1 points)
[saved] /home/ubuntu/apps/election-app/win_prob/P/ID/plotdata_ID_2026_2026-01-23T00-47-32.jsonl  (4 points)
[saved] /home/ubuntu/apps/election-app/win_prob/P/ID/statewide_margin_pct_vs_percent_ID_2026_box.json
[saved] /home/ubuntu/apps/election-app/win_prob/P/ID/statewide_margin_pct_vs_percent_ID_2026_box.png
[saved] /home/ubuntu/apps/election-app/win_prob/P/ID/statewide_margin_pct_vs_percent_ID_2026.png

All 50 states complete. See: /home/ubuntu/apps/election-app/win_prob/P/ID

$ /home/ubuntu/.venv/bin/python3 /home/ubuntu/apps/election-app/stats/8.py --root /home/ubuntu/apps/election-app/win_prob/P/ID/_work --outdir /home/ubuntu/apps/election-app/win_prob/P/ID
[info] root  = /home/ubuntu/apps/election-app/win_prob/P/ID/_work
[info] outdir= /home/ubuntu/apps/election-app/win_prob/P/ID
[deleted] /home/ubuntu/apps/election-app/win_prob/P/ID/_work/stats_with_statewide.csv
[deleted] /home/ubuntu/apps/election-app/win_prob/P/ID/_work/stats2_final_headers.csv
[deleted] /home/ubuntu/apps/election-app/win_prob/P/ID/_work/2024_county_results_with_final-old.csv
[deleted] /home/ubuntu/apps/election-app/win_prob/P/ID/_work/2024_county_results_with_final.csv
[deleted] /home/ubuntu/apps/election-app/win_prob/P/ID/_work/2024_county_results_with_final_1.csv
[deleted] /home/ubuntu/apps/election-app/win_prob/P/ID/_work/2024_county_results_with_calcs-old.csv
[deleted] /home/ubuntu/apps/election-app/win_prob/P/ID/_work/2024_county_results_with_calcs_new.csv
[deleted] /home/ubuntu/apps/election-app/win_prob/P/ID/_work/output_statewide_stats.csv
[skip]    /home/ubuntu/apps/election-app/win_prob/P/ID/_work/probs_timeseries_PA.csv
[deleted] /home/ubuntu/apps/election-app/win_prob/P/ID/_work/2024_county_results_with_calcs.csv
[skip]    /home/ubuntu/apps/election-app/win_prob/P/ID/data_output.csv
[skip]    /home/ubuntu/apps/election-app/win_prob/P/ID/data_output_with_margins_old.csv
[skip]    /home/ubuntu/apps/election-app/win_prob/P/ID/data_output_with_margins.csv
[skip]    /home/ubuntu/apps/election-app/win_prob/P/ID/data_output_with_margins-statewide.csv
[deleted] /home/ubuntu/apps/election-app/win_prob/P/ID/snapshots_ID.csv
[deleted] /home/ubuntu/apps/election-app/win_prob/P/ID/data_output_ID_with_margins_statewide_eevp.csv
[deleted] /home/ubuntu/apps/election-app/win_prob/P/ID/data_output_ID_with_margins.csv
[deleted] /home/ubuntu/apps/election-app/win_prob/P/ID/data_output_ID.csv
[deleted] /home/ubuntu/apps/election-app/win_prob/P/ID/data_output_ID.csv.checkpoint.json
[deleted] /home/ubuntu/apps/election-app/win_prob/P/ID/stats.csv
[deleted] /home/ubuntu/apps/election-app/win_prob/P/ID/stats2.csv
[done] removed 16 file(s)
[2026-01-23 00:54:33] INFO: [PIPELINE] args: office=P state=ID district=None
[2026-01-23 00:54:33] INFO: [PIPELINE] WINPROB_DIR resolved to: /home/ubuntu/apps/election-app/win_prob/P/ID
[2026-01-23 00:54:33] INFO: [PIPELINE] OUTDIR set to: /home/ubuntu/apps/election-app/win_prob/P/ID

$ /home/ubuntu/.venv/bin/python3 /home/ubuntu/apps/election-app/stats/1-statewide.py --input /home/ubuntu/apps/election-app/win_prob/P/ID/stats.csv --output /home/ubuntu/apps/election-app/win_prob/P/ID/_work/stats_with_statewide.csv
Wrote /home/ubuntu/apps/election-app/win_prob/P/ID/_work/stats_with_statewide.csv (rows=44)

$ /home/ubuntu/.venv/bin/python3 /home/ubuntu/apps/election-app/stats/1-stats-2.py --input /home/ubuntu/apps/election-app/win_prob/P/ID/stats2.csv --output /home/ubuntu/apps/election-app/win_prob/P/ID/_work/stats2_final_headers.csv
Wrote /home/ubuntu/apps/election-app/win_prob/P/ID/_work/stats2_final_headers.csv (rows=44)

$ /home/ubuntu/.venv/bin/python3 /home/ubuntu/apps/election-app/stats/1-append-new.py
Wrote 2024_county_results_with_final-old.csv (rows=44, missing_final_matches=0)

$ /home/ubuntu/.venv/bin/python3 /home/ubuntu/apps/election-app/stats/1-change_header.py
Wrote: 2024_county_results_with_final.csv

$ /home/ubuntu/.venv/bin/python3 /home/ubuntu/apps/election-app/stats/1-cut-zero-fips.py
Wrote: 2024_county_results_with_final_1.csv
Rows before: 44
Rows after:  44
Dropped (fips == 0): 0

$ /home/ubuntu/.venv/bin/python3 /home/ubuntu/apps/election-app/stats/2-calc.py
Wrote 44 rows with calculations to /home/ubuntu/apps/election-app/win_prob/P/ID/_work/2024_county_results_with_calcs-old.csv

$ /home/ubuntu/.venv/bin/python3 /home/ubuntu/apps/election-app/stats/2-eevp.py
Wrote (no-op copy): 2024_county_results_with_calcs.csv
Columns:
 - timestamp
 - state
 - county
 - fips
 - trump_votes
 - harris_votes
 - other_votes
 - eevp
 - state_eevp
 - harris_votes_statewide
 - trump_votes_statewide
 - other_votes_statewide
 - final_state
 - final_county
 - final_fips
 - final_trump_votes
 - final_harris_votes
 - final_other_votes
 - harris_percent_snapshot
 - trump_percent_snapshot
 - margin_snapshot
 - harris_percent_final
 - trump_percent_final
 - margin_final
 - margin_difference
 - margin_difference_abs

$ /home/ubuntu/.venv/bin/python3 /home/ubuntu/apps/election-app/stats/3-calc-new.py
Wrote 44 rows with new columns to /home/ubuntu/apps/election-app/win_prob/P/ID/_work/2024_county_results_with_calcs_new.csv

$ /home/ubuntu/.venv/bin/python3 /home/ubuntu/apps/election-app/stats/4-stats.py
Reading 2024_county_results_with_calcs_new.csv...
Aggregating statewide totals...
Calculating percentages and margins...
Writing to output_statewide_stats.csv...
Done!
[2026-01-23 00:54:42] INFO: [PIPELINE] ENTER win-prob generation | states=['ID'] ts_list=['2024-11-05T15-30-22']

============================================================================
[01/1] STATE = ID
============================================================================

$ /home/ubuntu/.venv/bin/python3 /home/ubuntu/apps/election-app/stats/5-snapshots.py --state ID --input /home/ubuntu/apps/election-app/win_prob/P/ID/_work/output_statewide_stats.csv --output /home/ubuntu/apps/election-app/win_prob/P/ID/snapshots_ID.csv --start 2024-11-05T15-30-22 --end 2024-11-05T15-30-22 --use-window 1 --interval 30
Mode: windowed-one-state
Rows written: 44
Distinct states in output: ID
Rows per normalized timestamp (empty = unparseable):
  2024-11-05T15-30-22: 44
Wrote /home/ubuntu/apps/election-app/win_prob/P/ID/snapshots_ID.csv

$ /home/ubuntu/.venv/bin/python3 /home/ubuntu/apps/election-app/stats/6-pval.py /home/ubuntu/apps/election-app/win_prob/P/ID/snapshots_ID.csv -t /home/ubuntu/apps/election-app/stats/parameters.csv -o /home/ubuntu/apps/election-app/win_prob/P/ID/data_output_ID.csv -c 50
Done. Wrote: /home/ubuntu/apps/election-app/win_prob/P/ID/data_output_ID.csv
Total rows: 44 (chunked, resumable).
Computed columns for PVALS = [0.01, 0.1, 1, 2, 3, 5, 10, 15, 20, 25, 30, 35, 40, 45, 50, 55, 60, 65, 70, 75, 80, 85, 90, 95, 97, 98, 99, 99.9, 99.99]
Per p (leader): shift_{p}, margin_new_{p}, harris_percent_new_{p}, trump_percent_new_{p}, total_snapshot_{p}, total_expected_{p}, harris_votes_new_{p}, trump_votes_new_{p}
Per p (trailing): shift_trailing_{p}, margin_new_{p}_trailing, harris_percent_new_{p}_trailing, trump_percent_new_{p}_trailing, total_snapshot_{p}_trailing, total_expected_{p}_trailing, harris_votes_new_{p}_trailing, trump_votes_new_{p}_trailing
Checkpoint saved at: /home/ubuntu/apps/election-app/win_prob/P/ID/data_output_ID.csv.checkpoint.json

$ /home/ubuntu/.venv/bin/python3 /home/ubuntu/apps/election-app/stats/7-margin-new.py
Wrote data_output_with_margins_old.csv

$ /home/ubuntu/.venv/bin/python3 /home/ubuntu/apps/election-app/stats/7-eevp-statewide.py
Wrote data_output_with_margins.csv (copied from data_output_with_margins_old.csv)

$ /home/ubuntu/.venv/bin/python3 /home/ubuntu/apps/election-app/stats/7.py --input /home/ubuntu/apps/election-app/win_prob/P/ID/data_output_ID_with_margins_statewide_eevp.csv --output /home/ubuntu/apps/election-app/win_prob/P/ID/statewide_margin_pct_vs_percent_ID_2026.png --state ID --start 2024-11-05T15-30-22 --end 2024-11-05T15-30-22 --stats /home/ubuntu/apps/election-app/win_prob/P/ID/stats.csv --stats2 /home/ubuntu/apps/election-app/win_prob/P/ID/stats2.csv --interval 30 --year 2026 --jsonl /home/ubuntu/apps/election-app/win_prob/P/ID/plotdata_ID_2026_2026-01-23T00-54-33.jsonl
[info] evaluating 1 timestamps from 2024-11-05T15-30-22 to 2024-11-05T15-30-22 every 30 minutes
[saved] probs_timeseries_ID.csv  (1 points)
[saved] /home/ubuntu/apps/election-app/win_prob/P/ID/plotdata_ID_2026_2026-01-23T00-54-33.jsonl  (4 points)
[saved] /home/ubuntu/apps/election-app/win_prob/P/ID/statewide_margin_pct_vs_percent_ID_2026_box.json
[saved] /home/ubuntu/apps/election-app/win_prob/P/ID/statewide_margin_pct_vs_percent_ID_2026_box.png
[saved] /home/ubuntu/apps/election-app/win_prob/P/ID/statewide_margin_pct_vs_percent_ID_2026.png

All 50 states complete. See: /home/ubuntu/apps/election-app/win_prob/P/ID

$ /home/ubuntu/.venv/bin/python3 /home/ubuntu/apps/election-app/stats/8.py --root /home/ubuntu/apps/election-app/win_prob/P/ID/_work --outdir /home/ubuntu/apps/election-app/win_prob/P/ID
[info] root  = /home/ubuntu/apps/election-app/win_prob/P/ID/_work
[info] outdir= /home/ubuntu/apps/election-app/win_prob/P/ID
[deleted] /home/ubuntu/apps/election-app/win_prob/P/ID/_work/stats_with_statewide.csv
[deleted] /home/ubuntu/apps/election-app/win_prob/P/ID/_work/stats2_final_headers.csv
[deleted] /home/ubuntu/apps/election-app/win_prob/P/ID/_work/2024_county_results_with_final-old.csv
[deleted] /home/ubuntu/apps/election-app/win_prob/P/ID/_work/2024_county_results_with_final.csv
[deleted] /home/ubuntu/apps/election-app/win_prob/P/ID/_work/2024_county_results_with_final_1.csv
[deleted] /home/ubuntu/apps/election-app/win_prob/P/ID/_work/2024_county_results_with_calcs-old.csv
[deleted] /home/ubuntu/apps/election-app/win_prob/P/ID/_work/2024_county_results_with_calcs_new.csv
[deleted] /home/ubuntu/apps/election-app/win_prob/P/ID/_work/output_statewide_stats.csv
[skip]    /home/ubuntu/apps/election-app/win_prob/P/ID/_work/probs_timeseries_PA.csv
[deleted] /home/ubuntu/apps/election-app/win_prob/P/ID/_work/2024_county_results_with_calcs.csv
[skip]    /home/ubuntu/apps/election-app/win_prob/P/ID/data_output.csv
[skip]    /home/ubuntu/apps/election-app/win_prob/P/ID/data_output_with_margins_old.csv
[skip]    /home/ubuntu/apps/election-app/win_prob/P/ID/data_output_with_margins.csv
[skip]    /home/ubuntu/apps/election-app/win_prob/P/ID/data_output_with_margins-statewide.csv
[deleted] /home/ubuntu/apps/election-app/win_prob/P/ID/snapshots_ID.csv
[deleted] /home/ubuntu/apps/election-app/win_prob/P/ID/data_output_ID_with_margins_statewide_eevp.csv
[deleted] /home/ubuntu/apps/election-app/win_prob/P/ID/data_output_ID_with_margins.csv
[deleted] /home/ubuntu/apps/election-app/win_prob/P/ID/data_output_ID.csv
[deleted] /home/ubuntu/apps/election-app/win_prob/P/ID/data_output_ID.csv.checkpoint.json
[deleted] /home/ubuntu/apps/election-app/win_prob/P/ID/stats.csv
[deleted] /home/ubuntu/apps/election-app/win_prob/P/ID/stats2.csv
[done] removed 16 file(s)
[2026-01-23 01:01:34] INFO: [PIPELINE] args: office=P state=ID district=None
[2026-01-23 01:01:34] INFO: [PIPELINE] WINPROB_DIR resolved to: /home/ubuntu/apps/election-app/win_prob/P/ID
[2026-01-23 01:01:34] INFO: [PIPELINE] OUTDIR set to: /home/ubuntu/apps/election-app/win_prob/P/ID

$ /home/ubuntu/.venv/bin/python3 /home/ubuntu/apps/election-app/stats/1-statewide.py --input /home/ubuntu/apps/election-app/win_prob/P/ID/stats.csv --output /home/ubuntu/apps/election-app/win_prob/P/ID/_work/stats_with_statewide.csv
Wrote /home/ubuntu/apps/election-app/win_prob/P/ID/_work/stats_with_statewide.csv (rows=44)

$ /home/ubuntu/.venv/bin/python3 /home/ubuntu/apps/election-app/stats/1-stats-2.py --input /home/ubuntu/apps/election-app/win_prob/P/ID/stats2.csv --output /home/ubuntu/apps/election-app/win_prob/P/ID/_work/stats2_final_headers.csv
Wrote /home/ubuntu/apps/election-app/win_prob/P/ID/_work/stats2_final_headers.csv (rows=44)

$ /home/ubuntu/.venv/bin/python3 /home/ubuntu/apps/election-app/stats/1-append-new.py
Wrote 2024_county_results_with_final-old.csv (rows=44, missing_final_matches=0)

$ /home/ubuntu/.venv/bin/python3 /home/ubuntu/apps/election-app/stats/1-change_header.py
Wrote: 2024_county_results_with_final.csv

$ /home/ubuntu/.venv/bin/python3 /home/ubuntu/apps/election-app/stats/1-cut-zero-fips.py
Wrote: 2024_county_results_with_final_1.csv
Rows before: 44
Rows after:  44
Dropped (fips == 0): 0

$ /home/ubuntu/.venv/bin/python3 /home/ubuntu/apps/election-app/stats/2-calc.py
Wrote 44 rows with calculations to /home/ubuntu/apps/election-app/win_prob/P/ID/_work/2024_county_results_with_calcs-old.csv

$ /home/ubuntu/.venv/bin/python3 /home/ubuntu/apps/election-app/stats/2-eevp.py
Wrote (no-op copy): 2024_county_results_with_calcs.csv
Columns:
 - timestamp
 - state
 - county
 - fips
 - trump_votes
 - harris_votes
 - other_votes
 - eevp
 - state_eevp
 - harris_votes_statewide
 - trump_votes_statewide
 - other_votes_statewide
 - final_state
 - final_county
 - final_fips
 - final_trump_votes
 - final_harris_votes
 - final_other_votes
 - harris_percent_snapshot
 - trump_percent_snapshot
 - margin_snapshot
 - harris_percent_final
 - trump_percent_final
 - margin_final
 - margin_difference
 - margin_difference_abs

$ /home/ubuntu/.venv/bin/python3 /home/ubuntu/apps/election-app/stats/3-calc-new.py
Wrote 44 rows with new columns to /home/ubuntu/apps/election-app/win_prob/P/ID/_work/2024_county_results_with_calcs_new.csv

$ /home/ubuntu/.venv/bin/python3 /home/ubuntu/apps/election-app/stats/4-stats.py
Reading 2024_county_results_with_calcs_new.csv...
Aggregating statewide totals...
Calculating percentages and margins...
Writing to output_statewide_stats.csv...
Done!
[2026-01-23 01:01:44] INFO: [PIPELINE] ENTER win-prob generation | states=['ID'] ts_list=['2024-11-05T15-30-22']

============================================================================
[01/1] STATE = ID
============================================================================

$ /home/ubuntu/.venv/bin/python3 /home/ubuntu/apps/election-app/stats/5-snapshots.py --state ID --input /home/ubuntu/apps/election-app/win_prob/P/ID/_work/output_statewide_stats.csv --output /home/ubuntu/apps/election-app/win_prob/P/ID/snapshots_ID.csv --start 2024-11-05T15-30-22 --end 2024-11-05T15-30-22 --use-window 1 --interval 30
Mode: windowed-one-state
Rows written: 44
Distinct states in output: ID
Rows per normalized timestamp (empty = unparseable):
  2024-11-05T15-30-22: 44
Wrote /home/ubuntu/apps/election-app/win_prob/P/ID/snapshots_ID.csv

$ /home/ubuntu/.venv/bin/python3 /home/ubuntu/apps/election-app/stats/6-pval.py /home/ubuntu/apps/election-app/win_prob/P/ID/snapshots_ID.csv -t /home/ubuntu/apps/election-app/stats/parameters.csv -o /home/ubuntu/apps/election-app/win_prob/P/ID/data_output_ID.csv -c 50
Done. Wrote: /home/ubuntu/apps/election-app/win_prob/P/ID/data_output_ID.csv
Total rows: 44 (chunked, resumable).
Computed columns for PVALS = [0.01, 0.1, 1, 2, 3, 5, 10, 15, 20, 25, 30, 35, 40, 45, 50, 55, 60, 65, 70, 75, 80, 85, 90, 95, 97, 98, 99, 99.9, 99.99]
Per p (leader): shift_{p}, margin_new_{p}, harris_percent_new_{p}, trump_percent_new_{p}, total_snapshot_{p}, total_expected_{p}, harris_votes_new_{p}, trump_votes_new_{p}
Per p (trailing): shift_trailing_{p}, margin_new_{p}_trailing, harris_percent_new_{p}_trailing, trump_percent_new_{p}_trailing, total_snapshot_{p}_trailing, total_expected_{p}_trailing, harris_votes_new_{p}_trailing, trump_votes_new_{p}_trailing
Checkpoint saved at: /home/ubuntu/apps/election-app/win_prob/P/ID/data_output_ID.csv.checkpoint.json

$ /home/ubuntu/.venv/bin/python3 /home/ubuntu/apps/election-app/stats/7-margin-new.py
Wrote data_output_with_margins_old.csv

$ /home/ubuntu/.venv/bin/python3 /home/ubuntu/apps/election-app/stats/7-eevp-statewide.py
Wrote data_output_with_margins.csv (copied from data_output_with_margins_old.csv)

$ /home/ubuntu/.venv/bin/python3 /home/ubuntu/apps/election-app/stats/7.py --input /home/ubuntu/apps/election-app/win_prob/P/ID/data_output_ID_with_margins_statewide_eevp.csv --output /home/ubuntu/apps/election-app/win_prob/P/ID/statewide_margin_pct_vs_percent_ID_2026.png --state ID --start 2024-11-05T15-30-22 --end 2024-11-05T15-30-22 --stats /home/ubuntu/apps/election-app/win_prob/P/ID/stats.csv --stats2 /home/ubuntu/apps/election-app/win_prob/P/ID/stats2.csv --interval 30 --year 2026 --jsonl /home/ubuntu/apps/election-app/win_prob/P/ID/plotdata_ID_2026_2026-01-23T01-01-34.jsonl
[info] evaluating 1 timestamps from 2024-11-05T15-30-22 to 2024-11-05T15-30-22 every 30 minutes
[saved] probs_timeseries_ID.csv  (1 points)
[saved] /home/ubuntu/apps/election-app/win_prob/P/ID/plotdata_ID_2026_2026-01-23T01-01-34.jsonl  (4 points)
[saved] /home/ubuntu/apps/election-app/win_prob/P/ID/statewide_margin_pct_vs_percent_ID_2026_box.json
[saved] /home/ubuntu/apps/election-app/win_prob/P/ID/statewide_margin_pct_vs_percent_ID_2026_box.png
[saved] /home/ubuntu/apps/election-app/win_prob/P/ID/statewide_margin_pct_vs_percent_ID_2026.png

All 50 states complete. See: /home/ubuntu/apps/election-app/win_prob/P/ID

$ /home/ubuntu/.venv/bin/python3 /home/ubuntu/apps/election-app/stats/8.py --root /home/ubuntu/apps/election-app/win_prob/P/ID/_work --outdir /home/ubuntu/apps/election-app/win_prob/P/ID
[info] root  = /home/ubuntu/apps/election-app/win_prob/P/ID/_work
[info] outdir= /home/ubuntu/apps/election-app/win_prob/P/ID
[deleted] /home/ubuntu/apps/election-app/win_prob/P/ID/_work/stats_with_statewide.csv
[deleted] /home/ubuntu/apps/election-app/win_prob/P/ID/_work/stats2_final_headers.csv
[deleted] /home/ubuntu/apps/election-app/win_prob/P/ID/_work/2024_county_results_with_final-old.csv
[deleted] /home/ubuntu/apps/election-app/win_prob/P/ID/_work/2024_county_results_with_final.csv
[deleted] /home/ubuntu/apps/election-app/win_prob/P/ID/_work/2024_county_results_with_final_1.csv
[deleted] /home/ubuntu/apps/election-app/win_prob/P/ID/_work/2024_county_results_with_calcs-old.csv
[deleted] /home/ubuntu/apps/election-app/win_prob/P/ID/_work/2024_county_results_with_calcs_new.csv
[deleted] /home/ubuntu/apps/election-app/win_prob/P/ID/_work/output_statewide_stats.csv
[skip]    /home/ubuntu/apps/election-app/win_prob/P/ID/_work/probs_timeseries_PA.csv
[deleted] /home/ubuntu/apps/election-app/win_prob/P/ID/_work/2024_county_results_with_calcs.csv
[skip]    /home/ubuntu/apps/election-app/win_prob/P/ID/data_output.csv
[skip]    /home/ubuntu/apps/election-app/win_prob/P/ID/data_output_with_margins_old.csv
[skip]    /home/ubuntu/apps/election-app/win_prob/P/ID/data_output_with_margins.csv
[skip]    /home/ubuntu/apps/election-app/win_prob/P/ID/data_output_with_margins-statewide.csv
[deleted] /home/ubuntu/apps/election-app/win_prob/P/ID/snapshots_ID.csv
[deleted] /home/ubuntu/apps/election-app/win_prob/P/ID/data_output_ID_with_margins_statewide_eevp.csv
[deleted] /home/ubuntu/apps/election-app/win_prob/P/ID/data_output_ID_with_margins.csv
[deleted] /home/ubuntu/apps/election-app/win_prob/P/ID/data_output_ID.csv
[deleted] /home/ubuntu/apps/election-app/win_prob/P/ID/data_output_ID.csv.checkpoint.json
[deleted] /home/ubuntu/apps/election-app/win_prob/P/ID/stats.csv
[deleted] /home/ubuntu/apps/election-app/win_prob/P/ID/stats2.csv
[done] removed 16 file(s)
[2026-01-23 01:08:35] INFO: [PIPELINE] args: office=P state=ID district=None
[2026-01-23 01:08:35] INFO: [PIPELINE] WINPROB_DIR resolved to: /home/ubuntu/apps/election-app/win_prob/P/ID
[2026-01-23 01:08:35] INFO: [PIPELINE] OUTDIR set to: /home/ubuntu/apps/election-app/win_prob/P/ID

$ /home/ubuntu/.venv/bin/python3 /home/ubuntu/apps/election-app/stats/1-statewide.py --input /home/ubuntu/apps/election-app/win_prob/P/ID/stats.csv --output /home/ubuntu/apps/election-app/win_prob/P/ID/_work/stats_with_statewide.csv
Wrote /home/ubuntu/apps/election-app/win_prob/P/ID/_work/stats_with_statewide.csv (rows=44)

$ /home/ubuntu/.venv/bin/python3 /home/ubuntu/apps/election-app/stats/1-stats-2.py --input /home/ubuntu/apps/election-app/win_prob/P/ID/stats2.csv --output /home/ubuntu/apps/election-app/win_prob/P/ID/_work/stats2_final_headers.csv
Wrote /home/ubuntu/apps/election-app/win_prob/P/ID/_work/stats2_final_headers.csv (rows=44)

$ /home/ubuntu/.venv/bin/python3 /home/ubuntu/apps/election-app/stats/1-append-new.py
Wrote 2024_county_results_with_final-old.csv (rows=44, missing_final_matches=0)

$ /home/ubuntu/.venv/bin/python3 /home/ubuntu/apps/election-app/stats/1-change_header.py
Wrote: 2024_county_results_with_final.csv

$ /home/ubuntu/.venv/bin/python3 /home/ubuntu/apps/election-app/stats/1-cut-zero-fips.py
Wrote: 2024_county_results_with_final_1.csv
Rows before: 44
Rows after:  44
Dropped (fips == 0): 0

$ /home/ubuntu/.venv/bin/python3 /home/ubuntu/apps/election-app/stats/2-calc.py
Wrote 44 rows with calculations to /home/ubuntu/apps/election-app/win_prob/P/ID/_work/2024_county_results_with_calcs-old.csv

$ /home/ubuntu/.venv/bin/python3 /home/ubuntu/apps/election-app/stats/2-eevp.py
Wrote (no-op copy): 2024_county_results_with_calcs.csv
Columns:
 - timestamp
 - state
 - county
 - fips
 - trump_votes
 - harris_votes
 - other_votes
 - eevp
 - state_eevp
 - harris_votes_statewide
 - trump_votes_statewide
 - other_votes_statewide
 - final_state
 - final_county
 - final_fips
 - final_trump_votes
 - final_harris_votes
 - final_other_votes
 - harris_percent_snapshot
 - trump_percent_snapshot
 - margin_snapshot
 - harris_percent_final
 - trump_percent_final
 - margin_final
 - margin_difference
 - margin_difference_abs

$ /home/ubuntu/.venv/bin/python3 /home/ubuntu/apps/election-app/stats/3-calc-new.py
Wrote 44 rows with new columns to /home/ubuntu/apps/election-app/win_prob/P/ID/_work/2024_county_results_with_calcs_new.csv

$ /home/ubuntu/.venv/bin/python3 /home/ubuntu/apps/election-app/stats/4-stats.py
Reading 2024_county_results_with_calcs_new.csv...
Aggregating statewide totals...
Calculating percentages and margins...
Writing to output_statewide_stats.csv...
Done!
[2026-01-23 01:08:45] INFO: [PIPELINE] ENTER win-prob generation | states=['ID'] ts_list=['2024-11-05T15-30-22']

============================================================================
[01/1] STATE = ID
============================================================================

$ /home/ubuntu/.venv/bin/python3 /home/ubuntu/apps/election-app/stats/5-snapshots.py --state ID --input /home/ubuntu/apps/election-app/win_prob/P/ID/_work/output_statewide_stats.csv --output /home/ubuntu/apps/election-app/win_prob/P/ID/snapshots_ID.csv --start 2024-11-05T15-30-22 --end 2024-11-05T15-30-22 --use-window 1 --interval 30
Mode: windowed-one-state
Rows written: 44
Distinct states in output: ID
Rows per normalized timestamp (empty = unparseable):
  2024-11-05T15-30-22: 44
Wrote /home/ubuntu/apps/election-app/win_prob/P/ID/snapshots_ID.csv

$ /home/ubuntu/.venv/bin/python3 /home/ubuntu/apps/election-app/stats/6-pval.py /home/ubuntu/apps/election-app/win_prob/P/ID/snapshots_ID.csv -t /home/ubuntu/apps/election-app/stats/parameters.csv -o /home/ubuntu/apps/election-app/win_prob/P/ID/data_output_ID.csv -c 50
Done. Wrote: /home/ubuntu/apps/election-app/win_prob/P/ID/data_output_ID.csv
Total rows: 44 (chunked, resumable).
Computed columns for PVALS = [0.01, 0.1, 1, 2, 3, 5, 10, 15, 20, 25, 30, 35, 40, 45, 50, 55, 60, 65, 70, 75, 80, 85, 90, 95, 97, 98, 99, 99.9, 99.99]
Per p (leader): shift_{p}, margin_new_{p}, harris_percent_new_{p}, trump_percent_new_{p}, total_snapshot_{p}, total_expected_{p}, harris_votes_new_{p}, trump_votes_new_{p}
Per p (trailing): shift_trailing_{p}, margin_new_{p}_trailing, harris_percent_new_{p}_trailing, trump_percent_new_{p}_trailing, total_snapshot_{p}_trailing, total_expected_{p}_trailing, harris_votes_new_{p}_trailing, trump_votes_new_{p}_trailing
Checkpoint saved at: /home/ubuntu/apps/election-app/win_prob/P/ID/data_output_ID.csv.checkpoint.json

$ /home/ubuntu/.venv/bin/python3 /home/ubuntu/apps/election-app/stats/7-margin-new.py
Wrote data_output_with_margins_old.csv

$ /home/ubuntu/.venv/bin/python3 /home/ubuntu/apps/election-app/stats/7-eevp-statewide.py
Wrote data_output_with_margins.csv (copied from data_output_with_margins_old.csv)

$ /home/ubuntu/.venv/bin/python3 /home/ubuntu/apps/election-app/stats/7.py --input /home/ubuntu/apps/election-app/win_prob/P/ID/data_output_ID_with_margins_statewide_eevp.csv --output /home/ubuntu/apps/election-app/win_prob/P/ID/statewide_margin_pct_vs_percent_ID_2026.png --state ID --start 2024-11-05T15-30-22 --end 2024-11-05T15-30-22 --stats /home/ubuntu/apps/election-app/win_prob/P/ID/stats.csv --stats2 /home/ubuntu/apps/election-app/win_prob/P/ID/stats2.csv --interval 30 --year 2026 --jsonl /home/ubuntu/apps/election-app/win_prob/P/ID/plotdata_ID_2026_2026-01-23T01-08-35.jsonl
[info] evaluating 1 timestamps from 2024-11-05T15-30-22 to 2024-11-05T15-30-22 every 30 minutes
[saved] probs_timeseries_ID.csv  (1 points)
[saved] /home/ubuntu/apps/election-app/win_prob/P/ID/plotdata_ID_2026_2026-01-23T01-08-35.jsonl  (4 points)
[saved] /home/ubuntu/apps/election-app/win_prob/P/ID/statewide_margin_pct_vs_percent_ID_2026_box.json
[saved] /home/ubuntu/apps/election-app/win_prob/P/ID/statewide_margin_pct_vs_percent_ID_2026_box.png
[saved] /home/ubuntu/apps/election-app/win_prob/P/ID/statewide_margin_pct_vs_percent_ID_2026.png

All 50 states complete. See: /home/ubuntu/apps/election-app/win_prob/P/ID

$ /home/ubuntu/.venv/bin/python3 /home/ubuntu/apps/election-app/stats/8.py --root /home/ubuntu/apps/election-app/win_prob/P/ID/_work --outdir /home/ubuntu/apps/election-app/win_prob/P/ID
[info] root  = /home/ubuntu/apps/election-app/win_prob/P/ID/_work
[info] outdir= /home/ubuntu/apps/election-app/win_prob/P/ID
[deleted] /home/ubuntu/apps/election-app/win_prob/P/ID/_work/stats_with_statewide.csv
[deleted] /home/ubuntu/apps/election-app/win_prob/P/ID/_work/stats2_final_headers.csv
[deleted] /home/ubuntu/apps/election-app/win_prob/P/ID/_work/2024_county_results_with_final-old.csv
[deleted] /home/ubuntu/apps/election-app/win_prob/P/ID/_work/2024_county_results_with_final.csv
[deleted] /home/ubuntu/apps/election-app/win_prob/P/ID/_work/2024_county_results_with_final_1.csv
[deleted] /home/ubuntu/apps/election-app/win_prob/P/ID/_work/2024_county_results_with_calcs-old.csv
[deleted] /home/ubuntu/apps/election-app/win_prob/P/ID/_work/2024_county_results_with_calcs_new.csv
[deleted] /home/ubuntu/apps/election-app/win_prob/P/ID/_work/output_statewide_stats.csv
[skip]    /home/ubuntu/apps/election-app/win_prob/P/ID/_work/probs_timeseries_PA.csv
[deleted] /home/ubuntu/apps/election-app/win_prob/P/ID/_work/2024_county_results_with_calcs.csv
[skip]    /home/ubuntu/apps/election-app/win_prob/P/ID/data_output.csv
[skip]    /home/ubuntu/apps/election-app/win_prob/P/ID/data_output_with_margins_old.csv
[skip]    /home/ubuntu/apps/election-app/win_prob/P/ID/data_output_with_margins.csv
[skip]    /home/ubuntu/apps/election-app/win_prob/P/ID/data_output_with_margins-statewide.csv
[deleted] /home/ubuntu/apps/election-app/win_prob/P/ID/snapshots_ID.csv
[deleted] /home/ubuntu/apps/election-app/win_prob/P/ID/data_output_ID_with_margins_statewide_eevp.csv
[deleted] /home/ubuntu/apps/election-app/win_prob/P/ID/data_output_ID_with_margins.csv
[deleted] /home/ubuntu/apps/election-app/win_prob/P/ID/data_output_ID.csv
[deleted] /home/ubuntu/apps/election-app/win_prob/P/ID/data_output_ID.csv.checkpoint.json
[deleted] /home/ubuntu/apps/election-app/win_prob/P/ID/stats.csv
[deleted] /home/ubuntu/apps/election-app/win_prob/P/ID/stats2.csv
[done] removed 16 file(s)
[2026-01-23 01:15:37] INFO: [PIPELINE] args: office=P state=ID district=None
[2026-01-23 01:15:37] INFO: [PIPELINE] WINPROB_DIR resolved to: /home/ubuntu/apps/election-app/win_prob/P/ID
[2026-01-23 01:15:37] INFO: [PIPELINE] OUTDIR set to: /home/ubuntu/apps/election-app/win_prob/P/ID

$ /home/ubuntu/.venv/bin/python3 /home/ubuntu/apps/election-app/stats/1-statewide.py --input /home/ubuntu/apps/election-app/win_prob/P/ID/stats.csv --output /home/ubuntu/apps/election-app/win_prob/P/ID/_work/stats_with_statewide.csv
Wrote /home/ubuntu/apps/election-app/win_prob/P/ID/_work/stats_with_statewide.csv (rows=44)

$ /home/ubuntu/.venv/bin/python3 /home/ubuntu/apps/election-app/stats/1-stats-2.py --input /home/ubuntu/apps/election-app/win_prob/P/ID/stats2.csv --output /home/ubuntu/apps/election-app/win_prob/P/ID/_work/stats2_final_headers.csv
Wrote /home/ubuntu/apps/election-app/win_prob/P/ID/_work/stats2_final_headers.csv (rows=44)

$ /home/ubuntu/.venv/bin/python3 /home/ubuntu/apps/election-app/stats/1-append-new.py
Wrote 2024_county_results_with_final-old.csv (rows=44, missing_final_matches=0)

$ /home/ubuntu/.venv/bin/python3 /home/ubuntu/apps/election-app/stats/1-change_header.py
Wrote: 2024_county_results_with_final.csv

$ /home/ubuntu/.venv/bin/python3 /home/ubuntu/apps/election-app/stats/1-cut-zero-fips.py
Wrote: 2024_county_results_with_final_1.csv
Rows before: 44
Rows after:  44
Dropped (fips == 0): 0

$ /home/ubuntu/.venv/bin/python3 /home/ubuntu/apps/election-app/stats/2-calc.py
Wrote 44 rows with calculations to /home/ubuntu/apps/election-app/win_prob/P/ID/_work/2024_county_results_with_calcs-old.csv

$ /home/ubuntu/.venv/bin/python3 /home/ubuntu/apps/election-app/stats/2-eevp.py
Wrote (no-op copy): 2024_county_results_with_calcs.csv
Columns:
 - timestamp
 - state
 - county
 - fips
 - trump_votes
 - harris_votes
 - other_votes
 - eevp
 - state_eevp
 - harris_votes_statewide
 - trump_votes_statewide
 - other_votes_statewide
 - final_state
 - final_county
 - final_fips
 - final_trump_votes
 - final_harris_votes
 - final_other_votes
 - harris_percent_snapshot
 - trump_percent_snapshot
 - margin_snapshot
 - harris_percent_final
 - trump_percent_final
 - margin_final
 - margin_difference
 - margin_difference_abs

$ /home/ubuntu/.venv/bin/python3 /home/ubuntu/apps/election-app/stats/3-calc-new.py
Wrote 44 rows with new columns to /home/ubuntu/apps/election-app/win_prob/P/ID/_work/2024_county_results_with_calcs_new.csv

$ /home/ubuntu/.venv/bin/python3 /home/ubuntu/apps/election-app/stats/4-stats.py
Reading 2024_county_results_with_calcs_new.csv...
Aggregating statewide totals...
Calculating percentages and margins...
Writing to output_statewide_stats.csv...
Done!
[2026-01-23 01:15:46] INFO: [PIPELINE] ENTER win-prob generation | states=['ID'] ts_list=['2024-11-05T15-30-22']

============================================================================
[01/1] STATE = ID
============================================================================

$ /home/ubuntu/.venv/bin/python3 /home/ubuntu/apps/election-app/stats/5-snapshots.py --state ID --input /home/ubuntu/apps/election-app/win_prob/P/ID/_work/output_statewide_stats.csv --output /home/ubuntu/apps/election-app/win_prob/P/ID/snapshots_ID.csv --start 2024-11-05T15-30-22 --end 2024-11-05T15-30-22 --use-window 1 --interval 30
Mode: windowed-one-state
Rows written: 44
Distinct states in output: ID
Rows per normalized timestamp (empty = unparseable):
  2024-11-05T15-30-22: 44
Wrote /home/ubuntu/apps/election-app/win_prob/P/ID/snapshots_ID.csv

$ /home/ubuntu/.venv/bin/python3 /home/ubuntu/apps/election-app/stats/6-pval.py /home/ubuntu/apps/election-app/win_prob/P/ID/snapshots_ID.csv -t /home/ubuntu/apps/election-app/stats/parameters.csv -o /home/ubuntu/apps/election-app/win_prob/P/ID/data_output_ID.csv -c 50
Done. Wrote: /home/ubuntu/apps/election-app/win_prob/P/ID/data_output_ID.csv
Total rows: 44 (chunked, resumable).
Computed columns for PVALS = [0.01, 0.1, 1, 2, 3, 5, 10, 15, 20, 25, 30, 35, 40, 45, 50, 55, 60, 65, 70, 75, 80, 85, 90, 95, 97, 98, 99, 99.9, 99.99]
Per p (leader): shift_{p}, margin_new_{p}, harris_percent_new_{p}, trump_percent_new_{p}, total_snapshot_{p}, total_expected_{p}, harris_votes_new_{p}, trump_votes_new_{p}
Per p (trailing): shift_trailing_{p}, margin_new_{p}_trailing, harris_percent_new_{p}_trailing, trump_percent_new_{p}_trailing, total_snapshot_{p}_trailing, total_expected_{p}_trailing, harris_votes_new_{p}_trailing, trump_votes_new_{p}_trailing
Checkpoint saved at: /home/ubuntu/apps/election-app/win_prob/P/ID/data_output_ID.csv.checkpoint.json

$ /home/ubuntu/.venv/bin/python3 /home/ubuntu/apps/election-app/stats/7-margin-new.py
Wrote data_output_with_margins_old.csv

$ /home/ubuntu/.venv/bin/python3 /home/ubuntu/apps/election-app/stats/7-eevp-statewide.py
Wrote data_output_with_margins.csv (copied from data_output_with_margins_old.csv)

$ /home/ubuntu/.venv/bin/python3 /home/ubuntu/apps/election-app/stats/7.py --input /home/ubuntu/apps/election-app/win_prob/P/ID/data_output_ID_with_margins_statewide_eevp.csv --output /home/ubuntu/apps/election-app/win_prob/P/ID/statewide_margin_pct_vs_percent_ID_2026.png --state ID --start 2024-11-05T15-30-22 --end 2024-11-05T15-30-22 --stats /home/ubuntu/apps/election-app/win_prob/P/ID/stats.csv --stats2 /home/ubuntu/apps/election-app/win_prob/P/ID/stats2.csv --interval 30 --year 2026 --jsonl /home/ubuntu/apps/election-app/win_prob/P/ID/plotdata_ID_2026_2026-01-23T01-15-37.jsonl
[info] evaluating 1 timestamps from 2024-11-05T15-30-22 to 2024-11-05T15-30-22 every 30 minutes
[saved] probs_timeseries_ID.csv  (1 points)
[saved] /home/ubuntu/apps/election-app/win_prob/P/ID/plotdata_ID_2026_2026-01-23T01-15-37.jsonl  (4 points)
[saved] /home/ubuntu/apps/election-app/win_prob/P/ID/statewide_margin_pct_vs_percent_ID_2026_box.json
[saved] /home/ubuntu/apps/election-app/win_prob/P/ID/statewide_margin_pct_vs_percent_ID_2026_box.png
[saved] /home/ubuntu/apps/election-app/win_prob/P/ID/statewide_margin_pct_vs_percent_ID_2026.png

All 50 states complete. See: /home/ubuntu/apps/election-app/win_prob/P/ID

$ /home/ubuntu/.venv/bin/python3 /home/ubuntu/apps/election-app/stats/8.py --root /home/ubuntu/apps/election-app/win_prob/P/ID/_work --outdir /home/ubuntu/apps/election-app/win_prob/P/ID
[info] root  = /home/ubuntu/apps/election-app/win_prob/P/ID/_work
[info] outdir= /home/ubuntu/apps/election-app/win_prob/P/ID
[deleted] /home/ubuntu/apps/election-app/win_prob/P/ID/_work/stats_with_statewide.csv
[deleted] /home/ubuntu/apps/election-app/win_prob/P/ID/_work/stats2_final_headers.csv
[deleted] /home/ubuntu/apps/election-app/win_prob/P/ID/_work/2024_county_results_with_final-old.csv
[deleted] /home/ubuntu/apps/election-app/win_prob/P/ID/_work/2024_county_results_with_final.csv
[deleted] /home/ubuntu/apps/election-app/win_prob/P/ID/_work/2024_county_results_with_final_1.csv
[deleted] /home/ubuntu/apps/election-app/win_prob/P/ID/_work/2024_county_results_with_calcs-old.csv
[deleted] /home/ubuntu/apps/election-app/win_prob/P/ID/_work/2024_county_results_with_calcs_new.csv
[deleted] /home/ubuntu/apps/election-app/win_prob/P/ID/_work/output_statewide_stats.csv
[skip]    /home/ubuntu/apps/election-app/win_prob/P/ID/_work/probs_timeseries_PA.csv
[deleted] /home/ubuntu/apps/election-app/win_prob/P/ID/_work/2024_county_results_with_calcs.csv
[skip]    /home/ubuntu/apps/election-app/win_prob/P/ID/data_output.csv
[skip]    /home/ubuntu/apps/election-app/win_prob/P/ID/data_output_with_margins_old.csv
[skip]    /home/ubuntu/apps/election-app/win_prob/P/ID/data_output_with_margins.csv
[skip]    /home/ubuntu/apps/election-app/win_prob/P/ID/data_output_with_margins-statewide.csv
[deleted] /home/ubuntu/apps/election-app/win_prob/P/ID/snapshots_ID.csv
[deleted] /home/ubuntu/apps/election-app/win_prob/P/ID/data_output_ID_with_margins_statewide_eevp.csv
[deleted] /home/ubuntu/apps/election-app/win_prob/P/ID/data_output_ID_with_margins.csv
[deleted] /home/ubuntu/apps/election-app/win_prob/P/ID/data_output_ID.csv
[deleted] /home/ubuntu/apps/election-app/win_prob/P/ID/data_output_ID.csv.checkpoint.json
[deleted] /home/ubuntu/apps/election-app/win_prob/P/ID/stats.csv
[deleted] /home/ubuntu/apps/election-app/win_prob/P/ID/stats2.csv
[done] removed 16 file(s)
[2026-01-24 22:48:29] INFO: [PIPELINE] args: office=P state=ID district=None
[2026-01-24 22:48:29] INFO: [PIPELINE] WINPROB_DIR resolved to: /home/ubuntu/apps/election-app/win_prob/P/ID
[2026-01-24 22:48:29] INFO: [PIPELINE] OUTDIR set to: /home/ubuntu/apps/election-app/win_prob/P/ID

$ /home/ubuntu/.venv/bin/python3 /home/ubuntu/apps/election-app/stats/1-statewide.py --input /home/ubuntu/apps/election-app/win_prob/P/ID/stats.csv --output /home/ubuntu/apps/election-app/win_prob/P/ID/_work/stats_with_statewide.csv
Wrote /home/ubuntu/apps/election-app/win_prob/P/ID/_work/stats_with_statewide.csv (rows=44)

$ /home/ubuntu/.venv/bin/python3 /home/ubuntu/apps/election-app/stats/1-stats-2.py --input /home/ubuntu/apps/election-app/win_prob/P/ID/stats2.csv --output /home/ubuntu/apps/election-app/win_prob/P/ID/_work/stats2_final_headers.csv
Wrote /home/ubuntu/apps/election-app/win_prob/P/ID/_work/stats2_final_headers.csv (rows=44)

$ /home/ubuntu/.venv/bin/python3 /home/ubuntu/apps/election-app/stats/1-append-new.py
Wrote 2024_county_results_with_final-old.csv (rows=44, missing_final_matches=0)

$ /home/ubuntu/.venv/bin/python3 /home/ubuntu/apps/election-app/stats/1-change_header.py
Wrote: 2024_county_results_with_final.csv

$ /home/ubuntu/.venv/bin/python3 /home/ubuntu/apps/election-app/stats/1-cut-zero-fips.py
Wrote: 2024_county_results_with_final_1.csv
Rows before: 44
Rows after:  44
Dropped (fips == 0): 0

$ /home/ubuntu/.venv/bin/python3 /home/ubuntu/apps/election-app/stats/2-calc.py
Wrote 44 rows with calculations to /home/ubuntu/apps/election-app/win_prob/P/ID/_work/2024_county_results_with_calcs-old.csv

$ /home/ubuntu/.venv/bin/python3 /home/ubuntu/apps/election-app/stats/2-eevp.py
Wrote (no-op copy): 2024_county_results_with_calcs.csv
Columns:
 - timestamp
 - state
 - county
 - fips
 - trump_votes
 - harris_votes
 - other_votes
 - eevp
 - state_eevp
 - harris_votes_statewide
 - trump_votes_statewide
 - other_votes_statewide
 - final_state
 - final_county
 - final_fips
 - final_trump_votes
 - final_harris_votes
 - final_other_votes
 - harris_percent_snapshot
 - trump_percent_snapshot
 - margin_snapshot
 - harris_percent_final
 - trump_percent_final
 - margin_final
 - margin_difference
 - margin_difference_abs

$ /home/ubuntu/.venv/bin/python3 /home/ubuntu/apps/election-app/stats/3-calc-new.py
Wrote 44 rows with new columns to /home/ubuntu/apps/election-app/win_prob/P/ID/_work/2024_county_results_with_calcs_new.csv

$ /home/ubuntu/.venv/bin/python3 /home/ubuntu/apps/election-app/stats/4-stats.py
Reading 2024_county_results_with_calcs_new.csv...
Aggregating statewide totals...
Calculating percentages and margins...
Writing to output_statewide_stats.csv...
Done!
[2026-01-24 22:48:38] INFO: [PIPELINE] ENTER win-prob generation | states=['ID'] ts_list=['2024-11-05T15-30-22']

============================================================================
[01/1] STATE = ID
============================================================================

$ /home/ubuntu/.venv/bin/python3 /home/ubuntu/apps/election-app/stats/5-snapshots.py --state ID --input /home/ubuntu/apps/election-app/win_prob/P/ID/_work/output_statewide_stats.csv --output /home/ubuntu/apps/election-app/win_prob/P/ID/snapshots_ID.csv --start 2024-11-05T15-30-22 --end 2024-11-05T15-30-22 --use-window 1 --interval 30
Mode: windowed-one-state
Rows written: 44
Distinct states in output: ID
Rows per normalized timestamp (empty = unparseable):
  2024-11-05T15-30-22: 44
Wrote /home/ubuntu/apps/election-app/win_prob/P/ID/snapshots_ID.csv

$ /home/ubuntu/.venv/bin/python3 /home/ubuntu/apps/election-app/stats/6-pval.py /home/ubuntu/apps/election-app/win_prob/P/ID/snapshots_ID.csv -t /home/ubuntu/apps/election-app/stats/parameters.csv -o /home/ubuntu/apps/election-app/win_prob/P/ID/data_output_ID.csv -c 50
Done. Wrote: /home/ubuntu/apps/election-app/win_prob/P/ID/data_output_ID.csv
Total rows: 44 (chunked, resumable).
Computed columns for PVALS = [0.01, 0.1, 1, 2, 3, 5, 10, 15, 20, 25, 30, 35, 40, 45, 50, 55, 60, 65, 70, 75, 80, 85, 90, 95, 97, 98, 99, 99.9, 99.99]
Per p (leader): shift_{p}, margin_new_{p}, harris_percent_new_{p}, trump_percent_new_{p}, total_snapshot_{p}, total_expected_{p}, harris_votes_new_{p}, trump_votes_new_{p}
Per p (trailing): shift_trailing_{p}, margin_new_{p}_trailing, harris_percent_new_{p}_trailing, trump_percent_new_{p}_trailing, total_snapshot_{p}_trailing, total_expected_{p}_trailing, harris_votes_new_{p}_trailing, trump_votes_new_{p}_trailing
Checkpoint saved at: /home/ubuntu/apps/election-app/win_prob/P/ID/data_output_ID.csv.checkpoint.json

$ /home/ubuntu/.venv/bin/python3 /home/ubuntu/apps/election-app/stats/7-margin-new.py
Wrote data_output_with_margins_old.csv

$ /home/ubuntu/.venv/bin/python3 /home/ubuntu/apps/election-app/stats/7-eevp-statewide.py
Wrote data_output_with_margins.csv (copied from data_output_with_margins_old.csv)

$ /home/ubuntu/.venv/bin/python3 /home/ubuntu/apps/election-app/stats/7.py --input /home/ubuntu/apps/election-app/win_prob/P/ID/data_output_ID_with_margins_statewide_eevp.csv --output /home/ubuntu/apps/election-app/win_prob/P/ID/statewide_margin_pct_vs_percent_ID_2026.png --state ID --start 2024-11-05T15-30-22 --end 2024-11-05T15-30-22 --stats /home/ubuntu/apps/election-app/win_prob/P/ID/stats.csv --stats2 /home/ubuntu/apps/election-app/win_prob/P/ID/stats2.csv --interval 30 --year 2026 --jsonl /home/ubuntu/apps/election-app/win_prob/P/ID/plotdata_ID_2026_2026-01-24T22-48-29.jsonl
[info] evaluating 1 timestamps from 2024-11-05T15-30-22 to 2024-11-05T15-30-22 every 30 minutes
[saved] probs_timeseries_ID.csv  (1 points)
[saved] /home/ubuntu/apps/election-app/win_prob/P/ID/plotdata_ID_2026_2026-01-24T22-48-29.jsonl  (0 points)
[saved] /home/ubuntu/apps/election-app/win_prob/P/ID/statewide_margin_pct_vs_percent_ID_2026_box.json
[saved] /home/ubuntu/apps/election-app/win_prob/P/ID/statewide_margin_pct_vs_percent_ID_2026_box.png
[saved] /home/ubuntu/apps/election-app/win_prob/P/ID/statewide_margin_pct_vs_percent_ID_2026.png

All 50 states complete. See: /home/ubuntu/apps/election-app/win_prob/P/ID

$ /home/ubuntu/.venv/bin/python3 /home/ubuntu/apps/election-app/stats/8.py --root /home/ubuntu/apps/election-app/win_prob/P/ID/_work --outdir /home/ubuntu/apps/election-app/win_prob/P/ID
[info] root  = /home/ubuntu/apps/election-app/win_prob/P/ID/_work
[info] outdir= /home/ubuntu/apps/election-app/win_prob/P/ID
[deleted] /home/ubuntu/apps/election-app/win_prob/P/ID/_work/stats_with_statewide.csv
[deleted] /home/ubuntu/apps/election-app/win_prob/P/ID/_work/stats2_final_headers.csv
[deleted] /home/ubuntu/apps/election-app/win_prob/P/ID/_work/2024_county_results_with_final-old.csv
[deleted] /home/ubuntu/apps/election-app/win_prob/P/ID/_work/2024_county_results_with_final.csv
[deleted] /home/ubuntu/apps/election-app/win_prob/P/ID/_work/2024_county_results_with_final_1.csv
[deleted] /home/ubuntu/apps/election-app/win_prob/P/ID/_work/2024_county_results_with_calcs-old.csv
[deleted] /home/ubuntu/apps/election-app/win_prob/P/ID/_work/2024_county_results_with_calcs_new.csv
[deleted] /home/ubuntu/apps/election-app/win_prob/P/ID/_work/output_statewide_stats.csv
[skip]    /home/ubuntu/apps/election-app/win_prob/P/ID/_work/probs_timeseries_PA.csv
[deleted] /home/ubuntu/apps/election-app/win_prob/P/ID/_work/2024_county_results_with_calcs.csv
[skip]    /home/ubuntu/apps/election-app/win_prob/P/ID/data_output.csv
[skip]    /home/ubuntu/apps/election-app/win_prob/P/ID/data_output_with_margins_old.csv
[skip]    /home/ubuntu/apps/election-app/win_prob/P/ID/data_output_with_margins.csv
[skip]    /home/ubuntu/apps/election-app/win_prob/P/ID/data_output_with_margins-statewide.csv
[deleted] /home/ubuntu/apps/election-app/win_prob/P/ID/snapshots_ID.csv
[deleted] /home/ubuntu/apps/election-app/win_prob/P/ID/data_output_ID_with_margins_statewide_eevp.csv
[deleted] /home/ubuntu/apps/election-app/win_prob/P/ID/data_output_ID_with_margins.csv
[deleted] /home/ubuntu/apps/election-app/win_prob/P/ID/data_output_ID.csv
[deleted] /home/ubuntu/apps/election-app/win_prob/P/ID/data_output_ID.csv.checkpoint.json
[deleted] /home/ubuntu/apps/election-app/win_prob/P/ID/stats.csv
[deleted] /home/ubuntu/apps/election-app/win_prob/P/ID/stats2.csv
[done] removed 16 file(s)
[2026-01-24 23:16:32] INFO: [PIPELINE] args: office=P state=ID district=None
[2026-01-24 23:16:32] INFO: [PIPELINE] WINPROB_DIR resolved to: /home/ubuntu/apps/election-app/win_prob/P/ID
[2026-01-24 23:16:32] INFO: [PIPELINE] OUTDIR set to: /home/ubuntu/apps/election-app/win_prob/P/ID

$ /home/ubuntu/.venv/bin/python3 /home/ubuntu/apps/election-app/stats/1-statewide.py --input /home/ubuntu/apps/election-app/win_prob/P/ID/stats.csv --output /home/ubuntu/apps/election-app/win_prob/P/ID/_work/stats_with_statewide.csv
Wrote /home/ubuntu/apps/election-app/win_prob/P/ID/_work/stats_with_statewide.csv (rows=44)

$ /home/ubuntu/.venv/bin/python3 /home/ubuntu/apps/election-app/stats/1-stats-2.py --input /home/ubuntu/apps/election-app/win_prob/P/ID/stats2.csv --output /home/ubuntu/apps/election-app/win_prob/P/ID/_work/stats2_final_headers.csv
Wrote /home/ubuntu/apps/election-app/win_prob/P/ID/_work/stats2_final_headers.csv (rows=44)

$ /home/ubuntu/.venv/bin/python3 /home/ubuntu/apps/election-app/stats/1-append-new.py
Wrote 2024_county_results_with_final-old.csv (rows=44, missing_final_matches=0)

$ /home/ubuntu/.venv/bin/python3 /home/ubuntu/apps/election-app/stats/1-change_header.py
Wrote: 2024_county_results_with_final.csv

$ /home/ubuntu/.venv/bin/python3 /home/ubuntu/apps/election-app/stats/1-cut-zero-fips.py
Wrote: 2024_county_results_with_final_1.csv
Rows before: 44
Rows after:  44
Dropped (fips == 0): 0

$ /home/ubuntu/.venv/bin/python3 /home/ubuntu/apps/election-app/stats/2-calc.py
Wrote 44 rows with calculations to /home/ubuntu/apps/election-app/win_prob/P/ID/_work/2024_county_results_with_calcs-old.csv

$ /home/ubuntu/.venv/bin/python3 /home/ubuntu/apps/election-app/stats/2-eevp.py
Wrote (no-op copy): 2024_county_results_with_calcs.csv
Columns:
 - timestamp
 - state
 - county
 - fips
 - trump_votes
 - harris_votes
 - other_votes
 - eevp
 - state_eevp
 - harris_votes_statewide
 - trump_votes_statewide
 - other_votes_statewide
 - final_state
 - final_county
 - final_fips
 - final_trump_votes
 - final_harris_votes
 - final_other_votes
 - harris_percent_snapshot
 - trump_percent_snapshot
 - margin_snapshot
 - harris_percent_final
 - trump_percent_final
 - margin_final
 - margin_difference
 - margin_difference_abs

$ /home/ubuntu/.venv/bin/python3 /home/ubuntu/apps/election-app/stats/3-calc-new.py
Wrote 44 rows with new columns to /home/ubuntu/apps/election-app/win_prob/P/ID/_work/2024_county_results_with_calcs_new.csv

$ /home/ubuntu/.venv/bin/python3 /home/ubuntu/apps/election-app/stats/4-stats.py
Reading 2024_county_results_with_calcs_new.csv...
Aggregating statewide totals...
Calculating percentages and margins...
Writing to output_statewide_stats.csv...
Done!
[2026-01-24 23:16:41] INFO: [PIPELINE] ENTER win-prob generation | states=['ID'] ts_list=['2024-11-05T15-30-22']

============================================================================
[01/1] STATE = ID
============================================================================

$ /home/ubuntu/.venv/bin/python3 /home/ubuntu/apps/election-app/stats/5-snapshots.py --state ID --input /home/ubuntu/apps/election-app/win_prob/P/ID/_work/output_statewide_stats.csv --output /home/ubuntu/apps/election-app/win_prob/P/ID/snapshots_ID.csv --start 2024-11-05T15-30-22 --end 2024-11-05T15-30-22 --use-window 1 --interval 30
Mode: windowed-one-state
Rows written: 44
Distinct states in output: ID
Rows per normalized timestamp (empty = unparseable):
  2024-11-05T15-30-22: 44
Wrote /home/ubuntu/apps/election-app/win_prob/P/ID/snapshots_ID.csv

$ /home/ubuntu/.venv/bin/python3 /home/ubuntu/apps/election-app/stats/6-pval.py /home/ubuntu/apps/election-app/win_prob/P/ID/snapshots_ID.csv -t /home/ubuntu/apps/election-app/stats/parameters.csv -o /home/ubuntu/apps/election-app/win_prob/P/ID/data_output_ID.csv -c 50
Done. Wrote: /home/ubuntu/apps/election-app/win_prob/P/ID/data_output_ID.csv
Total rows: 44 (chunked, resumable).
Computed columns for PVALS = [0.01, 0.1, 1, 2, 3, 5, 10, 15, 20, 25, 30, 35, 40, 45, 50, 55, 60, 65, 70, 75, 80, 85, 90, 95, 97, 98, 99, 99.9, 99.99]
Per p (leader): shift_{p}, margin_new_{p}, harris_percent_new_{p}, trump_percent_new_{p}, total_snapshot_{p}, total_expected_{p}, harris_votes_new_{p}, trump_votes_new_{p}
Per p (trailing): shift_trailing_{p}, margin_new_{p}_trailing, harris_percent_new_{p}_trailing, trump_percent_new_{p}_trailing, total_snapshot_{p}_trailing, total_expected_{p}_trailing, harris_votes_new_{p}_trailing, trump_votes_new_{p}_trailing
Checkpoint saved at: /home/ubuntu/apps/election-app/win_prob/P/ID/data_output_ID.csv.checkpoint.json

$ /home/ubuntu/.venv/bin/python3 /home/ubuntu/apps/election-app/stats/7-margin-new.py
Wrote data_output_with_margins_old.csv

$ /home/ubuntu/.venv/bin/python3 /home/ubuntu/apps/election-app/stats/7-eevp-statewide.py
Wrote data_output_with_margins.csv (copied from data_output_with_margins_old.csv)

$ /home/ubuntu/.venv/bin/python3 /home/ubuntu/apps/election-app/stats/7.py --input /home/ubuntu/apps/election-app/win_prob/P/ID/data_output_ID_with_margins_statewide_eevp.csv --output /home/ubuntu/apps/election-app/win_prob/P/ID/statewide_margin_pct_vs_percent_ID_2026.png --state ID --start 2024-11-05T15-30-22 --end 2024-11-05T15-30-22 --stats /home/ubuntu/apps/election-app/win_prob/P/ID/stats.csv --stats2 /home/ubuntu/apps/election-app/win_prob/P/ID/stats2.csv --interval 30 --year 2026 --jsonl /home/ubuntu/apps/election-app/win_prob/P/ID/plotdata_ID_2026_2026-01-24T23-16-32.jsonl
[info] evaluating 1 timestamps from 2024-11-05T15-30-22 to 2024-11-05T15-30-22 every 30 minutes
[saved] probs_timeseries_ID.csv  (1 points)
[saved] /home/ubuntu/apps/election-app/win_prob/P/ID/plotdata_ID_2026_2026-01-24T23-16-32.jsonl  (4 points)
[saved] /home/ubuntu/apps/election-app/win_prob/P/ID/statewide_margin_pct_vs_percent_ID_2026_box.json
[saved] /home/ubuntu/apps/election-app/win_prob/P/ID/statewide_margin_pct_vs_percent_ID_2026_box.png
[saved] /home/ubuntu/apps/election-app/win_prob/P/ID/statewide_margin_pct_vs_percent_ID_2026.png

All 50 states complete. See: /home/ubuntu/apps/election-app/win_prob/P/ID

$ /home/ubuntu/.venv/bin/python3 /home/ubuntu/apps/election-app/stats/8.py --root /home/ubuntu/apps/election-app/win_prob/P/ID/_work --outdir /home/ubuntu/apps/election-app/win_prob/P/ID
[info] root  = /home/ubuntu/apps/election-app/win_prob/P/ID/_work
[info] outdir= /home/ubuntu/apps/election-app/win_prob/P/ID
[deleted] /home/ubuntu/apps/election-app/win_prob/P/ID/_work/stats_with_statewide.csv
[deleted] /home/ubuntu/apps/election-app/win_prob/P/ID/_work/stats2_final_headers.csv
[deleted] /home/ubuntu/apps/election-app/win_prob/P/ID/_work/2024_county_results_with_final-old.csv
[deleted] /home/ubuntu/apps/election-app/win_prob/P/ID/_work/2024_county_results_with_final.csv
[deleted] /home/ubuntu/apps/election-app/win_prob/P/ID/_work/2024_county_results_with_final_1.csv
[deleted] /home/ubuntu/apps/election-app/win_prob/P/ID/_work/2024_county_results_with_calcs-old.csv
[deleted] /home/ubuntu/apps/election-app/win_prob/P/ID/_work/2024_county_results_with_calcs_new.csv
[deleted] /home/ubuntu/apps/election-app/win_prob/P/ID/_work/output_statewide_stats.csv
[skip]    /home/ubuntu/apps/election-app/win_prob/P/ID/_work/probs_timeseries_PA.csv
[deleted] /home/ubuntu/apps/election-app/win_prob/P/ID/_work/2024_county_results_with_calcs.csv
[skip]    /home/ubuntu/apps/election-app/win_prob/P/ID/data_output.csv
[skip]    /home/ubuntu/apps/election-app/win_prob/P/ID/data_output_with_margins_old.csv
[skip]    /home/ubuntu/apps/election-app/win_prob/P/ID/data_output_with_margins.csv
[skip]    /home/ubuntu/apps/election-app/win_prob/P/ID/data_output_with_margins-statewide.csv
[deleted] /home/ubuntu/apps/election-app/win_prob/P/ID/snapshots_ID.csv
[deleted] /home/ubuntu/apps/election-app/win_prob/P/ID/data_output_ID_with_margins_statewide_eevp.csv
[deleted] /home/ubuntu/apps/election-app/win_prob/P/ID/data_output_ID_with_margins.csv
[deleted] /home/ubuntu/apps/election-app/win_prob/P/ID/data_output_ID.csv
[deleted] /home/ubuntu/apps/election-app/win_prob/P/ID/data_output_ID.csv.checkpoint.json
[deleted] /home/ubuntu/apps/election-app/win_prob/P/ID/stats.csv
[deleted] /home/ubuntu/apps/election-app/win_prob/P/ID/stats2.csv
[done] removed 16 file(s)
[2026-01-24 23:23:33] INFO: [PIPELINE] args: office=P state=ID district=None
[2026-01-24 23:23:33] INFO: [PIPELINE] WINPROB_DIR resolved to: /home/ubuntu/apps/election-app/win_prob/P/ID
[2026-01-24 23:23:33] INFO: [PIPELINE] OUTDIR set to: /home/ubuntu/apps/election-app/win_prob/P/ID

$ /home/ubuntu/.venv/bin/python3 /home/ubuntu/apps/election-app/stats/1-statewide.py --input /home/ubuntu/apps/election-app/win_prob/P/ID/stats.csv --output /home/ubuntu/apps/election-app/win_prob/P/ID/_work/stats_with_statewide.csv
Wrote /home/ubuntu/apps/election-app/win_prob/P/ID/_work/stats_with_statewide.csv (rows=44)

$ /home/ubuntu/.venv/bin/python3 /home/ubuntu/apps/election-app/stats/1-stats-2.py --input /home/ubuntu/apps/election-app/win_prob/P/ID/stats2.csv --output /home/ubuntu/apps/election-app/win_prob/P/ID/_work/stats2_final_headers.csv
Wrote /home/ubuntu/apps/election-app/win_prob/P/ID/_work/stats2_final_headers.csv (rows=44)

$ /home/ubuntu/.venv/bin/python3 /home/ubuntu/apps/election-app/stats/1-append-new.py
Wrote 2024_county_results_with_final-old.csv (rows=44, missing_final_matches=0)

$ /home/ubuntu/.venv/bin/python3 /home/ubuntu/apps/election-app/stats/1-change_header.py
Wrote: 2024_county_results_with_final.csv

$ /home/ubuntu/.venv/bin/python3 /home/ubuntu/apps/election-app/stats/1-cut-zero-fips.py
Wrote: 2024_county_results_with_final_1.csv
Rows before: 44
Rows after:  44
Dropped (fips == 0): 0

$ /home/ubuntu/.venv/bin/python3 /home/ubuntu/apps/election-app/stats/2-calc.py
Wrote 44 rows with calculations to /home/ubuntu/apps/election-app/win_prob/P/ID/_work/2024_county_results_with_calcs-old.csv

$ /home/ubuntu/.venv/bin/python3 /home/ubuntu/apps/election-app/stats/2-eevp.py
Wrote (no-op copy): 2024_county_results_with_calcs.csv
Columns:
 - timestamp
 - state
 - county
 - fips
 - trump_votes
 - harris_votes
 - other_votes
 - eevp
 - state_eevp
 - harris_votes_statewide
 - trump_votes_statewide
 - other_votes_statewide
 - final_state
 - final_county
 - final_fips
 - final_trump_votes
 - final_harris_votes
 - final_other_votes
 - harris_percent_snapshot
 - trump_percent_snapshot
 - margin_snapshot
 - harris_percent_final
 - trump_percent_final
 - margin_final
 - margin_difference
 - margin_difference_abs

$ /home/ubuntu/.venv/bin/python3 /home/ubuntu/apps/election-app/stats/3-calc-new.py
Wrote 44 rows with new columns to /home/ubuntu/apps/election-app/win_prob/P/ID/_work/2024_county_results_with_calcs_new.csv

$ /home/ubuntu/.venv/bin/python3 /home/ubuntu/apps/election-app/stats/4-stats.py
Reading 2024_county_results_with_calcs_new.csv...
Aggregating statewide totals...
Calculating percentages and margins...
Writing to output_statewide_stats.csv...
Done!
[2026-01-24 23:23:42] INFO: [PIPELINE] ENTER win-prob generation | states=['ID'] ts_list=['2024-11-05T15-30-22']

============================================================================
[01/1] STATE = ID
============================================================================

$ /home/ubuntu/.venv/bin/python3 /home/ubuntu/apps/election-app/stats/5-snapshots.py --state ID --input /home/ubuntu/apps/election-app/win_prob/P/ID/_work/output_statewide_stats.csv --output /home/ubuntu/apps/election-app/win_prob/P/ID/snapshots_ID.csv --start 2024-11-05T15-30-22 --end 2024-11-05T15-30-22 --use-window 1 --interval 30
Mode: windowed-one-state
Rows written: 44
Distinct states in output: ID
Rows per normalized timestamp (empty = unparseable):
  2024-11-05T15-30-22: 44
Wrote /home/ubuntu/apps/election-app/win_prob/P/ID/snapshots_ID.csv

$ /home/ubuntu/.venv/bin/python3 /home/ubuntu/apps/election-app/stats/6-pval.py /home/ubuntu/apps/election-app/win_prob/P/ID/snapshots_ID.csv -t /home/ubuntu/apps/election-app/stats/parameters.csv -o /home/ubuntu/apps/election-app/win_prob/P/ID/data_output_ID.csv -c 50
Done. Wrote: /home/ubuntu/apps/election-app/win_prob/P/ID/data_output_ID.csv
Total rows: 44 (chunked, resumable).
Computed columns for PVALS = [0.01, 0.1, 1, 2, 3, 5, 10, 15, 20, 25, 30, 35, 40, 45, 50, 55, 60, 65, 70, 75, 80, 85, 90, 95, 97, 98, 99, 99.9, 99.99]
Per p (leader): shift_{p}, margin_new_{p}, harris_percent_new_{p}, trump_percent_new_{p}, total_snapshot_{p}, total_expected_{p}, harris_votes_new_{p}, trump_votes_new_{p}
Per p (trailing): shift_trailing_{p}, margin_new_{p}_trailing, harris_percent_new_{p}_trailing, trump_percent_new_{p}_trailing, total_snapshot_{p}_trailing, total_expected_{p}_trailing, harris_votes_new_{p}_trailing, trump_votes_new_{p}_trailing
Checkpoint saved at: /home/ubuntu/apps/election-app/win_prob/P/ID/data_output_ID.csv.checkpoint.json

$ /home/ubuntu/.venv/bin/python3 /home/ubuntu/apps/election-app/stats/7-margin-new.py
Wrote data_output_with_margins_old.csv

$ /home/ubuntu/.venv/bin/python3 /home/ubuntu/apps/election-app/stats/7-eevp-statewide.py
Wrote data_output_with_margins.csv (copied from data_output_with_margins_old.csv)

$ /home/ubuntu/.venv/bin/python3 /home/ubuntu/apps/election-app/stats/7.py --input /home/ubuntu/apps/election-app/win_prob/P/ID/data_output_ID_with_margins_statewide_eevp.csv --output /home/ubuntu/apps/election-app/win_prob/P/ID/statewide_margin_pct_vs_percent_ID_2026.png --state ID --start 2024-11-05T15-30-22 --end 2024-11-05T15-30-22 --stats /home/ubuntu/apps/election-app/win_prob/P/ID/stats.csv --stats2 /home/ubuntu/apps/election-app/win_prob/P/ID/stats2.csv --interval 30 --year 2026 --jsonl /home/ubuntu/apps/election-app/win_prob/P/ID/plotdata_ID_2026_2026-01-24T23-23-33.jsonl
[info] evaluating 1 timestamps from 2024-11-05T15-30-22 to 2024-11-05T15-30-22 every 30 minutes
[saved] probs_timeseries_ID.csv  (1 points)
[saved] /home/ubuntu/apps/election-app/win_prob/P/ID/plotdata_ID_2026_2026-01-24T23-23-33.jsonl  (4 points)
[saved] /home/ubuntu/apps/election-app/win_prob/P/ID/statewide_margin_pct_vs_percent_ID_2026_box.json
[saved] /home/ubuntu/apps/election-app/win_prob/P/ID/statewide_margin_pct_vs_percent_ID_2026_box.png
[saved] /home/ubuntu/apps/election-app/win_prob/P/ID/statewide_margin_pct_vs_percent_ID_2026.png

All 50 states complete. See: /home/ubuntu/apps/election-app/win_prob/P/ID

$ /home/ubuntu/.venv/bin/python3 /home/ubuntu/apps/election-app/stats/8.py --root /home/ubuntu/apps/election-app/win_prob/P/ID/_work --outdir /home/ubuntu/apps/election-app/win_prob/P/ID
[info] root  = /home/ubuntu/apps/election-app/win_prob/P/ID/_work
[info] outdir= /home/ubuntu/apps/election-app/win_prob/P/ID
[deleted] /home/ubuntu/apps/election-app/win_prob/P/ID/_work/stats_with_statewide.csv
[deleted] /home/ubuntu/apps/election-app/win_prob/P/ID/_work/stats2_final_headers.csv
[deleted] /home/ubuntu/apps/election-app/win_prob/P/ID/_work/2024_county_results_with_final-old.csv
[deleted] /home/ubuntu/apps/election-app/win_prob/P/ID/_work/2024_county_results_with_final.csv
[deleted] /home/ubuntu/apps/election-app/win_prob/P/ID/_work/2024_county_results_with_final_1.csv
[deleted] /home/ubuntu/apps/election-app/win_prob/P/ID/_work/2024_county_results_with_calcs-old.csv
[deleted] /home/ubuntu/apps/election-app/win_prob/P/ID/_work/2024_county_results_with_calcs_new.csv
[deleted] /home/ubuntu/apps/election-app/win_prob/P/ID/_work/output_statewide_stats.csv
[skip]    /home/ubuntu/apps/election-app/win_prob/P/ID/_work/probs_timeseries_PA.csv
[deleted] /home/ubuntu/apps/election-app/win_prob/P/ID/_work/2024_county_results_with_calcs.csv
[skip]    /home/ubuntu/apps/election-app/win_prob/P/ID/data_output.csv
[skip]    /home/ubuntu/apps/election-app/win_prob/P/ID/data_output_with_margins_old.csv
[skip]    /home/ubuntu/apps/election-app/win_prob/P/ID/data_output_with_margins.csv
[skip]    /home/ubuntu/apps/election-app/win_prob/P/ID/data_output_with_margins-statewide.csv
[deleted] /home/ubuntu/apps/election-app/win_prob/P/ID/snapshots_ID.csv
[deleted] /home/ubuntu/apps/election-app/win_prob/P/ID/data_output_ID_with_margins_statewide_eevp.csv
[deleted] /home/ubuntu/apps/election-app/win_prob/P/ID/data_output_ID_with_margins.csv
[deleted] /home/ubuntu/apps/election-app/win_prob/P/ID/data_output_ID.csv
[deleted] /home/ubuntu/apps/election-app/win_prob/P/ID/data_output_ID.csv.checkpoint.json
[deleted] /home/ubuntu/apps/election-app/win_prob/P/ID/stats.csv
[deleted] /home/ubuntu/apps/election-app/win_prob/P/ID/stats2.csv
[done] removed 16 file(s)
[2026-01-24 23:30:34] INFO: [PIPELINE] args: office=P state=ID district=None
[2026-01-24 23:30:34] INFO: [PIPELINE] WINPROB_DIR resolved to: /home/ubuntu/apps/election-app/win_prob/P/ID
[2026-01-24 23:30:34] INFO: [PIPELINE] OUTDIR set to: /home/ubuntu/apps/election-app/win_prob/P/ID

$ /home/ubuntu/.venv/bin/python3 /home/ubuntu/apps/election-app/stats/1-statewide.py --input /home/ubuntu/apps/election-app/win_prob/P/ID/stats.csv --output /home/ubuntu/apps/election-app/win_prob/P/ID/_work/stats_with_statewide.csv
Wrote /home/ubuntu/apps/election-app/win_prob/P/ID/_work/stats_with_statewide.csv (rows=44)

$ /home/ubuntu/.venv/bin/python3 /home/ubuntu/apps/election-app/stats/1-stats-2.py --input /home/ubuntu/apps/election-app/win_prob/P/ID/stats2.csv --output /home/ubuntu/apps/election-app/win_prob/P/ID/_work/stats2_final_headers.csv
Wrote /home/ubuntu/apps/election-app/win_prob/P/ID/_work/stats2_final_headers.csv (rows=44)

$ /home/ubuntu/.venv/bin/python3 /home/ubuntu/apps/election-app/stats/1-append-new.py
Wrote 2024_county_results_with_final-old.csv (rows=44, missing_final_matches=0)

$ /home/ubuntu/.venv/bin/python3 /home/ubuntu/apps/election-app/stats/1-change_header.py
Wrote: 2024_county_results_with_final.csv

$ /home/ubuntu/.venv/bin/python3 /home/ubuntu/apps/election-app/stats/1-cut-zero-fips.py
Wrote: 2024_county_results_with_final_1.csv
Rows before: 44
Rows after:  44
Dropped (fips == 0): 0

$ /home/ubuntu/.venv/bin/python3 /home/ubuntu/apps/election-app/stats/2-calc.py
Wrote 44 rows with calculations to /home/ubuntu/apps/election-app/win_prob/P/ID/_work/2024_county_results_with_calcs-old.csv

$ /home/ubuntu/.venv/bin/python3 /home/ubuntu/apps/election-app/stats/2-eevp.py
Wrote (no-op copy): 2024_county_results_with_calcs.csv
Columns:
 - timestamp
 - state
 - county
 - fips
 - trump_votes
 - harris_votes
 - other_votes
 - eevp
 - state_eevp
 - harris_votes_statewide
 - trump_votes_statewide
 - other_votes_statewide
 - final_state
 - final_county
 - final_fips
 - final_trump_votes
 - final_harris_votes
 - final_other_votes
 - harris_percent_snapshot
 - trump_percent_snapshot
 - margin_snapshot
 - harris_percent_final
 - trump_percent_final
 - margin_final
 - margin_difference
 - margin_difference_abs

$ /home/ubuntu/.venv/bin/python3 /home/ubuntu/apps/election-app/stats/3-calc-new.py
Wrote 44 rows with new columns to /home/ubuntu/apps/election-app/win_prob/P/ID/_work/2024_county_results_with_calcs_new.csv

$ /home/ubuntu/.venv/bin/python3 /home/ubuntu/apps/election-app/stats/4-stats.py
Reading 2024_county_results_with_calcs_new.csv...
Aggregating statewide totals...
Calculating percentages and margins...
Writing to output_statewide_stats.csv...
Done!
[2026-01-24 23:30:44] INFO: [PIPELINE] ENTER win-prob generation | states=['ID'] ts_list=['2024-11-05T15-30-22']

============================================================================
[01/1] STATE = ID
============================================================================

$ /home/ubuntu/.venv/bin/python3 /home/ubuntu/apps/election-app/stats/5-snapshots.py --state ID --input /home/ubuntu/apps/election-app/win_prob/P/ID/_work/output_statewide_stats.csv --output /home/ubuntu/apps/election-app/win_prob/P/ID/snapshots_ID.csv --start 2024-11-05T15-30-22 --end 2024-11-05T15-30-22 --use-window 1 --interval 30
Mode: windowed-one-state
Rows written: 44
Distinct states in output: ID
Rows per normalized timestamp (empty = unparseable):
  2024-11-05T15-30-22: 44
Wrote /home/ubuntu/apps/election-app/win_prob/P/ID/snapshots_ID.csv

$ /home/ubuntu/.venv/bin/python3 /home/ubuntu/apps/election-app/stats/6-pval.py /home/ubuntu/apps/election-app/win_prob/P/ID/snapshots_ID.csv -t /home/ubuntu/apps/election-app/stats/parameters.csv -o /home/ubuntu/apps/election-app/win_prob/P/ID/data_output_ID.csv -c 50
Done. Wrote: /home/ubuntu/apps/election-app/win_prob/P/ID/data_output_ID.csv
Total rows: 44 (chunked, resumable).
Computed columns for PVALS = [0.01, 0.1, 1, 2, 3, 5, 10, 15, 20, 25, 30, 35, 40, 45, 50, 55, 60, 65, 70, 75, 80, 85, 90, 95, 97, 98, 99, 99.9, 99.99]
Per p (leader): shift_{p}, margin_new_{p}, harris_percent_new_{p}, trump_percent_new_{p}, total_snapshot_{p}, total_expected_{p}, harris_votes_new_{p}, trump_votes_new_{p}
Per p (trailing): shift_trailing_{p}, margin_new_{p}_trailing, harris_percent_new_{p}_trailing, trump_percent_new_{p}_trailing, total_snapshot_{p}_trailing, total_expected_{p}_trailing, harris_votes_new_{p}_trailing, trump_votes_new_{p}_trailing
Checkpoint saved at: /home/ubuntu/apps/election-app/win_prob/P/ID/data_output_ID.csv.checkpoint.json

$ /home/ubuntu/.venv/bin/python3 /home/ubuntu/apps/election-app/stats/7-margin-new.py
Wrote data_output_with_margins_old.csv

$ /home/ubuntu/.venv/bin/python3 /home/ubuntu/apps/election-app/stats/7-eevp-statewide.py
Wrote data_output_with_margins.csv (copied from data_output_with_margins_old.csv)

$ /home/ubuntu/.venv/bin/python3 /home/ubuntu/apps/election-app/stats/7.py --input /home/ubuntu/apps/election-app/win_prob/P/ID/data_output_ID_with_margins_statewide_eevp.csv --output /home/ubuntu/apps/election-app/win_prob/P/ID/statewide_margin_pct_vs_percent_ID_2026.png --state ID --start 2024-11-05T15-30-22 --end 2024-11-05T15-30-22 --stats /home/ubuntu/apps/election-app/win_prob/P/ID/stats.csv --stats2 /home/ubuntu/apps/election-app/win_prob/P/ID/stats2.csv --interval 30 --year 2026 --jsonl /home/ubuntu/apps/election-app/win_prob/P/ID/plotdata_ID_2026_2026-01-24T23-30-34.jsonl
[info] evaluating 1 timestamps from 2024-11-05T15-30-22 to 2024-11-05T15-30-22 every 30 minutes
[saved] probs_timeseries_ID.csv  (1 points)
[saved] /home/ubuntu/apps/election-app/win_prob/P/ID/plotdata_ID_2026_2026-01-24T23-30-34.jsonl  (4 points)
[saved] /home/ubuntu/apps/election-app/win_prob/P/ID/statewide_margin_pct_vs_percent_ID_2026_box.json
[saved] /home/ubuntu/apps/election-app/win_prob/P/ID/statewide_margin_pct_vs_percent_ID_2026_box.png
[saved] /home/ubuntu/apps/election-app/win_prob/P/ID/statewide_margin_pct_vs_percent_ID_2026.png

All 50 states complete. See: /home/ubuntu/apps/election-app/win_prob/P/ID

$ /home/ubuntu/.venv/bin/python3 /home/ubuntu/apps/election-app/stats/8.py --root /home/ubuntu/apps/election-app/win_prob/P/ID/_work --outdir /home/ubuntu/apps/election-app/win_prob/P/ID
[info] root  = /home/ubuntu/apps/election-app/win_prob/P/ID/_work
[info] outdir= /home/ubuntu/apps/election-app/win_prob/P/ID
[deleted] /home/ubuntu/apps/election-app/win_prob/P/ID/_work/stats_with_statewide.csv
[deleted] /home/ubuntu/apps/election-app/win_prob/P/ID/_work/stats2_final_headers.csv
[deleted] /home/ubuntu/apps/election-app/win_prob/P/ID/_work/2024_county_results_with_final-old.csv
[deleted] /home/ubuntu/apps/election-app/win_prob/P/ID/_work/2024_county_results_with_final.csv
[deleted] /home/ubuntu/apps/election-app/win_prob/P/ID/_work/2024_county_results_with_final_1.csv
[deleted] /home/ubuntu/apps/election-app/win_prob/P/ID/_work/2024_county_results_with_calcs-old.csv
[deleted] /home/ubuntu/apps/election-app/win_prob/P/ID/_work/2024_county_results_with_calcs_new.csv
[deleted] /home/ubuntu/apps/election-app/win_prob/P/ID/_work/output_statewide_stats.csv
[skip]    /home/ubuntu/apps/election-app/win_prob/P/ID/_work/probs_timeseries_PA.csv
[deleted] /home/ubuntu/apps/election-app/win_prob/P/ID/_work/2024_county_results_with_calcs.csv
[skip]    /home/ubuntu/apps/election-app/win_prob/P/ID/data_output.csv
[skip]    /home/ubuntu/apps/election-app/win_prob/P/ID/data_output_with_margins_old.csv
[skip]    /home/ubuntu/apps/election-app/win_prob/P/ID/data_output_with_margins.csv
[skip]    /home/ubuntu/apps/election-app/win_prob/P/ID/data_output_with_margins-statewide.csv
[deleted] /home/ubuntu/apps/election-app/win_prob/P/ID/snapshots_ID.csv
[deleted] /home/ubuntu/apps/election-app/win_prob/P/ID/data_output_ID_with_margins_statewide_eevp.csv
[deleted] /home/ubuntu/apps/election-app/win_prob/P/ID/data_output_ID_with_margins.csv
[deleted] /home/ubuntu/apps/election-app/win_prob/P/ID/data_output_ID.csv
[deleted] /home/ubuntu/apps/election-app/win_prob/P/ID/data_output_ID.csv.checkpoint.json
[deleted] /home/ubuntu/apps/election-app/win_prob/P/ID/stats.csv
[deleted] /home/ubuntu/apps/election-app/win_prob/P/ID/stats2.csv
[done] removed 16 file(s)
[2026-01-24 23:37:35] INFO: [PIPELINE] args: office=P state=ID district=None
[2026-01-24 23:37:35] INFO: [PIPELINE] WINPROB_DIR resolved to: /home/ubuntu/apps/election-app/win_prob/P/ID
[2026-01-24 23:37:35] INFO: [PIPELINE] OUTDIR set to: /home/ubuntu/apps/election-app/win_prob/P/ID

$ /home/ubuntu/.venv/bin/python3 /home/ubuntu/apps/election-app/stats/1-statewide.py --input /home/ubuntu/apps/election-app/win_prob/P/ID/stats.csv --output /home/ubuntu/apps/election-app/win_prob/P/ID/_work/stats_with_statewide.csv
Wrote /home/ubuntu/apps/election-app/win_prob/P/ID/_work/stats_with_statewide.csv (rows=44)

$ /home/ubuntu/.venv/bin/python3 /home/ubuntu/apps/election-app/stats/1-stats-2.py --input /home/ubuntu/apps/election-app/win_prob/P/ID/stats2.csv --output /home/ubuntu/apps/election-app/win_prob/P/ID/_work/stats2_final_headers.csv
Wrote /home/ubuntu/apps/election-app/win_prob/P/ID/_work/stats2_final_headers.csv (rows=44)

$ /home/ubuntu/.venv/bin/python3 /home/ubuntu/apps/election-app/stats/1-append-new.py
Wrote 2024_county_results_with_final-old.csv (rows=44, missing_final_matches=0)

$ /home/ubuntu/.venv/bin/python3 /home/ubuntu/apps/election-app/stats/1-change_header.py
Wrote: 2024_county_results_with_final.csv

$ /home/ubuntu/.venv/bin/python3 /home/ubuntu/apps/election-app/stats/1-cut-zero-fips.py
Wrote: 2024_county_results_with_final_1.csv
Rows before: 44
Rows after:  44
Dropped (fips == 0): 0

$ /home/ubuntu/.venv/bin/python3 /home/ubuntu/apps/election-app/stats/2-calc.py
Wrote 44 rows with calculations to /home/ubuntu/apps/election-app/win_prob/P/ID/_work/2024_county_results_with_calcs-old.csv

$ /home/ubuntu/.venv/bin/python3 /home/ubuntu/apps/election-app/stats/2-eevp.py
Wrote (no-op copy): 2024_county_results_with_calcs.csv
Columns:
 - timestamp
 - state
 - county
 - fips
 - trump_votes
 - harris_votes
 - other_votes
 - eevp
 - state_eevp
 - harris_votes_statewide
 - trump_votes_statewide
 - other_votes_statewide
 - final_state
 - final_county
 - final_fips
 - final_trump_votes
 - final_harris_votes
 - final_other_votes
 - harris_percent_snapshot
 - trump_percent_snapshot
 - margin_snapshot
 - harris_percent_final
 - trump_percent_final
 - margin_final
 - margin_difference
 - margin_difference_abs

$ /home/ubuntu/.venv/bin/python3 /home/ubuntu/apps/election-app/stats/3-calc-new.py
Wrote 44 rows with new columns to /home/ubuntu/apps/election-app/win_prob/P/ID/_work/2024_county_results_with_calcs_new.csv

$ /home/ubuntu/.venv/bin/python3 /home/ubuntu/apps/election-app/stats/4-stats.py
Reading 2024_county_results_with_calcs_new.csv...
Aggregating statewide totals...
Calculating percentages and margins...
Writing to output_statewide_stats.csv...
Done!
[2026-01-24 23:37:45] INFO: [PIPELINE] ENTER win-prob generation | states=['ID'] ts_list=['2024-11-05T15-30-22']

============================================================================
[01/1] STATE = ID
============================================================================

$ /home/ubuntu/.venv/bin/python3 /home/ubuntu/apps/election-app/stats/5-snapshots.py --state ID --input /home/ubuntu/apps/election-app/win_prob/P/ID/_work/output_statewide_stats.csv --output /home/ubuntu/apps/election-app/win_prob/P/ID/snapshots_ID.csv --start 2024-11-05T15-30-22 --end 2024-11-05T15-30-22 --use-window 1 --interval 30
Mode: windowed-one-state
Rows written: 44
Distinct states in output: ID
Rows per normalized timestamp (empty = unparseable):
  2024-11-05T15-30-22: 44
Wrote /home/ubuntu/apps/election-app/win_prob/P/ID/snapshots_ID.csv

$ /home/ubuntu/.venv/bin/python3 /home/ubuntu/apps/election-app/stats/6-pval.py /home/ubuntu/apps/election-app/win_prob/P/ID/snapshots_ID.csv -t /home/ubuntu/apps/election-app/stats/parameters.csv -o /home/ubuntu/apps/election-app/win_prob/P/ID/data_output_ID.csv -c 50
Done. Wrote: /home/ubuntu/apps/election-app/win_prob/P/ID/data_output_ID.csv
Total rows: 44 (chunked, resumable).
Computed columns for PVALS = [0.01, 0.1, 1, 2, 3, 5, 10, 15, 20, 25, 30, 35, 40, 45, 50, 55, 60, 65, 70, 75, 80, 85, 90, 95, 97, 98, 99, 99.9, 99.99]
Per p (leader): shift_{p}, margin_new_{p}, harris_percent_new_{p}, trump_percent_new_{p}, total_snapshot_{p}, total_expected_{p}, harris_votes_new_{p}, trump_votes_new_{p}
Per p (trailing): shift_trailing_{p}, margin_new_{p}_trailing, harris_percent_new_{p}_trailing, trump_percent_new_{p}_trailing, total_snapshot_{p}_trailing, total_expected_{p}_trailing, harris_votes_new_{p}_trailing, trump_votes_new_{p}_trailing
Checkpoint saved at: /home/ubuntu/apps/election-app/win_prob/P/ID/data_output_ID.csv.checkpoint.json

$ /home/ubuntu/.venv/bin/python3 /home/ubuntu/apps/election-app/stats/7-margin-new.py
Wrote data_output_with_margins_old.csv

$ /home/ubuntu/.venv/bin/python3 /home/ubuntu/apps/election-app/stats/7-eevp-statewide.py
Wrote data_output_with_margins.csv (copied from data_output_with_margins_old.csv)

$ /home/ubuntu/.venv/bin/python3 /home/ubuntu/apps/election-app/stats/7.py --input /home/ubuntu/apps/election-app/win_prob/P/ID/data_output_ID_with_margins_statewide_eevp.csv --output /home/ubuntu/apps/election-app/win_prob/P/ID/statewide_margin_pct_vs_percent_ID_2026.png --state ID --start 2024-11-05T15-30-22 --end 2024-11-05T15-30-22 --stats /home/ubuntu/apps/election-app/win_prob/P/ID/stats.csv --stats2 /home/ubuntu/apps/election-app/win_prob/P/ID/stats2.csv --interval 30 --year 2026 --jsonl /home/ubuntu/apps/election-app/win_prob/P/ID/plotdata_ID_2026_2026-01-24T23-37-35.jsonl
[info] evaluating 1 timestamps from 2024-11-05T15-30-22 to 2024-11-05T15-30-22 every 30 minutes
[saved] probs_timeseries_ID.csv  (1 points)
[saved] /home/ubuntu/apps/election-app/win_prob/P/ID/plotdata_ID_2026_2026-01-24T23-37-35.jsonl  (4 points)
[saved] /home/ubuntu/apps/election-app/win_prob/P/ID/statewide_margin_pct_vs_percent_ID_2026_box.json
[saved] /home/ubuntu/apps/election-app/win_prob/P/ID/statewide_margin_pct_vs_percent_ID_2026_box.png
[saved] /home/ubuntu/apps/election-app/win_prob/P/ID/statewide_margin_pct_vs_percent_ID_2026.png

All 50 states complete. See: /home/ubuntu/apps/election-app/win_prob/P/ID

$ /home/ubuntu/.venv/bin/python3 /home/ubuntu/apps/election-app/stats/8.py --root /home/ubuntu/apps/election-app/win_prob/P/ID/_work --outdir /home/ubuntu/apps/election-app/win_prob/P/ID
[info] root  = /home/ubuntu/apps/election-app/win_prob/P/ID/_work
[info] outdir= /home/ubuntu/apps/election-app/win_prob/P/ID
[deleted] /home/ubuntu/apps/election-app/win_prob/P/ID/_work/stats_with_statewide.csv
[deleted] /home/ubuntu/apps/election-app/win_prob/P/ID/_work/stats2_final_headers.csv
[deleted] /home/ubuntu/apps/election-app/win_prob/P/ID/_work/2024_county_results_with_final-old.csv
[deleted] /home/ubuntu/apps/election-app/win_prob/P/ID/_work/2024_county_results_with_final.csv
[deleted] /home/ubuntu/apps/election-app/win_prob/P/ID/_work/2024_county_results_with_final_1.csv
[deleted] /home/ubuntu/apps/election-app/win_prob/P/ID/_work/2024_county_results_with_calcs-old.csv
[deleted] /home/ubuntu/apps/election-app/win_prob/P/ID/_work/2024_county_results_with_calcs_new.csv
[deleted] /home/ubuntu/apps/election-app/win_prob/P/ID/_work/output_statewide_stats.csv
[skip]    /home/ubuntu/apps/election-app/win_prob/P/ID/_work/probs_timeseries_PA.csv
[deleted] /home/ubuntu/apps/election-app/win_prob/P/ID/_work/2024_county_results_with_calcs.csv
[skip]    /home/ubuntu/apps/election-app/win_prob/P/ID/data_output.csv
[skip]    /home/ubuntu/apps/election-app/win_prob/P/ID/data_output_with_margins_old.csv
[skip]    /home/ubuntu/apps/election-app/win_prob/P/ID/data_output_with_margins.csv
[skip]    /home/ubuntu/apps/election-app/win_prob/P/ID/data_output_with_margins-statewide.csv
[deleted] /home/ubuntu/apps/election-app/win_prob/P/ID/snapshots_ID.csv
[deleted] /home/ubuntu/apps/election-app/win_prob/P/ID/data_output_ID_with_margins_statewide_eevp.csv
[deleted] /home/ubuntu/apps/election-app/win_prob/P/ID/data_output_ID_with_margins.csv
[deleted] /home/ubuntu/apps/election-app/win_prob/P/ID/data_output_ID.csv
[deleted] /home/ubuntu/apps/election-app/win_prob/P/ID/data_output_ID.csv.checkpoint.json
[deleted] /home/ubuntu/apps/election-app/win_prob/P/ID/stats.csv
[deleted] /home/ubuntu/apps/election-app/win_prob/P/ID/stats2.csv
[done] removed 16 file(s)
[2026-01-24 23:44:37] INFO: [PIPELINE] args: office=P state=ID district=None
[2026-01-24 23:44:37] INFO: [PIPELINE] WINPROB_DIR resolved to: /home/ubuntu/apps/election-app/win_prob/P/ID
[2026-01-24 23:44:37] INFO: [PIPELINE] OUTDIR set to: /home/ubuntu/apps/election-app/win_prob/P/ID

$ /home/ubuntu/.venv/bin/python3 /home/ubuntu/apps/election-app/stats/1-statewide.py --input /home/ubuntu/apps/election-app/win_prob/P/ID/stats.csv --output /home/ubuntu/apps/election-app/win_prob/P/ID/_work/stats_with_statewide.csv
Wrote /home/ubuntu/apps/election-app/win_prob/P/ID/_work/stats_with_statewide.csv (rows=44)

$ /home/ubuntu/.venv/bin/python3 /home/ubuntu/apps/election-app/stats/1-stats-2.py --input /home/ubuntu/apps/election-app/win_prob/P/ID/stats2.csv --output /home/ubuntu/apps/election-app/win_prob/P/ID/_work/stats2_final_headers.csv
Wrote /home/ubuntu/apps/election-app/win_prob/P/ID/_work/stats2_final_headers.csv (rows=44)

$ /home/ubuntu/.venv/bin/python3 /home/ubuntu/apps/election-app/stats/1-append-new.py
Wrote 2024_county_results_with_final-old.csv (rows=44, missing_final_matches=0)

$ /home/ubuntu/.venv/bin/python3 /home/ubuntu/apps/election-app/stats/1-change_header.py
Wrote: 2024_county_results_with_final.csv

$ /home/ubuntu/.venv/bin/python3 /home/ubuntu/apps/election-app/stats/1-cut-zero-fips.py
Wrote: 2024_county_results_with_final_1.csv
Rows before: 44
Rows after:  44
Dropped (fips == 0): 0

$ /home/ubuntu/.venv/bin/python3 /home/ubuntu/apps/election-app/stats/2-calc.py
Wrote 44 rows with calculations to /home/ubuntu/apps/election-app/win_prob/P/ID/_work/2024_county_results_with_calcs-old.csv

$ /home/ubuntu/.venv/bin/python3 /home/ubuntu/apps/election-app/stats/2-eevp.py
Wrote (no-op copy): 2024_county_results_with_calcs.csv
Columns:
 - timestamp
 - state
 - county
 - fips
 - trump_votes
 - harris_votes
 - other_votes
 - eevp
 - state_eevp
 - harris_votes_statewide
 - trump_votes_statewide
 - other_votes_statewide
 - final_state
 - final_county
 - final_fips
 - final_trump_votes
 - final_harris_votes
 - final_other_votes
 - harris_percent_snapshot
 - trump_percent_snapshot
 - margin_snapshot
 - harris_percent_final
 - trump_percent_final
 - margin_final
 - margin_difference
 - margin_difference_abs

$ /home/ubuntu/.venv/bin/python3 /home/ubuntu/apps/election-app/stats/3-calc-new.py
Wrote 44 rows with new columns to /home/ubuntu/apps/election-app/win_prob/P/ID/_work/2024_county_results_with_calcs_new.csv

$ /home/ubuntu/.venv/bin/python3 /home/ubuntu/apps/election-app/stats/4-stats.py
Reading 2024_county_results_with_calcs_new.csv...
Aggregating statewide totals...
Calculating percentages and margins...
Writing to output_statewide_stats.csv...
Done!
[2026-01-24 23:44:46] INFO: [PIPELINE] ENTER win-prob generation | states=['ID'] ts_list=['2024-11-05T15-30-22']

============================================================================
[01/1] STATE = ID
============================================================================

$ /home/ubuntu/.venv/bin/python3 /home/ubuntu/apps/election-app/stats/5-snapshots.py --state ID --input /home/ubuntu/apps/election-app/win_prob/P/ID/_work/output_statewide_stats.csv --output /home/ubuntu/apps/election-app/win_prob/P/ID/snapshots_ID.csv --start 2024-11-05T15-30-22 --end 2024-11-05T15-30-22 --use-window 1 --interval 30
Mode: windowed-one-state
Rows written: 44
Distinct states in output: ID
Rows per normalized timestamp (empty = unparseable):
  2024-11-05T15-30-22: 44
Wrote /home/ubuntu/apps/election-app/win_prob/P/ID/snapshots_ID.csv

$ /home/ubuntu/.venv/bin/python3 /home/ubuntu/apps/election-app/stats/6-pval.py /home/ubuntu/apps/election-app/win_prob/P/ID/snapshots_ID.csv -t /home/ubuntu/apps/election-app/stats/parameters.csv -o /home/ubuntu/apps/election-app/win_prob/P/ID/data_output_ID.csv -c 50
Done. Wrote: /home/ubuntu/apps/election-app/win_prob/P/ID/data_output_ID.csv
Total rows: 44 (chunked, resumable).
Computed columns for PVALS = [0.01, 0.1, 1, 2, 3, 5, 10, 15, 20, 25, 30, 35, 40, 45, 50, 55, 60, 65, 70, 75, 80, 85, 90, 95, 97, 98, 99, 99.9, 99.99]
Per p (leader): shift_{p}, margin_new_{p}, harris_percent_new_{p}, trump_percent_new_{p}, total_snapshot_{p}, total_expected_{p}, harris_votes_new_{p}, trump_votes_new_{p}
Per p (trailing): shift_trailing_{p}, margin_new_{p}_trailing, harris_percent_new_{p}_trailing, trump_percent_new_{p}_trailing, total_snapshot_{p}_trailing, total_expected_{p}_trailing, harris_votes_new_{p}_trailing, trump_votes_new_{p}_trailing
Checkpoint saved at: /home/ubuntu/apps/election-app/win_prob/P/ID/data_output_ID.csv.checkpoint.json

$ /home/ubuntu/.venv/bin/python3 /home/ubuntu/apps/election-app/stats/7-margin-new.py
Wrote data_output_with_margins_old.csv

$ /home/ubuntu/.venv/bin/python3 /home/ubuntu/apps/election-app/stats/7-eevp-statewide.py
Wrote data_output_with_margins.csv (copied from data_output_with_margins_old.csv)

$ /home/ubuntu/.venv/bin/python3 /home/ubuntu/apps/election-app/stats/7.py --input /home/ubuntu/apps/election-app/win_prob/P/ID/data_output_ID_with_margins_statewide_eevp.csv --output /home/ubuntu/apps/election-app/win_prob/P/ID/statewide_margin_pct_vs_percent_ID_2026.png --state ID --start 2024-11-05T15-30-22 --end 2024-11-05T15-30-22 --stats /home/ubuntu/apps/election-app/win_prob/P/ID/stats.csv --stats2 /home/ubuntu/apps/election-app/win_prob/P/ID/stats2.csv --interval 30 --year 2026 --jsonl /home/ubuntu/apps/election-app/win_prob/P/ID/plotdata_ID_2026_2026-01-24T23-44-37.jsonl
[info] evaluating 1 timestamps from 2024-11-05T15-30-22 to 2024-11-05T15-30-22 every 30 minutes
[saved] probs_timeseries_ID.csv  (1 points)
[saved] /home/ubuntu/apps/election-app/win_prob/P/ID/plotdata_ID_2026_2026-01-24T23-44-37.jsonl  (4 points)
[saved] /home/ubuntu/apps/election-app/win_prob/P/ID/statewide_margin_pct_vs_percent_ID_2026_box.json
[saved] /home/ubuntu/apps/election-app/win_prob/P/ID/statewide_margin_pct_vs_percent_ID_2026_box.png
[saved] /home/ubuntu/apps/election-app/win_prob/P/ID/statewide_margin_pct_vs_percent_ID_2026.png

All 50 states complete. See: /home/ubuntu/apps/election-app/win_prob/P/ID

$ /home/ubuntu/.venv/bin/python3 /home/ubuntu/apps/election-app/stats/8.py --root /home/ubuntu/apps/election-app/win_prob/P/ID/_work --outdir /home/ubuntu/apps/election-app/win_prob/P/ID
[info] root  = /home/ubuntu/apps/election-app/win_prob/P/ID/_work
[info] outdir= /home/ubuntu/apps/election-app/win_prob/P/ID
[deleted] /home/ubuntu/apps/election-app/win_prob/P/ID/_work/stats_with_statewide.csv
[deleted] /home/ubuntu/apps/election-app/win_prob/P/ID/_work/stats2_final_headers.csv
[deleted] /home/ubuntu/apps/election-app/win_prob/P/ID/_work/2024_county_results_with_final-old.csv
[deleted] /home/ubuntu/apps/election-app/win_prob/P/ID/_work/2024_county_results_with_final.csv
[deleted] /home/ubuntu/apps/election-app/win_prob/P/ID/_work/2024_county_results_with_final_1.csv
[deleted] /home/ubuntu/apps/election-app/win_prob/P/ID/_work/2024_county_results_with_calcs-old.csv
[deleted] /home/ubuntu/apps/election-app/win_prob/P/ID/_work/2024_county_results_with_calcs_new.csv
[deleted] /home/ubuntu/apps/election-app/win_prob/P/ID/_work/output_statewide_stats.csv
[skip]    /home/ubuntu/apps/election-app/win_prob/P/ID/_work/probs_timeseries_PA.csv
[deleted] /home/ubuntu/apps/election-app/win_prob/P/ID/_work/2024_county_results_with_calcs.csv
[skip]    /home/ubuntu/apps/election-app/win_prob/P/ID/data_output.csv
[skip]    /home/ubuntu/apps/election-app/win_prob/P/ID/data_output_with_margins_old.csv
[skip]    /home/ubuntu/apps/election-app/win_prob/P/ID/data_output_with_margins.csv
[skip]    /home/ubuntu/apps/election-app/win_prob/P/ID/data_output_with_margins-statewide.csv
[deleted] /home/ubuntu/apps/election-app/win_prob/P/ID/snapshots_ID.csv
[deleted] /home/ubuntu/apps/election-app/win_prob/P/ID/data_output_ID_with_margins_statewide_eevp.csv
[deleted] /home/ubuntu/apps/election-app/win_prob/P/ID/data_output_ID_with_margins.csv
[deleted] /home/ubuntu/apps/election-app/win_prob/P/ID/data_output_ID.csv
[deleted] /home/ubuntu/apps/election-app/win_prob/P/ID/data_output_ID.csv.checkpoint.json
[deleted] /home/ubuntu/apps/election-app/win_prob/P/ID/stats.csv
[deleted] /home/ubuntu/apps/election-app/win_prob/P/ID/stats2.csv
[done] removed 16 file(s)
[2026-02-04 18:14:00] INFO: [PIPELINE] args: office=P state=ID district=None
[2026-02-04 18:14:00] INFO: [PIPELINE] WINPROB_DIR resolved to: /home/ubuntu/apps/election-app/win_prob/P/ID
[2026-02-04 18:14:00] INFO: [PIPELINE] OUTDIR set to: /home/ubuntu/apps/election-app/win_prob/P/ID

$ /home/ubuntu/.venv/bin/python3 /home/ubuntu/apps/election-app/stats/1-statewide.py --input /home/ubuntu/apps/election-app/win_prob/P/ID/stats.csv --output /home/ubuntu/apps/election-app/win_prob/P/ID/_work/stats_with_statewide.csv
Wrote /home/ubuntu/apps/election-app/win_prob/P/ID/_work/stats_with_statewide.csv (rows=44)

$ /home/ubuntu/.venv/bin/python3 /home/ubuntu/apps/election-app/stats/1-stats-2.py --input /home/ubuntu/apps/election-app/win_prob/P/ID/stats2.csv --output /home/ubuntu/apps/election-app/win_prob/P/ID/_work/stats2_final_headers.csv
Wrote /home/ubuntu/apps/election-app/win_prob/P/ID/_work/stats2_final_headers.csv (rows=44)

$ /home/ubuntu/.venv/bin/python3 /home/ubuntu/apps/election-app/stats/1-append-new.py
Wrote 2024_county_results_with_final-old.csv (rows=44, missing_final_matches=0)

$ /home/ubuntu/.venv/bin/python3 /home/ubuntu/apps/election-app/stats/1-change_header.py
Wrote: 2024_county_results_with_final.csv

$ /home/ubuntu/.venv/bin/python3 /home/ubuntu/apps/election-app/stats/1-cut-zero-fips.py
Wrote: 2024_county_results_with_final_1.csv
Rows before: 44
Rows after:  44
Dropped (fips == 0): 0

$ /home/ubuntu/.venv/bin/python3 /home/ubuntu/apps/election-app/stats/2-calc.py
Wrote 44 rows with calculations to /home/ubuntu/apps/election-app/win_prob/P/ID/_work/2024_county_results_with_calcs-old.csv

$ /home/ubuntu/.venv/bin/python3 /home/ubuntu/apps/election-app/stats/2-eevp.py
Wrote (no-op copy): 2024_county_results_with_calcs.csv
Columns:
 - timestamp
 - state
 - county
 - fips
 - trump_votes
 - harris_votes
 - other_votes
 - eevp
 - state_eevp
 - harris_votes_statewide
 - trump_votes_statewide
 - other_votes_statewide
 - final_state
 - final_county
 - final_fips
 - final_trump_votes
 - final_harris_votes
 - final_other_votes
 - harris_percent_snapshot
 - trump_percent_snapshot
 - margin_snapshot
 - harris_percent_final
 - trump_percent_final
 - margin_final
 - margin_difference
 - margin_difference_abs

$ /home/ubuntu/.venv/bin/python3 /home/ubuntu/apps/election-app/stats/3-calc-new.py
Wrote 44 rows with new columns to /home/ubuntu/apps/election-app/win_prob/P/ID/_work/2024_county_results_with_calcs_new.csv

$ /home/ubuntu/.venv/bin/python3 /home/ubuntu/apps/election-app/stats/4-stats.py
Reading 2024_county_results_with_calcs_new.csv...
Aggregating statewide totals...
Calculating percentages and margins...
Writing to output_statewide_stats.csv...
Done!
[2026-02-04 18:14:09] INFO: [PIPELINE] ENTER win-prob generation | states=['ID'] ts_list=['2024-11-05T15-30-22']

============================================================================
[01/1] STATE = ID
============================================================================

$ /home/ubuntu/.venv/bin/python3 /home/ubuntu/apps/election-app/stats/5-snapshots.py --state ID --input /home/ubuntu/apps/election-app/win_prob/P/ID/_work/output_statewide_stats.csv --output /home/ubuntu/apps/election-app/win_prob/P/ID/snapshots_ID.csv --start 2024-11-05T15-30-22 --end 2024-11-05T15-30-22 --use-window 1 --interval 30
Mode: windowed-one-state
Rows written: 44
Distinct states in output: ID
Rows per normalized timestamp (empty = unparseable):
  2024-11-05T15-30-22: 44
Wrote /home/ubuntu/apps/election-app/win_prob/P/ID/snapshots_ID.csv

$ /home/ubuntu/.venv/bin/python3 /home/ubuntu/apps/election-app/stats/6-pval.py /home/ubuntu/apps/election-app/win_prob/P/ID/snapshots_ID.csv -t /home/ubuntu/apps/election-app/stats/parameters.csv -o /home/ubuntu/apps/election-app/win_prob/P/ID/data_output_ID.csv -c 50
Done. Wrote: /home/ubuntu/apps/election-app/win_prob/P/ID/data_output_ID.csv
Total rows: 44 (chunked, resumable).
Computed columns for PVALS = [0.01, 0.1, 1, 2, 3, 5, 10, 15, 20, 25, 30, 35, 40, 45, 50, 55, 60, 65, 70, 75, 80, 85, 90, 95, 97, 98, 99, 99.9, 99.99]
Per p (leader): shift_{p}, margin_new_{p}, harris_percent_new_{p}, trump_percent_new_{p}, total_snapshot_{p}, total_expected_{p}, harris_votes_new_{p}, trump_votes_new_{p}
Per p (trailing): shift_trailing_{p}, margin_new_{p}_trailing, harris_percent_new_{p}_trailing, trump_percent_new_{p}_trailing, total_snapshot_{p}_trailing, total_expected_{p}_trailing, harris_votes_new_{p}_trailing, trump_votes_new_{p}_trailing
Checkpoint saved at: /home/ubuntu/apps/election-app/win_prob/P/ID/data_output_ID.csv.checkpoint.json

$ /home/ubuntu/.venv/bin/python3 /home/ubuntu/apps/election-app/stats/7-margin-new.py
Wrote data_output_with_margins_old.csv

$ /home/ubuntu/.venv/bin/python3 /home/ubuntu/apps/election-app/stats/7-eevp-statewide.py
Wrote data_output_with_margins.csv (copied from data_output_with_margins_old.csv)

$ /home/ubuntu/.venv/bin/python3 /home/ubuntu/apps/election-app/stats/7.py --input /home/ubuntu/apps/election-app/win_prob/P/ID/data_output_ID_with_margins_statewide_eevp.csv --output /home/ubuntu/apps/election-app/win_prob/P/ID/statewide_margin_pct_vs_percent_ID_2026.png --state ID --start 2024-11-05T15-30-22 --end 2024-11-05T15-30-22 --stats /home/ubuntu/apps/election-app/win_prob/P/ID/stats.csv --stats2 /home/ubuntu/apps/election-app/win_prob/P/ID/stats2.csv --interval 30 --year 2026 --jsonl /home/ubuntu/apps/election-app/win_prob/P/ID/plotdata_ID_2026_2026-02-04T18-14-00.jsonl
[info] evaluating 1 timestamps from 2024-11-05T15-30-22 to 2024-11-05T15-30-22 every 30 minutes
[saved] probs_timeseries_ID.csv  (1 points)
[saved] /home/ubuntu/apps/election-app/win_prob/P/ID/plotdata_ID_2026_2026-02-04T18-14-00.jsonl  (4 points)
[saved] /home/ubuntu/apps/election-app/win_prob/P/ID/statewide_margin_pct_vs_percent_ID_2026_box.json
[saved] /home/ubuntu/apps/election-app/win_prob/P/ID/statewide_margin_pct_vs_percent_ID_2026_box.png
[saved] /home/ubuntu/apps/election-app/win_prob/P/ID/statewide_margin_pct_vs_percent_ID_2026.png

All 50 states complete. See: /home/ubuntu/apps/election-app/win_prob/P/ID

$ /home/ubuntu/.venv/bin/python3 /home/ubuntu/apps/election-app/stats/8.py --root /home/ubuntu/apps/election-app/win_prob/P/ID/_work --outdir /home/ubuntu/apps/election-app/win_prob/P/ID
[info] root  = /home/ubuntu/apps/election-app/win_prob/P/ID/_work
[info] outdir= /home/ubuntu/apps/election-app/win_prob/P/ID
[deleted] /home/ubuntu/apps/election-app/win_prob/P/ID/_work/stats_with_statewide.csv
[deleted] /home/ubuntu/apps/election-app/win_prob/P/ID/_work/stats2_final_headers.csv
[deleted] /home/ubuntu/apps/election-app/win_prob/P/ID/_work/2024_county_results_with_final-old.csv
[deleted] /home/ubuntu/apps/election-app/win_prob/P/ID/_work/2024_county_results_with_final.csv
[deleted] /home/ubuntu/apps/election-app/win_prob/P/ID/_work/2024_county_results_with_final_1.csv
[deleted] /home/ubuntu/apps/election-app/win_prob/P/ID/_work/2024_county_results_with_calcs-old.csv
[deleted] /home/ubuntu/apps/election-app/win_prob/P/ID/_work/2024_county_results_with_calcs_new.csv
[deleted] /home/ubuntu/apps/election-app/win_prob/P/ID/_work/output_statewide_stats.csv
[skip]    /home/ubuntu/apps/election-app/win_prob/P/ID/_work/probs_timeseries_PA.csv
[deleted] /home/ubuntu/apps/election-app/win_prob/P/ID/_work/2024_county_results_with_calcs.csv
[skip]    /home/ubuntu/apps/election-app/win_prob/P/ID/data_output.csv
[skip]    /home/ubuntu/apps/election-app/win_prob/P/ID/data_output_with_margins_old.csv
[skip]    /home/ubuntu/apps/election-app/win_prob/P/ID/data_output_with_margins.csv
[skip]    /home/ubuntu/apps/election-app/win_prob/P/ID/data_output_with_margins-statewide.csv
[deleted] /home/ubuntu/apps/election-app/win_prob/P/ID/snapshots_ID.csv
[deleted] /home/ubuntu/apps/election-app/win_prob/P/ID/data_output_ID_with_margins_statewide_eevp.csv
[deleted] /home/ubuntu/apps/election-app/win_prob/P/ID/data_output_ID_with_margins.csv
[deleted] /home/ubuntu/apps/election-app/win_prob/P/ID/data_output_ID.csv
[deleted] /home/ubuntu/apps/election-app/win_prob/P/ID/data_output_ID.csv.checkpoint.json
[deleted] /home/ubuntu/apps/election-app/win_prob/P/ID/stats.csv
[deleted] /home/ubuntu/apps/election-app/win_prob/P/ID/stats2.csv
[done] removed 16 file(s)
