[2026-01-23 21:25:13] INFO: [PIPELINE] args: office=H state=OH district=07
[2026-01-23 21:25:13] INFO: [PIPELINE] WINPROB_DIR resolved to: /home/ubuntu/apps/election-app/win_prob/H/OH/07
[2026-01-23 21:25:13] INFO: [PIPELINE] OUTDIR set to: /home/ubuntu/apps/election-app/win_prob/H/OH/07

$ /home/ubuntu/.venv/bin/python3 /home/ubuntu/apps/election-app/stats/1-statewide.py --input /home/ubuntu/apps/election-app/win_prob/H/OH/07/stats.csv --output /home/ubuntu/apps/election-app/win_prob/H/OH/07/_work/stats_with_statewide.csv
Wrote /home/ubuntu/apps/election-app/win_prob/H/OH/07/_work/stats_with_statewide.csv (rows=4)

$ /home/ubuntu/.venv/bin/python3 /home/ubuntu/apps/election-app/stats/1-stats-2.py --input /home/ubuntu/apps/election-app/win_prob/H/OH/07/stats2.csv --output /home/ubuntu/apps/election-app/win_prob/H/OH/07/_work/stats2_final_headers.csv
Wrote /home/ubuntu/apps/election-app/win_prob/H/OH/07/_work/stats2_final_headers.csv (rows=4)

$ /home/ubuntu/.venv/bin/python3 /home/ubuntu/apps/election-app/stats/1-append-new.py
Wrote 2024_county_results_with_final-old.csv (rows=4, missing_final_matches=0)

$ /home/ubuntu/.venv/bin/python3 /home/ubuntu/apps/election-app/stats/1-change_header.py
Wrote: 2024_county_results_with_final.csv

$ /home/ubuntu/.venv/bin/python3 /home/ubuntu/apps/election-app/stats/1-cut-zero-fips.py
Wrote: 2024_county_results_with_final_1.csv
Rows before: 4
Rows after:  4
Dropped (fips == 0): 0

$ /home/ubuntu/.venv/bin/python3 /home/ubuntu/apps/election-app/stats/2-calc.py
Wrote 4 rows with calculations to /home/ubuntu/apps/election-app/win_prob/H/OH/07/_work/2024_county_results_with_calcs-old.csv

$ /home/ubuntu/.venv/bin/python3 /home/ubuntu/apps/election-app/stats/2-eevp.py
Wrote (no-op copy): 2024_county_results_with_calcs.csv
Columns:
 - timestamp
 - state
 - county
 - fips
 - trump_votes
 - harris_votes
 - other_votes
 - eevp
 - state_eevp
 - harris_votes_statewide
 - trump_votes_statewide
 - other_votes_statewide
 - final_state
 - final_county
 - final_fips
 - final_trump_votes
 - final_harris_votes
 - final_other_votes
 - harris_percent_snapshot
 - trump_percent_snapshot
 - margin_snapshot
 - harris_percent_final
 - trump_percent_final
 - margin_final
 - margin_difference
 - margin_difference_abs

$ /home/ubuntu/.venv/bin/python3 /home/ubuntu/apps/election-app/stats/3-calc-new.py
Wrote 4 rows with new columns to /home/ubuntu/apps/election-app/win_prob/H/OH/07/_work/2024_county_results_with_calcs_new.csv

$ /home/ubuntu/.venv/bin/python3 /home/ubuntu/apps/election-app/stats/4-stats.py
Reading 2024_county_results_with_calcs_new.csv...
Aggregating statewide totals...
Calculating percentages and margins...
Writing to output_statewide_stats.csv...
Done!
[2026-01-23 21:25:22] INFO: [PIPELINE] ENTER win-prob generation | states=['OH'] ts_list=['2024-11-05T15-30-22']

============================================================================
[01/1] STATE = OH
============================================================================

$ /home/ubuntu/.venv/bin/python3 /home/ubuntu/apps/election-app/stats/5-snapshots.py --state OH --input /home/ubuntu/apps/election-app/win_prob/H/OH/07/_work/output_statewide_stats.csv --output /home/ubuntu/apps/election-app/win_prob/H/OH/07/snapshots_OH.csv --start 2024-11-05T15-30-22 --end 2024-11-05T15-30-22 --use-window 1 --interval 30
Mode: windowed-one-state
Rows written: 4
Distinct states in output: OH
Rows per normalized timestamp (empty = unparseable):
  2024-11-05T15-30-22: 4
Wrote /home/ubuntu/apps/election-app/win_prob/H/OH/07/snapshots_OH.csv

$ /home/ubuntu/.venv/bin/python3 /home/ubuntu/apps/election-app/stats/6-pval.py /home/ubuntu/apps/election-app/win_prob/H/OH/07/snapshots_OH.csv -t /home/ubuntu/apps/election-app/stats/parameters.csv -o /home/ubuntu/apps/election-app/win_prob/H/OH/07/data_output_OH.csv -c 50
Done. Wrote: /home/ubuntu/apps/election-app/win_prob/H/OH/07/data_output_OH.csv
Total rows: 4 (chunked, resumable).
Computed columns for PVALS = [0.01, 0.1, 1, 2, 3, 5, 10, 15, 20, 25, 30, 35, 40, 45, 50, 55, 60, 65, 70, 75, 80, 85, 90, 95, 97, 98, 99, 99.9, 99.99]
Per p (leader): shift_{p}, margin_new_{p}, harris_percent_new_{p}, trump_percent_new_{p}, total_snapshot_{p}, total_expected_{p}, harris_votes_new_{p}, trump_votes_new_{p}
Per p (trailing): shift_trailing_{p}, margin_new_{p}_trailing, harris_percent_new_{p}_trailing, trump_percent_new_{p}_trailing, total_snapshot_{p}_trailing, total_expected_{p}_trailing, harris_votes_new_{p}_trailing, trump_votes_new_{p}_trailing
Checkpoint saved at: /home/ubuntu/apps/election-app/win_prob/H/OH/07/data_output_OH.csv.checkpoint.json

$ /home/ubuntu/.venv/bin/python3 /home/ubuntu/apps/election-app/stats/7-margin-new.py
Wrote data_output_with_margins_old.csv

$ /home/ubuntu/.venv/bin/python3 /home/ubuntu/apps/election-app/stats/7-eevp-statewide.py
Wrote data_output_with_margins.csv (copied from data_output_with_margins_old.csv)

$ /home/ubuntu/.venv/bin/python3 /home/ubuntu/apps/election-app/stats/7.py --input /home/ubuntu/apps/election-app/win_prob/H/OH/07/data_output_OH_with_margins_statewide_eevp.csv --output /home/ubuntu/apps/election-app/win_prob/H/OH/07/statewide_margin_pct_vs_percent_OH_2026.png --state OH --start 2024-11-05T15-30-22 --end 2024-11-05T15-30-22 --stats /home/ubuntu/apps/election-app/win_prob/H/OH/07/stats.csv --stats2 /home/ubuntu/apps/election-app/win_prob/H/OH/07/stats2.csv --interval 30 --year 2026 --jsonl /home/ubuntu/apps/election-app/win_prob/H/OH/07/plotdata_OH_2026_2026-01-23T21-25-13.jsonl
[info] evaluating 1 timestamps from 2024-11-05T15-30-22 to 2024-11-05T15-30-22 every 30 minutes
[saved] probs_timeseries_OH.csv  (1 points)
[saved] /home/ubuntu/apps/election-app/win_prob/H/OH/07/plotdata_OH_2026_2026-01-23T21-25-13.jsonl  (0 points)
[saved] /home/ubuntu/apps/election-app/win_prob/H/OH/07/statewide_margin_pct_vs_percent_OH_2026_box.json
[saved] /home/ubuntu/apps/election-app/win_prob/H/OH/07/statewide_margin_pct_vs_percent_OH_2026_box.png
[saved] /home/ubuntu/apps/election-app/win_prob/H/OH/07/statewide_margin_pct_vs_percent_OH_2026.png

All 50 states complete. See: /home/ubuntu/apps/election-app/win_prob/H/OH/07

$ /home/ubuntu/.venv/bin/python3 /home/ubuntu/apps/election-app/stats/8.py --root /home/ubuntu/apps/election-app/win_prob/H/OH/07/_work --outdir /home/ubuntu/apps/election-app/win_prob/H/OH/07
[info] root  = /home/ubuntu/apps/election-app/win_prob/H/OH/07/_work
[info] outdir= /home/ubuntu/apps/election-app/win_prob/H/OH/07
[deleted] /home/ubuntu/apps/election-app/win_prob/H/OH/07/_work/stats_with_statewide.csv
[deleted] /home/ubuntu/apps/election-app/win_prob/H/OH/07/_work/stats2_final_headers.csv
[deleted] /home/ubuntu/apps/election-app/win_prob/H/OH/07/_work/2024_county_results_with_final-old.csv
[deleted] /home/ubuntu/apps/election-app/win_prob/H/OH/07/_work/2024_county_results_with_final.csv
[deleted] /home/ubuntu/apps/election-app/win_prob/H/OH/07/_work/2024_county_results_with_final_1.csv
[deleted] /home/ubuntu/apps/election-app/win_prob/H/OH/07/_work/2024_county_results_with_calcs-old.csv
[deleted] /home/ubuntu/apps/election-app/win_prob/H/OH/07/_work/2024_county_results_with_calcs_new.csv
[deleted] /home/ubuntu/apps/election-app/win_prob/H/OH/07/_work/output_statewide_stats.csv
[skip]    /home/ubuntu/apps/election-app/win_prob/H/OH/07/_work/probs_timeseries_PA.csv
[deleted] /home/ubuntu/apps/election-app/win_prob/H/OH/07/_work/2024_county_results_with_calcs.csv
[skip]    /home/ubuntu/apps/election-app/win_prob/H/OH/07/data_output.csv
[skip]    /home/ubuntu/apps/election-app/win_prob/H/OH/07/data_output_with_margins_old.csv
[skip]    /home/ubuntu/apps/election-app/win_prob/H/OH/07/data_output_with_margins.csv
[skip]    /home/ubuntu/apps/election-app/win_prob/H/OH/07/data_output_with_margins-statewide.csv
[deleted] /home/ubuntu/apps/election-app/win_prob/H/OH/07/snapshots_OH.csv
[deleted] /home/ubuntu/apps/election-app/win_prob/H/OH/07/data_output_OH.csv
[deleted] /home/ubuntu/apps/election-app/win_prob/H/OH/07/data_output_OH_with_margins_statewide_eevp.csv
[deleted] /home/ubuntu/apps/election-app/win_prob/H/OH/07/data_output_OH_with_margins.csv
[deleted] /home/ubuntu/apps/election-app/win_prob/H/OH/07/data_output_OH.csv.checkpoint.json
[deleted] /home/ubuntu/apps/election-app/win_prob/H/OH/07/stats.csv
[deleted] /home/ubuntu/apps/election-app/win_prob/H/OH/07/stats2.csv
[done] removed 16 file(s)
[2026-01-23 21:39:21] INFO: [PIPELINE] args: office=H state=OH district=07
[2026-01-23 21:39:21] INFO: [PIPELINE] WINPROB_DIR resolved to: /home/ubuntu/apps/election-app/win_prob/H/OH/07
[2026-01-23 21:39:21] INFO: [PIPELINE] OUTDIR set to: /home/ubuntu/apps/election-app/win_prob/H/OH/07

$ /home/ubuntu/.venv/bin/python3 /home/ubuntu/apps/election-app/stats/1-statewide.py --input /home/ubuntu/apps/election-app/win_prob/H/OH/07/stats.csv --output /home/ubuntu/apps/election-app/win_prob/H/OH/07/_work/stats_with_statewide.csv
Wrote /home/ubuntu/apps/election-app/win_prob/H/OH/07/_work/stats_with_statewide.csv (rows=4)

$ /home/ubuntu/.venv/bin/python3 /home/ubuntu/apps/election-app/stats/1-stats-2.py --input /home/ubuntu/apps/election-app/win_prob/H/OH/07/stats2.csv --output /home/ubuntu/apps/election-app/win_prob/H/OH/07/_work/stats2_final_headers.csv
Wrote /home/ubuntu/apps/election-app/win_prob/H/OH/07/_work/stats2_final_headers.csv (rows=4)

$ /home/ubuntu/.venv/bin/python3 /home/ubuntu/apps/election-app/stats/1-append-new.py
Wrote 2024_county_results_with_final-old.csv (rows=4, missing_final_matches=0)

$ /home/ubuntu/.venv/bin/python3 /home/ubuntu/apps/election-app/stats/1-change_header.py
Wrote: 2024_county_results_with_final.csv

$ /home/ubuntu/.venv/bin/python3 /home/ubuntu/apps/election-app/stats/1-cut-zero-fips.py
Wrote: 2024_county_results_with_final_1.csv
Rows before: 4
Rows after:  4
Dropped (fips == 0): 0

$ /home/ubuntu/.venv/bin/python3 /home/ubuntu/apps/election-app/stats/2-calc.py
Wrote 4 rows with calculations to /home/ubuntu/apps/election-app/win_prob/H/OH/07/_work/2024_county_results_with_calcs-old.csv

$ /home/ubuntu/.venv/bin/python3 /home/ubuntu/apps/election-app/stats/2-eevp.py
Wrote (no-op copy): 2024_county_results_with_calcs.csv
Columns:
 - timestamp
 - state
 - county
 - fips
 - trump_votes
 - harris_votes
 - other_votes
 - eevp
 - state_eevp
 - harris_votes_statewide
 - trump_votes_statewide
 - other_votes_statewide
 - final_state
 - final_county
 - final_fips
 - final_trump_votes
 - final_harris_votes
 - final_other_votes
 - harris_percent_snapshot
 - trump_percent_snapshot
 - margin_snapshot
 - harris_percent_final
 - trump_percent_final
 - margin_final
 - margin_difference
 - margin_difference_abs

$ /home/ubuntu/.venv/bin/python3 /home/ubuntu/apps/election-app/stats/3-calc-new.py
Wrote 4 rows with new columns to /home/ubuntu/apps/election-app/win_prob/H/OH/07/_work/2024_county_results_with_calcs_new.csv

$ /home/ubuntu/.venv/bin/python3 /home/ubuntu/apps/election-app/stats/4-stats.py
Reading 2024_county_results_with_calcs_new.csv...
Aggregating statewide totals...
Calculating percentages and margins...
Writing to output_statewide_stats.csv...
Done!
[2026-01-23 21:39:30] INFO: [PIPELINE] ENTER win-prob generation | states=['OH'] ts_list=['2024-11-05T15-30-22']

============================================================================
[01/1] STATE = OH
============================================================================

$ /home/ubuntu/.venv/bin/python3 /home/ubuntu/apps/election-app/stats/5-snapshots.py --state OH --input /home/ubuntu/apps/election-app/win_prob/H/OH/07/_work/output_statewide_stats.csv --output /home/ubuntu/apps/election-app/win_prob/H/OH/07/snapshots_OH.csv --start 2024-11-05T15-30-22 --end 2024-11-05T15-30-22 --use-window 1 --interval 30
Mode: windowed-one-state
Rows written: 4
Distinct states in output: OH
Rows per normalized timestamp (empty = unparseable):
  2024-11-05T15-30-22: 4
Wrote /home/ubuntu/apps/election-app/win_prob/H/OH/07/snapshots_OH.csv

$ /home/ubuntu/.venv/bin/python3 /home/ubuntu/apps/election-app/stats/6-pval.py /home/ubuntu/apps/election-app/win_prob/H/OH/07/snapshots_OH.csv -t /home/ubuntu/apps/election-app/stats/parameters.csv -o /home/ubuntu/apps/election-app/win_prob/H/OH/07/data_output_OH.csv -c 50
Done. Wrote: /home/ubuntu/apps/election-app/win_prob/H/OH/07/data_output_OH.csv
Total rows: 4 (chunked, resumable).
Computed columns for PVALS = [0.01, 0.1, 1, 2, 3, 5, 10, 15, 20, 25, 30, 35, 40, 45, 50, 55, 60, 65, 70, 75, 80, 85, 90, 95, 97, 98, 99, 99.9, 99.99]
Per p (leader): shift_{p}, margin_new_{p}, harris_percent_new_{p}, trump_percent_new_{p}, total_snapshot_{p}, total_expected_{p}, harris_votes_new_{p}, trump_votes_new_{p}
Per p (trailing): shift_trailing_{p}, margin_new_{p}_trailing, harris_percent_new_{p}_trailing, trump_percent_new_{p}_trailing, total_snapshot_{p}_trailing, total_expected_{p}_trailing, harris_votes_new_{p}_trailing, trump_votes_new_{p}_trailing
Checkpoint saved at: /home/ubuntu/apps/election-app/win_prob/H/OH/07/data_output_OH.csv.checkpoint.json

$ /home/ubuntu/.venv/bin/python3 /home/ubuntu/apps/election-app/stats/7-margin-new.py
Wrote data_output_with_margins_old.csv

$ /home/ubuntu/.venv/bin/python3 /home/ubuntu/apps/election-app/stats/7-eevp-statewide.py
Wrote data_output_with_margins.csv (copied from data_output_with_margins_old.csv)

$ /home/ubuntu/.venv/bin/python3 /home/ubuntu/apps/election-app/stats/7.py --input /home/ubuntu/apps/election-app/win_prob/H/OH/07/data_output_OH_with_margins_statewide_eevp.csv --output /home/ubuntu/apps/election-app/win_prob/H/OH/07/statewide_margin_pct_vs_percent_OH_2026.png --state OH --start 2024-11-05T15-30-22 --end 2024-11-05T15-30-22 --stats /home/ubuntu/apps/election-app/win_prob/H/OH/07/stats.csv --stats2 /home/ubuntu/apps/election-app/win_prob/H/OH/07/stats2.csv --interval 30 --year 2026 --jsonl /home/ubuntu/apps/election-app/win_prob/H/OH/07/plotdata_OH_2026_2026-01-23T21-39-21.jsonl
[info] evaluating 1 timestamps from 2024-11-05T15-30-22 to 2024-11-05T15-30-22 every 30 minutes
[saved] probs_timeseries_OH.csv  (1 points)
[saved] /home/ubuntu/apps/election-app/win_prob/H/OH/07/plotdata_OH_2026_2026-01-23T21-39-21.jsonl  (4 points)
[saved] /home/ubuntu/apps/election-app/win_prob/H/OH/07/statewide_margin_pct_vs_percent_OH_2026_box.json
[saved] /home/ubuntu/apps/election-app/win_prob/H/OH/07/statewide_margin_pct_vs_percent_OH_2026_box.png
[saved] /home/ubuntu/apps/election-app/win_prob/H/OH/07/statewide_margin_pct_vs_percent_OH_2026.png

All 50 states complete. See: /home/ubuntu/apps/election-app/win_prob/H/OH/07

$ /home/ubuntu/.venv/bin/python3 /home/ubuntu/apps/election-app/stats/8.py --root /home/ubuntu/apps/election-app/win_prob/H/OH/07/_work --outdir /home/ubuntu/apps/election-app/win_prob/H/OH/07
[info] root  = /home/ubuntu/apps/election-app/win_prob/H/OH/07/_work
[info] outdir= /home/ubuntu/apps/election-app/win_prob/H/OH/07
[deleted] /home/ubuntu/apps/election-app/win_prob/H/OH/07/_work/stats_with_statewide.csv
[deleted] /home/ubuntu/apps/election-app/win_prob/H/OH/07/_work/stats2_final_headers.csv
[deleted] /home/ubuntu/apps/election-app/win_prob/H/OH/07/_work/2024_county_results_with_final-old.csv
[deleted] /home/ubuntu/apps/election-app/win_prob/H/OH/07/_work/2024_county_results_with_final.csv
[deleted] /home/ubuntu/apps/election-app/win_prob/H/OH/07/_work/2024_county_results_with_final_1.csv
[deleted] /home/ubuntu/apps/election-app/win_prob/H/OH/07/_work/2024_county_results_with_calcs-old.csv
[deleted] /home/ubuntu/apps/election-app/win_prob/H/OH/07/_work/2024_county_results_with_calcs_new.csv
[deleted] /home/ubuntu/apps/election-app/win_prob/H/OH/07/_work/output_statewide_stats.csv
[skip]    /home/ubuntu/apps/election-app/win_prob/H/OH/07/_work/probs_timeseries_PA.csv
[deleted] /home/ubuntu/apps/election-app/win_prob/H/OH/07/_work/2024_county_results_with_calcs.csv
[skip]    /home/ubuntu/apps/election-app/win_prob/H/OH/07/data_output.csv
[skip]    /home/ubuntu/apps/election-app/win_prob/H/OH/07/data_output_with_margins_old.csv
[skip]    /home/ubuntu/apps/election-app/win_prob/H/OH/07/data_output_with_margins.csv
[skip]    /home/ubuntu/apps/election-app/win_prob/H/OH/07/data_output_with_margins-statewide.csv
[deleted] /home/ubuntu/apps/election-app/win_prob/H/OH/07/snapshots_OH.csv
[deleted] /home/ubuntu/apps/election-app/win_prob/H/OH/07/data_output_OH.csv
[deleted] /home/ubuntu/apps/election-app/win_prob/H/OH/07/data_output_OH_with_margins_statewide_eevp.csv
[deleted] /home/ubuntu/apps/election-app/win_prob/H/OH/07/data_output_OH_with_margins.csv
[deleted] /home/ubuntu/apps/election-app/win_prob/H/OH/07/data_output_OH.csv.checkpoint.json
[deleted] /home/ubuntu/apps/election-app/win_prob/H/OH/07/stats.csv
[deleted] /home/ubuntu/apps/election-app/win_prob/H/OH/07/stats2.csv
[done] removed 16 file(s)
[2026-01-23 21:46:25] INFO: [PIPELINE] args: office=H state=OH district=07
[2026-01-23 21:46:25] INFO: [PIPELINE] WINPROB_DIR resolved to: /home/ubuntu/apps/election-app/win_prob/H/OH/07
[2026-01-23 21:46:25] INFO: [PIPELINE] OUTDIR set to: /home/ubuntu/apps/election-app/win_prob/H/OH/07

$ /home/ubuntu/.venv/bin/python3 /home/ubuntu/apps/election-app/stats/1-statewide.py --input /home/ubuntu/apps/election-app/win_prob/H/OH/07/stats.csv --output /home/ubuntu/apps/election-app/win_prob/H/OH/07/_work/stats_with_statewide.csv
Wrote /home/ubuntu/apps/election-app/win_prob/H/OH/07/_work/stats_with_statewide.csv (rows=4)

$ /home/ubuntu/.venv/bin/python3 /home/ubuntu/apps/election-app/stats/1-stats-2.py --input /home/ubuntu/apps/election-app/win_prob/H/OH/07/stats2.csv --output /home/ubuntu/apps/election-app/win_prob/H/OH/07/_work/stats2_final_headers.csv
Wrote /home/ubuntu/apps/election-app/win_prob/H/OH/07/_work/stats2_final_headers.csv (rows=4)

$ /home/ubuntu/.venv/bin/python3 /home/ubuntu/apps/election-app/stats/1-append-new.py
Wrote 2024_county_results_with_final-old.csv (rows=4, missing_final_matches=0)

$ /home/ubuntu/.venv/bin/python3 /home/ubuntu/apps/election-app/stats/1-change_header.py
Wrote: 2024_county_results_with_final.csv

$ /home/ubuntu/.venv/bin/python3 /home/ubuntu/apps/election-app/stats/1-cut-zero-fips.py
Wrote: 2024_county_results_with_final_1.csv
Rows before: 4
Rows after:  4
Dropped (fips == 0): 0

$ /home/ubuntu/.venv/bin/python3 /home/ubuntu/apps/election-app/stats/2-calc.py
Wrote 4 rows with calculations to /home/ubuntu/apps/election-app/win_prob/H/OH/07/_work/2024_county_results_with_calcs-old.csv

$ /home/ubuntu/.venv/bin/python3 /home/ubuntu/apps/election-app/stats/2-eevp.py
Wrote (no-op copy): 2024_county_results_with_calcs.csv
Columns:
 - timestamp
 - state
 - county
 - fips
 - trump_votes
 - harris_votes
 - other_votes
 - eevp
 - state_eevp
 - harris_votes_statewide
 - trump_votes_statewide
 - other_votes_statewide
 - final_state
 - final_county
 - final_fips
 - final_trump_votes
 - final_harris_votes
 - final_other_votes
 - harris_percent_snapshot
 - trump_percent_snapshot
 - margin_snapshot
 - harris_percent_final
 - trump_percent_final
 - margin_final
 - margin_difference
 - margin_difference_abs

$ /home/ubuntu/.venv/bin/python3 /home/ubuntu/apps/election-app/stats/3-calc-new.py
Wrote 4 rows with new columns to /home/ubuntu/apps/election-app/win_prob/H/OH/07/_work/2024_county_results_with_calcs_new.csv

$ /home/ubuntu/.venv/bin/python3 /home/ubuntu/apps/election-app/stats/4-stats.py
Reading 2024_county_results_with_calcs_new.csv...
Aggregating statewide totals...
Calculating percentages and margins...
Writing to output_statewide_stats.csv...
Done!
[2026-01-23 21:46:34] INFO: [PIPELINE] ENTER win-prob generation | states=['OH'] ts_list=['2024-11-05T15-30-22']

============================================================================
[01/1] STATE = OH
============================================================================

$ /home/ubuntu/.venv/bin/python3 /home/ubuntu/apps/election-app/stats/5-snapshots.py --state OH --input /home/ubuntu/apps/election-app/win_prob/H/OH/07/_work/output_statewide_stats.csv --output /home/ubuntu/apps/election-app/win_prob/H/OH/07/snapshots_OH.csv --start 2024-11-05T15-30-22 --end 2024-11-05T15-30-22 --use-window 1 --interval 30
Mode: windowed-one-state
Rows written: 4
Distinct states in output: OH
Rows per normalized timestamp (empty = unparseable):
  2024-11-05T15-30-22: 4
Wrote /home/ubuntu/apps/election-app/win_prob/H/OH/07/snapshots_OH.csv

$ /home/ubuntu/.venv/bin/python3 /home/ubuntu/apps/election-app/stats/6-pval.py /home/ubuntu/apps/election-app/win_prob/H/OH/07/snapshots_OH.csv -t /home/ubuntu/apps/election-app/stats/parameters.csv -o /home/ubuntu/apps/election-app/win_prob/H/OH/07/data_output_OH.csv -c 50
Done. Wrote: /home/ubuntu/apps/election-app/win_prob/H/OH/07/data_output_OH.csv
Total rows: 4 (chunked, resumable).
Computed columns for PVALS = [0.01, 0.1, 1, 2, 3, 5, 10, 15, 20, 25, 30, 35, 40, 45, 50, 55, 60, 65, 70, 75, 80, 85, 90, 95, 97, 98, 99, 99.9, 99.99]
Per p (leader): shift_{p}, margin_new_{p}, harris_percent_new_{p}, trump_percent_new_{p}, total_snapshot_{p}, total_expected_{p}, harris_votes_new_{p}, trump_votes_new_{p}
Per p (trailing): shift_trailing_{p}, margin_new_{p}_trailing, harris_percent_new_{p}_trailing, trump_percent_new_{p}_trailing, total_snapshot_{p}_trailing, total_expected_{p}_trailing, harris_votes_new_{p}_trailing, trump_votes_new_{p}_trailing
Checkpoint saved at: /home/ubuntu/apps/election-app/win_prob/H/OH/07/data_output_OH.csv.checkpoint.json

$ /home/ubuntu/.venv/bin/python3 /home/ubuntu/apps/election-app/stats/7-margin-new.py
Wrote data_output_with_margins_old.csv

$ /home/ubuntu/.venv/bin/python3 /home/ubuntu/apps/election-app/stats/7-eevp-statewide.py
Wrote data_output_with_margins.csv (copied from data_output_with_margins_old.csv)

$ /home/ubuntu/.venv/bin/python3 /home/ubuntu/apps/election-app/stats/7.py --input /home/ubuntu/apps/election-app/win_prob/H/OH/07/data_output_OH_with_margins_statewide_eevp.csv --output /home/ubuntu/apps/election-app/win_prob/H/OH/07/statewide_margin_pct_vs_percent_OH_2026.png --state OH --start 2024-11-05T15-30-22 --end 2024-11-05T15-30-22 --stats /home/ubuntu/apps/election-app/win_prob/H/OH/07/stats.csv --stats2 /home/ubuntu/apps/election-app/win_prob/H/OH/07/stats2.csv --interval 30 --year 2026 --jsonl /home/ubuntu/apps/election-app/win_prob/H/OH/07/plotdata_OH_2026_2026-01-23T21-46-25.jsonl
[info] evaluating 1 timestamps from 2024-11-05T15-30-22 to 2024-11-05T15-30-22 every 30 minutes
[saved] probs_timeseries_OH.csv  (1 points)
[saved] /home/ubuntu/apps/election-app/win_prob/H/OH/07/plotdata_OH_2026_2026-01-23T21-46-25.jsonl  (4 points)
[saved] /home/ubuntu/apps/election-app/win_prob/H/OH/07/statewide_margin_pct_vs_percent_OH_2026_box.json
[saved] /home/ubuntu/apps/election-app/win_prob/H/OH/07/statewide_margin_pct_vs_percent_OH_2026_box.png
[saved] /home/ubuntu/apps/election-app/win_prob/H/OH/07/statewide_margin_pct_vs_percent_OH_2026.png

All 50 states complete. See: /home/ubuntu/apps/election-app/win_prob/H/OH/07

$ /home/ubuntu/.venv/bin/python3 /home/ubuntu/apps/election-app/stats/8.py --root /home/ubuntu/apps/election-app/win_prob/H/OH/07/_work --outdir /home/ubuntu/apps/election-app/win_prob/H/OH/07
[info] root  = /home/ubuntu/apps/election-app/win_prob/H/OH/07/_work
[info] outdir= /home/ubuntu/apps/election-app/win_prob/H/OH/07
[deleted] /home/ubuntu/apps/election-app/win_prob/H/OH/07/_work/stats_with_statewide.csv
[deleted] /home/ubuntu/apps/election-app/win_prob/H/OH/07/_work/stats2_final_headers.csv
[deleted] /home/ubuntu/apps/election-app/win_prob/H/OH/07/_work/2024_county_results_with_final-old.csv
[deleted] /home/ubuntu/apps/election-app/win_prob/H/OH/07/_work/2024_county_results_with_final.csv
[deleted] /home/ubuntu/apps/election-app/win_prob/H/OH/07/_work/2024_county_results_with_final_1.csv
[deleted] /home/ubuntu/apps/election-app/win_prob/H/OH/07/_work/2024_county_results_with_calcs-old.csv
[deleted] /home/ubuntu/apps/election-app/win_prob/H/OH/07/_work/2024_county_results_with_calcs_new.csv
[deleted] /home/ubuntu/apps/election-app/win_prob/H/OH/07/_work/output_statewide_stats.csv
[skip]    /home/ubuntu/apps/election-app/win_prob/H/OH/07/_work/probs_timeseries_PA.csv
[deleted] /home/ubuntu/apps/election-app/win_prob/H/OH/07/_work/2024_county_results_with_calcs.csv
[skip]    /home/ubuntu/apps/election-app/win_prob/H/OH/07/data_output.csv
[skip]    /home/ubuntu/apps/election-app/win_prob/H/OH/07/data_output_with_margins_old.csv
[skip]    /home/ubuntu/apps/election-app/win_prob/H/OH/07/data_output_with_margins.csv
[skip]    /home/ubuntu/apps/election-app/win_prob/H/OH/07/data_output_with_margins-statewide.csv
[deleted] /home/ubuntu/apps/election-app/win_prob/H/OH/07/snapshots_OH.csv
[deleted] /home/ubuntu/apps/election-app/win_prob/H/OH/07/data_output_OH.csv
[deleted] /home/ubuntu/apps/election-app/win_prob/H/OH/07/data_output_OH_with_margins_statewide_eevp.csv
[deleted] /home/ubuntu/apps/election-app/win_prob/H/OH/07/data_output_OH_with_margins.csv
[deleted] /home/ubuntu/apps/election-app/win_prob/H/OH/07/data_output_OH.csv.checkpoint.json
[deleted] /home/ubuntu/apps/election-app/win_prob/H/OH/07/stats.csv
[deleted] /home/ubuntu/apps/election-app/win_prob/H/OH/07/stats2.csv
[done] removed 16 file(s)
[2026-01-23 21:53:27] INFO: [PIPELINE] args: office=H state=OH district=07
[2026-01-23 21:53:27] INFO: [PIPELINE] WINPROB_DIR resolved to: /home/ubuntu/apps/election-app/win_prob/H/OH/07
[2026-01-23 21:53:27] INFO: [PIPELINE] OUTDIR set to: /home/ubuntu/apps/election-app/win_prob/H/OH/07

$ /home/ubuntu/.venv/bin/python3 /home/ubuntu/apps/election-app/stats/1-statewide.py --input /home/ubuntu/apps/election-app/win_prob/H/OH/07/stats.csv --output /home/ubuntu/apps/election-app/win_prob/H/OH/07/_work/stats_with_statewide.csv
Wrote /home/ubuntu/apps/election-app/win_prob/H/OH/07/_work/stats_with_statewide.csv (rows=4)

$ /home/ubuntu/.venv/bin/python3 /home/ubuntu/apps/election-app/stats/1-stats-2.py --input /home/ubuntu/apps/election-app/win_prob/H/OH/07/stats2.csv --output /home/ubuntu/apps/election-app/win_prob/H/OH/07/_work/stats2_final_headers.csv
Wrote /home/ubuntu/apps/election-app/win_prob/H/OH/07/_work/stats2_final_headers.csv (rows=4)

$ /home/ubuntu/.venv/bin/python3 /home/ubuntu/apps/election-app/stats/1-append-new.py
Wrote 2024_county_results_with_final-old.csv (rows=4, missing_final_matches=0)

$ /home/ubuntu/.venv/bin/python3 /home/ubuntu/apps/election-app/stats/1-change_header.py
Wrote: 2024_county_results_with_final.csv

$ /home/ubuntu/.venv/bin/python3 /home/ubuntu/apps/election-app/stats/1-cut-zero-fips.py
Wrote: 2024_county_results_with_final_1.csv
Rows before: 4
Rows after:  4
Dropped (fips == 0): 0

$ /home/ubuntu/.venv/bin/python3 /home/ubuntu/apps/election-app/stats/2-calc.py
Wrote 4 rows with calculations to /home/ubuntu/apps/election-app/win_prob/H/OH/07/_work/2024_county_results_with_calcs-old.csv

$ /home/ubuntu/.venv/bin/python3 /home/ubuntu/apps/election-app/stats/2-eevp.py
Wrote (no-op copy): 2024_county_results_with_calcs.csv
Columns:
 - timestamp
 - state
 - county
 - fips
 - trump_votes
 - harris_votes
 - other_votes
 - eevp
 - state_eevp
 - harris_votes_statewide
 - trump_votes_statewide
 - other_votes_statewide
 - final_state
 - final_county
 - final_fips
 - final_trump_votes
 - final_harris_votes
 - final_other_votes
 - harris_percent_snapshot
 - trump_percent_snapshot
 - margin_snapshot
 - harris_percent_final
 - trump_percent_final
 - margin_final
 - margin_difference
 - margin_difference_abs

$ /home/ubuntu/.venv/bin/python3 /home/ubuntu/apps/election-app/stats/3-calc-new.py
Wrote 4 rows with new columns to /home/ubuntu/apps/election-app/win_prob/H/OH/07/_work/2024_county_results_with_calcs_new.csv

$ /home/ubuntu/.venv/bin/python3 /home/ubuntu/apps/election-app/stats/4-stats.py
Reading 2024_county_results_with_calcs_new.csv...
Aggregating statewide totals...
Calculating percentages and margins...
Writing to output_statewide_stats.csv...
Done!
[2026-01-23 21:53:36] INFO: [PIPELINE] ENTER win-prob generation | states=['OH'] ts_list=['2024-11-05T15-30-22']

============================================================================
[01/1] STATE = OH
============================================================================

$ /home/ubuntu/.venv/bin/python3 /home/ubuntu/apps/election-app/stats/5-snapshots.py --state OH --input /home/ubuntu/apps/election-app/win_prob/H/OH/07/_work/output_statewide_stats.csv --output /home/ubuntu/apps/election-app/win_prob/H/OH/07/snapshots_OH.csv --start 2024-11-05T15-30-22 --end 2024-11-05T15-30-22 --use-window 1 --interval 30
Mode: windowed-one-state
Rows written: 4
Distinct states in output: OH
Rows per normalized timestamp (empty = unparseable):
  2024-11-05T15-30-22: 4
Wrote /home/ubuntu/apps/election-app/win_prob/H/OH/07/snapshots_OH.csv

$ /home/ubuntu/.venv/bin/python3 /home/ubuntu/apps/election-app/stats/6-pval.py /home/ubuntu/apps/election-app/win_prob/H/OH/07/snapshots_OH.csv -t /home/ubuntu/apps/election-app/stats/parameters.csv -o /home/ubuntu/apps/election-app/win_prob/H/OH/07/data_output_OH.csv -c 50
Done. Wrote: /home/ubuntu/apps/election-app/win_prob/H/OH/07/data_output_OH.csv
Total rows: 4 (chunked, resumable).
Computed columns for PVALS = [0.01, 0.1, 1, 2, 3, 5, 10, 15, 20, 25, 30, 35, 40, 45, 50, 55, 60, 65, 70, 75, 80, 85, 90, 95, 97, 98, 99, 99.9, 99.99]
Per p (leader): shift_{p}, margin_new_{p}, harris_percent_new_{p}, trump_percent_new_{p}, total_snapshot_{p}, total_expected_{p}, harris_votes_new_{p}, trump_votes_new_{p}
Per p (trailing): shift_trailing_{p}, margin_new_{p}_trailing, harris_percent_new_{p}_trailing, trump_percent_new_{p}_trailing, total_snapshot_{p}_trailing, total_expected_{p}_trailing, harris_votes_new_{p}_trailing, trump_votes_new_{p}_trailing
Checkpoint saved at: /home/ubuntu/apps/election-app/win_prob/H/OH/07/data_output_OH.csv.checkpoint.json

$ /home/ubuntu/.venv/bin/python3 /home/ubuntu/apps/election-app/stats/7-margin-new.py
Wrote data_output_with_margins_old.csv

$ /home/ubuntu/.venv/bin/python3 /home/ubuntu/apps/election-app/stats/7-eevp-statewide.py
Wrote data_output_with_margins.csv (copied from data_output_with_margins_old.csv)

$ /home/ubuntu/.venv/bin/python3 /home/ubuntu/apps/election-app/stats/7.py --input /home/ubuntu/apps/election-app/win_prob/H/OH/07/data_output_OH_with_margins_statewide_eevp.csv --output /home/ubuntu/apps/election-app/win_prob/H/OH/07/statewide_margin_pct_vs_percent_OH_2026.png --state OH --start 2024-11-05T15-30-22 --end 2024-11-05T15-30-22 --stats /home/ubuntu/apps/election-app/win_prob/H/OH/07/stats.csv --stats2 /home/ubuntu/apps/election-app/win_prob/H/OH/07/stats2.csv --interval 30 --year 2026 --jsonl /home/ubuntu/apps/election-app/win_prob/H/OH/07/plotdata_OH_2026_2026-01-23T21-53-27.jsonl
[info] evaluating 1 timestamps from 2024-11-05T15-30-22 to 2024-11-05T15-30-22 every 30 minutes
[saved] probs_timeseries_OH.csv  (1 points)
[saved] /home/ubuntu/apps/election-app/win_prob/H/OH/07/plotdata_OH_2026_2026-01-23T21-53-27.jsonl  (4 points)
[saved] /home/ubuntu/apps/election-app/win_prob/H/OH/07/statewide_margin_pct_vs_percent_OH_2026_box.json
[saved] /home/ubuntu/apps/election-app/win_prob/H/OH/07/statewide_margin_pct_vs_percent_OH_2026_box.png
[saved] /home/ubuntu/apps/election-app/win_prob/H/OH/07/statewide_margin_pct_vs_percent_OH_2026.png

All 50 states complete. See: /home/ubuntu/apps/election-app/win_prob/H/OH/07

$ /home/ubuntu/.venv/bin/python3 /home/ubuntu/apps/election-app/stats/8.py --root /home/ubuntu/apps/election-app/win_prob/H/OH/07/_work --outdir /home/ubuntu/apps/election-app/win_prob/H/OH/07
[info] root  = /home/ubuntu/apps/election-app/win_prob/H/OH/07/_work
[info] outdir= /home/ubuntu/apps/election-app/win_prob/H/OH/07
[deleted] /home/ubuntu/apps/election-app/win_prob/H/OH/07/_work/stats_with_statewide.csv
[deleted] /home/ubuntu/apps/election-app/win_prob/H/OH/07/_work/stats2_final_headers.csv
[deleted] /home/ubuntu/apps/election-app/win_prob/H/OH/07/_work/2024_county_results_with_final-old.csv
[deleted] /home/ubuntu/apps/election-app/win_prob/H/OH/07/_work/2024_county_results_with_final.csv
[deleted] /home/ubuntu/apps/election-app/win_prob/H/OH/07/_work/2024_county_results_with_final_1.csv
[deleted] /home/ubuntu/apps/election-app/win_prob/H/OH/07/_work/2024_county_results_with_calcs-old.csv
[deleted] /home/ubuntu/apps/election-app/win_prob/H/OH/07/_work/2024_county_results_with_calcs_new.csv
[deleted] /home/ubuntu/apps/election-app/win_prob/H/OH/07/_work/output_statewide_stats.csv
[skip]    /home/ubuntu/apps/election-app/win_prob/H/OH/07/_work/probs_timeseries_PA.csv
[deleted] /home/ubuntu/apps/election-app/win_prob/H/OH/07/_work/2024_county_results_with_calcs.csv
[skip]    /home/ubuntu/apps/election-app/win_prob/H/OH/07/data_output.csv
[skip]    /home/ubuntu/apps/election-app/win_prob/H/OH/07/data_output_with_margins_old.csv
[skip]    /home/ubuntu/apps/election-app/win_prob/H/OH/07/data_output_with_margins.csv
[skip]    /home/ubuntu/apps/election-app/win_prob/H/OH/07/data_output_with_margins-statewide.csv
[deleted] /home/ubuntu/apps/election-app/win_prob/H/OH/07/snapshots_OH.csv
[deleted] /home/ubuntu/apps/election-app/win_prob/H/OH/07/data_output_OH.csv
[deleted] /home/ubuntu/apps/election-app/win_prob/H/OH/07/data_output_OH_with_margins_statewide_eevp.csv
[deleted] /home/ubuntu/apps/election-app/win_prob/H/OH/07/data_output_OH_with_margins.csv
[deleted] /home/ubuntu/apps/election-app/win_prob/H/OH/07/data_output_OH.csv.checkpoint.json
[deleted] /home/ubuntu/apps/election-app/win_prob/H/OH/07/stats.csv
[deleted] /home/ubuntu/apps/election-app/win_prob/H/OH/07/stats2.csv
[done] removed 16 file(s)
[2026-01-23 22:00:10] INFO: [PIPELINE] args: office=H state=OH district=07
[2026-01-23 22:00:10] INFO: [PIPELINE] WINPROB_DIR resolved to: /home/ubuntu/apps/election-app/win_prob/H/OH/07
[2026-01-23 22:00:10] INFO: [PIPELINE] OUTDIR set to: /home/ubuntu/apps/election-app/win_prob/H/OH/07

$ /home/ubuntu/.venv/bin/python3 /home/ubuntu/apps/election-app/stats/1-statewide.py --input /home/ubuntu/apps/election-app/win_prob/H/OH/07/stats.csv --output /home/ubuntu/apps/election-app/win_prob/H/OH/07/_work/stats_with_statewide.csv
Wrote /home/ubuntu/apps/election-app/win_prob/H/OH/07/_work/stats_with_statewide.csv (rows=4)

$ /home/ubuntu/.venv/bin/python3 /home/ubuntu/apps/election-app/stats/1-stats-2.py --input /home/ubuntu/apps/election-app/win_prob/H/OH/07/stats2.csv --output /home/ubuntu/apps/election-app/win_prob/H/OH/07/_work/stats2_final_headers.csv
Wrote /home/ubuntu/apps/election-app/win_prob/H/OH/07/_work/stats2_final_headers.csv (rows=4)

$ /home/ubuntu/.venv/bin/python3 /home/ubuntu/apps/election-app/stats/1-append-new.py
Wrote 2024_county_results_with_final-old.csv (rows=4, missing_final_matches=0)

$ /home/ubuntu/.venv/bin/python3 /home/ubuntu/apps/election-app/stats/1-change_header.py
Wrote: 2024_county_results_with_final.csv

$ /home/ubuntu/.venv/bin/python3 /home/ubuntu/apps/election-app/stats/1-cut-zero-fips.py
Wrote: 2024_county_results_with_final_1.csv
Rows before: 4
Rows after:  4
Dropped (fips == 0): 0

$ /home/ubuntu/.venv/bin/python3 /home/ubuntu/apps/election-app/stats/2-calc.py
Wrote 4 rows with calculations to /home/ubuntu/apps/election-app/win_prob/H/OH/07/_work/2024_county_results_with_calcs-old.csv

$ /home/ubuntu/.venv/bin/python3 /home/ubuntu/apps/election-app/stats/2-eevp.py
Wrote (no-op copy): 2024_county_results_with_calcs.csv
Columns:
 - timestamp
 - state
 - county
 - fips
 - trump_votes
 - harris_votes
 - other_votes
 - eevp
 - state_eevp
 - harris_votes_statewide
 - trump_votes_statewide
 - other_votes_statewide
 - final_state
 - final_county
 - final_fips
 - final_trump_votes
 - final_harris_votes
 - final_other_votes
 - harris_percent_snapshot
 - trump_percent_snapshot
 - margin_snapshot
 - harris_percent_final
 - trump_percent_final
 - margin_final
 - margin_difference
 - margin_difference_abs

$ /home/ubuntu/.venv/bin/python3 /home/ubuntu/apps/election-app/stats/3-calc-new.py
Wrote 4 rows with new columns to /home/ubuntu/apps/election-app/win_prob/H/OH/07/_work/2024_county_results_with_calcs_new.csv

$ /home/ubuntu/.venv/bin/python3 /home/ubuntu/apps/election-app/stats/4-stats.py
Reading 2024_county_results_with_calcs_new.csv...
Aggregating statewide totals...
Calculating percentages and margins...
Writing to output_statewide_stats.csv...
Done!
[2026-01-23 22:00:19] INFO: [PIPELINE] ENTER win-prob generation | states=['OH'] ts_list=['2024-11-05T15-30-22']

============================================================================
[01/1] STATE = OH
============================================================================

$ /home/ubuntu/.venv/bin/python3 /home/ubuntu/apps/election-app/stats/5-snapshots.py --state OH --input /home/ubuntu/apps/election-app/win_prob/H/OH/07/_work/output_statewide_stats.csv --output /home/ubuntu/apps/election-app/win_prob/H/OH/07/snapshots_OH.csv --start 2024-11-05T15-30-22 --end 2024-11-05T15-30-22 --use-window 1 --interval 30
Mode: windowed-one-state
Rows written: 4
Distinct states in output: OH
Rows per normalized timestamp (empty = unparseable):
  2024-11-05T15-30-22: 4
Wrote /home/ubuntu/apps/election-app/win_prob/H/OH/07/snapshots_OH.csv

$ /home/ubuntu/.venv/bin/python3 /home/ubuntu/apps/election-app/stats/6-pval.py /home/ubuntu/apps/election-app/win_prob/H/OH/07/snapshots_OH.csv -t /home/ubuntu/apps/election-app/stats/parameters.csv -o /home/ubuntu/apps/election-app/win_prob/H/OH/07/data_output_OH.csv -c 50
Done. Wrote: /home/ubuntu/apps/election-app/win_prob/H/OH/07/data_output_OH.csv
Total rows: 4 (chunked, resumable).
Computed columns for PVALS = [0.01, 0.1, 1, 2, 3, 5, 10, 15, 20, 25, 30, 35, 40, 45, 50, 55, 60, 65, 70, 75, 80, 85, 90, 95, 97, 98, 99, 99.9, 99.99]
Per p (leader): shift_{p}, margin_new_{p}, harris_percent_new_{p}, trump_percent_new_{p}, total_snapshot_{p}, total_expected_{p}, harris_votes_new_{p}, trump_votes_new_{p}
Per p (trailing): shift_trailing_{p}, margin_new_{p}_trailing, harris_percent_new_{p}_trailing, trump_percent_new_{p}_trailing, total_snapshot_{p}_trailing, total_expected_{p}_trailing, harris_votes_new_{p}_trailing, trump_votes_new_{p}_trailing
Checkpoint saved at: /home/ubuntu/apps/election-app/win_prob/H/OH/07/data_output_OH.csv.checkpoint.json

$ /home/ubuntu/.venv/bin/python3 /home/ubuntu/apps/election-app/stats/7-margin-new.py
Wrote data_output_with_margins_old.csv

$ /home/ubuntu/.venv/bin/python3 /home/ubuntu/apps/election-app/stats/7-eevp-statewide.py
Wrote data_output_with_margins.csv (copied from data_output_with_margins_old.csv)

$ /home/ubuntu/.venv/bin/python3 /home/ubuntu/apps/election-app/stats/7.py --input /home/ubuntu/apps/election-app/win_prob/H/OH/07/data_output_OH_with_margins_statewide_eevp.csv --output /home/ubuntu/apps/election-app/win_prob/H/OH/07/statewide_margin_pct_vs_percent_OH_2026.png --state OH --start 2024-11-05T15-30-22 --end 2024-11-05T15-30-22 --stats /home/ubuntu/apps/election-app/win_prob/H/OH/07/stats.csv --stats2 /home/ubuntu/apps/election-app/win_prob/H/OH/07/stats2.csv --interval 30 --year 2026 --jsonl /home/ubuntu/apps/election-app/win_prob/H/OH/07/plotdata_OH_2026_2026-01-23T22-00-10.jsonl
[info] evaluating 1 timestamps from 2024-11-05T15-30-22 to 2024-11-05T15-30-22 every 30 minutes
[saved] probs_timeseries_OH.csv  (1 points)
[saved] /home/ubuntu/apps/election-app/win_prob/H/OH/07/plotdata_OH_2026_2026-01-23T22-00-10.jsonl  (4 points)
[saved] /home/ubuntu/apps/election-app/win_prob/H/OH/07/statewide_margin_pct_vs_percent_OH_2026_box.json
[saved] /home/ubuntu/apps/election-app/win_prob/H/OH/07/statewide_margin_pct_vs_percent_OH_2026_box.png
[saved] /home/ubuntu/apps/election-app/win_prob/H/OH/07/statewide_margin_pct_vs_percent_OH_2026.png

All 50 states complete. See: /home/ubuntu/apps/election-app/win_prob/H/OH/07

$ /home/ubuntu/.venv/bin/python3 /home/ubuntu/apps/election-app/stats/8.py --root /home/ubuntu/apps/election-app/win_prob/H/OH/07/_work --outdir /home/ubuntu/apps/election-app/win_prob/H/OH/07
[info] root  = /home/ubuntu/apps/election-app/win_prob/H/OH/07/_work
[info] outdir= /home/ubuntu/apps/election-app/win_prob/H/OH/07
[deleted] /home/ubuntu/apps/election-app/win_prob/H/OH/07/_work/stats_with_statewide.csv
[deleted] /home/ubuntu/apps/election-app/win_prob/H/OH/07/_work/stats2_final_headers.csv
[deleted] /home/ubuntu/apps/election-app/win_prob/H/OH/07/_work/2024_county_results_with_final-old.csv
[deleted] /home/ubuntu/apps/election-app/win_prob/H/OH/07/_work/2024_county_results_with_final.csv
[deleted] /home/ubuntu/apps/election-app/win_prob/H/OH/07/_work/2024_county_results_with_final_1.csv
[deleted] /home/ubuntu/apps/election-app/win_prob/H/OH/07/_work/2024_county_results_with_calcs-old.csv
[deleted] /home/ubuntu/apps/election-app/win_prob/H/OH/07/_work/2024_county_results_with_calcs_new.csv
[deleted] /home/ubuntu/apps/election-app/win_prob/H/OH/07/_work/output_statewide_stats.csv
[skip]    /home/ubuntu/apps/election-app/win_prob/H/OH/07/_work/probs_timeseries_PA.csv
[deleted] /home/ubuntu/apps/election-app/win_prob/H/OH/07/_work/2024_county_results_with_calcs.csv
[skip]    /home/ubuntu/apps/election-app/win_prob/H/OH/07/data_output.csv
[skip]    /home/ubuntu/apps/election-app/win_prob/H/OH/07/data_output_with_margins_old.csv
[skip]    /home/ubuntu/apps/election-app/win_prob/H/OH/07/data_output_with_margins.csv
[skip]    /home/ubuntu/apps/election-app/win_prob/H/OH/07/data_output_with_margins-statewide.csv
[deleted] /home/ubuntu/apps/election-app/win_prob/H/OH/07/snapshots_OH.csv
[deleted] /home/ubuntu/apps/election-app/win_prob/H/OH/07/data_output_OH.csv
[deleted] /home/ubuntu/apps/election-app/win_prob/H/OH/07/data_output_OH_with_margins_statewide_eevp.csv
[deleted] /home/ubuntu/apps/election-app/win_prob/H/OH/07/data_output_OH_with_margins.csv
[deleted] /home/ubuntu/apps/election-app/win_prob/H/OH/07/data_output_OH.csv.checkpoint.json
[deleted] /home/ubuntu/apps/election-app/win_prob/H/OH/07/stats.csv
[deleted] /home/ubuntu/apps/election-app/win_prob/H/OH/07/stats2.csv
[done] removed 16 file(s)
[2026-01-23 22:05:52] INFO: [PIPELINE] args: office=H state=OH district=07
[2026-01-23 22:05:52] INFO: [PIPELINE] WINPROB_DIR resolved to: /home/ubuntu/apps/election-app/win_prob/H/OH/07
[2026-01-23 22:05:52] INFO: [PIPELINE] OUTDIR set to: /home/ubuntu/apps/election-app/win_prob/H/OH/07

$ /home/ubuntu/.venv/bin/python3 /home/ubuntu/apps/election-app/stats/1-statewide.py --input /home/ubuntu/apps/election-app/win_prob/H/OH/07/stats.csv --output /home/ubuntu/apps/election-app/win_prob/H/OH/07/_work/stats_with_statewide.csv
Wrote /home/ubuntu/apps/election-app/win_prob/H/OH/07/_work/stats_with_statewide.csv (rows=4)

$ /home/ubuntu/.venv/bin/python3 /home/ubuntu/apps/election-app/stats/1-stats-2.py --input /home/ubuntu/apps/election-app/win_prob/H/OH/07/stats2.csv --output /home/ubuntu/apps/election-app/win_prob/H/OH/07/_work/stats2_final_headers.csv
Wrote /home/ubuntu/apps/election-app/win_prob/H/OH/07/_work/stats2_final_headers.csv (rows=4)

$ /home/ubuntu/.venv/bin/python3 /home/ubuntu/apps/election-app/stats/1-append-new.py
Wrote 2024_county_results_with_final-old.csv (rows=4, missing_final_matches=0)

$ /home/ubuntu/.venv/bin/python3 /home/ubuntu/apps/election-app/stats/1-change_header.py
Wrote: 2024_county_results_with_final.csv

$ /home/ubuntu/.venv/bin/python3 /home/ubuntu/apps/election-app/stats/1-cut-zero-fips.py
Wrote: 2024_county_results_with_final_1.csv
Rows before: 4
Rows after:  4
Dropped (fips == 0): 0

$ /home/ubuntu/.venv/bin/python3 /home/ubuntu/apps/election-app/stats/2-calc.py
Wrote 4 rows with calculations to /home/ubuntu/apps/election-app/win_prob/H/OH/07/_work/2024_county_results_with_calcs-old.csv

$ /home/ubuntu/.venv/bin/python3 /home/ubuntu/apps/election-app/stats/2-eevp.py
Wrote (no-op copy): 2024_county_results_with_calcs.csv
Columns:
 - timestamp
 - state
 - county
 - fips
 - trump_votes
 - harris_votes
 - other_votes
 - eevp
 - state_eevp
 - harris_votes_statewide
 - trump_votes_statewide
 - other_votes_statewide
 - final_state
 - final_county
 - final_fips
 - final_trump_votes
 - final_harris_votes
 - final_other_votes
 - harris_percent_snapshot
 - trump_percent_snapshot
 - margin_snapshot
 - harris_percent_final
 - trump_percent_final
 - margin_final
 - margin_difference
 - margin_difference_abs

$ /home/ubuntu/.venv/bin/python3 /home/ubuntu/apps/election-app/stats/3-calc-new.py
Wrote 4 rows with new columns to /home/ubuntu/apps/election-app/win_prob/H/OH/07/_work/2024_county_results_with_calcs_new.csv

$ /home/ubuntu/.venv/bin/python3 /home/ubuntu/apps/election-app/stats/4-stats.py
Reading 2024_county_results_with_calcs_new.csv...
Aggregating statewide totals...
Calculating percentages and margins...
Writing to output_statewide_stats.csv...
Done!
[2026-01-23 22:06:02] INFO: [PIPELINE] ENTER win-prob generation | states=['OH'] ts_list=['2024-11-05T15-30-22']

============================================================================
[01/1] STATE = OH
============================================================================

$ /home/ubuntu/.venv/bin/python3 /home/ubuntu/apps/election-app/stats/5-snapshots.py --state OH --input /home/ubuntu/apps/election-app/win_prob/H/OH/07/_work/output_statewide_stats.csv --output /home/ubuntu/apps/election-app/win_prob/H/OH/07/snapshots_OH.csv --start 2024-11-05T15-30-22 --end 2024-11-05T15-30-22 --use-window 1 --interval 30
Mode: windowed-one-state
Rows written: 4
Distinct states in output: OH
Rows per normalized timestamp (empty = unparseable):
  2024-11-05T15-30-22: 4
Wrote /home/ubuntu/apps/election-app/win_prob/H/OH/07/snapshots_OH.csv

$ /home/ubuntu/.venv/bin/python3 /home/ubuntu/apps/election-app/stats/6-pval.py /home/ubuntu/apps/election-app/win_prob/H/OH/07/snapshots_OH.csv -t /home/ubuntu/apps/election-app/stats/parameters.csv -o /home/ubuntu/apps/election-app/win_prob/H/OH/07/data_output_OH.csv -c 50
Done. Wrote: /home/ubuntu/apps/election-app/win_prob/H/OH/07/data_output_OH.csv
Total rows: 4 (chunked, resumable).
Computed columns for PVALS = [0.01, 0.1, 1, 2, 3, 5, 10, 15, 20, 25, 30, 35, 40, 45, 50, 55, 60, 65, 70, 75, 80, 85, 90, 95, 97, 98, 99, 99.9, 99.99]
Per p (leader): shift_{p}, margin_new_{p}, harris_percent_new_{p}, trump_percent_new_{p}, total_snapshot_{p}, total_expected_{p}, harris_votes_new_{p}, trump_votes_new_{p}
Per p (trailing): shift_trailing_{p}, margin_new_{p}_trailing, harris_percent_new_{p}_trailing, trump_percent_new_{p}_trailing, total_snapshot_{p}_trailing, total_expected_{p}_trailing, harris_votes_new_{p}_trailing, trump_votes_new_{p}_trailing
Checkpoint saved at: /home/ubuntu/apps/election-app/win_prob/H/OH/07/data_output_OH.csv.checkpoint.json

$ /home/ubuntu/.venv/bin/python3 /home/ubuntu/apps/election-app/stats/7-margin-new.py
Wrote data_output_with_margins_old.csv

$ /home/ubuntu/.venv/bin/python3 /home/ubuntu/apps/election-app/stats/7-eevp-statewide.py
Wrote data_output_with_margins.csv (copied from data_output_with_margins_old.csv)

$ /home/ubuntu/.venv/bin/python3 /home/ubuntu/apps/election-app/stats/7.py --input /home/ubuntu/apps/election-app/win_prob/H/OH/07/data_output_OH_with_margins_statewide_eevp.csv --output /home/ubuntu/apps/election-app/win_prob/H/OH/07/statewide_margin_pct_vs_percent_OH_2026.png --state OH --start 2024-11-05T15-30-22 --end 2024-11-05T15-30-22 --stats /home/ubuntu/apps/election-app/win_prob/H/OH/07/stats.csv --stats2 /home/ubuntu/apps/election-app/win_prob/H/OH/07/stats2.csv --interval 30 --year 2026 --jsonl /home/ubuntu/apps/election-app/win_prob/H/OH/07/plotdata_OH_2026_2026-01-23T22-05-52.jsonl
[info] evaluating 1 timestamps from 2024-11-05T15-30-22 to 2024-11-05T15-30-22 every 30 minutes
[saved] probs_timeseries_OH.csv  (1 points)
[saved] /home/ubuntu/apps/election-app/win_prob/H/OH/07/plotdata_OH_2026_2026-01-23T22-05-52.jsonl  (4 points)
[saved] /home/ubuntu/apps/election-app/win_prob/H/OH/07/statewide_margin_pct_vs_percent_OH_2026_box.json
[saved] /home/ubuntu/apps/election-app/win_prob/H/OH/07/statewide_margin_pct_vs_percent_OH_2026_box.png
[saved] /home/ubuntu/apps/election-app/win_prob/H/OH/07/statewide_margin_pct_vs_percent_OH_2026.png

All 50 states complete. See: /home/ubuntu/apps/election-app/win_prob/H/OH/07

$ /home/ubuntu/.venv/bin/python3 /home/ubuntu/apps/election-app/stats/8.py --root /home/ubuntu/apps/election-app/win_prob/H/OH/07/_work --outdir /home/ubuntu/apps/election-app/win_prob/H/OH/07
[info] root  = /home/ubuntu/apps/election-app/win_prob/H/OH/07/_work
[info] outdir= /home/ubuntu/apps/election-app/win_prob/H/OH/07
[deleted] /home/ubuntu/apps/election-app/win_prob/H/OH/07/_work/stats_with_statewide.csv
[deleted] /home/ubuntu/apps/election-app/win_prob/H/OH/07/_work/stats2_final_headers.csv
[deleted] /home/ubuntu/apps/election-app/win_prob/H/OH/07/_work/2024_county_results_with_final-old.csv
[deleted] /home/ubuntu/apps/election-app/win_prob/H/OH/07/_work/2024_county_results_with_final.csv
[deleted] /home/ubuntu/apps/election-app/win_prob/H/OH/07/_work/2024_county_results_with_final_1.csv
[deleted] /home/ubuntu/apps/election-app/win_prob/H/OH/07/_work/2024_county_results_with_calcs-old.csv
[deleted] /home/ubuntu/apps/election-app/win_prob/H/OH/07/_work/2024_county_results_with_calcs_new.csv
[deleted] /home/ubuntu/apps/election-app/win_prob/H/OH/07/_work/output_statewide_stats.csv
[skip]    /home/ubuntu/apps/election-app/win_prob/H/OH/07/_work/probs_timeseries_PA.csv
[deleted] /home/ubuntu/apps/election-app/win_prob/H/OH/07/_work/2024_county_results_with_calcs.csv
[skip]    /home/ubuntu/apps/election-app/win_prob/H/OH/07/data_output.csv
[skip]    /home/ubuntu/apps/election-app/win_prob/H/OH/07/data_output_with_margins_old.csv
[skip]    /home/ubuntu/apps/election-app/win_prob/H/OH/07/data_output_with_margins.csv
[skip]    /home/ubuntu/apps/election-app/win_prob/H/OH/07/data_output_with_margins-statewide.csv
[deleted] /home/ubuntu/apps/election-app/win_prob/H/OH/07/snapshots_OH.csv
[deleted] /home/ubuntu/apps/election-app/win_prob/H/OH/07/data_output_OH.csv
[deleted] /home/ubuntu/apps/election-app/win_prob/H/OH/07/data_output_OH_with_margins_statewide_eevp.csv
[deleted] /home/ubuntu/apps/election-app/win_prob/H/OH/07/data_output_OH_with_margins.csv
[deleted] /home/ubuntu/apps/election-app/win_prob/H/OH/07/data_output_OH.csv.checkpoint.json
[deleted] /home/ubuntu/apps/election-app/win_prob/H/OH/07/stats.csv
[deleted] /home/ubuntu/apps/election-app/win_prob/H/OH/07/stats2.csv
[done] removed 16 file(s)
[2026-01-25 19:54:42] INFO: [PIPELINE] args: office=H state=OH district=07
[2026-01-25 19:54:42] INFO: [PIPELINE] WINPROB_DIR resolved to: /home/ubuntu/apps/election-app/win_prob/H/OH/07
[2026-01-25 19:54:42] INFO: [PIPELINE] OUTDIR set to: /home/ubuntu/apps/election-app/win_prob/H/OH/07

$ /home/ubuntu/.venv/bin/python3 /home/ubuntu/apps/election-app/stats/1-statewide.py --input /home/ubuntu/apps/election-app/win_prob/H/OH/07/stats.csv --output /home/ubuntu/apps/election-app/win_prob/H/OH/07/_work/stats_with_statewide.csv
Wrote /home/ubuntu/apps/election-app/win_prob/H/OH/07/_work/stats_with_statewide.csv (rows=4)

$ /home/ubuntu/.venv/bin/python3 /home/ubuntu/apps/election-app/stats/1-stats-2.py --input /home/ubuntu/apps/election-app/win_prob/H/OH/07/stats2.csv --output /home/ubuntu/apps/election-app/win_prob/H/OH/07/_work/stats2_final_headers.csv
Wrote /home/ubuntu/apps/election-app/win_prob/H/OH/07/_work/stats2_final_headers.csv (rows=4)

$ /home/ubuntu/.venv/bin/python3 /home/ubuntu/apps/election-app/stats/1-append-new.py
Wrote 2024_county_results_with_final-old.csv (rows=4, missing_final_matches=0)

$ /home/ubuntu/.venv/bin/python3 /home/ubuntu/apps/election-app/stats/1-change_header.py
Wrote: 2024_county_results_with_final.csv

$ /home/ubuntu/.venv/bin/python3 /home/ubuntu/apps/election-app/stats/1-cut-zero-fips.py
Wrote: 2024_county_results_with_final_1.csv
Rows before: 4
Rows after:  4
Dropped (fips == 0): 0

$ /home/ubuntu/.venv/bin/python3 /home/ubuntu/apps/election-app/stats/2-calc.py
Wrote 4 rows with calculations to /home/ubuntu/apps/election-app/win_prob/H/OH/07/_work/2024_county_results_with_calcs-old.csv

$ /home/ubuntu/.venv/bin/python3 /home/ubuntu/apps/election-app/stats/2-eevp.py
Wrote (no-op copy): 2024_county_results_with_calcs.csv
Columns:
 - timestamp
 - state
 - county
 - fips
 - trump_votes
 - harris_votes
 - other_votes
 - eevp
 - state_eevp
 - harris_votes_statewide
 - trump_votes_statewide
 - other_votes_statewide
 - final_state
 - final_county
 - final_fips
 - final_trump_votes
 - final_harris_votes
 - final_other_votes
 - harris_percent_snapshot
 - trump_percent_snapshot
 - margin_snapshot
 - harris_percent_final
 - trump_percent_final
 - margin_final
 - margin_difference
 - margin_difference_abs

$ /home/ubuntu/.venv/bin/python3 /home/ubuntu/apps/election-app/stats/3-calc-new.py
Wrote 4 rows with new columns to /home/ubuntu/apps/election-app/win_prob/H/OH/07/_work/2024_county_results_with_calcs_new.csv

$ /home/ubuntu/.venv/bin/python3 /home/ubuntu/apps/election-app/stats/4-stats.py
Reading 2024_county_results_with_calcs_new.csv...
Aggregating statewide totals...
Calculating percentages and margins...
Writing to output_statewide_stats.csv...
Done!
[2026-01-25 19:54:51] INFO: [PIPELINE] ENTER win-prob generation | states=['OH'] ts_list=['2024-11-05T15-30-22']

============================================================================
[01/1] STATE = OH
============================================================================

$ /home/ubuntu/.venv/bin/python3 /home/ubuntu/apps/election-app/stats/5-snapshots.py --state OH --input /home/ubuntu/apps/election-app/win_prob/H/OH/07/_work/output_statewide_stats.csv --output /home/ubuntu/apps/election-app/win_prob/H/OH/07/snapshots_OH.csv --start 2024-11-05T15-30-22 --end 2024-11-05T15-30-22 --use-window 1 --interval 30
Mode: windowed-one-state
Rows written: 4
Distinct states in output: OH
Rows per normalized timestamp (empty = unparseable):
  2024-11-05T15-30-22: 4
Wrote /home/ubuntu/apps/election-app/win_prob/H/OH/07/snapshots_OH.csv

$ /home/ubuntu/.venv/bin/python3 /home/ubuntu/apps/election-app/stats/6-pval.py /home/ubuntu/apps/election-app/win_prob/H/OH/07/snapshots_OH.csv -t /home/ubuntu/apps/election-app/stats/parameters.csv -o /home/ubuntu/apps/election-app/win_prob/H/OH/07/data_output_OH.csv -c 50
Done. Wrote: /home/ubuntu/apps/election-app/win_prob/H/OH/07/data_output_OH.csv
Total rows: 4 (chunked, resumable).
Computed columns for PVALS = [0.01, 0.1, 1, 2, 3, 5, 10, 15, 20, 25, 30, 35, 40, 45, 50, 55, 60, 65, 70, 75, 80, 85, 90, 95, 97, 98, 99, 99.9, 99.99]
Per p (leader): shift_{p}, margin_new_{p}, harris_percent_new_{p}, trump_percent_new_{p}, total_snapshot_{p}, total_expected_{p}, harris_votes_new_{p}, trump_votes_new_{p}
Per p (trailing): shift_trailing_{p}, margin_new_{p}_trailing, harris_percent_new_{p}_trailing, trump_percent_new_{p}_trailing, total_snapshot_{p}_trailing, total_expected_{p}_trailing, harris_votes_new_{p}_trailing, trump_votes_new_{p}_trailing
Checkpoint saved at: /home/ubuntu/apps/election-app/win_prob/H/OH/07/data_output_OH.csv.checkpoint.json

$ /home/ubuntu/.venv/bin/python3 /home/ubuntu/apps/election-app/stats/7-margin-new.py
Wrote data_output_with_margins_old.csv

$ /home/ubuntu/.venv/bin/python3 /home/ubuntu/apps/election-app/stats/7-eevp-statewide.py
Wrote data_output_with_margins.csv (copied from data_output_with_margins_old.csv)

$ /home/ubuntu/.venv/bin/python3 /home/ubuntu/apps/election-app/stats/7.py --input /home/ubuntu/apps/election-app/win_prob/H/OH/07/data_output_OH_with_margins_statewide_eevp.csv --output /home/ubuntu/apps/election-app/win_prob/H/OH/07/statewide_margin_pct_vs_percent_OH_2026.png --state OH --start 2024-11-05T15-30-22 --end 2024-11-05T15-30-22 --stats /home/ubuntu/apps/election-app/win_prob/H/OH/07/stats.csv --stats2 /home/ubuntu/apps/election-app/win_prob/H/OH/07/stats2.csv --interval 30 --year 2026 --jsonl /home/ubuntu/apps/election-app/win_prob/H/OH/07/plotdata_OH_2026_2026-01-25T19-54-42.jsonl
[info] evaluating 1 timestamps from 2024-11-05T15-30-22 to 2024-11-05T15-30-22 every 30 minutes
[saved] probs_timeseries_OH.csv  (1 points)
[saved] /home/ubuntu/apps/election-app/win_prob/H/OH/07/plotdata_OH_2026_2026-01-25T19-54-42.jsonl  (0 points)
[saved] /home/ubuntu/apps/election-app/win_prob/H/OH/07/statewide_margin_pct_vs_percent_OH_2026_box.json
[saved] /home/ubuntu/apps/election-app/win_prob/H/OH/07/statewide_margin_pct_vs_percent_OH_2026_box.png
[saved] /home/ubuntu/apps/election-app/win_prob/H/OH/07/statewide_margin_pct_vs_percent_OH_2026.png

All 50 states complete. See: /home/ubuntu/apps/election-app/win_prob/H/OH/07

$ /home/ubuntu/.venv/bin/python3 /home/ubuntu/apps/election-app/stats/8.py --root /home/ubuntu/apps/election-app/win_prob/H/OH/07/_work --outdir /home/ubuntu/apps/election-app/win_prob/H/OH/07
[info] root  = /home/ubuntu/apps/election-app/win_prob/H/OH/07/_work
[info] outdir= /home/ubuntu/apps/election-app/win_prob/H/OH/07
[deleted] /home/ubuntu/apps/election-app/win_prob/H/OH/07/_work/stats_with_statewide.csv
[deleted] /home/ubuntu/apps/election-app/win_prob/H/OH/07/_work/stats2_final_headers.csv
[deleted] /home/ubuntu/apps/election-app/win_prob/H/OH/07/_work/2024_county_results_with_final-old.csv
[deleted] /home/ubuntu/apps/election-app/win_prob/H/OH/07/_work/2024_county_results_with_final.csv
[deleted] /home/ubuntu/apps/election-app/win_prob/H/OH/07/_work/2024_county_results_with_final_1.csv
[deleted] /home/ubuntu/apps/election-app/win_prob/H/OH/07/_work/2024_county_results_with_calcs-old.csv
[deleted] /home/ubuntu/apps/election-app/win_prob/H/OH/07/_work/2024_county_results_with_calcs_new.csv
[deleted] /home/ubuntu/apps/election-app/win_prob/H/OH/07/_work/output_statewide_stats.csv
[skip]    /home/ubuntu/apps/election-app/win_prob/H/OH/07/_work/probs_timeseries_PA.csv
[deleted] /home/ubuntu/apps/election-app/win_prob/H/OH/07/_work/2024_county_results_with_calcs.csv
[skip]    /home/ubuntu/apps/election-app/win_prob/H/OH/07/data_output.csv
[skip]    /home/ubuntu/apps/election-app/win_prob/H/OH/07/data_output_with_margins_old.csv
[skip]    /home/ubuntu/apps/election-app/win_prob/H/OH/07/data_output_with_margins.csv
[skip]    /home/ubuntu/apps/election-app/win_prob/H/OH/07/data_output_with_margins-statewide.csv
[deleted] /home/ubuntu/apps/election-app/win_prob/H/OH/07/snapshots_OH.csv
[deleted] /home/ubuntu/apps/election-app/win_prob/H/OH/07/data_output_OH.csv
[deleted] /home/ubuntu/apps/election-app/win_prob/H/OH/07/data_output_OH_with_margins_statewide_eevp.csv
[deleted] /home/ubuntu/apps/election-app/win_prob/H/OH/07/data_output_OH_with_margins.csv
[deleted] /home/ubuntu/apps/election-app/win_prob/H/OH/07/data_output_OH.csv.checkpoint.json
[deleted] /home/ubuntu/apps/election-app/win_prob/H/OH/07/stats.csv
[deleted] /home/ubuntu/apps/election-app/win_prob/H/OH/07/stats2.csv
[done] removed 16 file(s)
[2026-01-25 20:08:49] INFO: [PIPELINE] args: office=H state=OH district=07
[2026-01-25 20:08:49] INFO: [PIPELINE] WINPROB_DIR resolved to: /home/ubuntu/apps/election-app/win_prob/H/OH/07
[2026-01-25 20:08:49] INFO: [PIPELINE] OUTDIR set to: /home/ubuntu/apps/election-app/win_prob/H/OH/07

$ /home/ubuntu/.venv/bin/python3 /home/ubuntu/apps/election-app/stats/1-statewide.py --input /home/ubuntu/apps/election-app/win_prob/H/OH/07/stats.csv --output /home/ubuntu/apps/election-app/win_prob/H/OH/07/_work/stats_with_statewide.csv
Wrote /home/ubuntu/apps/election-app/win_prob/H/OH/07/_work/stats_with_statewide.csv (rows=4)

$ /home/ubuntu/.venv/bin/python3 /home/ubuntu/apps/election-app/stats/1-stats-2.py --input /home/ubuntu/apps/election-app/win_prob/H/OH/07/stats2.csv --output /home/ubuntu/apps/election-app/win_prob/H/OH/07/_work/stats2_final_headers.csv
Wrote /home/ubuntu/apps/election-app/win_prob/H/OH/07/_work/stats2_final_headers.csv (rows=4)

$ /home/ubuntu/.venv/bin/python3 /home/ubuntu/apps/election-app/stats/1-append-new.py
Wrote 2024_county_results_with_final-old.csv (rows=4, missing_final_matches=0)

$ /home/ubuntu/.venv/bin/python3 /home/ubuntu/apps/election-app/stats/1-change_header.py
Wrote: 2024_county_results_with_final.csv

$ /home/ubuntu/.venv/bin/python3 /home/ubuntu/apps/election-app/stats/1-cut-zero-fips.py
Wrote: 2024_county_results_with_final_1.csv
Rows before: 4
Rows after:  4
Dropped (fips == 0): 0

$ /home/ubuntu/.venv/bin/python3 /home/ubuntu/apps/election-app/stats/2-calc.py
Wrote 4 rows with calculations to /home/ubuntu/apps/election-app/win_prob/H/OH/07/_work/2024_county_results_with_calcs-old.csv

$ /home/ubuntu/.venv/bin/python3 /home/ubuntu/apps/election-app/stats/2-eevp.py
Wrote (no-op copy): 2024_county_results_with_calcs.csv
Columns:
 - timestamp
 - state
 - county
 - fips
 - trump_votes
 - harris_votes
 - other_votes
 - eevp
 - state_eevp
 - harris_votes_statewide
 - trump_votes_statewide
 - other_votes_statewide
 - final_state
 - final_county
 - final_fips
 - final_trump_votes
 - final_harris_votes
 - final_other_votes
 - harris_percent_snapshot
 - trump_percent_snapshot
 - margin_snapshot
 - harris_percent_final
 - trump_percent_final
 - margin_final
 - margin_difference
 - margin_difference_abs

$ /home/ubuntu/.venv/bin/python3 /home/ubuntu/apps/election-app/stats/3-calc-new.py
Wrote 4 rows with new columns to /home/ubuntu/apps/election-app/win_prob/H/OH/07/_work/2024_county_results_with_calcs_new.csv

$ /home/ubuntu/.venv/bin/python3 /home/ubuntu/apps/election-app/stats/4-stats.py
Reading 2024_county_results_with_calcs_new.csv...
Aggregating statewide totals...
Calculating percentages and margins...
Writing to output_statewide_stats.csv...
Done!
[2026-01-25 20:08:58] INFO: [PIPELINE] ENTER win-prob generation | states=['OH'] ts_list=['2024-11-05T15-30-22']

============================================================================
[01/1] STATE = OH
============================================================================

$ /home/ubuntu/.venv/bin/python3 /home/ubuntu/apps/election-app/stats/5-snapshots.py --state OH --input /home/ubuntu/apps/election-app/win_prob/H/OH/07/_work/output_statewide_stats.csv --output /home/ubuntu/apps/election-app/win_prob/H/OH/07/snapshots_OH.csv --start 2024-11-05T15-30-22 --end 2024-11-05T15-30-22 --use-window 1 --interval 30
Mode: windowed-one-state
Rows written: 4
Distinct states in output: OH
Rows per normalized timestamp (empty = unparseable):
  2024-11-05T15-30-22: 4
Wrote /home/ubuntu/apps/election-app/win_prob/H/OH/07/snapshots_OH.csv

$ /home/ubuntu/.venv/bin/python3 /home/ubuntu/apps/election-app/stats/6-pval.py /home/ubuntu/apps/election-app/win_prob/H/OH/07/snapshots_OH.csv -t /home/ubuntu/apps/election-app/stats/parameters.csv -o /home/ubuntu/apps/election-app/win_prob/H/OH/07/data_output_OH.csv -c 50
Done. Wrote: /home/ubuntu/apps/election-app/win_prob/H/OH/07/data_output_OH.csv
Total rows: 4 (chunked, resumable).
Computed columns for PVALS = [0.01, 0.1, 1, 2, 3, 5, 10, 15, 20, 25, 30, 35, 40, 45, 50, 55, 60, 65, 70, 75, 80, 85, 90, 95, 97, 98, 99, 99.9, 99.99]
Per p (leader): shift_{p}, margin_new_{p}, harris_percent_new_{p}, trump_percent_new_{p}, total_snapshot_{p}, total_expected_{p}, harris_votes_new_{p}, trump_votes_new_{p}
Per p (trailing): shift_trailing_{p}, margin_new_{p}_trailing, harris_percent_new_{p}_trailing, trump_percent_new_{p}_trailing, total_snapshot_{p}_trailing, total_expected_{p}_trailing, harris_votes_new_{p}_trailing, trump_votes_new_{p}_trailing
Checkpoint saved at: /home/ubuntu/apps/election-app/win_prob/H/OH/07/data_output_OH.csv.checkpoint.json

$ /home/ubuntu/.venv/bin/python3 /home/ubuntu/apps/election-app/stats/7-margin-new.py
Wrote data_output_with_margins_old.csv

$ /home/ubuntu/.venv/bin/python3 /home/ubuntu/apps/election-app/stats/7-eevp-statewide.py
Wrote data_output_with_margins.csv (copied from data_output_with_margins_old.csv)

$ /home/ubuntu/.venv/bin/python3 /home/ubuntu/apps/election-app/stats/7.py --input /home/ubuntu/apps/election-app/win_prob/H/OH/07/data_output_OH_with_margins_statewide_eevp.csv --output /home/ubuntu/apps/election-app/win_prob/H/OH/07/statewide_margin_pct_vs_percent_OH_2026.png --state OH --start 2024-11-05T15-30-22 --end 2024-11-05T15-30-22 --stats /home/ubuntu/apps/election-app/win_prob/H/OH/07/stats.csv --stats2 /home/ubuntu/apps/election-app/win_prob/H/OH/07/stats2.csv --interval 30 --year 2026 --jsonl /home/ubuntu/apps/election-app/win_prob/H/OH/07/plotdata_OH_2026_2026-01-25T20-08-49.jsonl
[info] evaluating 1 timestamps from 2024-11-05T15-30-22 to 2024-11-05T15-30-22 every 30 minutes
[saved] probs_timeseries_OH.csv  (1 points)
[saved] /home/ubuntu/apps/election-app/win_prob/H/OH/07/plotdata_OH_2026_2026-01-25T20-08-49.jsonl  (4 points)
[saved] /home/ubuntu/apps/election-app/win_prob/H/OH/07/statewide_margin_pct_vs_percent_OH_2026_box.json
[saved] /home/ubuntu/apps/election-app/win_prob/H/OH/07/statewide_margin_pct_vs_percent_OH_2026_box.png
[saved] /home/ubuntu/apps/election-app/win_prob/H/OH/07/statewide_margin_pct_vs_percent_OH_2026.png

All 50 states complete. See: /home/ubuntu/apps/election-app/win_prob/H/OH/07

$ /home/ubuntu/.venv/bin/python3 /home/ubuntu/apps/election-app/stats/8.py --root /home/ubuntu/apps/election-app/win_prob/H/OH/07/_work --outdir /home/ubuntu/apps/election-app/win_prob/H/OH/07
[info] root  = /home/ubuntu/apps/election-app/win_prob/H/OH/07/_work
[info] outdir= /home/ubuntu/apps/election-app/win_prob/H/OH/07
[deleted] /home/ubuntu/apps/election-app/win_prob/H/OH/07/_work/stats_with_statewide.csv
[deleted] /home/ubuntu/apps/election-app/win_prob/H/OH/07/_work/stats2_final_headers.csv
[deleted] /home/ubuntu/apps/election-app/win_prob/H/OH/07/_work/2024_county_results_with_final-old.csv
[deleted] /home/ubuntu/apps/election-app/win_prob/H/OH/07/_work/2024_county_results_with_final.csv
[deleted] /home/ubuntu/apps/election-app/win_prob/H/OH/07/_work/2024_county_results_with_final_1.csv
[deleted] /home/ubuntu/apps/election-app/win_prob/H/OH/07/_work/2024_county_results_with_calcs-old.csv
[deleted] /home/ubuntu/apps/election-app/win_prob/H/OH/07/_work/2024_county_results_with_calcs_new.csv
[deleted] /home/ubuntu/apps/election-app/win_prob/H/OH/07/_work/output_statewide_stats.csv
[skip]    /home/ubuntu/apps/election-app/win_prob/H/OH/07/_work/probs_timeseries_PA.csv
[deleted] /home/ubuntu/apps/election-app/win_prob/H/OH/07/_work/2024_county_results_with_calcs.csv
[skip]    /home/ubuntu/apps/election-app/win_prob/H/OH/07/data_output.csv
[skip]    /home/ubuntu/apps/election-app/win_prob/H/OH/07/data_output_with_margins_old.csv
[skip]    /home/ubuntu/apps/election-app/win_prob/H/OH/07/data_output_with_margins.csv
[skip]    /home/ubuntu/apps/election-app/win_prob/H/OH/07/data_output_with_margins-statewide.csv
[deleted] /home/ubuntu/apps/election-app/win_prob/H/OH/07/snapshots_OH.csv
[deleted] /home/ubuntu/apps/election-app/win_prob/H/OH/07/data_output_OH.csv
[deleted] /home/ubuntu/apps/election-app/win_prob/H/OH/07/data_output_OH_with_margins_statewide_eevp.csv
[deleted] /home/ubuntu/apps/election-app/win_prob/H/OH/07/data_output_OH_with_margins.csv
[deleted] /home/ubuntu/apps/election-app/win_prob/H/OH/07/data_output_OH.csv.checkpoint.json
[deleted] /home/ubuntu/apps/election-app/win_prob/H/OH/07/stats.csv
[deleted] /home/ubuntu/apps/election-app/win_prob/H/OH/07/stats2.csv
[done] removed 16 file(s)
[2026-01-25 20:15:53] INFO: [PIPELINE] args: office=H state=OH district=07
[2026-01-25 20:15:53] INFO: [PIPELINE] WINPROB_DIR resolved to: /home/ubuntu/apps/election-app/win_prob/H/OH/07
[2026-01-25 20:15:53] INFO: [PIPELINE] OUTDIR set to: /home/ubuntu/apps/election-app/win_prob/H/OH/07

$ /home/ubuntu/.venv/bin/python3 /home/ubuntu/apps/election-app/stats/1-statewide.py --input /home/ubuntu/apps/election-app/win_prob/H/OH/07/stats.csv --output /home/ubuntu/apps/election-app/win_prob/H/OH/07/_work/stats_with_statewide.csv
Wrote /home/ubuntu/apps/election-app/win_prob/H/OH/07/_work/stats_with_statewide.csv (rows=4)

$ /home/ubuntu/.venv/bin/python3 /home/ubuntu/apps/election-app/stats/1-stats-2.py --input /home/ubuntu/apps/election-app/win_prob/H/OH/07/stats2.csv --output /home/ubuntu/apps/election-app/win_prob/H/OH/07/_work/stats2_final_headers.csv
Wrote /home/ubuntu/apps/election-app/win_prob/H/OH/07/_work/stats2_final_headers.csv (rows=4)

$ /home/ubuntu/.venv/bin/python3 /home/ubuntu/apps/election-app/stats/1-append-new.py
Wrote 2024_county_results_with_final-old.csv (rows=4, missing_final_matches=0)

$ /home/ubuntu/.venv/bin/python3 /home/ubuntu/apps/election-app/stats/1-change_header.py
Wrote: 2024_county_results_with_final.csv

$ /home/ubuntu/.venv/bin/python3 /home/ubuntu/apps/election-app/stats/1-cut-zero-fips.py
Wrote: 2024_county_results_with_final_1.csv
Rows before: 4
Rows after:  4
Dropped (fips == 0): 0

$ /home/ubuntu/.venv/bin/python3 /home/ubuntu/apps/election-app/stats/2-calc.py
Wrote 4 rows with calculations to /home/ubuntu/apps/election-app/win_prob/H/OH/07/_work/2024_county_results_with_calcs-old.csv

$ /home/ubuntu/.venv/bin/python3 /home/ubuntu/apps/election-app/stats/2-eevp.py
Wrote (no-op copy): 2024_county_results_with_calcs.csv
Columns:
 - timestamp
 - state
 - county
 - fips
 - trump_votes
 - harris_votes
 - other_votes
 - eevp
 - state_eevp
 - harris_votes_statewide
 - trump_votes_statewide
 - other_votes_statewide
 - final_state
 - final_county
 - final_fips
 - final_trump_votes
 - final_harris_votes
 - final_other_votes
 - harris_percent_snapshot
 - trump_percent_snapshot
 - margin_snapshot
 - harris_percent_final
 - trump_percent_final
 - margin_final
 - margin_difference
 - margin_difference_abs

$ /home/ubuntu/.venv/bin/python3 /home/ubuntu/apps/election-app/stats/3-calc-new.py
Wrote 4 rows with new columns to /home/ubuntu/apps/election-app/win_prob/H/OH/07/_work/2024_county_results_with_calcs_new.csv

$ /home/ubuntu/.venv/bin/python3 /home/ubuntu/apps/election-app/stats/4-stats.py
Reading 2024_county_results_with_calcs_new.csv...
Aggregating statewide totals...
Calculating percentages and margins...
Writing to output_statewide_stats.csv...
Done!
[2026-01-25 20:16:02] INFO: [PIPELINE] ENTER win-prob generation | states=['OH'] ts_list=['2024-11-05T15-30-22']

============================================================================
[01/1] STATE = OH
============================================================================

$ /home/ubuntu/.venv/bin/python3 /home/ubuntu/apps/election-app/stats/5-snapshots.py --state OH --input /home/ubuntu/apps/election-app/win_prob/H/OH/07/_work/output_statewide_stats.csv --output /home/ubuntu/apps/election-app/win_prob/H/OH/07/snapshots_OH.csv --start 2024-11-05T15-30-22 --end 2024-11-05T15-30-22 --use-window 1 --interval 30
Mode: windowed-one-state
Rows written: 4
Distinct states in output: OH
Rows per normalized timestamp (empty = unparseable):
  2024-11-05T15-30-22: 4
Wrote /home/ubuntu/apps/election-app/win_prob/H/OH/07/snapshots_OH.csv

$ /home/ubuntu/.venv/bin/python3 /home/ubuntu/apps/election-app/stats/6-pval.py /home/ubuntu/apps/election-app/win_prob/H/OH/07/snapshots_OH.csv -t /home/ubuntu/apps/election-app/stats/parameters.csv -o /home/ubuntu/apps/election-app/win_prob/H/OH/07/data_output_OH.csv -c 50
Done. Wrote: /home/ubuntu/apps/election-app/win_prob/H/OH/07/data_output_OH.csv
Total rows: 4 (chunked, resumable).
Computed columns for PVALS = [0.01, 0.1, 1, 2, 3, 5, 10, 15, 20, 25, 30, 35, 40, 45, 50, 55, 60, 65, 70, 75, 80, 85, 90, 95, 97, 98, 99, 99.9, 99.99]
Per p (leader): shift_{p}, margin_new_{p}, harris_percent_new_{p}, trump_percent_new_{p}, total_snapshot_{p}, total_expected_{p}, harris_votes_new_{p}, trump_votes_new_{p}
Per p (trailing): shift_trailing_{p}, margin_new_{p}_trailing, harris_percent_new_{p}_trailing, trump_percent_new_{p}_trailing, total_snapshot_{p}_trailing, total_expected_{p}_trailing, harris_votes_new_{p}_trailing, trump_votes_new_{p}_trailing
Checkpoint saved at: /home/ubuntu/apps/election-app/win_prob/H/OH/07/data_output_OH.csv.checkpoint.json

$ /home/ubuntu/.venv/bin/python3 /home/ubuntu/apps/election-app/stats/7-margin-new.py
Wrote data_output_with_margins_old.csv

$ /home/ubuntu/.venv/bin/python3 /home/ubuntu/apps/election-app/stats/7-eevp-statewide.py
Wrote data_output_with_margins.csv (copied from data_output_with_margins_old.csv)

$ /home/ubuntu/.venv/bin/python3 /home/ubuntu/apps/election-app/stats/7.py --input /home/ubuntu/apps/election-app/win_prob/H/OH/07/data_output_OH_with_margins_statewide_eevp.csv --output /home/ubuntu/apps/election-app/win_prob/H/OH/07/statewide_margin_pct_vs_percent_OH_2026.png --state OH --start 2024-11-05T15-30-22 --end 2024-11-05T15-30-22 --stats /home/ubuntu/apps/election-app/win_prob/H/OH/07/stats.csv --stats2 /home/ubuntu/apps/election-app/win_prob/H/OH/07/stats2.csv --interval 30 --year 2026 --jsonl /home/ubuntu/apps/election-app/win_prob/H/OH/07/plotdata_OH_2026_2026-01-25T20-15-53.jsonl
[info] evaluating 1 timestamps from 2024-11-05T15-30-22 to 2024-11-05T15-30-22 every 30 minutes
[saved] probs_timeseries_OH.csv  (1 points)
[saved] /home/ubuntu/apps/election-app/win_prob/H/OH/07/plotdata_OH_2026_2026-01-25T20-15-53.jsonl  (4 points)
[saved] /home/ubuntu/apps/election-app/win_prob/H/OH/07/statewide_margin_pct_vs_percent_OH_2026_box.json
[saved] /home/ubuntu/apps/election-app/win_prob/H/OH/07/statewide_margin_pct_vs_percent_OH_2026_box.png
[saved] /home/ubuntu/apps/election-app/win_prob/H/OH/07/statewide_margin_pct_vs_percent_OH_2026.png

All 50 states complete. See: /home/ubuntu/apps/election-app/win_prob/H/OH/07

$ /home/ubuntu/.venv/bin/python3 /home/ubuntu/apps/election-app/stats/8.py --root /home/ubuntu/apps/election-app/win_prob/H/OH/07/_work --outdir /home/ubuntu/apps/election-app/win_prob/H/OH/07
[info] root  = /home/ubuntu/apps/election-app/win_prob/H/OH/07/_work
[info] outdir= /home/ubuntu/apps/election-app/win_prob/H/OH/07
[deleted] /home/ubuntu/apps/election-app/win_prob/H/OH/07/_work/stats_with_statewide.csv
[deleted] /home/ubuntu/apps/election-app/win_prob/H/OH/07/_work/stats2_final_headers.csv
[deleted] /home/ubuntu/apps/election-app/win_prob/H/OH/07/_work/2024_county_results_with_final-old.csv
[deleted] /home/ubuntu/apps/election-app/win_prob/H/OH/07/_work/2024_county_results_with_final.csv
[deleted] /home/ubuntu/apps/election-app/win_prob/H/OH/07/_work/2024_county_results_with_final_1.csv
[deleted] /home/ubuntu/apps/election-app/win_prob/H/OH/07/_work/2024_county_results_with_calcs-old.csv
[deleted] /home/ubuntu/apps/election-app/win_prob/H/OH/07/_work/2024_county_results_with_calcs_new.csv
[deleted] /home/ubuntu/apps/election-app/win_prob/H/OH/07/_work/output_statewide_stats.csv
[skip]    /home/ubuntu/apps/election-app/win_prob/H/OH/07/_work/probs_timeseries_PA.csv
[deleted] /home/ubuntu/apps/election-app/win_prob/H/OH/07/_work/2024_county_results_with_calcs.csv
[skip]    /home/ubuntu/apps/election-app/win_prob/H/OH/07/data_output.csv
[skip]    /home/ubuntu/apps/election-app/win_prob/H/OH/07/data_output_with_margins_old.csv
[skip]    /home/ubuntu/apps/election-app/win_prob/H/OH/07/data_output_with_margins.csv
[skip]    /home/ubuntu/apps/election-app/win_prob/H/OH/07/data_output_with_margins-statewide.csv
[deleted] /home/ubuntu/apps/election-app/win_prob/H/OH/07/snapshots_OH.csv
[deleted] /home/ubuntu/apps/election-app/win_prob/H/OH/07/data_output_OH.csv
[deleted] /home/ubuntu/apps/election-app/win_prob/H/OH/07/data_output_OH_with_margins_statewide_eevp.csv
[deleted] /home/ubuntu/apps/election-app/win_prob/H/OH/07/data_output_OH_with_margins.csv
[deleted] /home/ubuntu/apps/election-app/win_prob/H/OH/07/data_output_OH.csv.checkpoint.json
[deleted] /home/ubuntu/apps/election-app/win_prob/H/OH/07/stats.csv
[deleted] /home/ubuntu/apps/election-app/win_prob/H/OH/07/stats2.csv
[done] removed 16 file(s)
[2026-01-25 20:22:57] INFO: [PIPELINE] args: office=H state=OH district=07
[2026-01-25 20:22:57] INFO: [PIPELINE] WINPROB_DIR resolved to: /home/ubuntu/apps/election-app/win_prob/H/OH/07
[2026-01-25 20:22:57] INFO: [PIPELINE] OUTDIR set to: /home/ubuntu/apps/election-app/win_prob/H/OH/07

$ /home/ubuntu/.venv/bin/python3 /home/ubuntu/apps/election-app/stats/1-statewide.py --input /home/ubuntu/apps/election-app/win_prob/H/OH/07/stats.csv --output /home/ubuntu/apps/election-app/win_prob/H/OH/07/_work/stats_with_statewide.csv
Wrote /home/ubuntu/apps/election-app/win_prob/H/OH/07/_work/stats_with_statewide.csv (rows=4)

$ /home/ubuntu/.venv/bin/python3 /home/ubuntu/apps/election-app/stats/1-stats-2.py --input /home/ubuntu/apps/election-app/win_prob/H/OH/07/stats2.csv --output /home/ubuntu/apps/election-app/win_prob/H/OH/07/_work/stats2_final_headers.csv
Wrote /home/ubuntu/apps/election-app/win_prob/H/OH/07/_work/stats2_final_headers.csv (rows=4)

$ /home/ubuntu/.venv/bin/python3 /home/ubuntu/apps/election-app/stats/1-append-new.py
Wrote 2024_county_results_with_final-old.csv (rows=4, missing_final_matches=0)

$ /home/ubuntu/.venv/bin/python3 /home/ubuntu/apps/election-app/stats/1-change_header.py
Wrote: 2024_county_results_with_final.csv

$ /home/ubuntu/.venv/bin/python3 /home/ubuntu/apps/election-app/stats/1-cut-zero-fips.py
Wrote: 2024_county_results_with_final_1.csv
Rows before: 4
Rows after:  4
Dropped (fips == 0): 0

$ /home/ubuntu/.venv/bin/python3 /home/ubuntu/apps/election-app/stats/2-calc.py
Wrote 4 rows with calculations to /home/ubuntu/apps/election-app/win_prob/H/OH/07/_work/2024_county_results_with_calcs-old.csv

$ /home/ubuntu/.venv/bin/python3 /home/ubuntu/apps/election-app/stats/2-eevp.py
Wrote (no-op copy): 2024_county_results_with_calcs.csv
Columns:
 - timestamp
 - state
 - county
 - fips
 - trump_votes
 - harris_votes
 - other_votes
 - eevp
 - state_eevp
 - harris_votes_statewide
 - trump_votes_statewide
 - other_votes_statewide
 - final_state
 - final_county
 - final_fips
 - final_trump_votes
 - final_harris_votes
 - final_other_votes
 - harris_percent_snapshot
 - trump_percent_snapshot
 - margin_snapshot
 - harris_percent_final
 - trump_percent_final
 - margin_final
 - margin_difference
 - margin_difference_abs

$ /home/ubuntu/.venv/bin/python3 /home/ubuntu/apps/election-app/stats/3-calc-new.py
Wrote 4 rows with new columns to /home/ubuntu/apps/election-app/win_prob/H/OH/07/_work/2024_county_results_with_calcs_new.csv

$ /home/ubuntu/.venv/bin/python3 /home/ubuntu/apps/election-app/stats/4-stats.py
Reading 2024_county_results_with_calcs_new.csv...
Aggregating statewide totals...
Calculating percentages and margins...
Writing to output_statewide_stats.csv...
Done!
[2026-01-25 20:23:06] INFO: [PIPELINE] ENTER win-prob generation | states=['OH'] ts_list=['2024-11-05T15-30-22']

============================================================================
[01/1] STATE = OH
============================================================================

$ /home/ubuntu/.venv/bin/python3 /home/ubuntu/apps/election-app/stats/5-snapshots.py --state OH --input /home/ubuntu/apps/election-app/win_prob/H/OH/07/_work/output_statewide_stats.csv --output /home/ubuntu/apps/election-app/win_prob/H/OH/07/snapshots_OH.csv --start 2024-11-05T15-30-22 --end 2024-11-05T15-30-22 --use-window 1 --interval 30
Mode: windowed-one-state
Rows written: 4
Distinct states in output: OH
Rows per normalized timestamp (empty = unparseable):
  2024-11-05T15-30-22: 4
Wrote /home/ubuntu/apps/election-app/win_prob/H/OH/07/snapshots_OH.csv

$ /home/ubuntu/.venv/bin/python3 /home/ubuntu/apps/election-app/stats/6-pval.py /home/ubuntu/apps/election-app/win_prob/H/OH/07/snapshots_OH.csv -t /home/ubuntu/apps/election-app/stats/parameters.csv -o /home/ubuntu/apps/election-app/win_prob/H/OH/07/data_output_OH.csv -c 50
Done. Wrote: /home/ubuntu/apps/election-app/win_prob/H/OH/07/data_output_OH.csv
Total rows: 4 (chunked, resumable).
Computed columns for PVALS = [0.01, 0.1, 1, 2, 3, 5, 10, 15, 20, 25, 30, 35, 40, 45, 50, 55, 60, 65, 70, 75, 80, 85, 90, 95, 97, 98, 99, 99.9, 99.99]
Per p (leader): shift_{p}, margin_new_{p}, harris_percent_new_{p}, trump_percent_new_{p}, total_snapshot_{p}, total_expected_{p}, harris_votes_new_{p}, trump_votes_new_{p}
Per p (trailing): shift_trailing_{p}, margin_new_{p}_trailing, harris_percent_new_{p}_trailing, trump_percent_new_{p}_trailing, total_snapshot_{p}_trailing, total_expected_{p}_trailing, harris_votes_new_{p}_trailing, trump_votes_new_{p}_trailing
Checkpoint saved at: /home/ubuntu/apps/election-app/win_prob/H/OH/07/data_output_OH.csv.checkpoint.json

$ /home/ubuntu/.venv/bin/python3 /home/ubuntu/apps/election-app/stats/7-margin-new.py
Wrote data_output_with_margins_old.csv

$ /home/ubuntu/.venv/bin/python3 /home/ubuntu/apps/election-app/stats/7-eevp-statewide.py
Wrote data_output_with_margins.csv (copied from data_output_with_margins_old.csv)

$ /home/ubuntu/.venv/bin/python3 /home/ubuntu/apps/election-app/stats/7.py --input /home/ubuntu/apps/election-app/win_prob/H/OH/07/data_output_OH_with_margins_statewide_eevp.csv --output /home/ubuntu/apps/election-app/win_prob/H/OH/07/statewide_margin_pct_vs_percent_OH_2026.png --state OH --start 2024-11-05T15-30-22 --end 2024-11-05T15-30-22 --stats /home/ubuntu/apps/election-app/win_prob/H/OH/07/stats.csv --stats2 /home/ubuntu/apps/election-app/win_prob/H/OH/07/stats2.csv --interval 30 --year 2026 --jsonl /home/ubuntu/apps/election-app/win_prob/H/OH/07/plotdata_OH_2026_2026-01-25T20-22-57.jsonl
[info] evaluating 1 timestamps from 2024-11-05T15-30-22 to 2024-11-05T15-30-22 every 30 minutes
[saved] probs_timeseries_OH.csv  (1 points)
[saved] /home/ubuntu/apps/election-app/win_prob/H/OH/07/plotdata_OH_2026_2026-01-25T20-22-57.jsonl  (4 points)
[saved] /home/ubuntu/apps/election-app/win_prob/H/OH/07/statewide_margin_pct_vs_percent_OH_2026_box.json
[saved] /home/ubuntu/apps/election-app/win_prob/H/OH/07/statewide_margin_pct_vs_percent_OH_2026_box.png
[saved] /home/ubuntu/apps/election-app/win_prob/H/OH/07/statewide_margin_pct_vs_percent_OH_2026.png

All 50 states complete. See: /home/ubuntu/apps/election-app/win_prob/H/OH/07

$ /home/ubuntu/.venv/bin/python3 /home/ubuntu/apps/election-app/stats/8.py --root /home/ubuntu/apps/election-app/win_prob/H/OH/07/_work --outdir /home/ubuntu/apps/election-app/win_prob/H/OH/07
[info] root  = /home/ubuntu/apps/election-app/win_prob/H/OH/07/_work
[info] outdir= /home/ubuntu/apps/election-app/win_prob/H/OH/07
[deleted] /home/ubuntu/apps/election-app/win_prob/H/OH/07/_work/stats_with_statewide.csv
[deleted] /home/ubuntu/apps/election-app/win_prob/H/OH/07/_work/stats2_final_headers.csv
[deleted] /home/ubuntu/apps/election-app/win_prob/H/OH/07/_work/2024_county_results_with_final-old.csv
[deleted] /home/ubuntu/apps/election-app/win_prob/H/OH/07/_work/2024_county_results_with_final.csv
[deleted] /home/ubuntu/apps/election-app/win_prob/H/OH/07/_work/2024_county_results_with_final_1.csv
[deleted] /home/ubuntu/apps/election-app/win_prob/H/OH/07/_work/2024_county_results_with_calcs-old.csv
[deleted] /home/ubuntu/apps/election-app/win_prob/H/OH/07/_work/2024_county_results_with_calcs_new.csv
[deleted] /home/ubuntu/apps/election-app/win_prob/H/OH/07/_work/output_statewide_stats.csv
[skip]    /home/ubuntu/apps/election-app/win_prob/H/OH/07/_work/probs_timeseries_PA.csv
[deleted] /home/ubuntu/apps/election-app/win_prob/H/OH/07/_work/2024_county_results_with_calcs.csv
[skip]    /home/ubuntu/apps/election-app/win_prob/H/OH/07/data_output.csv
[skip]    /home/ubuntu/apps/election-app/win_prob/H/OH/07/data_output_with_margins_old.csv
[skip]    /home/ubuntu/apps/election-app/win_prob/H/OH/07/data_output_with_margins.csv
[skip]    /home/ubuntu/apps/election-app/win_prob/H/OH/07/data_output_with_margins-statewide.csv
[deleted] /home/ubuntu/apps/election-app/win_prob/H/OH/07/snapshots_OH.csv
[deleted] /home/ubuntu/apps/election-app/win_prob/H/OH/07/data_output_OH.csv
[deleted] /home/ubuntu/apps/election-app/win_prob/H/OH/07/data_output_OH_with_margins_statewide_eevp.csv
[deleted] /home/ubuntu/apps/election-app/win_prob/H/OH/07/data_output_OH_with_margins.csv
[deleted] /home/ubuntu/apps/election-app/win_prob/H/OH/07/data_output_OH.csv.checkpoint.json
[deleted] /home/ubuntu/apps/election-app/win_prob/H/OH/07/stats.csv
[deleted] /home/ubuntu/apps/election-app/win_prob/H/OH/07/stats2.csv
[done] removed 16 file(s)
[2026-01-25 20:29:39] INFO: [PIPELINE] args: office=H state=OH district=07
[2026-01-25 20:29:39] INFO: [PIPELINE] WINPROB_DIR resolved to: /home/ubuntu/apps/election-app/win_prob/H/OH/07
[2026-01-25 20:29:39] INFO: [PIPELINE] OUTDIR set to: /home/ubuntu/apps/election-app/win_prob/H/OH/07

$ /home/ubuntu/.venv/bin/python3 /home/ubuntu/apps/election-app/stats/1-statewide.py --input /home/ubuntu/apps/election-app/win_prob/H/OH/07/stats.csv --output /home/ubuntu/apps/election-app/win_prob/H/OH/07/_work/stats_with_statewide.csv
Wrote /home/ubuntu/apps/election-app/win_prob/H/OH/07/_work/stats_with_statewide.csv (rows=4)

$ /home/ubuntu/.venv/bin/python3 /home/ubuntu/apps/election-app/stats/1-stats-2.py --input /home/ubuntu/apps/election-app/win_prob/H/OH/07/stats2.csv --output /home/ubuntu/apps/election-app/win_prob/H/OH/07/_work/stats2_final_headers.csv
Wrote /home/ubuntu/apps/election-app/win_prob/H/OH/07/_work/stats2_final_headers.csv (rows=4)

$ /home/ubuntu/.venv/bin/python3 /home/ubuntu/apps/election-app/stats/1-append-new.py
Wrote 2024_county_results_with_final-old.csv (rows=4, missing_final_matches=0)

$ /home/ubuntu/.venv/bin/python3 /home/ubuntu/apps/election-app/stats/1-change_header.py
Wrote: 2024_county_results_with_final.csv

$ /home/ubuntu/.venv/bin/python3 /home/ubuntu/apps/election-app/stats/1-cut-zero-fips.py
Wrote: 2024_county_results_with_final_1.csv
Rows before: 4
Rows after:  4
Dropped (fips == 0): 0

$ /home/ubuntu/.venv/bin/python3 /home/ubuntu/apps/election-app/stats/2-calc.py
Wrote 4 rows with calculations to /home/ubuntu/apps/election-app/win_prob/H/OH/07/_work/2024_county_results_with_calcs-old.csv

$ /home/ubuntu/.venv/bin/python3 /home/ubuntu/apps/election-app/stats/2-eevp.py
Wrote (no-op copy): 2024_county_results_with_calcs.csv
Columns:
 - timestamp
 - state
 - county
 - fips
 - trump_votes
 - harris_votes
 - other_votes
 - eevp
 - state_eevp
 - harris_votes_statewide
 - trump_votes_statewide
 - other_votes_statewide
 - final_state
 - final_county
 - final_fips
 - final_trump_votes
 - final_harris_votes
 - final_other_votes
 - harris_percent_snapshot
 - trump_percent_snapshot
 - margin_snapshot
 - harris_percent_final
 - trump_percent_final
 - margin_final
 - margin_difference
 - margin_difference_abs

$ /home/ubuntu/.venv/bin/python3 /home/ubuntu/apps/election-app/stats/3-calc-new.py
Wrote 4 rows with new columns to /home/ubuntu/apps/election-app/win_prob/H/OH/07/_work/2024_county_results_with_calcs_new.csv

$ /home/ubuntu/.venv/bin/python3 /home/ubuntu/apps/election-app/stats/4-stats.py
Reading 2024_county_results_with_calcs_new.csv...
Aggregating statewide totals...
Calculating percentages and margins...
Writing to output_statewide_stats.csv...
Done!
[2026-01-25 20:29:48] INFO: [PIPELINE] ENTER win-prob generation | states=['OH'] ts_list=['2024-11-05T15-30-22']

============================================================================
[01/1] STATE = OH
============================================================================

$ /home/ubuntu/.venv/bin/python3 /home/ubuntu/apps/election-app/stats/5-snapshots.py --state OH --input /home/ubuntu/apps/election-app/win_prob/H/OH/07/_work/output_statewide_stats.csv --output /home/ubuntu/apps/election-app/win_prob/H/OH/07/snapshots_OH.csv --start 2024-11-05T15-30-22 --end 2024-11-05T15-30-22 --use-window 1 --interval 30
Mode: windowed-one-state
Rows written: 4
Distinct states in output: OH
Rows per normalized timestamp (empty = unparseable):
  2024-11-05T15-30-22: 4
Wrote /home/ubuntu/apps/election-app/win_prob/H/OH/07/snapshots_OH.csv

$ /home/ubuntu/.venv/bin/python3 /home/ubuntu/apps/election-app/stats/6-pval.py /home/ubuntu/apps/election-app/win_prob/H/OH/07/snapshots_OH.csv -t /home/ubuntu/apps/election-app/stats/parameters.csv -o /home/ubuntu/apps/election-app/win_prob/H/OH/07/data_output_OH.csv -c 50
Done. Wrote: /home/ubuntu/apps/election-app/win_prob/H/OH/07/data_output_OH.csv
Total rows: 4 (chunked, resumable).
Computed columns for PVALS = [0.01, 0.1, 1, 2, 3, 5, 10, 15, 20, 25, 30, 35, 40, 45, 50, 55, 60, 65, 70, 75, 80, 85, 90, 95, 97, 98, 99, 99.9, 99.99]
Per p (leader): shift_{p}, margin_new_{p}, harris_percent_new_{p}, trump_percent_new_{p}, total_snapshot_{p}, total_expected_{p}, harris_votes_new_{p}, trump_votes_new_{p}
Per p (trailing): shift_trailing_{p}, margin_new_{p}_trailing, harris_percent_new_{p}_trailing, trump_percent_new_{p}_trailing, total_snapshot_{p}_trailing, total_expected_{p}_trailing, harris_votes_new_{p}_trailing, trump_votes_new_{p}_trailing
Checkpoint saved at: /home/ubuntu/apps/election-app/win_prob/H/OH/07/data_output_OH.csv.checkpoint.json

$ /home/ubuntu/.venv/bin/python3 /home/ubuntu/apps/election-app/stats/7-margin-new.py
Wrote data_output_with_margins_old.csv

$ /home/ubuntu/.venv/bin/python3 /home/ubuntu/apps/election-app/stats/7-eevp-statewide.py
Wrote data_output_with_margins.csv (copied from data_output_with_margins_old.csv)

$ /home/ubuntu/.venv/bin/python3 /home/ubuntu/apps/election-app/stats/7.py --input /home/ubuntu/apps/election-app/win_prob/H/OH/07/data_output_OH_with_margins_statewide_eevp.csv --output /home/ubuntu/apps/election-app/win_prob/H/OH/07/statewide_margin_pct_vs_percent_OH_2026.png --state OH --start 2024-11-05T15-30-22 --end 2024-11-05T15-30-22 --stats /home/ubuntu/apps/election-app/win_prob/H/OH/07/stats.csv --stats2 /home/ubuntu/apps/election-app/win_prob/H/OH/07/stats2.csv --interval 30 --year 2026 --jsonl /home/ubuntu/apps/election-app/win_prob/H/OH/07/plotdata_OH_2026_2026-01-25T20-29-39.jsonl
[info] evaluating 1 timestamps from 2024-11-05T15-30-22 to 2024-11-05T15-30-22 every 30 minutes
[saved] probs_timeseries_OH.csv  (1 points)
[saved] /home/ubuntu/apps/election-app/win_prob/H/OH/07/plotdata_OH_2026_2026-01-25T20-29-39.jsonl  (4 points)
[saved] /home/ubuntu/apps/election-app/win_prob/H/OH/07/statewide_margin_pct_vs_percent_OH_2026_box.json
[saved] /home/ubuntu/apps/election-app/win_prob/H/OH/07/statewide_margin_pct_vs_percent_OH_2026_box.png
[saved] /home/ubuntu/apps/election-app/win_prob/H/OH/07/statewide_margin_pct_vs_percent_OH_2026.png

All 50 states complete. See: /home/ubuntu/apps/election-app/win_prob/H/OH/07

$ /home/ubuntu/.venv/bin/python3 /home/ubuntu/apps/election-app/stats/8.py --root /home/ubuntu/apps/election-app/win_prob/H/OH/07/_work --outdir /home/ubuntu/apps/election-app/win_prob/H/OH/07
[info] root  = /home/ubuntu/apps/election-app/win_prob/H/OH/07/_work
[info] outdir= /home/ubuntu/apps/election-app/win_prob/H/OH/07
[deleted] /home/ubuntu/apps/election-app/win_prob/H/OH/07/_work/stats_with_statewide.csv
[deleted] /home/ubuntu/apps/election-app/win_prob/H/OH/07/_work/stats2_final_headers.csv
[deleted] /home/ubuntu/apps/election-app/win_prob/H/OH/07/_work/2024_county_results_with_final-old.csv
[deleted] /home/ubuntu/apps/election-app/win_prob/H/OH/07/_work/2024_county_results_with_final.csv
[deleted] /home/ubuntu/apps/election-app/win_prob/H/OH/07/_work/2024_county_results_with_final_1.csv
[deleted] /home/ubuntu/apps/election-app/win_prob/H/OH/07/_work/2024_county_results_with_calcs-old.csv
[deleted] /home/ubuntu/apps/election-app/win_prob/H/OH/07/_work/2024_county_results_with_calcs_new.csv
[deleted] /home/ubuntu/apps/election-app/win_prob/H/OH/07/_work/output_statewide_stats.csv
[skip]    /home/ubuntu/apps/election-app/win_prob/H/OH/07/_work/probs_timeseries_PA.csv
[deleted] /home/ubuntu/apps/election-app/win_prob/H/OH/07/_work/2024_county_results_with_calcs.csv
[skip]    /home/ubuntu/apps/election-app/win_prob/H/OH/07/data_output.csv
[skip]    /home/ubuntu/apps/election-app/win_prob/H/OH/07/data_output_with_margins_old.csv
[skip]    /home/ubuntu/apps/election-app/win_prob/H/OH/07/data_output_with_margins.csv
[skip]    /home/ubuntu/apps/election-app/win_prob/H/OH/07/data_output_with_margins-statewide.csv
[deleted] /home/ubuntu/apps/election-app/win_prob/H/OH/07/snapshots_OH.csv
[deleted] /home/ubuntu/apps/election-app/win_prob/H/OH/07/data_output_OH.csv
[deleted] /home/ubuntu/apps/election-app/win_prob/H/OH/07/data_output_OH_with_margins_statewide_eevp.csv
[deleted] /home/ubuntu/apps/election-app/win_prob/H/OH/07/data_output_OH_with_margins.csv
[deleted] /home/ubuntu/apps/election-app/win_prob/H/OH/07/data_output_OH.csv.checkpoint.json
[deleted] /home/ubuntu/apps/election-app/win_prob/H/OH/07/stats.csv
[deleted] /home/ubuntu/apps/election-app/win_prob/H/OH/07/stats2.csv
[done] removed 16 file(s)
[2026-01-25 20:35:21] INFO: [PIPELINE] args: office=H state=OH district=07
[2026-01-25 20:35:21] INFO: [PIPELINE] WINPROB_DIR resolved to: /home/ubuntu/apps/election-app/win_prob/H/OH/07
[2026-01-25 20:35:21] INFO: [PIPELINE] OUTDIR set to: /home/ubuntu/apps/election-app/win_prob/H/OH/07

$ /home/ubuntu/.venv/bin/python3 /home/ubuntu/apps/election-app/stats/1-statewide.py --input /home/ubuntu/apps/election-app/win_prob/H/OH/07/stats.csv --output /home/ubuntu/apps/election-app/win_prob/H/OH/07/_work/stats_with_statewide.csv
Wrote /home/ubuntu/apps/election-app/win_prob/H/OH/07/_work/stats_with_statewide.csv (rows=4)

$ /home/ubuntu/.venv/bin/python3 /home/ubuntu/apps/election-app/stats/1-stats-2.py --input /home/ubuntu/apps/election-app/win_prob/H/OH/07/stats2.csv --output /home/ubuntu/apps/election-app/win_prob/H/OH/07/_work/stats2_final_headers.csv
Wrote /home/ubuntu/apps/election-app/win_prob/H/OH/07/_work/stats2_final_headers.csv (rows=4)

$ /home/ubuntu/.venv/bin/python3 /home/ubuntu/apps/election-app/stats/1-append-new.py
Wrote 2024_county_results_with_final-old.csv (rows=4, missing_final_matches=0)

$ /home/ubuntu/.venv/bin/python3 /home/ubuntu/apps/election-app/stats/1-change_header.py
Wrote: 2024_county_results_with_final.csv

$ /home/ubuntu/.venv/bin/python3 /home/ubuntu/apps/election-app/stats/1-cut-zero-fips.py
Wrote: 2024_county_results_with_final_1.csv
Rows before: 4
Rows after:  4
Dropped (fips == 0): 0

$ /home/ubuntu/.venv/bin/python3 /home/ubuntu/apps/election-app/stats/2-calc.py
Wrote 4 rows with calculations to /home/ubuntu/apps/election-app/win_prob/H/OH/07/_work/2024_county_results_with_calcs-old.csv

$ /home/ubuntu/.venv/bin/python3 /home/ubuntu/apps/election-app/stats/2-eevp.py
Wrote (no-op copy): 2024_county_results_with_calcs.csv
Columns:
 - timestamp
 - state
 - county
 - fips
 - trump_votes
 - harris_votes
 - other_votes
 - eevp
 - state_eevp
 - harris_votes_statewide
 - trump_votes_statewide
 - other_votes_statewide
 - final_state
 - final_county
 - final_fips
 - final_trump_votes
 - final_harris_votes
 - final_other_votes
 - harris_percent_snapshot
 - trump_percent_snapshot
 - margin_snapshot
 - harris_percent_final
 - trump_percent_final
 - margin_final
 - margin_difference
 - margin_difference_abs

$ /home/ubuntu/.venv/bin/python3 /home/ubuntu/apps/election-app/stats/3-calc-new.py
Wrote 4 rows with new columns to /home/ubuntu/apps/election-app/win_prob/H/OH/07/_work/2024_county_results_with_calcs_new.csv

$ /home/ubuntu/.venv/bin/python3 /home/ubuntu/apps/election-app/stats/4-stats.py
Reading 2024_county_results_with_calcs_new.csv...
Aggregating statewide totals...
Calculating percentages and margins...
Writing to output_statewide_stats.csv...
Done!
[2026-01-25 20:35:31] INFO: [PIPELINE] ENTER win-prob generation | states=['OH'] ts_list=['2024-11-05T15-30-22']

============================================================================
[01/1] STATE = OH
============================================================================

$ /home/ubuntu/.venv/bin/python3 /home/ubuntu/apps/election-app/stats/5-snapshots.py --state OH --input /home/ubuntu/apps/election-app/win_prob/H/OH/07/_work/output_statewide_stats.csv --output /home/ubuntu/apps/election-app/win_prob/H/OH/07/snapshots_OH.csv --start 2024-11-05T15-30-22 --end 2024-11-05T15-30-22 --use-window 1 --interval 30
Mode: windowed-one-state
Rows written: 4
Distinct states in output: OH
Rows per normalized timestamp (empty = unparseable):
  2024-11-05T15-30-22: 4
Wrote /home/ubuntu/apps/election-app/win_prob/H/OH/07/snapshots_OH.csv

$ /home/ubuntu/.venv/bin/python3 /home/ubuntu/apps/election-app/stats/6-pval.py /home/ubuntu/apps/election-app/win_prob/H/OH/07/snapshots_OH.csv -t /home/ubuntu/apps/election-app/stats/parameters.csv -o /home/ubuntu/apps/election-app/win_prob/H/OH/07/data_output_OH.csv -c 50
Done. Wrote: /home/ubuntu/apps/election-app/win_prob/H/OH/07/data_output_OH.csv
Total rows: 4 (chunked, resumable).
Computed columns for PVALS = [0.01, 0.1, 1, 2, 3, 5, 10, 15, 20, 25, 30, 35, 40, 45, 50, 55, 60, 65, 70, 75, 80, 85, 90, 95, 97, 98, 99, 99.9, 99.99]
Per p (leader): shift_{p}, margin_new_{p}, harris_percent_new_{p}, trump_percent_new_{p}, total_snapshot_{p}, total_expected_{p}, harris_votes_new_{p}, trump_votes_new_{p}
Per p (trailing): shift_trailing_{p}, margin_new_{p}_trailing, harris_percent_new_{p}_trailing, trump_percent_new_{p}_trailing, total_snapshot_{p}_trailing, total_expected_{p}_trailing, harris_votes_new_{p}_trailing, trump_votes_new_{p}_trailing
Checkpoint saved at: /home/ubuntu/apps/election-app/win_prob/H/OH/07/data_output_OH.csv.checkpoint.json

$ /home/ubuntu/.venv/bin/python3 /home/ubuntu/apps/election-app/stats/7-margin-new.py
Wrote data_output_with_margins_old.csv

$ /home/ubuntu/.venv/bin/python3 /home/ubuntu/apps/election-app/stats/7-eevp-statewide.py
Wrote data_output_with_margins.csv (copied from data_output_with_margins_old.csv)

$ /home/ubuntu/.venv/bin/python3 /home/ubuntu/apps/election-app/stats/7.py --input /home/ubuntu/apps/election-app/win_prob/H/OH/07/data_output_OH_with_margins_statewide_eevp.csv --output /home/ubuntu/apps/election-app/win_prob/H/OH/07/statewide_margin_pct_vs_percent_OH_2026.png --state OH --start 2024-11-05T15-30-22 --end 2024-11-05T15-30-22 --stats /home/ubuntu/apps/election-app/win_prob/H/OH/07/stats.csv --stats2 /home/ubuntu/apps/election-app/win_prob/H/OH/07/stats2.csv --interval 30 --year 2026 --jsonl /home/ubuntu/apps/election-app/win_prob/H/OH/07/plotdata_OH_2026_2026-01-25T20-35-21.jsonl
[info] evaluating 1 timestamps from 2024-11-05T15-30-22 to 2024-11-05T15-30-22 every 30 minutes
[saved] probs_timeseries_OH.csv  (1 points)
[saved] /home/ubuntu/apps/election-app/win_prob/H/OH/07/plotdata_OH_2026_2026-01-25T20-35-21.jsonl  (4 points)
[saved] /home/ubuntu/apps/election-app/win_prob/H/OH/07/statewide_margin_pct_vs_percent_OH_2026_box.json
[saved] /home/ubuntu/apps/election-app/win_prob/H/OH/07/statewide_margin_pct_vs_percent_OH_2026_box.png
[saved] /home/ubuntu/apps/election-app/win_prob/H/OH/07/statewide_margin_pct_vs_percent_OH_2026.png

All 50 states complete. See: /home/ubuntu/apps/election-app/win_prob/H/OH/07

$ /home/ubuntu/.venv/bin/python3 /home/ubuntu/apps/election-app/stats/8.py --root /home/ubuntu/apps/election-app/win_prob/H/OH/07/_work --outdir /home/ubuntu/apps/election-app/win_prob/H/OH/07
[info] root  = /home/ubuntu/apps/election-app/win_prob/H/OH/07/_work
[info] outdir= /home/ubuntu/apps/election-app/win_prob/H/OH/07
[deleted] /home/ubuntu/apps/election-app/win_prob/H/OH/07/_work/stats_with_statewide.csv
[deleted] /home/ubuntu/apps/election-app/win_prob/H/OH/07/_work/stats2_final_headers.csv
[deleted] /home/ubuntu/apps/election-app/win_prob/H/OH/07/_work/2024_county_results_with_final-old.csv
[deleted] /home/ubuntu/apps/election-app/win_prob/H/OH/07/_work/2024_county_results_with_final.csv
[deleted] /home/ubuntu/apps/election-app/win_prob/H/OH/07/_work/2024_county_results_with_final_1.csv
[deleted] /home/ubuntu/apps/election-app/win_prob/H/OH/07/_work/2024_county_results_with_calcs-old.csv
[deleted] /home/ubuntu/apps/election-app/win_prob/H/OH/07/_work/2024_county_results_with_calcs_new.csv
[deleted] /home/ubuntu/apps/election-app/win_prob/H/OH/07/_work/output_statewide_stats.csv
[skip]    /home/ubuntu/apps/election-app/win_prob/H/OH/07/_work/probs_timeseries_PA.csv
[deleted] /home/ubuntu/apps/election-app/win_prob/H/OH/07/_work/2024_county_results_with_calcs.csv
[skip]    /home/ubuntu/apps/election-app/win_prob/H/OH/07/data_output.csv
[skip]    /home/ubuntu/apps/election-app/win_prob/H/OH/07/data_output_with_margins_old.csv
[skip]    /home/ubuntu/apps/election-app/win_prob/H/OH/07/data_output_with_margins.csv
[skip]    /home/ubuntu/apps/election-app/win_prob/H/OH/07/data_output_with_margins-statewide.csv
[deleted] /home/ubuntu/apps/election-app/win_prob/H/OH/07/snapshots_OH.csv
[deleted] /home/ubuntu/apps/election-app/win_prob/H/OH/07/data_output_OH.csv
[deleted] /home/ubuntu/apps/election-app/win_prob/H/OH/07/data_output_OH_with_margins_statewide_eevp.csv
[deleted] /home/ubuntu/apps/election-app/win_prob/H/OH/07/data_output_OH_with_margins.csv
[deleted] /home/ubuntu/apps/election-app/win_prob/H/OH/07/data_output_OH.csv.checkpoint.json
[deleted] /home/ubuntu/apps/election-app/win_prob/H/OH/07/stats.csv
[deleted] /home/ubuntu/apps/election-app/win_prob/H/OH/07/stats2.csv
[done] removed 16 file(s)
[2026-02-04 17:53:31] INFO: [PIPELINE] args: office=H state=OH district=07
[2026-02-04 17:53:31] INFO: [PIPELINE] WINPROB_DIR resolved to: /home/ubuntu/apps/election-app/win_prob/H/OH/07
[2026-02-04 17:53:31] INFO: [PIPELINE] OUTDIR set to: /home/ubuntu/apps/election-app/win_prob/H/OH/07

$ /home/ubuntu/.venv/bin/python3 /home/ubuntu/apps/election-app/stats/1-statewide.py --input /home/ubuntu/apps/election-app/win_prob/H/OH/07/stats.csv --output /home/ubuntu/apps/election-app/win_prob/H/OH/07/_work/stats_with_statewide.csv
Wrote /home/ubuntu/apps/election-app/win_prob/H/OH/07/_work/stats_with_statewide.csv (rows=4)

$ /home/ubuntu/.venv/bin/python3 /home/ubuntu/apps/election-app/stats/1-stats-2.py --input /home/ubuntu/apps/election-app/win_prob/H/OH/07/stats2.csv --output /home/ubuntu/apps/election-app/win_prob/H/OH/07/_work/stats2_final_headers.csv
Wrote /home/ubuntu/apps/election-app/win_prob/H/OH/07/_work/stats2_final_headers.csv (rows=4)

$ /home/ubuntu/.venv/bin/python3 /home/ubuntu/apps/election-app/stats/1-append-new.py
Wrote 2024_county_results_with_final-old.csv (rows=4, missing_final_matches=0)

$ /home/ubuntu/.venv/bin/python3 /home/ubuntu/apps/election-app/stats/1-change_header.py
Wrote: 2024_county_results_with_final.csv

$ /home/ubuntu/.venv/bin/python3 /home/ubuntu/apps/election-app/stats/1-cut-zero-fips.py
Wrote: 2024_county_results_with_final_1.csv
Rows before: 4
Rows after:  4
Dropped (fips == 0): 0

$ /home/ubuntu/.venv/bin/python3 /home/ubuntu/apps/election-app/stats/2-calc.py
Wrote 4 rows with calculations to /home/ubuntu/apps/election-app/win_prob/H/OH/07/_work/2024_county_results_with_calcs-old.csv

$ /home/ubuntu/.venv/bin/python3 /home/ubuntu/apps/election-app/stats/2-eevp.py
Wrote (no-op copy): 2024_county_results_with_calcs.csv
Columns:
 - timestamp
 - state
 - county
 - fips
 - trump_votes
 - harris_votes
 - other_votes
 - eevp
 - state_eevp
 - harris_votes_statewide
 - trump_votes_statewide
 - other_votes_statewide
 - final_state
 - final_county
 - final_fips
 - final_trump_votes
 - final_harris_votes
 - final_other_votes
 - harris_percent_snapshot
 - trump_percent_snapshot
 - margin_snapshot
 - harris_percent_final
 - trump_percent_final
 - margin_final
 - margin_difference
 - margin_difference_abs

$ /home/ubuntu/.venv/bin/python3 /home/ubuntu/apps/election-app/stats/3-calc-new.py
Wrote 4 rows with new columns to /home/ubuntu/apps/election-app/win_prob/H/OH/07/_work/2024_county_results_with_calcs_new.csv

$ /home/ubuntu/.venv/bin/python3 /home/ubuntu/apps/election-app/stats/4-stats.py
Reading 2024_county_results_with_calcs_new.csv...
Aggregating statewide totals...
Calculating percentages and margins...
Writing to output_statewide_stats.csv...
Done!
[2026-02-04 17:53:40] INFO: [PIPELINE] ENTER win-prob generation | states=['OH'] ts_list=['2024-11-05T15-30-22']

============================================================================
[01/1] STATE = OH
============================================================================

$ /home/ubuntu/.venv/bin/python3 /home/ubuntu/apps/election-app/stats/5-snapshots.py --state OH --input /home/ubuntu/apps/election-app/win_prob/H/OH/07/_work/output_statewide_stats.csv --output /home/ubuntu/apps/election-app/win_prob/H/OH/07/snapshots_OH.csv --start 2024-11-05T15-30-22 --end 2024-11-05T15-30-22 --use-window 1 --interval 30
Mode: windowed-one-state
Rows written: 4
Distinct states in output: OH
Rows per normalized timestamp (empty = unparseable):
  2024-11-05T15-30-22: 4
Wrote /home/ubuntu/apps/election-app/win_prob/H/OH/07/snapshots_OH.csv

$ /home/ubuntu/.venv/bin/python3 /home/ubuntu/apps/election-app/stats/6-pval.py /home/ubuntu/apps/election-app/win_prob/H/OH/07/snapshots_OH.csv -t /home/ubuntu/apps/election-app/stats/parameters.csv -o /home/ubuntu/apps/election-app/win_prob/H/OH/07/data_output_OH.csv -c 50
Done. Wrote: /home/ubuntu/apps/election-app/win_prob/H/OH/07/data_output_OH.csv
Total rows: 4 (chunked, resumable).
Computed columns for PVALS = [0.01, 0.1, 1, 2, 3, 5, 10, 15, 20, 25, 30, 35, 40, 45, 50, 55, 60, 65, 70, 75, 80, 85, 90, 95, 97, 98, 99, 99.9, 99.99]
Per p (leader): shift_{p}, margin_new_{p}, harris_percent_new_{p}, trump_percent_new_{p}, total_snapshot_{p}, total_expected_{p}, harris_votes_new_{p}, trump_votes_new_{p}
Per p (trailing): shift_trailing_{p}, margin_new_{p}_trailing, harris_percent_new_{p}_trailing, trump_percent_new_{p}_trailing, total_snapshot_{p}_trailing, total_expected_{p}_trailing, harris_votes_new_{p}_trailing, trump_votes_new_{p}_trailing
Checkpoint saved at: /home/ubuntu/apps/election-app/win_prob/H/OH/07/data_output_OH.csv.checkpoint.json

$ /home/ubuntu/.venv/bin/python3 /home/ubuntu/apps/election-app/stats/7-margin-new.py
Wrote data_output_with_margins_old.csv

$ /home/ubuntu/.venv/bin/python3 /home/ubuntu/apps/election-app/stats/7-eevp-statewide.py
Wrote data_output_with_margins.csv (copied from data_output_with_margins_old.csv)

$ /home/ubuntu/.venv/bin/python3 /home/ubuntu/apps/election-app/stats/7.py --input /home/ubuntu/apps/election-app/win_prob/H/OH/07/data_output_OH_with_margins_statewide_eevp.csv --output /home/ubuntu/apps/election-app/win_prob/H/OH/07/statewide_margin_pct_vs_percent_OH_2026.png --state OH --start 2024-11-05T15-30-22 --end 2024-11-05T15-30-22 --stats /home/ubuntu/apps/election-app/win_prob/H/OH/07/stats.csv --stats2 /home/ubuntu/apps/election-app/win_prob/H/OH/07/stats2.csv --interval 30 --year 2026 --jsonl /home/ubuntu/apps/election-app/win_prob/H/OH/07/plotdata_OH_2026_2026-02-04T17-53-31.jsonl
[info] evaluating 1 timestamps from 2024-11-05T15-30-22 to 2024-11-05T15-30-22 every 30 minutes
[saved] probs_timeseries_OH.csv  (1 points)
[saved] /home/ubuntu/apps/election-app/win_prob/H/OH/07/plotdata_OH_2026_2026-02-04T17-53-31.jsonl  (4 points)
[saved] /home/ubuntu/apps/election-app/win_prob/H/OH/07/statewide_margin_pct_vs_percent_OH_2026_box.json
[saved] /home/ubuntu/apps/election-app/win_prob/H/OH/07/statewide_margin_pct_vs_percent_OH_2026_box.png
[saved] /home/ubuntu/apps/election-app/win_prob/H/OH/07/statewide_margin_pct_vs_percent_OH_2026.png

All 50 states complete. See: /home/ubuntu/apps/election-app/win_prob/H/OH/07

$ /home/ubuntu/.venv/bin/python3 /home/ubuntu/apps/election-app/stats/8.py --root /home/ubuntu/apps/election-app/win_prob/H/OH/07/_work --outdir /home/ubuntu/apps/election-app/win_prob/H/OH/07
[info] root  = /home/ubuntu/apps/election-app/win_prob/H/OH/07/_work
[info] outdir= /home/ubuntu/apps/election-app/win_prob/H/OH/07
[deleted] /home/ubuntu/apps/election-app/win_prob/H/OH/07/_work/stats_with_statewide.csv
[deleted] /home/ubuntu/apps/election-app/win_prob/H/OH/07/_work/stats2_final_headers.csv
[deleted] /home/ubuntu/apps/election-app/win_prob/H/OH/07/_work/2024_county_results_with_final-old.csv
[deleted] /home/ubuntu/apps/election-app/win_prob/H/OH/07/_work/2024_county_results_with_final.csv
[deleted] /home/ubuntu/apps/election-app/win_prob/H/OH/07/_work/2024_county_results_with_final_1.csv
[deleted] /home/ubuntu/apps/election-app/win_prob/H/OH/07/_work/2024_county_results_with_calcs-old.csv
[deleted] /home/ubuntu/apps/election-app/win_prob/H/OH/07/_work/2024_county_results_with_calcs_new.csv
[deleted] /home/ubuntu/apps/election-app/win_prob/H/OH/07/_work/output_statewide_stats.csv
[skip]    /home/ubuntu/apps/election-app/win_prob/H/OH/07/_work/probs_timeseries_PA.csv
[deleted] /home/ubuntu/apps/election-app/win_prob/H/OH/07/_work/2024_county_results_with_calcs.csv
[skip]    /home/ubuntu/apps/election-app/win_prob/H/OH/07/data_output.csv
[skip]    /home/ubuntu/apps/election-app/win_prob/H/OH/07/data_output_with_margins_old.csv
[skip]    /home/ubuntu/apps/election-app/win_prob/H/OH/07/data_output_with_margins.csv
[skip]    /home/ubuntu/apps/election-app/win_prob/H/OH/07/data_output_with_margins-statewide.csv
[deleted] /home/ubuntu/apps/election-app/win_prob/H/OH/07/snapshots_OH.csv
[deleted] /home/ubuntu/apps/election-app/win_prob/H/OH/07/data_output_OH.csv
[deleted] /home/ubuntu/apps/election-app/win_prob/H/OH/07/data_output_OH_with_margins_statewide_eevp.csv
[deleted] /home/ubuntu/apps/election-app/win_prob/H/OH/07/data_output_OH_with_margins.csv
[deleted] /home/ubuntu/apps/election-app/win_prob/H/OH/07/data_output_OH.csv.checkpoint.json
[deleted] /home/ubuntu/apps/election-app/win_prob/H/OH/07/stats.csv
[deleted] /home/ubuntu/apps/election-app/win_prob/H/OH/07/stats2.csv
[done] removed 16 file(s)
